t,p,q,r,ax,ay,az,roll_k,roll,pitch_k,pitch,yaw,vn,ve,vd,basinc,alt_hata,hiz_hata,ariza
0.1,1.187,-0.008,-0.048,-0.8237586,-0.0196133,9.34573745,39.0499992371,-11.9616756439,-4.2999997139,0.797830879688,-70.1561889648,5.43528413773,-20.5693893433,-1.26498746872,97497.8881836,-0.299999982119,-681.6484375,False
0.2,1.062,0.001,-0.015,-1.1179581,-0.1765197,11.0422879,40.7599983215,2.86309146881,-4.61999988556,0.183815330267,-71.0142974854,5.50340127945,-20.4153308868,-1.31556892395,97497.8881836,-0.42999997735,-684.812133789,False
0.30000000000000004,1.062,0.001,-0.015,-1.1179581,-0.1765197,11.0422879,43.3899993896,2.86309146881,-6.94000005722,0.183815330267,-71.0142974854,5.72024536133,-20.144739151,-1.34174215794,97485.8642578,-0.569999992847,-684.812133789,False
0.4,0.796,0.083,0.02,-1.372931,0.3530394,8.5710121,42.5699996948,2.86309146881,-9.19999980927,0.183815330267,-71.0142974854,5.95204591751,-19.9070682526,-1.20688581467,97479.7973633,-0.699999988079,-571.916564941,False
0.5,0.796,0.083,0.02,-1.372931,0.3530394,8.5710121,41.6199989319,2.86309146881,-11.3199996948,0.183815330267,-71.0142974854,6.13712835312,-19.7234096527,-1.05575203896,97479.7973633,-0.829999983311,-571.916564941,False
0.6000000000000001,0.48,0.093,-0.06,-1.3533177,0.53936575,7.87473995,40.6699981689,2.86309146881,-13.3699998856,0.183815330267,-71.0142974854,6.32144212723,-19.5353031158,-0.842754662037,97476.6296387,-0.949999988079,-543.12689209,False
0.7000000000000001,0.248,0.103,-0.184,-1.4513842,0.5295591,5.7663102,39.6399993896,27.1075782776,-15.2999992371,-1.26719081402,-71.1456604004,6.5866150856,-19.2625656128,-0.426433146,97469.6838379,-1.06999993324,-543.12689209,False
0.8,0.177,0.12,-0.22,-1.5102241,0.34323275,4.77583855,38.6499977112,27.1075782776,-17.0100002289,-1.26719081402,-71.1456604004,6.73466205597,-19.0885562897,-0.0406947769225,97468.3166504,-1.13999998569,-507.498931885,False
0.9,0.177,0.12,-0.22,-1.5102241,0.34323275,4.77583855,37.75,27.1075782776,-18.5,-1.26719081402,-71.1456604004,6.93069028854,-18.7957324982,0.720989048481,97468.3166504,-1.17999994755,-507.498931885,False
1.0,0.23,0.125,-0.299,-1.99074995,0.4118793,5.36423755,36.8899993896,27.1075782776,-19.7999992371,-1.26719081402,-71.1456604004,7.01635599136,-18.6646270752,1.06023466587,97467.4682617,-1.15999996662,-479.901123047,False
1.1,0.224,0.125,-0.297,-1.9809433,0.5099458,5.99186315,35.8699989319,31.7054748535,-20.9300003052,-5.64133548737,-68.4891891479,7.24779081345,-18.3787269592,1.66755175591,97469.1589355,-1.10000002384,-479.901123047,False
1.2000000000000002,0.224,0.115,-0.27,-1.9221034,0.3530394,5.65843705,34.7000007629,31.7054748535,-20.6299991608,-5.64133548737,-68.4891891479,7.41270065308,-18.1851272583,2.07232952118,97469.0734863,-0.969999969006,-453.483947754,False
1.3,0.019,0.089,-0.246,-1.9809433,0.6472389,5.8643767,33.469997406,31.7054748535,-20.359998703,-5.64133548737,-68.4891891479,7.62024784088,-17.9456005096,2.57703995705,97471.887207,-0.799999952316,-453.483947754,False
1.4000000000000001,0.019,0.089,-0.246,-1.9809433,0.6472389,5.8643767,32.2000007629,35.3671875,-20.3699989319,-10.8105831146,-65.1971893311,7.83950042725,-17.7061347961,3.05611181259,97471.887207,-0.579999983311,-422.09967041,False
1.5,-0.083,0.075,-0.241,-2.18688295,0.83356525,6.5116156,30.9299983978,35.3671875,-20.4599990845,-10.8105831146,-65.1971893311,8.16434574127,-17.4046669006,3.55386376381,97471.9360352,-0.310000002384,-422.09967041,False
1.6,0.039,0.068,-0.218,-2.24572285,-0.02941995,8.0218397,29.1899986267,35.3671875,-20.5900001526,-10.8105831146,-65.1971893311,8.47179889679,-17.1901283264,3.72921419144,97475.6225586,0.00999999977648,-394.285583496,False
1.7000000000000002,0.04,0.046,-0.181,-2.2163029,0.93163175,7.75706015,27.3799991608,35.3671875,-20.5699996948,-10.8105831146,-65.1971893311,8.95104026794,-16.8340034485,4.10113620758,97482.2570801,0.699999988079,-370.471557617,False
1.8,-0.077,0.012,-0.181,-2.2555295,1.20621795,8.40429905,25.6599998474,34.3681030273,-20.6599998474,-14.9408359528,-61.70885849,9.2251291275,-16.6424808502,4.30787467957,97484.4421387,0.699999988079,-370.471557617,False
1.9000000000000001,-0.226,0.024,-0.211,-2.22610955,1.14737805,8.14932615,23.8899993896,34.3681030273,-20.9300003052,-14.9408359528,-61.70885849,9.56751441956,-16.4091949463,4.53901576996,97489.5690918,1.07999992371,-370.471557617,False
2.0,-0.289,0.04,-0.245,-2.1378497,1.1571847,6.54103555,22.1700000763,34.3681030273,-21.3699989319,-14.9408359528,-61.70885849,9.81762313843,-16.2022819519,4.86380386353,97491.4428711,1.48000001907,-382.639312744,False
2.1,-0.289,0.04,-0.245,-2.1378497,1.1571847,6.54103555,20.7399997711,30.6617469788,-21.75,-17.0812397003,-59.1612205505,10.0881090164,-15.9698438644,5.27738952637,97491.4428711,1.91999995708,-382.639312744,False
2.2,-0.236,0.022,-0.211,-2.3928226,0.5491724,7.256921,19.3899993896,30.6617469788,-21.9599990845,-17.0812397003,-59.1612205505,10.2844371796,-15.8167085648,5.50516271591,97504.1687012,2.37999987602,-374.637207031,False
2.3000000000000003,-0.236,0.022,-0.211,-2.3928226,0.5491724,7.256921,17.9499988556,30.6617469788,-22.2999992371,-17.0812397003,-59.1612205505,10.621717453,-15.5760002136,5.77011203766,97504.1687012,2.86999988556,-374.637207031,False
2.4000000000000004,-0.176,0.01,-0.206,-2.40262925,-0.18632635,8.91424485,16.3699989319,30.6617469788,-22.5199985504,-17.0812397003,-59.1612205505,10.9467735291,-15.3927154541,5.89165639877,97518.5302734,3.39999985695,-363.007354736,False
2.5,-0.163,-0.007,-0.16,-2.30456275,0.71588545,8.9632781,14.7299995422,24.7323760986,-22.7099990845,-20.2002239227,-54.2629928589,11.1743707657,-15.2701330185,5.99175024033,97524.4445801,3.9399998188,-363.007354736,False
2.6,-0.163,-0.007,-0.16,-2.30456275,0.71588545,8.9632781,13.2699995041,24.7323760986,-22.8699989319,-20.2002239227,-54.2629928589,11.527258873,-15.0740385056,6.15424251556,97524.4445801,4.48999977112,-368.886169434,False
2.7,-0.202,0.037,-0.157,-2.353596,0.7453054,8.9828914,11.75,24.7323760986,-23.1199989319,-20.2002239227,-54.2629928589,11.7533569336,-14.9661369324,6.22517204285,97536.1083984,5.05999994278,-368.886169434,False
2.8000000000000003,-0.306,0.01,-0.169,-2.40262925,0.0392266,9.30651085,10.4200000763,24.7323760986,-23.3999996185,-20.2002239227,-54.2629928589,11.9865093231,-14.8587560654,6.35006999969,97536.1083984,5.63999986649,-374.664123535,False
2.9000000000000004,-0.24,0.03,-0.179,-2.3732093,0.57859235,9.40457735,9.21000003815,20.0353927612,-23.6599998474,-21.6839237213,-51.385345459,12.266866684,-14.7511930466,6.38710975647,97548.0285645,6.23000001907,-374.664123535,False
3.0,-0.202,0.031,-0.185,-2.4320492,0.4118793,6.8842683,7.94999980927,20.0353927612,-23.9099998474,-21.6839237213,-51.385345459,12.4866771698,-14.6651926041,6.54680347443,97548.0285645,6.82999992371,-375.966644287,False
3.1,-0.202,0.031,-0.185,-2.4320492,0.4118793,6.8842683,7.11999988556,20.0353927612,-23.9899997711,-21.6839237213,-51.385345459,12.5395040512,-14.6198368073,6.65732288361,97565.4846191,7.42999982834,-375.966644287,False
3.2,-0.124,0.018,-0.171,-2.48108245,0.46091255,7.5315072,6.31999969482,20.0353927612,-24.1700000763,-21.6839237213,-51.385345459,12.6755571365,-14.5317287445,6.88807153702,97572.7722168,8.68999958038,-391.547973633,False
3.3000000000000003,-0.168,0.011,-0.067,-2.4908891,-0.3530394,8.8848249,5.51999998093,14.4740209579,-24.2399997711,-23.4066066742,-47.2749519348,12.9401378632,-14.4033937454,7.08251619339,97580.7556152,8.68999958038,-391.547973633,False
3.4000000000000004,-0.168,0.011,-0.067,-2.4908891,-0.3530394,8.8848249,4.51999998093,14.4740209579,-24.3199996948,-23.4066066742,-47.2749519348,13.0575141907,-14.3623485565,7.13252687454,97580.7556152,9.35999965668,-397.018249512,False
3.5,-0.164,0.002,0.006,-2.6281822,0.2157463,9.75761675,3.70999979973,14.4740209579,-24.4899997711,-23.4066066742,-47.2749519348,13.3445959091,-14.2838668823,7.21530008316,97599.5361328,10.0399999619,-397.018249512,False
3.6,-0.238,0.005,0.014,-2.65760215,0.7256921,7.87473995,2.95000004768,14.4740209579,-23.4899997711,-23.4066066742,-47.2749519348,13.4362306595,-14.2522592545,7.33377790451,97606.1462402,10.7199993134,-412.712097168,False
3.7,-0.238,0.005,0.014,-2.65760215,0.7256921,7.87473995,2.47000002861,10.0636358261,-21.109998703,-23.733215332,-46.8713035583,13.4899463654,-14.2455177307,7.4639749527,97606.1462402,11.4299993515,-412.712097168,False
3.8000000000000003,-0.302,-0.022,-0.059,-2.7066354,-0.06864655,8.7279185,2.23000001907,10.0636358261,-18.75,-23.733215332,-46.8713035583,13.5909175873,-14.2488002777,7.58247661591,97623.4558105,12.1399993896,-432.711975098,False
3.9000000000000004,-0.199,-0.04,-0.101,-2.745862,0.8237586,9.6889702,1.93999993801,10.0636358261,-16.4099998474,-23.733215332,-46.8713035583,13.6864519119,-14.2895107269,7.58339881897,97633.4289551,12.8699998856,-432.711975098,False
4.0,-0.199,-0.04,-0.101,-2.745862,0.8237586,9.6889702,1.79999995232,5.18994140625,-14.1099996567,-23.330450058,-45.5372962952,13.7369537354,-14.3061943054,7.70643854141,97633.4289551,14.3499994278,-437.740722656,False
4.1000000000000005,-0.042,-0.074,-0.083,-2.941995,0.93163175,8.46313895,1.70999991894,5.18994140625,-11.6999998093,-23.330450058,-45.5372962952,13.7776622772,-14.3123416901,7.78562641144,97651.8676758,14.3499994278,-437.740722656,False
4.2,-0.148,-0.146,-0.056,-2.7262487,0.5295591,8.8455983,1.56999993324,5.18994140625,-9.28999996185,-23.330450058,-45.5372962952,13.8264045715,-14.3142757416,7.86061811447,97662.0422363,15.1099996567,-457.080657959,False
4.3,-0.187,-0.179,-0.037,-2.549729,-0.1176798,9.83606995,1.45999991894,5.18994140625,-6.8799996376,-23.330450058,-45.5372962952,13.8806533813,-14.3587207794,7.83477544785,97668.359375,15.8800001144,-457.080657959,False
4.4,0.186,-0.192,0.026,-2.28494945,0.2157463,12.4936721,1.36000001431,3.1237950325,-4.61000013351,-20.3636169434,-44.2367134094,14.0801525116,-14.4882173538,7.45989608765,97681.0058594,16.6599998474,-427.264770508,False
4.5,0.186,-0.192,0.026,-2.28494945,0.2157463,12.4936721,1.12999999523,3.1237950325,-2.53999996185,-20.3636169434,-44.2367134094,14.2983560562,-14.6253108978,6.97165203094,97681.0058594,17.3999996185,-427.264770508,False
4.6000000000000005,-0.036,-0.269,0.069,-1.81423025,0.50013915,16.30845895,0.8599999547,3.1237950325,-0.75,-20.3636169434,-44.2367134094,14.5309419632,-14.7788600922,6.33111953735,97697.7539062,18.109998703,-446.945556641,False
4.7,-0.036,-0.269,0.069,-1.81423025,0.50013915,16.30845895,0.629999995232,3.1237950325,0.839999973774,-20.3636169434,-44.2367134094,14.7342119217,-14.9629983902,5.61300325394,97697.7539062,18.7600002289,-446.945556641,False
4.800000000000001,-0.314,-0.282,0.006,-1.2944778,0.6668522,16.9262779,0.620000004768,3.42244291306,2.15999984741,-15.275302887,-45.0039634705,14.8650112152,-15.1334915161,5.01813793182,97719.1223145,19.3199996948,-490.943145752,False
4.9,-0.271,-0.278,-0.007,-0.89240515,0.69627215,16.3574922,0.799999952316,3.42244291306,3.32999992371,-15.275302887,-45.0039634705,14.9935216904,-15.3527231216,4.2736287117,97730.0048828,19.8199996948,-490.943145752,False
5.0,-0.357,-0.256,-0.022,-0.89240515,0.588399,14.50403535,1.22000002861,3.42244291306,4.38000011444,-15.275302887,-45.0039634705,15.0429859161,-15.5218610764,3.8072783947,97735.1074219,20.2399997711,-560.038574219,False
5.1000000000000005,-0.162,-0.276,-0.036,-0.8825985,0.0392266,13.60182355,1.77999997139,3.42244291306,5.38999986649,-15.275302887,-45.0039634705,15.0322141647,-15.709321022,3.395434618,97746.661377,20.609998703,-560.038574219,False
5.2,-0.162,-0.276,-0.036,-0.8825985,0.0392266,13.60182355,2.46000003815,-3.08274173737,6.36999988556,-8.95126438141,-44.8265953064,14.9904518127,-15.9521455765,2.65101575851,97746.661377,20.9399986267,-597.321105957,False
5.300000000000001,0.11,-0.306,0.018,-0.392266,0.22555295,17.9265562,3.28999996185,-3.08274173737,7.11999988556,-8.95126438141,-44.8265953064,14.9559020996,-16.0837459564,2.20155286789,97755.0231934,21.2299995422,-597.321105957,False
5.4,0.039,-0.263,0.037,-0.40207265,0.0980665,17.0243444,4.28999996185,-3.08274173737,7.56999969482,-8.95126438141,-44.8265953064,14.879650116,-16.2494029999,1.43245148659,97746.3256836,21.4599990845,-623.502319336,False
5.5,0.072,-0.23,0.042,-0.40207265,0.196133,14.44519545,5.11999988556,-3.08274173737,7.90999984741,-8.95126438141,-44.8265953064,14.7782049179,-16.3621807098,0.892108201981,97766.6870117,21.6199989319,-623.502319336,False
5.6000000000000005,-0.017,-0.231,0.027,-0.1569064,0.48052585,15.34740725,5.8799996376,-2.19324040413,8.26999950409,-2.11862015724,-45.7558784485,14.6498918533,-16.4559402466,0.323041170835,97758.9599609,21.7199993134,-647.602478027,False
5.7,-0.017,-0.231,0.027,-0.1569064,0.48052585,15.34740725,6.50999975204,-2.19324040413,8.47999954224,-2.11862015724,-45.7558784485,14.492518425,-16.5514621735,-0.404642343521,97758.9599609,21.7799987793,-647.602478027,False
5.800000000000001,0.14,-0.189,0.035,0.0,0.5687857,16.6124651,7.2999997139,-2.19324040413,8.47999954224,-2.11862015724,-45.7558784485,14.4183683395,-16.5734634399,-0.828182339668,97771.307373,21.7899990082,-644.085144043,False
5.9,0.211,-0.16,0.03,-0.0392266,0.5295591,14.91591465,7.81999969482,-2.19324040413,8.26999950409,-2.11862015724,-45.7558784485,14.2434539795,-16.5760498047,-1.68237435818,97764.7216797,21.7399997711,-644.085144043,False
6.0,0.013,-0.179,0.043,0.0,0.67665885,16.01425945,8.27999973297,1.12089192867,7.94999980927,2.97596073151,-46.771194458,14.1581535339,-16.545539856,-2.1263012886,97767.1447754,21.6199989319,-624.442260742,False
6.1000000000000005,0.013,-0.179,0.043,0.0,0.67665885,16.01425945,8.51000022888,1.12089192867,7.56999969482,2.97596073151,-46.771194458,14.0675849915,-16.5168514252,-2.4382648468,97767.1447754,21.4699993134,-624.442260742,False
6.2,0.117,-0.117,-0.024,0.08825985,0.196133,12.66038515,8.80000019073,1.12089192867,7.07999992371,2.97596073151,-46.771194458,13.8921909332,-16.4200954437,-2.93345236778,97756.1645508,21.25,-601.126464844,False
6.300000000000001,0.17,-0.087,0.001,-0.0196133,0.4314926,11.76798,8.98999977112,1.12089192867,6.60999965668,2.97596073151,-46.771194458,13.7758731842,-16.3162460327,-3.19028234482,97755.3161621,21.0100002289,-601.126464844,False
6.4,0.023,-0.109,0.01,-0.0392266,0.06864655,12.71922505,9.01000022888,3.40187573433,6.10999965668,5.8664560318,-46.8926239014,13.6561288834,-16.1729030609,-3.4197947979,97755.3161621,20.7399997711,-576.547607422,False
6.5,0.023,-0.109,0.01,-0.0392266,0.06864655,12.71922505,8.89999961853,3.40187573433,5.56999969482,5.8664560318,-46.8926239014,13.5631532669,-16.0647220612,-3.55213689804,97755.3161621,20.4499988556,-576.547607422,False
6.6000000000000005,0.035,-0.063,0.012,0.0,0.22555295,13.42530385,9.19999980927,3.40187573433,5.01999998093,5.8664560318,-46.8926239014,13.4387054443,-15.9138202667,-3.87059116364,97743.8964844,20.1499996185,-557.691589355,False
6.7,0.035,-0.063,0.012,0.0,0.22555295,13.42530385,9.10999965668,3.40187573433,4.25999975204,5.8664560318,-46.8926239014,13.3500623703,-15.7898035049,-4.0613026619,97743.8964844,19.8299999237,-557.691589355,False
6.800000000000001,0.136,-0.031,0.002,-0.2745862,0.42168595,11.4933938,9.82999992371,4.42724990845,3.53999996185,7.15423488617,-47.1685905457,13.200799942,-15.5659370422,-4.25083351135,97737.902832,19.4899997711,-528.025634766,False
6.9,0.107,0.01,-0.001,-0.32361945,0.4707192,10.0223963,9.5999994278,4.42724990845,2.86999988556,7.15423488617,-47.1685905457,13.1107769012,-15.4315729141,-4.29857635498,97733.4411621,19.1499996185,-528.025634766,False
7.0,0.111,0.009,-0.021,-0.392266,0.26477955,9.62032365,9.39999961853,4.42724990845,2.16999983788,7.15423488617,-47.1685905457,13.0173997879,-15.2744703293,-4.22932434082,97726.4770508,18.7799987793,-486.560424805,False
7.1000000000000005,0.111,0.009,-0.021,-0.392266,0.26477955,9.62032365,9.13000011444,4.42724990845,1.51999998093,7.15423488617,-47.1685905457,12.9843568802,-15.2083463669,-4.1837310791,97726.4770508,18.4099998474,-486.560424805,False
7.2,-0.089,0.016,-0.072,-0.2941995,0.30400615,9.22805765,8.97999954224,4.42724990845,1.0,7.15423488617,-47.1685905457,12.8716449738,-15.0023078918,-3.94184970856,97720.7763672,18.0599994659,-451.30557251,False
7.300000000000001,0.071,0.048,-0.087,-0.34323275,0.16671305,8.9240515,12.6899995804,6.33791637421,0.409999996424,6.74169969559,-46.5261077881,12.7886447906,-14.8241567612,-3.77984809875,97707.3547363,17.7099990845,-451.30557251,False
7.4,0.19,0.063,-0.082,-0.3726527,-0.0196133,8.433719,12.3599996567,6.33791637421,-0.109999999404,6.74169969559,-46.5261077881,12.7311220169,-14.6834077835,-3.60033750534,97699.0539551,17.3899993896,-426.075378418,False
7.5,0.219,0.075,-0.065,-0.40207265,-0.0392266,7.9629998,13.5599994659,6.33791637421,-0.569999992847,6.74169969559,-46.5261077881,12.7016324997,-14.4868450165,-3.33362293243,97699.0539551,16.7799987793,-392.129882812,False
7.6000000000000005,0.219,0.075,-0.065,-0.40207265,-0.0392266,7.9629998,13.0799999237,6.33791637421,-0.989999949932,6.74169969559,-46.5261077881,12.6911830902,-14.3285045624,-3.03775525093,97695.4833984,16.7799987793,-392.129882812,False
7.7,0.13,0.085,-0.047,-0.48052585,0.08825985,7.1392412,14.3299999237,10.2053823471,-1.31999993324,4.87393569946,-45.0889778137,12.6908464432,-14.2012233734,-2.78672671318,97689.1540527,16.5,-392.129882812,False
7.800000000000001,0.111,0.086,-0.037,-0.392266,0.1372931,7.5903471,13.779999733,10.2053823471,-1.55999994278,4.87393569946,-45.0889778137,12.680685997,-14.0574111938,-2.47995758057,97686.3586426,16.2600002289,-371.677581787,False
7.9,0.111,0.086,-0.037,-0.392266,0.1372931,7.5903471,13.2399997711,10.2053823471,-1.76999998093,4.87393569946,-45.0889778137,12.6947288513,-13.9538898468,-2.30161166191,97686.3586426,16.0499992371,-371.677581787,False
8.0,0.197,0.083,-0.025,-0.4707192,-0.0588399,5.54075725,19.1599998474,12.5949010849,-1.83999991417,2.73141860962,-44.7254981995,12.7234344482,-13.7326717377,-1.53353393078,97673.4191895,15.8699998856,-341.346740723,False
8.1,0.127,0.047,-0.007,-0.6864655,0.196133,7.28634095,18.6499996185,12.5949010849,-1.73000001907,2.73141860962,-44.7254981995,12.7572860718,-13.5556211472,-1.17468178272,97673.4191895,15.7299995422,-341.346740723,False
8.200000000000001,0.002,0.048,-0.01,-0.4707192,0.3138128,7.5315072,20.3999996185,12.5949010849,-1.64999997616,2.73141860962,-44.7254981995,12.7836694717,-13.4237117767,-0.944898784161,97673.5534668,15.6300001144,-322.796051025,False
8.3,0.002,0.048,-0.01,-0.4707192,0.3138128,7.5315072,19.6700000763,12.5949010849,-1.55999994278,2.73141860962,-44.7254981995,12.826174736,-13.2852258682,-0.764824807644,97673.5534668,15.5599994659,-322.796051025,False
8.4,0.123,0.066,-0.059,-0.38245935,0.2157463,7.89435325,18.859998703,12.5949010849,-1.4699999094,2.73141860962,-44.7254981995,12.8962440491,-13.0740661621,-0.506396412849,97672.4914551,15.5099992752,-305.866241455,False
8.5,0.128,0.05,-0.074,-0.32361945,0.4314926,8.4141057,25.9300003052,15.4506664276,-1.31999993324,0.970939218998,-44.4418029785,12.9732637405,-12.8868932724,-0.295043259859,97672.8942871,15.4799995422,-305.866241455,False
8.6,0.128,0.05,-0.074,-0.32361945,0.4314926,8.4141057,25.1299991608,15.4506664276,-1.13999998569,0.970939218998,-44.4418029785,13.0896701813,-12.6655321121,-0.0796957165003,97672.8942871,15.4699993134,-285.489837646,False
8.700000000000001,0.256,0.03,-0.088,-0.38245935,0.4903325,8.54159215,29.25,15.4506664276,-0.949999988079,0.970939218998,-44.4418029785,13.1756401062,-12.5072479248,0.0532035976648,97668.5913086,15.4799995422,-285.489837646,False
8.8,0.256,0.03,-0.088,-0.38245935,0.4903325,8.54159215,28.3699989319,15.4506664276,-0.729999959469,0.970939218998,-44.4418029785,13.3331747055,-12.2653179169,0.251152336597,97668.5913086,15.5,-272.870635986,False
8.9,0.213,0.003,-0.137,-0.38245935,0.588399,8.629852,27.3799991608,20.8181591034,-0.489999979734,-0.637024343014,-42.6498603821,13.450466156,-12.0955238342,0.39475363493,97666.8273926,15.529999733,-272.870635986,False
9.0,0.213,0.003,-0.137,-0.38245935,0.588399,8.629852,33.2900009155,20.8181591034,-0.209999993443,-0.637024343014,-42.6498603821,13.5367498398,-11.9684257507,0.500635623932,97666.8273926,15.5799999237,-263.577636719,False
9.1,0.211,-0.02,-0.162,-0.16671305,0.30400615,9.2378643,32.3099975586,20.8181591034,0.0899999961257,-0.637024343014,-42.6498603821,13.7974967957,-11.6181669235,0.691609919071,97676.1779785,15.6399993896,-264.577667236,False
9.200000000000001,0.214,-0.029,-0.163,-0.0980665,0.5687857,9.20844435,31.1999988556,20.8181591034,0.409999996424,-0.637024343014,-42.6498603821,14.0026416779,-11.3615188599,0.82950758934,97671.6003418,15.7100000381,-262.050231934,False
9.3,0.219,-0.062,-0.184,-0.08825985,0.38245935,9.58109705,34.3299980164,25.7922878265,0.769999980927,-1.72568845749,-39.4158935547,14.2773399353,-11.0227928162,0.991753995419,97669.6716309,15.7999992371,-262.050231934,False
9.4,0.22,-0.035,-0.186,-0.0196133,0.5491724,9.48303055,33.1499977112,25.7922878265,1.14999997616,-1.72568845749,-39.4158935547,14.459312439,-10.7898635864,1.0809776783,97673.6877441,15.8999996185,-254.877471924,False
9.5,0.194,-0.064,-0.187,0.08825985,0.71588545,9.5516771,44.7399978638,25.7922878265,1.52999997139,-1.72568845749,-39.4158935547,14.6671142578,-10.5348892212,1.18375313282,97678.692627,16.0100002289,-254.877471924,False
9.600000000000001,0.194,-0.064,-0.187,0.08825985,0.71588545,9.5516771,44.7399978638,25.7922878265,1.97999989986,-1.72568845749,-39.4158935547,15.0506896973,-10.0663290024,1.34640085697,97678.692627,16.1299991608,-257.431976318,False
9.700000000000001,0.319,-0.136,-0.226,0.12748645,0.51975245,10.01258965,44.7399978638,25.7922878265,2.42999982834,-1.72568845749,-39.4158935547,15.2294740677,-9.84837722778,1.41726136208,97682.1594238,16.2600002289,-257.431976318,False
9.8,0.253,-0.157,-0.214,0.30400615,0.8041453,10.62060195,44.7399978638,32.8901748657,2.9399998188,-2.56790947914,-33.9562797546,15.5468273163,-9.44358444214,1.52982795238,97678.3081055,16.4099998474,-267.671966553,False
9.9,0.171,-0.16,-0.235,0.3726527,0.7453054,11.1011278,44.7399978638,32.8901748657,3.42999982834,-2.56790947914,-33.9562797546,15.8863067627,-9.0086555481,1.59874951839,97689.8803711,16.5699996948,-267.671966553,False
10.0,0.155,-0.157,-0.25,0.3726527,0.81395195,10.6304086,44.7399978638,32.8901748657,3.92999982834,-2.56790947914,-33.9562797546,16.2299118042,-8.53786468506,1.66466903687,97689.8803711,16.8999996185,-270.429412842,False
10.100000000000001,0.155,-0.157,-0.25,0.3726527,0.81395195,10.6304086,44.7299995422,37.5670509338,4.46000003815,-2.7138941288,-27.7432174683,16.5680599213,-8.06538963318,1.76482999325,97689.8803711,16.8999996185,-270.429412842,False
10.200000000000001,0.189,-0.24,-0.27,0.8041453,0.61781895,12.160246,44.7399978638,37.5670509338,5.0,-2.7138941288,-27.7432174683,17.0145969391,-7.42980241776,1.83913958073,97695.2575684,17.0799999237,-297.534179688,False
10.3,0.189,-0.24,-0.27,0.8041453,0.61781895,12.160246,44.7399978638,37.5670509338,5.53999996185,-2.7138941288,-27.7432174683,17.3175182343,-6.9422211647,1.83064436913,97695.2575684,17.2700004578,-297.534179688,False
10.4,0.152,-0.271,-0.261,0.8433719,1.0198916,13.20955755,44.75,37.5670509338,6.03999996185,-2.7138941288,-27.7432174683,17.8888607025,-5.97986078262,1.74686264992,97703.2348633,17.4599990845,-327.535247803,False
10.5,0.077,-0.279,-0.269,1.06892485,0.980665,12.99381125,44.75,37.5670509338,6.48999977112,-2.7138941288,-27.7432174683,18.1997795105,-5.3923163414,1.69343185425,97704.9682617,17.6499996185,-327.535247803,False
10.600000000000001,0.115,-0.304,-0.292,1.10815145,0.95124505,13.32723735,44.7599983215,41.4368019104,6.96000003815,-1.99702560902,-18.3774223328,18.5618476868,-4.67391824722,1.65305113792,97703.6010742,17.8400001526,-338.333312988,False
10.700000000000001,0.181,-0.328,-0.288,1.50041745,0.71588545,13.77834325,44.7599983215,41.4368019104,7.44000005722,-1.99702560902,-18.3774223328,18.9706764221,-3.74482965469,1.59359383583,97708.5388184,18.0200004578,-338.333312988,False
10.8,0.207,-0.351,-0.27,1.5494507,0.784532,14.3373223,44.7700004578,41.4368019104,7.90999984741,-1.99702560902,-18.3774223328,19.2341403961,-3.03704547882,1.49735319614,97713.3911133,18.1999988556,-373.511901855,False
10.9,0.212,-0.374,-0.239,1.52003075,0.9022118,15.5141203,44.7700004578,41.4368019104,8.32999992371,-1.99702560902,-18.3774223328,19.5557727814,-2.05634737015,1.34403920174,97713.885498,18.359998703,-373.511901855,False
11.0,0.088,-0.37,-0.228,1.6867438,1.22583125,15.2591474,44.7700004578,41.4368019104,8.67000007629,-1.99702560902,-18.3774223328,19.8101387024,-1.05669033527,1.17102706432,97714.5141602,18.5100002289,-404.552459717,False
11.100000000000001,0.086,-0.375,-0.263,1.8240369,1.0395049,15.1610809,44.7700004578,46.2936058044,8.97999954224,-0.119394056499,-5.96461009979,20.0812530518,0.154376909137,1.02652394772,97729.0771484,18.6499996185,-404.552459717,False
11.200000000000001,0.086,-0.375,-0.263,1.8240369,1.0395049,15.1610809,44.7700004578,46.2936058044,9.26000022888,-0.119394056499,-5.96461009979,20.1777362823,0.781498014927,0.929504156113,97729.0771484,18.7600002289,-427.404418945,False
11.3,-0.007,-0.362,-0.279,1.8632635,1.3533177,16.15155255,44.7599983215,46.2936058044,9.47999954224,-0.119394056499,-5.96461009979,20.3310585022,2.0975356102,0.708885788918,97729.2663574,18.8699989319,-427.404418945,False
11.4,-0.007,-0.362,-0.279,1.8632635,1.3533177,16.15155255,44.7599983215,46.2936058044,9.65999984741,-0.119394056499,-5.96461009979,20.395362854,3.2388882637,0.472660958767,97729.2663574,18.9599990845,-474.81842041,False
11.5,-0.054,-0.355,-0.298,1.8828768,1.3533177,15.4160538,44.75,46.2936058044,9.76999950409,-0.119394056499,-5.96461009979,20.4108066559,4.51667928696,0.301809757948,97728.3508301,19.0399990082,-474.81842041,False
11.600000000000001,-0.087,-0.349,-0.308,1.83384355,1.4121576,15.26895405,44.75,47.2669563293,9.88000011444,1.38723921776,9.69749546051,20.3937034607,4.94002246857,0.244827866554,97731.9824219,19.0900001526,-519.141357422,False
11.700000000000001,-0.117,-0.35,-0.33,2.16726965,1.08853815,14.87668805,44.75,47.2669563293,9.97999954224,1.38723921776,9.69749546051,20.3303089142,5.99884176254,0.10657992959,97727.0263672,19.1399993896,-519.141357422,False
11.8,-0.059,-0.354,-0.35,1.9024901,1.0395049,15.07282105,44.75,47.2669563293,10.029999733,1.38723921776,9.69749546051,20.0837402344,7.64390850067,-0.104976855218,97736.1083984,19.1700000763,-547.667480469,False
11.9,-0.063,-0.377,-0.326,1.7063571,0.9218251,15.52392695,44.75,47.2669563293,10.0699996948,1.38723921776,9.69749546051,19.8167610168,8.67131137848,-0.271738320589,97728.5827637,19.1800003052,-547.667480469,False
12.0,-0.066,-0.388,-0.289,1.87307015,0.7453054,15.5925735,44.7399978638,47.2669563293,10.0599994659,1.38723921776,9.69749546051,19.5708713531,9.47761440277,-0.389443278313,97729.5349121,19.1800003052,-589.721130371,False
12.100000000000001,-0.066,-0.388,-0.289,1.87307015,0.7453054,15.5925735,44.719997406,46.2925834656,10.0399999619,1.90413033962,21.8819580078,19.1288318634,10.6480941772,-0.576343595982,97729.5349121,19.1399993896,-604.577819824,False
12.200000000000001,-0.185,-0.424,-0.254,1.5886773,0.73549875,17.19105745,44.7000007629,46.2925834656,9.92000007629,1.90413033962,21.8819580078,18.7583885193,11.4760284424,-0.769411206245,97736.1755371,19.1399993896,-604.577819824,False
12.3,-0.054,-0.393,-0.217,1.7455837,0.91201845,16.28884565,44.6599998474,46.2925834656,9.71000003815,1.90413033962,21.8819580078,18.2253112793,12.5212278366,-1.06024992466,97725.7385254,19.0900001526,-604.577819824,False
12.4,-0.031,-0.354,-0.237,1.3925443,1.26505785,15.48470035,44.6199989319,46.2925834656,9.39999961853,1.90413033962,21.8819580078,17.6777458191,13.4029521942,-1.29278349876,97727.935791,19.0100002289,-631.198852539,False
12.5,-0.067,-0.355,-0.264,1.3140911,1.0787315,15.50431365,44.5799980164,44.9773139954,9.09000015259,4.74927854538,34.1102256775,16.9433307648,14.4211988449,-1.55539250374,97727.935791,18.8999996185,-631.198852539,False
12.600000000000001,0.005,-0.338,-0.285,1.3925443,1.0591182,15.6514134,44.5599975586,44.9773139954,8.72000026703,4.74927854538,34.1102256775,16.2904548645,15.2107009888,-1.76954042912,97724.8657227,18.7600002289,-632.022094727,False
12.700000000000001,0.005,-0.338,-0.285,1.3925443,1.0591182,15.6514134,44.5499992371,44.9773139954,8.27999973297,4.74927854538,34.1102256775,16.0167942047,15.5269155502,-1.84595322609,97724.8657227,18.6000003815,-632.022094727,False
12.8,0.044,-0.326,-0.289,1.20621795,1.2356379,15.36702055,44.5299987793,44.9773139954,7.78999996185,4.74927854538,34.1102256775,15.1373844147,16.3963394165,-2.08622217178,97716.2475586,18.4200000763,-646.34552002,False
12.9,-0.076,-0.326,-0.298,1.1964113,0.9218251,15.1806942,44.5200004578,46.2124404907,7.25999975204,5.60139608383,43.6416625977,14.2014255524,17.2517185211,-2.26966285706,97709.9060059,18.2199993134,-646.34552002,False
13.0,0.034,-0.32,-0.325,1.1571847,0.32361945,14.4353888,44.5200004578,46.2124404907,6.69000005722,5.60139608383,43.6416625977,13.3796405792,17.904176712,-2.40198493004,97709.9060059,18.0,-652.381896973,False
13.100000000000001,0.069,-0.322,-0.291,0.95124505,0.2941995,13.79795655,44.5200004578,46.2124404907,6.13999986649,5.60139608383,43.6416625977,12.5601806641,18.5040607452,-2.41926646233,97701.6357422,17.7700004578,-652.381896973,False
13.200000000000001,0.049,-0.331,-0.229,0.93163175,0.40207265,14.0823494,44.5,47.5733070374,5.58999967575,5.80562162399,52.1104812622,11.5396194458,19.1733398438,-2.44234395027,97696.081543,17.5200004578,-635.209106445,False
13.3,0.049,-0.331,-0.229,0.93163175,0.40207265,14.0823494,44.469997406,47.5733070374,5.02999973297,5.80562162399,52.1104812622,10.874420166,19.547077179,-2.42709612846,97696.081543,17.2700004578,-635.209106445,False
13.4,-0.027,-0.319,-0.257,1.01008495,0.89240515,13.64105015,44.4399986267,47.5733070374,4.46000003815,5.80562162399,52.1104812622,10.0146331787,20.005147934,-2.42167544365,97701.3977051,17.0200004578,-647.04095459,False
13.5,-0.109,-0.306,-0.287,0.8433719,0.5491724,13.7489233,44.4399986267,47.5733070374,3.89999985695,5.80562162399,52.1104812622,8.9508972168,20.4958934784,-2.39411687851,97683.2885742,16.7700004578,-647.04095459,False
13.600000000000001,-0.199,-0.249,-0.291,0.784532,0.8629852,11.87585315,44.4500007629,47.5733070374,3.30999994278,5.80562162399,52.1104812622,8.07814788818,20.8376255035,-2.35384178162,97683.2885742,16.5299987793,-647.468933105,False
13.700000000000001,-0.238,-0.23,-0.303,0.784532,0.61781895,11.5326204,44.4799995422,48.1740455627,2.75,6.35510015488,63.4873466492,7.45591402054,21.0742282867,-2.2366271019,97693.4143066,16.2899990082,-647.468933105,False
13.8,-0.173,-0.236,-0.302,0.71588545,0.73549875,12.3956056,44.5099983215,48.1740455627,2.25,6.35510015488,63.4873466492,6.66387987137,21.3351783752,-2.15759515762,97683.4106445,16.0499992371,-635.974304199,False
13.9,-0.173,-0.236,-0.302,0.71588545,0.73549875,12.3956056,44.5399971008,48.1740455627,1.75,6.35510015488,63.4873466492,5.90486288071,21.5353717804,-2.05401802063,97683.4106445,15.8299999237,-635.974304199,False
14.0,-0.12,-0.204,-0.328,0.5687857,0.6472389,11.0226746,44.5799980164,48.1740455627,1.31999993324,6.35510015488,63.4873466492,5.15335607529,21.6922874451,-1.91615092754,97675.1953125,15.6199998856,-632.467651367,False
14.100000000000001,-0.063,-0.203,-0.309,0.12748645,0.4707192,10.07142955,44.6199989319,45.3745994568,0.899999976158,4.89226198196,71.9348297119,4.29081535339,21.8334159851,-1.67764472961,97675.1953125,15.4200000763,-632.467651367,False
14.200000000000001,0.004,-0.221,-0.275,0.2157463,0.5687857,11.76798,44.6299972534,45.3745994568,0.589999973774,4.89226198196,71.9348297119,3.70353651047,21.9065647125,-1.54109036922,97663.4094238,15.2399997711,-628.404602051,False
14.3,-0.017,-0.209,-0.274,0.06864655,0.46091255,10.73828175,44.6399993896,45.3745994568,0.310000002384,4.89226198196,71.9348297119,2.95134449005,21.9670639038,-1.39601147175,97663.4094238,15.0799999237,-628.404602051,False
14.4,-0.048,-0.202,-0.264,0.04903325,0.7256921,10.30678915,43.9599990845,45.3144035339,0.019999999553,3.93361639977,78.5859451294,2.24348497391,21.9938106537,-1.22390115261,97656.6101074,14.9299993515,-617.815979004,False
14.5,-0.105,-0.218,-0.287,-0.00980665,1.1571847,12.160246,42.4599990845,45.3144035339,-0.199999988079,3.93361639977,78.5859451294,1.49374616146,22.0097122192,-1.10217630863,97660.8520508,14.7899999619,-617.815979004,False
14.600000000000001,-0.105,-0.218,-0.287,-0.00980665,1.1571847,12.160246,40.6100006104,45.3144035339,-0.489999979734,3.93361639977,78.5859451294,1.00805866718,22.0068378448,-1.08987486362,97660.8520508,14.6599998474,-608.804321289,False
14.700000000000001,-0.157,-0.174,-0.343,-0.0196133,1.01008495,10.85596155,38.469997406,45.3144035339,-0.810000002384,3.93361639977,78.5859451294,-0.0293292086571,21.9705905914,-0.9589189291,97654.5654297,14.529999733,-608.804321289,False
14.8,-0.101,-0.178,-0.354,-0.10787315,0.7060788,10.5127288,36.3499984741,43.7944641113,-1.05999994278,2.22492480278,87.2898483276,-0.671943843365,21.9161605835,-0.806409060955,97644.354248,14.4200000763,-601.301757812,False
14.9,-0.084,-0.187,-0.344,-0.16671305,0.4707192,10.28717585,34.2900009155,43.7944641113,-1.23000001907,2.22492480278,87.2898483276,-1.33274316788,21.8413524628,-0.624786555767,97642.5109863,14.3199996948,-601.301757812,False
15.0,-0.084,-0.187,-0.344,-0.16671305,0.4707192,10.28717585,31.8199996948,43.7944641113,-1.35000002384,2.22492480278,87.2898483276,-1.85186874866,21.7742443085,-0.456900030375,97642.5109863,14.2399997711,-580.184570312,False
15.100000000000001,-0.178,-0.19,-0.316,-0.2157463,0.61781895,10.50292215,29.1899986267,43.7944641113,-1.48000001907,2.22492480278,87.2898483276,-2.4925866127,21.6669178009,-0.282582908869,97646.7529297,14.1599998474,-580.184570312,False
15.200000000000001,-0.265,-0.189,-0.317,-0.3530394,0.7256921,11.179581,26.4399986267,43.7944641113,-1.55999994278,2.22492480278,87.2898483276,-3.26443648338,21.5094394684,-0.132349282503,97641.8395996,14.1099996567,-566.288208008,False
15.3,-0.302,-0.175,-0.313,-0.28439285,0.59820565,11.3953273,23.1700000763,40.3692398071,-1.64999997616,0.117066770792,97.063949585,-3.90588665009,21.3579311371,-0.0575970262289,97643.7011719,14.0799999237,-566.288208008,False
15.4,-0.283,-0.174,-0.31,-0.32361945,0.6276256,11.571847,19.7600002289,40.3692398071,-1.75999999046,0.117066770792,97.063949585,-4.67927789688,21.1469097137,0.00813665241003,97645.0927734,14.0599994659,-563.87310791,False
15.5,-0.283,-0.174,-0.31,-0.32361945,0.6276256,11.571847,16.0200004578,40.3692398071,-1.83999991417,0.117066770792,97.063949585,-5.05118846893,21.0413551331,0.0158820580691,97645.0927734,14.0399999619,-563.87310791,False
15.600000000000001,-0.354,-0.195,-0.271,-0.34323275,0.4118793,12.6113519,11.9600000381,34.35679245,-2.0,-0.510038971901,104.131843567,-5.96454048157,20.7401828766,-0.10155402869,97644.4641113,14.029999733,-534.987426758,False
15.700000000000001,-0.479,-0.165,-0.208,-0.46091255,0.55897905,12.4152189,7.69999980927,34.35679245,-2.20000004768,-0.510038971901,104.131843567,-6.52822113037,20.511713028,-0.203355371952,97644.0917969,14.0099992752,-534.987426758,False
15.8,-0.565,-0.148,-0.209,-0.4314926,0.53936575,12.64077185,3.58999991417,34.35679245,-2.45000004768,-0.510038971901,104.131843567,-6.94002771378,20.3210811615,-0.317964613438,97648.1018066,13.9799995422,-520.403320312,False
15.9,-0.549,-0.111,-0.206,-0.6668522,0.57859235,12.09159945,-0.389999985695,34.35679245,-2.75999999046,-0.510038971901,104.131843567,-7.47482061386,20.0351276398,-0.478413909674,97643.7072754,13.9399995804,-520.403320312,False
16.0,-0.549,-0.111,-0.206,-0.6668522,0.57859235,12.09159945,-4.03999996185,34.35679245,-3.09999990463,-0.510038971901,104.131843567,-7.75398683548,19.8570690155,-0.55304890871,97643.7072754,13.8199996948,-514.310241699,False
16.1,-0.533,-0.091,-0.176,-0.59820565,0.50013915,12.3367657,-7.17999982834,21.0577487946,-3.41999983788,0.056328676641,110.609802246,-8.04161453247,19.6422157288,-0.665151715279,97643.4448242,13.8199996948,-514.310241699,False
16.2,-0.596,-0.055,-0.147,-0.6864655,0.59820565,10.99325465,-10.1399993896,21.0577487946,-3.79999995232,0.056328676641,110.609802246,-8.32592582703,19.3883419037,-0.826026856899,97640.8752441,13.7399997711,-501.426513672,False
16.3,-0.602,-0.031,-0.128,-0.8433719,0.4707192,10.8657682,-12.6999998093,21.0577487946,-4.19999980927,0.056328676641,110.609802246,-8.4452009201,19.2489261627,-0.880940675735,97637.1520996,13.6499996185,-501.426513672,False
16.400000000000002,-0.601,-0.017,-0.114,-0.6864655,0.392266,10.2969825,-14.8099994659,10.1804170609,-4.59999990463,0.313529700041,113.688682556,-8.53437328339,19.0911006927,-0.919559597969,97634.3322754,13.5399999619,-480.776794434,False
16.5,-0.601,-0.017,-0.114,-0.6864655,0.392266,10.2969825,-16.5299987793,10.1804170609,-4.96000003815,0.313529700041,113.688682556,-8.55992794037,19.0067195892,-0.914683818817,97634.3322754,13.4299993515,-480.776794434,False
16.6,-0.577,0.011,-0.078,-0.89240515,0.2745862,9.87529655,-17.9099998474,10.1804170609,-5.30999994278,0.313529700041,113.688682556,-8.52785587311,18.8299942017,-0.902707278728,97637.3413086,13.3199996948,-465.24105835,False
16.7,-0.537,0.02,-0.064,-0.8041453,0.1569064,9.414384,-18.9599990845,10.1804170609,-5.65000009537,0.313529700041,113.688682556,-8.4606962204,18.7658748627,-0.859429717064,97637.3413086,13.1999998093,-465.24105835,False
16.8,-0.47,0.008,-0.042,-0.8825985,0.0784532,9.0809579,-19.7299995422,10.1804170609,-5.94999980927,0.313529700041,113.688682556,-8.35092449188,18.6972141266,-0.753021299839,97635.1318359,13.0799999237,-440.219299316,False
16.900000000000002,-0.348,-8.572527594029999e-19,-0.007,-0.91201845,0.20593965,9.46341725,-20.3299999237,-5.2994799614,-6.17000007629,-0.047394040972,115.588806152,-8.2011384964,18.6438007355,-0.677364349365,97629.6325684,12.9799995422,-440.219299316,False
17.0,-0.348,-8.572527594029999e-19,-0.007,-0.91201845,0.20593965,9.46341725,-20.75,-5.2994799614,-6.39999961853,-0.047394040972,115.588806152,-8.00112533569,18.5950260162,-0.572448730469,97629.6325684,12.8999996185,-419.158355713,False
17.1,-0.333,0.02,0.07,-0.87279185,0.0392266,9.218251,-21.0499992371,-5.2994799614,-6.58999967575,-0.047394040972,115.588806152,-7.8503780365,18.5736446381,-0.464896649122,97628.2348633,12.8199996948,-419.158355713,False
17.2,-0.412,0.002,0.082,-0.83356525,0.0196133,9.60071035,-21.2199993134,-5.2994799614,-6.71999979019,-0.047394040972,115.588806152,-7.63581037521,18.5635261536,-0.362323731184,97625.4089355,12.75,-396.714599609,False
17.3,-0.412,0.002,0.082,-0.83356525,0.0196133,9.60071035,-21.1700000763,-5.2994799614,-6.85999965668,-0.047394040972,115.588806152,-7.31965780258,18.5758800507,-0.308398365974,97625.4089355,12.6300001144,-374.44229126,False
17.400000000000002,-0.268,0.012,0.163,-0.7649187,0.04903325,9.3947707,-20.9200000763,-15.5311107635,-7.01999998093,-0.791158914566,113.530303955,-7.09717941284,18.5882549286,-0.266263544559,97626.0864258,12.6300001144,-374.44229126,False
17.5,-0.268,0.012,0.163,-0.7649187,0.04903325,9.3947707,-20.4899997711,-15.5311107635,-7.15999984741,-0.791158914566,113.530303955,-6.91136074066,18.608089447,-0.206440478563,97626.0864258,12.5799999237,-374.44229126,False
17.6,-0.118,0.038,0.18,-0.83356525,0.10787315,8.56120545,-19.9599990845,-15.5311107635,-7.26999998093,-0.791158914566,113.530303955,-6.48206186295,18.6597175598,-0.0234741084278,97627.722168,12.5399999619,-352.894226074,False
17.7,-0.118,0.038,0.18,-0.83356525,0.10787315,8.56120545,-19.4200000763,-15.5311107635,-7.28999996185,-0.791158914566,113.530303955,-6.11533880234,18.701171875,0.24557210505,97627.722168,12.5,-352.894226074,False
17.8,-0.091,0.03,0.17,-0.7649187,0.20593965,8.62004535,-18.7700004578,-18.7672576904,-7.23999977112,-2.46742296219,110.128982544,-5.99495744705,18.7193336487,0.325497537851,97626.2329102,12.4899997711,-328.294372559,False
17.900000000000002,-0.061,0.028,0.178,-0.77472535,0.26477955,8.48275225,-18.0900001526,-18.7672576904,-7.15999984741,-2.46742296219,110.128982544,-5.68417167664,18.7629566193,0.513819396496,97626.2329102,12.5,-328.294372559,False
18.0,-0.028,0.037,0.18,-0.79433865,0.12748645,8.71811185,-17.3699989319,-18.7672576904,-7.00999975204,-2.46742296219,110.128982544,-5.31643152237,18.8174438477,0.775249361992,97625.3967285,12.5399999619,-324.92276001,False
18.1,0.014,0.013,0.165,-0.79433865,0.06864655,8.20816605,-16.6599998474,-18.7672576904,-6.7999997139,-2.46742296219,110.128982544,-4.97137355804,18.8697242737,1.05781829357,97627.7160645,12.5900001526,-324.92276001,False
18.2,0.014,0.013,0.165,-0.79433865,0.06864655,8.20816605,-15.9099998474,-18.7672576904,-6.53999996185,-2.46742296219,110.128982544,-4.6717672348,18.9088573456,1.29116535187,97627.7160645,12.6700000763,-318.059936523,False
18.3,0.051,-0.011,0.155,-0.79433865,0.196133,8.6690786,-15.1300001144,-18.9812850952,-6.21999979019,-4.63298082352,105.598922729,-4.44438171387,18.9504737854,1.43933010101,97631.9458008,12.779999733,-318.059936523,False
18.400000000000002,0.051,-0.011,0.155,-0.79433865,0.196133,8.6690786,-14.279999733,-18.9812850952,-5.8799996376,-4.63298082352,105.598922729,-4.20386695862,18.9868354797,1.58606147766,97631.9458008,12.8999996185,-306.258209229,False
18.5,0.003,-0.037,0.154,-0.6668522,0.1372931,9.0809579,-13.4099998474,-18.9812850952,-5.5,-4.63298082352,105.598922729,-3.78396558762,19.0451698303,1.79603719711,97636.7492676,13.0499992371,-306.258209229,False
18.6,0.061,-0.026,0.155,-0.67665885,0.06864655,9.5516771,-12.5,-17.9164295197,-5.09999990463,-5.28953361511,102.319709778,-3.48698735237,19.0987167358,1.89204752445,97636.7492676,13.2199993134,-295.740905762,False
18.7,0.091,-0.039,0.176,-0.57859235,0.0784532,10.03220295,-11.5,-17.9164295197,-4.69000005722,-5.28953361511,102.319709778,-3.18563604355,19.1509952545,1.97971463203,97637.2497559,13.3899993896,-295.740905762,False
18.8,0.085,-0.045,0.183,-0.46091255,0.1569064,9.7870367,-10.4499998093,-17.9164295197,-4.28999996185,-5.28953361511,102.319709778,-2.94657230377,19.1900978088,2.01533174515,97637.2497559,13.5799999237,-290.719421387,False
18.900000000000002,0.078,-0.057,0.179,-0.5491724,0.2353596,10.14988275,-9.42000007629,-17.9164295197,-3.88999986649,-5.28953361511,102.319709778,-2.59532046318,19.2572612762,2.04815506935,97645.2636719,13.7599992752,-290.719421387,False
19.0,0.118,-0.062,0.176,-0.38245935,0.1569064,10.5127288,-8.30999946594,-15.5924510956,-3.49000000954,-5.55706691742,98.4194335938,-2.30475568771,19.3122844696,2.06640124321,97645.2636719,13.9600000381,-294.339569092,False
19.1,0.118,-0.062,0.176,-0.38245935,0.1569064,10.5127288,-7.17000007629,-15.5924510956,-3.1099998951,-5.55706691742,98.4194335938,-2.12633275986,19.3475017548,2.04395794868,97642.9199219,14.1499996185,-294.339569092,False
19.200000000000003,0.11,-0.067,0.149,-0.4314926,0.24516625,10.71866845,-5.96000003815,-15.5924510956,-2.75,-5.55706691742,98.4194335938,-1.67767047882,19.4296073914,1.97444212437,97652.5695801,14.3400001526,-289.402008057,False
19.3,0.064,-0.064,0.156,-0.32361945,0.2157463,10.62060195,-4.83999967575,-15.5924510956,-2.40999984741,-5.55706691742,98.4194335938,-1.42948746681,19.4730834961,1.94269788265,97656.9274902,14.5199995041,-289.402008057,False
19.400000000000002,0.064,-0.064,0.156,-0.32361945,0.2157463,10.62060195,-3.76999998093,-15.5924510956,-2.05999994278,-5.55706691742,98.4194335938,-1.23093962669,19.5170783997,1.90463638306,97656.9274902,14.6999998093,-300.356689453,False
19.5,0.104,-0.068,0.153,-0.2353596,0.20593965,10.983448,-2.70000004768,-11.810008049,-1.7199999094,-5.00121498108,93.7007751465,-0.940061509609,19.5721759796,1.79763233662,97656.9274902,14.8800001144,-300.356689453,False
19.6,0.097,-0.064,0.142,-0.12748645,0.20593965,11.1403544,-1.55999994278,-11.810008049,-1.39999997616,-5.00121498108,93.7007751465,-0.79752600193,19.5943164825,1.74763786793,97660.9069824,15.0599994659,-300.974090576,False
19.700000000000003,0.136,-0.07,0.13,-0.26477955,0.3726527,11.0815145,-0.449999988079,-11.810008049,-1.10000002384,-5.00121498108,93.7007751465,-0.52844530344,19.6320667267,1.65444672108,97665.4846191,15.2199993134,-300.974090576,False
19.8,0.186,-0.077,0.104,-0.24516625,0.38245935,10.8265416,0.589999973774,-11.810008049,-0.829999983311,-5.00121498108,93.7007751465,-0.323091894388,19.6568107605,1.59155082703,97670.8984375,15.3800001144,-310.09942627,False
19.900000000000002,0.161,-0.082,0.084,-0.0392266,0.34323275,10.9638347,1.55999994278,-7.3240237236,-0.560000002384,-3.68134140968,89.7817840576,-0.14373318851,19.6700210571,1.51170814037,97668.8964844,15.529999733,-310.09942627,False
20.0,0.161,-0.082,0.084,-0.0392266,0.34323275,10.9638347,2.50999999046,-7.3240237236,-0.269999980927,-3.68134140968,89.7817840576,-0.0430702529848,19.6767177582,1.45392501354,97668.8964844,15.6700000763,-313.609313965,False
20.1,0.148,-0.091,0.069,-0.0588399,0.4511059,11.07170785,3.29999995232,-7.3240237236,-0.0299999993294,-3.68134140968,89.7817840576,0.0859700888395,19.6792678833,1.36870074272,97674.786377,15.8099994659,-313.609313965,False
20.200000000000003,0.148,-0.1,0.056,-0.0588399,0.12748645,11.8856598,4.13000011444,-7.3240237236,0.159999996424,-3.68134140968,89.7817840576,0.323514461517,19.6868267059,1.08509230614,97678.326416,15.9399995804,-318.617431641,False
20.3,0.142,-0.096,0.062,-0.0588399,0.24516625,11.8464332,4.80999994278,-3.45086312294,0.310000002384,-1.78307056427,87.860534668,0.405660808086,19.6772327423,0.955775678158,97678.2348633,16.0599994659,-318.617431641,False
20.400000000000002,0.155,-0.084,0.058,0.0980665,0.40207265,11.6110736,5.42999982834,-3.45086312294,0.42999997735,-1.78307056427,87.860534668,0.518155217171,19.6526050568,0.762098073959,97679.2297363,16.1599998474,-320.174804688,False
20.5,0.155,-0.084,0.058,0.0980665,0.40207265,11.6110736,5.94000005722,-3.45086312294,0.52999997139,-1.78307056427,87.860534668,0.539681136608,19.6468963623,0.691592633724,97679.2297363,16.25,-320.174804688,False
20.6,0.175,-0.073,0.05,0.0392266,0.26477955,11.60126695,6.38999986649,-3.45086312294,0.599999964237,-1.78307056427,87.860534668,0.601786375046,19.6099472046,0.544134199619,97682.2631836,16.3199996948,-318.943023682,False
20.700000000000003,0.167,-0.062,0.037,0.0784532,0.24516625,11.48358715,6.71000003815,-3.45086312294,0.639999985695,-1.78307056427,87.860534668,0.655954062939,19.5768985748,0.391286581755,97684.4604492,16.3799991608,-318.943023682,False
20.8,0.19,-0.044,0.039,-0.02941995,0.4118793,11.09132115,6.92000007629,1.54588544369,0.649999976158,0.227314993739,86.2470550537,0.654806375504,19.5217285156,0.218405649066,97684.2773438,16.4300003052,-319.072906494,False
20.900000000000002,0.174,-0.033,0.044,0.12748645,0.55897905,10.4931155,7.0499997139,1.54588544369,0.649999976158,0.227314993739,86.2470550537,0.650422930717,19.4715709686,0.145962268114,97684.2773438,16.4599990845,-319.072906494,False
21.0,0.087,-0.033,0.027,0.14709975,0.6276256,10.69905515,7.10999965668,1.54588544369,0.680000007153,0.227314993739,86.2470550537,0.637875676155,19.4356117249,0.0986568331718,97683.3312988,16.4899997711,-318.82800293,False
21.1,0.072,-0.038,4.6536578367600004e-18,0.04903325,0.36284605,11.0226746,7.08999967575,1.54588544369,0.689999997616,0.227314993739,86.2470550537,0.603326499462,19.3947296143,0.00533731793985,97684.5397949,16.5100002289,-318.82800293,False
21.200000000000003,0.072,-0.038,4.6536578367600004e-18,0.04903325,0.36284605,11.0226746,6.98000001907,1.54588544369,0.680000007153,0.227314993739,86.2470550537,0.546707391739,19.3385162354,-0.100279226899,97684.5397949,16.5299987793,-313.953216553,False
21.3,0.072,-0.025,-0.006,0.18632635,0.6080123,10.54214875,6.84999990463,5.2369685173,0.629999995232,1.1660579443,85.5935592651,0.507354915142,19.2954387665,-0.0956136584282,97685.9130859,16.5299987793,-313.953216553,False
21.400000000000002,0.005,-0.029,-0.035,0.20593965,0.5295591,11.0422879,6.71999979019,5.2369685173,0.649999976158,1.1660579443,85.5935592651,0.468807131052,19.260679245,-0.135060995817,97686.529541,16.5399990082,-305.850402832,False
21.5,0.063,-0.026,-0.041,0.12748645,0.3530394,10.71866845,6.55999994278,5.2369685173,0.629999995232,1.1660579443,85.5935592651,0.375898241997,19.2019023895,-0.24412356317,97686.529541,16.5399990082,-301.592437744,False
21.6,0.014,-0.019,-0.042,0.02941995,0.4314926,10.2969825,6.26999998093,5.2369685173,0.569999992847,1.1660579443,85.5935592651,0.32655826211,19.1685466766,-0.258441984653,97686.529541,16.5399990082,-301.592437744,False
21.700000000000003,0.014,-0.019,-0.042,0.02941995,0.4314926,10.2969825,5.94999980927,5.2369685173,0.539999961853,1.1660579443,85.5935592651,0.315136015415,19.1576042175,-0.258605897427,97683.8562012,16.5299987793,-301.592437744,False
21.8,0.056,-0.018,-0.042,0.1765197,0.51975245,10.26756255,5.61999988556,6.46418714523,0.519999980927,1.63610386848,86.5425415039,0.182703927159,19.0860767365,-0.319207876921,97688.4033203,16.5200004578,-293.670471191,False
21.900000000000002,0.056,-0.018,-0.042,0.1765197,0.51975245,10.26756255,5.28999996185,6.46418714523,0.449999988079,1.63610386848,86.5425415039,0.137349039316,19.0701751709,-0.341981232166,97688.4033203,16.5100002289,-293.670471191,False
22.0,0.041,-0.016,-0.039,0.1372931,0.2157463,9.8458766,4.81999969482,6.46418714523,0.399999976158,1.63610386848,86.5425415039,-0.00482820253819,19.002658844,-0.344895243645,97688.482666,16.4899997711,-286.672393799,False
22.1,-0.043,-0.023,-0.022,0.0980665,0.48052585,9.8262633,4.31999969482,7.65268802643,0.370000004768,1.91485500336,87.2501983643,-0.0715095102787,18.9698791504,-0.316605210304,97685.2661133,16.4799995422,-286.672393799,False
22.200000000000003,-0.081,-0.016,-0.023,0.22555295,0.59820565,9.97336305,3.87999987602,7.65268802643,0.370000004768,1.91485500336,87.2501983643,-0.163888156414,18.9145336151,-0.296613693237,97685.1379395,16.4599990845,-281.210906982,False
22.3,-0.106,-0.011,-0.034,0.26477955,0.50013915,10.0223963,3.44999980927,7.65268802643,0.34999999404,1.91485500336,87.2501983643,-0.223659977317,18.8742160797,-0.282343119383,97684.2407227,16.4499988556,-281.210906982,False
22.400000000000002,-0.09,0.01,-0.041,0.16671305,0.24516625,10.07142955,3.11999988556,7.65268802643,0.340000003576,1.91485500336,87.2501983643,-0.272805422544,18.84009552,-0.280451893806,97684.2407227,16.4400005341,-267.921813965,False
22.5,-0.09,0.01,-0.041,0.16671305,0.24516625,10.07142955,2.70000004768,6.26765727997,0.319999992847,2.02534747124,87.8925857544,-0.31833589077,18.8156166077,-0.274041116238,97684.2407227,16.4300003052,-267.921813965,False
22.6,-0.099,0.03,-0.011,0.2353596,0.5491724,9.36535075,2.32999992371,6.26765727997,0.329999983311,2.02534747124,87.8925857544,-0.399539470673,18.7623310089,-0.184189349413,97686.0473633,16.4200000763,-267.77154541,False
22.700000000000003,-0.099,0.03,-0.011,0.2353596,0.5491724,9.36535075,2.04999995232,6.26765727997,0.359999984503,2.02534747124,87.8925857544,-0.427809804678,18.7465229034,-0.162635654211,97686.0473633,16.4200000763,-267.77154541,False
22.8,-0.136,0.032,-0.017,0.2549729,0.51975245,9.56148375,1.89999997616,6.26765727997,0.389999985695,2.02534747124,87.8925857544,-0.435127824545,18.7094268799,-0.104593738914,97686.505127,16.4200000763,-260.042755127,False
22.900000000000002,-0.163,0.027,-0.037,0.16671305,0.38245935,9.50264385,1.70999991894,6.26765727997,0.42999997735,2.02534747124,87.8925857544,-0.443708300591,18.690279007,-0.0603510886431,97685.4797363,16.4300003052,-260.042755127,False
23.0,-0.144,0.03,-0.027,0.16671305,0.4903325,9.5516771,1.57999992371,3.70634078979,0.489999979734,1.19066345692,88.342124939,-0.445791006088,18.6625003815,0.000393405323848,97685.4797363,16.4499988556,-254.724700928,False
23.1,-0.144,0.03,-0.027,0.16671305,0.4903325,9.5516771,1.59999990463,3.70634078979,0.560000002384,1.19066345692,88.342124939,-0.419495373964,18.644411087,0.0762076154351,97685.4797363,16.4599990845,-253.422164917,False
23.200000000000003,-0.034,0.013,-0.01,0.3138128,0.3530394,9.4339973,1.64999997616,3.70634078979,0.639999985695,1.19066345692,88.342124939,-0.414666175842,18.6365833282,0.103824995458,97684.6374512,16.4599990845,-253.422164917,False
23.3,-0.034,0.013,-0.01,0.3138128,0.3530394,9.4339973,1.67999994755,3.70634078979,0.740000009537,1.19066345692,88.342124939,-0.384298115969,18.6354122162,0.167606845498,97684.6374512,16.4899997711,-253.422164917,False
23.400000000000002,0.011,0.001,-0.009,0.22555295,0.4707192,9.8458766,1.75999999046,1.9367518425,0.839999973774,0.552070856094,88.7831726074,-0.369100958109,18.6338806152,0.161807790399,97684.6862793,16.5200004578,-247.337722778,False
23.5,0.005,-0.012,0.016,0.40207265,0.2549729,10.002783,1.78999996185,1.9367518425,0.899999976158,0.552070856094,88.7831726074,-0.352951735258,18.6386451721,0.159500822425,97680.6091309,16.5499992371,-247.337722778,False
23.6,-0.038,-0.003,0.048,0.4118793,0.3334261,9.97336305,1.82999992371,1.94469892979,0.959999978542,0.568665206432,88.7091445923,-0.340079665184,18.6461544037,0.166477367282,97683.013916,16.5699996948,-250.354949951,False
23.700000000000003,-0.035,-0.004,0.041,0.30400615,0.28439285,10.1596894,1.87000000477,1.94469892979,1.02999997139,0.568665206432,88.7091445923,-0.317862033844,18.6522426605,0.164241984487,97683.013916,16.5900001526,-250.354949951,False
23.8,-0.06,-0.007,0.038,0.42168595,0.42168595,10.09104285,1.95999991894,1.94469892979,1.07999992371,0.568665206432,88.7091445923,-0.287333071232,18.6585292816,0.159201711416,97686.0046387,16.609998703,-248.09664917,False
23.900000000000002,-0.066,-0.009,0.03,0.36284605,0.28439285,10.1008495,2.05999994278,1.94469892979,1.12000000477,0.568665206432,88.7091445923,-0.253255337477,18.6666297913,0.158931225538,97683.9111328,16.6299991608,-248.09664917,False
24.0,-0.031,0.003,0.018,0.2941995,0.3334261,9.6889702,2.28999996185,1.00116634369,1.16999995708,0.499300926924,87.7731323242,-0.205227553844,18.6742362976,0.183200001717,97685.8032227,16.6499996185,-250.723083496,False
24.1,-0.066,1.7145055188100002e-18,0.014,0.26477955,0.46091255,9.9047165,2.52999997139,1.00116634369,1.25999999046,0.499300926924,87.7731323242,-0.157017961144,18.6795158386,0.207093060017,97684.2895508,16.6700000763,-250.723083496,False
24.200000000000003,-0.059,-0.002,0.01,0.36284605,0.6080123,10.03220295,2.81999993324,1.00116634369,1.33999991417,0.499300926924,87.7731323242,-0.0793280377984,18.6852073669,0.208503127098,97687.1520996,16.6900005341,-249.872406006,False
24.3,-0.059,-0.002,0.01,0.36284605,0.6080123,10.03220295,3.1899998188,1.00116634369,1.40999996662,0.499300926924,87.7731323242,-0.0114497141913,18.6925392151,0.20235671103,97687.1520996,16.75,-247.912414551,False
24.400000000000002,0.002,-0.004,-0.001,0.4314926,0.4118793,10.1793027,3.57999992371,1.00116634369,1.49000000954,0.499300926924,87.7731323242,0.0363485813141,18.6986408234,0.192432925105,97686.8408203,16.75,-247.912414551,False
24.5,0.07,0.01,0.006,0.392266,0.53936575,9.42419065,3.9399998188,1.00116634369,1.55999994278,0.499300926924,87.7731323242,0.0938414782286,18.7009010315,0.220123559237,97684.9975586,16.7700004578,-247.912414551,False
24.6,0.037,-0.009,0.012,0.4903325,0.51975245,10.32640245,4.31999969482,0.997640669346,1.65999996662,0.324348717928,87.4455490112,0.147125273943,18.7109069824,0.219972729683,97684.8388672,16.7999992371,-247.425842285,False
24.700000000000003,0.069,-0.005,0.012,0.40207265,0.5295591,10.11065615,4.63999986649,0.997640669346,1.73000001907,0.324348717928,87.4455490112,0.189144924283,18.7254886627,0.187750503421,97684.8388672,16.8299999237,-247.425842285,False
24.8,0.069,-0.005,0.012,0.40207265,0.5295591,10.11065615,4.92000007629,0.997640669346,1.77999997139,0.324348717928,87.4455490112,0.211619094014,18.7396183014,0.162563040853,97684.8388672,16.859998703,-251.129150391,False
24.900000000000002,0.089,-0.028,0.003,0.36284605,0.14709975,10.30678915,5.15999984741,0.997640669346,1.82999992371,0.324348717928,87.4455490112,0.228338897228,18.7497787476,0.149018064141,97690.0817871,16.8799991608,-251.129150391,False
25.0,0.097,-0.031,0.032,0.44129925,0.6276256,9.9831697,5.23999977112,0.997640669346,1.87999999523,0.324348717928,87.4455490112,0.239594727755,18.7605266571,0.142091199756,97688.6413574,16.8999996185,-255.252075195,False
25.1,0.097,-0.031,0.032,0.44129925,0.6276256,9.9831697,5.38000011444,3.00878620148,1.92999994755,0.673509716988,87.0709457397,0.252306014299,18.7674732208,0.141964972019,97688.6413574,16.9099998474,-255.252075195,False
25.200000000000003,0.068,-0.021,0.013,0.3530394,0.51975245,10.26756255,5.48999977112,3.00878620148,1.95999991894,0.673509716988,87.0709457397,0.245626315475,18.7734508514,0.0795063525438,97688.7634277,16.9300003052,-144.723327637,False
25.3,0.068,-0.021,0.013,0.3530394,0.51975245,10.26756255,5.55999994278,3.00878620148,1.99000000954,0.673509716988,87.0709457397,0.241283640265,18.7742366791,0.0286927018315,97688.7634277,16.9400005341,-144.723327637,False
25.400000000000002,0.037,-0.029,0.01,0.50013915,0.6080123,10.44408225,5.57999992371,4.46251630783,1.99000000954,1.21681284904,86.6969299316,0.230361491442,18.7765445709,0.00296795251779,97689.453125,16.9499988556,-145.079620361,False
25.5,0.065,-0.024,0.005,0.392266,0.65704555,10.44408225,5.57999992371,4.46251630783,1.97999989986,1.21681284904,86.6969299316,0.218049004674,18.7754497528,-0.0564539954066,97687.5305176,16.9499988556,-145.079620361,False
25.6,0.065,-0.024,0.005,0.392266,0.65704555,10.44408225,5.56999969482,4.46251630783,1.95999991894,1.21681284904,86.6969299316,0.188963383436,18.7655754089,-0.116361349821,97687.5305176,16.9499988556,-143.267440796,False
25.700000000000003,0.034,-0.021,-0.001,0.5099458,0.61781895,10.0616229,5.50999975204,4.46251630783,1.92999994755,1.21681284904,86.6969299316,0.160991564393,18.7605457306,-0.153466552496,97686.0107422,16.9400005341,-143.267440796,False
25.8,-0.004,-0.021,0.003,0.38245935,0.392266,10.36562905,5.42000007629,5.45964002609,1.88999998569,1.65393877029,86.6349487305,0.145262941718,18.7572746277,-0.186974182725,97689.5141602,16.9300003052,-144.875152588,False
25.900000000000002,-0.035,-0.019,0.014,0.34323275,0.4118793,9.65955025,5.69000005722,5.45964002609,1.83999991417,1.65393877029,86.6349487305,0.104820333421,18.7472343445,-0.193320333958,97685.723877,16.9200000763,-144.875152588,False
26.0,-0.023,-0.018,0.007,0.38245935,0.2745862,9.9635564,5.65000009537,5.45964002609,1.81999993324,1.65393877029,86.6349487305,0.0789830237627,18.7335224152,-0.164148926735,97685.2966309,16.8799991608,-142.253692627,False
26.1,-0.15,-0.031,0.017,0.40207265,0.4903325,10.54214875,5.86999988556,5.45964002609,1.80999994278,1.65393877029,86.6349487305,0.0766639709473,18.7267189026,-0.165028259158,97685.0585938,16.8799991608,-142.253692627,False
26.200000000000003,-0.15,-0.031,0.017,0.40207265,0.4903325,10.54214875,5.90999984741,4.76805448532,1.76999998093,2.06073331833,86.3536911011,0.0855639055371,18.7146625519,-0.236118286848,97685.0585938,16.859998703,-140.525817871,False
26.3,-0.081,-0.009,0.007,0.5491724,0.7649187,10.5715687,8.28999996185,4.76805448532,1.66999995708,2.06073331833,86.3536911011,0.0855639055371,18.7146625519,-0.236118286848,97686.4440918,16.8099994659,-139.703369141,False
26.400000000000002,0.074,-2.6942229581200003e-18,-0.022,0.4511059,0.3530394,10.14988275,8.59000015259,4.76805448532,1.56999993324,2.06073331833,86.3536911011,0.111641280353,18.6928195953,-0.301735162735,97686.5905762,16.8099994659,-139.703369141,False
26.5,0.112,0.004,-0.029,0.392266,0.34323275,9.91452315,8.84000015259,4.76805448532,1.5,2.06073331833,86.3536911011,0.112153694034,18.6836147308,-0.298702269793,97686.5905762,16.7700004578,-139.703369141,False
26.6,0.122,0.004,-0.028,0.46091255,0.2157463,9.62032365,11.0399999619,4.76805448532,1.42999994755,2.06073331833,86.3536911011,0.0996820032597,18.674905777,-0.270299494267,97691.8945312,16.7399997711,-135.150726318,False
26.700000000000003,0.122,0.004,-0.028,0.46091255,0.2157463,9.62032365,11.279999733,4.76805448532,1.39999997616,2.06073331833,86.3536911011,0.0564985536039,18.6627902985,-0.222046673298,97691.8945312,16.6999988556,-134.150695801,False
26.8,0.087,-0.001,-0.021,0.3334261,0.20593965,9.34573745,11.4099998474,6.03144407272,1.37999999523,2.01849627495,86.6770401001,0.0339495465159,18.6531620026,-0.182441428304,97686.8469238,16.6800003052,-130.704498291,False
26.900000000000002,0.038,-0.013,1.59204083889e-18,0.42168595,0.4707192,9.7478101,17.1399993896,6.03144407272,1.38999998569,2.01849627495,86.6770401001,-0.0237239133567,18.6469841003,-0.168923035264,97684.4055176,16.6700000763,-130.704498291,False
27.0,0.087,-0.011,0.009,0.50013915,0.46091255,10.22833595,17.4499988556,6.03144407272,1.36000001431,2.01849627495,86.6770401001,-0.065686866641,18.6385879517,-0.196023076773,97682.7026367,16.6499996185,-130.300720215,False
27.1,0.158,-0.003,-0.007,0.57859235,0.57859235,10.13026945,21.0499992371,6.03144407272,1.32999992371,2.01849627495,86.6770401001,-0.10824380815,18.6319980621,-0.208567470312,97681.4453125,16.6399993896,-130.300720215,False
27.200000000000003,0.158,-0.003,-0.007,0.57859235,0.57859235,10.13026945,21.5,8.48944187164,1.28999996185,2.15976262093,86.6049499512,-0.179607391357,18.6294593811,-0.169784605503,97681.4453125,16.6199989319,-129.472351074,False
27.3,0.258,0.011,-0.076,0.51975245,0.30400615,9.0417313,21.8999996185,8.48944187164,1.28999996185,2.15976262093,86.6049499512,-0.243563145399,18.6260910034,-0.0985208451748,97681.427002,16.6000003815,-129.472351074,False
27.400000000000002,0.258,0.011,-0.076,0.51975245,0.30400615,9.0417313,27.2199993134,8.48944187164,1.33999991417,2.15976262093,86.6049499512,-0.386695981026,18.6385059357,-0.0341093949974,97681.427002,16.5900001526,-128.981399536,False
27.5,0.396,-0.01,-0.081,0.48052585,0.34323275,10.81673495,27.5199985504,8.48944187164,1.38999998569,2.15976262093,86.6049499512,-0.522647500038,18.6372241974,-0.0584105029702,97681.3659668,16.5799999237,-128.981399536,False
27.6,0.358,0.002,-0.082,0.4707192,0.2745862,9.65955025,33.2799987793,15.1889333725,1.39999997616,1.74544966221,88.0509796143,-0.743658900261,18.6346340179,-0.0685771554708,97684.576416,16.5799999237,-49.8523712158,False
27.700000000000003,0.449,-0.02,-0.05,0.588399,0.5491724,10.6304086,33.4300003052,15.1889333725,1.42999994755,1.74544966221,88.0509796143,-0.980569660664,18.6397857666,-0.0354858152568,97684.576416,16.5699996948,-50.852394104,False
27.8,0.449,-0.02,-0.05,0.588399,0.5491724,10.6304086,35.8899993896,15.1889333725,1.45999991894,1.74544966221,88.0509796143,-1.21521413326,18.643737793,-0.0310534052551,97683.8867188,16.5699996948,-52.3410797119,False
27.900000000000002,0.33,-0.01,-0.079,0.46091255,0.22555295,9.73800345,35.969997406,22.0906066895,1.53999996185,1.51038181782,89.1558685303,-1.56881952286,18.6547527313,0.0468634292483,97684.5458984,16.5599994659,-52.3410797119,False
28.0,0.43,-0.005,-0.073,0.6080123,1.2944778,10.4146623,35.8800010681,22.0906066895,1.62000000477,1.51038181782,89.1558685303,-1.93185245991,18.6727828979,0.0140499100089,97681.036377,16.5699996948,-52.587890625,False
28.1,0.43,-0.005,-0.073,0.6080123,1.2944778,10.4146623,39.1199989319,22.0906066895,1.63999998569,1.51038181782,89.1558685303,-2.13461923599,18.6843948364,0.0236842539161,97681.036377,16.5699996948,-52.587890625,False
28.200000000000003,0.313,-0.021,-0.164,0.53936575,1.4513842,9.2574776,39.1299972534,22.0906066895,1.75,1.51038181782,89.1558685303,-2.46710133553,18.6918468475,0.111628748477,97686.0778809,16.5699996948,-58.3585739136,False
28.3,0.218,-0.007,-0.259,0.5295591,1.48080415,7.256921,39.25,30.7650260925,1.91999995708,0.587903082371,91.8416366577,-2.73918676376,18.7103862762,0.35404586792,97681.2866211,16.5799999237,-58.3585739136,False
28.400000000000002,0.194,-0.054,-0.376,0.588399,0.9022118,8.75733845,41.5799980164,30.7650260925,2.21000003815,0.587903082371,91.8416366577,-3.13868641853,18.7335853577,0.604198634624,97684.9914551,16.6199989319,-68.3198928833,False
28.5,0.203,-0.12,-0.395,0.63743225,0.50013915,9.77723005,41.5900001526,30.7650260925,2.52999997139,0.587903082371,91.8416366577,-3.59585261345,18.7496623993,0.832002997398,97689.3432617,16.6800003052,-68.3198928833,False
28.6,0.191,-0.163,-0.349,0.63743225,0.63743225,9.1594111,44.75,30.7650260925,2.8599998951,0.587903082371,91.8416366577,-4.17579889297,18.7469730377,1.0348623991,97682.0007324,16.75,-79.4624328613,False
28.700000000000003,0.191,-0.163,-0.349,0.63743225,0.63743225,9.1594111,44.7399978638,30.7650260925,3.25999999046,0.587903082371,91.8416366577,-4.45904397964,18.7441825867,1.16076779366,97682.0007324,16.859998703,-79.4624328613,False
28.8,0.336,-0.263,-0.274,0.8041453,0.6668522,11.1991943,44.75,37.3604850769,3.74000000954,-2.39935398102,102.71496582,-5.27193689346,18.6870670319,1.35744845867,97692.5109863,16.9799995422,-68.4572219849,False
28.900000000000002,0.336,-0.263,-0.274,0.8041453,0.6668522,11.1991943,44.75,37.3604850769,4.19999980927,-2.39935398102,102.71496582,-5.69837141037,18.6445217133,1.37307560444,97692.5109863,17.1199989319,-68.4572219849,False
29.0,0.168,-0.32,-0.209,1.2944778,0.83356525,13.99408955,44.7700004578,37.3604850769,4.59999990463,-2.39935398102,102.71496582,-6.66943740845,18.5129165649,1.26972532272,97699.230957,17.2700004578,-84.4074249268,False
29.1,0.168,-0.32,-0.209,1.2944778,0.83356525,13.99408955,44.7700004578,37.3604850769,4.88000011444,-2.39935398102,102.71496582,-7.17445373535,18.4188594818,1.17362475395,97699.230957,17.4099998474,-84.4074249268,False
29.200000000000003,0.049,-0.341,-0.218,1.4317709,1.1179581,14.13138265,44.7700004578,37.3604850769,5.07999992371,-2.39935398102,102.71496582,-8.35556602478,18.1696987152,1.00394666195,97701.348877,17.5299987793,-111.334228516,False
29.3,-0.024,-0.331,-0.283,1.67693715,1.0395049,13.8469898,44.7700004578,41.9660301208,5.2999997139,-0.223186776042,112.384941101,-9.16843414307,17.9653549194,0.888909637928,97705.1635742,17.6499996185,-111.334228516,False
29.400000000000002,-0.024,-0.331,-0.283,1.67693715,1.0395049,13.8469898,44.7700004578,41.9660301208,5.50999975204,-0.223186776042,112.384941101,-9.81804084778,17.7575454712,0.777152836323,97705.1635742,17.75,-125.57849884,False
29.5,0.066,-0.345,-0.289,1.71616375,1.08853815,14.71978165,44.7599983215,41.9660301208,5.65000009537,-0.223186776042,112.384941101,-11.0212020874,17.3047637939,0.526049077511,97706.628418,17.8299999237,-125.57849884,False
29.6,0.056,-0.338,-0.285,1.69655045,1.0787315,14.15099595,44.7599983215,43.1293754578,5.73999977112,1.20997023582,121.848747253,-11.6885471344,16.9973640442,0.392172306776,97705.847168,17.8999996185,-159.505462646,False
29.700000000000003,0.056,-0.34,-0.311,1.69655045,0.97085835,13.93524965,44.75,43.1293754578,5.83999967575,1.20997023582,121.848747253,-12.4705066681,16.6023254395,0.270068585873,97707.3181152,17.9499988556,-160.505493164,False
29.8,0.06,-0.333,-0.321,1.7259704,1.12776475,13.8273765,44.75,43.1293754578,5.90999984741,1.20997023582,121.848747253,-13.2258453369,16.1692218781,0.184824287891,97711.4196777,17.9899997711,-188.963500977,False
29.900000000000002,0.029,-0.344,-0.339,1.6867438,1.04931155,13.95486295,44.75,43.1293754578,5.96999979019,1.20997023582,121.848747253,-13.9615564346,15.6862096786,0.0948571562767,97711.2609863,18.0100002289,-188.963500977,False
30.0,0.029,-0.344,-0.339,1.6867438,1.04931155,13.95486295,44.7399978638,44.981678009,6.0,1.73375999928,132.56968689,-14.8531351089,15.0480604172,0.0173112694174,97711.2609863,18.0299987793,-229.027740479,False
30.1,-0.009,-0.361,-0.318,1.75539035,0.79433865,13.8862164,44.7399978638,44.981678009,6.05999994278,1.73375999928,132.56968689,-15.1244459152,14.8201742172,-0.0100320316851,97708.8195801,18.0399990082,-229.027740479,False
30.200000000000003,-0.07,-0.377,-0.28,1.7259704,1.2748645,15.28856735,44.719997406,44.981678009,6.08999967575,1.73375999928,132.56968689,-16.2573852539,13.8118724823,-0.201751336455,97712.0422363,18.0499992371,-250.536727905,False
30.3,-0.038,-0.383,-0.292,1.73577705,1.0395049,16.2005858,44.7099990845,45.1806373596,6.02999973297,2.5685737133,140.174804688,-16.8162918091,13.231007576,-0.383628189564,97708.3679199,18.0499992371,-250.536727905,False
30.400000000000002,0.041,-0.356,-0.284,1.79461695,1.1964113,15.2395341,44.6899986267,45.1806373596,5.8799996376,2.5685737133,140.174804688,-17.6049633026,12.2934093475,-0.626662433147,97712.5915527,18.0299987793,-277.169036865,False
30.5,0.041,-0.356,-0.284,1.79461695,1.1964113,15.2395341,44.6800003052,45.1806373596,5.71000003815,2.5685737133,140.174804688,-18.1940822601,11.5177240372,-0.789390027523,97712.5915527,17.9899997711,-276.169006348,False
30.6,0.001,-0.34,-0.317,1.5494507,1.18660465,14.1411893,44.6699981689,45.1806373596,5.50999975204,2.5685737133,140.174804688,-18.6208381653,10.8782167435,-0.878287792206,97709.9365234,17.9300003052,-299.95880127,False
30.700000000000003,0.001,-0.34,-0.317,1.5494507,1.18660465,14.1411893,44.5599975586,46.5562210083,5.28999996185,3.45836853981,150.474578857,-18.6208381653,10.8782167435,-0.878287792206,97709.9365234,17.8500003815,-299.95880127,False
30.8,-0.017,-0.353,-0.329,1.5494507,0.980665,14.48442205,43.969997406,46.5562210083,5.06999969482,3.45836853981,150.474578857,-19.5605068207,9.22958183289,-1.04708445072,97703.3081055,17.7600002289,-309.218994141,False
30.900000000000002,-0.06,-0.346,-0.312,1.3533177,1.22583125,14.05292945,42.4099998474,46.5562210083,4.83999967575,3.45836853981,150.474578857,-19.9612865448,8.3438243866,-1.12757241726,97710.0280762,17.6599998474,-309.218994141,False
31.0,-0.06,-0.346,-0.312,1.3533177,1.22583125,14.05292945,40.8299980164,46.5562210083,4.55999994278,3.45836853981,150.474578857,-20.3222045898,7.47453308105,-1.21100723743,97710.0280762,17.5599994659,-331.69744873,False
31.1,-0.079,-0.34,-0.314,1.46119085,1.2356379,14.121576,38.9399986267,46.5562210083,4.26999998093,3.45836853981,150.474578857,-20.6108131409,6.60268592834,-1.30831849575,97707.3669434,17.4400005341,-331.69744873,False
31.200000000000003,-0.169,-0.346,-0.307,1.3140911,0.91201845,15.3768272,36.6899986267,46.6502418518,3.89999985695,3.75820541382,162.035369873,-20.8960018158,5.64942216873,-1.44802713394,97695.6359863,17.3199996948,-368.853179932,False
31.3,-0.243,-0.337,-0.305,1.176798,1.02969825,14.2588691,34.2000007629,46.6502418518,3.47000002861,3.75820541382,162.035369873,-21.0936183929,4.71695375443,-1.58856391907,97696.6247559,17.1900005341,-368.853179932,False
31.400000000000002,-0.272,-0.299,-0.314,1.0198916,0.9414384,13.7881499,31.4399986267,46.6502418518,3.01999998093,3.75820541382,162.035369873,-21.2160205841,3.85561347008,-1.67851865292,97696.6247559,17.0399990082,-381.565673828,False
31.5,-0.344,-0.256,-0.299,0.83356525,0.87279185,12.66038515,28.6999988556,46.6502418518,2.53999996185,3.75820541382,162.035369873,-21.2814559937,2.89519238472,-1.72576773167,97688.3972168,16.6999988556,-375.736236572,False
31.6,-0.344,-0.256,-0.299,0.83356525,0.87279185,12.66038515,25.859998703,41.4346809387,2.06999993324,4.10949707031,174.691970825,-21.2789077759,2.45157694817,-1.74139642715,97688.3972168,16.6999988556,-375.736236572,False
31.700000000000003,-0.283,-0.265,-0.287,0.6080123,0.6864655,12.6309652,23.0900001526,41.4346809387,1.62999999523,4.10949707031,174.691970825,-21.2678451538,1.72497630119,-1.74790084362,97682.3120117,16.5200004578,-375.736236572,False
31.8,-0.192,-0.243,-0.279,0.3138128,0.6668522,12.7290317,20.1000003815,41.4346809387,1.12000000477,4.10949707031,174.691970825,-21.1552829742,0.834896922112,-1.84516584873,97687.4328613,16.3299999237,-403.568847656,False
31.900000000000002,-0.296,-0.235,-0.24,0.2745862,0.65704555,12.7290317,16.8099994659,41.4346809387,0.569999992847,4.10949707031,174.691970825,-21.022397995,0.117198981345,-1.92177248001,97674.8718262,16.1399993896,-403.568847656,False
32.0,-0.401,-0.182,-0.22,0.1765197,0.8041453,12.9251647,13.4799995422,41.4346809387,-0.00999999977648,4.10949707031,174.691970825,-20.8886394501,-0.432963967323,-2.00149297714,97668.0969238,15.9299993515,-399.177185059,False
32.1,-0.401,-0.182,-0.22,0.1765197,0.8041453,12.9251647,10.1399993896,36.0316390991,-0.699999988079,4.72495222092,-176.374328613,-20.7433567047,-0.919421851635,-2.070956707,97668.0969238,15.7199993134,-399.177185059,False
32.2,-0.539,-0.1,-0.243,-0.0980665,0.61781895,10.7480884,7.17000007629,36.0316390991,-1.37000000477,4.72495222092,-176.374328613,-20.461856842,-1.62584161758,-2.09937238693,97665.6005859,15.4799995422,-387.917907715,False
32.300000000000004,-0.416,-0.088,-0.24,-0.12748645,0.4707192,11.22861425,4.48999977112,36.0316390991,-2.00999999046,4.72495222092,-176.374328613,-20.2941474915,-1.95585262775,-2.10681152344,97656.4880371,15.2399997711,-387.917907715,False
32.4,-0.45,-0.065,-0.226,-0.196133,0.4118793,11.1403544,2.0,36.0316390991,-2.66999983788,4.72495222092,-176.374328613,-20.0666713715,-2.37017846107,-2.163449049,97655.8044434,15.0,-376.054748535,False
32.5,-0.497,-0.042,-0.2,-0.4118793,0.4118793,10.16949605,-0.409999996424,25.4618740082,-3.38999986649,4.31288957596,-170.035858154,-19.8032569885,-2.7828066349,-2.17718148232,97654.8339844,14.75,-376.054748535,False
32.6,-0.457,-0.013,-0.185,-0.38245935,0.55897905,9.05153795,-2.44000005722,25.4618740082,-4.09999990463,4.31288957596,-170.035858154,-19.5942802429,-3.02309989929,-2.08177685738,97645.1049805,14.4899997711,-376.713928223,False
32.7,-0.407,-0.005,-0.169,-0.46091255,0.5099458,9.0613446,-4.05999994278,25.4618740082,-4.67999982834,4.31288957596,-170.035858154,-19.3948020935,-3.22796034813,-1.98707139492,97638.7878418,14.2399997711,-376.713928223,False
32.800000000000004,-0.402,-0.004,-0.167,-0.50013915,0.2157463,9.4339973,-5.5499997139,25.4618740082,-5.28999996185,4.31288957596,-170.035858154,-19.1469268799,-3.42869019508,-1.8798853159,97638.7878418,14.0,-344.593811035,False
32.9,-0.392,0.004,-0.13,-0.4707192,0.0588399,9.50264385,-6.96000003815,14.9392080307,-5.8799996376,3.30879855156,-165.401168823,-18.9940299988,-3.54420375824,-1.80158960819,97633.3435059,13.7599992752,-344.593811035,False
33.0,-0.374,0.01,-0.07,-0.5099458,0.2353596,9.01231135,-8.18999958038,14.9392080307,-6.44000005722,3.30879855156,-165.401168823,-18.766122818,-3.67441678047,-1.702511549,97633.3435059,13.529999733,-316.05166626,False
33.1,-0.448,0.026,-0.035,-0.59820565,0.3138128,8.7671451,-9.26999950409,14.9392080307,-6.98000001907,3.30879855156,-165.401168823,-18.6224632263,-3.73359465599,-1.62831997871,97628.4606934,13.2999992371,-316.05166626,False
33.2,-0.512,0.072,-0.01,-0.61781895,0.46091255,8.6494653,-10.1499996185,14.9392080307,-7.51999998093,3.30879855156,-165.401168823,-18.4365119934,-3.75540566444,-1.50225234032,97626.9592285,13.0799999237,-294.44543457,False
33.300000000000004,-0.435,0.105,-0.021,-0.57859235,0.392266,8.46313895,-10.7600002289,14.9392080307,-8.01999950409,3.30879855156,-165.401168823,-18.313167572,-3.71848630905,-1.34560441971,97622.2961426,12.8699998856,-294.44543457,False
33.4,-0.435,0.105,-0.021,-0.57859235,0.392266,8.46313895,-11.0900001526,3.33193635941,-8.44999980927,1.96035003662,-164.048797607,-18.2674541473,-3.69495487213,-1.28217983246,97622.2961426,12.6799993515,-281.497192383,False
33.5,-0.251,0.137,-0.049,-0.6276256,0.4118793,6.79600845,-11.25,3.33193635941,-8.80999946594,1.96035003662,-164.048797607,-18.1341781616,-3.5886297226,-0.943954706192,97618.7255859,12.5,-281.497192383,False
33.6,-0.251,0.137,-0.049,-0.6276256,0.4118793,6.79600845,-11.3000001907,3.33193635941,-9.06999969482,1.96035003662,-164.048797607,-18.0288448334,-3.47777032852,-0.562810182571,97618.7255859,12.3400001526,-249.076843262,False
33.7,-0.225,0.128,-0.047,-0.7649187,0.3726527,6.85484835,-11.3999996185,-1.80285847187,-9.22000026703,-0.110354408622,-163.318054199,-17.9530963898,-3.37276315689,-0.268520712852,97620.2392578,12.2199993134,-249.076843262,False
33.800000000000004,-0.214,0.123,-0.031,-0.784532,0.44129925,6.79600845,-11.3199996948,-1.80285847187,-9.30000019073,-0.110354408622,-163.318054199,-17.9300918579,-3.32733488083,-0.134358227253,97618.560791,12.1300001144,-226.882354736,False
33.9,-0.219,0.128,-0.032,-0.81395195,0.196133,7.2176944,-11.2199993134,-1.80285847187,-9.28999996185,-0.110354408622,-163.318054199,-17.8377742767,-3.15819525719,0.357216775417,97615.4907227,12.0699996948,-226.882354736,False
34.0,-0.17,0.112,0.027,-0.784532,0.2941995,7.5903471,-11.1599998474,-1.80285847187,-9.19999980927,-0.110354408622,-163.318054199,-17.8031234741,-3.06824660301,0.566526889801,97613.5986328,12.0500001907,-206.619644165,False
34.1,-0.17,0.112,0.027,-0.784532,0.2941995,7.5903471,-11.0399999619,-6.68881130219,-9.07999992371,-3.09407067299,-162.976379395,-17.7669067383,-2.92419147491,0.818119883537,97613.5986328,12.0599994659,-206.619644165,False
34.2,-0.138,0.076,0.079,-0.5687857,-0.08825985,8.20816605,-10.8199996948,-6.68881130219,-8.94999980927,-3.09407067299,-162.976379395,-17.7565574646,-2.82805490494,0.977207899094,97615.1367188,12.0900001526,-189.587783813,False
34.300000000000004,-0.155,0.07,0.113,-0.55897905,0.0784532,8.09048625,-10.5399999619,-6.68881130219,-8.80000019073,-3.09407067299,-162.976379395,-17.7527217865,-2.70621538162,1.09137618542,97616.6931152,12.1399993896,-189.587783813,False
34.4,-0.158,0.058,0.11,-0.7649187,0.3726527,8.62004535,-10.1799993515,-6.68881130219,-8.57999992371,-3.09407067299,-162.976379395,-17.7599220276,-2.5171713829,1.29494917393,97620.3552246,12.2100000381,-179.793930054,False
34.5,-0.107,0.045,0.091,-0.73549875,0.26477955,8.9436648,-9.77999973297,-9.61345291138,-8.35999965668,-5.02823209763,-164.99609375,-17.7755413055,-2.34537601471,1.45683014393,97618.182373,12.3000001907,-179.793930054,False
34.6,-0.073,0.035,0.092,-0.65704555,0.2941995,8.9828914,-9.22999954224,-9.61345291138,-8.09000015259,-5.02823209763,-164.99609375,-17.8135509491,-2.13444447517,1.61226940155,97621.8017578,12.3999996185,-165.678024292,False
34.7,-0.073,0.035,0.092,-0.65704555,0.2941995,8.9828914,-8.61999988556,-9.61345291138,-7.80999994278,-5.02823209763,-164.99609375,-17.8252506256,-2.06641054153,1.6776444912,97621.8017578,12.529999733,-165.678024292,False
34.800000000000004,-0.064,0.024,0.125,-0.50013915,0.1372931,8.6886919,-8.03999996185,-9.61345291138,-7.48999977112,-5.02823209763,-164.99609375,-17.8837757111,-1.78296709061,1.88746011257,97631.8115234,12.6599998474,-171.195037842,False
34.9,-0.064,0.024,0.125,-0.50013915,0.1372931,8.6886919,-7.40999984741,-9.61345291138,-7.13999986649,-5.02823209763,-164.99609375,-17.9204082489,-1.63920402527,1.95412647724,97631.8115234,12.7999992371,-171.195037842,False
35.0,0.024,0.025,0.121,-0.6668522,0.24516625,9.4536106,-6.71999979019,-10.8139181137,-6.77999973297,-6.39510631561,-167.655151367,-17.9656143188,-1.45553302765,2.06529569626,97628.326416,12.9600000381,-162.823104858,False
35.1,0.024,0.025,0.121,-0.6668522,0.24516625,9.4536106,-6.00999975204,-10.8139181137,-6.38999986649,-6.39510631561,-167.655151367,-18.0065879822,-1.34565782547,2.10806632042,97628.326416,13.1300001144,-162.823104858,False
35.2,0.03,-0.015,0.13,-0.4314926,0.28439285,9.3359308,-5.23000001907,-10.8139181137,-6.01999998093,-6.39510631561,-167.655151367,-18.109167099,-1.02296435833,2.19482207298,97637.8173828,13.3099994659,-164.508239746,False
35.300000000000004,0.03,-0.015,0.13,-0.4314926,0.28439285,9.3359308,-4.36000013351,-10.8139181137,-5.6299996376,-6.39510631561,-167.655151367,-18.1787452698,-0.835112571716,2.24590945244,97637.8173828,13.6899995804,-162.510299683,False
35.4,0.132,-0.011,0.114,-0.4118793,0.2549729,10.0616229,-3.53999996185,-9.60478591919,-5.21000003815,-7.04454755783,-171.123077393,-18.2316074371,-0.68723654747,2.28780412674,97637.9089355,13.6899995804,-162.510299683,False
35.5,0.132,-0.011,0.114,-0.4118793,0.2549729,10.0616229,-2.72000002861,-9.60478591919,-4.77999973297,-7.04454755783,-171.123077393,-18.3186779022,-0.48269701004,2.32454800606,97642.3156738,13.8899993896,-162.510299683,False
35.6,0.193,-0.037,0.116,-0.2353596,0.2549729,10.38524235,-1.91999995708,-9.60478591919,-4.33999967575,-7.04454755783,-171.123077393,-18.3793621063,-0.355686753988,2.32205629349,97650.012207,14.0999994278,-163.759033203,False
35.7,0.193,-0.037,0.116,-0.2353596,0.2549729,10.38524235,-1.16999995708,-9.60478591919,-3.92999982834,-7.04454755783,-171.123077393,-18.4663448334,-0.175115406513,2.28115963936,97650.012207,14.2999992371,-163.759033203,False
35.800000000000004,0.102,-0.05,0.097,-0.2745862,0.42168595,10.7677017,-0.42999997735,-9.60478591919,-3.50999999046,-7.04454755783,-171.123077393,-18.5217037201,-0.0583158396184,2.23716926575,97651.6174316,14.5099992752,-173.959350586,False
35.9,0.083,-0.05,0.083,-0.2353596,0.4118793,10.85596155,0.259999990463,-5.36434841156,-3.12999987602,-6.62175559998,-174.296066284,-18.5915851593,0.0753717944026,2.16869783401,97658.0078125,14.7100000381,-173.959350586,False
36.0,0.071,-0.052,0.071,-0.18632635,0.5099458,10.9638347,1.0,-5.36434841156,-2.74000000954,-6.62175559998,-174.296066284,-18.6606578827,0.208373457193,2.08715033531,97660.925293,14.9099998474,-183.31413269,False
36.1,0.071,-0.052,0.071,-0.18632635,0.5099458,10.9638347,1.68999993801,-5.36434841156,-2.38999986649,-6.62175559998,-174.296066284,-18.7258052826,0.306694477797,1.97287774086,97660.925293,15.0999994278,-183.31413269,False
36.2,0.1,-0.056,0.081,0.02941995,0.22555295,11.44436055,2.33999991417,-3.71678924561,-2.09999990463,-5.73481988907,-175.857925415,-18.8121013641,0.430224955082,1.76754879951,97665.8508301,15.2899999619,-190.716171265,False
36.300000000000004,0.155,-0.046,0.103,0.0196133,0.3138128,11.05209455,2.91999983788,-3.71678924561,-1.83999991417,-5.73481988907,-175.857925415,-18.8662948608,0.501664876938,1.67082691193,97669.5129395,15.4600000381,-190.716171265,False
36.4,0.13,-0.043,0.109,0.0392266,0.4511059,10.75789505,3.42999982834,-3.71678924561,-1.56999993324,-5.73481988907,-175.857925415,-18.9272117615,0.588501155376,1.54659211636,97668.2250977,15.6099996567,-170.719726562,False
36.5,0.091,-0.042,0.09,-0.0588399,0.53936575,10.50292215,3.87999987602,-1.17864155769,-1.29999995232,-4.94154548645,-177.763916016,-18.9734535217,0.656675934792,1.47297132015,97671.4599609,15.7599992752,-170.719726562,False
36.6,0.041,-0.078,0.059,-0.0392266,0.50013915,11.179581,4.30999994278,-1.17864155769,-1.02999997139,-4.94154548645,-177.763916016,-19.0039768219,0.715635061264,1.42103421688,97671.4599609,15.9099998474,-183.122833252,False
36.7,0.041,-0.078,0.059,-0.0392266,0.50013915,11.179581,4.77999973297,-1.17864155769,-0.759999990463,-4.94154548645,-177.763916016,-19.0481777191,0.775762498379,1.31347215176,97677.6123047,16.0399990082,-183.122833252,False
36.800000000000004,0.103,-0.091,0.029,0.0,0.3726527,11.67972015,5.21000003815,-1.17864155769,-0.539999961853,-4.94154548645,-177.763916016,-19.0842056274,0.824523448944,1.10503196716,97685.2294922,16.1700000763,-194.706542969,False
36.9,0.181,-0.101,0.038,0.24516625,0.34323275,12.36618565,5.46000003815,-1.17864155769,-0.399999976158,-4.94154548645,-177.763916016,-19.1141109467,0.842848181725,0.949686348438,97684.0026855,16.2799987793,-194.706542969,False
37.0,0.131,-0.094,0.065,0.22555295,0.59820565,11.7287534,5.65999984741,1.88430833817,-0.299999982119,-2.86283969879,-179.358779907,-19.1330413818,0.831135690212,0.772592127323,97684.3078613,16.3799991608,-199.526397705,False
37.1,0.002,-0.081,0.079,0.24516625,0.7060788,10.5715687,5.73999977112,1.88430833817,-0.229999989271,-2.86283969879,-179.358779907,-19.1501197815,0.836258530617,0.625640630722,97688.269043,16.4699993134,-199.526397705,False
37.2,0.02,-0.049,0.035,0.0784532,0.69627215,10.36562905,5.94000005722,1.88430833817,-0.109999999404,-2.86283969879,-179.358779907,-19.1576194763,0.848946511745,0.582339406013,97686.4807129,16.5399990082,-209.838684082,False
37.300000000000004,-0.033,-0.032,-0.004,0.2549729,0.75511205,10.22833595,6.06999969482,1.88430833817,0.0,-2.86283969879,-179.358779907,-19.1590270996,0.852838695049,0.537495970726,97692.4194336,16.609998703,-209.838684082,False
37.4,-0.073,-0.028,-0.035,0.1569064,0.5491724,10.4538889,6.32999992371,3.31041312218,0.140000000596,-1.22202086449,179.547866821,-19.1544418335,0.872292280197,0.50593906641,97692.4194336,16.6700000763,-221.110717773,False
37.5,-0.058,-0.023,-0.053,0.18632635,0.67665885,10.2773692,6.5,3.31041312218,0.259999990463,-1.22202086449,179.547866821,-19.1523418427,0.895886778831,0.450131088495,97692.2180176,16.7299995422,-221.110717773,False
37.6,-0.002,-0.028,-0.059,0.28439285,0.588399,10.50292215,6.75,3.31041312218,0.389999985695,-1.22202086449,179.547866821,-19.1544914246,0.90435898304,0.414956539869,97690.7348633,16.7899990082,-217.592041016,False
37.7,-0.002,-0.028,-0.059,0.28439285,0.588399,10.50292215,7.00999975204,3.31041312218,0.509999990463,-1.22202086449,179.547866821,-19.1613788605,0.912695407867,0.318885296583,97690.7348633,16.8999996185,-219.133758545,False
37.800000000000004,0.087,-0.023,-0.028,0.1569064,0.30400615,10.4931155,7.11999988556,3.32382130623,0.589999973774,-0.452751368284,-179.313537598,-19.1562728882,0.893425583839,0.230802699924,97691.003418,16.8999996185,-219.133758545,False
37.9,0.13,-0.03,-0.005,0.3334261,0.4118793,10.8853815,7.17000007629,3.32382130623,0.649999976158,-0.452751368284,-179.313537598,-19.1477222443,0.872579038143,0.165097102523,97691.003418,16.9499988556,-219.133758545,False
38.0,0.089,-0.038,-0.001,0.26477955,0.392266,10.62060195,7.21000003815,3.32382130623,0.709999978542,-0.452751368284,-179.313537598,-19.1377506256,0.83427208662,0.0872311666608,97694.0124512,16.9899997711,-220.934875488,False
38.1,0.089,-0.038,-0.001,0.26477955,0.392266,10.62060195,7.1299996376,3.32382130623,0.75,-0.452751368284,-179.313537598,-19.1282958984,0.785328626633,0.0431627258658,97694.0124512,17.0399990082,-219.98614502,False
38.2,0.112,-0.065,0.031,0.3138128,0.04903325,10.91480145,6.90999984741,3.32382130623,0.77999997139,-0.452751368284,-179.313537598,-19.1091823578,0.684671401978,-0.119158476591,97691.6625977,17.0399990082,-219.98614502,False
38.300000000000004,-0.017,-0.051,0.083,0.36284605,0.57859235,11.1011278,6.67999982834,5.61502313614,0.740000009537,0.850217759609,-179.620117188,-19.0951309204,0.635589659214,-0.221678748727,97695.0744629,17.0599994659,-219.98614502,False
38.400000000000006,-0.009,-0.036,0.075,0.4511059,0.81395195,11.2972608,6.5,5.61502313614,0.669999957085,0.850217759609,-179.620117188,-19.0672664642,0.591015458107,-0.379063040018,97695.0744629,17.0599994659,-179.63961792,False
38.5,-0.24,-0.016,0.027,0.44129925,0.53936575,10.46369555,6.63999986649,5.61502313614,0.550000011921,0.850217759609,-179.620117188,-19.0485439301,0.578074097633,-0.44847074151,97695.0744629,17.0200004578,-183.265304565,False
38.6,-0.24,-0.016,0.027,0.44129925,0.53936575,10.46369555,6.69000005722,5.61502313614,0.459999978542,0.850217759609,-179.620117188,-19.0407924652,0.565207958221,-0.471874654293,97696.4538574,17.0200004578,-183.265304565,False
38.7,-0.27,-0.018,0.008,0.40207265,0.4707192,10.26756255,6.7999997139,3.4887213707,0.370000004768,1.68154120445,179.150115967,-19.0059013367,0.579697072506,-0.514226615429,97696.4538574,16.9899997711,-183.265304565,False
38.800000000000004,0.034,-0.013,-0.022,0.38245935,0.34323275,10.5127288,8.02999973297,3.4887213707,0.269999980927,1.68154120445,179.150115967,-18.9787158966,0.607284605503,-0.580284893513,97692.6879883,16.9499988556,-171.038238525,False
38.900000000000006,0.149,0.002,-0.019,0.44129925,0.57859235,9.3947707,8.28999996185,3.4887213707,0.149999991059,1.68154120445,179.150115967,-18.9488754272,0.62538599968,-0.619292795658,97692.6879883,16.9099998474,-171.038238525,False
39.0,0.115,0.007,-0.017,0.4314926,0.40207265,9.3751574,12.7699995041,3.4887213707,0.0299999993294,1.68154120445,179.150115967,-18.9353218079,0.633394777775,-0.550622820854,97690.5212402,16.859998703,-177.242858887,False
39.1,0.115,0.007,-0.017,0.4314926,0.40207265,9.3751574,13.1799993515,4.28422546387,0.0,1.78360366821,179.47366333,-18.9236736298,0.628309547901,-0.499531567097,97690.5212402,16.8199996948,-177.242858887,False
39.2,0.124,-1.3471114790600001e-18,-0.011,0.3726527,0.71588545,9.95374975,13.4899997711,4.28422546387,-0.0299999993294,1.78360366821,179.47366333,-18.9021816254,0.604840815067,-0.513918697834,97689.4836426,16.7899990082,-170.426361084,False
39.300000000000004,0.124,-1.3471114790600001e-18,-0.011,0.3726527,0.71588545,9.95374975,16.4300003052,4.28422546387,-0.0999999940395,1.78360366821,179.47366333,-18.8791599274,0.581401050091,-0.501704752445,97690.1245117,16.75,-170.426361084,False
39.400000000000006,0.195,0.001,-0.031,0.28439285,0.53936575,10.1204628,16.8199996948,4.28422546387,-0.159999996424,1.78360366821,179.47366333,-18.8560161591,0.526499271393,-0.514077484608,97688.7695312,16.7199993134,-169.688034058,False
39.5,0.218,0.007,-0.033,0.2941995,0.7649187,9.97336305,17.0299987793,4.28422546387,-0.229999989271,1.78360366821,179.47366333,-18.8385162354,0.478889405727,-0.516541719437,97685.4064941,16.6900005341,-169.688034058,False
39.6,0.159,0.003,-0.055,0.38245935,0.63743225,9.50264385,22.0900001526,9.22599506378,-0.289999991655,1.60443758965,-179.937942505,-18.8217716217,0.41374912858,-0.4766895473,97688.7084961,16.6499996185,-165.52772522,False
39.7,0.215,0.009,-0.085,0.2941995,0.65704555,9.28689755,22.3500003815,9.22599506378,-0.329999983311,1.60443758965,-179.937942505,-18.8059558868,0.319058477879,-0.417781412601,97682.5073242,16.6199989319,-165.52772522,False
39.800000000000004,0.215,0.009,-0.085,0.2941995,0.65704555,9.28689755,25.9300003052,9.22599506378,-0.329999983311,1.60443758965,-179.937942505,-18.7901363373,0.1769887954,-0.335262298584,97682.5073242,16.5900001526,-167.207717896,False
39.900000000000006,0.354,0.009,-0.09,0.26477955,0.42168595,9.6301303,26.1599998474,9.22599506378,-0.319999992847,1.60443758965,-179.937942505,-18.7776832581,0.0870575010777,-0.321069717407,97685.2966309,16.5599994659,-167.207717896,False
40.0,0.325,0.009,-0.096,0.22555295,0.71588545,9.01231135,30.8400001526,14.5553894043,-0.310000002384,1.10142791271,-178.302200317,-18.7557353973,-0.117689937353,-0.211076870561,97681.8786621,16.5399990082,-160.331726074,False
40.1,0.375,0.002,-0.129,0.2157463,0.5099458,9.1005712,31.0900001526,14.5553894043,-0.229999989271,1.10142791271,-178.302200317,-18.7438526154,-0.304358482361,-0.10070976615,97681.3659668,16.5299987793,-160.331726074,False
40.2,0.341,0.012,-0.138,0.3138128,0.8237586,8.5710121,33.8899993896,14.5553894043,-0.129999995232,1.10142791271,-178.302200317,-18.7266330719,-0.573281884193,0.0695869699121,97681.3659668,16.5200004578,-163.022033691,False
40.300000000000004,0.341,0.012,-0.138,0.3138128,0.8237586,8.5710121,33.9899978638,14.5553894043,0.00999999977648,1.10142791271,-178.302200317,-18.7204189301,-0.824170351028,0.17186626792,97690.3320312,16.5299987793,-163.022033691,False
40.400000000000006,0.201,-0.014,-0.182,0.30400615,0.588399,9.8851032,33.9899978638,22.9566612244,0.170000001788,-0.0185476988554,-175.479766846,-18.7106704712,-1.0663176775,0.21492163837,97687.6953125,16.5599994659,-158.60786438,False
40.5,0.21,-0.039,-0.195,0.24516625,0.7453054,9.87529655,33.7599983215,22.9566612244,0.319999992847,-0.0185476988554,-175.479766846,-18.6990776062,-1.38647341728,0.30545848608,97685.2172852,16.5900001526,-158.60786438,False
40.6,0.213,-0.054,-0.211,0.40207265,0.980665,9.77723005,38.6899986267,22.9566612244,0.509999990463,-0.0185476988554,-175.479766846,-18.6863613129,-1.64788544178,0.377454519272,97689.0380859,16.6299991608,-166.557128906,False
40.7,0.213,-0.054,-0.211,0.40207265,0.980665,9.77723005,41.6599998474,26.3255577087,0.719999969006,-0.837808907032,-172.804748535,-18.6779918671,-2.01536035538,0.430405944586,97689.0380859,16.6800003052,-167.557144165,False
40.800000000000004,0.325,-0.105,-0.239,0.4903325,0.71588545,11.64049355,41.5599975586,26.3255577087,0.919999957085,-0.837808907032,-172.804748535,-18.6500453949,-2.47928261757,0.37713944912,97690.0512695,16.7399997711,-173.071868896,False
40.900000000000006,0.346,-0.103,-0.227,0.4511059,0.87279185,11.03248125,41.1899986267,26.3255577087,1.05999994278,-0.837808907032,-172.804748535,-18.6047592163,-2.97885727882,0.336775064468,97688.1591797,16.7999992371,-173.071868896,False
41.0,0.243,-0.118,-0.239,0.4511059,0.77472535,10.1793027,42.719997406,33.5714569092,1.24000000954,-1.50252652168,-167.130828857,-18.5303173065,-3.64893388748,0.431565791368,97691.8395996,16.8999996185,-186.504364014,False
41.1,0.34,-0.152,-0.262,0.53936575,0.8237586,9.95374975,42.4899978638,33.5714569092,1.48000001907,-1.50252652168,-167.130828857,-18.4675769806,-4.11780643463,0.588362395763,97691.8395996,16.8999996185,-186.504364014,False
41.2,0.277,-0.184,-0.27,0.4707192,0.9218251,10.60098865,44.7599983215,33.5714569092,1.80999994278,-1.50252652168,-167.130828857,-18.3780193329,-4.66082239151,0.705620884895,97690.4052734,16.9699993134,-219.899169922,False
41.300000000000004,0.277,-0.184,-0.27,0.4707192,0.9218251,10.60098865,44.5399971008,33.5714569092,2.12999987602,-1.50252652168,-167.130828857,-18.2739753723,-5.25022268295,0.778364598751,97690.4052734,17.0399990082,-220.899200439,False
41.400000000000006,0.29,-0.229,-0.296,0.81395195,0.65704555,11.64049355,44.7599983215,33.5714569092,2.42999982834,-1.50252652168,-167.130828857,-18.1650657654,-5.77671957016,0.841010153294,97689.855957,17.1299991608,-233.121109009,False
41.5,0.29,-0.229,-0.296,0.81395195,0.65704555,11.64049355,44.7599983215,41.1596107483,2.77999997139,-1.99371945858,-158.765991211,-17.9612407684,-6.62734127045,0.925215542316,97689.855957,17.2199993134,-232.12109375,False
41.6,0.33,-0.275,-0.262,0.8825985,0.7649187,12.1210194,44.5399971008,41.1596107483,3.11999988556,-1.99371945858,-158.765991211,-17.8407382965,-7.07302427292,0.950776219368,97704.1442871,17.3199996948,-281.155029297,False
41.7,0.283,-0.268,-0.238,1.0198916,0.79433865,11.52281375,44.7599983215,41.1596107483,3.47000002861,-1.99371945858,-158.765991211,-17.6802368164,-7.65824270248,1.04300248623,97698.6633301,17.4300003052,-281.155029297,False
41.800000000000004,0.109,-0.316,-0.228,1.4709975,0.7453054,12.3759923,44.7700004578,41.1596107483,3.87999987602,-1.99371945858,-158.765991211,-17.4363327026,-8.42743492126,1.12063229084,97707.5927734,17.5499992371,-306.244659424,False
41.900000000000006,0.004,-0.31,-0.231,1.569064,1.2944778,12.8270982,44.7700004578,41.1596107483,4.23000001907,-1.99371945858,-158.765991211,-17.0255813599,-9.57231330872,1.11770689487,97705.6762695,17.6800003052,-306.244659424,False
42.0,0.004,-0.31,-0.231,1.569064,1.2944778,12.8270982,44.7700004578,46.1238517761,4.5499997139,-0.74711984396,-147.944534302,-16.841676712,-10.049987793,1.12701010704,97705.6762695,17.8099994659,-340.917205811,False
42.1,0.083,-0.288,-0.329,1.61809725,1.0983448,11.7091401,44.7700004578,46.1238517761,4.90999984741,-0.74711984396,-147.944534302,-16.3770999908,-11.1019620895,1.15467941761,97715.0939941,17.9499988556,-339.917175293,False
42.2,-0.034,-0.318,-0.333,1.7063571,1.12776475,11.95430635,44.7700004578,46.7331390381,5.30999994278,-0.867853105068,-142.112060547,-16.0330448151,-11.8042097092,1.24114918709,97715.0939941,18.0799999237,-360.423461914,False
42.300000000000004,-0.086,-0.334,-0.336,1.79461695,0.97085835,13.36646395,44.7700004578,46.7331390381,5.75,-0.867853105068,-142.112060547,-15.529458046,-12.7290859222,1.25625991821,97716.6381836,18.3799991608,-394.745819092,False
42.400000000000006,-0.098,-0.34,-0.329,1.8632635,1.1964113,13.8077632,44.7700004578,46.7331390381,6.15000009537,-0.867853105068,-142.112060547,-15.0423431396,-13.4696846008,1.20353710651,97716.6381836,18.3799991608,-394.745819092,False
42.5,-0.04,-0.34,-0.351,1.79461695,1.01008495,13.95486295,44.7700004578,46.7331390381,6.5,-0.867853105068,-142.112060547,-14.6228027344,-14.0715532303,1.14819824696,97720.135498,18.5299987793,-394.745819092,False
42.6,-0.065,-0.354,-0.337,1.93191005,1.08853815,14.17060925,44.7700004578,46.7331390381,6.82999992371,-0.867853105068,-142.112060547,-14.1059408188,-14.7739715576,1.08995270729,97720.135498,18.6700000763,-426.083007812,False
42.7,-0.065,-0.354,-0.337,1.93191005,1.08853815,14.17060925,44.7700004578,45.1490898132,7.13999986649,-0.972656071186,-129.36920166,-13.6103553772,-15.3392877579,0.998304545879,97720.135498,18.7999992371,-426.083007812,False
42.800000000000004,-0.126,-0.375,-0.331,2.04958985,1.06892485,14.5922952,44.7700004578,45.1490898132,7.38999986649,-0.972656071186,-129.36920166,-12.815284729,-16.171749115,0.819212019444,97721.472168,18.9300003052,-451.749816895,False
42.900000000000006,-0.054,-0.365,-0.322,1.97113665,0.99047165,14.2784824,44.7799987793,45.1490898132,7.58999967575,-0.972656071186,-129.36920166,-11.975736618,-16.946105957,0.613468170166,97725.1525879,19.0399990082,-451.749816895,False
43.0,-0.096,-0.364,-0.307,1.81423025,0.81395195,14.13138265,44.7700004578,45.1490898132,7.75,-0.972656071186,-129.36920166,-11.4024677277,-17.4166584015,0.526413321495,97727.5756836,19.1299991608,-483.71697998,False
43.1,-0.054,-0.352,-0.308,1.7848103,1.0002783,13.533177,43.6299972534,43.0706939697,7.92999982834,0.121523365378,-117.029769897,-10.7145214081,-17.9170455933,0.423137843609,97718.4814453,19.2099990845,-484.71697998,False
43.2,-0.006,-0.39,-0.304,1.8436502,0.7453054,14.52364865,43.7999992371,43.0706939697,8.0999994278,0.121523365378,-117.029769897,-9.97565174103,-18.405456543,0.323495060205,97733.404541,19.2700004578,-517.674804688,False
43.300000000000004,-0.006,-0.39,-0.304,1.8436502,0.7453054,14.52364865,42.4599990845,43.0706939697,8.19999980927,0.121523365378,-117.029769897,-9.12679958344,-18.8616809845,0.140615344048,97733.404541,19.3099994659,-516.674804688,False
43.400000000000006,0.008,-0.391,-0.266,1.69655045,1.0198916,14.95514125,41.3999977112,43.0706939697,8.23999977112,0.121523365378,-117.029769897,-9.12679958344,-18.8616809845,0.140615344048,97722.833252,19.3400001526,-524.250793457,False
43.5,0.043,-0.408,-0.247,1.63771055,0.9022118,15.5141203,39.4799995422,43.0706939697,8.22999954224,0.121523365378,-117.029769897,-7.3791103363,-19.5884780884,-0.25024458766,97727.6245117,19.3400001526,-524.250793457,False
43.6,0.043,-0.408,-0.247,1.63771055,0.9022118,15.5141203,37.25,43.9419212341,8.13999938965,3.07784366608,-103.333427429,-6.3905878067,-19.888671875,-0.493134111166,97727.6245117,19.3199996948,-531.50579834,False
43.7,-0.145,-0.38,-0.216,1.69655045,1.04931155,15.7102533,35.1599998474,43.9419212341,7.96999979019,3.07784366608,-103.333427429,-5.62832260132,-20.065284729,-0.683890461922,97724.1760254,19.2799987793,-531.50579834,False
43.800000000000004,-0.192,-0.356,-0.25,1.63771055,1.12776475,15.15127425,32.25,43.9419212341,7.69000005722,3.07784366608,-103.333427429,-4.66442680359,-20.2458095551,-0.945919752121,97724.1760254,19.2099990845,-534.134887695,False
43.900000000000006,-0.192,-0.356,-0.25,1.63771055,1.12776475,15.15127425,29.2399997711,43.9419212341,7.34999990463,3.07784366608,-103.333427429,-3.56300926208,-20.3713378906,-1.21289122105,97724.1760254,19.1199989319,-534.134887695,False
44.0,-0.179,-0.332,-0.262,1.50041745,0.93163175,15.3768272,26.0699996948,43.9419212341,6.94000005722,3.07784366608,-103.333427429,-2.59119868279,-20.4067115784,-1.48413264751,97721.7773438,18.9899997711,-531.309143066,False
44.1,-0.153,-0.342,-0.251,1.4121576,1.1179581,15.34740725,22.4200000763,41.4934997559,6.48000001907,5.96540546417,-91.9318466187,-2.01411986351,-20.3993682861,-1.64552521706,97718.1091309,18.8500003815,-531.309143066,False
44.2,-0.368,-0.306,-0.214,1.176798,1.06892485,14.709975,18.3999996185,41.4934997559,5.8799996376,5.96540546417,-91.9318466187,-0.773390293121,-20.2772254944,-2.005245924,97715.9179688,18.6700000763,-525.823791504,False
44.300000000000004,-0.393,-0.275,-0.208,1.2356379,0.8237586,13.75872995,14.4899997711,41.4934997559,5.23000001907,5.96540546417,-91.9318466187,0.0468299016356,-20.1296348572,-2.25616312027,97711.7248535,18.4699993134,-525.823791504,False
44.400000000000006,-0.475,-0.23,-0.215,0.97085835,0.83356525,13.87640975,10.6099996567,37.0218811035,4.50999975204,7.72510099411,-85.7907333374,0.763985753059,-19.9339256287,-2.45852375031,97711.7248535,18.2299995422,-500.67175293,False
44.5,-0.475,-0.23,-0.215,0.97085835,0.83356525,13.87640975,6.98000001907,37.0218811035,3.74000000954,7.72510099411,-85.7907333374,1.14283335209,-19.7949008942,-2.58529400826,97711.7248535,17.9799995422,-500.67175293,False
44.6,-0.481,-0.173,-0.217,0.77472535,1.2552512,13.62143685,3.50999999046,37.0218811035,2.91999983788,7.72510099411,-85.7907333374,1.85577952862,-19.4752960205,-2.84604787827,97705.6396484,17.6999988556,-490.013122559,False
44.7,-0.517,-0.092,-0.248,0.3726527,0.75511205,11.6895268,0.489999979734,37.0218811035,2.03999996185,7.72510099411,-85.7907333374,2.47711181641,-19.0907859802,-3.02757287025,97695.3796387,17.4099998474,-490.013122559,False
44.800000000000004,-0.517,-0.092,-0.248,0.3726527,0.75511205,11.6895268,-2.07999992371,37.0218811035,1.19999992847,7.72510099411,-85.7907333374,2.62681293488,-18.9779033661,-3.07037568092,97695.3796387,17.1000003815,-466.781982422,False
44.900000000000006,-0.489,-0.049,-0.24,0.1765197,0.9610517,11.1403544,-4.34999990463,25.9957122803,0.329999983311,8.37815475464,-78.3880996704,3.00293946266,-18.649433136,-3.14297533035,97690.8935547,16.7700004578,-466.781982422,False
45.0,-0.561,-0.031,-0.208,0.0,0.71588545,9.5516771,-6.19000005722,25.9957122803,-0.550000011921,8.37815475464,-78.3880996704,3.27729773521,-18.332862854,-3.13011145592,97671.2890625,16.4400005341,-428.223236084,False
45.1,-0.485,-0.002,-0.184,-0.0784532,0.6864655,9.7674234,-7.77999973297,25.9957122803,-1.37000000477,8.37815475464,-78.3880996704,3.44301700592,-18.0847682953,-3.08370923996,97675.4577637,16.109998703,-428.223236084,False
45.2,-0.485,-0.002,-0.184,-0.0784532,0.6864655,9.7674234,-9.05000019073,25.9957122803,-2.15999984741,8.37815475464,-78.3880996704,3.51475191116,-17.9390392303,-3.07315659523,97675.4577637,15.7899999619,-390.259552002,False
45.300000000000004,-0.495,0.012,-0.15,-0.16671305,0.32361945,9.30651085,-10.1399993896,12.5373497009,-2.97000002861,7.18898391724,-72.2909317017,3.63014698029,-17.6257801056,-2.98859500885,97664.2089844,15.4600000381,-390.259552002,False
45.400000000000006,-0.437,0.041,-0.13,-0.1569064,0.36284605,8.36507245,-11.0100002289,12.5373497009,-3.73000001907,7.18898391724,-72.2909317017,3.67077326775,-17.3884525299,-2.82969808578,97664.2089844,14.8299999237,-361.176696777,False
45.5,-0.463,0.044,-0.106,-0.36284605,0.24516625,9.05153795,-11.6599998474,12.5373497009,-4.42000007629,7.18898391724,-72.2909317017,3.66957831383,-17.1993980408,-2.71912288666,97656.9335938,14.8299999237,-361.176696777,False
45.6,-0.383,0.069,-0.065,-0.40207265,0.1765197,8.5121722,-12.1599998474,12.5373497009,-5.08999967575,7.18898391724,-72.2909317017,3.64523291588,-17.0268058777,-2.5974342823,97646.1364746,14.529999733,-346.46206665,False
45.7,-0.383,0.069,-0.065,-0.40207265,0.1765197,8.5121722,-12.5999994278,3.71995782852,-5.73999977112,6.09063243866,-69.8957672119,3.62959361076,-16.9692897797,-2.52007818222,97646.1364746,14.2399997711,-346.46206665,False
45.800000000000004,-0.354,0.074,-0.029,-0.40207265,0.20593965,8.0610663,-12.8400001526,3.71995782852,-6.2999997139,6.09063243866,-69.8957672119,3.50954318047,-16.7338066101,-2.23610973358,97644.3664551,13.9600000381,-310.378448486,False
45.900000000000006,-0.189,0.073,0.013,-0.4314926,0.02941995,8.83579165,-12.9299993515,3.71995782852,-6.84999990463,6.09063243866,-69.8957672119,3.43823122978,-16.6239795685,-2.13382554054,97640.0512695,13.6999998093,-310.378448486,False
46.0,-0.242,0.092,0.055,-0.38245935,0.1372931,7.95319315,-13.029999733,3.71995782852,-7.39999961853,6.09063243866,-69.8957672119,3.35144233704,-16.4967136383,-1.98260486126,97633.1848145,13.4499998093,-278.774261475,False
46.1,-0.274,0.099,0.086,-0.46091255,0.18632635,7.81590005,-13.0199995041,-2.44169330597,-7.8799996376,4.2420539856,-70.0008010864,3.21847605705,-16.3678627014,-1.72859823704,97628.4667969,13.2199993134,-278.774261475,False
46.2,-0.246,0.121,0.103,-0.4903325,0.28439285,7.38440745,-12.9399995804,-2.44169330597,-8.28999996185,4.2420539856,-70.0008010864,3.11256480217,-16.2936916351,-1.53806853294,97627.5268555,13.0099992752,-241.827011108,False
46.300000000000004,-0.188,0.138,0.098,-0.392266,0.08825985,6.7862018,-12.7599992752,-2.44169330597,-8.63000011444,4.2420539856,-70.0008010864,2.97268915176,-16.2182846069,-1.2592164278,97625.2075195,12.8199996948,-241.827011108,False
46.400000000000006,-0.188,0.138,0.098,-0.392266,0.08825985,6.7862018,-12.5099992752,-2.44169330597,-8.88000011444,4.2420539856,-70.0008010864,2.83111739159,-16.148519516,-0.92518311739,97625.2075195,12.6499996185,-216.404342651,False
46.5,-0.114,0.137,0.097,-0.55897905,0.3334261,7.0804013,-12.1999998093,-2.44169330597,-9.03999996185,4.2420539856,-70.0008010864,2.67781114578,-16.0912132263,-0.663777291775,97618.6645508,12.5099992752,-216.404342651,False
46.6,-0.064,0.151,0.113,-0.55897905,0.3726527,7.0804013,-11.8199996948,-7.79653978348,-9.1799993515,0.414397060871,-72.5195617676,2.5217564106,-16.0447254181,-0.395044803619,97619.6472168,12.4099998474,-204.877853394,False
46.7,-0.064,0.151,0.113,-0.55897905,0.3726527,7.0804013,-11.3999996185,-7.79653978348,-9.26000022888,0.414397060871,-72.5195617676,2.40486979485,-16.0207996368,-0.149623721838,97619.6472168,12.279999733,-179.99420166,False
46.800000000000004,-0.135,0.147,0.09,-0.5295591,0.30400615,6.5116156,-10.9200000763,-7.79653978348,-9.22999954224,0.414397060871,-72.5195617676,2.24012470245,-15.9862356186,0.155111044645,97617.2607422,12.279999733,-179.99420166,False
46.900000000000006,-0.163,0.131,0.073,-0.63743225,0.28439285,7.3157609,-10.4299993515,-7.79653978348,-9.11999988556,0.414397060871,-72.5195617676,2.04998278618,-15.9695358276,0.544060528278,97617.2607422,12.2599992752,-179.99420166,False
47.0,-0.163,0.131,0.073,-0.63743225,0.28439285,7.3157609,-9.93999958038,-10.5933761597,-8.92000007629,-3.30833649635,-74.3266906738,1.97883141041,-15.9653596878,0.666069567204,97617.2607422,12.279999733,-166.803924561,False
47.1,-0.102,0.108,0.077,-0.6080123,0.10787315,7.65899365,-9.4299993515,-10.5933761597,-8.68999958038,-3.30833649635,-74.3266906738,1.68965101242,-15.9737071991,1.18872535229,97619.1711426,12.3299999237,-166.803924561,False
47.2,-0.022,0.103,0.094,-0.6472389,0.2549729,7.60015375,-8.80000019073,-10.5933761597,-8.39999961853,-3.30833649635,-74.3266906738,1.5282394886,-15.9898014069,1.45140421391,97622.2717285,12.4099998474,-154.721832275,False
47.300000000000004,0.057,0.051,0.125,-0.3726527,-0.02941995,8.0806796,-8.22000026703,-10.5933761597,-8.05000019073,-3.30833649635,-74.3266906738,1.40473496914,-16.0141143799,1.62622368336,97619.4885254,12.5199995041,-154.721832275,False
47.400000000000006,0.039,0.053,0.14,-0.5491724,0.2941995,8.40429905,-7.64999961853,-10.4143095016,-7.66999959946,-5.77872562408,-76.3972396851,1.27098834515,-16.0456829071,1.79543912411,97625.3356934,12.6499996185,-151.2628479,False
47.5,0.039,0.053,0.14,-0.5491724,0.2941995,8.40429905,-6.98999977112,-10.4143095016,-7.2999997139,-5.77872562408,-76.3972396851,1.16925227642,-16.0732765198,1.88882899284,97625.3356934,12.9600000381,-146.253387451,False
47.6,0.045,0.044,0.151,-0.44129925,0.30400615,9.1397978,-6.27999973297,-10.4143095016,-6.89999961853,-5.77872562408,-76.3972396851,0.862426757812,-16.1810150146,2.08868288994,97628.1311035,13.1399993896,-146.253387451,False
47.7,0.11,0.025,0.148,-0.3530394,0.38245935,9.5909037,-5.52999973297,-10.4143095016,-6.48999977112,-5.77872562408,-76.3972396851,0.732491374016,-16.2408409119,2.16028213501,97630.0292969,13.1399993896,-146.253387451,False
47.800000000000004,0.053,0.012,0.138,-0.24516625,0.22555295,9.7478101,-4.75999975204,-10.4143095016,-6.09999990463,-5.77872562408,-76.3972396851,0.589158177376,-16.3020515442,2.18364357948,97635.168457,13.3299999237,-145.572662354,False
47.900000000000006,0.023,0.011,0.127,-0.3530394,0.4314926,9.56148375,-3.99000000954,-8.46415138245,-5.69000005722,-7.26565217972,-80.0843200684,0.423502624035,-16.3822650909,2.23608350754,97636.2731934,13.5199995041,-145.572662354,False
48.0,0.001,-0.004,0.118,-0.2157463,0.38245935,9.34573745,-3.1899998188,-8.46415138245,-5.26999998093,-7.26565217972,-80.0843200684,0.194469109178,-16.4939670563,2.3114900589,97639.4104004,13.9200000763,-127.525901794,False
48.1,0.001,-0.004,0.118,-0.2157463,0.38245935,9.34573745,-2.38999986649,-8.46415138245,-4.82999992371,-7.26565217972,-80.0843200684,0.0993471592665,-16.5458221436,2.36177492142,97639.4104004,13.9200000763,-127.525901794,False
48.2,0.078,-0.03,0.092,-0.1765197,0.4314926,10.1793027,-1.58999991417,-8.46415138245,-4.36000013351,-7.26565217972,-80.0843200684,-0.130273073912,-16.6601314545,2.39119672775,97645.2453613,14.1300001144,-137.074462891,False
48.300000000000004,0.078,-0.029,0.083,-0.22555295,0.30400615,10.2185293,-0.719999969006,-8.46415138245,-3.90999984741,-7.26565217972,-80.0843200684,-0.256667226553,-16.733543396,2.3784096241,97652.6672363,14.3400001526,-137.074462891,False
48.400000000000006,0.096,-0.053,0.096,-0.18632635,0.392266,9.91452315,0.070000000298,-6.3761267662,-3.47000002861,-7.36944723129,-83.8053207397,-0.396796166897,-16.8227214813,2.38998413086,97652.6672363,14.5499992371,-149.161712646,False
48.5,0.096,-0.053,0.096,-0.18632635,0.392266,9.91452315,0.889999985695,-6.3761267662,-3.0,-7.36944723129,-83.8053207397,-0.505102813244,-16.8863697052,2.39793872833,97652.6672363,14.7699995041,-149.161712646,False
48.6,0.122,-0.071,0.082,0.0,0.28439285,10.6696352,1.64999997616,-6.3761267662,-2.53999996185,-7.36944723129,-83.8053207397,-0.657711923122,-16.9796714783,2.36004757881,97655.8105469,14.9799995422,-165.063293457,False
48.7,0.076,-0.075,0.091,0.0392266,0.30400615,10.983448,2.3599998951,-6.3761267662,-2.09999990463,-7.36944723129,-83.8053207397,-0.773407399654,-17.0680580139,2.27964425087,97660.546875,15.1999998093,-165.063293457,False
48.800000000000004,0.076,-0.075,0.091,0.0392266,0.30400615,10.983448,3.09999990463,-6.3761267662,-1.69999992847,-7.36944723129,-83.8053207397,-0.841050505638,-17.1156787872,2.21370482445,97660.546875,15.4099998474,-182.495498657,False
48.900000000000006,0.05,-0.077,0.079,0.1765197,0.5295591,11.09132115,3.83999991417,-3.56575751305,-1.31999993324,-6.04060411453,-86.1081619263,-0.97961217165,-17.21575737,2.07272005081,97667.4133301,15.6099996567,-182.495498657,False
49.0,0.1,-0.076,0.067,0.12748645,0.5491724,11.375714,4.57999992371,-3.56575751305,-0.969999969006,-6.04060411453,-86.1081619263,-1.08418464661,-17.2930526733,1.92521882057,97670.9716797,15.7999992371,-146.36706543,False
49.1,0.051,-0.083,0.07,0.1176798,0.588399,11.76798,5.30999994278,-3.56575751305,-0.659999966621,-6.04060411453,-86.1081619263,-1.20616793633,-17.381187439,1.73235881329,97675.1831055,15.9799995422,-146.36706543,False
49.2,0.092,-0.083,0.065,0.1569064,0.5687857,11.62088025,6.02999973297,-3.56575751305,-0.399999976158,-6.04060411453,-86.1081619263,-1.30165290833,-17.4467487335,1.57335948944,97677.5146484,16.1399993896,-165.825836182,False
49.300000000000004,0.066,-0.081,0.061,0.2353596,0.50013915,11.7091401,6.67999982834,-1.12362885475,-0.170000001788,-3.89923834801,-88.3851547241,-1.38942074776,-17.4956054688,1.39632201195,97682.623291,16.2899990082,-165.825836182,False
49.400000000000006,0.097,-0.082,0.044,0.24516625,0.48052585,11.50320045,7.36999988556,-1.12362885475,0.019999999553,-3.89923834801,-88.3851547241,-1.46842741966,-17.5443286896,1.24588298798,97682.623291,16.4300003052,-180.465118408,False
49.5,0.097,-0.082,0.044,0.24516625,0.48052585,11.50320045,7.96999979019,-1.12362885475,0.209999993443,-3.89923834801,-88.3851547241,-1.52037239075,-17.5738430023,1.10513365269,97682.623291,16.5399990082,-180.465118408,False
49.6,0.035,-0.099,0.03,0.1372931,0.588399,12.1210194,8.59000015259,-1.12362885475,0.329999983311,-3.89923834801,-88.3851547241,-1.5987445116,-17.6073570251,0.861004769802,97686.9995117,16.6499996185,-195.966522217,False
49.7,-0.03,-0.073,0.016,0.24516625,0.51975245,10.983448,9.11999988556,0.583241164684,0.389999985695,-1.94126105309,-89.5040435791,-1.65918457508,-17.6167964935,0.677478194237,97690.1062012,16.7299995422,-195.966522217,False
49.800000000000004,-0.03,-0.073,0.016,0.24516625,0.51975245,10.983448,9.63999938965,0.583241164684,0.479999989271,-1.94126105309,-89.5040435791,-1.70584881306,-17.6272621155,0.549955964088,97690.1062012,16.7999992371,-199.411392212,False
49.900000000000006,0.183,-0.077,0.021,0.30400615,0.28439285,11.64049355,10.1300001144,0.583241164684,0.550000011921,-1.94126105309,-89.5040435791,-1.72419571877,-17.625295639,0.428380817175,97692.4133301,16.8699989319,-199.411392212,False
50.0,0.225,-0.054,0.02,0.28439285,0.4903325,11.48358715,10.4799995422,2.69653248787,0.579999983311,-0.191724151373,-90.0488052368,-1.72885489464,-17.6080856323,0.260011136532,97688.3483887,16.9200000763,-205.83190918,False
50.1,0.225,-0.054,0.02,0.28439285,0.4903325,11.48358715,10.7600002289,2.69653248787,0.579999983311,-0.191724151373,-90.0488052368,-1.72543799877,-17.6006641388,0.176147133112,97688.3483887,16.9799995422,-157.911102295,False
50.2,0.193,-0.042,0.028,0.3530394,0.65704555,10.71866845,10.9200000763,2.69653248787,0.579999983311,-0.191724151373,-90.0488052368,-1.67733848095,-17.5555381775,0.0404355376959,97694.2504883,16.9799995422,-157.911102295,False
50.300000000000004,0.193,-0.042,0.028,0.3530394,0.65704555,10.71866845,11.0100002289,2.69653248787,0.579999983311,-0.191724151373,-90.0488052368,-1.64601063728,-17.5418739319,-0.00404848251492,97694.2504883,17.0,-157.911102295,False
50.400000000000006,0.076,-0.036,-0.011,0.20593965,0.6472389,10.52253545,11.0,2.69653248787,0.569999992847,-0.191724151373,-90.0488052368,-1.56453180313,-17.491645813,-0.110547475517,97696.0632324,17.0100002289,-161.454193115,False
50.5,0.076,-0.036,-0.011,0.20593965,0.6472389,10.52253545,10.9699993134,2.69653248787,0.550000011921,-0.191724151373,-90.0488052368,-1.55515158176,-17.4834480286,-0.113708950579,97696.0632324,17.0100002289,-161.454193115,False
50.6,0.035,-0.033,-0.043,0.34323275,0.42168595,10.26756255,10.9799995422,7.90449237823,0.550000011921,1.32109999657,-90.2532730103,-1.46992576122,-17.4305095673,-0.156537592411,97695.690918,17.0100002289,-156.262023926,False
50.7,0.035,-0.033,-0.043,0.34323275,0.42168595,10.26756255,10.8899993896,7.90449237823,0.550000011921,1.32109999657,-90.2532730103,-1.41754293442,-17.4117202759,-0.178279846907,97695.690918,17.0100002289,-156.262023926,False
50.800000000000004,0.115,-0.039,-0.048,0.2941995,0.6276256,10.71866845,10.6700000763,7.90449237823,0.539999961853,1.32109999657,-90.2532730103,-1.28609585762,-17.3629360199,-0.271073639393,97695.9533691,17.0100002289,-154.872314453,False
50.900000000000006,0.111,-0.022,-0.042,0.42168595,0.5491724,10.42446895,10.3699998856,7.90449237823,0.5,1.32109999657,-90.2532730103,-1.17309403419,-17.3235988617,-0.315720260143,97695.5993652,17.0,-149.555786133,False
51.0,0.05,-0.011,-0.037,0.44129925,0.44129925,10.0616229,10.0399999619,10.0009670258,0.479999989271,1.79642474651,-89.357963562,-1.06070351601,-17.2880802155,-0.301155179739,97691.4123535,17.0,-149.555786133,False
51.1,0.122,-0.016,-0.043,0.3530394,0.51975245,10.46369555,9.69999980927,10.0009670258,0.479999989271,1.79642474651,-89.357963562,-0.973117828369,-17.2685699463,-0.29870942235,97692.1020508,16.9899997711,-149.555786133,False
51.2,0.122,-0.016,-0.043,0.3530394,0.51975245,10.46369555,9.26000022888,10.0009670258,0.469999998808,1.79642474651,-89.357963562,-0.874525547028,-17.2453365326,-0.323530495167,97692.1020508,16.9799995422,-145.339019775,False
51.300000000000004,-0.037,0.001,-0.057,0.42168595,0.588399,10.1596894,8.80000019073,10.0009670258,0.439999997616,1.79642474651,-89.357963562,-0.722531974316,-17.2018871307,-0.358604282141,97690.9484863,16.9699993134,-145.339019775,False
51.400000000000006,-0.037,0.001,-0.057,0.42168595,0.588399,10.1596894,8.28999996185,10.0009670258,0.409999996424,1.79642474651,-89.357963562,-0.568025350571,-17.1702766418,-0.293019413948,97690.9484863,16.9599990845,-141.897964478,False
51.5,-0.105,-0.019,-0.046,0.32361945,0.5491724,9.4339973,7.69999980927,11.3968992233,0.42999997735,1.81187033653,-88.006149292,-0.500098764896,-17.1528949738,-0.261673390865,97689.0441895,16.9400005341,-141.897964478,False
51.6,-0.105,-0.019,-0.046,0.32361945,0.5491724,9.4339973,7.15999984741,11.3968992233,0.439999997616,1.81187033653,-88.006149292,-0.356415748596,-17.1187477112,-0.265467703342,97689.0441895,16.9300003052,-143.08605957,False
51.7,-0.091,0.011,-0.072,0.48052585,0.6864655,9.2378643,6.73000001907,11.3968992233,0.409999996424,1.81187033653,-88.006149292,-0.288169682026,-17.0980052948,-0.21191161871,97693.347168,16.9200000763,-143.08605957,False
51.800000000000004,-0.057,0.011,-0.086,0.46091255,0.65704555,9.8262633,6.44000005722,11.3968992233,0.439999997616,1.81187033653,-88.006149292,-0.236632853746,-17.0853977203,-0.156187981367,97692.3522949,16.9099998474,-140.63873291,False
51.900000000000006,-0.093,0.007,-0.113,0.36284605,0.46091255,10.26756255,6.09999990463,9.58156108856,0.469999998808,1.58790409565,-86.8676605225,-0.155574351549,-17.0752182007,-0.158407866955,97688.0310059,16.8999996185,-140.63873291,False
52.0,-0.093,0.007,-0.113,0.36284605,0.46091255,10.26756255,5.71000003815,9.58156108856,0.469999998808,1.58790409565,-86.8676605225,-0.0883372575045,-17.0621147156,-0.161328360438,97688.0310059,16.9099998474,-134.821502686,False
52.1,-0.078,0.003,-0.099,0.48052585,0.6080123,10.09104285,5.30999994278,9.58156108856,0.479999989271,1.58790409565,-86.8676605225,-0.0174330677837,-17.0506877899,-0.181491240859,97690.2954102,16.9099998474,-134.821502686,False
52.2,-0.123,-0.01,-0.064,0.38245935,0.32361945,10.7088618,4.88000011444,7.74952840805,0.439999997616,1.17772126198,-84.682220459,0.117021948099,-17.0328159332,-0.281872302294,97687.0361328,16.8999996185,-135.439117432,False
52.300000000000004,-0.113,0.011,-0.062,0.3726527,0.4903325,9.7281968,4.46000003815,7.74952840805,0.359999984503,1.17772126198,-84.682220459,0.193018570542,-17.0163326263,-0.29237601161,97688.9953613,16.8899993896,-135.439117432,False
52.400000000000006,-0.014,-0.007,-0.044,0.4511059,0.50013915,10.4146623,4.11999988556,7.74952840805,0.329999983311,1.17772126198,-84.682220459,0.232279121876,-17.0134983063,-0.313717126846,97686.932373,16.859998703,-130.9793396,False
52.5,-0.017,-0.016,-0.034,0.3138128,0.1765197,10.9246081,3.83999991417,7.74952840805,0.259999990463,1.17772126198,-84.682220459,0.29180419445,-16.996761322,-0.362615644932,97688.2385254,16.8400001526,-130.9793396,False
52.6,-0.017,-0.016,-0.034,0.3138128,0.1765197,10.9246081,3.46000003815,7.74952840805,0.159999996424,1.17772126198,-84.682220459,0.39066940546,-16.9722766876,-0.453659951687,97688.2385254,16.8099994659,-125.86517334,False
52.7,-0.008,-0.009,0.004,0.38245935,0.3530394,10.32640245,3.02999997139,7.74952840805,0.0499999970198,1.17772126198,-84.682220459,0.431480258703,-16.9638996124,-0.496715933084,97685.0708008,16.7799987793,-125.86517334,False
52.800000000000004,-0.02,-0.006,0.014,0.42168595,0.55897905,10.0223963,2.65999984741,6.92665815353,-0.070000000298,1.20614767075,-83.6684341431,0.501465499401,-16.9351863861,-0.515262186527,97690.4602051,16.7299995422,-131.925018311,False
52.900000000000006,-0.079,-0.012,0.012,0.50013915,0.34323275,10.4342756,2.33999991417,6.92665815353,-0.179999992251,1.20614767075,-83.6684341431,0.550411343575,-16.9280719757,-0.549160122871,97687.5305176,16.6800003052,-131.925018311,False
53.0,0.017,1.22464679915e-19,0.001,0.2941995,0.32361945,10.2381426,1.95999991894,6.92665815353,-0.319999992847,1.20614767075,-83.6684341431,0.588565587997,-16.9154872894,-0.556126952171,97685.4187012,16.6299991608,-124.501228333,False
53.1,-0.071,-0.011,0.002,0.4314926,0.3726527,10.64021525,1.65999996662,6.38543701172,-0.439999997616,1.37815213203,-83.8753204346,0.652197957039,-16.8871898651,-0.634200036526,97687.1398926,16.5799999237,-124.501228333,False
53.2,-0.105,-0.013,0.01,0.34323275,0.28439285,10.2773692,1.37000000477,6.38543701172,-0.610000014305,1.37815213203,-83.8753204346,0.68923085928,-16.8691959381,-0.667269766331,97687.1398926,16.5299987793,-126.643562317,False
53.300000000000004,-0.046,0.003,0.018,0.2157463,0.5295591,10.2773692,1.04999995232,6.38543701172,-0.769999980927,1.37815213203,-83.8753204346,0.723483860493,-16.8396091461,-0.693898975849,97683.1054688,16.4699993134,-126.643562317,False
53.400000000000006,-0.14,0.023,0.008,0.196133,0.50013915,9.3359308,0.889999985695,6.38543701172,-0.930000007153,1.37815213203,-83.8753204346,0.716484069824,-16.8181705475,-0.659183323383,97683.3862305,16.3999996185,-123.421096802,False
53.5,-0.152,0.015,-0.013,0.1569064,0.8825985,9.20844435,0.829999983311,6.38543701172,-1.03999996185,1.37815213203,-83.8753204346,0.693270802498,-16.8028488159,-0.59518289566,97683.3862305,16.3400001526,-123.421096802,False
53.6,-0.145,0.014,-0.048,0.18632635,0.3334261,10.1008495,0.959999978542,4.34161043167,-1.13999998569,1.29759967327,-84.3036880493,0.659818351269,-16.772977829,-0.559102296829,97680.9814453,16.2799987793,-117.300796509,False
53.7,-0.099,0.018,-0.041,0.3334261,0.50013915,10.16949605,0.989999949932,4.34161043167,-1.24000000954,1.29759967327,-84.3036880493,0.637417376041,-16.758939743,-0.570806920528,97680.9814453,16.2299995422,-117.300796509,False
53.800000000000004,-0.091,0.013,-0.035,0.20593965,0.2549729,10.42446895,1.10000002384,4.34161043167,-1.37999999523,1.29759967327,-84.3036880493,0.598606109619,-16.7376441956,-0.60752505064,97681.2927246,16.1800003052,-112.802124023,False
53.900000000000006,0.029,0.011,0.004,0.18632635,0.3530394,10.01258965,1.17999994755,4.34161043167,-1.52999997139,1.29759967327,-84.3036880493,0.562186002731,-16.7136669159,-0.64059394598,97673.8342285,16.1299991608,-112.802124023,False
54.0,0.069,0.027,-0.002,0.02941995,0.5295591,9.1201845,1.37999999523,1.94416081905,-1.67999994755,0.856789290905,-83.6260986328,0.515350461006,-16.6986026764,-0.596612989902,97682.3425293,16.0699996948,-109.733009338,False
54.1,0.069,0.027,-0.002,0.02941995,0.5295591,9.1201845,1.59999990463,1.94416081905,-1.77999997139,0.856789290905,-83.6260986328,0.461469620466,-16.6766529083,-0.481084227562,97682.3425293,16.0100002289,-109.733009338,False
54.2,-0.086,0.032,-0.022,0.02941995,0.4118793,9.05153795,1.78999996185,1.94416081905,-1.83999991417,0.856789290905,-83.6260986328,0.428497552872,-16.6641960144,-0.42284911871,97676.7883301,15.9600000381,-110.61706543,False
54.300000000000004,-0.094,0.025,-0.027,0.12748645,0.5295591,8.81617835,2.03999996185,1.94416081905,-1.87000000477,0.856789290905,-83.6260986328,0.352341979742,-16.6495456696,-0.297896683216,97677.7404785,15.9299993515,-110.61706543,False
54.400000000000006,-0.065,0.03,-0.042,0.0,0.44129925,8.42391235,2.42999982834,1.94416081905,-1.87000000477,0.856789290905,-83.6260986328,0.284547775984,-16.6434993744,-0.156670302153,97677.7404785,15.8999996185,-100.183296204,False
54.5,-0.004,0.025,-0.047,0.0784532,0.2941995,9.09076455,2.76999998093,0.992421984673,-1.81999993324,-0.00623254757375,-83.2569580078,0.224468156695,-16.6383914948,-0.0302021503448,97675.994873,15.8800001144,-100.183296204,False
54.6,0.062,0.027,-0.034,0.1765197,0.24516625,9.12999115,3.04999995232,0.992421984673,-1.76999998093,-0.00623254757375,-83.2569580078,0.175969704986,-16.6324214935,0.062980890274,97675.6225586,15.8699998856,-1.32064819336,False
54.7,0.062,0.027,-0.034,0.1765197,0.24516625,9.12999115,3.27999997139,0.992421984673,-1.69999992847,-0.00623254757375,-83.2569580078,0.15586631,-16.6322135925,0.125912055373,97675.6225586,15.8800001144,-1.32064819336,False
54.800000000000004,0.037,0.022,0.02,0.1176798,0.1176798,8.9436648,3.47000002861,1.82593286037,-1.61000001431,-0.570658862591,-82.8781433105,0.12465814501,-16.6360301971,0.25784856081,97677.0202637,15.8999996185,4.04481887817,False
54.900000000000006,0.067,6.12323399574e-18,0.05,0.1176798,0.2745862,10.198916,3.58999991417,1.82593286037,-1.49000000954,-0.570658862591,-82.8781433105,0.106465242803,-16.6436328888,0.284269303083,97671.6491699,15.9200000763,4.04481887817,False
55.0,0.067,6.12323399574e-18,0.05,0.1176798,0.2745862,10.198916,3.73000001907,1.82593286037,-1.39999997616,-0.570658862591,-82.8781433105,0.0953978002071,-16.6472301483,0.283846348524,97671.6491699,15.9499998093,1.77164077759,False
55.1,0.072,0.019,0.054,0.06864655,0.4314926,9.26728425,3.83999991417,1.82593286037,-1.32999992371,-0.570658862591,-82.8781433105,0.0770946666598,-16.6554851532,0.322311371565,97675.8239746,15.9799995422,1.77164077759,False
55.2,-0.12,0.025,0.029,0.16671305,0.44129925,9.7870367,3.97000002861,1.82593286037,-1.25,-0.570658862591,-82.8781433105,0.060007430613,-16.6689453125,0.303561687469,97673.9196777,16.0100002289,0.380420684814,False
55.300000000000004,-0.133,0.012,0.038,0.0588399,0.4314926,10.1596894,4.0499997139,2.84340834618,-1.20999991894,-0.90206694603,-84.2678985596,0.0376392900944,-16.682264328,0.298313111067,97672.6013184,16.0399990082,0.380420684814,False
55.400000000000006,-0.07,0.036,0.028,0.22555295,0.57859235,9.1005712,4.17999982834,2.84340834618,-1.15999996662,-0.90206694603,-84.2678985596,-0.000701093813404,-16.6904811859,0.335671305656,97677.154541,16.0699996948,1.65996551514,False
55.5,0.022,0.028,0.013,0.3138128,0.55897905,9.4732239,4.42999982834,2.84340834618,-1.05999994278,-0.90206694603,-84.2678985596,-0.0442355237901,-16.7097377777,0.389606297016,97678.1005859,16.1000003815,1.65996551514,False
55.6,0.066,0.023,-0.004,0.1765197,0.26477955,9.58109705,4.75,1.79078447819,-0.949999988079,-1.36504435539,-84.812828064,-0.0882486328483,-16.7420578003,0.441717475653,97678.5766602,16.1299991608,0.579071044922,False
55.7,0.072,0.004,0.025,0.34323275,0.3530394,9.3751574,4.92000007629,1.79078447819,-0.829999983311,-1.36504435539,-84.812828064,-0.0962257906795,-16.7618865967,0.482430994511,97673.614502,16.1700000763,0.579071044922,False
55.800000000000004,0.037,-0.018,0.026,0.34323275,0.2745862,10.16949605,5.09999990463,1.79078447819,-0.669999957085,-1.36504435539,-84.812828064,-0.120207972825,-16.8063564301,0.518929302692,97681.8359375,16.2199993134,-5.43594360352,False
55.900000000000006,0.042,-0.019,0.03,0.3530394,0.32361945,10.36562905,5.21000003815,1.79078447819,-0.550000011921,-1.36504435539,-84.812828064,-0.139019161463,-16.8448810577,0.503036797047,97685.4125977,16.2700004578,-5.43594360352,False
56.0,0.026,-0.024,0.028,0.2549729,0.4118793,10.3754357,5.35999965668,3.24187302589,-0.439999997616,-1.34630632401,-85.4084320068,-0.14714846015,-16.8672485352,0.475623100996,97685.4125977,16.3699989319,-7.40528106689,False
56.1,-0.016,-0.021,0.025,0.40207265,0.4118793,10.2969825,5.48000001907,3.24187302589,-0.340000003576,-1.34630632401,-85.4084320068,-0.169891476631,-16.9110088348,0.467076718807,97680.3588867,16.3699989319,-7.40528106689,False
56.2,0.038,3.7964050773600005e-18,0.031,0.32361945,0.61781895,9.5909037,5.65000009537,3.24187302589,-0.229999989271,-1.34630632401,-85.4084320068,-0.183014750481,-16.9392108917,0.457401126623,97676.5808105,16.4200000763,-13.8759613037,False
56.300000000000004,0.038,3.7964050773600005e-18,0.031,0.32361945,0.61781895,9.5909037,5.7999997139,3.24187302589,-0.109999999404,-1.34630632401,-85.4084320068,-0.226297110319,-16.9851913452,0.544018030167,97676.5808105,16.4699993134,-13.8759613037,False
56.400000000000006,0.143,-2.6942229581200003e-18,-0.022,0.2549729,0.6276256,9.4536106,6.0499997139,3.24187302589,0.070000000298,-1.34630632401,-85.4084320068,-0.236921578646,-17.0042896271,0.581641376019,97684.3566895,16.5200004578,-24.4396209717,False
56.5,0.05,-0.016,-0.037,0.4707192,0.63743225,9.69877685,6.15999984741,4.46838092804,0.25,-1.19971203804,-85.9137954712,-0.235595673323,-17.0451889038,0.635958492756,97684.8083496,16.5799999237,-24.4396209717,False
56.6,0.033,-0.021,-0.044,0.44129925,0.24516625,10.03220295,6.28999996185,4.46838092804,0.439999997616,-1.19971203804,-85.9137954712,-0.230324864388,-17.0731887817,0.662228405476,97684.8083496,16.6399993896,-29.5238494873,False
56.7,0.033,-0.021,-0.044,0.44129925,0.24516625,10.03220295,6.23000001907,4.46838092804,0.629999995232,-1.19971203804,-85.9137954712,-0.186389192939,-17.1208782196,0.662668049335,97684.8083496,16.7099990845,-29.5238494873,False
56.800000000000004,0.047,-0.012,1.4695761589800001e-18,0.48052585,0.40207265,9.5909037,6.08999967575,4.46838092804,0.799999952316,-1.19971203804,-85.9137954712,-0.135708793998,-17.149066925,0.691696226597,97685.534668,16.7799987793,-35.1474761963,False
56.900000000000006,0.047,-0.012,1.4695761589800001e-18,0.48052585,0.40207265,9.5909037,5.96000003815,4.46838092804,1.01999998093,-1.19971203804,-85.9137954712,-0.108859792352,-17.1677074432,0.712536275387,97685.534668,16.8500003815,-35.1474761963,False
57.0,-0.061,-0.033,0.027,0.4511059,0.30400615,9.99297635,5.75999975204,6.32611036301,1.23000001907,-0.992591559887,-85.2774200439,-0.0398377925158,-17.214515686,0.737296760082,97687.8356934,16.9300003052,-44.6889877319,False
57.1,-0.03,-0.026,0.023,0.42168595,0.5295591,10.198916,5.5499997139,6.32611036301,1.42999994755,-0.992591559887,-85.2774200439,-0.00597108155489,-17.245223999,0.718875825405,97688.5498047,17.0,-44.6889877319,False
57.2,-0.03,-0.026,0.023,0.42168595,0.5295591,10.198916,5.40000009537,6.32611036301,1.62000000477,-0.992591559887,-85.2774200439,0.00122108450159,-17.2633552551,0.716324448586,97688.5498047,17.0799999237,-51.0459899902,False
57.300000000000004,0.007,-0.026,0.016,0.46091255,0.392266,9.99297635,5.27999973297,6.32611036301,1.79999995232,-0.992591559887,-85.2774200439,0.0278068110347,-17.2838973999,0.716228783131,97691.7297363,17.1499996185,-51.0459899902,False
57.400000000000006,-0.025,-0.031,0.011,0.6080123,0.7060788,10.13026945,5.25,5.8544178009,2.0,-0.451199054718,-85.8142623901,0.0545943714678,-17.3320484161,0.671329498291,97691.1132812,17.2299995422,-55.8929443359,False
57.5,-0.119,-0.033,-0.007,0.5491724,0.8629852,10.26756255,5.21000003815,5.8544178009,2.16999983788,-0.451199054718,-85.8142623901,0.0578891411424,-17.3675327301,0.632147789001,97695.9289551,17.3799991608,-61.0677719116,False
57.6,-0.137,-0.036,-0.014,0.5687857,0.85317855,10.7677017,5.19000005722,5.8544178009,2.33999991417,-0.451199054718,-85.8142623901,0.0545776970685,-17.3954200745,0.574026346207,97695.9289551,17.3799991608,-61.0677719116,False
57.7,-0.105,-0.037,-0.029,0.6668522,0.784532,11.36590735,5.27999973297,5.8544178009,2.48000001907,-0.451199054718,-85.8142623901,0.025869326666,-17.4386959076,0.40447935462,97697.3327637,17.5,-71.7947006226,False
57.800000000000004,-0.065,-0.044,-0.05,0.61781895,0.48052585,11.18938765,5.40999984741,5.8544178009,2.51999998093,-0.451199054718,-85.8142623901,0.00337695516646,-17.4695224762,0.308477342129,97697.3327637,17.5,-71.7947006226,False
57.900000000000006,-0.029,-0.056,-0.054,0.6472389,0.30400615,11.375714,5.58999967575,3.13346934319,2.55999994278,0.582895696163,-85.3220901489,-0.0242558792233,-17.5091266632,0.151850610971,97697.3327637,17.5399990082,-71.7947006226,False
58.0,0.004,-0.06,-0.04,0.7649187,0.30400615,11.34629405,5.76999998093,3.13346934319,2.55999994278,0.582895696163,-85.3220901489,-0.0455200970173,-17.5320587158,0.0416935943067,97695.1171875,17.5699996948,-76.1709213257,False
58.1,0.004,-0.06,-0.04,0.7649187,0.30400615,11.34629405,5.90999984741,3.13346934319,2.50999999046,0.582895696163,-85.3220901489,-0.026110669598,-17.5407772064,-0.050669144839,97695.1171875,17.5799999237,-76.1709213257,False
58.2,-0.02,-0.059,0.043,0.73549875,0.46091255,11.0815145,6.00999975204,2.92642211914,2.42999982834,1.62298309803,-84.7870941162,-0.0501051731408,-17.5607395172,-0.252709269524,97698.5229492,17.5699996948,-80.838394165,False
58.300000000000004,-0.02,-0.059,0.043,0.73549875,0.46091255,11.0815145,6.09999990463,2.92642211914,2.31999993324,1.62298309803,-84.7870941162,-0.0754640027881,-17.5679225922,-0.393268495798,97698.5229492,17.5499992371,-80.838394165,False
58.400000000000006,-0.072,-0.048,0.059,0.63743225,0.6080123,11.30706745,6.25999975204,2.92642211914,2.19000005722,1.62298309803,-84.7870941162,-0.0984886586666,-17.5731887817,-0.4800786376,97695.4284668,17.5200004578,-85.6636047363,False
58.5,-0.199,-0.039,0.044,0.75511205,0.3530394,12.1994726,6.48000001907,2.92642211914,2.02999997139,1.62298309803,-84.7870941162,-0.150097474456,-17.5770778656,-0.693865299225,97693.9453125,17.4799995422,-85.6636047363,False
58.6,-0.201,-0.041,0.068,0.7256921,0.0980665,11.8856598,6.77999973297,0.773720622063,1.75999999046,2.74565625191,-86.0899963379,-0.206199169159,-17.5686168671,-0.94278126955,97692.8100586,17.4099998474,-84.912109375,False
58.7,-0.183,-0.016,0.08,0.57859235,0.00980665,10.01258965,7.14999961853,0.773720622063,1.43999993801,2.74565625191,-86.0899963379,-0.282106667757,-17.5570297241,-1.02088093758,97690.9179688,17.3299999237,-84.912109375,False
58.800000000000004,0.029,-0.008,0.074,0.48052585,0.02941995,9.4928372,7.6299996376,0.773720622063,1.16999995708,2.74565625191,-86.0899963379,-0.351740807295,-17.5449333191,-0.979191243649,97690.9179688,17.2299995422,-81.8161010742,False
58.900000000000006,0.05,-0.039,0.07,0.588399,0.04903325,10.5127288,8.15999984741,0.773720622063,0.979999959469,2.74565625191,-86.0899963379,-0.433100908995,-17.527217865,-0.947327256203,97692.5598145,17.1199989319,-81.8161010742,False
59.0,0.286,-0.044,0.109,0.7256921,0.55897905,12.356379,8.72999954224,0.773720622063,0.769999980927,2.74565625191,-86.0899963379,-0.527769386768,-17.5049057007,-1.09912109375,97684.8754883,17.0200004578,-81.4287185669,False
59.1,0.243,0.011,0.062,0.5295591,0.3530394,11.40513395,9.35999965668,0.321345806122,0.399999976158,3.23581838608,-88.2534255981,-0.616390228271,-17.4617500305,-1.32438361645,97688.6474609,16.9099998474,-81.4287185669,False
59.2,0.217,0.034,0.054,0.46091255,0.5491724,10.2381426,9.8499994278,0.321345806122,0.0,3.23581838608,-88.2534255981,-0.657606899738,-17.4370479584,-1.37605941296,97688.6474609,16.7899990082,-80.8874130249,False
59.300000000000004,0.217,0.034,0.054,0.46091255,0.5491724,10.2381426,10.2199993134,0.321345806122,-0.359999984503,3.23581838608,-88.2534255981,-0.681658804417,-17.4142742157,-1.36318266392,97688.6474609,16.6499996185,-80.8874130249,False
59.400000000000006,0.171,0.043,0.017,0.392266,0.5491724,9.3555441,10.5599994659,0.321345806122,-0.649999976158,3.23581838608,-88.2534255981,-0.706696689129,-17.3702106476,-1.28584802151,97681.842041,16.5100002289,-72.1057891846,False
59.5,0.171,0.043,0.017,0.392266,0.5491724,9.3555441,10.8400001526,5.47748613358,-0.909999966621,2.47167849541,-89.5126647949,-0.716777980328,-17.3460960388,-1.21850645542,97681.842041,16.3699989319,-72.1057891846,False
59.6,0.051,0.069,-0.014,0.22555295,0.69627215,8.81617835,11.0399999619,5.47748613358,-1.14999997616,2.47167849541,-89.5126647949,-0.712861120701,-17.3169136047,-1.09337639809,97678.2348633,16.25,-67.4806594849,False
59.7,-0.021,0.068,-0.032,0.2353596,0.3530394,8.0218397,11.2100000381,5.47748613358,-1.32999992371,2.47167849541,-89.5126647949,-0.708125591278,-17.3009147644,-0.973192036152,97680.2612305,16.1299991608,-67.4806594849,False
59.800000000000004,0.036,0.065,-0.041,0.30400615,0.55897905,7.61976705,11.2899999619,5.47748613358,-1.45999991894,2.47167849541,-89.5126647949,-0.693918049335,-17.2884693146,-0.721489727497,97676.9592285,16.0299987793,-64.8941040039,False
59.900000000000006,0.141,0.051,-0.048,0.28439285,0.32361945,8.09048625,11.3999996185,7.0562210083,-1.5,0.723939776421,-89.1200942993,-0.677621662617,-17.2877101898,-0.551774382591,97676.9592285,15.9499998093,-64.8941040039,False
60.0,0.158,0.076,-0.043,0.196133,0.24516625,7.2176944,11.3899993896,7.0562210083,-1.5,0.723939776421,-89.1200942993,-0.637139976025,-17.2770938873,-0.347831130028,97670.1538086,15.8999996185,-60.6052398682,False
60.1,0.158,0.076,-0.043,0.196133,0.24516625,7.2176944,11.3199996948,7.0562210083,-1.40999996662,0.723939776421,-89.1200942993,-0.614262998104,-17.2752113342,-0.176240891218,97670.1538086,15.8699998856,-60.6052398682,False
60.2,0.08,0.041,-0.025,0.1176798,0.48052585,7.81590005,11.279999733,7.0562210083,-1.24000000954,0.723939776421,-89.1200942993,-0.534985125065,-17.2762489319,0.197785884142,97673.8952637,15.8599996567,-56.0670852661,False
60.300000000000004,0.121,0.043,-0.043,0.0980665,0.44129925,8.34545915,11.1799993515,7.0562210083,-1.10000002384,0.723939776421,-89.1200942993,-0.502666532993,-17.2722091675,0.264220893383,97668.3044434,15.8699998856,-56.0670852661,False
60.400000000000006,0.07,0.047,-0.044,0.24516625,0.65704555,8.52197885,11.0199995041,9.89772319794,-0.909999966621,-0.66473197937,-88.4569091797,-0.430344521999,-17.2854671478,0.457327097654,97673.2849121,15.8999996185,-58.013343811,False
60.5,-0.029,0.024,-0.08,0.2549729,0.9218251,9.36535075,10.8099994659,9.89772319794,-0.740000009537,-0.66473197937,-88.4569091797,-0.360218256712,-17.3043460846,0.521314620972,97672.7844238,15.9499998093,-58.013343811,False
60.6,-0.004,0.011,-0.118,0.2157463,0.67665885,10.395049,10.6199998856,9.89772319794,-0.579999983311,-0.66473197937,-88.4569091797,-0.264424622059,-17.3393802643,0.525178134441,97672.3510742,16.0,-60.1724624634,False
60.7,-0.004,0.011,-0.118,0.2157463,0.67665885,10.395049,10.5999994278,10.1981391907,-0.479999989271,-1.57403182983,-87.0740966797,-0.18621955812,-17.3771495819,0.546269893646,97672.3510742,16.1000003815,-66.6090011597,False
60.800000000000004,0.051,-1.60428730688e-17,-0.131,0.28439285,0.46091255,10.14988275,10.3000001907,10.1981391907,-0.34999999404,-1.57403182983,-87.0740966797,-0.0689081847668,-17.4153995514,0.536690533161,97675.7568359,16.1000003815,-66.6090011597,False
60.900000000000006,0.074,0.003,-0.126,0.44129925,0.59820565,9.91452315,10.4299993515,10.1981391907,-0.25,-1.57403182983,-87.0740966797,0.0520038194954,-17.4563388824,0.549938619137,97672.7294922,16.1499996185,-66.6090011597,False
61.0,-0.004,-0.024,-0.08,0.22555295,0.4511059,10.16949605,9.89999961853,10.1981391907,-0.129999995232,-1.57403182983,-87.0740966797,0.188977763057,-17.4928379059,0.53884857893,97675.3234863,16.1900005341,-72.6900100708,False
61.1,-0.004,-0.024,-0.08,0.22555295,0.4511059,10.16949605,9.28999996185,11.3562421799,-0.0499999970198,-2.00046467781,-84.1827545166,0.264470070601,-17.5114593506,0.54098290205,97675.3234863,16.2399997711,-72.6900100708,False
61.2,-0.023,-0.037,-0.068,0.3334261,0.36284605,10.34601575,12.3499994278,11.3562421799,0.0299999993294,-2.00046467781,-84.1827545166,0.417938679457,-17.5404415131,0.515700280666,97681.463623,16.2799987793,-75.5172729492,False
61.300000000000004,0.012,-0.031,-0.056,0.2549729,0.3334261,10.198916,11.9099998474,11.3562421799,0.129999995232,-2.00046467781,-84.1827545166,0.549537658691,-17.5743713379,0.509543836117,97681.3171387,16.3199996948,-76.5172958374,False
61.400000000000006,-0.015,-0.028,-0.04,0.3334261,0.61781895,10.18910935,12.5399999619,11.3562421799,0.209999993443,-2.00046467781,-84.1827545166,0.714184582233,-17.6025848389,0.482732176781,97681.2561035,16.4099998474,-83.0791473389,False
61.5,-0.01,-0.041,-0.062,0.4118793,0.5491724,10.44408225,12.1399993896,11.3562421799,0.310000002384,-2.00046467781,-84.1827545166,0.826445817947,-17.6244792938,0.44911813736,97680.7495117,16.4099998474,-83.0791473389,False
61.6,-0.01,-0.041,-0.062,0.4118793,0.5491724,10.44408225,11.7199993134,11.2758750916,0.389999985695,-1.4703168869,-82.6776733398,1.00038933754,-17.6590042114,0.394028514624,97680.7495117,16.4499988556,-91.7367935181,False
61.7,0.066,-0.047,-0.034,0.40207265,0.53936575,10.8069283,16.859998703,11.2758750916,0.449999988079,-1.4703168869,-82.6776733398,1.15767836571,-17.6748313904,0.326385498047,97681.2316895,16.4899997711,-91.7367935181,False
61.800000000000004,0.066,-0.047,-0.034,0.40207265,0.53936575,10.8069283,16.609998703,11.2758750916,0.489999979734,-1.4703168869,-82.6776733398,1.24782204628,-17.6869754791,0.270228236914,97681.2316895,16.5200004578,-97.0157623291,False
61.900000000000006,0.109,-0.037,-0.037,0.4903325,0.7256921,10.83634825,17.9499988556,11.2758750916,0.509999990463,-1.4703168869,-82.6776733398,1.44186329842,-17.6961460114,0.165741413832,97681.9274902,16.5499992371,-97.0157623291,False
62.0,0.117,-0.044,-0.041,0.51975245,0.53936575,10.67944185,17.7299995422,11.2758750916,0.5,-1.4703168869,-82.6776733398,1.60423076153,-17.708530426,0.111131079495,97681.8725586,16.5599994659,-111.227798462,False
62.1,0.117,-0.044,-0.041,0.51975245,0.53936575,10.67944185,23.6899986267,14.0042114258,0.5,-0.547330796719,-81.4464111328,1.71458888054,-17.7040576935,0.0813591852784,97681.8725586,16.5699996948,-111.227798462,False
62.2,0.215,-0.031,-0.09,0.3726527,0.79433865,9.8458766,23.7299995422,14.0042114258,0.509999990463,-0.547330796719,-81.4464111328,1.97645044327,-17.705827713,0.0963609218597,97682.5073242,16.5699996948,-112.992477417,False
62.300000000000004,0.168,-0.035,-0.111,0.4903325,0.83356525,10.198916,23.7600002289,14.0042114258,0.550000011921,-0.547330796719,-81.4464111328,2.12656545639,-17.7021789551,0.108161121607,97682.9650879,16.5699996948,-112.992477417,False
62.400000000000006,0.168,-0.035,-0.111,0.4903325,0.83356525,10.198916,26.6299991608,14.0042114258,0.579999983311,-0.547330796719,-81.4464111328,2.35044741631,-17.686044693,0.0761562287807,97682.9650879,16.5699996948,-116.104316711,False
62.5,0.179,-0.045,-0.131,0.51975245,0.7256921,10.62060195,26.5,14.0042114258,0.579999983311,-0.547330796719,-81.4464111328,2.54747605324,-17.6704330444,0.0470574572682,97684.4848633,16.5699996948,-116.104316711,False
62.6,0.186,-0.024,-0.147,0.51975245,0.588399,10.4146623,26.2799987793,19.3199520111,0.599999964237,-0.423821091652,-78.811630249,2.79779434204,-17.6418209076,0.0416840352118,97682.1838379,16.5799999237,-118.972015381,False
62.7,0.212,-0.05,-0.17,0.40207265,0.50013915,10.11065615,30.2399997711,19.3199520111,0.649999976158,-0.423821091652,-78.811630249,3.11969971657,-17.6085338593,0.0853667333722,97679.2785645,16.5799999237,-118.972015381,False
62.800000000000004,0.196,-0.056,-0.173,0.51975245,0.4903325,10.18910935,30.0399990082,19.3199520111,0.709999978542,-0.423821091652,-78.811630249,3.48937249184,-17.5663833618,0.132713764906,97679.2785645,16.5900001526,-128.763198853,False
62.900000000000006,0.218,-0.068,-0.175,0.46091255,0.5687857,10.28717585,32.3699989319,23.3085174561,0.77999997139,-0.832170724869,-75.8127059937,3.73972177505,-17.5336017609,0.169425278902,97682.6599121,16.5900001526,-128.763198853,False
63.0,0.218,-0.068,-0.175,0.46091255,0.5687857,10.28717585,32.1100006104,23.3085174561,0.870000004768,-0.832170724869,-75.8127059937,4.01728010178,-17.487247467,0.188237026334,97681.7077637,16.609998703,-129.976272583,False
63.1,0.261,-0.084,-0.176,0.5295591,0.7453054,10.46369555,35.2900009155,23.3085174561,0.969999969006,-0.832170724869,-75.8127059937,4.40248727798,-17.4189624786,0.201658949256,97684.2529297,16.6399993896,-141.664505005,False
63.2,0.255,-0.096,-0.183,0.6080123,0.87279185,10.30678915,34.9399986267,23.3085174561,1.03999996185,-0.832170724869,-75.8127059937,4.71859788895,-17.3535766602,0.226182863116,97684.3444824,16.6399993896,-141.664505005,False
63.300000000000004,0.169,-0.102,-0.211,0.75511205,0.83356525,10.05181625,34.5499992371,29.2411975861,1.15999996662,-0.924767255783,-71.1444091797,5.24200296402,-17.2489967346,0.297439396381,97684.9487305,16.6599998474,-141.664505005,False
63.400000000000006,0.039,-0.089,-0.231,0.65704555,1.1179581,9.5320638,36.4799995422,29.2411975861,1.27999997139,-0.924767255783,-71.1444091797,5.7002620697,-17.1518783569,0.422049671412,97685.1623535,16.6800003052,-137.469100952,False
63.5,0.084,-0.073,-0.264,0.6080123,1.0395049,8.433719,36.219997406,29.2411975861,1.45999991894,-0.924767255783,-71.1444091797,6.06200122833,-17.0688877106,0.619169831276,97684.2529297,16.7199993134,-136.469085693,False
63.6,0.084,-0.073,-0.264,0.6080123,1.0395049,8.433719,39.1699981689,29.2411975861,1.74000000954,-0.924767255783,-71.1444091797,6.47903728485,-16.9639873505,0.716529726982,97684.2529297,16.7700004578,-145.163909912,False
63.7,0.083,-0.153,-0.281,0.89240515,0.83356525,11.34629405,38.9300003052,32.1288909912,1.99000000954,-1.96201860905,-64.782585144,6.85390710831,-16.8567066193,0.717748463154,97685.3088379,16.8400001526,-145.163909912,False
63.800000000000004,0.083,-0.153,-0.281,0.89240515,0.83356525,11.34629405,38.4399986267,32.1288909912,2.18000006676,-1.96201860905,-64.782585144,7.29663705826,-16.7130489349,0.655589878559,97685.3088379,16.9200000763,-149.948303223,False
63.900000000000006,0.07,-0.187,-0.285,0.8041453,1.24544455,11.77778665,39.8099975586,32.1288909912,2.31999993324,-1.96201860905,-64.782585144,8.01146316528,-16.4519481659,0.559544205666,97689.1479492,16.9899997711,-149.948303223,False
64.0,0.143,-0.169,-0.325,0.8041453,1.1964113,11.6503002,39.2700004578,32.1288909912,2.45000004768,-1.96201860905,-64.782585144,8.42151260376,-16.2780342102,0.520049273968,97685.4064941,17.0399990082,-162.689025879,False
64.10000000000001,0.095,-0.218,-0.332,0.8629852,0.7256921,12.26811915,38.5900001526,35.0122375488,2.56999993324,-2.38211560249,-56.4847183228,8.95438194275,-16.0356216431,0.481922924519,97694.9401855,17.0900001526,-162.689025879,False
64.2,0.069,-0.244,-0.321,0.95124505,0.588399,13.03303785,40.969997406,35.0122375488,2.66999983788,-2.38211560249,-56.4847183228,9.55662918091,-15.7332963943,0.398640871048,97687.890625,17.1399993896,-148.143951416,False
64.3,0.069,-0.244,-0.321,0.95124505,0.588399,13.03303785,41.9599990845,35.0122375488,2.71000003815,-2.38211560249,-56.4847183228,10.3981819153,-15.2411355972,0.220020651817,97687.890625,17.1700000763,-148.143951416,False
64.4,-0.09,-0.294,-0.254,0.89240515,0.8825985,13.0820711,41.9599990845,35.0122375488,2.71000003815,-2.38211560249,-56.4847183228,10.3981819153,-15.2411355972,0.220020651817,97695.0378418,17.1700000763,-148.143951416,False
64.5,-0.33,-0.309,-0.254,0.99047165,-0.04903325,14.0627361,40.1599998474,35.4203338623,2.63999986649,-1.60615158081,-49.3986740112,11.3462715149,-14.5770044327,0.0239707678556,97686.0351562,17.2099990845,-157.727813721,False
64.60000000000001,0.014,-0.332,-0.14,1.0198916,0.0980665,14.9257213,38.8899993896,35.4203338623,2.54999995232,-1.60615158081,-49.3986740112,11.9585323334,-14.0767641068,-0.209284976125,97690.5029297,17.2199993134,-167.753601074,False
64.7,0.053,-0.292,-0.069,1.04931155,0.65704555,15.0237878,40.6899986267,33.2823448181,2.36999988556,0.912787854671,-44.4258880615,12.4240131378,-13.6456022263,-0.465980529785,97694.543457,17.1999988556,-167.753601074,False
64.8,0.078,-0.273,-0.053,0.97085835,0.53936575,14.8864947,41.1299972534,33.2823448181,2.04999995232,0.912787854671,-44.4258880615,13.0561819077,-12.9770679474,-0.825523674488,97695.1171875,17.1399993896,-149.041564941,False
64.9,-0.007,-0.216,-0.078,0.980665,1.16699135,13.97447625,39.8400001526,33.2823448181,1.68999993801,0.912787854671,-44.4258880615,13.4493989944,-12.5114126205,-1.05580258369,97695.1171875,17.0499992371,-149.041564941,False
65.0,0.002,-0.189,-0.116,0.980665,1.0787315,13.77834325,38.469997406,33.2823448181,1.24000000954,0.912787854671,-44.4258880615,13.8617324829,-11.9538135529,-1.29507696629,97693.9758301,16.9300003052,-154.50630188,False
65.10000000000001,0.2,-0.155,-0.172,0.77472535,0.8629852,13.6312435,39.7799987793,34.4863700867,0.769999980927,4.71802949905,-40.0344619751,14.3243436813,-11.2775125504,-1.53249323368,97683.5388184,16.7899990082,-154.50630188,False
65.2,0.262,-0.14,-0.166,0.8629852,1.0002783,12.9840046,38.5499992371,34.4863700867,0.299999982119,4.71802949905,-40.0344619751,14.6818523407,-10.6976661682,-1.70279490948,97689.9414062,16.6199989319,-151.561737061,False
65.3,0.251,-0.121,-0.202,0.67665885,1.02969825,11.85623985,38.6899986267,34.4863700867,-0.209999993443,4.71802949905,-40.0344619751,14.9700975418,-10.2149906158,-1.78698086739,97679.8339844,16.4300003052,-151.561737061,False
65.4,0.065,-0.106,-0.208,0.63743225,1.0198916,10.91480145,37.4500007629,34.4863700867,-0.680000007153,4.71802949905,-40.0344619751,15.3842344284,-9.4533033371,-1.75729191303,97679.8339844,16.2299995422,-140.063476562,False
65.5,0.065,-0.106,-0.208,0.63743225,1.0198916,10.91480145,36.3800010681,34.4863700867,-1.12999999523,4.71802949905,-40.0344619751,15.5704059601,-9.06035327911,-1.69751560688,97672.8820801,16.0299987793,-140.063476562,False
65.60000000000001,-0.137,-0.079,-0.306,0.48052585,0.99047165,11.42474725,36.9899978638,39.6941223145,-1.55999994278,4.5228934288,-33.5389328003,15.8281030655,-8.49874973297,-1.67136061192,97676.3000488,15.8399991989,-160.159301758,False
65.7,-0.263,-0.069,-0.353,0.34323275,0.53936575,10.14988275,35.8699989319,39.6941223145,-2.02999997139,4.5228934288,-33.5389328003,16.0996932983,-7.88250207901,-1.52696609497,97675.378418,15.6499996185,-160.159301758,False
65.8,-0.136,-0.121,-0.292,0.67665885,0.7060788,12.81729155,35.4199981689,39.6941223145,-2.40999984741,4.5228934288,-33.5389328003,16.2980098724,-7.42423915863,-1.54114460945,97667.7856445,15.4699993134,-153.165618896,False
65.9,-0.045,-0.092,-0.275,0.42168595,0.48052585,11.0422879,34.0799980164,37.1866455078,-2.87999987602,2.49010586739,-28.3084697723,16.5849933624,-6.71898937225,-1.57937276363,97667.7856445,15.2899999619,-153.165618896,False
66.0,-0.045,-0.092,-0.275,0.42168595,0.48052585,11.0422879,33.1499977112,37.1866455078,-3.31999993324,2.49010586739,-28.3084697723,16.6803092957,-6.43490791321,-1.43999886513,97669.2321777,15.1199998856,-150.832366943,False
66.10000000000001,0.077,-0.081,-0.263,0.2941995,0.5687857,8.7083052,32.2099990845,37.1866455078,-3.56999993324,2.49010586739,-28.3084697723,16.7384681702,-6.27284193039,-1.33439230919,97664.0380859,14.9499998093,-150.832366943,False
66.2,-0.086,-0.117,-0.235,0.28439285,0.69627215,10.4342756,31.1299991608,37.0216026306,-3.82999992371,1.06167316437,-22.5596561432,17.0606269836,-5.27378368378,-1.08503508568,97659.7717285,14.8099994659,-159.341430664,False
66.3,-0.174,-0.095,-0.26,0.392266,0.57859235,10.81673495,29.7399997711,37.0216026306,-4.13999986649,1.06167316437,-22.5596561432,17.1959323883,-4.85041999817,-1.03505885601,97658.9355469,14.6799993515,-159.341430664,False
66.4,0.019,-0.088,-0.223,0.06864655,0.1176798,9.95374975,28.2600002289,37.0216026306,-4.42999982834,1.06167316437,-22.5596561432,17.3169879913,-4.42943668365,-0.919569432735,97649.597168,14.5499992371,-179.663269043,False
66.5,-0.007,-0.11,-0.153,0.20593965,0.3726527,10.22833595,26.6700000763,37.0216026306,-4.59999990463,1.06167316437,-22.5596561432,17.4856128693,-3.77857017517,-0.750469326973,97649.597168,14.4499998093,-179.663269043,False
66.60000000000001,-0.116,-0.093,-0.119,-0.0392266,0.55897905,9.34573745,24.9799995422,37.0216026306,-4.78999996185,1.06167316437,-22.5596561432,17.5996551514,-3.28873181343,-0.584519803524,97651.4099121,14.3499994278,-186.607940674,False
66.7,-0.159,-0.1,-0.137,0.12748645,0.71588545,9.9831697,23.3699989319,34.6708145142,-4.94999980927,0.271956801414,-16.2936420441,17.6901264191,-2.81734251976,-0.450772106647,97649.420166,14.2599992752,-186.607940674,False
66.8,-0.201,-0.075,-0.155,0.0,0.91201845,9.9439431,21.6499996185,34.6708145142,-5.09999990463,0.271956801414,-16.2936420441,17.7643852234,-2.36713910103,-0.321151733398,97649.8962402,14.1899995804,-191.983215332,False
66.9,-0.371,-0.056,-0.189,0.04903325,1.36312435,11.03248125,20.0299987793,34.6708145142,-5.25,0.271956801414,-16.2936420441,17.8351535797,-1.84623980522,-0.283980458975,97648.9379883,14.1300001144,-191.983215332,False
67.0,-0.371,-0.056,-0.189,0.04903325,1.36312435,11.03248125,18.3699989319,34.6708145142,-5.44000005722,0.271956801414,-16.2936420441,17.851392746,-1.63187479973,-0.253843575716,97648.9379883,14.0699996948,-204.691314697,False
67.10000000000001,-0.189,0.049,-0.416,-0.14709975,1.26505785,9.77723005,16.9799995422,29.0222835541,-5.61999988556,-1.46910214424,-11.4561128616,17.871591568,-1.18489992619,-0.152251124382,97650.7324219,14.0199995041,-204.691314697,False
67.2,-0.307,0.034,-0.465,-0.3138128,1.0198916,10.3165958,15.6899995804,29.0222835541,-5.75999975204,-1.46910214424,-11.4561128616,17.8965301514,-0.915085077286,-0.127195596695,97648.3337402,13.9799995422,-129.550933838,False
67.3,-0.289,0.037,-0.463,-0.3530394,0.9218251,9.52225715,14.2199993134,29.0222835541,-5.90999984741,-1.46910214424,-11.4561128616,17.915102005,-0.60682964325,-0.0666064694524,97648.2849121,13.9399995804,-129.550933838,False
67.4,-0.162,0.009,-0.446,-0.3726527,0.69627215,8.6494653,12.8499994278,29.0222835541,-6.01999998093,-1.46910214424,-11.4561128616,17.9284648895,-0.333004653454,0.0808239877224,97648.3642578,13.8999996185,-133.059310913,False
67.5,-0.199,-0.009,-0.413,-0.4903325,0.4511059,7.36479415,11.5799999237,23.7169971466,-6.01999998093,-6.15373563766,-3.25203323364,17.9295482635,-0.0818540230393,0.282127916813,97649.1516113,13.8800001144,-133.059310913,False
67.60000000000001,-0.121,-0.046,-0.364,-0.40207265,-0.0784532,6.58026215,10.4600000381,23.7169971466,-5.92000007629,-6.15373563766,-3.25203323364,17.9201412201,0.13829639554,0.631033062935,97645.4345703,13.8800001144,-139.643859863,False
67.7,-0.025,-0.097,-0.242,-0.5491724,-0.48052585,8.6690786,9.27999973297,23.7169971466,-5.67999982834,-6.15373563766,-3.25203323364,17.9087238312,0.459460645914,0.859050810337,97645.5688477,13.9099998474,-139.643859863,False
67.8,-0.065,-0.112,-0.087,-0.50013915,0.0784532,8.65927195,7.65999984741,23.7169971466,-5.44999980927,-6.15373563766,-3.25203323364,17.8905010223,0.762804627419,1.03218507767,97648.3398438,13.9699993134,-102.409744263,False
67.9,-0.209,-0.139,-0.029,-0.5491724,0.2745862,9.85568325,6.00999975204,23.7169971466,-5.23000001907,-6.15373563766,-3.25203323364,17.8779354095,1.04418361187,1.15380990505,97646.8200684,14.0499992371,-102.409744263,False
68.0,-0.209,-0.139,-0.029,-0.5491724,0.2745862,9.85568325,4.48000001907,20.1470661163,-5.0,-6.53885412216,3.64940929413,17.8740348816,1.15889966488,1.16775047779,97646.8200684,14.1399993896,-107.774353027,False
68.10000000000001,-0.443,-0.134,-0.028,-0.38245935,0.8629852,11.11093445,2.88999986649,20.1470661163,-4.84999990463,-6.53885412216,3.64940929413,17.8535671234,1.54680514336,1.10850548744,97646.9665527,14.25,-107.774353027,False
68.2,-0.391,-0.073,-0.103,-0.28439285,1.02969825,12.05237285,1.54999995232,20.1470661163,-4.75999975204,-6.53885412216,3.64940929413,17.8360538483,1.7594807148,0.914714157581,97646.9665527,14.3400001526,-105.920982361,False
68.3,-0.375,-0.066,-0.145,-0.2549729,0.81395195,12.93497135,0.399999976158,20.1470661163,-4.75999975204,-6.53885412216,3.64940929413,17.8335800171,1.89075195789,0.694207787514,97654.1687012,14.4299993515,-105.920982361,False
68.4,-0.278,-0.024,-0.154,-0.44129925,0.53936575,12.11121275,-0.680000007153,10.4950590134,-4.86999988556,-4.14378118515,6.01732301712,17.828546524,2.0297062397,0.424263805151,97654.3579102,14.4799995422,-108.136177063,False
68.5,-0.278,-0.024,-0.154,-0.44129925,0.53936575,12.11121275,-1.73000001907,10.4950590134,-5.0499997139,-4.14378118515,6.01732301712,17.792963028,2.13365387917,0.299427419901,97654.3579102,14.5099992752,-108.136177063,False
68.60000000000001,-0.24,-0.05,-0.103,-0.59820565,0.0392266,10.46369555,-2.50999999046,10.4950590134,-5.15000009537,-4.14378118515,6.01732301712,17.7366504669,2.23340177536,0.260631918907,97658.9904785,14.5099992752,-114.384651184,False
68.7,-0.345,-0.08,-0.031,-0.5491724,0.0588399,11.1991943,-3.26999998093,10.4950590134,-5.23000001907,-4.14378118515,6.01732301712,17.692691803,2.29999136925,0.163423836231,97649.6826172,14.5099992752,-114.384651184,False
68.8,-0.461,-0.093,0.018,-0.34323275,0.26477955,12.18966595,-3.95999979973,3.44921779633,-5.36999988556,-3.21740794182,8.4899597168,17.6681308746,2.31828355789,0.0585229285061,97656.2255859,14.5099992752,-124.65057373,False
68.9,-0.369,-0.058,0.047,-0.3530394,0.1176798,11.95430635,-4.40000009537,3.44921779633,-5.55999994278,-3.21740794182,8.4899597168,17.6430358887,2.30662822723,-0.212966933846,97655.6152344,14.4899997711,-124.65057373,False
69.0,-0.369,-0.058,0.047,-0.3530394,0.1176798,11.95430635,-4.58999967575,3.44921779633,-5.8799996376,-3.21740794182,8.4899597168,17.5987510681,2.23900747299,-0.428191006184,97655.6152344,14.3899993896,-114.433860779,False
69.10000000000001,-0.071,-0.016,0.103,-0.4314926,0.04903325,11.91507975,-4.63999986649,3.44921779633,-6.21000003815,-3.21740794182,8.4899597168,17.5645999908,2.18028855324,-0.564296603203,97650.390625,14.3899993896,-114.433860779,False
69.2,-0.071,-0.016,0.103,-0.4314926,0.04903325,11.91507975,-4.56999969482,3.44921779633,-6.55999994278,-3.21740794182,8.4899597168,17.5014724731,2.06555461884,-0.737281143665,97650.390625,14.3099994659,-93.2771682739,False
69.3,0.008,0.016,0.117,-0.61781895,0.5099458,10.0812362,-4.31999969482,-1.85245656967,-6.94000005722,-2.19245004654,6.32815694809,17.4529933929,1.96803104877,-0.784172356129,97655.5847168,14.2100000381,-93.2771682739,False
69.4,0.008,0.016,0.117,-0.61781895,0.5099458,10.0812362,-3.94999980927,-1.85245656967,-7.28999996185,-2.19245004654,6.32815694809,17.4182090759,1.89419484138,-0.79584145546,97655.5847168,14.0999994278,-83.4178924561,False
69.5,-0.302,0.035,0.014,-0.65704555,0.7649187,10.002783,-3.53999996185,-1.85245656967,-7.57999992371,-2.19245004654,6.32815694809,17.3396682739,1.65418660641,-0.762448966503,97651.953125,13.9899997711,-83.4178924561,False
69.60000000000001,-0.302,0.035,0.014,-0.65704555,0.7649187,10.002783,-2.95000004768,-4.01668453217,-7.85999965668,-2.59781527519,5.30710077286,17.3000278473,1.48286092281,-0.765995681286,97649.5788574,13.8899993896,-69.2111968994,False
69.7,-0.257,0.049,-0.022,-0.5099458,0.4903325,9.75761675,-2.25,-4.01668453217,-8.13999938965,-2.59781527519,5.30710077286,17.2595100403,1.30563879013,-0.692061364651,97648.5290527,13.7999992371,-69.2111968994,False
69.8,0.076,0.069,-0.039,-0.57859235,0.1765197,8.91424485,-1.49000000954,-4.01668453217,-8.35999965668,-2.59781527519,5.30710077286,17.2082920074,1.14219641685,-0.565726101398,97647.3754883,13.7100000381,-54.5078277588,False
69.9,0.115,0.057,-0.013,-0.73549875,0.30400615,9.5320638,-0.77999997139,-4.01668453217,-8.51000022888,-2.59781527519,5.30710077286,17.1740550995,1.0203448534,-0.51584148407,97647.467041,13.6199998856,-54.5078277588,False
70.0,0.243,0.049,0.009,-0.7453054,0.10787315,9.89490985,-0.0899999961257,-5.32661008835,-8.6799993515,-3.86795926094,5.96990299225,17.140630722,0.888074159622,-0.468329280615,97647.7172852,13.5599994659,-47.0094680786,False
70.10000000000001,0.18,0.045,0.061,-0.8041453,0.1569064,9.60071035,0.419999986887,-5.32661008835,-8.84000015259,-3.86795926094,5.96990299225,17.1069393158,0.78726375103,-0.430797100067,97643.5668945,13.5,-47.0094680786,False
70.2,0.132,0.058,0.114,-0.784532,0.2157463,7.7472535,0.839999973774,-5.32661008835,-8.98999977112,-3.86795926094,5.96990299225,17.07213974,0.704436779022,-0.301344782114,97643.5668945,13.4499998093,-43.9764022827,False
70.3,0.16,0.051,0.116,-0.7256921,0.0980665,8.2179727,1.14999997616,-5.32661008835,-9.02999973297,-3.86795926094,5.96990299225,17.0354576111,0.618390321732,-0.0612345896661,97643.371582,13.4099998474,-43.9764022827,False
70.4,0.16,0.051,0.116,-0.7256921,0.0980665,8.2179727,1.44999992847,-5.32661008835,-9.01999950409,-3.86795926094,5.96990299225,17.0006580353,0.54849922657,0.117563664913,97643.371582,13.3800001144,-33.1430435181,False
70.5,0.083,0.055,0.092,-0.6276256,0.196133,7.7864801,1.74000000954,-0.784213900566,-8.96000003815,-5.58167934418,3.26762485504,16.9775829315,0.493240684271,0.276681602001,97644.3054199,13.3800001144,-33.1430435181,False
70.60000000000001,0.133,0.063,0.075,-0.79433865,0.392266,8.1002929,2.03999996185,-0.784213900566,-8.85999965668,-5.58167934418,3.26762485504,16.9469623566,0.449840098619,0.466294497252,97642.3095703,13.3999996185,-23.2439041138,False
70.7,0.122,0.054,0.057,-0.69627215,0.20593965,8.28661925,2.22000002861,-0.784213900566,-8.71000003815,-5.58167934418,3.26762485504,16.9257984161,0.414141982794,0.563169777393,97642.3095703,13.4299993515,-23.2439041138,False
70.8,0.05,0.047,0.038,-0.91201845,0.46091255,8.65927195,2.33999991417,-0.784213900566,-8.55000019073,-5.58167934418,3.26762485504,16.9004478455,0.381789565086,0.722687065601,97647.1923828,13.4899997711,-22.6509094238,False
70.9,-0.044,0.043,0.027,-0.81395195,0.4118793,8.36507245,2.39999985695,1.59358155727,-8.3499994278,-6.62431001663,1.90921890736,16.8818778992,0.360828757286,0.914150774479,97643.4020996,13.5499992371,-22.6509094238,False
71.0,0.068,0.033,0.017,-0.8433719,0.4314926,8.8063717,2.41999983788,1.59358155727,-8.13000011444,-6.62431001663,1.90921890736,16.8777084351,0.340776890516,1.0267534256,97643.4020996,13.6399993896,-18.1478500366,False
71.10000000000001,0.068,0.033,0.017,-0.8433719,0.4314926,8.8063717,2.49000000954,1.59358155727,-7.8799996376,-6.62431001663,1.90921890736,16.8795585632,0.33245459199,1.08873569965,97649.597168,13.7299995422,-18.1478500366,False
71.2,0.077,0.026,-0.004,-0.7256921,0.3334261,8.6690786,2.53999996185,1.59358155727,-7.6299996376,-6.62431001663,1.90921890736,16.8862113953,0.316305875778,1.20706737041,97645.9411621,13.8400001526,-16.1590576172,False
71.3,0.086,0.016,-0.008,-0.77472535,0.2549729,9.6301303,2.51999998093,3.01065015793,-7.33999967575,-7.33270406723,1.3850249052,16.8984889984,0.325749188662,1.28579723835,97652.1911621,13.9499998093,-16.1590576172,False
71.4,0.022,-0.022,0.01,-0.588399,0.4118793,9.7674234,2.41999983788,3.01065015793,-7.02999973297,-7.33270406723,1.3850249052,16.9191360474,0.33178076148,1.33623147011,97653.4423828,14.2100000381,-15.292930603,False
71.5,0.065,-0.008,-0.004,-0.75511205,0.4511059,9.95374975,2.31999993324,3.01065015793,-6.75,-7.33270406723,1.3850249052,16.9417247772,0.344836741686,1.35914957523,97653.4423828,14.2100000381,-15.292930603,False
71.60000000000001,0.065,-0.008,-0.004,-0.75511205,0.4511059,9.95374975,2.23000001907,3.01065015793,-6.46000003815,-7.33270406723,1.3850249052,16.9643478394,0.347804069519,1.37295269966,97653.4423828,14.3499994278,-17.8480148315,False
71.7,-0.02,-4.40872847693e-18,-0.036,-0.6472389,0.4707192,9.4928372,2.1099998951,3.61119866371,-6.17999982834,-7.12367534637,1.41280758381,16.9936351776,0.354671806097,1.37806427479,97656.7077637,14.4899997711,-17.8480148315,False
71.8,0.014,-0.017,-0.029,-0.61781895,0.4511059,10.1596894,2.02999997139,3.61119866371,-5.88999986649,-7.12367534637,1.41280758381,17.0165138245,0.364193767309,1.40253663063,97659.5703125,14.6300001144,-23.3694076538,False
71.9,-0.012,-0.029,-0.029,-0.61781895,0.196133,10.395049,1.87000000477,3.61119866371,-5.59999990463,-7.12367534637,1.41280758381,17.061832428,0.394907236099,1.38004183769,97659.5703125,14.7599992752,-23.3694076538,False
72.0,-0.016,-0.043,-0.001,-0.46091255,0.38245935,10.93441475,1.67999994755,3.61119866371,-5.30999994278,-7.12367534637,1.41280758381,17.0996494293,0.421598553658,1.3119494915,97666.0461426,14.9099998474,-29.0462493896,False
72.10000000000001,-0.016,-0.043,-0.001,-0.46091255,0.38245935,10.93441475,1.49000000954,3.61119866371,-5.05999994278,-7.12367534637,1.41280758381,17.1277923584,0.446450203657,1.22947859764,97666.0461426,15.0399999619,-29.0462493896,False
72.2,-0.048,-0.052,0.029,-0.4118793,0.38245935,11.75817335,1.23000001907,3.47290873528,-4.90999984741,-6.35927724838,1.7281537056,17.1824264526,0.468555480242,0.978226423264,97669.140625,15.1700000763,-37.0204925537,False
72.3,-0.018,-0.033,0.036,-0.4903325,0.4118793,10.69905515,1.09000003338,3.47290873528,-4.80999994278,-6.35927724838,1.7281537056,17.2031860352,0.470583617687,0.909795641899,97672.5280762,15.279999733,-37.0204925537,False
72.4,0.053,-0.043,0.006,-0.6080123,0.5099458,11.09132115,0.979999959469,3.47290873528,-4.67999982834,-6.35927724838,1.7281537056,17.232383728,0.473367929459,0.797203361988,97668.6218262,15.3699998856,-49.6078491211,False
72.5,-0.012,-0.039,-0.01,-0.61781895,0.57859235,10.67944185,0.930000007153,3.47290873528,-4.56999969482,-6.35927724838,1.7281537056,17.244846344,0.467744231224,0.736980497837,97674.4018555,15.4499998093,-49.6078491211,False
72.60000000000001,-0.012,-0.039,-0.01,-0.61781895,0.57859235,10.67944185,0.879999995232,3.67327308655,-4.44999980927,-5.48023843765,1.29397344589,17.2571048737,0.465188890696,0.705385267735,97674.4018555,15.529999733,-55.6949615479,False
72.7,-0.027,-0.033,-0.035,-0.53936575,0.4903325,10.54214875,0.810000002384,3.67327308655,-4.33999967575,-5.48023843765,1.29397344589,17.2653160095,0.46521499753,0.665991008282,97678.112793,15.6099996567,-55.6949615479,False
72.8,-0.017,-0.046,-0.043,-0.61781895,0.46091255,10.787315,0.740000009537,3.67327308655,-4.23000001907,-5.48023843765,1.29397344589,17.2669086456,0.472886145115,0.589108407497,97678.112793,15.6799993515,-55.9972763062,False
72.9,0.01,-0.048,-0.021,-0.61781895,0.196133,10.28717585,0.579999983311,3.67327308655,-4.13999986649,-5.48023843765,1.29397344589,17.2687339783,0.508214235306,0.508894562721,97676.4892578,15.7399997711,-55.9972763062,False
73.0,0.01,-0.048,-0.021,-0.61781895,0.196133,10.28717585,0.389999985695,3.67327308655,-4.02999973297,-5.48023843765,1.29397344589,17.2615146637,0.512804090977,0.505823493004,97676.4892578,15.7999992371,-61.0385894775,False
73.10000000000001,-0.02,-0.04,-0.004,-0.57859235,0.4118793,10.40485565,0.25,3.72453832626,-3.91999983788,-4.3764462471,2.03176856041,17.2587738037,0.533619225025,0.448730707169,97677.1057129,15.8599996567,-61.0385894775,False
73.2,-0.248,-0.036,0.006,-0.44129925,0.40207265,10.30678915,0.119999997318,3.72453832626,-3.86999988556,-4.3764462471,2.03176856041,17.2617607117,0.525092542171,0.292306244373,97678.6132812,15.9200000763,17.8316116333,False
73.3,-0.128,-0.047,0.003,-0.3530394,0.40207265,10.22833595,0.140000000596,3.72453832626,-3.83999991417,-4.3764462471,2.03176856041,17.2530708313,0.493614733219,0.281808227301,97678.6132812,15.9600000381,17.8316116333,False
73.4,-0.128,-0.047,0.003,-0.3530394,0.40207265,10.22833595,0.25,3.72453832626,-3.76999998093,-4.3764462471,2.03176856041,17.253030777,0.456077545881,0.151709735394,97678.112793,16.0,25.5767822266,False
73.5,0.051,-0.022,0.006,-0.40207265,0.44129925,10.3558224,0.359999984503,0.79429936409,-3.80999994278,-3.36414980888,1.90909063816,17.2454223633,0.413434624672,0.0633674040437,97680.3710938,16.0299987793,25.5767822266,False
73.60000000000001,-0.051,-0.052,0.01,-0.53936575,0.2549729,10.93441475,0.52999997139,0.79429936409,-3.83999991417,-3.36414980888,1.90909063816,17.2188282013,0.38191896677,-0.0473675616086,97683.4594727,16.0499992371,24.6572494507,False
73.7,-0.051,-0.052,0.01,-0.53936575,0.2549729,10.93441475,0.639999985695,0.79429936409,-3.87999987602,-3.36414980888,1.90909063816,17.2038536072,0.363289505243,-0.111361734569,97683.4594727,16.0599994659,24.6572494507,False
73.8,0.047,-0.038,0.058,-0.4903325,0.30400615,10.83634825,0.740000009537,1.07177352905,-3.9399998188,-2.63896942139,1.52880549431,17.1812095642,0.335204482079,-0.218426823616,97682.7453613,16.0599994659,21.0039138794,False
73.9,0.047,-0.038,0.058,-0.4903325,0.30400615,10.83634825,0.849999964237,1.07177352905,-4.00999975204,-2.63896942139,1.52880549431,17.1589374542,0.314478874207,-0.227912709117,97682.7453613,16.0499992371,21.0039138794,False
74.0,0.113,-0.017,0.056,-0.5099458,0.3726527,10.22833595,1.07999992371,1.07177352905,-4.0499997139,-2.63896942139,1.52880549431,17.1387329102,0.293298721313,-0.23315808177,97680.2246094,16.0499992371,23.0518341064,False
74.10000000000001,0.134,-0.014,0.044,-0.392266,0.3726527,11.1599677,1.12999999523,1.07177352905,-4.13000011444,-2.63896942139,1.52880549431,17.1088752747,0.285919398069,-0.337829113007,97680.8044434,16.0299987793,23.0518341064,False
74.2,0.105,4.776122516670001e-18,0.039,-0.2941995,0.3726527,10.48330885,1.13999998569,1.07177352905,-4.21999979019,-2.63896942139,1.52880549431,17.0820713043,0.294098943472,-0.399885058403,97680.8044434,16.0200004578,34.4393730164,False
74.3,0.082,0.021,0.037,-0.4511059,0.46091255,9.85568325,1.23000001907,3.60047793388,-4.32999992371,-2.2706182003,0.0895133092999,17.0587615967,0.291692256927,-0.452318489552,97679.4372559,15.9899997711,34.4393730164,False
74.4,0.082,0.021,0.037,-0.4511059,0.46091255,9.85568325,1.26999998093,3.60047793388,-4.44000005722,-2.2706182003,0.0895133092999,17.0288925171,0.291565239429,-0.490860193968,97679.4372559,15.9600000381,47.0632553101,False
74.5,-0.066,-0.006,-0.01,-0.44129925,0.36284605,10.4735022,2.65999984741,3.60047793388,-4.59999990463,-2.2706182003,0.0895133092999,16.9810523987,0.302239507437,-0.594830274582,97675.7873535,15.9200000763,47.0632553101,False
74.60000000000001,-0.093,-1.10218211923e-18,-0.009,-0.4707192,0.3726527,10.3165958,2.67999982834,3.77704763412,-4.76999998093,-2.33770561218,-0.393619567156,16.9590358734,0.305366247892,-0.610998213291,97679.1564941,15.8699998856,46.1790084839,False
74.7,-0.067,0.016,0.008,-0.42168595,0.2549729,9.58109705,3.34999990463,3.77704763412,-4.92999982834,-2.33770561218,-0.393619567156,16.9277896881,0.315868198872,-0.621888637543,97679.1564941,15.8099994659,46.1790084839,False
74.8,-0.052,0.025,0.026,-0.4707192,0.3138128,9.24767095,3.44999980927,3.77704763412,-5.05999994278,-2.33770561218,-0.393619567156,16.8921833038,0.309534609318,-0.584384381771,97676.6296387,15.7599992752,42.3777580261,False
74.9,-0.061,0.023,0.033,-0.4314926,0.14709975,9.1005712,3.58999991417,3.77704763412,-5.15000009537,-2.33770561218,-0.393619567156,16.8630809784,0.294835865498,-0.518975615501,97672.833252,15.7100000381,42.3777580261,False
75.0,-0.061,0.023,0.033,-0.4314926,0.14709975,9.1005712,7.55999994278,2.53000187874,-5.23000001907,-2.75116729736,-0.815456867218,16.8442611694,0.284935802221,-0.485582202673,97672.833252,15.6599998474,63.481426239,False
75.10000000000001,0.101,0.004,0.049,-0.46091255,0.40207265,10.1204628,7.92999982834,2.53000187874,-5.25999975204,-2.75116729736,-0.815456867218,16.8051986694,0.272770732641,-0.399048954248,97676.385498,15.6300001144,63.481426239,False
75.2,0.101,0.004,0.049,-0.46091255,0.40207265,10.1204628,7.92999982834,2.53000187874,-5.25999975204,-2.75116729736,-0.815456867218,16.7932014465,0.265017062426,-0.403865903616,97676.385498,15.6300001144,63.481426239,False
75.3,0.156,0.026,0.011,-0.5099458,0.48052585,9.62032365,9.97999954224,2.53000187874,-5.42000007629,-2.75116729736,-0.815456867218,16.7544326782,0.255028486252,-0.353319138288,97674.8901367,15.5599994659,65.1237487793,False
75.4,0.177,0.057,0.009,-0.6864655,0.6276256,8.237586,10.3400001526,5.5441160202,-5.44999980927,-3.4468691349,-1.5953360796,16.7218475342,0.262830257416,-0.218562379479,97671.887207,15.5399999619,74.7292480469,False
75.5,0.177,0.057,0.009,-0.6864655,0.6276256,8.237586,16.4599990845,5.5441160202,-5.44000005722,-3.4468691349,-1.5953360796,16.6980438232,0.254405766726,-0.0698716565967,97671.887207,15.5199995041,74.7292480469,False
75.60000000000001,0.217,0.053,-0.092,-0.63743225,0.784532,7.7276402,17.109998703,5.5441160202,-5.27999973297,-3.4468691349,-1.5953360796,16.6565761566,0.250058859587,0.266225397587,97670.2148438,15.5099992752,79.9739837646,False
75.7,0.217,0.053,-0.092,-0.63743225,0.784532,7.7276402,19.1899986267,5.5441160202,-5.06999969482,-3.4468691349,-1.5953360796,16.6432342529,0.281860172749,0.441441476345,97670.2148438,15.5399999619,79.9739837646,False
75.8,0.277,0.013,-0.158,-0.63743225,0.588399,8.9436648,19.75,5.5441160202,-4.83999967575,-3.4468691349,-1.5953360796,16.6400718689,0.310509175062,0.482181400061,97669.8669434,15.5799999237,83.2407989502,False
75.9,0.294,-1.97168134663e-17,-0.161,-0.42168595,0.4707192,9.87529655,20.0,10.915271759,-4.65999984741,-4.91244411469,-0.0214021597058,16.6460666656,0.479225635529,0.52289712429,97670.5932617,15.6399993896,83.2407989502,False
76.0,0.269,-0.013,-0.157,-0.51975245,0.50013915,10.0812362,25.7799987793,10.915271759,-4.48000001907,-4.91244411469,-0.0214021597058,16.657409668,0.638731837273,0.548024177551,97677.1240234,15.6999998093,80.9106826782,False
76.10000000000001,0.269,-0.013,-0.157,-0.51975245,0.50013915,10.0812362,25.9599990845,10.915271759,-4.33999967575,-4.91244411469,-0.0214021597058,16.6646003723,0.759222090244,0.5576633811,97677.1240234,15.7599992752,80.9106826782,False
76.2,0.357,-0.05,-0.141,-0.38245935,0.4511059,10.198916,27.3199996948,17.0840320587,-4.15000009537,-5.50590276718,3.14468097687,16.6776237488,1.12297213078,0.586881816387,97675.7263184,15.8199996948,159.216308594,False
76.3,0.245,-0.063,-0.141,-0.3726527,0.392266,10.8657682,27.2899990082,17.0840320587,-3.98000001907,-5.50590276718,3.14468097687,16.687587738,1.41455328465,0.572526752949,97672.5708008,15.8800001144,159.216308594,False
76.4,0.245,-0.063,-0.141,-0.3726527,0.392266,10.8657682,31.7699985504,17.0840320587,-3.83999991417,-5.50590276718,3.14468097687,16.6935634613,1.53610825539,0.566420376301,97672.5708008,15.9499998093,146.60949707,False
76.5,0.266,-0.091,-0.128,-0.2941995,0.51975245,10.787315,31.6999988556,17.0840320587,-3.70999979973,-5.50590276718,3.14468097687,16.6959648132,1.9975233078,0.539198338985,97676.2145996,16.0,145.609466553,False
76.60000000000001,0.266,-0.091,-0.128,-0.2941995,0.51975245,10.787315,31.5100002289,17.0840320587,-3.55999994278,-5.50590276718,3.14468097687,16.6895484924,2.20528268814,0.543694019318,97676.2145996,16.0599994659,145.965194702,False
76.7,0.32,-0.116,-0.144,-0.3530394,0.6276256,11.4345539,32.3699989319,24.5493907928,-3.40999984741,-4.91085767746,7.18734741211,16.6636486053,2.67328000069,0.511960446835,97679.9438477,16.109998703,145.965194702,False
76.80000000000001,0.226,-0.128,-0.15,-0.18632635,0.69627215,11.46397385,31.9200000763,24.5493907928,-3.28999996185,-4.91085767746,7.18734741211,16.5949707031,3.37983870506,0.421386957169,97677.520752,16.1700000763,139.455993652,False
76.9,0.147,-0.149,-0.173,-0.24516625,0.4903325,11.6699135,35.6499977112,28.3866901398,-3.1899998188,-4.22887849808,9.90828800201,16.5445327759,3.76230812073,0.381541132927,97681.4208984,16.2199993134,139.455993652,False
77.0,0.147,-0.149,-0.173,-0.24516625,0.4903325,11.6699135,35.1800003052,28.3866901398,-3.11999988556,-4.22887849808,9.90828800201,16.5140647888,3.94589114189,0.37881103158,97681.4208984,16.2600002289,210.822677612,False
77.10000000000001,0.175,-0.147,-0.166,-0.20593965,0.51975245,11.16977435,35.1899986267,28.3866901398,-3.1099998951,-4.22887849808,9.90828800201,16.4642944336,4.230219841,0.37881603837,97681.817627,16.2999992371,210.822677612,False
77.2,0.229,-0.171,-0.159,-0.2353596,0.5295591,11.964113,35.0599975586,28.3866901398,-2.88999986649,-4.22887849808,9.90828800201,16.2411270142,5.24471187592,0.351577192545,97684.2895508,16.3299999237,196.394256592,False
77.30000000000001,0.24,-0.173,-0.142,-0.02941995,0.65704555,12.67999845,34.3400001526,28.3866901398,-2.78999996185,-4.22887849808,9.90828800201,16.1175041199,5.71404647827,0.264215826988,97681.5368652,16.3699989319,196.394256592,False
77.4,0.179,-0.178,-0.15,-0.16671305,0.7060788,12.32695905,35.5900001526,33.3661880493,-2.75,-2.66085553169,15.5792160034,15.914648056,6.42460441589,0.166702136397,97690.7104492,16.3999996185,194.171325684,False
77.5,0.179,-0.178,-0.15,-0.16671305,0.7060788,12.32695905,34.6399993896,33.3661880493,-2.72000002861,-2.66085553169,15.5792160034,15.8441524506,6.65663528442,0.132651567459,97690.7104492,16.4300003052,194.171325684,False
77.60000000000001,0.235,-0.22,-0.157,0.1372931,1.0983448,13.0624578,36.7999992371,33.3661880493,-2.74000000954,-2.66085553169,15.5792160034,15.6293487549,7.29868030548,-0.00485528167337,97684.4482422,16.4400005341,170.538330078,False
77.7,-0.009,-0.207,-0.213,0.0392266,0.8825985,13.1801376,35.7799987793,33.3661880493,-2.81999993324,-2.66085553169,15.5792160034,15.3075714111,8.19884967804,-0.179057464004,97685.9985352,16.4400005341,170.538330078,False
77.80000000000001,-0.185,-0.178,-0.234,0.1569064,1.12776475,12.20927925,34.6399993896,36.6706390381,-2.96000003815,-1.18649435043,21.2690734863,15.1012954712,8.70394420624,-0.286117315292,97684.6618652,16.4200000763,144.494445801,False
77.9,-0.005,-0.186,-0.262,0.24516625,0.57859235,12.30734575,37.8299980164,36.6706390381,-3.11999988556,-1.18649435043,21.2690734863,14.8320999146,9.29010677338,-0.362765192986,97686.0046387,16.3999996185,144.494445801,False
78.0,0.018,-0.206,-0.259,0.12748645,0.6276256,12.44463885,37.0400009155,36.6706390381,-3.25,-1.18649435043,21.2690734863,14.5482883453,9.86148452759,-0.422843366861,97686.0046387,16.3500003815,108.703323364,False
78.10000000000001,0.036,-0.193,-0.244,0.0784532,0.8433719,11.58165365,37.1899986267,35.8462257385,-3.40999984741,-0.881654500961,27.4393157959,14.1895856857,10.5250854492,-0.480004101992,97682.5134277,16.3099994659,108.703323364,False
78.2,0.036,-0.193,-0.244,0.0784532,0.8433719,11.58165365,36.3099975586,35.8462257385,-3.55999994278,-0.881654500961,27.4393157959,14.0041265488,10.8258934021,-0.479188174009,97682.5134277,16.25,79.1074752808,False
78.30000000000001,0.013,-0.133,-0.284,-0.06864655,0.7256921,10.2185293,35.5299987793,35.8462257385,-3.6899998188,-0.881654500961,27.4393157959,13.5146474838,11.555765152,-0.398846507072,97681.9335938,16.1900005341,79.1074752808,False
78.4,0.013,-0.133,-0.284,-0.06864655,0.7256921,10.2185293,38.9599990845,35.8462257385,-3.75999999046,-0.881654500961,27.4393157959,13.2268457413,11.9462690353,-0.274809479713,97681.9335938,16.1299991608,57.0075035095,False
78.5,0.182,-0.138,-0.286,0.04903325,0.8041453,10.1793027,38.5200004578,35.8462257385,-3.75,-0.881654500961,27.4393157959,12.9684381485,12.2761106491,-0.174597322941,97680.7250977,16.0900001526,57.0075035095,False
78.60000000000001,0.196,-0.157,-0.297,0.1176798,0.8041453,11.24822755,38.8499984741,38.0093574524,-3.72000002861,-1.68337464333,36.1089782715,12.6119613647,12.7230224609,-0.0692922770977,97676.2084961,16.0599994659,34.7948074341,False
78.7,0.165,-0.186,-0.283,0.18632635,0.53936575,12.11121275,38.1699981689,38.0093574524,-3.6899998188,-1.68337464333,36.1089782715,12.1990880966,13.2321910858,-0.0292743481696,97678.6987305,16.0299987793,35.7948303223,False
78.80000000000001,-0.003,-0.191,-0.237,0.06864655,0.4511059,12.0425662,37.2700004578,38.0093574524,-3.6899998188,-1.68337464333,36.1089782715,11.8395929337,13.6553697586,-0.0157999619842,97676.1901855,16.0200004578,2.81286239624,False
78.9,-0.102,-0.177,-0.199,0.16671305,0.79433865,11.0030613,39.3999977112,38.0093574524,-3.72000002861,-1.68337464333,36.1089782715,11.3759336472,14.1756095886,0.0377042628825,97673.6694336,16.0100002289,2.81286239624,False
79.0,-0.219,-0.177,-0.193,0.22555295,0.7649187,10.7088618,38.6199989319,38.0093574524,-3.69999980927,-1.68337464333,36.1089782715,10.9325551987,14.6204547882,0.12964835763,97677.6916504,16.0,-23.949432373,False
79.10000000000001,-0.111,-0.159,-0.218,0.1765197,0.8433719,11.36590735,38.5699996948,39.3059043884,-3.67999982834,-2.13822865486,44.0933570862,10.529086113,15.0300798416,0.212272688746,97678.6437988,16.0,-23.949432373,False
79.2,-0.082,-0.148,-0.264,0.04903325,0.8041453,11.3561007,37.8699989319,39.3059043884,-3.64999985695,-2.13822865486,44.0933570862,10.0997247696,15.4114303589,0.257977485657,97673.3703613,16.0,-55.6962966919,False
79.30000000000001,-0.076,-0.146,-0.282,0.00980665,0.8433719,10.5323421,37.1100006104,39.3059043884,-3.62999987602,-2.13822865486,44.0933570862,9.64241313934,15.7949876785,0.282142996788,97675.1953125,16.0100002289,-55.6962966919,False
79.4,-0.076,-0.146,-0.282,0.00980665,0.8433719,10.5323421,38.1699981689,36.9746398926,-3.58999991417,-2.31536602974,49.4421043396,9.21100139618,16.1272792816,0.363809525967,97675.1953125,16.0200004578,-88.8389587402,False
79.5,-0.044,-0.162,-0.294,0.0784532,0.9218251,11.28745415,37.469997406,36.9746398926,-3.50999999046,-2.31536602974,49.4421043396,8.78346729279,16.455827713,0.439070522785,97674.0234375,16.0299987793,-88.8389587402,False
79.60000000000001,-0.044,-0.162,-0.294,0.0784532,0.9218251,11.28745415,36.7000007629,36.9746398926,-3.42999982834,-2.31536602974,49.4421043396,8.13081645966,16.8845558167,0.508082687855,97674.0234375,16.0599994659,-122.031974792,False
79.7,0.011,-0.173,-0.305,-0.04903325,0.34323275,10.7284751,36.3299980164,36.9746398926,-3.33999991417,-2.31536602974,49.4421043396,7.67163991928,17.1511058807,0.620688796043,97676.9836426,16.0799999237,-122.031974792,False
79.80000000000001,0.011,-0.173,-0.305,-0.04903325,0.34323275,10.7284751,35.4799995422,35.7902259827,-3.17999982834,-3.28122973442,58.0995635986,7.38400411606,17.3263015747,0.664964199066,97676.9836426,16.1199989319,-152.056304932,False
79.9,0.068,-0.176,-0.253,-0.0588399,0.40207265,10.81673495,34.75,35.7902259827,-3.0,-3.28122973442,58.0995635986,6.71013784409,17.6839675903,0.815373420715,97674.0966797,16.1599998474,-152.056304932,False
80.0,0.093,-0.172,-0.229,-0.18632635,0.67665885,10.5715687,33.7299995422,35.7902259827,-2.78999996185,-3.28122973442,58.0995635986,6.21952295303,17.9058704376,0.915676951408,97675.8178711,16.2899990082,-175.462158203,False
80.10000000000001,-0.102,-0.173,-0.24,0.02941995,0.7256921,10.8069283,32.6399993896,35.7902259827,-2.56999993324,-3.28122973442,58.0995635986,5.73638486862,18.1194057465,0.986030340195,97680.7617188,16.2899990082,-175.462158203,False
80.2,-0.102,-0.173,-0.24,0.02941995,0.7256921,10.8069283,31.5,35.7902259827,-2.3599998951,-3.28122973442,58.0995635986,5.51678085327,18.2137813568,0.998104453087,97680.7617188,16.359998703,-192.02746582,False
80.30000000000001,0.076,-0.194,-0.249,0.00980665,0.97085835,11.44436055,30.1399993896,35.9069328308,-2.13999986649,-3.19903039932,65.8852920532,4.87845802307,18.4904899597,0.971266269684,97683.5998535,16.4400005341,-192.02746582,False
80.4,-0.149,-0.155,-0.267,0.0784532,1.2552512,10.8657682,28.5499992371,35.9069328308,-2.02999997139,-3.19903039932,65.8852920532,4.16250228882,18.7473487854,1.00351083279,97684.6008301,16.5200004578,-214.319030762,False
80.5,-0.258,-0.143,-0.304,0.0980665,1.22583125,11.76798,27.0999984741,35.9069328308,-1.82999992371,-3.19903039932,65.8852920532,3.75431156158,18.8937568665,0.961170732975,97685.2966309,16.6000003815,-214.319030762,False
80.60000000000001,-0.258,-0.143,-0.304,0.0980665,1.22583125,11.76798,25.4799995422,35.9069328308,-1.69999992847,-3.19903039932,65.8852920532,3.15652227402,19.0862064362,0.845742106438,97685.2966309,16.6800003052,-243.63861084,False
80.7,-0.264,-0.13,-0.342,0.06864655,1.26505785,12.5917386,23.7799987793,35.9069328308,-1.62000000477,-3.19903039932,65.8852920532,2.7330801487,19.2079772949,0.720009148121,97683.9111328,16.7600002289,-243.63861084,False
80.80000000000001,-0.264,-0.13,-0.342,0.06864655,1.26505785,12.5917386,21.8699989319,30.1096897125,-1.59999990463,-3.99802136421,76.8783874512,2.52662396431,19.2649002075,0.644110620022,97683.9111328,16.8199996948,-265.621948242,False
80.9,-0.128,-0.157,-0.285,-0.1765197,0.34323275,10.2185293,19.6899986267,30.1096897125,-1.66999995708,-3.99802136421,76.8783874512,1.62857425213,19.4528408051,0.531842291355,97687.5976562,16.8699989319,-265.621948242,False
81.0,-0.169,-0.206,-0.255,-0.20593965,0.16671305,11.7287534,17.8999996185,30.1096897125,-1.54999995232,-3.99802136421,76.8783874512,1.15249562263,19.5232543945,0.483383089304,97686.0900879,16.8999996185,-282.205780029,False
81.10000000000001,-0.169,-0.206,-0.255,-0.20593965,0.16671305,11.7287534,15.8499994278,30.1096897125,-1.5,-3.99802136421,76.8783874512,0.962280571461,19.5480461121,0.441791981459,97686.0900879,16.9300003052,-282.205780029,False
81.2,-0.442,-0.179,-0.183,-0.0980665,0.06864655,11.2972608,13.6499996185,26.4504623413,-1.51999998093,-3.79305195808,83.5710906982,0.399949163198,19.5793514252,0.365075021982,97686.6455078,16.9599990845,-311.541564941,False
81.30000000000001,-0.283,-0.189,-0.112,-0.2745862,0.46091255,11.9837263,11.6399993896,26.4504623413,-1.52999997139,-3.79305195808,83.5710906982,-0.0599692799151,19.5852069855,0.21401207149,97690.6555176,16.9899997711,-311.541564941,False
81.4,-0.375,-0.137,-0.144,-0.0196133,0.4903325,11.97391965,9.71999931335,26.4504623413,-1.62000000477,-3.79305195808,83.5710906982,-0.430053830147,19.568195343,0.0540740713477,97689.9902344,17.0,-325.026123047,False
81.5,-0.375,-0.137,-0.144,-0.0196133,0.4903325,11.97391965,7.82999992371,19.1588306427,-1.74000000954,-1.37811744213,88.1413650513,-0.850663483143,19.5377807617,-0.129728317261,97689.9902344,17.0,-325.026123047,False
81.60000000000001,-0.204,-0.108,-0.115,-0.24516625,0.32361945,11.7875933,5.92999982834,19.1588306427,-1.87000000477,-1.37811744213,88.1413650513,-0.978625714779,19.5115413666,-0.177739694715,97687.5183105,16.9799995422,-331.810180664,False
81.7,-0.166,-0.101,-0.065,-0.1569064,0.44129925,11.7875933,4.15000009537,19.1588306427,-2.02999997139,-1.37811744213,88.1413650513,-1.38991940022,19.4329471588,-0.355070263147,97687.6831055,16.9599990845,-331.810180664,False
81.80000000000001,-0.166,-0.101,-0.065,-0.1569064,0.44129925,11.7875933,2.49000000954,19.1588306427,-2.21000003815,-1.37811744213,88.1413650513,-1.6437933445,19.3607997894,-0.463636577129,97687.6831055,16.9099998474,-324.748596191,False
81.9,-0.305,-0.052,-0.073,-0.28439285,0.6864655,10.34601575,-0.229999989271,15.1637248993,-2.55999994278,0.201385244727,90.5539550781,-1.79434990883,19.2899742126,-0.48192346096,97686.4685059,16.7999992371,-323.996917725,False
82.0,-0.322,-0.028,-0.1,-0.28439285,0.7649187,10.03220295,-0.229999989271,15.1637248993,-2.56999993324,0.201385244727,90.5539550781,-1.96043586731,19.2009735107,-0.540260016918,97684.9060059,16.7999992371,-323.996917725,False
82.10000000000001,-0.301,-0.011,-0.147,-0.2353596,0.5687857,10.11065615,-1.25,15.1637248993,-2.75,0.201385244727,90.5539550781,-2.08947968483,19.084072113,-0.543709933758,97683.1787109,16.7399997711,-323.996917725,False
82.2,-0.156,-0.047,-0.15,-0.22555295,0.38245935,10.8657682,-2.05999994278,15.1637248993,-2.89999985695,0.201385244727,90.5539550781,-2.22311639786,18.9715194702,-0.620011389256,97683.1787109,16.6700000763,-316.44708252,False
82.30000000000001,-0.156,-0.047,-0.15,-0.22555295,0.38245935,10.8657682,-3.01999998093,9.25817680359,-3.11999988556,0.419704973698,93.0910949707,-2.31204342842,18.9006652832,-0.66718930006,97683.1787109,16.609998703,-316.44708252,False
82.4,-0.217,-0.036,-0.088,-0.30400615,0.2549729,10.591182,-3.01999998093,9.25817680359,-3.11999988556,0.419704973698,93.0910949707,-2.31204342842,18.9006652832,-0.66718930006,97683.0078125,16.609998703,-316.44708252,False
82.5,-0.266,0.004,-0.047,-0.2157463,0.50013915,8.81617835,-4.61000013351,9.25817680359,-3.53999996185,0.419704973698,93.0910949707,-2.41212701797,18.7175579071,-0.623668909073,97676.7272949,16.4599990845,-308.516876221,False
82.60000000000001,-0.266,0.004,-0.047,-0.2157463,0.50013915,8.81617835,-5.01999998093,9.25817680359,-3.63999986649,0.419704973698,93.0910949707,-2.41541910172,18.6633853912,-0.562532305717,97676.7272949,16.3799991608,-300.583068848,False
82.7,-0.266,-1.0042103753e-17,-0.082,-0.24516625,0.24516625,9.1790244,-5.35999965668,9.25817680359,-3.70999979973,0.419704973698,93.0910949707,-2.39759039879,18.5501480103,-0.395145088434,97675.012207,16.3099994659,-300.583068848,False
82.80000000000001,-0.266,-1.0042103753e-17,-0.082,-0.24516625,0.24516625,9.1790244,-5.65000009537,2.46918964386,-3.76999998093,0.464418292046,95.2428741455,-2.3941347599,18.4350643158,-0.360576510429,97675.012207,16.2099990845,-281.885528564,False
82.9,-0.147,-0.012,-0.033,-0.26477955,0.0392266,9.87529655,-5.98000001907,2.46918964386,-3.86999988556,0.464418292046,95.2428741455,-2.39124655724,18.4028358459,-0.357767373323,97677.2338867,16.2099990845,-281.885528564,False
83.0,0.029,0.006,0.008,-0.24516625,0.1176798,9.7674234,-6.25,2.46918964386,-3.98000001907,0.464418292046,95.2428741455,-2.37666034698,18.3106632233,-0.346485584974,97672.3754883,16.1700000763,-236.641693115,False
83.10000000000001,-0.211,-0.009,0.055,-0.20593965,0.06864655,10.8461549,-6.46999979019,2.46918964386,-3.99000000954,0.464418292046,95.2428741455,-2.34007263184,18.1913299561,-0.267733871937,97671.697998,16.1299991608,-236.641693115,False
83.2,-0.211,-0.009,0.055,-0.20593965,0.06864655,10.8461549,-6.67000007629,-0.236408159137,-4.07999992371,0.550731897354,94.6026992798,-2.30269432068,18.1275482178,-0.322037577629,97671.697998,16.0599994659,-223.928833008,False
83.30000000000001,-0.207,0.03,0.072,-0.3138128,0.2745862,10.03220295,-6.67999982834,-0.236408159137,-4.23000001907,0.550731897354,94.6026992798,-2.20257163048,18.0421161652,-0.326559334993,97675.0366211,16.0599994659,-223.928833008,False
83.4,-0.207,0.03,0.072,-0.3138128,0.2745862,10.03220295,-6.50999975204,-0.236408159137,-4.32999992371,0.550731897354,94.6026992798,-2.12209868431,17.9833545685,-0.230890527368,97675.0366211,16.0100002289,-213.413619995,False
83.5,-0.145,0.042,0.041,-0.28439285,0.36284605,8.65927195,-6.30999994278,-0.236408159137,-4.30999994278,0.550731897354,94.6026992798,-1.99518847466,17.9114627838,-0.0412737652659,97675.6286621,15.9799995422,-213.413619995,False
83.60000000000001,-0.168,0.05,0.034,-0.36284605,0.24516625,8.5121722,-6.00999975204,-0.236408159137,-4.23999977112,0.550731897354,94.6026992798,-1.87723064423,17.8530635834,0.132611423731,97670.2331543,15.9600000381,-193.461227417,False
83.7,-0.168,0.05,0.034,-0.36284605,0.24516625,8.5121722,-5.71000003815,-5.12812376022,-4.11999988556,-0.477118164301,94.6026992798,-1.81554532051,17.8237037659,0.223065376282,97670.2331543,15.9600000381,-193.461227417,False
83.80000000000001,-0.06,0.056,0.073,-0.3530394,0.4118793,8.18855275,-5.32999992371,-5.12812376022,-3.95999979973,-0.477118164301,92.9937210083,-1.62754368782,17.7481689453,0.462539762259,97671.4660645,15.9799995422,-177.494049072,False
83.9,-0.06,0.056,0.073,-0.3530394,0.4118793,8.18855275,-4.84999990463,-5.12812376022,-3.74000000954,-0.477118164301,92.9937210083,-1.54221189022,17.7229690552,0.600515961647,97671.4660645,16.0200004578,-177.494049072,False
84.0,-0.011,0.042,0.038,-0.26477955,0.3334261,8.8455983,-4.31999969482,-6.1429438591,-3.46000003815,-1.42112159729,92.0594711304,-1.31376826763,17.6727600098,0.893249571323,97673.8830566,16.0799999237,-166.616821289,False
84.10000000000001,-0.02,0.031,0.045,-0.2157463,0.2745862,8.58081875,-3.76999998093,-6.1429438591,-3.16999983788,-1.42112159729,92.0594711304,-1.20094037056,17.6530437469,1.0016708374,97671.7773438,16.1499996185,-166.616821289,False
84.2,-0.02,0.031,0.045,-0.2157463,0.2745862,8.58081875,-3.17999982834,-6.1429438591,-2.8599998951,-1.42112159729,92.0594711304,-1.06225860119,17.6352062225,1.11777472496,97671.7773438,16.25,-150.676727295,False
84.30000000000001,-0.016,0.012,0.066,-0.14709975,0.10787315,9.6301303,-2.61999988556,-6.30439519882,-2.53999996185,-2.12297034264,91.0729293823,-0.924256563187,17.6267662048,1.15878796577,97674.9816895,16.3500003815,-150.676727295,False
84.4,0.035,0.006,0.103,-0.08825985,0.2941995,9.5124505,-2.00999999046,-6.30439519882,-2.25,-2.12297034264,91.0729293823,-0.786011338234,17.6176548004,1.22344303131,97678.338623,16.4699993134,-146.334838867,False
84.5,0.022,0.003,0.111,-0.0196133,0.4118793,9.4732239,-1.39999997616,-6.30439519882,-1.92999994755,-2.12297034264,91.0729293823,-0.641317725182,17.6203460693,1.27368831635,97680.8105469,16.5799999237,-146.334838867,False
84.60000000000001,0.014,-0.037,0.103,0.02941995,0.3334261,10.2577559,-0.689999997616,-5.66489171982,-1.59999990463,-2.36911606789,89.5109176636,-0.495143532753,17.6260795593,1.27801370621,97681.6589355,16.7099990845,-135.989761353,False
84.7,0.031,-0.035,0.109,0.0588399,0.3334261,10.7480884,0.0,-5.66489171982,-1.31999993324,-2.36911606789,89.5109176636,-0.368295311928,17.6420326233,1.23667287827,97680.1757812,16.8299999237,-135.989761353,False
84.80000000000001,0.061,-0.032,0.108,0.0588399,0.48052585,11.03248125,0.789999961853,-5.66489171982,-1.10000002384,-2.36911606789,89.5109176636,-0.156979888678,17.6555671692,1.12909138203,97680.1757812,16.9400005341,-132.613754272,False
84.9,0.061,-0.032,0.108,0.0588399,0.48052585,11.03248125,1.57999992371,-4.89091444016,-0.889999985695,-2.02070498466,87.4574432373,-0.00322080939077,17.6692390442,1.05660736561,97687.902832,17.0499992371,-132.613754272,False
85.0,0.07,-0.027,0.081,0.1569064,0.44129925,10.67944185,2.39999985695,-4.89091444016,-0.680000007153,-2.02070498466,87.4574432373,0.111442580819,17.679019928,1.00154948235,97691.5039062,17.1499996185,-133.946807861,False
85.10000000000001,0.184,0.002,0.071,0.2549729,0.3726527,10.64021525,3.19999980927,-4.89091444016,-0.469999998808,-2.02070498466,87.4574432373,0.247809648514,17.7002258301,0.944092035294,97689.6606445,17.25,-133.946807861,False
85.2,0.224,-0.004,0.07,0.1765197,0.6276256,10.16949605,3.87999987602,-4.89091444016,-0.269999980927,-2.02070498466,87.4574432373,0.382159799337,17.7198085785,0.91335183382,97691.2780762,17.4400005341,-137.50668335,False
85.30000000000001,0.153,-0.009,0.052,0.0980665,0.61781895,10.0812362,4.55999994278,-4.89091444016,-0.0299999993294,-2.02070498466,87.4574432373,0.472756147385,17.7360496521,0.904854774475,97691.2780762,17.4400005341,-137.50668335,False
85.4,0.212,-0.015,0.031,0.24516625,0.69627215,10.16949605,5.10999965668,-0.72248840332,0.189999997616,-1.77495706081,85.2320861816,0.54139906168,17.7525939941,0.895512342453,97695.9960938,17.5299987793,-137.056915283,False
85.5,0.135,-0.024,0.013,0.26477955,0.63743225,10.87557485,5.67999982834,-0.72248840332,0.419999986887,-1.77495706081,85.2320861816,0.627847552299,17.7854251862,0.809267222881,97697.6013184,17.6199989319,-137.056915283,False
85.60000000000001,0.107,-0.013,-0.006,0.2549729,0.5295591,10.5519554,6.1299996376,-0.72248840332,0.599999964237,-1.77495706081,85.2320861816,0.664389789104,17.8049888611,0.767622768879,97696.0632324,17.6999988556,-128.462402344,False
85.7,0.107,-0.013,-0.006,0.2549729,0.5295591,10.5519554,6.48999977112,-0.72248840332,0.789999961853,-1.77495706081,85.2320861816,0.710743308067,17.8383102417,0.724096417427,97696.0632324,17.7799987793,-128.462402344,False
85.80000000000001,0.116,-0.015,-0.004,0.4511059,0.63743225,10.36562905,6.80999994278,2.9680082798,0.979999959469,-1.39985406399,84.8863525391,0.721749067307,17.8718967438,0.668856143951,97701.4587402,17.859998703,-139.94732666,False
85.9,0.083,-0.018,-0.011,0.44129925,0.4118793,10.38524235,6.98999977112,2.9680082798,1.15999996662,-1.39985406399,84.8863525391,0.732228934765,17.899187088,0.648527562618,97700.5371094,17.9300003052,-139.94732666,False
86.0,0.034,-0.018,-0.009,0.4118793,0.4511059,10.58137535,7.17000007629,2.9680082798,1.33999991417,-1.39985406399,84.8863525391,0.726025998592,17.940410614,0.58972209692,97700.2502441,18.0100002289,-144.955825806,False
86.10000000000001,0.034,-0.018,-0.009,0.4118793,0.4511059,10.58137535,7.26999998093,2.9680082798,1.51999998093,-1.39985406399,84.8863525391,0.729005396366,17.9648418427,0.570192635059,97700.2502441,18.0799999237,-144.955825806,False
86.2,0.028,-0.032,0.005,0.46091255,0.59820565,10.2969825,7.39999961853,4.44302654266,1.68999993801,-1.0348200798,84.9955291748,0.713541805744,18.0014705658,0.518096268177,97702.1484375,18.1399993896,-150.874710083,False
86.30000000000001,0.05,-0.048,0.002,0.588399,0.6276256,10.65982855,7.48000001907,4.44302654266,1.86000001431,-1.0348200798,84.9955291748,0.700843453407,18.0270786285,0.474707007408,97702.1484375,18.2099990845,-150.874710083,False
86.4,0.035,-0.041,0.004,0.44129925,0.6864655,10.7088618,7.56999969482,4.44302654266,2.00999999046,-1.0348200798,84.9955291748,0.680147230625,18.0560760498,0.398349285126,97704.473877,18.2700004578,-153.240585327,False
86.5,0.035,-0.041,0.004,0.44129925,0.6864655,10.7088618,7.57999992371,5.24489498138,2.14999985695,-0.338714838028,84.9215927124,0.683404803276,18.0714912415,0.376338422298,97704.473877,18.3199996948,-153.240585327,False
86.60000000000001,0.059,-0.047,-0.015,0.6276256,0.67665885,10.7677017,7.58999967575,5.24489498138,2.25,-0.338714838028,84.9215927124,0.638273358345,18.1006946564,0.259899049997,97709.1491699,18.359998703,-159.802062988,False
86.7,0.038,-0.048,-0.014,0.5295591,0.61781895,10.93441475,7.56999969482,5.24489498138,2.32999992371,-0.338714838028,84.9215927124,0.592088758945,18.1277275085,0.150601863861,97704.3640137,18.3999996185,-159.802062988,False
86.80000000000001,-0.051,-0.049,-0.007,0.6080123,0.6864655,11.15016105,7.46000003815,5.24489498138,2.37999987602,-0.338714838028,84.9215927124,0.566119790077,18.1485843658,0.0707699358463,97704.2419434,18.4300003052,-170.736877441,False
86.9,-0.051,-0.049,-0.007,0.6080123,0.6864655,11.15016105,7.33999967575,5.24489498138,2.39999985695,-0.338714838028,84.9215927124,0.505153179169,18.1687641144,-0.125788450241,97704.2419434,18.4499988556,-170.736877441,False
87.0,-0.036,-0.051,-0.001,0.5687857,0.40207265,11.2972608,7.23000001907,5.69715499878,2.3599998951,1.06078350544,85.2244796753,0.496113985777,18.1738452911,-0.199417799711,97709.4421387,18.4499988556,-170.539855957,False
87.10000000000001,-0.029,-0.051,0.006,0.7060788,0.55897905,11.05209455,7.19000005722,5.69715499878,2.28999996185,1.06078350544,85.2244796753,0.463730961084,18.1787700653,-0.339680373669,97713.8549805,18.4400005341,-170.539855957,False
87.2,-0.029,-0.051,0.006,0.7060788,0.55897905,11.05209455,7.17000007629,5.69715499878,2.21000003815,1.06078350544,85.2244796753,0.436905294657,18.1759433746,-0.459510922432,97713.8549805,18.4200000763,-175.914001465,False
87.30000000000001,0.03,-0.049,0.001,0.57859235,0.4903325,10.8853815,7.19000005722,5.69715499878,2.11999988556,1.06078350544,85.2244796753,0.417020559311,18.173910141,-0.497058689594,97706.7687988,18.3799991608,-175.914001465,False
87.4,0.084,-0.026,-0.019,0.61781895,0.6668522,10.6892485,7.17000007629,5.75286626816,2.00999999046,2.21214127541,85.2005310059,0.390250682831,18.1616153717,-0.587970435619,97708.8806152,18.3400001526,-179.037658691,False
87.5,0.084,-0.026,-0.019,0.61781895,0.6668522,10.6892485,7.08999967575,5.75286626816,1.87999999523,2.21214127541,85.2005310059,0.375614404678,18.1572380066,-0.639747738838,97708.8806152,18.2899990082,-179.037658691,False
87.60000000000001,0.015,-0.005,-0.019,0.48052585,0.5687857,10.30678915,6.96999979019,5.75286626816,1.75,2.21214127541,85.2005310059,0.293056666851,18.1328544617,-0.713036179543,97708.6120605,18.2299995422,-177.70690918,False
87.7,-0.028,-2.5717582782100003e-18,-0.021,0.4707192,0.57859235,9.8262633,6.7999997139,5.75286626816,1.62999999523,2.21214127541,85.2005310059,0.275282204151,18.1265773773,-0.7068567276,97706.5124512,18.1700000763,-177.70690918,False
87.80000000000001,-0.028,-2.5717582782100003e-18,-0.021,0.4707192,0.57859235,9.8262633,6.65999984741,6.82334423065,1.52999997139,2.38685274124,85.6007614136,0.235469982028,18.1081848145,-0.686330080032,97706.5124512,18.109998703,-178.522872925,False
87.9,-0.069,0.001,-0.023,0.4118793,0.59820565,9.5124505,6.52999973297,6.82334423065,1.44999992847,2.38685274124,85.6007614136,0.215531542897,18.0953216553,-0.659541010857,97702.1789551,18.0499992371,-178.522872925,False
88.0,-0.049,0.004,-0.044,0.4903325,0.5295591,9.63993695,6.50999975204,6.82334423065,1.39999997616,2.38685274124,85.6007614136,0.182095333934,18.07289505,-0.615478217602,97701.0620117,18.0,-173.305511475,False
88.10000000000001,-0.019,0.004,-0.037,0.48052585,0.5099458,9.65955025,6.42000007629,6.82334423065,1.33999991417,2.38685274124,85.6007614136,0.139244541526,18.0550727844,-0.579447865486,97698.7060547,17.9499988556,-173.305511475,False
88.2,0.009,0.013,-0.04,0.44129925,0.53936575,9.1790244,6.35999965668,6.82334423065,1.27999997139,2.38685274124,85.6007614136,0.123209275305,18.0454483032,-0.540142774582,97698.7060547,17.8999996185,-172.861862183,False
88.30000000000001,0.035,0.003,-0.043,0.48052585,0.59820565,9.3163175,6.25999975204,5.8973197937,1.25,2.23159813881,86.4240875244,0.083902798593,18.0266857147,-0.452252477407,97702.2094727,17.8500003815,-172.861862183,False
88.4,0.048,-0.001,-0.03,0.5491724,0.50013915,9.414384,6.19000005722,5.8973197937,1.24000000954,2.23159813881,86.4240875244,0.051424253732,18.0097064972,-0.398764282465,97699.005127,17.8099994659,-170.617095947,False
88.5,0.024,0.002,-0.022,0.5687857,0.392266,9.5516771,6.08999967575,5.8973197937,1.23000001907,2.23159813881,86.4240875244,0.00975623261184,17.9971046448,-0.336448967457,97695.1782227,17.7700004578,-170.617095947,False
88.60000000000001,0.003,0.006,-0.007,0.53936575,0.5099458,9.4339973,5.90999984741,5.8973197937,1.23000001907,2.23159813881,86.4240875244,-0.0286542512476,17.9851875305,-0.316706478596,97695.1782227,17.75,-172.347442627,False
88.7,-0.014,-0.002,-0.002,0.5687857,0.44129925,9.6889702,5.69999980927,6.74274969101,1.25,2.07643771172,87.0723419189,-0.0888783559203,17.9754962921,-0.26298558712,97696.9482422,17.7299995422,-172.347442627,False
88.80000000000001,-0.056,-0.011,-0.01,0.51975245,0.40207265,10.0420096,5.46999979019,6.74274969101,1.25999999046,2.07643771172,87.0723419189,-0.113833792508,17.9705314636,-0.248958185315,97696.1608887,17.7099990845,-179.383270264,False
88.9,-0.074,-0.005,-0.015,0.46091255,0.40207265,10.2185293,5.28999996185,6.74274969101,1.25,2.07643771172,87.0723419189,-0.154727488756,17.9599609375,-0.270139366388,97698.8037109,17.6900005341,-179.383270264,False
89.0,-0.081,0.001,-0.015,0.5687857,0.65704555,10.0616229,5.15000009537,6.74274969101,1.22000002861,2.07643771172,87.0723419189,-0.185666486621,17.9489097595,-0.280160874128,97698.8037109,17.6700000763,-168.616485596,False
89.10000000000001,-0.082,0.001,-0.01,0.59820565,0.61781895,10.11065615,5.0499997139,5.75622415543,1.18999993801,2.1182141304,87.2169189453,-0.212321817875,17.9431495667,-0.306790828705,97693.4020996,17.6399993896,-168.616485596,False
89.2,-0.035,0.01,-0.015,0.588399,0.55897905,9.7478101,4.92999982834,5.75622415543,1.12999999523,2.1182141304,87.2169189453,-0.221374347806,17.9373264313,-0.306976139545,97695.0683594,17.6199989319,-170.566940308,False
89.30000000000001,-0.032,-0.008,-0.007,0.6472389,0.50013915,10.26756255,4.86999988556,5.75622415543,1.10000002384,2.1182141304,87.2169189453,-0.233602195978,17.9339981079,-0.30229845643,97694.0368652,17.5900001526,-170.566940308,False
89.4,-0.067,0.001,0.002,0.5099458,0.36284605,10.1204628,4.78999996185,4.72023296356,1.04999995232,2.03860473633,87.362159729,-0.249802723527,17.9299049377,-0.31928935647,97692.6208496,17.5599994659,-172.58013916,False
89.5,-0.067,0.001,0.002,0.5099458,0.36284605,10.1204628,4.75,4.72023296356,1.0,2.03860473633,87.362159729,-0.250159829855,17.9242553711,-0.330794215202,97692.6208496,17.5299987793,-172.58013916,False
89.60000000000001,-0.071,0.003,0.011,0.4903325,0.4314926,10.0812362,4.77999973297,4.72023296356,0.949999988079,2.03860473633,87.362159729,-0.236830577254,17.921710968,-0.3238722682,97687.8662109,17.5,-171.23374939,False
89.7,-0.035,0.006,0.016,0.46091255,0.57859235,9.5909037,4.84999990463,4.72023296356,0.899999976158,2.03860473633,87.362159729,-0.233208045363,17.9114322662,-0.312454551458,97690.4052734,17.4699993134,-171.23374939,False
89.80000000000001,-0.003,2.3268289183800002e-18,0.019,0.5491724,0.5687857,9.73800345,4.92999982834,3.6395483017,0.870000004768,1.94235301018,87.0433197021,-0.213346138597,17.8999977112,-0.289114236832,97692.9260254,17.4300003052,-164.739227295,False
89.9,-0.003,2.3268289183800002e-18,0.019,0.5491724,0.5687857,9.73800345,5.07999992371,3.6395483017,0.839999973774,1.94235301018,87.0433197021,-0.210310414433,17.9001674652,-0.279742211103,97692.9260254,17.3999996185,-164.739227295,False
90.0,0.015,0.001,0.008,0.5099458,0.34323275,9.79684335,5.21000003815,3.6395483017,0.810000002384,1.94235301018,87.0433197021,-0.175593286753,17.8912372589,-0.216244637966,97689.7094727,17.3699989319,-163.13571167,False
90.10000000000001,0.015,0.001,0.008,0.5099458,0.34323275,9.79684335,5.28999996185,3.6395483017,0.789999961853,1.94235301018,87.0433197021,-0.175945684314,17.88322258,-0.208778887987,97689.7094727,17.3400001526,-163.13571167,False
90.2,-0.026,3.7964050773600005e-18,0.031,0.5099458,0.3726527,10.002783,5.32999992371,3.77219223976,0.769999980927,1.87201607227,86.553352356,-0.158622801304,17.8819179535,-0.185906380415,97688.885498,17.3199996948,-162.032897949,False
90.30000000000001,-0.026,3.7964050773600005e-18,0.031,0.5099458,0.3726527,10.002783,5.44000005722,3.77219223976,0.75,1.87201607227,86.553352356,-0.145109459758,17.8796844482,-0.158121541142,97688.885498,17.2999992371,-162.032897949,False
90.4,0.005,0.003,0.027,0.392266,0.51975245,9.6889702,5.57999992371,3.77219223976,0.759999990463,1.87201607227,86.553352356,-0.126287534833,17.8630599976,-0.132564738393,97687.7868652,17.2700004578,-88.1647109985,False
90.5,-0.014,2.3268289183800002e-18,0.019,0.50013915,0.4511059,9.32612415,5.76999998093,3.77219223976,0.759999990463,1.87201607227,86.553352356,-0.0971098691225,17.8503742218,-0.0555248148739,97691.3269043,17.2600002289,-88.1647109985,False
90.60000000000001,0.014,0.003,0.008,0.4511059,0.34323275,9.48303055,5.98000001907,3.77219223976,0.810000002384,1.87201607227,86.553352356,-0.0762402266264,17.8425216675,-0.0131787564605,97691.796875,17.25,-82.4398040771,False
90.7,0.023,0.007,0.004,0.5099458,0.4118793,9.3555441,6.1299996376,3.31168699265,0.870000004768,1.75960922241,85.862701416,-0.0395953655243,17.8364887238,0.0739123523235,97691.796875,17.2399997711,-82.4398040771,False
90.80000000000001,0.076,-0.001,-0.001,0.4511059,0.2549729,9.91452315,6.28999996185,3.31168699265,0.930000007153,1.75960922241,85.862701416,-0.0232072733343,17.8339424133,0.106379233301,97692.2851562,17.2399997711,-82.4493408203,False
90.9,0.069,0.004,0.007,0.48052585,0.6080123,9.7478101,6.44999980927,3.31168699265,0.989999949932,1.75960922241,85.862701416,-0.00912398193032,17.8283157349,0.119987025857,97692.2851562,17.25,-82.4493408203,False
91.0,0.069,0.004,0.007,0.48052585,0.6080123,9.7478101,6.58999967575,4.55737733841,1.04999995232,1.6213606596,85.6665344238,-0.00347114587203,17.8321075439,0.123558469117,97691.784668,17.2600002289,-85.0946426392,False
91.10000000000001,0.031,-0.003,-0.005,0.55897905,0.61781895,10.4146623,6.75,4.55737733841,1.11000001431,1.6213606596,85.6665344238,0.00132473278791,17.8244609833,0.112514942884,97688.4460449,17.2799987793,-85.0946426392,False
91.2,0.031,-0.003,-0.005,0.55897905,0.61781895,10.4146623,6.82999992371,4.55737733841,1.12999999523,1.6213606596,85.6665344238,-0.00759906042367,17.8270015717,0.0727778300643,97688.4460449,17.2799987793,-81.8416595459,False
91.30000000000001,0.021,-0.001,-0.004,0.46091255,0.3726527,10.3558224,6.82999992371,4.55737733841,1.12000000477,1.6213606596,85.6665344238,-0.0244116596878,17.8258609772,0.00639513833448,97689.1479492,17.2799987793,-81.8416595459,False
91.4,0.004,-0.004,4.89858719659e-19,0.42168595,0.4314926,10.52253545,6.75999975204,5.09304189682,1.10000002384,1.5865200758,85.6812057495,-0.0453236363828,17.8197746277,-0.0412188023329,97689.1479492,17.2799987793,-81.9808959961,False
91.5,-0.014,0.004,-0.005,0.3530394,0.51975245,9.7478101,6.69000005722,5.09304189682,1.06999993324,1.5865200758,85.6812057495,-0.0580616146326,17.8136711121,-0.0588492229581,97688.1713867,17.2700004578,-81.9808959961,False
91.60000000000001,0.014,-0.003,-0.003,0.42168595,0.4511059,9.9047165,6.67000007629,5.09304189682,1.03999996185,1.5865200758,85.6812057495,-0.0721520185471,17.8099346161,-0.0637097507715,97690.2648926,17.25,-79.9974441528,False
91.7,0.014,-0.003,-0.003,0.42168595,0.4511059,9.9047165,6.64999961853,5.09304189682,1.02999997139,1.5865200758,85.6812057495,-0.0955476686358,17.799249649,-0.0663580670953,97690.2648926,17.2299995422,-79.9974441528,False
91.80000000000001,0.0,2.44929359829e-19,0.002,0.42168595,0.3530394,9.1986377,6.56999969482,5.5300951004,1.00999999046,1.66291868687,85.6316757202,-0.117854237556,17.7912750244,-0.0527015849948,97684.4909668,17.2199993134,-77.3189544678,False
91.9,-0.007,-0.006,-0.004,0.4511059,0.36284605,9.1986377,6.5,5.5300951004,1.01999998093,1.66291868687,85.6316757202,-0.137093573809,17.7868709564,0.0280045885593,97684.4909668,17.1999988556,-77.3189544678,False
92.0,-0.001,-0.022,0.007,0.3726527,0.2157463,10.1204628,6.42999982834,5.5300951004,1.06999993324,1.66291868687,85.6316757202,-0.17659586668,17.7796058655,0.0604231134057,97684.4909668,17.1900005341,-80.3709030151,False
92.10000000000001,-0.031,-0.028,0.022,0.42168595,0.3726527,11.3561007,6.25999975204,5.5766787529,1.10000002384,1.74893558025,85.5990905762,-0.203813880682,17.7689857483,-0.0102885467932,97692.2729492,17.1900005341,-80.3709030151,False
92.2,-0.031,-0.028,0.022,0.42168595,0.3726527,11.3561007,6.15999984741,5.5766787529,1.05999994278,1.74893558025,85.5990905762,-0.225445538759,17.7568798065,-0.129661172628,97692.2729492,17.1800003052,-80.6186676025,False
92.30000000000001,-0.054,-0.006,0.032,0.5099458,0.6668522,10.1204628,6.08999967575,5.5766787529,0.969999969006,1.74893558025,85.5990905762,-0.235919058323,17.7475357056,-0.18440322578,97686.932373,17.1700000763,-80.6186676025,False
92.4,-0.066,-0.006,0.024,0.38245935,0.6864655,10.6304086,6.10999965668,5.5766787529,0.889999985695,1.74893558025,85.5990905762,-0.233662128448,17.729927063,-0.215086236596,97686.932373,17.1499996185,-73.7817764282,False
92.5,-0.014,-0.004,0.003,0.46091255,0.5687857,10.28717585,6.13999986649,4.8602643013,0.819999992847,2.13239240646,84.9515533447,-0.211622029543,17.7082138062,-0.273762643337,97686.932373,17.1299991608,-73.7817764282,False
92.60000000000001,0.068,0.021,-0.012,0.5099458,0.6276256,9.14960445,6.25999975204,4.8602643013,0.729999959469,2.13239240646,84.9515533447,-0.204975113273,17.6921272278,-0.246848732233,97689.0441895,17.0900001526,-71.6621398926,False
92.7,0.068,0.021,-0.012,0.5099458,0.6276256,9.14960445,6.31999969482,4.8602643013,0.709999978542,2.13239240646,84.9515533447,-0.219343855977,17.675989151,-0.237257957458,97689.0441895,17.0599994659,-71.6621398926,False
92.80000000000001,0.029,0.011,-0.021,0.32361945,0.55897905,9.7674234,6.28999996185,4.8602643013,0.659999966621,2.13239240646,84.9515533447,-0.227879732847,17.6553859711,-0.247864276171,97688.1286621,17.0299987793,-66.3808822632,False
92.9,0.086,0.002,-0.023,0.3530394,0.7453054,9.99297635,6.30999994278,6.27033519745,0.599999964237,1.95439374447,85.1356658936,-0.238192632794,17.6367855072,-0.246270447969,97687.2802734,17.0,-66.3808822632,False
93.0,-0.047,-0.004,-0.031,0.4511059,0.7649187,10.13026945,6.30999994278,6.27033519745,0.550000011921,1.95439374447,85.1356658936,-0.247830793262,17.6217365265,-0.277474939823,97693.6462402,16.9699993134,-68.0223464966,False
93.10000000000001,-0.127,0.003,-0.053,0.30400615,0.24516625,9.5712904,6.27999973297,6.27033519745,0.469999998808,1.95439374447,85.1356658936,-0.269954234362,17.6030921936,-0.225703552365,97693.6462402,16.9400005341,-68.0223464966,False
93.2,-0.127,0.003,-0.053,0.30400615,0.24516625,9.5712904,6.19000005722,6.27033519745,0.469999998808,1.95439374447,85.1356658936,-0.285812795162,17.5895652771,-0.199408739805,97686.340332,16.9099998474,-66.7112350464,False
93.30000000000001,0.032,0.0,0.0,0.3530394,0.30400615,8.97308475,6.0,6.27033519745,0.5,1.95439374447,85.1356658936,-0.336779534817,17.5710773468,-0.105792380869,97683.1481934,16.9099998474,-66.7112350464,False
93.4,0.032,0.0,0.0,0.3530394,0.30400615,8.97308475,5.86999988556,5.51108026505,0.560000002384,1.73590528965,85.9410476685,-0.359718292952,17.5580158234,-0.0481987670064,97683.1481934,16.8999996185,-58.7112426758,False
93.5,0.001,-0.024,0.04,0.4118793,0.32361945,10.13026945,5.76999998093,5.51108026505,0.610000014305,1.73590528965,85.9410476685,-0.391086965799,17.5454597473,-0.000277033803286,97681.628418,16.8999996185,-58.7112426758,False
93.60000000000001,0.015,-0.024,0.05,0.46091255,0.57859235,10.983448,5.60999965668,5.51108026505,0.629999995232,1.73590528965,85.9410476685,-0.434300541878,17.5217208862,-0.0962620899081,97684.4421387,16.8999996185,-53.3107757568,False
93.7,0.015,-0.024,0.05,0.46091255,0.57859235,10.983448,5.40999984741,5.51108026505,0.579999983311,1.73590528965,85.9410476685,-0.438513875008,17.5226345062,-0.115336492658,97684.4421387,16.8999996185,-53.3107757568,False
93.80000000000001,-0.153,0.017,0.049,0.4903325,0.392266,10.05181625,5.40999984741,5.51108026505,0.52999997139,1.73590528965,85.9410476685,-0.447997331619,17.4992599487,-0.144523307681,97683.6486816,16.8799991608,-56.0945510864,False
93.9,-0.062,0.037,0.046,0.44129925,0.5491724,9.9635564,5.34999990463,5.02617263794,0.489999979734,2.00749540329,84.853263855,-0.435941547155,17.4908638,-0.137114658952,97681.5368652,16.8699989319,-56.0945510864,False
94.0,-0.062,0.037,0.046,0.44129925,0.5491724,9.9635564,5.46000003815,5.02617263794,0.469999998808,2.00749540329,84.853263855,-0.409240156412,17.4873218536,-0.127166926861,97681.5368652,16.8500003815,-50.1508712769,False
94.10000000000001,-0.07,0.046,0.023,0.57859235,0.8041453,9.50264385,5.59999990463,5.02617263794,0.439999997616,2.00749540329,84.853263855,-0.379408419132,17.4776153564,-0.106574460864,97685.4980469,16.8299999237,-50.1508712769,False
94.2,-0.06,0.073,-0.025,0.44129925,0.6472389,8.433719,5.83999967575,3.73928689957,0.439999997616,1.21336758137,84.2820510864,-0.323644638062,17.4885559082,0.00882315356284,97685.4980469,16.8099994659,-51.1768341064,False
94.30000000000001,-0.021,0.059,-0.03,0.36284605,0.61781895,8.9044382,6.05999994278,3.73928689957,0.509999990463,1.21336758137,84.2820510864,-0.277496188879,17.4967651367,0.138956874609,97683.3679199,16.8099994659,-51.1768341064,False
94.4,0.036,0.032,-0.044,0.588399,0.59820565,8.93385815,6.36999988556,3.73928689957,0.629999995232,1.21336758137,84.2820510864,-0.216942533851,17.5167579651,0.243729680777,97682.019043,16.8099994659,-54.8440933228,False
94.5,0.091,0.038,-0.06,0.4118793,0.2745862,8.5317855,6.63999986649,3.50951647758,0.75,0.0428884662688,84.8943252563,-0.182875141501,17.5474758148,0.396356105804,97683.8500977,16.8299999237,-54.8440933228,False
94.60000000000001,0.091,0.038,-0.06,0.4118793,0.2745862,8.5317855,6.81999969482,3.50951647758,0.919999957085,0.0428884662688,84.8943252563,-0.164210125804,17.5542373657,0.47043928504,97683.8500977,16.859998703,-50.3463745117,False
94.7,-0.034,0.016,-0.037,0.57859235,0.4511059,8.7475318,6.94999980927,3.50951647758,1.14999997616,0.0428884662688,84.8943252563,-0.143929958344,17.6066303253,0.695926845074,97685.5895996,16.8999996185,-50.3463745117,False
94.80000000000001,-0.034,0.016,-0.037,0.57859235,0.4511059,8.7475318,7.07999992371,3.50951647758,1.39999997616,0.0428884662688,84.8943252563,-0.145912989974,17.6241436005,0.720411241055,97685.5895996,16.9699993134,-55.7746887207,False
94.9,0.051,-0.014,-0.017,0.5295591,0.196133,9.71839015,7.17999982834,4.03177833557,1.62999999523,-0.570473611355,85.8965377808,-0.136221274734,17.692735672,0.809455573559,97686.0046387,17.0399990082,-55.7746887207,False
95.0,0.051,-0.014,-0.017,0.5295591,0.196133,9.71839015,7.21000003815,4.03177833557,1.87000000477,-0.570473611355,85.8965377808,-0.134577944875,17.7066135406,0.825877308846,97686.0046387,17.1199989319,-62.5074386597,False
95.10000000000001,0.068,-0.024,0.016,0.6864655,0.2549729,10.2577559,7.25,4.03177833557,2.09999990463,-0.570473611355,85.8965377808,-0.138884112239,17.7910022736,0.840042173862,97685.369873,17.1999988556,-62.5074386597,False
95.2,0.062,-0.013,0.02,0.7256921,0.61781895,10.1596894,7.25,4.03177833557,2.32999992371,-0.570473611355,85.8965377808,-0.153353556991,17.8512115479,0.826588392258,97685.369873,17.2899990082,-62.4366760254,False
95.30000000000001,0.062,-0.013,0.02,0.7256921,0.61781895,10.1596894,7.25,4.03177833557,2.53999996185,-0.570473611355,85.8965377808,-0.158795341849,17.9073162079,0.807582676411,97694.4091797,17.3699989319,-62.4366760254,False
95.4,0.05,-0.014,0.002,0.79433865,0.48052585,9.93413645,7.25,5.73611068726,2.74000000954,-0.142495244741,85.7086868286,-0.159147784114,17.9519271851,0.812313079834,97691.9494629,17.4499988556,-75.2298355103,False
95.5,0.0,-0.019,-0.001,0.784532,0.36284605,9.9047165,7.19999980927,5.73611068726,2.96000003815,-0.142495244741,85.7086868286,-0.176145091653,18.014465332,0.825163722038,97693.2617188,17.5299987793,-75.2298355103,False
95.60000000000001,0.0,-0.019,-0.001,0.784532,0.36284605,9.9047165,7.23000001907,5.73611068726,3.19999980927,-0.142495244741,85.7086868286,-0.193143799901,18.0679931641,0.792981743813,97693.2617188,17.609998703,-85.5947494507,False
95.7,0.024,-0.018,-0.001,0.89240515,0.7453054,10.4538889,7.15999984741,6.18222808838,3.39999985695,0.0600129216909,85.6743469238,-0.202299162745,18.0951919556,0.765557169914,97700.4760742,17.6900005341,-85.5947494507,False
95.80000000000001,-0.09,-0.017,-0.012,0.71588545,0.4118793,10.26756255,7.03999996185,6.18222808838,3.54999995232,0.0600129216909,85.6743469238,-0.232210084796,18.1682224274,0.65662163496,97694.3481445,17.7700004578,-92.8630828857,False
95.9,-0.09,-0.017,-0.012,0.71588545,0.4118793,10.26756255,7.06999969482,6.18222808838,3.70999979973,0.0600129216909,85.6743469238,-0.242667928338,18.2041568756,0.607000112534,97694.3481445,17.8400001526,-92.8630828857,False
96.0,-0.01,-0.045,-0.011,0.77472535,0.4707192,10.28717585,7.05999994278,6.18222808838,3.84999990463,0.0600129216909,85.6743469238,-0.271953374147,18.257566452,0.543540179729,97697.1008301,17.9499988556,-114.629745483,False
96.10000000000001,0.053,-0.068,0.009,0.8041453,0.51975245,11.1599677,6.94000005722,5.06526088715,4.00999975204,0.782556891441,85.957572937,-0.303854107857,18.2896385193,0.433952718973,97697.3632812,17.9499988556,-114.629745483,False
96.2,0.095,-0.065,0.015,0.75511205,0.3726527,11.1011278,7.94999980927,5.06526088715,4.07999992371,0.782556891441,85.957572937,-0.334513187408,18.3233165741,0.304648637772,97699.0783691,18.0,-115.878105164,False
96.30000000000001,0.047,-0.078,0.017,0.9022118,0.40207265,11.48358715,7.8799996376,5.06526088715,4.11000013351,0.782556891441,85.957572937,-0.348692655563,18.3471164703,0.173935517669,97697.6867676,18.0299987793,-115.878105164,False
96.4,0.087,-0.062,0.013,0.9610517,0.6472389,11.30706745,9.09000015259,6.25958395004,4.11000013351,2.04405021667,85.7967071533,-0.383113980293,18.3648719788,0.0572178959846,97706.1767578,18.0499992371,-121.58870697,False
96.5,0.159,-0.088,0.023,1.0002783,0.3334261,12.38579895,9.02999973297,6.25958395004,4.06999969482,2.04405021667,85.7967071533,-0.457029312849,18.395608902,-0.179464563727,97706.1767578,18.0499992371,-121.58870697,False
96.60000000000001,0.159,-0.088,0.023,1.0002783,0.3334261,12.38579895,11.6999998093,6.25958395004,3.92999982834,2.04405021667,85.7967071533,-0.513625264168,18.4106769562,-0.350656479597,97706.1767578,18.0299987793,-125.4529953,False
96.7,-0.001,-0.036,0.049,0.8433719,0.588399,10.6892485,11.6700000763,6.25958395004,3.76999998093,2.04405021667,85.7967071533,-0.568365931511,18.4169616699,-0.416284203529,97698.3520508,18.0,-126.453018188,False
96.80000000000001,-0.001,-0.036,0.049,0.8433719,0.588399,10.6892485,11.6199998856,6.25958395004,3.64999985695,2.04405021667,85.7967071533,-0.580192804337,18.4114665985,-0.450915455818,97698.3520508,17.8999996185,-134.897994995,False
96.9,0.04,-0.009,-0.007,0.7453054,0.784532,10.36562905,17.2299995422,8.02941989899,3.49000000954,3.64252758026,85.0813522339,-0.654887616634,18.3900966644,-0.603158295155,97696.5942383,17.8999996185,-134.897994995,False
97.0,0.097,-0.011,-0.026,0.7060788,0.7060788,9.9439431,17.4899997711,8.02941989899,3.31999993324,3.64252758026,85.0813522339,-0.718747973442,18.3743934631,-0.62912017107,97704.1931152,17.8299999237,-135.456848145,False
97.10000000000001,0.18,-0.017,-0.042,0.8041453,0.28439285,10.58137535,19.2399997711,8.02941989899,3.19999980927,3.64252758026,85.0813522339,-0.75636279583,18.3644275665,-0.6430336833,97697.8637695,17.7600002289,-135.456848145,False
97.2,0.232,-0.01,-0.061,0.77472535,0.5491724,10.198916,19.4699993134,10.4908056259,3.04999995232,3.78644299507,85.6587982178,-0.869503378868,18.344335556,-0.676742136478,97696.3623047,17.6900005341,-127.252197266,False
97.30000000000001,0.232,-0.01,-0.061,0.77472535,0.5491724,10.198916,19.6700000763,10.4908056259,2.91999983788,3.78644299507,85.6587982178,-0.928524374962,18.3385372162,-0.701578557491,97696.3623047,17.6199989319,-127.252197266,False
97.4,0.193,-0.015,-0.077,0.65704555,0.79433865,9.91452315,26.0900001526,10.4908056259,2.76999998093,3.78644299507,85.6587982178,-1.10884463787,18.3100128174,-0.742083668709,97700.9643555,17.5499992371,-140.665054321,False
97.5,0.193,-0.015,-0.077,0.65704555,0.79433865,9.91452315,26.2600002289,10.4908056259,2.61999988556,3.78644299507,85.6587982178,-1.2746591568,18.2901802063,-0.717948138714,97700.9643555,17.4799995422,-140.665054321,False
97.60000000000001,0.112,-0.002,-0.11,0.69627215,0.59820565,8.9240515,27.9200000763,15.7509317398,2.5,3.65800857544,87.4740142822,-1.42671513557,18.273765564,-0.637731254101,97694.2626953,17.3999996185,-133.661071777,False
97.7,0.112,-0.002,-0.11,0.69627215,0.59820565,8.9240515,28.0699996948,15.7509317398,2.44000005722,3.65800857544,87.4740142822,-1.54044270515,18.2699737549,-0.560993611813,97694.2626953,17.3400001526,-134.661102295,False
97.80000000000001,0.254,0.003,-0.124,0.6864655,0.61781895,8.7083052,28.1499996185,15.7509317398,2.45000004768,3.65800857544,87.4740142822,-1.66051661968,18.265668869,-0.438440322876,97692.1691895,17.2799987793,-61.9314193726,False
97.9,0.309,-0.013,-0.134,0.7453054,0.4118793,9.24767095,33.7399978638,15.7509317398,2.49000000954,3.65800857544,87.4740142822,-1.95506083965,18.2647819519,-0.26280233264,97690.246582,17.2399997711,-61.9314193726,False
98.0,0.34,-0.014,-0.142,0.75511205,0.57859235,9.24767095,33.9300003052,15.7509317398,2.56999993324,3.65800857544,87.4740142822,-2.20130372047,18.2640190125,-0.1538644135,97689.0197754,17.2199993134,-71.4874267578,False
98.10000000000001,0.422,-0.026,-0.148,0.69627215,0.784532,9.3751574,36.3699989319,22.3462753296,2.66999983788,2.72304368019,90.5353622437,-2.549741745,18.260684967,-0.0169596802443,97691.2109375,17.2099990845,-71.4874267578,False
98.2,0.319,-0.051,-0.158,0.6472389,0.5687857,9.46341725,36.3600006104,22.3462753296,2.81999993324,2.72304368019,90.5353622437,-2.88615942001,18.2605648041,0.0984595268965,97691.2109375,17.2099990845,-74.4033813477,False
98.30000000000001,0.319,-0.051,-0.158,0.6472389,0.5687857,9.46341725,36.3600006104,22.3462753296,2.81999993324,2.72304368019,90.5353622437,-2.88615942001,18.2605648041,0.0984595268965,97694.5495605,17.2099990845,-74.4033813477,False
98.4,0.293,-0.089,-0.17,0.8433719,0.95124505,10.71866845,39.3899993896,22.3462753296,3.12999987602,2.72304368019,90.5353622437,-3.58999347687,18.2370834351,0.188177123666,97690.3015137,17.2399997711,-85.7259750366,False
98.5,0.188,-0.103,-0.196,0.8629852,0.81395195,10.64021525,39.1899986267,30.6563854218,3.25999999046,2.21687531471,94.5567626953,-4.12624311447,18.2155513763,0.238030582666,97691.0583496,17.2700004578,-85.7259750366,False
98.60000000000001,0.188,-0.103,-0.196,0.8629852,0.81395195,10.64021525,40.969997406,30.6563854218,3.37999987602,2.21687531471,94.5567626953,-4.38107919693,18.1995925903,0.286536246538,97691.0583496,17.2899990082,-99.2385864258,False
98.7,-0.052,-0.108,-0.244,0.99047165,0.8433719,10.03220295,40.8400001526,30.6563854218,3.53999996185,2.21687531471,94.5567626953,-4.87966585159,18.1757087708,0.430790126324,97691.1132812,17.3199996948,-98.2385635376,False
98.80000000000001,0.133,-0.138,-0.288,0.980665,1.06892485,11.3364874,40.6899986267,32.2447776794,3.73000001907,1.81498014927,98.2912368774,-5.42686128616,18.1289596558,0.488279819489,97691.1132812,17.359998703,-122.984886169,False
98.9,0.155,-0.153,-0.284,1.0591182,1.3533177,11.1207411,43.3999977112,32.2447776794,3.91999983788,1.81498014927,98.2912368774,-6.00917100906,18.0718307495,0.477131187916,97700.3479004,17.4099998474,-122.984886169,False
99.0,0.304,-0.157,-0.315,1.2552512,0.9022118,11.36590735,43.25,32.2447776794,4.07999992371,1.81498014927,98.2912368774,-6.33267402649,18.0345230103,0.465747088194,97694.152832,17.5,-131.582824707,False
99.10000000000001,0.397,-0.187,-0.303,1.2944778,0.8433719,11.76798,44.7700004578,32.2447776794,4.25,1.81498014927,98.2912368774,-6.92124938965,17.9516429901,0.477727085352,97692.9992676,17.5,-131.582824707,False
99.2,0.19,-0.203,-0.271,1.36312435,0.9610517,11.76798,44.4399986267,38.7921714783,4.44000005722,0.804091393948,107.148078918,-7.54738473892,17.8464202881,0.477729469538,97692.9992676,17.5499992371,-153.289611816,False
99.30000000000001,0.161,-0.204,-0.287,1.4317709,0.95124505,11.1991943,44.7700004578,38.7921714783,4.59999990463,0.804091393948,107.148078918,-8.16885948181,17.7236042023,0.502296745777,97695.7702637,17.6000003815,-153.289611816,False
99.4,0.123,-0.224,-0.316,1.40235095,1.14737805,12.1014061,44.7700004578,38.7921714783,4.78999996185,0.804091393948,107.148078918,-8.82143974304,17.580701828,0.524620771408,97695.7702637,17.6399993896,-192.679595947,False
99.5,0.163,-0.243,-0.34,1.61809725,1.08853815,11.9052731,44.7700004578,38.7921714783,4.96999979019,0.804091393948,107.148078918,-9.49663448334,17.4100189209,0.53820925951,97696.3012695,17.6999988556,-192.679595947,False
99.60000000000001,0.129,-0.261,-0.352,1.5102241,1.14737805,12.18966595,44.7700004578,42.6411857605,5.17000007629,0.193338319659,115.405250549,-10.1767597198,17.2010345459,0.568428754807,97707.0678711,17.75,-201.053619385,False
99.7,0.033,-0.291,-0.341,1.6867438,1.36312435,12.4544455,44.7700004578,42.6411857605,5.35999965668,0.193338319659,115.405250549,-10.8969564438,16.9578514099,0.556568682194,97700.6713867,17.7999992371,-201.053619385,False
99.80000000000001,-0.022,-0.292,-0.331,1.71616375,1.4121576,12.73883835,44.7700004578,42.6411857605,5.51999998093,0.193338319659,115.405250549,-11.6185951233,16.6782722473,0.53812199831,97711.7919922,17.859998703,-242.703063965,False
99.9,-0.04,-0.283,-0.333,1.96133,1.18660465,12.93497135,44.7700004578,42.6411857605,5.65999984741,0.193338319659,115.405250549,-12.3515462875,16.3672180176,0.499445527792,97704.0710449,17.9099998474,-242.703063965,False
100.0,0.089,-0.278,-0.352,1.7063571,1.2552512,12.67999845,44.7700004578,43.638923645,5.7999997139,-0.362859040499,126.243766785,-13.2151193619,15.9488582611,0.478749036789,97704.0710449,17.9699993134,-281.50100708,False
100.10000000000001,0.089,-0.278,-0.352,1.7063571,1.2552512,12.67999845,44.7700004578,43.638923645,5.98000001907,-0.362859040499,126.243766785,-13.9446926117,15.546877861,0.466419100761,97710.0830078,18.0200004578,-281.50100708,False
100.2,0.059,-0.356,-0.31,2.0005566,0.91201845,14.709975,44.7700004578,43.638923645,6.15000009537,-0.362859040499,126.243766785,-14.7096614838,15.0552940369,0.389705002308,97713.1958008,18.0799999237,-313.143737793,False
100.30000000000001,-0.004,-0.338,-0.289,1.96133,0.8237586,13.36646395,44.7700004578,43.638923645,6.27999973297,-0.362859040499,126.243766785,-15.2880420685,14.6451978683,0.352774292231,97713.1958008,18.1299991608,-314.143737793,False
100.4,-0.004,-0.338,-0.289,1.96133,0.8237586,13.36646395,44.7700004578,45.1628456116,6.42000007629,-0.208452895284,135.90927124,-15.8789787292,14.182182312,0.29454472661,97713.1958008,18.1700000763,-359.188079834,False
100.5,0.086,-0.38,-0.257,1.9221034,1.02969825,14.26867575,44.7700004578,45.1628456116,6.52999973297,-0.208452895284,135.90927124,-16.7377872467,13.4322023392,0.172820225358,97707.5866699,18.2199993134,-358.188049316,False
100.60000000000001,0.086,-0.38,-0.257,1.9221034,1.02969825,14.26867575,44.7599983215,45.1628456116,6.60999965668,-0.208452895284,135.90927124,-17.2862911224,12.9129810333,0.0963090583682,97707.5866699,18.2600002289,-396.888366699,False
100.7,0.001,-0.374,-0.264,1.81423025,1.04931155,13.8469898,44.75,45.1628456116,6.69000005722,-0.208452895284,135.90927124,-18.1549949646,11.9463357925,0.0172903351486,97709.576416,18.2799987793,-396.888366699,False
100.80000000000001,0.087,-0.382,-0.231,1.83384355,1.26505785,14.09215605,44.7399978638,45.1628456116,6.75999975204,-0.208452895284,135.90927124,-18.6379013062,11.2987117767,-0.0967564657331,97704.3884277,18.2899990082,-437.247070312,False
100.9,0.087,-0.382,-0.231,1.83384355,1.26505785,14.09215605,44.719997406,45.1628456116,6.75,-0.208452895284,135.90927124,-18.9706802368,10.8380737305,-0.151119977236,97704.3884277,18.2899990082,-437.247070312,False
101.0,-0.089,-0.383,-0.306,2.04958985,1.0983448,14.85707475,44.7000007629,47.0144615173,6.69999980927,2.43519377708,150.202285767,-19.7146530151,9.64180183411,-0.329823791981,97721.3867188,18.2799987793,-476.180664062,False
101.10000000000001,-0.089,-0.383,-0.306,2.04958985,1.0983448,14.85707475,44.1199989319,47.0144615173,6.60999965668,2.43519377708,150.202285767,-20.0129928589,9.11747169495,-0.41255825758,97721.3867188,18.25,-476.180664062,False
101.2,-0.02,-0.378,-0.312,1.6475172,0.97085835,15.46508705,42.9399986267,47.0144615173,6.48000001907,2.43519377708,150.202285767,-20.5958061218,7.83369064331,-0.600144982338,97704.6936035,18.2099990845,-506.903656006,False
101.30000000000001,-0.02,-0.378,-0.312,1.6475172,0.97085835,15.46508705,40.8899993896,47.0144615173,6.30999994278,2.43519377708,150.202285767,-20.9216632843,7.01523065567,-0.732240498066,97714.3859863,18.1599998474,-506.903656006,False
101.4,-0.022,-0.38,-0.28,1.6475172,1.04931155,15.3768272,38.6199989319,46.9487800598,6.06999969482,3.60568666458,162.796432495,-21.2230567932,6.01014041901,-0.905992865562,97710.4125977,18.0799999237,-530.688110352,False
101.5,-0.063,-0.376,-0.262,1.69655045,1.2356379,14.8276548,36.0299987793,46.9487800598,5.80999994278,3.60568666458,162.796432495,-21.5330486298,4.79701757431,-1.06782114506,97710.5529785,17.9899997711,-530.688110352,False
101.60000000000001,-0.063,-0.376,-0.262,1.69655045,1.2356379,14.8276548,32.9399986267,46.9487800598,5.48999977112,3.60568666458,162.796432495,-21.6898117065,4.00058746338,-1.15271794796,97710.5529785,17.8799991608,-560.020080566,False
101.7,-0.22,-0.352,-0.263,1.6082906,1.2748645,14.48442205,29.7799987793,46.4990272522,5.10999965668,4.73931121826,171.005172729,-21.8649978638,2.61305570602,-1.36765170097,97702.2033691,17.7700004578,-560.020080566,False
101.80000000000001,-0.363,-0.324,-0.293,1.5102241,1.10815145,14.42558215,26.1800003052,46.4990272522,4.67999982834,4.73931121826,171.005172729,-21.8961219788,1.85267150402,-1.48315107822,97701.2573242,17.6299991608,-561.346435547,False
101.9,-0.363,-0.324,-0.293,1.5102241,1.10815145,14.42558215,22.4300003052,46.4990272522,4.19999980927,4.73931121826,171.005172729,-21.9000873566,1.3087028265,-1.56604373455,97701.2573242,17.4699993134,-561.346435547,False
102.0,-0.35,-0.263,-0.299,0.8237586,1.0983448,12.9643913,18.6599998474,46.4990272522,3.69999980927,4.73931121826,171.005172729,-21.7832069397,0.166339948773,-1.69386136532,97690.7958984,17.2999992371,-572.309509277,False
102.10000000000001,-0.41,-0.237,-0.28,0.8433719,0.81395195,13.0820711,14.8299999237,40.5549812317,3.17999982834,5.44720125198,-178.69631958,-21.6590614319,-0.615035057068,-1.77927863598,97695.0317383,17.1199989319,-572.309509277,False
102.2,-0.466,-0.22,-0.257,0.50013915,0.8041453,12.48386545,10.9699993134,40.5549812317,2.59999990463,5.44720125198,-178.69631958,-21.4420032501,-1.47557163239,-1.87699329853,97695.0317383,16.9200000763,-594.515441895,False
102.30000000000001,-0.414,-0.186,-0.241,0.44129925,0.69627215,12.4936721,7.19999980927,35.3893928528,2.02999997139,5.8223285675,-173.476196289,-21.2698402405,-1.98872935772,-1.95830464363,97676.7456055,16.7199993134,-594.515441895,False
102.4,-0.413,-0.152,-0.234,0.1765197,0.8629852,12.160246,3.61999988556,35.3893928528,1.38999998569,5.8223285675,-173.476196289,-20.9678096771,-2.67082190514,-2.07629871368,97676.7456055,16.5100002289,-579.001037598,False
102.5,-0.413,-0.152,-0.234,0.1765197,0.8629852,12.160246,0.269999980927,35.3893928528,0.729999959469,5.8223285675,-173.476196289,-20.700963974,-3.1457157135,-2.15626978874,97688.9526367,16.2799987793,-579.001037598,False
102.60000000000001,-0.496,-0.129,-0.226,0.0784532,0.9022118,11.375714,-2.67999982834,35.3893928528,0.0299999993294,5.8223285675,-173.476196289,-20.5937423706,-3.31345558167,-2.18248319626,97666.8884277,16.0399990082,-568.777282715,False
102.7,-0.698,-0.075,-0.217,0.0,0.53936575,10.38524235,-5.44000005722,24.5229606628,-0.659999966621,6.10770130157,-166.578063965,-20.2230587006,-3.82233452797,-2.23204040527,97664.4958496,15.7899999619,-568.777282715,False
102.80000000000001,-0.698,-0.075,-0.217,0.0,0.53936575,10.38524235,-7.69000005722,24.5229606628,-1.31999993324,6.10770130157,-166.578063965,-20.0624980927,-3.99912524223,-2.22429585457,97664.4958496,15.5499992371,-562.633728027,False
102.9,-0.622,-0.036,-0.155,-0.0588399,0.4903325,10.2577559,-9.5999994278,24.5229606628,-2.0,6.10770130157,-166.578063965,-19.7281074524,-4.28759479523,-2.21161842346,97660.1257324,15.2899999619,-562.633728027,False
103.0,-0.622,-0.036,-0.155,-0.0588399,0.4903325,10.2577559,-11.1799993515,24.5229606628,-2.69000005722,6.10770130157,-166.578063965,-19.4798564911,-4.42447948456,-2.25348591805,97660.1257324,15.0399999619,-522.458251953,False
103.10000000000001,-0.588,-0.016,-0.123,-0.24516625,0.6080123,9.8654899,-12.3899993896,24.5229606628,-3.39999985695,6.10770130157,-166.578063965,-19.2676639557,-4.47736692429,-2.20063638687,97652.1179199,14.7699995041,-522.458251953,False
103.2,-0.522,0.01,-0.103,-0.26477955,0.3726527,8.825985,-13.279999733,24.5229606628,-4.0499997139,6.10770130157,-166.578063965,-19.1041164398,-4.495657444,-2.12695908546,97645.1049805,14.5099992752,-486.382873535,False
103.30000000000001,-0.486,0.027,-0.063,-0.2941995,0.3726527,9.52225715,-13.9399995804,8.09807300568,-4.63999986649,5.79137992859,-161.936172485,-18.8368053436,-4.45537471771,-2.06965565681,97641.0766602,14.2599992752,-486.382873535,False
103.4,-0.486,0.027,-0.063,-0.2941995,0.3726527,9.52225715,-14.3699998856,8.09807300568,-5.26999998093,5.79137992859,-161.936172485,-18.7636146545,-4.42860507965,-2.03968143463,97641.0766602,13.7599992752,-455.134216309,False
103.5,-0.294,0.052,-0.026,-0.44129925,1.0736656184399999e-15,8.7671451,-14.6099996567,8.09807300568,-5.85999965668,5.79137992859,-161.936172485,-18.5621986389,-4.34402608871,-1.91371750832,97634.9060059,13.7599992752,-455.134216309,False
103.60000000000001,-0.294,0.052,-0.026,-0.44129925,1.0736656184399999e-15,8.7671451,-14.8099994659,-1.35624206066,-6.38999986649,5.03697490692,-160.718505859,-18.3780136108,-4.22776508331,-1.78607261181,97634.9060059,13.5199995041,-427.016845703,False
103.7,-0.265,0.051,0.061,-0.42168595,0.26477955,9.5516771,-14.8599996567,-1.35624206066,-6.92000007629,5.03697490692,-160.718505859,-18.2692260742,-4.12462615967,-1.7566794157,97630.5786133,13.2999992371,-427.016845703,False
103.80000000000001,-0.28,0.082,0.068,-0.42168595,0.30400615,8.629852,-14.7199993134,-1.35624206066,-7.48000001907,5.03697490692,-160.718505859,-18.12241745,-3.93574690819,-1.66713953018,97627.520752,13.0799999237,-399.333007812,False
103.9,-0.263,0.081,0.07,-0.36284605,0.1765197,8.7279185,-14.4399995804,-1.35624206066,-7.96999979019,5.03697490692,-160.718505859,-18.0145168304,-3.76135516167,-1.54017210007,97624.2797852,12.8599996567,-399.333007812,False
104.0,-0.263,0.081,0.07,-0.36284605,0.1765197,8.7279185,-14.0799999237,-1.35624206066,-8.4299993515,5.03697490692,-160.718505859,-17.9215011597,-3.57578682899,-1.42455780506,97624.2797852,12.6599998474,-357.08581543,False
104.10000000000001,-0.212,0.101,0.096,-0.5491724,0.2941995,7.9237732,-13.6599998474,-7.8598613739,-8.85999965668,3.10951757431,-162.09815979,-17.8436927795,-3.38253521919,-1.25932407379,97622.9614258,12.4699993134,-357.08581543,False
104.2,-0.13,0.108,0.103,-0.588399,0.3138128,8.07087295,-13.1899995804,-7.8598613739,-9.21000003815,3.10951757431,-162.09815979,-17.7884693146,-3.22601890564,-1.06329727173,97617.7490234,12.2899999619,-334.623138428,False
104.30000000000001,-0.044,0.109,0.109,-0.6668522,0.196133,8.3552658,-12.6499996185,-7.8598613739,-9.5,3.10951757431,-162.09815979,-17.7148933411,-2.98604130745,-0.830778539181,97617.2851562,12.1399993896,-334.623138428,False
104.4,0.022,0.125,0.13,-0.67665885,0.3530394,8.0806796,-12.029999733,-7.8598613739,-9.75,3.10951757431,-162.09815979,-17.6786441803,-2.82956790924,-0.665002703667,97615.2526855,12.0099992752,-312.451934814,False
104.5,0.036,0.124,0.139,-0.5099458,0.3530394,8.01203305,-11.3899993896,-10.267285347,-9.96000003815,0.4935567379,-164.071578979,-17.6104202271,-2.54357242584,-0.374310791492,97613.3483887,11.8999996185,-312.451934814,False
104.60000000000001,-0.08,0.124,0.14,-0.65704555,0.40207265,8.3356525,-10.7299995422,-10.267285347,-10.0900001526,0.4935567379,-164.071578979,-17.5861148834,-2.36121749878,-0.166333287954,97613.3483887,11.75,-286.984619141,False
104.7,-0.109,0.121,0.147,-0.71588545,0.5099458,8.3160392,-10.1099996567,-10.267285347,-10.1899995804,0.4935567379,-164.071578979,-17.5592765808,-2.14284014702,0.0287977866828,97611.3708496,11.75,-286.984619141,False
104.80000000000001,-0.093,0.118,0.139,-0.46091255,0.2157463,7.7080269,-9.30000019073,-11.3657064438,-10.2399997711,-2.74569940567,-166.853393555,-17.5457000732,-1.94098937511,0.274568408728,97611.3708496,11.6999998093,-275.541503906,False
104.9,-0.06,0.115,0.122,-0.4707192,0.3138128,7.69822025,-8.55000019073,-11.3657064438,-10.2199993134,-2.74569940567,-166.853393555,-17.5422763824,-1.75529122353,0.428648978472,97611.3708496,11.6799993515,-275.541503906,False
105.0,0.0,0.128,0.074,-0.4903325,0.1372931,6.56064885,-7.57999992371,-11.3657064438,-10.1799993515,-2.74569940567,-166.853393555,-17.5348796844,-1.58454203606,0.64079028368,97610.144043,11.6799993515,-256.565490723,False
105.10000000000001,0.0,0.128,0.074,-0.4903325,0.1372931,6.56064885,-6.84999990463,-11.3657064438,-9.98999977112,-2.74569940567,-166.853393555,-17.5253791809,-1.37505185604,1.06559860706,97610.144043,11.7100000381,-256.565490723,False
105.2,0.011,0.054,0.074,-0.4903325,0.1176798,7.81590005,-6.07999992371,-11.5177345276,-9.73999977112,-5.22781801224,-168.27305603,-17.528345108,-1.23082828522,1.29062724113,97610.2111816,11.7699995041,-254.668609619,False
105.30000000000001,-0.037,0.045,0.08,-0.36284605,0.0392266,7.95319315,-5.40000009537,-11.5177345276,-9.40999984741,-5.22781801224,-168.27305603,-17.5616092682,-1.01420211792,1.5624319315,97611.3952637,11.8599996567,-254.668609619,True
105.4,-0.041,0.056,0.096,-0.55897905,0.18632635,8.05125965,-4.48000001907,-11.5177345276,-9.0999994278,-5.22781801224,-168.27305603,-17.6044769287,-0.804928541183,1.81363105774,97611.3952637,11.9799995422,-251.916503906,True
105.5,-0.041,0.056,0.096,-0.55897905,0.18632635,8.05125965,-3.74000000954,-11.5177345276,-8.72999954224,-5.22781801224,-168.27305603,-17.6152896881,-0.724283337593,1.88175296783,97615.020752,12.1199998856,-251.916503906,True
105.60000000000001,0.11,0.018,0.115,-0.32361945,0.08825985,9.414384,-2.82999992371,-10.7856721878,-8.32999992371,-7.37936019897,-170.654327393,-17.6965427399,-0.466006934643,2.08662843704,97619.0734863,12.279999733,-246.998779297,True
105.7,0.11,0.018,0.115,-0.32361945,0.08825985,9.414384,-1.97999989986,-10.7856721878,-7.94000005722,-7.37936019897,-170.654327393,-17.7392730713,-0.357734620571,2.14486646652,97619.0734863,12.4499998093,-246.998779297,True
105.80000000000001,0.122,0.022,0.138,-0.36284605,0.06864655,9.1397978,-1.09000003338,-10.7856721878,-7.53999996185,-7.37936019897,-170.654327393,-17.8322525024,-0.140915393829,2.34472465515,97624.1699219,12.6399993896,-252.306182861,True
105.9,0.132,0.017,0.138,-0.51975245,0.30400615,9.48303055,-0.299999982119,-10.7856721878,-7.06999969482,-7.37936019897,-170.654327393,-17.9004554749,0.0141052762046,2.42480587959,97626.5380859,12.8400001526,-252.306182861,True
106.0,0.106,-0.004,0.149,-0.38245935,0.0980665,9.58109705,0.449999988079,-8.19178295135,-6.58999967575,-8.38081741333,-173.133239746,-17.9588394165,0.13668936491,2.50910520554,97633.6914062,13.0499992371,-263.684265137,True
106.10000000000001,0.129,-0.012,0.147,-0.392266,0.196133,9.7281968,1.19999992847,-8.19178295135,-6.11999988556,-8.38081741333,-173.133239746,-18.0555152893,0.297476649284,2.5839164257,97637.487793,13.2699995041,-263.684265137,True
106.2,0.101,-0.028,0.14,-0.4118793,0.18632635,10.13026945,1.93999993801,-8.19178295135,-5.60999965668,-8.38081741333,-173.133239746,-18.1176185608,0.39997112751,2.6459608078,97642.3339844,13.7399997711,-272.370910645,True
106.30000000000001,0.089,-0.026,0.138,-0.36284605,0.50013915,9.7085835,2.65999984741,-8.19178295135,-5.09999990463,-8.38081741333,-173.133239746,-18.2000217438,0.523164570332,2.68149828911,97642.3339844,13.7399997711,-272.370910645,True
106.4,0.059,-0.045,0.103,-0.16671305,0.48052585,9.99297635,3.40999984741,-8.19178295135,-4.5499997139,-8.38081741333,-173.133239746,-18.2826709747,0.653773665428,2.70862388611,97645.8312988,13.9799995422,-265.731994629,True
106.5,0.056,-0.042,0.076,-0.1765197,0.4707192,10.18910935,4.23000001907,-4.46047639847,-4.00999975204,-8.50542926788,-177.447250366,-18.3739967346,0.784319102764,2.70139551163,97649.005127,14.2399997711,-265.731994629,True
106.60000000000001,0.056,-0.042,0.076,-0.1765197,0.4707192,10.18910935,5.03999996185,-4.46047639847,-3.47000002861,-8.50542926788,-177.447250366,-18.4901161194,0.934253334999,2.63141536713,97649.005127,14.4899997711,-290.995025635,True
106.7,0.114,-0.068,0.033,-0.18632635,0.51975245,10.71866845,5.7999997139,-4.46047639847,-2.97000002861,-8.50542926788,-177.447250366,-18.5692882538,1.01815652847,2.58053803444,97656.060791,14.7399997711,-290.995025635,True
106.80000000000001,0.094,-0.072,0.027,-0.0392266,0.42168595,10.91480145,6.48999977112,-4.46047639847,-2.50999999046,-8.50542926788,-177.447250366,-18.658197403,1.11618983746,2.49091887474,97659.9731445,15.2199993134,-301.049987793,True
106.9,0.103,-0.084,0.04,0.0196133,0.44129925,11.3561007,7.14999961853,-1.27259254456,-2.05999994278,-6.80425024033,-179.178771973,-18.7855529785,1.22728967667,2.29895305634,97661.8713379,15.2199993134,-301.049987793,True
107.0,0.076,-0.085,0.033,-0.08825985,0.42168595,11.48358715,7.75,-1.27259254456,-1.66999995708,-6.80425024033,-179.178771973,-18.8508281708,1.27732276917,2.18219470978,97667.4743652,15.4399995804,-318.628509521,True
107.10000000000001,0.116,-0.101,0.038,0.0784532,0.28439285,12.18966595,8.28999996185,-1.27259254456,-1.31999993324,-6.80425024033,-179.178771973,-18.9370193481,1.34910833836,1.99155366421,97667.4743652,15.6399993896,-318.628509521,True
107.2,0.131,-0.094,0.049,-0.00980665,0.392266,11.77778665,8.80000019073,-1.27259254456,-1.0,-6.80425024033,-179.178771973,-19.0002384186,1.37588095665,1.82865774632,97673.2971191,15.8299999237,-334.385314941,True
107.30000000000001,0.131,-0.094,0.049,-0.00980665,0.392266,11.77778665,9.1799993515,-1.27259254456,-0.729999959469,-6.80425024033,-179.178771973,-19.0405845642,1.3919210434,1.7149002552,97675.3967285,16.0,-334.385314941,True
107.4,0.076,-0.092,0.064,0.0,0.50013915,11.4933938,9.57999992371,1.60283660889,-0.469999998808,-4.64135408401,179.640609741,-19.1263847351,1.43411409855,1.45334470272,97682.4279785,16.1700000763,-357.847595215,True
107.5,0.093,-0.102,0.046,0.00980665,0.4511059,11.18938765,9.94999980927,1.60283660889,-0.239999994636,-4.64135408401,179.640609741,-19.1607513428,1.43676185608,1.3368781805,97683.404541,16.3099994659,-357.847595215,True
107.60000000000001,0.093,-0.102,0.046,0.00980665,0.4511059,11.18938765,10.2100000381,1.60283660889,-0.019999999553,-4.64135408401,179.640609741,-19.1850299835,1.44353151321,1.23898172379,97683.404541,16.4499988556,-375.433929443,True
107.7,0.042,-0.113,0.036,0.10787315,0.2941995,12.26811915,10.5100002289,1.60283660889,0.119999997318,-4.64135408401,179.640609741,-19.2184658051,1.4389115572,1.01892566681,97685.9924316,16.5699996948,-375.433929443,True
107.80000000000001,0.128,-0.11,0.023,0.20593965,0.46091255,12.17005265,10.6700000763,3.32927489281,0.219999998808,-2.31230473518,178.525558472,-19.246925354,1.41830837727,0.722258746624,97685.5651855,16.6700000763,-325.375183105,True
107.9,0.101,-0.103,0.018,0.2157463,0.42168595,12.24850585,10.8299999237,3.32927489281,0.280000001192,-2.31230473518,178.525558472,-19.2571487427,1.39009356499,0.510421693325,97688.7084961,16.75,-325.375183105,True
108.0,0.036,-0.068,0.019,0.1765197,0.6080123,11.44436055,10.8699998856,3.32927489281,0.289999991655,-2.31230473518,178.525558472,-19.2487773895,1.34428060055,0.321878045797,97694.0979004,16.8099994659,-327.40020752,True
108.10000000000001,0.045,-0.08,0.006,0.0980665,0.6668522,11.5326204,10.9299993515,5.49220132828,0.269999980927,-0.358451008797,178.128555298,-19.2313365936,1.30747830868,0.154300019145,97694.0979004,16.8500003815,-327.40020752,True
108.2,0.045,-0.062,-0.016,0.0980665,0.38245935,11.2188076,10.9799995422,5.49220132828,0.239999994636,-0.358451008797,178.128555298,-19.2030010223,1.26243388653,-0.00281471083872,97692.175293,16.8699989319,-334.777832031,True
108.30000000000001,0.096,-0.038,-0.024,0.0,0.3726527,10.8461549,10.9899997711,5.49220132828,0.179999992251,-0.358451008797,178.128555298,-19.1618289948,1.20602428913,-0.07803491503,97690.9851074,16.8799991608,-334.777832031,True
108.4,0.166,-0.042,5.143516556420001e-18,0.1569064,0.7453054,11.2580342,10.9399995804,5.49220132828,0.170000001788,-0.358451008797,178.128555298,-19.1160888672,1.14803504944,-0.187559455633,97697.1984863,16.8899993896,-330.370147705,True
108.5,0.092,-0.048,-0.007,0.2353596,0.4511059,11.58165365,10.9099998474,5.49220132828,0.0999999940395,-0.358451008797,178.128555298,-19.0801506042,1.08053231239,-0.31024569273,97697.1984863,16.8899993896,-330.370147705,True
108.60000000000001,0.092,-0.048,-0.007,0.2353596,0.4511059,11.58165365,10.7299995422,5.49220132828,0.0,-0.358451008797,178.128555298,-19.0801506042,1.08053231239,-0.31024569273,97697.1984863,16.8899993896,-330.370147705,True
108.7,0.141,-0.034,-0.007,0.0980665,0.5687857,11.1991943,10.3999996185,9.07448959351,-0.129999995232,1.53629016876,178.420608521,-18.9911231995,0.889296472073,-0.557866334915,97692.0043945,16.859998703,-326.274291992,True
108.80000000000001,0.064,-0.031,-0.019,0.12748645,0.5491724,10.83634825,10.0699996948,9.07448959351,-0.259999990463,1.53629016876,178.420608521,-18.9388179779,0.776010751724,-0.641006469727,97690.6921387,16.8199996948,-320.522705078,True
108.9,-0.002,-0.022,-0.009,0.1569064,0.61781895,9.97336305,10.3299999237,9.07448959351,-0.399999976158,1.53629016876,178.420608521,-18.8832912445,0.676940560341,-0.668388307095,97693.8964844,16.7799987793,-320.522705078,True
109.0,0.0,-0.023,-0.015,0.0,0.4511059,10.11065615,10.8599996567,10.3300275803,-0.519999980927,2.06220602989,178.773391724,-18.824092865,0.568787336349,-0.667416632175,97691.7114258,16.6800003052,-316.157714844,True
109.10000000000001,0.02,-0.008,-0.008,0.0784532,0.7453054,9.44380395,10.5399999619,10.3300275803,-0.620000004768,2.06220602989,178.773391724,-18.7579708099,0.477799862623,-0.631855070591,97692.3156738,16.6800003052,-316.157714844,True
109.2,0.02,-0.008,-0.008,0.0784532,0.7453054,9.44380395,10.2699995041,10.3300275803,-0.689999997616,2.06220602989,178.773391724,-18.7384223938,0.44133669138,-0.615148544312,97692.3156738,16.6399993896,-304.316894531,True
109.30000000000001,0.033,-0.012,-0.047,0.2157463,0.71588545,9.65955025,12.3299999237,10.9707689285,-0.75,2.27691316605,179.156326294,-18.6448879242,0.2945728302,-0.551938772202,97689.0930176,16.6000003815,-304.316894531,True
109.4,0.035,-0.013,-0.064,0.22555295,0.55897905,10.0812362,12.1899995804,10.9707689285,-0.799999952316,2.27691316605,179.156326294,-18.5932407379,0.202334940434,-0.529945671558,97689.0930176,16.5699996948,-290.802185059,True
109.5,0.033,-0.003,-0.071,0.1176798,0.6080123,10.42446895,15.4899997711,10.9707689285,-0.8599999547,2.27691316605,179.156326294,-18.5354652405,0.0801867991686,-0.558441281319,97688.3972168,16.5299987793,-290.802185059,True
109.60000000000001,0.032,0.022,-0.087,0.12748645,0.46091255,10.05181625,15.3699998856,10.9707689285,-0.949999988079,2.27691316605,179.156326294,-18.4876842499,-0.0262214783579,-0.557228565216,97680.7800293,16.5,-286.510070801,True
109.7,0.03,0.024,-0.081,0.0588399,0.6080123,9.3947707,15.1399993896,11.9803514481,-1.02999997139,1.95062220097,-179.352798462,-18.432756424,-0.151076748967,-0.514631748199,97680.7800293,16.4599990845,-286.510070801,True
109.80000000000001,0.03,0.024,-0.081,0.0588399,0.6080123,9.3947707,21.1700000763,11.9803514481,-1.05999994278,1.95062220097,-179.352798462,-18.4176616669,-0.187821641564,-0.467300117016,97680.7800293,16.4300003052,-277.021972656,True
109.9,0.08,0.025,-0.102,0.08825985,0.51975245,9.03192465,21.2399997711,11.9803514481,-1.00999999046,1.95062220097,-179.352798462,-18.3387069702,-0.393256217241,-0.251314163208,97683.5205078,16.4099998474,-278.022003174,True
110.0,0.153,0.027,-0.112,0.0392266,0.4903325,8.8063717,24.4899997711,13.4596824646,-0.959999978542,1.11428916454,-177.723754883,-18.2957763672,-0.539365649223,-0.146783009171,97683.5205078,16.3899993896,-271.223449707,True
110.10000000000001,0.165,0.012,-0.121,0.1176798,0.2745862,8.97308475,24.5499992371,13.4596824646,-0.889999985695,1.11428916454,-177.723754883,-18.2635402679,-0.67969173193,-0.00268141669221,97681.3598633,16.3799991608,-270.223419189,True
110.2,0.232,-0.023,-0.114,0.2353596,0.4707192,10.2577559,24.6499996185,13.4596824646,-0.759999990463,1.11428916454,-177.723754883,-18.2350921631,-0.823173105717,0.0382742956281,97682.8125,16.3899993896,-264.058502197,True
110.30000000000001,0.199,-0.023,-0.113,0.34323275,0.36284605,10.20872265,29.0799999237,13.4596824646,-0.669999957085,1.11428916454,-177.723754883,-18.2084655762,-1.02845287323,0.0477660745382,97685.4187012,16.4099998474,-264.058502197,True
110.4,0.239,-0.018,-0.109,0.18632635,0.36284605,9.9243298,31.6199989319,18.3615207672,-0.509999990463,0.46704608202,-177.723754883,-18.1805667877,-1.21450078487,0.0809781178832,97681.9274902,16.4300003052,-261.339172363,True
110.5,0.242,-0.022,-0.095,0.34323275,0.44129925,10.14988275,31.6199989319,18.3615207672,-0.489999979734,0.46704608202,-175.043548584,-18.1379184723,-1.58567368984,0.134640961885,97685.0769043,16.4499988556,-261.339172363,True
110.60000000000001,0.18,-0.019,-0.091,0.26477955,0.588399,9.7281968,31.4699993134,18.3615207672,-0.399999976158,0.46704608202,-175.043548584,-18.1095905304,-1.81172990799,0.167301490903,97682.6538086,16.4699993134,-268.406677246,True
110.7,0.184,-0.025,-0.111,0.34323275,0.48052585,9.80665,35.0099983215,18.3615207672,-0.299999982119,0.46704608202,-175.043548584,-18.0777931213,-2.14578294754,0.254819184542,97682.6538086,16.4899997711,-268.406677246,True
110.80000000000001,0.179,-0.033,-0.129,0.2353596,0.63743225,9.65955025,34.9899978638,18.3615207672,-0.140000000596,0.46704608202,-175.043548584,-18.0469245911,-2.45093202591,0.327798873186,97685.8825684,16.5200004578,-263.559143066,True
110.9,0.19,-0.034,-0.154,0.2745862,0.73549875,9.52225715,37.1100006104,23.6866760254,0.0,0.0845463201404,-172.358901978,-18.0221290588,-2.69322633743,0.405311733484,97689.8254395,16.5599994659,-263.559143066,True
111.0,0.208,-0.05,-0.185,0.51975245,0.784532,10.0616229,37.1100006104,23.6866760254,0.209999993443,0.0845463201404,-172.358901978,-17.9893169403,-3.01632356644,0.492828994989,97689.8254395,16.6000003815,-263.258728027,True
111.10000000000001,0.185,-0.055,-0.209,0.46091255,0.5491724,9.8458766,37.0200004578,23.6866760254,0.419999986887,0.0845463201404,-172.358901978,-17.9585266113,-3.36570477486,0.565185070038,97685.7971191,16.6599998474,-263.258728027,True
111.2,0.21,-0.075,-0.221,0.51975245,0.46091255,9.91452315,40.8899993896,27.5297451019,0.659999966621,-0.621194124222,-168.977371216,-17.9186973572,-3.8191010952,0.689271450043,97683.404541,16.7199993134,-272.803314209,True
111.30000000000001,0.21,-0.075,-0.221,0.51975245,0.46091255,9.91452315,40.8299980164,27.5297451019,0.949999988079,-0.621194124222,-168.977371216,-17.8808288574,-4.12644386292,0.787184476852,97683.404541,16.7999992371,-273.803344727,True
111.4,0.149,-0.098,-0.226,0.5687857,0.4118793,9.63993695,41.6299972534,27.5297451019,1.26999998093,-0.621194124222,-168.977371216,-17.8393955231,-4.43626451492,0.923407077789,97687.097168,16.8899993896,-278.018371582,True
111.5,0.179,-0.121,-0.224,0.71588545,0.89240515,10.75789505,41.3299980164,27.5297451019,1.9699999094,-0.621194124222,-168.977371216,-17.770986557,-4.96551895142,1.02994716167,97687.097168,17.0900001526,-293.186584473,True
111.60000000000001,0.183,-0.141,-0.228,0.7060788,0.91201845,10.5127288,41.3299980164,27.5297451019,1.97999989986,-0.621194124222,-168.977371216,-17.7086200714,-5.35894298553,1.07142555714,97695.3796387,17.0900001526,-293.186584473,True
111.7,0.161,-0.157,-0.241,0.57859235,0.65704555,10.9049948,44.5,32.6747741699,2.32999992371,-1.23859083652,-162.486587524,-17.6229724884,-5.83743524551,1.13100445271,97695.3796387,17.1999988556,-293.186584473,True
111.80000000000001,0.164,-0.175,-0.246,0.73549875,0.7453054,10.8461549,44.3099975586,32.6747741699,2.67999982834,-1.23859083652,-162.486587524,-17.5050201416,-6.34342288971,1.18475055695,97690.7470703,17.3199996948,-303.307159424,True
111.9,0.135,-0.187,-0.257,0.7453054,0.71588545,10.983448,44.7700004578,32.6747741699,3.06999993324,-1.23859083652,-162.486587524,-17.3156375885,-7.08609342575,1.26023817062,97699.230957,17.5699996948,-320.955474854,True
112.0,0.155,-0.208,-0.262,0.9022118,0.99047165,11.24822755,44.5499992371,36.0513916016,3.46000003815,-1.16198909283,-156.25453186,-17.162569046,-7.62906694412,1.29778504372,97699.230957,17.5699996948,-320.955474854,True
112.10000000000001,0.13,-0.229,-0.275,1.08853815,0.7453054,11.8660465,44.7700004578,36.0513916016,3.83999991417,-1.16198909283,-156.25453186,-16.9709186554,-8.2257900238,1.29378175735,97698.3581543,17.7099990845,-320.955474854,True
112.2,0.122,-0.236,-0.286,1.24544455,0.6864655,12.18966595,44.7700004578,36.0513916016,4.21999979019,-1.16198909283,-156.25453186,-16.7498760223,-8.84244728088,1.2819968462,97698.3581543,17.8400001526,-333.467285156,True
112.30000000000001,0.121,-0.235,-0.284,1.30428445,0.8237586,12.0621795,44.7700004578,36.0513916016,4.58999967575,-1.16198909283,-156.25453186,-16.5097064972,-9.46624279022,1.26290547848,97712.0239258,17.9799995422,-333.467285156,True
112.4,0.109,-0.243,-0.291,1.3140911,1.0198916,12.56231865,44.7700004578,39.3089370728,4.94000005722,-0.839588582516,-147.890594482,-16.2349853516,-10.1270198822,1.2386316061,97708.6120605,18.109998703,-430.050476074,True
112.5,0.109,-0.243,-0.291,1.3140911,1.0198916,12.56231865,44.7700004578,39.3089370728,5.28999996185,-0.839588582516,-147.890594482,-16.0631942749,-10.5121135712,1.20905852318,97708.6120605,18.3699989319,-453.115661621,True
112.60000000000001,0.077,-0.262,-0.318,1.3337044,1.0395049,12.38579895,44.7700004578,39.3089370728,5.61999988556,-0.839588582516,-147.890594482,-15.6773262024,-11.2750797272,1.17756211758,97719.1162109,18.3699989319,-453.115661621,True
112.7,0.069,-0.289,-0.314,1.53964405,0.8433719,12.9055514,44.7700004578,39.3089370728,5.94999980927,-0.839588582516,-147.890594482,-15.2313432693,-12.0660114288,1.12376224995,97712.487793,18.5,-453.115661621,True
112.80000000000001,0.063,-0.298,-0.311,1.7259704,0.85317855,13.2782041,44.7700004578,39.3089370728,6.26999998093,-0.839588582516,-147.890594482,-14.902217865,-12.6041679382,1.08739542961,97720.5749512,18.6199989319,-461.433990479,True
112.9,0.08,-0.305,-0.306,1.67693715,0.77472535,13.71950335,44.7700004578,41.4880943298,6.57999992371,-0.690611422062,-136.96572876,-14.4415149689,-13.270570755,0.99762159586,97720.5749512,18.7399997711,-461.433990479,True
113.0,0.101,-0.308,-0.29,1.71616375,0.87279185,13.56259695,44.7700004578,41.4880943298,6.86999988556,-0.690611422062,-136.96572876,-13.8493700027,-14.0487709045,0.908380568027,97720.5749512,18.9599990845,-461.921691895,True
113.10000000000001,0.095,-0.33,-0.289,1.7848103,0.91201845,13.75872995,44.7700004578,41.4880943298,7.14999961853,-0.690611422062,-136.96572876,-13.4144678116,-14.5677595139,0.843139588833,97716.3513184,18.9599990845,-461.921691895,True
113.2,0.071,-0.339,-0.299,1.73577705,1.08853815,13.54298365,44.7700004578,43.449760437,7.39999961853,0.0875492617488,-128.446075439,-12.8419570923,-15.1879053116,0.759035110474,97723.9929199,19.0599994659,-483.633789062,True
113.30000000000001,0.071,-0.339,-0.299,1.73577705,1.08853815,13.54298365,44.7700004578,43.449760437,7.78999996185,0.0875492617488,-128.446075439,-12.3358459473,-15.691242218,0.673274159431,97723.9929199,19.2099990845,-502.115631104,True
113.4,0.02,-0.356,-0.256,1.89268345,1.1571847,14.1019627,44.7700004578,43.449760437,7.78999996185,0.0875492617488,-128.446075439,-11.5610895157,-16.3874359131,0.54451996088,97730.279541,19.2099990845,-502.115631104,True
113.5,0.014,-0.359,-0.269,1.79461695,1.176798,14.2392558,44.75,43.449760437,7.92999982834,0.0875492617488,-128.446075439,-10.8260936737,-16.9591636658,0.413199901581,97726.3000488,19.2799987793,-503.115661621,True
113.60000000000001,0.012,-0.356,-0.286,1.765197,1.2356379,14.317709,44.75,44.7537574768,8.06999969482,1.61033737659,-118.607093811,-10.2361917496,-17.3849697113,0.310722351074,97726.3000488,19.3299999237,-496.899597168,True
113.7,0.031,-0.361,-0.286,1.99074995,0.9218251,14.6315218,44.0699996948,44.7537574768,8.18999958038,1.61033737659,-118.607093811,-9.12477016449,-18.0566616058,0.135160565376,97728.7536621,19.3699989319,-496.899597168,True
113.80000000000001,-0.055,-0.373,-0.296,2.01036325,0.9610517,14.83746145,42.5999984741,44.7537574768,8.25,1.61033737659,-118.607093811,-8.43614959717,-18.4301338196,0.0301450006664,97729.284668,19.3999996185,-499.679382324,True
113.9,-0.103,-0.375,-0.28,1.9809433,0.980665,15.2591474,41.1199989319,45.2268714905,8.27999973297,2.69572401047,-109.939483643,-7.55785989761,-18.8353042603,-0.124088436365,97730.1147461,19.4099998474,-499.679382324,True
114.0,-0.072,-0.354,-0.275,2.0005566,1.14737805,14.66094175,39.0999984741,45.2268714905,8.22999954224,2.69572401047,-109.939483643,-6.67567443848,-19.1820850372,-0.301569521427,97724.4567871,19.4099998474,-510.180847168,True
114.10000000000001,-0.076,-0.344,-0.289,1.765197,1.28467115,14.513842,37.1899986267,45.2268714905,8.14999961853,2.69572401047,-109.939483643,-5.77123785019,-19.4869613647,-0.467531383038,97728.6865234,19.3899993896,-510.180847168,True
114.2,-0.101,-0.335,-0.3,1.9024901,1.18660465,13.85679645,34.7799987793,45.2268714905,8.03999996185,2.69572401047,-109.939483643,-4.89690351486,-19.7240219116,-0.59419041872,97737.7685547,19.359998703,-503.829193115,True
114.30000000000001,-0.101,-0.335,-0.3,1.9024901,1.18660465,13.85679645,32.3099975586,45.2268714905,7.90999984741,2.69572401047,-109.939483643,-4.55037689209,-19.8170223236,-0.644508361816,97737.7685547,19.3099994659,-503.829193115,True
114.4,-0.077,-0.336,-0.319,1.8632635,1.01008495,14.4353888,29.5900001526,44.364818573,7.73999977112,3.90807461739,-100.31262207,-2.98247051239,-20.074546814,-0.851053655148,97725.6225586,19.2399997711,-507.00189209,True
114.5,-0.077,-0.336,-0.319,1.8632635,1.01008495,14.4353888,26.5599994659,44.364818573,7.58999967575,3.90807461739,-100.31262207,-2.23060417175,-20.1282119751,-0.990206420422,97725.6225586,19.1800003052,-507.00189209,True
114.60000000000001,-0.171,-0.309,-0.284,1.5494507,0.9022118,13.9058297,22.8999996185,44.364818573,7.34999990463,3.90807461739,-100.31262207,-1.49413871765,-20.1671104431,-1.08936083317,97719.7875977,19.0900001526,-488.440887451,True
114.7,-0.171,-0.309,-0.284,1.5494507,0.9022118,13.9058297,19.1599998474,43.5202827454,7.07999992371,4.49503421783,-90.7418441772,-0.8066598773,-20.1765327454,-1.16639482975,97719.7875977,19.0,-488.440887451,True
114.80000000000001,-0.198,-0.304,-0.209,1.40235095,1.176798,13.4939504,15.1700000763,43.5202827454,6.76999998093,4.49503421783,-90.7418441772,0.233701258898,-20.1097183228,-1.30567860603,97718.963623,18.8799991608,-484.656707764,True
114.9,-0.304,-0.273,-0.206,1.2356379,1.18660465,13.8862164,10.9600000381,43.5202827454,6.42999982834,4.49503421783,-90.7418441772,1.04628074169,-19.9938640594,-1.4428948164,97718.145752,18.75,-484.656707764,True
115.0,-0.386,-0.257,-0.196,1.2160246,1.0198916,14.4157755,6.73999977112,39.2502670288,5.98000001907,6.28069019318,-82.4498062134,2.1456451416,-19.7616157532,-1.69513404369,97716.7114258,18.4499988556,-464.155944824,True
115.10000000000001,-0.386,-0.257,-0.196,1.2160246,1.0198916,14.4157755,2.45000004768,39.2502670288,5.50999975204,6.28069019318,-82.4498062134,2.59553098679,-19.6266384125,-1.8261153698,97716.7114258,18.4499988556,-464.155944824,True
115.2,-0.399,-0.168,-0.203,0.8237586,1.0787315,12.95458465,-1.65999996662,39.2502670288,4.90000009537,6.28069019318,-82.4498062134,3.46199297905,-19.2975234985,-2.04743099213,97709.7473145,18.2700004578,-444.248962402,True
115.30000000000001,-0.453,-0.099,-0.203,0.59820565,1.2944778,12.0621795,-5.33999967575,39.2502670288,4.34999990463,6.28069019318,-82.4498062134,3.86893177032,-19.0867347717,-2.14274525642,97695.904541,18.0699996948,-444.248962402,True
115.4,-0.465,-0.076,-0.201,0.51975245,0.9610517,11.5914603,-8.56999969482,39.2502670288,3.72000002861,6.28069019318,-82.4498062134,4.33016014099,-18.8311328888,-2.21599555016,97695.904541,17.8500003815,-428.698364258,True
115.5,-0.521,-0.054,-0.198,0.40207265,0.980665,10.5715687,-11.4600000381,29.8454780579,3.11999988556,6.96464824677,-75.694480896,4.62677097321,-18.6263332367,-2.24649238586,97696.8200684,17.609998703,-428.698364258,True
115.60000000000001,-0.593,-0.029,-0.2,0.196133,0.9414384,10.40485565,-13.9200000763,29.8454780579,2.47000002861,6.96464824677,-75.694480896,5.03142976761,-18.2803974152,-2.25069379807,97696.8200684,17.1299991608,-400.601959229,True
115.7,-0.593,-0.029,-0.2,0.196133,0.9414384,10.40485565,-15.9899997711,29.8454780579,1.84999990463,6.96464824677,-75.694480896,5.25109624863,-18.0019283295,-2.24127268791,97696.8200684,17.1299991608,-400.601959229,True
115.80000000000001,-0.523,0.031,-0.205,0.06864655,0.85317855,9.7281968,-17.6599998474,29.8454780579,1.25,6.96464824677,-75.694480896,5.31935739517,-17.913816452,-2.215893507,97689.2456055,16.8899993896,-367.352294922,True
115.9,-0.601,0.016,-0.188,-0.0588399,0.8237586,10.8853815,-19.1000003815,17.5930233002,0.699999988079,5.50349807739,-70.9303588867,5.4461388588,-17.6751899719,-2.1738140583,97677.2094727,16.6599998474,-367.352294922,True
116.0,-0.601,0.016,-0.188,-0.0588399,0.8237586,10.8853815,-20.2899990082,17.5930233002,0.109999999404,5.50349807739,-70.9303588867,5.50377416611,-17.5100364685,-2.22764706612,97677.2094727,16.1900005341,-337.094482422,True
116.10000000000001,-0.523,0.026,-0.162,-0.1372931,0.85317855,10.3165958,-21.3099994659,17.5930233002,-0.509999990463,5.50349807739,-70.9303588867,5.53875780106,-17.3345451355,-2.25036430359,97671.1486816,16.1900005341,-337.094482422,True
116.2,-0.544,0.038,-0.119,-0.06864655,0.980665,9.6889702,-22.0699996948,17.5930233002,-1.14999997616,5.50349807739,-70.9303588867,5.50260353088,-17.1198558807,-2.33142137527,97668.3105469,15.9399995804,-307.479858398,True
116.30000000000001,-0.414,0.067,-0.116,-0.1765197,0.4314926,9.16921775,-22.5900001526,5.0144033432,-1.80999994278,4.23612594604,-67.3418731689,5.42603683472,-17.0017547607,-2.28617739677,97668.3105469,15.6899995804,-307.479858398,True
116.4,-0.276,0.058,-0.074,-0.2549729,0.38245935,7.61976705,-22.9300003052,5.0144033432,-2.40999984741,4.23612594604,-67.3418731689,5.3628578186,-16.9192276001,-2.18664836884,97658.1604004,15.4399995804,-278.023529053,True
116.5,-0.311,0.026,-0.027,-0.26477955,0.1372931,8.24739265,-23.25,5.0144033432,-2.91999983788,4.23612594604,-67.3418731689,5.27273273468,-16.8283290863,-1.94919753075,97659.7839355,15.1899995804,-278.023529053,True
116.60000000000001,-0.308,0.02,0.026,-0.1569064,0.32361945,8.3944924,-23.5100002289,5.0144033432,-3.32999992371,4.23612594604,-67.3418731689,5.1391377449,-16.7333145142,-1.73787128925,97650.2807617,14.9499998093,-248.798370361,True
116.7,-0.327,0.023,0.052,-0.2745862,0.3726527,8.1787461,-23.6199989319,-3.23345518112,-3.75,3.21409153938,-66.1947097778,5.03359699249,-16.6749038696,-1.6204944849,97650.2807617,14.7399997711,-248.798370361,True
116.80000000000001,-0.327,0.023,0.052,-0.2745862,0.3726527,8.1787461,-23.6399993896,-3.23345518112,-4.11999988556,3.21409153938,-66.1947097778,4.91259241104,-16.6233997345,-1.47965359688,97650.2807617,14.5499992371,-228.643417358,True
116.9,-0.291,0.039,0.068,-0.34323275,0.50013915,8.46313895,-23.5399990082,-3.23345518112,-4.46000003815,3.21409153938,-66.1947097778,4.6916809082,-16.5684337616,-1.32520961761,97643.1152344,14.3699998856,-228.643417358,True
117.0,-0.389,0.038,0.079,-0.18632635,0.30400615,9.9047165,-23.2600002289,-3.23345518112,-4.77999973297,3.21409153938,-66.1947097778,4.47098445892,-16.5452537537,-1.28279995918,97640.637207,14.2100000381,-209.686660767,True
117.10000000000001,-0.315,0.041,0.094,-0.14709975,0.38245935,9.87529655,-22.7899990082,-3.23345518112,-5.15000009537,3.21409153938,-66.1947097778,4.15510845184,-16.5339412689,-1.20982420444,97635.6750488,14.0599994659,-209.686660767,True
117.2,-0.212,0.047,0.093,-0.20593965,0.24516625,10.44408225,-22.1499996185,-12.1764125824,-5.50999975204,2.03295660019,-68.0974960327,3.86717700958,-16.5508003235,-1.21455800533,97635.6750488,13.8999996185,-194.075775146,True
117.30000000000001,-0.164,0.054,0.109,-0.24516625,0.2549729,9.610517,-21.359998703,-12.1764125824,-5.92000007629,2.03295660019,-68.0974960327,3.6339828968,-16.5629119873,-1.16188824177,97633.6669922,13.75,-194.075775146,True
117.4,-0.164,0.054,0.109,-0.24516625,0.2549729,9.610517,-20.5,-12.1764125824,-6.27999973297,2.03295660019,-68.0974960327,3.40982484818,-16.5757408142,-1.06818950176,97633.6669922,13.5900001526,-179.018783569,True
117.5,-0.115,0.028,0.142,-0.3138128,0.1569064,9.218251,-19.6800003052,-12.1764125824,-6.58999967575,2.03295660019,-68.0974960327,3.06538486481,-16.5993862152,-0.927185416222,97633.8562012,13.4399995804,-179.018783569,True
117.60000000000001,-0.016,0.031,0.156,-0.38245935,0.196133,8.81617835,-18.7199993134,-16.0146007538,-6.88999986649,0.256853967905,-70.9602813721,2.77499651909,-16.6115093231,-0.763435065746,97632.7636719,13.2999992371,-169.32925415,True
117.7,0.03,0.018,0.162,-0.40207265,0.20593965,8.4533323,-17.7700004578,-16.0146007538,-7.13999986649,0.256853967905,-70.9602813721,2.50305747986,-16.6265563965,-0.591725289822,97629.5349121,13.1799993515,-169.32925415,True
117.80000000000001,0.022,0.03,0.178,-0.20593965,0.1372931,8.65927195,-16.8500003815,-16.0146007538,-7.2999997139,0.256853967905,-70.9602813721,2.17981362343,-16.6362533569,-0.362729251385,97629.5349121,13.0799999237,-163.778686523,True
117.9,0.022,0.03,0.178,-0.20593965,0.1372931,8.65927195,-15.8499994278,-16.0146007538,-7.44000005722,0.256853967905,-70.9602813721,2.01658415794,-16.6501064301,-0.285705626011,97630.9753418,13.0,-163.778686523,True
118.0,-0.038,0.065,0.189,-0.3530394,0.3334261,8.54159215,-14.7899999619,-15.8380804062,-7.5499997139,-1.06058359146,-74.0015106201,1.68868148327,-16.6702747345,-0.0661729723215,97628.7414551,12.9399995804,-151.717193604,True
118.10000000000001,-0.038,0.065,0.189,-0.3530394,0.3334261,8.54159215,-13.6799993515,-15.8380804062,-7.59999990463,-1.06058359146,-74.0015106201,1.4680429697,-16.6848754883,0.0569563955069,97628.7414551,12.8999996185,-151.717193604,True
118.2,-0.027,0.053,0.188,-0.38245935,0.3530394,9.3751574,-12.4899997711,-15.8380804062,-7.61999988556,-1.06058359146,-74.0015106201,1.18247258663,-16.7121181488,0.192195400596,97627.2155762,12.8699998856,-154.903411865,True
118.30000000000001,-0.051,0.063,0.18,-0.42168595,0.3530394,9.1397978,-11.1999998093,-15.8380804062,-7.63999986649,-1.06058359146,-74.0015106201,0.890317320824,-16.7485580444,0.306676417589,97627.734375,12.8599996567,-154.903411865,True
118.4,-0.051,0.063,0.18,-0.42168595,0.3530394,9.1397978,-9.8499994278,-16.3453540802,-7.6299996376,-3.42683315277,-78.0146865845,0.546719014645,-16.7744827271,0.516128361225,97627.734375,12.8599996567,-154.425994873,True
118.5,0.054,0.033,0.147,-0.42168595,0.3138128,7.8257067,-8.52999973297,-16.3453540802,-7.5499997139,-3.42683315277,-78.0146865845,0.349323123693,-16.7918128967,0.696502566338,97628.1860352,12.8699998856,-154.425994873,True
118.60000000000001,0.13,1.75124492278e-17,0.143,-0.16671305,0.0588399,8.8063717,-7.28999996185,-16.3453540802,-7.35999965668,-3.42683315277,-78.0146865845,-0.0127842519432,-16.8318119049,0.981623888016,97629.0344238,12.9200000763,-160.088928223,True
118.7,0.13,1.75124492278e-17,0.143,-0.16671305,0.0588399,8.8063717,-5.98000001907,-16.3453540802,-7.17000007629,-3.42683315277,-78.0146865845,-0.267686009407,-16.8681774139,1.08503961563,97629.0344238,12.9799995422,-160.088928223,True
118.80000000000001,0.039,0.018,0.166,-0.22555295,1.07606755494e-15,8.7867584,-4.58999967575,-14.5777664185,-6.98999977112,-5.20529079437,-81.6483078003,-0.453558176756,-16.8861789703,1.20108914375,97633.2763672,13.0599994659,-162.384033203,True
118.9,0.15,0.011,0.2,-0.4314926,0.12748645,8.9828914,-3.36999988556,-14.5777664185,-6.75999975204,-5.20529079437,-81.6483078003,-0.715485155582,-16.9216156006,1.32072544098,97633.2763672,13.1599998474,-162.384033203,True
119.0,0.15,0.011,0.2,-0.4314926,0.12748645,8.9828914,-2.07999992371,-14.5777664185,-6.51999998093,-5.20529079437,-81.6483078003,-0.83702403307,-16.9436073303,1.43386757374,97634.3933105,13.2599992752,-176.546478271,True
119.10000000000001,0.124,-0.008,0.211,-0.3726527,0.18632635,9.218251,-0.879999995232,-14.5777664185,-6.21999979019,-5.20529079437,-81.6483078003,-1.09704697132,-16.9755992889,1.56418883801,97639.3310547,13.3800001144,-176.546478271,True
119.2,0.093,-0.011,0.193,-0.4118793,0.42168595,9.4928372,0.370000004768,-11.6057157516,-5.90999984741,-6.33716058731,-86.1954727173,-1.30953359604,-17.0061855316,1.65561461449,97637.286377,13.5099992752,-180.853271484,True
119.30000000000001,0.093,-0.011,0.193,-0.4118793,0.42168595,9.4928372,1.64999997616,-11.6057157516,-5.55999994278,-6.33716058731,-86.1954727173,-1.39728569984,-17.0180587769,1.6869354248,97637.286377,13.6599998474,-180.853271484,True
119.4,0.049,0.003,0.117,-0.46091255,0.46091255,8.89463155,3.12999987602,-11.6057157516,-5.17999982834,-6.33716058731,-86.1954727173,-1.75153458118,-17.05377388,1.89220106602,97641.6381836,13.8199996948,-165.434082031,True
119.5,-0.067,-0.04,0.059,-0.4118793,0.71588545,10.2185293,4.55999994278,-11.6057157516,-4.75,-6.33716058731,-86.1954727173,-2.06132793427,-17.0822811127,1.94208478928,97647.3937988,13.9899997711,-165.434082031,True
119.60000000000001,0.079,-0.06,0.01,-0.26477955,0.61781895,10.65982855,6.21000003815,-11.6057157516,-4.36000013351,-6.33716058731,-86.1954727173,-2.22243142128,-17.1050167084,1.95135557652,97650.0671387,14.1700000763,-174.948303223,True
119.7,0.176,-0.06,-0.021,-0.1569064,0.32361945,10.93441475,7.88999986649,-10.5065784454,-4.0,-6.46002101898,-90.0620422363,-2.51071119308,-17.1655960083,1.88856732845,97654.8095703,14.3499994278,-174.948303223,True
119.80000000000001,0.183,-0.054,-0.014,-0.14709975,0.06864655,10.983448,9.46999931335,-10.5065784454,-3.6899998188,-6.46002101898,-90.0620422363,-2.70992898941,-17.2130203247,1.80522453785,97654.8095703,14.529999733,-196.441467285,True
119.9,0.29,-0.066,0.032,-0.0784532,0.0392266,11.22861425,10.8499994278,-10.5065784454,-3.36999988556,-6.46002101898,-90.0620422363,-2.87102794647,-17.2554950714,1.74094700813,97654.8095703,14.7100000381,-196.441467285,True
120.0,0.249,-0.078,0.078,-0.08825985,0.02941995,11.4149406,12.0500001907,-10.5065784454,-3.09999990463,-6.46002101898,-90.0620422363,-2.99888086319,-17.308391571,1.62377369404,97657.2387695,14.8699998856,-207.028015137,True
120.10000000000001,0.311,-0.061,0.103,0.0,0.2549729,10.4146623,13.1199998856,-4.4963722229,-2.84999990463,-4.79188632965,-90.9132919312,-3.12133049965,-17.3429679871,1.52028143406,97657.2387695,15.029999733,-207.028015137,True
120.2,0.26,-0.071,0.102,0.0784532,0.26477955,10.81673495,14.0900001526,-4.4963722229,-2.59999990463,-4.79188632965,-90.9132919312,-3.16761088371,-17.3631629944,1.48170816898,97661.1022949,15.1599998474,-225.25769043,True
120.30000000000001,0.231,-0.068,0.092,0.1569064,0.24516625,11.2580342,14.8999996185,-4.4963722229,-2.37999987602,-4.79188632965,-90.9132919312,-3.22753405571,-17.3876819611,1.40367341042,97668.2006836,15.2999992371,-225.25769043,True
120.4,0.288,-0.097,0.086,0.16671305,0.196133,12.05237285,15.6199998856,-4.4963722229,-2.16999983788,-4.79188632965,-90.9132919312,-3.2612388134,-17.4183750153,1.25503706932,97668.2006836,15.4200000763,-243.729400635,True
120.5,0.288,-0.097,0.086,0.16671305,0.196133,12.05237285,16.1999988556,-4.4963722229,-2.04999995232,-4.79188632965,-90.9132919312,-3.25898933411,-17.4485549927,1.0570217371,97668.2006836,15.529999733,-243.729400635,True
120.60000000000001,0.199,-0.076,0.089,0.0392266,0.5687857,11.56204035,16.6399993896,3.19723391533,-1.95999991894,-2.70487308502,-93.8013839722,-3.24230408669,-17.4651355743,0.848120093346,97670.9106445,15.6300001144,-217.724609375,True
120.7,0.104,-0.06,0.044,0.16671305,0.784532,11.6306869,17.0499992371,3.19723391533,-1.88999998569,-2.70487308502,-93.8013839722,-3.23111009598,-17.478263855,0.728032231331,97670.2148438,15.7199993134,-217.724609375,True
120.80000000000001,-0.002,-0.058,-0.001,0.1176798,0.69627215,11.64049355,17.7399997711,5.49485015869,-1.87000000477,-1.59343707561,-94.7898025513,-3.20745682716,-17.4752845764,0.54511064291,97673.3703613,15.8399991989,-230.781555176,True
120.9,0.056,-0.046,-0.047,0.06864655,0.59820565,11.6110736,17.7399997711,5.49485015869,-1.87000000477,-1.59343707561,-94.7898025513,-3.17186832428,-17.4697799683,0.377885788679,97673.1933594,15.8399991989,-230.781555176,True
121.0,0.056,-0.046,-0.047,0.06864655,0.59820565,11.6110736,17.9899997711,5.49485015869,-1.91999995708,-1.59343707561,-94.7898025513,-3.09992265701,-17.4672527313,0.189902916551,97673.1933594,15.8699998856,-237.615783691,True
121.10000000000001,0.148,-0.028,-0.059,0.196133,0.588399,11.13054775,18.2099990845,5.49485015869,-1.95999991894,-1.59343707561,-94.7898025513,-3.09992265701,-17.4672527313,0.189902916551,97678.6132812,15.8899993896,-237.615783691,True
121.2,0.24,-0.01,-0.085,0.0588399,0.42168595,10.28717585,18.3400001526,5.49485015869,-2.0,-1.59343707561,-94.7898025513,-2.98531532288,-17.4601554871,0.0797744765878,97679.1870117,15.8999996185,-237.603378296,True
121.30000000000001,0.247,-0.019,-0.067,0.22555295,0.38245935,10.52253545,18.3799991608,9.11790466309,-2.01999998093,-0.88857883215,-93.3824768066,-2.84440016747,-17.4561443329,0.0238291528076,97676.6357422,15.8999996185,-237.603378296,True
121.4,0.179,-0.016,-0.04,0.0784532,0.2549729,10.87557485,18.2099990845,9.11790466309,-2.04999995232,-0.88857883215,-93.3824768066,-2.69130563736,-17.4616985321,-0.0496015362442,97676.6357422,15.9099998474,-238.773925781,True
121.5,0.179,-0.016,-0.04,0.0784532,0.2549729,10.87557485,17.8400001526,9.11790466309,-2.09999990463,-0.88857883215,-93.3824768066,-2.4749007225,-17.4567203522,-0.112098425627,97676.6357422,15.8999996185,-231.993103027,True
121.60000000000001,0.117,-0.025,-0.007,0.1176798,0.3334261,10.6500219,17.4099998474,12.6961660385,-2.13999986649,-0.699352920055,-92.6128616333,-2.33336186409,-17.4488716125,-0.144176796079,97678.2958984,15.8999996185,-231.993103027,True
121.7,0.011,-0.021,-0.008,0.1765197,0.63743225,10.6304086,16.9400005341,12.6961660385,-2.18000006676,-0.699352920055,-92.6128616333,-2.14769983292,-17.4435424805,-0.195521757007,97680.9020996,15.8999996185,-231.993103027,True
121.80000000000001,-0.054,-0.025,-0.03,0.0196133,0.51975245,10.83634825,16.3799991608,12.6961660385,-2.25,-0.699352920055,-92.6128616333,-1.97963988781,-17.4296360016,-0.235700771213,97677.2216797,15.8899993896,-233.362960815,True
121.9,-0.027,-0.011,-0.061,0.1176798,0.67665885,10.34601575,15.8699998856,12.6961660385,-2.31999993324,-0.699352920055,-92.6128616333,-1.85271894932,-17.4111747742,-0.279566287994,97675.6286621,15.8800001144,-233.362960815,True
122.0,0.01,-0.005,-0.096,-0.04903325,0.57859235,9.79684335,15.3800001144,13.4621191025,-2.39999985695,-0.390931278467,-91.9364013672,-1.6781784296,-17.3857688904,-0.260363072157,97676.1413574,15.8599996567,-224.065582275,True
122.10000000000001,0.002,-0.009,-0.11,0.00980665,0.63743225,10.13026945,14.9600000381,13.4621191025,-2.42999982834,-0.390931278467,-91.9364013672,-1.55929589272,-17.3703193665,-0.233847618103,97677.8625488,15.8399991989,-224.065582275,True
122.2,0.007,-0.006,-0.121,0.0392266,0.6668522,10.2773692,14.0999994278,13.4621191025,-2.5,-0.390931278467,-91.9364013672,-1.41496050358,-17.3493003845,-0.231266587973,97677.8625488,15.8099994659,-223.454101562,True
122.30000000000001,0.028,0.007,-0.134,-0.0196133,0.42168595,9.32612415,14.0999994278,13.4621191025,-2.5,-0.390931278467,-91.9364013672,-1.20550584793,-17.320142746,-0.196902021766,97674.0356445,15.8099994659,-223.454101562,True
122.4,0.028,0.007,-0.134,-0.0196133,0.42168595,9.32612415,13.5499992371,14.1050872803,-2.50999999046,-1.03950715065,-89.299911499,-1.04753446579,-17.2977733612,-0.0968373268843,97674.0356445,15.7999992371,-218.076904297,True
122.5,0.053,-0.013,-0.106,-0.0784532,0.4118793,9.6889702,12.9699993134,14.1050872803,-2.47000002861,-1.03950715065,-89.299911499,-0.945706129074,-17.2883338928,-0.040806401521,97674.6398926,15.7899999619,-218.076904297,True
122.60000000000001,0.009,-0.018,-0.085,-0.06864655,0.4118793,9.58109705,12.25,14.1050872803,-2.42999982834,-1.03950715065,-89.299911499,-0.760744929314,-17.2685775757,0.00868830084801,97676.184082,15.7899999619,-210.993011475,True
122.7,-0.022,-0.013,-0.068,-0.10787315,0.28439285,9.2770909,11.4699993134,14.1050872803,-2.37999987602,-1.03950715065,-89.299911499,-0.531432449818,-17.2503318787,0.0846946015954,97678.4729004,15.7999992371,-210.993011475,True
122.80000000000001,0.018,-0.02,-0.056,-0.0196133,0.24516625,9.5320638,10.6499996185,14.1050872803,-2.30999994278,-1.03950715065,-89.299911499,-0.384516000748,-17.2312164307,0.178420096636,97678.4729004,15.8199996948,-201.978485107,True
122.9,-0.041,-0.019,-0.032,-0.02941995,0.3334261,9.9635564,9.81999969482,14.9926967621,-2.19000005722,-1.3963572979,-87.1134796143,-0.0867997407913,-17.2075748444,0.262166231871,97675.0366211,15.8699998856,-196.727371216,True
123.0,-0.041,-0.019,-0.032,-0.02941995,0.3334261,9.9635564,9.81999969482,14.9926967621,-2.19000005722,-1.3963572979,-87.1134796143,-0.0867997407913,-17.2075748444,0.262166231871,97675.0366211,15.8699998856,-196.727371216,True
123.10000000000001,-0.052,0.009,-0.017,-0.0980665,0.4903325,8.2964259,8.05000019073,14.9926967621,-1.9699999094,-1.3963572979,-87.1134796143,0.187388032675,-17.1896305084,0.427100002766,97678.918457,15.9099998474,-196.727371216,True
123.2,-0.091,-0.01,-0.025,-0.0196133,0.4903325,9.4928372,6.5,14.9926967621,-1.57999992371,-1.3963572979,-87.1134796143,0.338632196188,-17.1809978485,0.522695481777,97680.9814453,16.0200004578,-195.781890869,True
123.30000000000001,-0.091,-0.01,-0.025,-0.0196133,0.4903325,9.4928372,6.5,14.1123819351,-1.57999992371,-1.4329584837,-86.4570083618,0.435988008976,-17.1769485474,0.555198013783,97680.9814453,16.0200004578,-195.781890869,True
123.4,-0.111,-0.009,-0.041,-0.04903325,0.65704555,9.9635564,5.71000003815,14.1123819351,-1.37000000477,-1.4329584837,-86.4570083618,0.61888229847,-17.1712684631,0.662106692791,97675.6225586,16.0900001526,-193.032455444,True
123.5,-0.168,0.009,-0.055,0.16671305,0.59820565,9.8262633,4.96999979019,14.1123819351,-1.15999996662,-1.4329584837,-86.4570083618,0.759720921516,-17.1712665558,0.678719997406,97680.5969238,16.1700000763,-193.032455444,True
123.60000000000001,-0.168,0.009,-0.055,0.16671305,0.59820565,9.8262633,4.34999990463,12.9291982651,-0.979999959469,-1.55733060837,-85.9793319702,0.879568040371,-17.1756401062,0.695592164993,97680.5969238,16.25,-189.230926514,True
123.7,-0.133,0.003,-0.073,0.1569064,0.55897905,9.8458766,3.63999986649,12.9291982651,-0.77999997139,-1.55733060837,-85.9793319702,0.968112647533,-17.1926574707,0.738570690155,97682.5927734,16.3299999237,-189.230926514,True
123.80000000000001,-0.15,0.002,-0.084,0.0784532,0.65704555,9.9831697,3.06999993324,12.9291982651,-0.579999983311,-1.55733060837,-85.9793319702,1.0395680666,-17.1930007935,0.744295656681,97681.6772461,16.3999996185,-184.306915283,True
123.9,-0.132,0.001,-0.085,0.1176798,0.53936575,9.91452315,2.53999996185,12.9291982651,-0.389999985695,-1.55733060837,-85.9793319702,1.09764516354,-17.2019557953,0.756818830967,97683.1542969,16.4899997711,-184.306915283,True
124.0,-0.083,0.005,-0.084,0.08825985,0.48052585,9.81645665,2.00999999046,9.26963996887,-0.179999992251,-2.05817842484,-83.988243103,1.19684290886,-17.2274875641,0.797734439373,97686.3037109,16.5699996948,-184.03414917,True
124.10000000000001,-0.083,0.005,-0.084,0.08825985,0.48052585,9.81645665,1.51999998093,9.26963996887,0.0299999993294,-2.05817842484,-83.988243103,1.23697400093,-17.2351093292,0.803270936012,97686.3037109,16.6499996185,-184.03414917,True
124.2,-0.085,-0.025,-0.037,0.2745862,0.4511059,10.1008495,1.0,9.26963996887,0.259999990463,-2.05817842484,-83.988243103,1.33912444115,-17.2735214233,0.820490479469,97681.7077637,16.7399997711,-189.192382812,True
124.30000000000001,-0.105,-0.046,-0.016,0.38245935,0.32361945,10.8853815,0.5,9.26963996887,0.479999989271,-2.05817842484,-83.988243103,1.38614177704,-17.3045310974,0.783175647259,97689.050293,16.8299999237,-189.192382812,True
124.4,-0.1,-0.045,5.51091059616e-18,0.36284605,0.44129925,11.22861425,0.0299999993294,6.99388790131,0.639999985695,-1.72780120373,-83.0328598022,1.44500315189,-17.3428039551,0.690019547939,97685.8581543,16.9099998474,-196.640197754,True
124.5,-0.096,-0.037,0.022,0.4118793,0.69627215,10.8265416,-0.409999996424,6.99388790131,0.769999980927,-1.72780120373,-83.0328598022,1.47954010963,-17.3683662415,0.617992997169,97686.7614746,16.9899997711,-196.640197754,True
124.60000000000001,-0.096,-0.037,0.022,0.4118793,0.69627215,10.8265416,-0.729999959469,6.99388790131,0.879999995232,-1.72780120373,-83.0328598022,1.51357555389,-17.4116020203,0.457610070705,97686.7614746,17.0499992371,-200.742340088,True
124.7,-0.015,-0.037,0.001,0.28439285,0.22555295,10.4735022,-1.42999994755,5.8086180687,1.0,-0.986665129662,-83.1519393921,1.53762507439,-17.4210186005,0.40419575572,97688.1408691,17.109998703,-200.742340088,True
124.80000000000001,-0.029,-0.046,0.022,0.26477955,0.38245935,10.44408225,-1.42999994755,5.8086180687,1.0,-0.986665129662,-83.1519393921,1.57126104832,-17.4427642822,0.353683531284,97688.1408691,17.1399993896,-207.188232422,True
124.9,-0.103,-0.047,0.039,0.1765197,0.38245935,10.85596155,-1.75,5.8086180687,1.06999993324,-0.986665129662,-83.1519393921,1.58818078041,-17.4524021149,0.27619305253,97690.3808594,17.1800003052,-207.188232422,True
125.0,-0.077,-0.03,0.038,0.3334261,0.7649187,8.95347145,-1.99000000954,5.8086180687,1.07999992371,-0.986665129662,-83.1519393921,1.57379794121,-17.4574604034,0.298830330372,97697.2961426,17.1999988556,-210.740844727,True
125.10000000000001,-0.211,-0.039,0.02,0.392266,0.71588545,9.6497436,-2.05999994278,5.8086180687,1.19999992847,-0.986665129662,-83.1519393921,1.51639604568,-17.4752578735,0.366024404764,97697.7966309,17.2199993134,-210.740844727,True
125.2,-0.284,-0.048,-0.014,0.46091255,0.4707192,10.91480145,-2.0,3.28755259514,1.31999993324,0.0609754472971,-83.8641738892,1.47453308105,-17.4872589111,0.363605558872,97692.5354004,17.25,-208.994110107,True
125.30000000000001,-0.225,-0.043,-0.008,0.42168595,0.38245935,11.56204035,-1.90999996662,3.28755259514,1.41999995708,0.0609754472971,-83.8641738892,1.41343951225,-17.511932373,0.238663330674,97697.0458984,17.2899990082,-208.994110107,True
125.4,-0.138,-0.04,0.008,0.392266,0.42168595,11.22861425,-1.70999991894,3.28755259514,1.40999996662,0.0609754472971,-83.8641738892,1.34262776375,-17.5243434906,0.131209224463,97697.3571777,17.3199996948,-211.530685425,True
125.5,-0.039,-0.037,0.023,0.42168595,0.4314926,10.64021525,-1.43999993801,3.28755259514,1.38999998569,0.0609754472971,-83.8641738892,1.2455496788,-17.527381897,-0.00942770484835,97693.9025879,17.3400001526,-211.530685425,True
125.60000000000001,-0.132,-0.054,0.049,0.44129925,0.588399,11.5914603,-1.02999997139,3.28755259514,1.37999999523,0.0609754472971,-83.8641738892,1.14216732979,-17.5298633575,-0.123723320663,97693.9025879,17.3500003815,-212.035949707,True
125.7,-0.181,-0.069,0.065,0.59820565,0.6080123,12.356379,-0.599999964237,-0.789422333241,1.29999995232,1.08609819412,-84.0871505737,1.00231659412,-17.536365509,-0.34819856286,97693.9025879,17.3400001526,-212.035949707,True
125.80000000000001,-0.007,-0.047,0.059,0.6080123,0.4314926,11.5914603,0.0499999970198,-0.789422333241,1.10000002384,1.08609819412,-84.0871505737,0.83432084322,-17.5431308746,-0.566915929317,97694.6777344,17.3199996948,-216.236114502,True
125.9,0.001,-0.033,0.064,0.44129925,0.2353596,11.32668075,0.689999997616,-0.789422333241,0.889999985695,1.08609819412,-84.0871505737,0.724451243877,-17.5376091003,-0.681667983532,97691.7480469,17.2700004578,-216.236114502,True
126.0,0.016,-0.013,0.052,0.40207265,0.48052585,10.40485565,1.37999999523,-2.39341449738,0.659999966621,2.01870584488,-85.4999237061,0.584701836109,-17.5278396606,-0.760913968086,97689.8864746,17.1999988556,-216.571044922,True
126.10000000000001,0.084,-0.013,0.04,0.44129925,0.392266,10.62060195,2.05999994278,-2.39341449738,0.449999988079,2.01870584488,-85.4999237061,0.455016732216,-17.519985199,-0.819593071938,97692.2241211,17.1299991608,-216.571044922,True
126.2,0.199,-0.014,0.052,0.5687857,0.48052585,10.4342756,2.78999996185,-2.39341449738,0.229999989271,2.01870584488,-85.4999237061,0.331844300032,-17.5061187744,-0.874626457691,97688.8183594,17.0399990082,-216.980163574,True
126.30000000000001,0.068,-0.012,0.067,0.392266,0.26477955,10.64021525,3.95999979973,-2.39341449738,-0.259999990463,2.01870584488,-85.4999237061,0.248807013035,-17.4927005768,-0.941136777401,97688.873291,16.859998703,-216.423797607,True
126.4,0.027,-0.009,0.069,0.36284605,0.4118793,10.32640245,3.95999979973,-0.210875853896,-0.259999990463,2.33368229866,-86.890045166,0.114073880017,-17.4626350403,-1.00464475155,97687.2802734,16.859998703,-216.423797607,True
126.5,0.024,-0.004,0.073,0.4511059,0.63743225,10.5323421,4.52999973297,-0.210875853896,-0.509999990463,2.33368229866,-86.890045166,0.0249126069248,-17.4445075989,-1.02810382843,97687.5976562,16.7600002289,-216.423797607,True
126.60000000000001,0.032,0.022,0.041,0.2941995,0.6864655,10.591182,5.19000005722,-0.210875853896,-0.769999980927,2.33368229866,-86.890045166,-0.0765500962734,-17.4157104492,-1.08063328266,97683.4655762,16.6499996185,-159.95501709,True
126.7,0.032,0.022,0.041,0.2941995,0.6864655,10.591182,5.76999998093,-0.210875853896,-1.04999995232,2.33368229866,-86.890045166,-0.134781301022,-17.3991260529,-1.12526988983,97683.4655762,16.5499992371,-159.95501709,True
126.80000000000001,-0.031,0.027,0.002,0.22555295,0.4511059,9.20844435,6.42000007629,-0.210875853896,-1.35000002384,2.33368229866,-86.890045166,-0.289088398218,-17.3472766876,-1.1112344265,97682.4951172,16.4400005341,-156.124694824,True
126.9,0.001,0.019,-2.3268289183800002e-18,0.2745862,0.08825985,9.7085835,6.98000001907,-0.29098969698,-1.58999991417,1.94075298309,-87.9849624634,-0.372080773115,-17.3244171143,-1.05648946762,97677.4291992,16.3199996948,-156.124694824,True
127.0,0.012,0.033,0.024,0.26477955,0.34323275,9.8262633,7.53999996185,-0.29098969698,-1.80999994278,1.94075298309,-87.9849624634,-0.430168479681,-17.2964401245,-1.01282954216,97677.4291992,16.2099990845,-150.787353516,True
127.10000000000001,0.018,0.005,0.044,0.08825985,0.2353596,10.4931155,8.07999992371,-0.29098969698,-2.01999998093,1.94075298309,-87.9849624634,-0.502894997597,-17.2625198364,-1.02871644497,97680.9143066,16.109998703,-150.787353516,True
127.2,0.341,0.05,0.081,-0.10787315,0.69627215,9.22805765,8.55999946594,-0.29098969698,-2.28999996185,1.94075298309,-87.9849624634,-0.594259858131,-17.2011756897,-1.00800812244,97675.1831055,16.0100002289,-139.930343628,True
127.30000000000001,0.068,0.054,-0.007,-0.04903325,0.9414384,10.2773692,9.07999992371,2.13621616364,-2.51999998093,1.10499882698,-88.9264373779,-0.707670629025,-17.1630535126,-1.02146208286,97675.1831055,15.8099994659,-140.32421875,True
127.4,0.086,0.106,-0.083,-0.04903325,0.588399,7.8649333,9.81999969482,2.13621616364,-2.75999999046,1.10499882698,-88.9264373779,-0.766146719456,-17.1239337921,-0.954001843929,97676.5625,15.8099994659,-140.32421875,True
127.5,0.086,0.106,-0.083,-0.04903325,0.588399,7.8649333,10.3199996948,2.13621616364,-2.90999984741,1.10499882698,-88.9264373779,-0.789566576481,-17.1051959991,-0.723334550858,97676.5625,15.7100000381,-140.32421875,True
127.60000000000001,0.027,0.061,-0.138,-0.196133,0.02941995,6.38412915,10.7299995422,4.1885061264,-2.76999998093,-0.525918960571,-87.5370864868,-0.834096372128,-17.0547523499,-0.160545930266,97670.7397461,15.6499996185,-130.988693237,True
127.7,0.027,0.061,-0.138,-0.196133,0.02941995,6.38412915,11.0199995041,4.1885061264,-2.56999993324,-0.525918960571,-87.5370864868,-0.817276000977,-17.0325126648,0.0283480715007,97670.7397461,15.6199998856,-130.988693237,True
127.80000000000001,-0.006,-0.016,-0.094,-0.1176798,-0.4314926,8.8652116,11.029999733,4.1885061264,-2.46000003815,-0.525918960571,-87.5370864868,-0.750313282013,-16.9958190918,0.120191119611,97668.0541992,15.6399993896,-126.497459412,True
127.9,0.053,0.003,0.097,0.0392266,1.370304777e-15,11.18938765,10.8699998856,4.1885061264,-2.37999987602,-0.525918960571,-87.5370864868,-0.689449191093,-16.9796638489,0.0540593974292,97670.0195312,15.6599998474,-126.497459412,True
128.0,0.108,0.02,0.144,0.0784532,0.4118793,10.8657682,10.7899999619,4.14265727997,-2.40999984741,-0.511884510517,-87.097442627,-0.662295103073,-16.962978363,-0.0380304306746,97670.0195312,15.6799993515,-120.225334167,True
128.1,0.108,0.02,0.144,0.0784532,0.4118793,10.8657682,10.8299999237,4.14265727997,-2.46000003815,-0.511884510517,-87.097442627,-0.652802765369,-16.9520206451,-0.0776484906673,97672.8881836,15.6899995804,-120.225334167,True
128.20000000000002,0.023,0.04,0.074,-0.0392266,0.5491724,9.4339973,10.8499994278,4.14265727997,-2.5,-0.511884510517,-87.097442627,-0.630981206894,-16.9181118011,-0.0645517036319,97669.2321777,15.6799993515,-109.256744385,True
128.3,-0.012,0.039,0.035,-0.10787315,0.59820565,8.7671451,10.8699998856,4.14265727997,-2.51999998093,-0.511884510517,-87.097442627,-0.62194621563,-16.9074401855,0.0150731075555,97669.2321777,15.6799993515,-109.256744385,True
128.4,-0.088,0.03,0.007,-0.0980665,0.42168595,8.97308475,10.9699993134,4.14265727997,-2.47000002861,-0.511884510517,-87.097442627,-0.619523108006,-16.8919029236,0.143259480596,97670.9350586,15.6700000763,-108.794403076,True
128.5,0.02,0.013,-0.029,0.06864655,0.40207265,9.0613446,11.0699996948,5.13025808334,-2.39999985695,-1.22967243195,-89.2174682617,-0.623224437237,-16.8818397522,0.247717231512,97672.7478027,15.6799993515,-108.794403076,True
128.6,0.02,0.013,-0.029,0.06864655,0.40207265,9.0613446,11.1799993515,5.13025808334,-2.29999995232,-1.22967243195,-89.2174682617,-0.616069495678,-16.8869895935,0.291275620461,97672.7478027,15.7199993134,-109.152603149,True
128.70000000000002,-0.155,0.003,-0.009,0.06864655,0.42168595,10.62060195,11.2399997711,5.13025808334,-2.25,-1.22967243195,-89.2174682617,-0.59561753273,-16.9043312073,0.242409482598,97669.9829102,15.7199993134,-109.152603149,True
128.8,-0.289,-0.005,0.001,0.1569064,0.28439285,11.2972608,11.3099994659,5.13025808334,-2.24000000954,-1.22967243195,-89.2174682617,-0.587613523006,-16.9165782928,0.14123904705,97673.9929199,15.75,-103.365898132,True
128.9,-0.187,-0.01,0.012,0.32361945,0.34323275,12.1406327,11.3999996185,2.68887829781,-2.28999996185,-1.42891669273,-88.9234466553,-0.605684518814,-16.9365501404,-0.0190646890551,97675.1220703,15.7599992752,-103.365898132,True
129.0,0.121,1.4695761589800001e-18,0.012,0.20593965,0.2353596,11.32668075,11.6700000763,2.68887829781,-2.41999983788,-1.42891669273,-88.9234466553,-0.634635448456,-16.9642848969,-0.220605477691,97671.6247559,15.7599992752,-108.751869202,True
129.1,0.121,1.4695761589800001e-18,0.012,0.20593965,0.2353596,11.32668075,11.9399995804,2.68887829781,-2.58999991417,-1.42891669273,-88.9234466553,-0.666605770588,-16.9942264557,-0.357436090708,97671.6247559,15.7399997711,-108.751869202,True
129.20000000000002,0.282,0.014,0.037,0.0980665,0.7060788,10.5127288,12.2100000381,2.68887829781,-2.76999998093,-1.42891669273,-88.9234466553,-0.6931001544,-17.0063819885,-0.376880049706,97670.8679199,15.7100000381,-113.332939148,True
129.3,0.06,0.016,0.006,0.2157463,0.7453054,9.5124505,12.5399999619,2.68887829781,-2.88999986649,-1.42891669273,-88.9234466553,-0.717237591743,-17.017282486,-0.36037260294,97670.6726074,15.6599998474,-113.332939148,True
129.4,-0.12,0.022,-0.055,0.196133,0.9414384,9.83606995,12.8599996567,4.16120529175,-3.00999999046,-1.65594422817,-89.2690200806,-0.795303165913,-17.0467567444,-0.369499385357,97670.0439453,15.6199998856,-119.60773468,True
129.5,0.177,0.066,-0.144,0.00980665,0.4707192,8.1983594,13.2899999619,4.16120529175,-3.13999986649,-1.65594422817,-89.2690200806,-0.835507810116,-17.0601768494,-0.261137753725,97671.4355469,15.5699996948,-119.60773468,True
129.6,0.209,0.054,-0.166,-0.0196133,0.2745862,8.3160392,13.6499996185,4.82600975037,-3.17999982834,-2.59700965881,-87.6399459839,-0.839263141155,-17.0740127563,-0.063797518611,97669.6960449,15.529999733,-122.639846802,True
129.70000000000002,0.209,0.054,-0.166,-0.0196133,0.2745862,8.3160392,13.8299999237,4.82600975037,-3.1099998951,-2.59700965881,-87.6399459839,-0.832485258579,-17.080324173,0.0131342094392,97669.6960449,15.5099992752,-122.639846802,True
129.8,0.107,0.05,-0.134,-0.10787315,0.04903325,7.07059465,13.8800001144,4.82600975037,-3.0,-2.59700965881,-87.6399459839,-0.783514201641,-17.0911102295,0.364784121513,97671.5026855,15.5099992752,-126.022338867,True
129.9,-0.027,-6.6130927154000006e-18,-0.054,0.06864655,0.00980665,8.4729456,13.7999992371,4.82600975037,-2.75999999046,-2.59700965881,-87.6399459839,-0.714685499668,-17.1101818085,0.593569517136,97666.6992188,15.529999733,-126.022338867,True
130.0,0.058,-0.033,0.016,0.16671305,0.10787315,9.95374975,13.6599998474,4.82600975037,-2.51999998093,-2.59700965881,-87.6399459839,-0.615645051003,-17.1504802704,0.672219693661,97666.6992188,15.5799999237,-128.05519104,True
130.1,0.152,-0.011,0.055,0.24516625,0.02941995,9.80665,13.3800001144,6.98654794693,-2.33999991417,-3.43220496178,-85.3401260376,-0.536855518818,-17.180809021,0.718526780605,97672.1557617,15.6499996185,-128.05519104,True
130.20000000000002,0.285,0.001,0.09,0.16671305,0.28439285,8.9632781,13.0399999619,6.98654794693,-2.12999987602,-3.43220496178,-85.3401260376,-0.431992202997,-17.219203949,0.812527120113,97668.2739258,15.7199993134,-128.127105713,True
130.3,0.285,0.001,0.09,0.16671305,0.28439285,8.9632781,12.6999998093,6.98654794693,-1.88999998569,-3.43220496178,-85.3401260376,-0.386520117521,-17.2336807251,0.842978358269,97668.2739258,15.7999992371,-128.127105713,True
130.4,0.132,-0.009,0.061,0.0980665,0.6668522,9.5124505,12.3099994659,6.98654794693,-1.63999998569,-3.43220496178,-85.3401260376,-0.224279999733,-17.2871665955,0.860239982605,97670.7336426,15.8899993896,-135.194580078,True
130.5,-0.044,-0.022,0.013,0.18632635,0.71588545,9.8654899,11.8400001526,11.282122612,-1.44999992847,-2.88830184937,-87.1284561157,-0.15076649189,-17.3231506348,0.916069924831,97670.7336426,15.9799995422,-135.194580078,True
130.6,-0.127,0.001,-0.018,0.2549729,0.65704555,9.73800345,11.4299993515,11.282122612,-1.22000002861,-2.88830184937,-87.1284561157,-0.0620261318982,-17.3671798706,0.936922609806,97674.4689941,16.0699996948,-142.158508301,True
130.70000000000002,-0.037,0.007,-0.068,0.34323275,0.5099458,10.395049,10.6499996185,11.282122612,-0.769999980927,-2.88830184937,-87.1284561157,0.0142170833424,-17.4027462006,0.94768089056,97678.3081055,16.25,-147.756011963,True
130.8,0.062,0.002,-0.069,0.1765197,0.4707192,10.0616229,10.6499996185,11.282122612,-0.769999980927,-2.88830184937,-87.1284561157,0.134017154574,-17.4613571167,0.935500442982,97680.4748535,16.25,-147.756011963,True
130.9,0.062,0.002,-0.069,0.1765197,0.4707192,10.0616229,10.3899993896,10.6459217072,-0.569999992847,-3.02597951889,-86.2223510742,0.200828447938,-17.4905395508,0.915118634701,97680.4748535,16.4300003052,-150.709152222,True
131.0,0.034,-0.012,-0.07,0.2549729,0.6864655,10.3362091,9.85999965668,10.6459217072,-0.389999985695,-3.02597951889,-86.2223510742,0.354245632887,-17.5471553802,0.831738054752,97682.6782227,16.4300003052,-150.709152222,True
131.1,0.16,-0.029,-0.081,0.06864655,0.73549875,10.30678915,9.32999992371,10.6459217072,-0.209999993443,-3.02597951889,-86.2223510742,0.459883779287,-17.5854549408,0.817462742329,97680.1879883,16.5100002289,-150.709152222,True
131.20000000000002,0.098,-0.047,-0.088,0.1176798,0.8237586,10.46369555,9.30999946594,10.6459217072,-0.0299999993294,-3.02597951889,-86.2223510742,0.557895243168,-17.6149024963,0.771835327148,97680.1879883,16.5900001526,-161.260986328,True
131.3,0.106,-0.091,-0.112,0.2353596,0.38245935,12.4740588,8.72000026703,10.6459217072,0.119999997318,-3.02597951889,-86.2223510742,0.708523988724,-17.6442298889,0.653143048286,97687.1704102,16.6700000763,-161.260986328,True
131.4,0.076,-0.066,-0.087,0.32361945,0.42168595,12.4152189,10.2299995422,13.3087511063,0.149999991059,-2.52919602394,-84.1204986572,1.00284826756,-17.6863002777,0.338694691658,97686.8164062,16.7299995422,-163.759429932,True
131.5,0.071,-0.049,-0.059,0.38245935,0.32361945,11.1599677,9.23999977112,13.3087511063,0.109999999404,-2.52919602394,-84.1204986572,1.20899248123,-17.7094039917,0.213006690145,97686.8164062,16.7700004578,-163.759429932,True
131.6,0.002,-0.04,-0.027,0.24516625,0.1176798,10.91480145,9.22000026703,13.3087511063,0.0899999961257,-2.52919602394,-84.1204986572,1.38299036026,-17.7186412811,0.144018799067,97688.6413574,16.7999992371,-170.878219604,True
131.70000000000002,-0.058,-0.038,0.013,0.3138128,0.4511059,10.4146623,8.15999984741,13.3087511063,0.0799999982119,-2.52919602394,-84.1204986572,1.62565743923,-17.7173423767,0.103588476777,97685.6201172,16.8099994659,-170.878219604,True
131.8,-0.058,-0.038,0.013,0.3138128,0.4511059,10.4146623,12.2899999619,14.3091545105,0.0799999982119,-1.610689044,-82.6859054565,1.80431199074,-17.724105835,0.0369407013059,97685.6201172,16.8199996948,-175.715454102,True
131.9,-0.129,-0.064,0.024,0.22555295,0.5099458,11.22861425,11.7100000381,14.3091545105,0.0499999970198,-1.610689044,-82.6859054565,1.97262096405,-17.7189693451,-0.0895256251097,97687.7563477,16.8199996948,-175.715454102,True
132.0,-0.17,-0.043,-0.023,0.24516625,0.9022118,10.6304086,11.1199998856,14.3091545105,-0.0399999991059,-1.610689044,-82.6859054565,2.10042333603,-17.7083835602,-0.171477615833,97687.7258301,16.8099994659,-175.952148438,True
132.1,-0.09,-0.017,-0.061,0.26477955,0.980665,9.69877685,13.9399995804,14.3091545105,-0.119999997318,-1.610689044,-82.6859054565,2.16967701912,-17.7016792297,-0.216530546546,97685.4675293,16.7999992371,-175.952148438,True
132.20000000000002,0.036,-0.022,-0.15,0.1176798,0.5295591,9.52225715,13.9699993134,11.3159170151,-0.199999988079,-0.513175189495,-82.2895355225,2.23520207405,-17.6950740814,-0.187123715878,97688.885498,16.7700004578,-89.9879455566,True
132.3,0.031,-0.027,-0.137,0.10787315,0.7453054,9.65955025,18.8799991608,11.3159170151,-0.219999998808,-0.513175189495,-82.2895355225,2.32758641243,-17.679151535,-0.150060415268,97686.6210938,16.75,-89.9879455566,True
132.4,0.031,-0.027,-0.137,0.10787315,0.7453054,9.65955025,19.0499992371,11.3159170151,-0.239999994636,-0.513175189495,-82.2895355225,2.39081478119,-17.6584281921,-0.108055979013,97686.6210938,16.7299995422,-98.4439849854,True
132.5,0.311,-0.04,-0.182,-0.0588399,0.4118793,8.71811185,19.2999992371,11.3159170151,-0.179999992251,-0.513175189495,-82.2895355225,2.48113489151,-17.6233253479,0.10395026207,97686.4807129,16.7099990845,-98.4439849854,True
132.6,0.311,-0.04,-0.182,-0.0588399,0.4118793,8.71811185,22.6299991608,11.3159170151,-0.00999999977648,-0.513175189495,-82.2895355225,2.61287474632,-17.5782184601,0.20913438499,97686.4807129,16.7199993134,-95.8080291748,True
132.70000000000002,0.178,-0.049,-0.157,0.1176798,0.1765197,9.26728425,22.7099990845,14.76283741,0.129999995232,-0.683203339577,-78.1798858643,2.80435585976,-17.529335022,0.358533620834,97688.0432129,16.7399997711,-95.8080291748,True
132.8,0.227,-0.053,-0.136,0.0392266,0.2549729,9.414384,22.6299991608,14.76283741,0.329999983311,-0.683203339577,-78.1798858643,3.00685238838,-17.4673175812,0.450267404318,97687.0422363,16.7799987793,-88.1809234619,True
132.9,0.185,-0.058,-0.111,0.28439285,0.48052585,9.42419065,28.2799987793,14.76283741,0.550000011921,-0.683203339577,-78.1798858643,3.20828342438,-17.4061546326,0.536173164845,97687.0422363,16.8299999237,-88.1809234619,True
133.0,0.225,-0.078,-0.118,0.2941995,0.392266,10.5127288,28.2600002289,14.76283741,0.769999980927,-0.683203339577,-78.1798858643,3.40943217278,-17.3469867706,0.554616272449,97688.5131836,16.8899993896,-83.7270736694,True
133.1,0.225,-0.078,-0.118,0.2941995,0.392266,10.5127288,29.3499984741,19.6172790527,0.979999959469,-0.332943439484,-74.8141937256,3.59121179581,-17.2945899963,0.544935703278,97688.5131836,16.9499988556,-83.7270736694,True
133.20000000000002,0.142,-0.09,-0.119,0.42168595,0.34323275,11.0815145,29.0,19.6172790527,1.13999998569,-0.332943439484,-74.8141937256,3.99860024452,-17.1749763489,0.514400482178,97688.104248,17.0100002289,-77.8747558594,True
133.3,0.142,-0.09,-0.119,0.42168595,0.34323275,11.0815145,28.4899997711,19.6172790527,1.26999998093,-0.332943439484,-74.8141937256,4.40155363083,-17.0519618988,0.437941461802,97688.104248,17.0699996948,-77.8747558594,True
133.4,0.083,-0.064,-0.134,0.44129925,0.46091255,10.4931155,33.1499977112,19.6172790527,1.37000000477,-0.332943439484,-74.8141937256,4.70062112808,-16.959810257,0.416652143002,97694.3725586,17.1599998474,-64.0623092651,True
133.5,0.133,-0.07,-0.153,0.46091255,0.392266,9.7281968,32.8999977112,23.2561645508,1.48000001907,0.526508450508,-71.4534988403,4.97613286972,-16.870426178,0.482542693615,97693.170166,17.1599998474,-64.0623092651,True
133.6,0.102,-0.085,-0.157,0.588399,0.53936575,9.50264385,35.969997406,23.2561645508,1.64999997616,0.526508450508,-71.4534988403,5.20333147049,-16.7921524048,0.559664607048,97696.4050293,17.1999988556,-58.1178665161,True
133.70000000000002,0.131,-0.104,-0.164,0.6864655,0.4903325,10.26756255,35.8600006104,23.2561645508,1.87999999523,0.526508450508,-71.4534988403,5.59398555756,-16.6592655182,0.639635980129,97693.170166,17.2600002289,-58.1178665161,True
133.8,0.194,-0.113,-0.176,0.69627215,0.6472389,10.30678915,37.6199989319,25.6535015106,2.11999988556,0.821751713753,-68.2399139404,5.88777732849,-16.5525074005,0.670052111149,97691.1010742,17.3199996948,-55.7594299316,True
133.9,0.194,-0.113,-0.176,0.69627215,0.6472389,10.30678915,37.3600006104,25.6535015106,2.34999990463,0.821751713753,-68.2399139404,6.11013174057,-16.4756908417,0.69358754158,97691.1010742,17.3999996185,-55.7594299316,True
134.0,0.244,-0.138,-0.172,0.63743225,0.3334261,11.179581,36.9599990845,25.6535015106,2.62999987602,0.821751713753,-68.2399139404,6.77181100845,-16.1988048553,0.718192517757,97693.7194824,17.4699993134,-51.1110305786,True
134.1,0.268,-0.148,-0.162,0.8825985,0.55897905,11.4149406,39.2900009155,25.6535015106,2.87999987602,0.821751713753,-68.2399139404,7.12994003296,-16.0400466919,0.708461344242,97694.6594238,17.5499992371,-51.1110305786,True
134.20000000000002,0.284,-0.171,-0.141,0.7256921,0.588399,12.748645,38.7700004578,25.6535015106,3.1099998951,0.821751713753,-68.2399139404,7.65254640579,-15.7871732712,0.623635590076,97697.8027344,17.6299991608,-49.3139266968,True
134.3,0.322,-0.185,-0.118,0.9414384,0.65704555,12.9251647,38.75,32.6463432312,3.32999992371,2.03933191299,-62.6252746582,8.23837661743,-15.4831266403,0.42775914073,97699.987793,17.6999988556,-49.3139266968,True
134.4,0.11,-0.167,-0.143,0.79433865,1.0395049,11.77778665,38.7399978638,32.6463432312,3.33999991417,2.03933191299,-62.6252746582,8.66734027863,-15.243227005,0.365780025721,97695.9716797,17.75,-68.8316345215,True
134.5,0.009,-0.182,-0.204,1.04931155,1.4709975,13.72931,37.8999977112,32.6463432312,3.4399998188,2.03933191299,-62.6252746582,9.16483974457,-14.9480466843,0.297403782606,97695.9716797,17.8099994659,-61.0515594482,True
134.6,-0.025,-0.164,-0.247,0.97085835,1.1964113,13.2389775,37.9300003052,32.6463432312,3.44999980927,2.03933191299,-62.6252746582,9.74674510956,-14.5823154449,0.0933583676815,97704.4677734,17.8099994659,-61.0515594482,True
134.70000000000002,-0.103,-0.152,-0.255,1.02969825,1.0002783,12.07198615,36.8099975586,36.1006126404,3.36999988556,3.1609082222,-56.3144340515,10.2769565582,-14.2275333405,-0.0220815055072,97698.5046387,17.8199996948,-61.0515594482,True
134.8,-0.158,-0.168,-0.271,1.0787315,0.73549875,12.2583125,39.6199989319,36.1006126404,3.29999995232,3.1609082222,-56.3144340515,10.9726991653,-13.7284078598,-0.104739546776,97695.2575684,17.8099994659,-53.3803939819,True
134.9,-0.09,-0.18,-0.269,1.02969825,0.53936575,12.3367657,38.8799972534,36.1006126404,3.25,3.1609082222,-56.3144340515,11.3682117462,-13.4279899597,-0.140700027347,97701.7150879,17.7899990082,-53.3803939819,True
135.0,-0.09,-0.18,-0.269,1.02969825,0.53936575,12.3367657,38.8699989319,34.6706428528,3.1899998188,2.9114279747,-51.2068099976,11.8487567902,-13.0280542374,-0.228566691279,97701.7150879,17.7700004578,-55.9598922729,True
135.1,-0.118,-0.179,-0.219,0.9022118,0.8237586,12.9055514,38.0,34.6706428528,3.06999993324,2.9114279747,-51.2068099976,12.1331167221,-12.7794313431,-0.307776004076,97703.9672852,17.7299995422,-55.9598922729,True
135.20000000000002,0.023,-0.146,-0.243,0.79433865,0.93163175,11.8464332,37.0200004578,34.6706428528,2.89999985695,2.9114279747,-51.2068099976,12.8220300674,-12.1038160324,-0.475279778242,97702.8076172,17.6900005341,-77.51121521,True
135.3,0.084,-0.164,-0.228,0.784532,1.0591182,11.3953273,38.75,34.6706428528,2.76999998093,2.9114279747,-51.2068099976,13.1225795746,-11.7744960785,-0.506977617741,97702.1484375,17.6399993896,-77.51121521,True
135.4,-0.033,-0.164,-0.248,0.77472535,1.0198916,11.11093445,38.0099983215,34.8470916748,2.63999986649,3.19950819016,-43.7316360474,13.4664525986,-11.3660230637,-0.5182954669,97695.8557129,17.5799999237,-75.3875732422,True
135.5,-0.01,-0.121,-0.276,0.7060788,1.26505785,10.48330885,38.75,34.8470916748,2.52999997139,3.19950819016,-43.7316360474,13.7764377594,-10.9670934677,-0.505939006805,97696.0449219,17.5200004578,-75.3875732422,True
135.6,-0.026,-0.113,-0.337,0.6668522,1.12776475,10.16949605,38.1299972534,34.8470916748,2.44000005722,3.19950819016,-43.7316360474,14.0402507782,-10.6085281372,-0.440081715584,97705.9265137,17.4599990845,-71.9871520996,True
135.70000000000002,0.022,-0.148,-0.366,0.6864655,0.75511205,11.8268199,37.6299972534,34.8470916748,2.38999986649,3.19950819016,-43.7316360474,14.4143619537,-10.0791139603,-0.432562381029,97689.5996094,17.3999996185,-71.9871520996,True
135.8,0.089,-0.142,-0.346,0.6472389,0.8237586,11.56204035,38.5400009155,35.2996635437,2.29999995232,1.71780097485,-36.1483306885,14.6688241959,-9.69578266144,-0.446800649166,97694.6777344,17.3500003815,-68.7007904053,True
135.9,0.282,-0.209,-0.353,0.7453054,0.50013915,11.7091401,37.6899986267,35.2996635437,2.22000002861,1.71780097485,-36.1483306885,14.9861688614,-9.19249629974,-0.42345815897,97698.4130859,17.2999992371,-68.7007904053,True
136.0,0.254,-0.279,-0.251,0.87279185,-0.0588399,12.6898051,37.4899978638,35.2996635437,2.18000006676,1.71780097485,-36.1483306885,15.3464918137,-8.59912395477,-0.420480638742,97698.4130859,17.25,-74.7077941895,True
136.1,0.148,-0.27,-0.133,0.784532,0.4707192,12.6505785,36.0799980164,35.2996635437,2.09999990463,1.71780097485,-36.1483306885,15.7910499573,-7.79188585281,-0.456679791212,97685.559082,17.1999988556,-74.7077941895,True
136.20000000000002,0.078,-0.261,-0.09,0.99047165,1.0787315,12.160246,34.4399986267,35.2996635437,2.0,1.71780097485,-36.1483306885,16.0423755646,-7.2809472084,-0.479345947504,97685.559082,17.1499996185,-68.3259963989,True
136.3,0.078,-0.261,-0.09,0.99047165,1.0787315,12.160246,33.5299987793,40.2372055054,1.86000001431,2.64334774017,-27.278465271,16.1694374084,-7.02399730682,-0.493872076273,97685.559082,17.0900001526,-68.3259963989,True
136.4,-0.167,-0.21,-0.164,0.980665,1.48080415,11.69933345,31.8999996185,40.2372055054,1.67999994755,2.64334774017,-27.278465271,16.6210193634,-5.93135738373,-0.562487542629,97686.9262695,17.0299987793,-67.5731658936,True
136.5,-0.167,-0.21,-0.164,0.980665,1.48080415,11.69933345,30.3099994659,40.2372055054,1.5,2.64334774017,-27.278465271,16.7003898621,-5.71680021286,-0.560133635998,97686.9262695,16.8899993896,-82.848739624,True
136.6,-0.083,-0.11,-0.407,0.69627215,1.59848395,11.179581,29.0399990082,40.2372055054,1.31999993324,2.64334774017,-27.278465271,16.9352359772,-4.94334411621,-0.616473734379,97690.7470703,16.8899993896,-82.848739624,True
136.70000000000002,-0.22,-0.124,-0.439,0.6864655,1.12776475,11.13054775,27.4099998474,38.2151222229,1.12999999523,3.17359352112,-20.1587791443,17.0809001923,-4.42712163925,-0.594178318977,97697.8210449,16.8099994659,-82.848739624,True
136.8,-0.103,-0.119,-0.442,0.5491724,0.83356525,9.8262633,25.8499984741,38.2151222229,0.949999988079,3.17359352112,-20.1587791443,17.2272777557,-3.81312584877,-0.502440690994,97685.7421875,16.7399997711,-81.7792892456,True
136.9,-0.103,-0.119,-0.442,0.5491724,0.83356525,9.8262633,24.2099990845,38.2151222229,0.8599999547,3.17359352112,-20.1587791443,17.2678184509,-3.61084389687,-0.44367519021,97685.7421875,16.6700000763,-81.7792892456,True
137.0,-0.155,-0.178,-0.385,0.5491724,0.980665,10.6696352,22.5499992371,38.2151222229,0.799999952316,3.17359352112,-20.1587791443,17.3952541351,-2.89247632027,-0.331409752369,97691.0827637,16.609998703,-83.6753845215,True
137.1,-0.291,-0.181,-0.364,0.5295591,0.75511205,11.66010685,20.5599994659,35.0601577759,0.659999966621,0.222161084414,-10.3759536743,17.4946060181,-2.22287631035,-0.360851496458,97683.3190918,16.5699996948,-83.6753845215,True
137.20000000000002,-0.491,-0.208,-0.254,0.51975245,0.3530394,12.69961175,18.3400001526,35.0601577759,0.489999979734,0.222161084414,-10.3759536743,17.5582180023,-1.62449872494,-0.435758024454,97679.6142578,16.5299987793,-76.5544891357,True
137.3,-0.483,-0.242,-0.157,0.71588545,0.08825985,15.0434011,15.8099994659,35.0601577759,0.299999982119,0.222161084414,-10.3759536743,17.6005268097,-1.11219084263,-0.655589997768,97680.4016113,16.4899997711,-76.5544891357,True
137.4,-0.329,-0.187,-0.068,0.65704555,0.34323275,13.7489233,12.8499994278,35.0601577759,-0.0899999961257,0.222161084414,-10.3759536743,17.6186294556,-0.504865348339,-0.977030992508,97674.7314453,16.4200000763,-83.7453842163,True
137.5,-0.329,-0.187,-0.068,0.65704555,0.34323275,13.7489233,10.0699996948,35.0601577759,-0.550000011921,0.222161084414,-10.3759536743,17.6072330475,-0.193624258041,-1.11434352398,97674.7314453,16.3199996948,-83.7453842163,True
137.6,-0.183,-0.066,-0.062,0.20593965,1.01008495,11.4541672,7.71000003815,24.5131587982,-1.04999995232,2.28194189072,-2.85218715668,17.5142726898,0.455165088177,-1.36599075794,97675.9094238,16.1800003052,-76.944732666,True
137.70000000000002,-0.223,-0.013,-0.106,0.0588399,1.02969825,10.54214875,5.67000007629,24.5131587982,-1.52999997139,2.28194189072,-2.85218715668,17.4443073273,0.687078475952,-1.38866257668,97675.9094238,16.0299987793,-76.944732666,True
137.8,-0.285,0.023,-0.175,0.0588399,1.2944778,10.0420096,4.09999990463,24.5131587982,-1.97999989986,2.28194189072,-2.85218715668,17.341337204,0.939881682396,-1.41410183907,97673.3154297,15.8599996567,-79.151725769,True
137.9,-0.285,0.023,-0.175,0.0588399,1.2944778,10.0420096,2.73000001907,24.5131587982,-2.42999982834,2.28194189072,-2.85218715668,17.2688102722,1.10569703579,-1.40607762337,97673.3154297,15.6799993515,-79.151725769,True
138.0,-0.256,0.049,-0.258,-0.0588399,0.93163175,9.0417313,1.48000001907,19.6308498383,-2.8599998951,1.91342496872,-0.134680747986,17.1513519287,1.32846820354,-1.31454694271,97668.4814453,15.5099992752,-67.7974700928,True
138.1,-0.19,0.036,-0.252,-0.1569064,0.6864655,9.1790244,0.42999997735,19.6308498383,-3.21000003815,1.91342496872,-0.134680747986,17.0698871613,1.48132014275,-1.19671034813,97668.4814453,15.3499994278,-67.7974700928,True
138.20000000000002,-0.128,0.01,-0.238,-0.2549729,0.6080123,10.24794925,-0.560000002384,19.6308498383,-3.51999998093,1.91342496872,-0.134680747986,16.9650249481,1.68016207218,-1.14055609703,97662.9516602,15.2100000381,-83.9422225952,True
138.3,-0.112,0.012,-0.196,-0.22555295,0.51975245,9.8654899,-1.68999993801,19.6308498383,-3.84999990463,1.91342496872,-0.134680747986,16.8890533447,1.82168591022,-1.14185643196,97660.4431152,15.0699996948,-83.9422225952,True
138.4,-0.112,0.012,-0.196,-0.22555295,0.51975245,9.8654899,-2.8599998951,15.1166620255,-4.19000005722,-0.359566569328,5.25106716156,16.7749500275,2.01141357422,-1.03436934948,97660.4431152,14.9399995804,-70.17993927,True
138.5,-0.088,-0.013,-0.11,-0.3726527,0.7060788,10.0420096,-3.90999984741,15.1166620255,-4.46000003815,-0.359566569328,5.25106716156,16.6975345612,2.10759854317,-0.952905893326,97657.1411133,14.8099994659,-70.17993927,True
138.6,-0.102,-0.006,-0.115,-0.34323275,0.6864655,10.62060195,-4.88999986649,15.1166620255,-4.73000001907,-0.359566569328,5.25106716156,16.6031360626,2.24657082558,-0.987713098526,97657.1411133,14.6899995804,-53.3630371094,True
138.70000000000002,-0.102,-0.006,-0.115,-0.34323275,0.6864655,10.62060195,-5.90999984741,15.1166620255,-5.07999992371,-0.359566569328,5.25106716156,16.4942722321,2.40120005608,-1.01016926765,97657.1411133,14.5699996948,-53.3630371094,True
138.8,-0.236,0.009,-0.122,-0.40207265,0.48052585,9.97336305,-6.88999986649,12.2600250244,-5.42000007629,-1.09050095081,8.18568229675,16.4118690491,2.52011704445,-0.96503919363,97652.1606445,14.4499998093,-42.9225921631,True
138.9,-0.354,0.014,-0.067,-0.44129925,0.46091255,9.4339973,-7.88999986649,12.2600250244,-5.71999979019,-1.09050095081,8.18568229675,16.3588523865,2.5782160759,-0.936853587627,97650.0,14.3400001526,-42.9225921631,True
139.0,-0.359,0.039,-0.044,-0.34323275,0.36284605,9.42419065,-8.69999980927,12.2600250244,-6.0,-1.09050095081,8.18568229675,16.2843647003,2.64663290977,-0.879375874996,97650.0,14.2199993134,-39.7651672363,True
139.1,-0.255,0.049,-0.033,-0.4511059,0.53936575,9.40457735,-9.35999965668,12.2600250244,-6.26999998093,-1.09050095081,8.18568229675,16.2208194733,2.68545913696,-0.835114717484,97647.7233887,14.1199998856,-39.7651672363,True
139.20000000000002,-0.254,0.053,-0.02,-0.5099458,0.50013915,9.05153795,-9.88999938965,5.12103223801,-6.53999996185,-1.85011339188,9.66240406036,16.1331634521,2.68731307983,-0.733189105988,97648.5046387,14.0099992752,13.5122299194,True
139.3,-0.254,0.053,-0.02,-0.5099458,0.50013915,9.05153795,-10.2699995041,5.12103223801,-6.76999998093,-1.85011339188,9.66240406036,16.0969791412,2.67379522324,-0.678081333637,97648.5046387,13.9200000763,13.5122299194,True
139.4,-0.24,0.043,-0.004,-0.34323275,0.2941995,9.0613446,-10.4899997711,5.12103223801,-6.96000003815,-1.85011339188,9.66240406036,16.0538005829,2.64287519455,-0.613267838955,97644.7143555,13.8299999237,23.7525939941,True
139.5,-0.157,0.05,0.004,-0.48052585,0.3334261,9.1790244,-10.6799993515,5.12103223801,-7.17000007629,-1.85011339188,9.66240406036,16.0054454803,2.59701752663,-0.546969473362,97642.565918,13.75,23.7525939941,True
139.6,-0.166,0.052,0.023,-0.51975245,0.48052585,9.07115125,-10.75,-0.0915310457349,-7.33999967575,-3.00818419456,9.65662670135,15.948472023,2.49995875359,-0.43759649992,97640.0512695,13.6700000763,30.4673194885,True
139.70000000000002,-0.15,0.049,0.031,-0.50013915,0.2549729,9.1201845,-10.7299995422,-0.0915310457349,-7.48999977112,-3.00818419456,9.65662670135,15.9157800674,2.41081809998,-0.302857995033,97641.7114258,13.6099996567,30.4673194885,True
139.8,-0.136,0.04,0.047,-0.4511059,0.2549729,8.825985,-10.6799993515,-0.0915310457349,-7.60999965668,-3.00818419456,9.65662670135,15.890619278,2.33584904671,-0.232338532805,97637.2741699,13.5499992371,42.7331924438,True
139.9,-0.129,0.043,0.062,-0.4314926,0.3138128,8.75733845,-10.529999733,-0.0915310457349,-7.71000003815,-3.00818419456,9.65662670135,15.8663654327,2.20350694656,-0.0789943784475,97637.2741699,13.5,42.7331924438,True
140.0,-0.129,0.043,0.062,-0.4314926,0.3138128,8.75733845,-10.279999733,-3.21294784546,-7.76999998093,-4.18611431122,8.72769355774,15.8573036194,2.11229705811,-0.00715548079461,97639.8193359,13.4699993134,47.2591400146,True
140.1,-0.117,0.055,0.061,-0.6472389,0.5491724,8.9436648,-9.96999931335,-3.21294784546,-7.81999969482,-4.18611431122,8.72769355774,15.8388795853,1.9605717659,0.142985656857,97640.1550293,13.4399995804,47.2591400146,True
140.20000000000002,-0.103,0.047,0.058,-0.71588545,0.40207265,9.12999115,-9.61999988556,-3.21294784546,-7.82999992371,-4.18611431122,8.72769355774,15.8349533081,1.86325252056,0.220870703459,97641.9616699,13.4299993515,53.0455589294,True
140.3,-0.071,0.053,0.06,-0.6864655,0.48052585,9.1201845,-9.22999954224,-3.21294784546,-7.78999996185,-4.18611431122,8.72769355774,15.8339605331,1.72581899166,0.339777737856,97640.7958984,13.4399995804,53.0455589294,True
140.4,-0.08,0.054,0.066,-0.69627215,0.4511059,9.05153795,-8.77999973297,-3.21294784546,-7.73000001907,-4.18611431122,8.72769355774,15.8437490463,1.55976629257,0.497779518366,97640.8874512,13.4499998093,56.752204895,True
140.5,-0.085,0.042,0.076,-0.63743225,0.4707192,9.1397978,-8.30999946594,-5.92477416992,-7.63999986649,-5.84154176712,6.74191188812,15.847943306,1.44683408737,0.571560740471,97641.5344238,13.4899997711,56.752204895,True
140.6,-0.085,0.042,0.076,-0.63743225,0.4707192,9.1397978,-7.80999994278,-5.92477416992,-7.52999973297,-5.84154176712,6.74191188812,15.8592863083,1.35518670082,0.623095333576,97641.5344238,13.529999733,64.1838989258,True
140.70000000000002,-0.056,0.013,0.083,-0.55897905,0.38245935,10.002783,-7.15999984741,-5.92477416992,-7.41999959946,-5.84154176712,6.74191188812,15.8994731903,1.09101617336,0.743517935276,97643.7194824,13.5799999237,64.1838989258,True
140.8,-0.067,0.007,0.071,-0.59820565,0.42168595,10.22833595,-6.44999980927,-5.92477416992,-7.27999973297,-5.84154176712,6.74191188812,15.9329595566,0.910989284515,0.778907239437,97642.3950195,13.6399993896,64.2045974731,True
140.9,-0.015,0.014,0.061,-0.5491724,0.28439285,9.99297635,-5.65999984741,-7.32283687592,-7.17000007629,-6.47756099701,5.0046453476,15.9699010849,0.736481070518,0.824817180634,97645.5627441,13.6999998093,64.2045974731,True
141.0,-0.103,0.002,0.081,-0.51975245,0.30400615,10.13026945,-4.85999965668,-7.32283687592,-7.02999973297,-6.47756099701,5.0046453476,16.0147075653,0.562669932842,0.821705937386,97647.7844238,13.8400001526,58.0995559692,True
141.1,-0.018,0.005,0.092,-0.67665885,0.2157463,9.97336305,-4.0499997139,-7.32283687592,-6.92999982834,-6.47756099701,5.0046453476,16.0510005951,0.38938370347,0.838950037956,97647.7844238,13.8400001526,58.0995559692,True
141.20000000000002,-0.018,0.005,0.092,-0.67665885,0.2157463,9.97336305,-3.21000003815,-7.75298023224,-6.80999994278,-6.706615448,3.69037294388,16.0672225952,0.245148539543,0.908472716808,97648.651123,13.9099998474,56.0256004333,True
141.3,0.035,-0.017,0.071,-0.44129925,0.196133,9.4928372,-2.33999991417,-7.75298023224,-6.60999965668,-6.706615448,3.69037294388,16.0920696259,0.0764858052135,0.991977453232,97648.2421875,13.9899997711,56.0256004333,True
141.4,0.065,-0.004,0.068,-0.61781895,0.26477955,10.002783,-1.43999993801,-7.75298023224,-6.40999984741,-6.706615448,3.69037294388,16.1130275726,-0.0613708049059,1.0370349884,97648.2421875,14.0799999237,51.9613265991,True
141.5,0.058,-0.016,0.083,-0.57859235,0.26477955,10.2185293,0.379999995232,-7.75298023224,-6.01999998093,-6.706615448,3.69037294388,16.161026001,-0.256152570248,1.06346070766,97652.6123047,14.279999733,40.2054786682,True
141.6,0.048,-0.024,0.08,-0.6080123,0.36284605,10.13026945,1.28999996185,-6.39515352249,-5.82999992371,-6.8719367981,1.48448526859,16.1864509583,-0.391771525145,1.0610049963,97654.699707,14.3800001144,40.2054786682,True
141.70000000000002,0.095,-0.038,0.073,-0.46091255,0.18632635,9.9047165,2.12999987602,-6.39515352249,-5.6299996376,-6.8719367981,1.48448526859,16.2260551453,-0.570083856583,1.0680232048,97654.3640137,14.4899997711,34.5365524292,True
141.8,0.152,-0.03,0.087,-0.53936575,0.30400615,9.81645665,2.12999987602,-6.39515352249,-5.63999986649,-6.8719367981,1.48448526859,16.2694301605,-0.718955934048,1.10140919685,97656.8969727,14.4899997711,34.5365524292,True
141.9,0.162,-0.038,0.108,-0.5099458,0.28439285,9.67916355,2.88999986649,-6.39515352249,-5.40000009537,-6.8719367981,1.48448526859,16.2909069061,-0.806558191776,1.10878264904,97656.8969727,14.5899991989,34.5365524292,True
142.0,0.096,-0.045,0.113,-0.5295591,0.42168595,10.56176205,3.62999987602,-3.55939435959,-5.17999982834,-6.36232566833,-0.618280172348,16.3172836304,-0.937739193439,1.11109447479,97658.215332,14.6999998093,32.3352813721,True
142.1,0.058,-0.045,0.09,-0.5491724,0.588399,10.73828175,4.33999967575,-3.55939435959,-4.96000003815,-6.36232566833,-0.618280172348,16.3394813538,-1.03342866898,1.0769841671,97662.890625,14.8099994659,32.3352813721,True
142.20000000000002,-0.032,-0.042,0.067,-0.4511059,0.5295591,10.8265416,5.13999986649,-3.55939435959,-4.76999998093,-6.36232566833,-0.618280172348,16.3633003235,-1.14193153381,1.02095210552,97666.9616699,14.9200000763,21.5221405029,True
142.3,-0.002,-0.051,0.054,-0.34323275,0.44129925,10.7480884,5.8799996376,-2.35683012009,-4.61000013351,-5.60361337662,-2.5171880722,16.3897094727,-1.27702152729,0.934900701046,97666.9616699,15.029999733,21.5221405029,True
142.4,0.079,-0.037,0.025,-0.4511059,0.51975245,10.52253545,6.67999982834,-2.35683012009,-4.44999980927,-5.60361337662,-2.5171880722,16.4037532806,-1.36294353008,0.903039216995,97664.6179199,15.1199998856,18.36977005,True
142.5,0.059,-0.048,0.017,-0.32361945,0.392266,10.46369555,7.44999980927,-2.35683012009,-4.27999973297,-5.60361337662,-2.5171880722,16.4167423248,-1.48260259628,0.846572518349,97668.0419922,15.2199993134,18.36977005,True
142.6,0.077,-0.046,-0.004,-0.3726527,0.28439285,11.0422879,8.19999980927,-2.35683012009,-4.11000013351,-5.60361337662,-2.5171880722,16.4360580444,-1.56334865093,0.768514156342,97668.0419922,15.3199996948,9.19332504272,True
142.70000000000002,0.147,-0.053,0.002,-0.392266,0.32361945,10.9442214,8.86999988556,-0.714754462242,-3.98000001907,-4.58467626572,-3.17579460144,16.4464092255,-1.61744904518,0.691709637642,97670.324707,15.3999996185,9.19332504272,True
142.8,0.184,-0.052,-0.002,-0.36284605,0.26477955,10.81673495,9.47999954224,-0.714754462242,-3.88999986649,-4.58467626572,-3.17579460144,16.4565849304,-1.66562974453,0.607102513313,97670.6054688,15.4799995422,4.41102981567,True
142.9,0.221,-0.047,0.015,-0.3530394,0.2353596,11.15016105,9.97999954224,-0.714754462242,-3.78999996185,-4.58467626572,-3.17579460144,16.4644870758,-1.69057881832,0.508701264858,97673.5290527,15.5499992371,4.41102981567,True
143.0,0.235,-0.06,0.024,-0.3138128,0.3530394,12.1210194,10.3400001526,2.75361943245,-3.72000002861,-3.69121980667,-3.40792298317,16.4738311768,-1.69459021091,0.380780518055,97672.0581055,15.6099996567,-1.25617980957,True
143.1,0.235,-0.06,0.024,-0.3138128,0.3530394,12.1210194,10.6199998856,2.75361943245,-3.74000000954,-3.69121980667,-3.40792298317,16.465883255,-1.65522706509,0.145416155457,97672.0581055,15.6599998474,-1.25617980957,True
143.20000000000002,0.098,-0.051,0.054,-0.42168595,0.36284605,11.44436055,10.7299995422,2.75361943245,-3.81999993324,-3.69121980667,-3.40792298317,16.4615116119,-1.61513030529,0.0241308957338,97676.8127441,15.6899995804,2.05268859863,True
143.3,0.147,-0.038,0.066,-0.3334261,0.4511059,10.97364135,10.75,2.75361943245,-3.88999986649,-3.69121980667,-3.40792298317,16.4466381073,-1.5668694973,-0.0811396762729,97675.8666992,15.7100000381,2.05268859863,True
143.4,0.115,-0.034,0.066,-0.22555295,0.69627215,11.36590735,10.7699995041,2.75361943245,-3.99000000954,-3.69121980667,-3.40792298317,16.4364414215,-1.52202308178,-0.199836328626,97675.378418,15.7100000381,-4.70523834229,True
143.5,-0.076,-0.023,0.023,-0.30400615,0.5295591,10.7480884,10.7600002289,2.75361943245,-4.13000011444,-3.69121980667,-3.40792298317,16.4250411987,-1.45549750328,-0.355457961559,97675.378418,15.6899995804,-4.70523834229,True
143.6,-0.034,0.001,0.035,-0.3334261,0.48052585,10.58137535,10.6700000763,6.88684415817,-4.2999997139,-2.18758535385,-4.90565109253,16.4087181091,-1.38496673107,-0.443729668856,97678.0700684,15.6700000763,0.59118270874,True
143.70000000000002,-0.034,0.001,0.035,-0.3334261,0.48052585,10.58137535,10.5900001526,6.88684415817,-4.44999980927,-2.18758535385,-4.90565109253,16.3748474121,-1.30958986282,-0.46059063077,97671.5270996,15.6300001144,0.59118270874,True
143.8,0.053,0.018,0.01,-0.2745862,0.3138128,9.6301303,10.4600000381,6.88684415817,-4.65000009537,-2.18758535385,-4.90565109253,16.3630867004,-1.27692615986,-0.42860558629,97673.1567383,15.5599994659,5.21764755249,True
143.9,-0.007,0.019,0.014,-0.38245935,0.392266,9.83606995,10.4099998474,6.88684415817,-4.73000001907,-2.18758535385,-4.90565109253,16.343120575,-1.21350336075,-0.41943103075,97674.2614746,15.5199995041,1.29547119141,True
144.0,-0.028,0.021,0.011,-0.32361945,0.38245935,10.09104285,10.4099998474,6.99638080597,-4.73000001907,-2.40615224838,-5.56508827209,16.3186454773,-1.15633368492,-0.387189209461,97672.7111816,15.5199995041,1.29547119141,True
144.1,0.085,0.02,0.018,-0.2745862,0.48052585,10.2773692,10.2899999619,6.99638080597,-4.78999996185,-2.40615224838,-5.56508827209,16.2986278534,-1.09262788296,-0.406857550144,97672.3754883,15.4899997711,1.29547119141,True
144.20000000000002,-0.024,0.021,-0.003,-0.26477955,0.69627215,10.4538889,10.2100000381,6.99638080597,-4.90000009537,-2.40615224838,-5.56508827209,16.2850971222,-1.06020319462,-0.434254407883,97674.3469238,15.4600000381,12.8019332886,True
144.3,0.06,0.029,-0.044,-0.34323275,0.4118793,10.5519554,10.2199993134,7.34319448471,-5.01999998093,-2.7630507946,-5.76739883423,16.274433136,-0.99754679203,-0.4872854352,97674.3469238,15.4299993515,12.8019332886,True
144.4,0.126,0.045,-0.047,-0.44129925,0.5099458,9.6889702,10.0399999619,7.34319448471,-5.25,-2.7630507946,-5.76739883423,16.2553882599,-0.936291217804,-0.445800721645,97669.5617676,15.3499994278,13.6838912964,True
144.5,0.064,0.041,-0.076,-0.46091255,0.51975245,8.71811185,10.0399999619,7.34319448471,-5.25,-2.7630507946,-5.76739883423,16.2357635498,-0.911431968212,-0.383291661739,97669.9035645,15.3499994278,13.6838912964,True
144.6,-0.036,0.024,-0.08,-0.4511059,0.51975245,9.1005712,10.0199995041,7.34319448471,-5.25999975204,-2.7630507946,-5.76739883423,16.22615242,-0.859879374504,-0.264980465174,97669.9035645,15.3199996948,15.1379585266,True
144.70000000000002,-0.036,0.024,-0.08,-0.4511059,0.51975245,9.1005712,9.88000011444,7.34319448471,-5.26999998093,-2.7630507946,-5.76739883423,16.224357605,-0.832089245319,-0.229473039508,97669.9035645,15.2999992371,15.1379585266,True
144.8,-0.017,0.003,-0.053,-0.46091255,0.3334261,10.01258965,9.75,8.406498909,-5.25,-3.69820928574,-4.59046888351,16.2172412872,-0.725117325783,-0.126848906279,97670.1721191,15.2899999619,20.5997467041,True
144.9,0.064,0.007,-0.03,-0.2745862,0.32361945,9.8458766,9.55000019073,8.406498909,-5.25999975204,-3.69820928574,-4.59046888351,16.2277889252,-0.64117193222,-0.11318705976,97668.2861328,15.279999733,20.5997467041,True
145.0,0.034,0.016,-0.023,-0.2745862,0.3138128,9.30651085,9.27999973297,8.406498909,-5.26999998093,-3.69820928574,-4.59046888351,16.233335495,-0.596908569336,-0.0947380512953,97668.2861328,15.279999733,22.626209259,True
145.1,0.035,0.017,-0.004,-0.2353596,0.3530394,9.44380395,9.27999973297,8.406498909,-5.26999998093,-3.69820928574,-4.59046888351,16.2437896729,-0.512243807316,-0.00829863827676,97673.6328125,15.279999733,22.626209259,True
145.20000000000002,0.004,0.019,-0.013,-0.4903325,0.50013915,9.4928372,9.09000015259,8.68825721741,-5.21999979019,-4.19097328186,-3.65138673782,16.258228302,-0.440350711346,0.0350512005389,97668.1640625,15.279999733,18.5301780701,True
145.3,0.004,0.019,-0.013,-0.4903325,0.50013915,9.4928372,9.47999954224,8.68825721741,-5.19999980927,-4.19097328186,-3.65138673782,16.2625980377,-0.392020851374,0.0749152749777,97668.1640625,15.2899999619,18.5301780701,True
145.4,0.098,0.015,-0.028,-0.4707192,0.59820565,9.91452315,9.92000007629,8.68825721741,-5.08999967575,-4.19097328186,-3.65138673782,16.2765197754,-0.301866471767,0.120284281671,97673.1750488,15.3299999237,9.61771011353,True
145.5,0.047,0.002,-0.038,-0.3138128,0.5295591,9.7085835,9.92000007629,8.68825721741,-5.08999967575,-4.19097328186,-3.65138673782,16.2915000916,-0.224564090371,0.156018689275,97668.7316895,15.3299999237,9.61771011353,True
145.6,0.0,0.006,-0.046,-0.32361945,0.46091255,9.58109705,9.73999977112,9.8086566925,-5.03999996185,-4.69621801376,-3.1830496788,16.3159751892,-0.126294448972,0.181367978454,97670.8251953,15.3499994278,73.584274292,True
145.70000000000002,0.018,0.006,-0.058,-0.3530394,0.4511059,9.1005712,11.5799999237,9.8086566925,-4.98000001907,-4.69621801376,-3.1830496788,16.3377113342,-0.0179883800447,0.238742977381,97670.4589844,15.3800001144,73.584274292,True
145.8,-0.07,0.001,-0.062,-0.46091255,0.3530394,9.46341725,11.4200000763,9.8086566925,-4.90000009537,-4.69621801376,-3.1830496788,16.3490982056,0.0389432534575,0.289021521807,97669.0551758,15.4099998474,72.3815917969,True
145.9,-0.024,-0.005,-0.067,-0.3138128,0.42168595,8.93385815,13.1499996185,9.8086566925,-4.65999984741,-4.69621801376,-3.1830496788,16.3708724976,0.121784895658,0.353643983603,97672.5524902,15.4799995422,62.0016098022,True
146.0,-0.08,-0.028,-0.07,-0.3334261,0.38245935,9.3359308,13.1499996185,9.8086566925,-4.65999984741,-4.69621801376,-3.1830496788,16.3969173431,0.208115652204,0.432024508715,97667.7185059,15.4799995422,62.0016098022,True
146.1,-0.094,-0.025,-0.057,-0.2549729,0.3530394,9.67916355,13.0900001526,9.44870853424,-4.50999975204,-5.0253610611,-1.67217302322,16.4237003326,0.290709942579,0.47812795639,97667.7185059,15.529999733,62.0016098022,True
146.20000000000002,0.113,-0.023,-0.063,-0.196133,0.36284605,10.36562905,13.0900001526,9.44870853424,-4.36999988556,-5.0253610611,-1.67217302322,16.4572429657,0.362636744976,0.527631938457,97671.4111328,15.5799999237,62.3866081238,True
146.3,0.113,-0.023,-0.063,-0.196133,0.36284605,10.36562905,16.9200000763,9.44870853424,-4.23999977112,-5.0253610611,-1.67217302322,16.5024051666,0.474730730057,0.527604281902,97671.4111328,15.6399993896,62.3866081238,True
146.4,0.18,-0.027,-0.059,-0.16671305,0.36284605,10.18910935,17.0200004578,9.44870853424,-4.11999988556,-5.0253610611,-1.67217302322,16.5321388245,0.584474027157,0.531412184238,97673.0773926,15.6899995804,60.9782218933,True
146.5,0.157,-0.034,-0.063,-0.14709975,0.4314926,10.591182,19.8099994659,11.4625234604,-3.99000000954,-4.73746109009,0.014718670398,16.5656147003,0.713868379593,0.493893504143,97673.0773926,15.75,60.9782218933,True
146.6,0.211,-0.038,-0.075,-0.14709975,0.392266,10.95402805,19.859998703,11.4625234604,-3.90999984741,-4.73746109009,0.014718670398,16.6127872467,0.879175364971,0.401916563511,97671.5454102,15.7999992371,54.2363166809,True
146.70000000000002,0.138,-0.037,-0.067,-0.18632635,0.2941995,10.81673495,19.7700004578,11.4625234604,-3.87999987602,-4.73746109009,0.014718670398,16.6516628265,1.07312428951,0.311490774155,97671.5454102,15.8399991989,54.2363166809,True
146.8,0.138,-0.037,-0.067,-0.18632635,0.2941995,10.81673495,23.8099994659,11.4625234604,-3.84999990463,-4.73746109009,0.014718670398,16.6894779205,1.30077195168,0.270464509726,97674.6154785,15.8999996185,100.255584717,True
146.9,0.144,-0.027,-0.054,-0.28439285,0.3530394,10.28717585,23.8199996948,11.4625234604,-3.82999992371,-4.73746109009,0.014718670398,16.7023620605,1.44852995872,0.265856951475,97676.763916,15.8999996185,100.255584717,True
147.0,0.238,-0.043,-0.085,-0.4118793,0.24516625,10.26756255,26.3999996185,14.9533176422,-3.76999998093,-4.36502981186,1.70173048973,16.7100162506,1.68973064423,0.277932614088,97676.8005371,15.9200000763,94.4996795654,True
147.1,0.239,-0.056,-0.081,-0.3726527,0.34323275,10.56176205,26.4200000763,14.9533176422,-3.69999980927,-4.36502981186,1.70173048973,16.7076148987,1.86881029606,0.280540078878,97676.8005371,15.9499998093,94.4996795654,True
147.20000000000002,0.249,-0.088,-0.088,-0.3334261,0.51975245,11.1207411,29.8799991608,14.9533176422,-3.62999987602,-4.36502981186,1.70173048973,16.7026405334,2.12303972244,0.242591544986,97678.9367676,15.9799995422,83.8673553467,True
147.3,0.249,-0.088,-0.088,-0.3334261,0.51975245,11.1207411,29.8499984741,14.9533176422,-3.57999992371,-4.36502981186,1.70173048973,16.6845207214,2.48170351982,0.136645644903,97678.9367676,16.0,83.8673553467,True
147.4,0.283,-0.098,-0.111,-0.18632635,0.5099458,11.9837263,29.6299991608,21.6979122162,-3.58999991417,-3.43649959564,4.47985172272,16.6704387665,2.77595663071,0.0112778749317,97678.6804199,16.0200004578,84.0420684814,True
147.5,0.287,-0.092,-0.106,-0.3138128,0.57859235,11.66010685,31.4899997711,21.6979122162,-3.64999985695,-3.43649959564,4.47985172272,16.6355228424,3.16054701805,-0.109833277762,97680.9326172,16.0299987793,84.0420684814,True
147.6,0.317,-0.088,-0.123,-0.34323275,0.53936575,11.2972608,31.0699996948,21.6979122162,-3.72000002861,-3.43649959564,4.47985172272,16.5913944244,3.5544192791,-0.17413328588,97677.5817871,16.0200004578,74.5888671875,True
147.70000000000002,0.329,-0.09,-0.125,-0.2941995,0.75511205,10.8853815,33.8199996948,21.6979122162,-3.75999999046,-3.43649959564,4.47985172272,16.5331668854,3.96054697037,-0.20864161849,97677.2888184,16.0100002289,74.5888671875,True
147.8,0.329,-0.09,-0.125,-0.2941995,0.75511205,10.8853815,33.4199981689,28.033744812,-3.80999994278,-2.70779871941,7.4565448761,16.4837875366,4.27825880051,-0.195440083742,97677.2888184,15.9799995422,67.6923751831,True
147.9,0.256,-0.09,-0.158,-0.30400615,0.7453054,10.5323421,32.969997406,28.033744812,-3.83999991417,-2.70779871941,7.4565448761,16.4239788055,4.61619997025,-0.178775340319,97675.3601074,15.9600000381,67.6923751831,True
148.0,0.17,-0.126,-0.199,-0.1176798,0.4707192,12.1210194,34.5200004578,28.033744812,-3.88999986649,-2.70779871941,7.4565448761,16.2722473145,5.42665290833,-0.265109419823,97676.1535645,15.9399995804,85.64453125,True
148.1,0.17,-0.126,-0.199,-0.1176798,0.4707192,12.1210194,33.7599983215,28.033744812,-3.99000000954,-2.70779871941,7.4565448761,16.185880661,5.83799791336,-0.246689900756,97676.1535645,15.9099998474,85.64453125,True
148.20000000000002,0.153,-0.141,-0.145,-0.0392266,0.4314926,10.79712165,36.1300010681,31.6735439301,-4.01999998093,-2.52064156532,11.8591194153,16.0437679291,6.45267868042,-0.191214904189,97675.6225586,15.8800001144,72.8763580322,True
148.3,0.153,-0.141,-0.145,-0.0392266,0.4314926,10.79712165,35.5599975586,31.6735439301,-4.0499997139,-2.52064156532,11.8591194153,15.9549026489,6.77813768387,-0.166641771793,97675.6225586,15.8499994278,71.876335144,True
148.4,0.035,-0.13,-0.066,-0.18632635,0.6668522,12.1210194,34.7900009155,31.6735439301,-4.06999969482,-2.52064156532,11.8591194153,15.7254314423,7.57066583633,-0.218412086368,97675.3967285,15.8299999237,58.9590072632,True
148.5,0.035,-0.13,-0.066,-0.18632635,0.6668522,12.1210194,36.0699996948,34.2122879028,-4.17999982834,-1.57394599915,14.7553911209,15.656126976,7.7852063179,-0.235479235649,97675.3967285,15.7999992371,58.9590072632,True
148.6,-0.125,-0.073,-0.167,-0.24516625,1.20621795,9.05153795,35.4599990845,34.2122879028,-4.2999997139,-1.57394599915,14.7553911209,15.4313049316,8.38873291016,-0.147220313549,97678.0578613,15.7699995041,49.8649597168,True
148.70000000000002,0.041,-0.091,-0.279,-0.1176798,1.08853815,11.1403544,35.0999984741,34.2122879028,-4.26999998093,-1.57394599915,14.7553911209,15.2485685349,8.83550930023,0.0111124515533,97679.5654297,15.75,49.8649597168,True
148.8,0.042,-0.074,-0.332,-0.10787315,1.1964113,10.71866845,37.9199981689,34.2122879028,-4.21999979019,-1.57394599915,14.7553911209,15.1091947556,9.17506980896,0.029899822548,97679.5654297,15.7399997711,37.9487037659,True
148.9,0.124,-0.068,-0.335,-0.1176798,1.52003075,10.0812362,37.5299987793,34.2122879028,-4.21000003815,-1.57394599915,14.7553911209,14.9292736053,9.6018075943,0.0522112771869,97674.3164062,15.7399997711,37.9487037659,True
149.0,0.124,-0.068,-0.335,-0.1176798,1.52003075,10.0812362,39.0099983215,34.2702255249,-4.11999988556,-3.83252835274,23.2997226715,14.8288612366,9.82086277008,0.0881963446736,97674.3164062,15.75,-22.2099304199,True
149.1,-0.034,-0.055,-0.488,-0.26477955,1.176798,9.6497436,38.969997406,34.2702255249,-4.13000011444,-3.83252835274,23.2997226715,14.6581869125,10.1869707108,0.205802336335,97676.5991211,15.75,-22.2099304199,True
149.20000000000002,0.151,-0.144,-0.491,-0.28439285,0.3334261,9.36535075,38.6399993896,34.2702255249,-4.02999973297,-3.83252835274,23.2997226715,14.3735656738,10.7486200333,0.423370867968,97673.7304688,15.7599992752,-28.7860870361,True
149.3,0.151,-0.144,-0.491,-0.28439285,0.3334261,9.36535075,41.0999984741,34.2702255249,-3.81999993324,-3.83252835274,23.2997226715,14.1905107498,11.0791711807,0.587490975857,97673.7304688,15.7899999619,-28.7860870361,True
149.4,0.247,-0.25,-0.31,-0.32361945,-0.48052585,10.7088618,40.8400001526,34.2702255249,-3.51999998093,-3.83252835274,23.2997226715,13.8578262329,11.6226263046,0.869529664516,97677.9052734,15.8399991989,-42.7560806274,True
149.5,0.247,-0.25,-0.31,-0.32361945,-0.48052585,10.7088618,42.0200004578,35.8360404968,-3.17999982834,-7.09082460403,35.0407714844,13.4868974686,12.1998825073,0.953016936779,97677.9052734,15.9099998474,-42.7560806274,True
149.6,0.325,-0.297,-0.066,-0.14709975,0.0980665,13.73911665,41.3699989319,35.8360404968,-2.89999985695,-7.09082460403,35.0407714844,13.0552244186,12.8276443481,0.928242743015,97676.9897461,16.0,-27.2989273071,True
149.70000000000002,0.186,-0.312,-0.033,0.0588399,0.59820565,14.70016835,40.5,35.8360404968,-2.65999984741,-7.09082460403,35.0407714844,12.5444812775,13.5294351578,0.805267572403,97676.8737793,16.0900001526,-27.2989273071,True
149.8,0.081,-0.298,-0.053,0.1176798,0.77472535,13.1016844,41.7000007629,40.7882728577,-2.54999995232,-4.09892559052,39.7326583862,11.9140911102,14.3324785233,0.639165759087,97676.8737793,16.1700000763,-51.4749526978,True
149.9,-0.053,-0.291,-0.085,0.0980665,1.2356379,11.5522337,40.7099990845,40.7882728577,-2.48000001907,-4.09892559052,39.7326583862,11.4178800583,14.8790788651,0.634267151356,97681.817627,16.2399997711,-51.4749526978,True
150.0,-0.063,-0.27,-0.144,0.196133,1.6671305,12.1210194,41.0900001526,40.7882728577,-2.36999988556,-4.09892559052,39.7326583862,10.8387355804,15.467212677,0.579816997051,97681.817627,16.3500003815,-85.6136322021,True
150.1,-0.16,-0.198,-0.284,0.1569064,1.85345685,12.66038515,40.2999992371,40.7882728577,-2.28999996185,-4.09892559052,39.7326583862,10.4098386765,15.858584404,0.485699266195,97687.5305176,16.3500003815,-85.6136322021,True
150.20000000000002,-0.015,-0.178,-0.404,0.196133,1.5298374,12.2779258,40.7299995422,39.9064674377,-2.28999996185,-1.51372647285,47.6643371582,9.81904220581,16.3793792725,0.401423215866,97687.5549316,16.4200000763,-111.001777649,True
150.3,0.015,-0.185,-0.467,0.1372931,0.8629852,12.54270535,39.8799972534,39.9064674377,-2.25999999046,-1.51372647285,47.6643371582,9.61659812927,16.5561771393,0.385602623224,97686.9812012,16.4200000763,-111.001777649,True
150.4,0.097,-0.195,-0.44,0.0784532,0.73549875,11.4737805,38.9399986267,39.9064674377,-2.21000003815,-1.51372647285,47.6643371582,9.09477710724,16.956609726,0.380961805582,97685.3942871,16.4499988556,-171.625900269,True
150.5,0.011,-0.219,-0.405,0.0784532,0.5687857,11.0422879,38.6399993896,39.9064674377,-2.1099998951,-1.51372647285,47.6643371582,8.47691726685,17.400642395,0.48484069109,97685.3942871,16.4799995422,-171.625900269,True
150.6,0.073,-0.243,-0.362,0.16671305,0.4314926,11.15016105,37.7099990845,39.9064674377,-1.95999991894,-1.51372647285,47.6643371582,7.94255590439,17.7560844421,0.575834572315,97685.0463867,16.5,-187.786865234,True
150.70000000000002,0.093,-0.245,-0.339,0.14709975,0.5295591,11.34629405,37.0599975586,40.8286132812,-1.78999996185,-4.23925161362,59.2861938477,7.37555789948,18.1033382416,0.677799701691,97687.9577637,16.5499992371,-187.786865234,True
150.8,0.021,-0.273,-0.272,0.2353596,0.53936575,12.34657235,35.8299980164,40.8286132812,-1.61000001431,-4.23925161362,59.2861938477,6.85307598114,18.3979721069,0.693898737431,97691.0888672,16.6000003815,-222.901916504,True
150.9,-0.019,-0.268,-0.222,0.08825985,0.53936575,11.3168741,34.2000007629,40.8286132812,-1.44999992847,-4.23925161362,59.2861938477,6.19849491119,18.7415485382,0.729597270489,97684.3505859,16.6499996185,-222.901916504,True
151.0,0.042,-0.267,-0.22,0.08825985,0.5099458,11.0619012,32.5799980164,40.8286132812,-1.25999999046,-4.23925161362,59.2861938477,5.60360956192,19.0081691742,0.847899138927,97684.0454102,16.7199993134,-223.208435059,True
151.1,-0.02,-0.263,-0.21,0.12748645,1.0002783,11.1403544,31.0900001526,40.8286132812,-0.959999978542,-4.23925161362,59.2861938477,4.87267541885,19.3001194,0.994255304337,97688.4033203,16.7899990082,-222.208404541,True
151.20000000000002,-0.007,-0.256,-0.221,0.1372931,1.10815145,11.7875933,29.3299999237,41.3157081604,-0.669999957085,-3.11909174919,70.0953292847,4.2190823555,19.5264911652,1.05743086338,97693.6828613,16.8799991608,-253.705215454,True
151.3,-0.007,-0.256,-0.221,0.1372931,1.10815145,11.7875933,27.2099990845,41.3157081604,-0.379999995232,-3.11909174919,70.0953292847,3.96153330803,19.6168556213,1.06279551983,97693.6828613,16.9799995422,-253.705215454,True
151.4,-0.194,-0.25,-0.254,0.20593965,0.6864655,12.81729155,24.6899986267,41.3157081604,-0.189999997616,-3.11909174919,70.0953292847,2.80730104446,19.9467868805,0.968310952187,97695.0500488,17.0799999237,-275.706115723,True
151.5,-0.158,-0.245,-0.249,0.1765197,0.8825985,12.69961175,22.0200004578,41.3157081604,0.0,-3.11909174919,70.0953292847,2.23972892761,20.085817337,0.942260742188,97696.472168,17.1800003052,-275.706115723,True
151.6,-0.118,-0.234,-0.226,0.2353596,0.784532,12.1406327,19.1199989319,41.3157081604,0.189999997616,-3.11909174919,70.0953292847,1.53590500355,20.2299880981,0.861179411411,97696.472168,17.2799987793,-301.061065674,True
151.70000000000002,-0.285,-0.24,-0.222,0.20593965,1.22583125,13.03303785,16.109998703,38.3644981384,0.34999999404,-1.72326588631,79.8424911499,0.709361851215,20.3566169739,0.772308707237,97691.7785645,17.3699989319,-301.061065674,True
151.8,-0.285,-0.24,-0.222,0.20593965,1.22583125,13.03303785,12.8899993896,38.3644981384,0.42999997735,-1.72326588631,79.8424911499,-0.120078325272,20.4486656189,0.555182635784,97691.7785645,17.4499988556,-325.949279785,True
151.9,-0.384,-0.229,-0.245,0.24516625,0.980665,13.8666031,9.43999958038,34.2628898621,0.439999997616,-0.925143897533,84.4424438477,-0.392279535532,20.4690895081,0.46750459075,97694.3908691,17.5499992371,-346.280090332,True
152.0,-0.323,-0.178,-0.232,0.0588399,1.1964113,12.6701918,5.90000009537,34.2628898621,0.340000003576,-0.925143897533,84.4424438477,-1.29327809811,20.4791545868,0.137618780136,97702.8808594,17.5499992371,-346.280090332,True
152.1,-0.395,-0.153,-0.244,-0.0392266,0.6472389,12.3171524,2.53999996185,34.2628898621,0.239999994636,-0.925143897533,84.4424438477,-1.80936586857,20.4423885345,0.0032587563619,97700.1525879,17.5699996948,-346.280090332,True
152.20000000000002,-0.395,-0.153,-0.244,-0.0392266,0.6472389,12.3171524,-0.449999988079,34.2628898621,0.140000000596,-0.925143897533,84.4424438477,-2.12456083298,20.401966095,-0.0754644796252,97700.1525879,17.5699996948,-366.879852295,True
152.3,-0.346,-0.121,-0.169,0.0,1.0787315,12.160246,-3.32999992371,34.2628898621,0.0,-0.925143897533,84.4424438477,-2.75946140289,20.3031692505,-0.268793255091,97698.8464355,17.5499992371,-366.879852295,True
152.4,-0.36,-0.099,-0.16,-0.20593965,1.0787315,11.9444997,-6.02999973297,24.1411495209,-0.179999992251,0.167597800493,92.8137969971,-3.2256257534,20.1819171906,-0.461272001266,97696.5454102,17.5200004578,-381.307220459,True
152.5,-0.365,-0.098,-0.148,-0.34323275,0.83356525,12.0033396,-8.51999950409,24.1411495209,-0.399999976158,0.167597800493,92.8137969971,-3.5066382885,20.0814914703,-0.591959238052,97696.5454102,17.4799995422,-381.307220459,True
152.6,-0.394,-0.068,-0.118,-0.28439285,0.980665,11.48358715,-10.8000001907,24.1411495209,-0.669999957085,0.167597800493,92.8137969971,-3.80123281479,19.9515686035,-0.73790371418,97695.3308105,17.4099998474,-385.479736328,True
152.70000000000002,-0.374,-0.043,-0.114,-0.32361945,0.7453054,10.8657682,-12.7399997711,24.1411495209,-0.949999988079,0.167597800493,92.8137969971,-4.03074645996,19.8188228607,-0.83003038168,97695.3308105,17.3400001526,-385.479736328,True
152.8,-0.405,-0.031,-0.116,-0.3726527,0.73549875,10.32640245,-14.4699993134,15.7058200836,-1.23000001907,0.783670604229,96.4502563477,-4.20943784714,19.6834545135,-0.882188796997,97693.762207,17.25,-384.778411865,True
152.9,-0.405,-0.031,-0.116,-0.3726527,0.73549875,10.32640245,-15.9200000763,15.7058200836,-1.48000001907,0.783670604229,96.4502563477,-4.34513092041,19.5269088745,-0.868730068207,97693.762207,17.1599998474,-384.778411865,True
153.0,-0.389,-0.002,-0.129,-0.2745862,0.7256921,9.65955025,-17.0399990082,15.7058200836,-1.69999992847,0.783670604229,96.4502563477,-4.39453554153,19.4517688751,-0.864743351936,97690.7226562,17.0599994659,-370.079803467,True
153.1,-0.379,0.006,-0.118,-0.44129925,0.65704555,9.6889702,-17.9599990845,15.7058200836,-1.90999996662,0.783670604229,96.4502563477,-4.452252388,19.3181686401,-0.834837019444,97685.6445312,16.9599990845,-370.079803467,True
153.20000000000002,-0.416,-1.10218211923e-17,-0.09,-0.34323275,0.4707192,10.1400761,-18.7299995422,15.7058200836,-2.1099998951,0.783670604229,96.4502563477,-4.46303749084,19.2111530304,-0.831160843372,97684.8205566,16.8699989319,-353.36151123,True
153.3,-0.371,-7.10295143505e-18,-0.058,-0.3334261,0.38245935,9.93413645,-19.3899993896,5.55670881271,-2.31999993324,0.572461545467,99.6107177734,-4.44677305222,19.1048221588,-0.838833749294,97680.6762695,16.7899990082,-353.36151123,True
153.4,-0.346,0.002,-0.021,-0.3726527,0.4314926,9.2378643,-19.8500003815,5.55670881271,-2.52999997139,0.572461545467,99.6107177734,-4.38811206818,18.9848136902,-0.796933352947,97682.8430176,16.6999988556,-338.02243042,True
153.5,-0.336,-0.002,0.001,-0.3530394,0.48052585,8.6494653,-20.1800003052,5.55670881271,-2.69000005722,0.572461545467,99.6107177734,-4.32313203812,18.9136390686,-0.7314889431,97682.8430176,16.609998703,-338.02243042,True
153.60000000000002,-0.23,-0.012,0.003,-0.3726527,0.4314926,9.3751574,-20.3199996948,5.55670881271,-2.81999993324,0.572461545467,99.6107177734,-4.19253730774,18.8162250519,-0.618476092815,97678.8574219,16.5200004578,-314.458282471,True
153.70000000000002,-0.23,-0.012,0.003,-0.3726527,0.4314926,9.3751574,-20.3799991608,-2.58108067513,-2.92999982834,0.706653416157,100.306800842,-4.06715202332,18.7395954132,-0.634429037571,97678.8574219,16.4499988556,-314.458282471,True
153.8,-0.211,-0.017,0.057,-0.3726527,0.28439285,10.30678915,-20.3099994659,-2.58108067513,-3.09999990463,0.706653416157,100.306800842,-3.96278238297,18.6845798492,-0.665042519569,97673.5229492,16.3799991608,-307.322875977,True
153.9,-0.187,-0.022,0.077,-0.2941995,0.196133,10.46369555,-20.2299995422,-2.58108067513,-3.28999996185,0.706653416157,100.306800842,-3.82135510445,18.6121807098,-0.700802206993,97676.7150879,16.3099994659,-307.322875977,True
154.0,-0.228,-0.008,0.128,-0.392266,0.34323275,10.1793027,-20.0399990082,-2.58108067513,-3.5,0.706653416157,100.306800842,-3.66167449951,18.545003891,-0.723513901234,97675.8666992,16.2299995422,-279.922851562,True
154.10000000000002,-0.228,-0.008,0.128,-0.392266,0.34323275,10.1793027,-19.7299995422,-2.58108067513,-3.69999980927,0.706653416157,100.306800842,-3.50639605522,18.4886322021,-0.738980412483,97675.8666992,16.1499996185,-279.922851562,True
154.20000000000002,-0.273,-0.004,0.137,-0.3726527,0.36284605,10.9246081,-19.1899986267,-8.48583126068,-3.90999984741,0.849886953831,97.8226776123,-3.23125457764,18.4059028625,-0.777672231197,97676.2023926,16.0599994659,-262.185089111,True
154.3,-0.238,0.012,0.105,-0.392266,0.50013915,9.7870367,-18.5100002289,-8.48583126068,-4.11000013351,0.849886953831,97.8226776123,-2.97524166107,18.3447113037,-0.737749516964,97671.4599609,15.9699993134,-262.185089111,True
154.4,-0.215,0.018,0.091,-0.3138128,0.4903325,9.69877685,-17.6900005341,-8.48583126068,-4.27999973297,0.849886953831,97.8226776123,-2.70393538475,18.2878761292,-0.689601421356,97670.9960938,15.8899993896,-237.394897461,True
154.5,-0.215,0.018,0.091,-0.3138128,0.4903325,9.69877685,-16.7899990082,-11.9314966202,-4.44999980927,0.349775165319,96.2336044312,-2.43395209312,18.2364864349,-0.610233664513,97670.9960938,15.8099994659,-237.394897461,True
154.60000000000002,-0.09,0.016,0.094,-0.38245935,0.3334261,8.83579165,-15.779999733,-11.9314966202,-4.55999994278,0.349775165319,96.2336044312,-2.1069214344,18.1714344025,-0.483183979988,97670.123291,15.7299995422,-214.769165039,True
154.70000000000002,-0.062,0.012,0.108,-0.2549729,0.2549729,8.79656505,-14.75,-11.9314966202,-4.65000009537,0.349775165319,96.2336044312,-1.89821076393,18.1358604431,-0.367415606976,97669.4824219,15.6199998856,-201.299468994,True
154.8,-0.062,0.012,0.108,-0.2549729,0.2549729,8.79656505,-13.6999998093,-11.9314966202,-4.67999982834,0.349775165319,96.2336044312,-1.57955753803,18.0820579529,-0.192090377212,97669.4824219,15.6199998856,-201.299468994,True
154.9,-0.04,0.011,0.127,-0.2549729,0.0980665,9.1201845,-12.6499996185,-14.2550144196,-4.65999984741,-0.52759206295,94.0755767822,-1.373711586,18.045633316,-0.0685297176242,97669.7814941,15.5799999237,-201.299468994,True
155.0,-0.04,0.011,0.127,-0.2549729,0.0980665,9.1201845,-11.529999733,-14.2550144196,-4.61999988556,-0.52759206295,94.0755767822,-1.05183708668,17.9886436462,0.0723389983177,97669.7814941,15.5599994659,-179.235076904,True
155.10000000000002,-0.052,0.01,0.175,-0.22555295,0.2157463,8.7475318,-10.3199996948,-14.2550144196,-4.5499997139,-0.52759206295,94.0755767822,-0.837181389332,17.9515647888,0.182555451989,97666.7175293,15.5599994659,-179.235076904,True
155.20000000000002,-0.014,0.016,0.172,-0.3334261,0.12748645,8.83579165,-9.0999994278,-14.2550144196,-4.42999982834,-0.52759206295,94.0755767822,-0.625484585762,17.9146671295,0.310905635357,97668.6645508,15.5799999237,-159.795959473,True
155.3,-0.014,0.016,0.172,-0.3334261,0.12748645,8.83579165,-7.82999992371,-14.2550144196,-4.26999998093,-0.52759206295,94.0755767822,-0.470976352692,17.8927288055,0.410111933947,97668.6645508,15.6099996567,-159.795959473,True
155.4,0.0,-0.007,0.168,-0.40207265,0.2745862,8.67888525,-6.50999975204,-14.9797725677,-4.05999994278,-1.7745257616,90.1925201416,-0.0580428652465,17.8081226349,0.701813220978,97669.6838379,15.6499996185,-145.82119751,True
155.5,0.012,-0.009,0.153,-0.3530394,0.18632635,8.63965865,-5.15999984741,-14.9797725677,-3.79999995232,-1.7745257616,90.1925201416,0.20309355855,17.756772995,0.884056448936,97672.5830078,15.7100000381,-145.82119751,True
155.60000000000002,0.012,-0.009,0.153,-0.3530394,0.18632635,8.63965865,-3.77999997139,-14.9797725677,-3.48000001907,-1.7745257616,90.1925201416,0.410685837269,17.7190647125,1.00756621361,97672.5830078,15.7999992371,-131.577484131,True
155.70000000000002,0.131,-0.027,0.146,-0.26477955,0.20593965,9.5516771,-2.33999991417,-14.9797725677,-3.17999982834,-1.7745257616,90.1925201416,0.729568719864,17.6596126556,1.09992909431,97674.1333008,15.8999996185,-131.577484131,True
155.8,0.042,-0.034,0.149,-0.18632635,0.3726527,9.40457735,-0.829999983311,-13.7798986435,-2.87999987602,-2.55817604065,85.8168945312,0.934160470963,17.6252861023,1.1830791235,97672.4365234,16.0100002289,-124.55368042,True
155.9,0.042,-0.034,0.149,-0.18632635,0.3726527,9.40457735,0.639999985695,-13.7798986435,-2.52999997139,-2.55817604065,85.8168945312,1.28829813004,17.5641441345,1.34049856663,97672.4365234,16.1299991608,-124.55368042,True
156.0,0.171,-0.031,0.103,-0.24516625,0.48052585,9.414384,2.16999983788,-13.7798986435,-2.15999984741,-2.55817604065,85.8168945312,1.4935811758,17.5288505554,1.42902135849,97676.4831543,16.2600002289,-121.354103088,True
156.10000000000002,0.163,-0.045,0.046,-0.1176798,0.3138128,10.26756255,3.73000001907,-12.665555954,-1.75999999046,-2.54164552689,83.452003479,1.73943603039,17.4827880859,1.5044836998,97676.8859863,16.3999996185,-121.354103088,True
156.20000000000002,0.198,-0.033,0.03,0.0,0.06864655,10.16949605,5.27999973297,-12.665555954,-1.37000000477,-2.54164552689,83.452003479,1.96265077591,17.4487686157,1.54419052601,97680.2734375,16.5599994659,-114.728546143,True
156.3,0.213,-0.042,0.055,0.0196133,0.0588399,9.77723005,6.71000003815,-12.665555954,-0.979999959469,-2.54164552689,83.452003479,2.15122675896,17.4119548798,1.56179046631,97683.0200195,16.7099990845,-114.728546143,True
156.4,0.354,-0.064,0.074,0.10787315,-0.06864655,11.11093445,8.05000019073,-8.40515041351,-0.599999964237,-1.92634689808,82.0012969971,2.28981804848,17.3958301544,1.52218985558,97685.5529785,16.8699989319,-107.577705383,True
156.5,0.346,-0.065,0.123,0.36284605,-0.00980665,12.38579895,9.23999977112,-8.40515041351,-0.289999991655,-1.92634689808,82.0012969971,2.47368717194,17.3882770538,1.34064209461,97686.4685059,17.0200004578,-107.577705383,True
156.60000000000002,0.346,-0.065,0.123,0.36284605,-0.00980665,12.38579895,10.3599996567,-8.40515041351,-0.0899999961257,-1.92634689808,82.0012969971,2.56958341599,17.3861598969,1.10886752605,97686.4685059,17.1599998474,-106.66179657,True
156.70000000000002,0.205,-0.07,0.203,0.53936575,0.392266,13.77834325,11.4299993515,-8.40515041351,-0.00999999977648,-1.92634689808,82.0012969971,2.72617650032,17.393655777,0.690054059029,97693.4570312,17.2799987793,-106.66179657,True
156.8,0.149,-0.047,0.163,0.5491724,0.61781895,12.52309205,12.4799995422,-1.95109343529,-0.0799999982119,-0.674802064896,78.4182052612,2.86849164963,17.3838100433,0.337012559175,97692.4377441,17.3500003815,-112.287902832,True
156.9,0.153,-0.042,0.118,0.5295591,0.6472389,12.24850585,13.5199995041,-1.95109343529,-0.149999991059,-0.674802064896,78.4182052612,2.95110917091,17.3729114532,0.141717031598,97694.2687988,17.3899993896,-112.287902832,True
157.0,0.18,-0.026,0.053,0.4511059,0.75511205,11.179581,14.4099998474,-1.95109343529,-0.269999980927,-0.674802064896,78.4182052612,3.02072787285,17.344455719,-0.0214530844241,97694.5983887,17.3999996185,-116.208076477,True
157.10000000000002,0.18,-0.026,0.053,0.4511059,0.75511205,11.179581,15.2399997711,-1.95109343529,-0.34999999404,-0.674802064896,78.4182052612,3.08474993706,17.3244876862,-0.14171718061,97694.5983887,17.3899993896,-116.208076477,True
157.20000000000002,0.166,-0.038,-0.025,0.2941995,0.6864655,11.62088025,15.9200000763,2.05856394768,-0.469999998808,0.209056079388,76.1187515259,3.11032795906,17.3052005768,-0.308229058981,97693.2861328,17.3699989319,-121.6588974,True
157.3,0.125,-0.028,-0.042,0.2549729,0.3726527,11.71894675,16.5499992371,2.05856394768,-0.620000004768,0.209056079388,76.1187515259,3.12080907822,17.2887172699,-0.446174949408,97695.8007812,17.3400001526,-121.6588974,True
157.4,0.129,0.001,-0.028,0.32361945,0.6080123,11.0422879,16.9799995422,2.05856394768,-0.810000002384,0.209056079388,76.1187515259,3.08664536476,17.2620582581,-0.613531112671,97695.8007812,17.2399997711,-116.241073608,True
157.5,0.095,-0.006,-0.016,0.22555295,0.32361945,10.73828175,17.3099994659,2.05856394768,-1.0,0.209056079388,76.1187515259,3.0472407341,17.2478160858,-0.705125153065,97693.9147949,17.2399997711,-116.241073608,True
157.60000000000002,0.095,-0.006,-0.016,0.22555295,0.32361945,10.73828175,17.5699996948,2.05856394768,-1.18999993801,0.209056079388,76.1187515259,3.0384759903,17.2416439056,-0.712081074715,97693.9147949,17.1700000763,-117.612838745,True
157.70000000000002,0.081,0.004,-0.022,0.2549729,0.7256921,10.8853815,17.859998703,6.14068555832,-1.32999992371,0.613397836685,76.7968215942,2.96084427834,17.2215690613,-0.785934746265,97687.9455566,17.109998703,-117.612838745,True
157.8,-0.011,0.016,-0.038,0.30400615,0.44129925,10.5715687,18.0399990082,6.14068555832,-1.52999997139,0.613397836685,76.7968215942,2.92143964767,17.2152671814,-0.858967244625,97687.9455566,17.0299987793,-114.067077637,True
157.9,-0.011,0.016,-0.038,0.30400615,0.44129925,10.5715687,18.2399997711,6.14068555832,-1.76999998093,0.613397836685,76.7968215942,2.8788330555,17.2164993286,-0.877207159996,97687.9455566,16.9499988556,-114.067077637,True
158.0,0.199,0.017,-0.06,0.1569064,0.4314926,10.7480884,18.4300003052,7.33492994308,-1.94999992847,0.27192145586,77.2645187378,2.77615618706,17.2141036987,-0.935354650021,97687.5305176,16.8699989319,-117.543792725,True
158.10000000000002,0.404,0.041,-0.048,0.14709975,0.63743225,10.0616229,18.4599990845,7.33492994308,-2.15999984741,0.27192145586,77.2645187378,2.68204164505,17.2230415344,-0.96897149086,97686.5783691,16.7899990082,-117.543792725,True
158.20000000000002,0.2,0.019,-0.079,0.12748645,0.4903325,9.8458766,18.4300003052,7.33492994308,-2.3599998951,0.27192145586,77.2645187378,2.57673025131,17.2398052216,-0.917670190334,97686.5783691,16.6999988556,-116.956520081,True
158.3,0.2,0.019,-0.079,0.12748645,0.4903325,9.8458766,18.3400001526,7.33492994308,-2.5,0.27192145586,77.2645187378,2.53152227402,17.2454719543,-0.894883275032,97686.5783691,16.6199989319,-116.956520081,True
158.4,0.117,0.018,-0.104,0.1569064,0.22555295,10.01258965,18.0699996948,13.1197891235,-2.67999982834,-0.618625104427,78.9023208618,2.26622915268,17.2881164551,-0.903376221657,97686.6455078,16.5299987793,-118.915557861,True
158.5,0.1,0.04,-0.073,0.0196133,0.36284605,9.14960445,17.6199989319,13.1197891235,-2.8599998951,-0.618625104427,78.9023208618,2.10770320892,17.3071365356,-0.89182895422,97680.3710938,16.4499988556,-118.915557861,True
158.60000000000002,0.1,0.04,-0.073,0.0196133,0.36284605,9.14960445,17.0900001526,13.1197891235,-3.0,-0.618625104427,78.9023208618,1.91907548904,17.3273334503,-0.733486294746,97680.3710938,16.3699989319,-116.393089294,True
158.70000000000002,0.085,0.028,-0.055,0.02941995,0.4511059,8.81617835,16.6299991608,15.052321434,-3.05999994278,-1.33244073391,79.9880981445,1.75130259991,17.3532962799,-0.642092227936,97683.3496094,16.2999992371,-116.393089294,True
158.8,0.018,0.026,-0.07,-0.0392266,0.4903325,8.87501825,16.1199989319,15.052321434,-3.13999986649,-1.33244073391,79.9880981445,1.59788036346,17.3764324188,-0.559666156769,97681.7565918,16.2399997711,-121.185302734,True
158.9,0.018,0.026,-0.07,-0.0392266,0.4903325,8.87501825,15.4899997711,15.052321434,-3.17999982834,-1.33244073391,79.9880981445,1.4921131134,17.3893241882,-0.476191937923,97681.7565918,16.1900005341,-121.185302734,True
159.0,0.023,0.014,-0.107,-0.0980665,0.5099458,8.36507245,14.9699993134,15.847454071,-3.15999984741,-2.05075955391,80.9148635864,1.25176298618,17.4170265198,-0.203445404768,97678.3813477,16.1299991608,-121.740722656,True
159.10000000000002,0.037,0.003,-0.112,-0.1765197,0.34323275,8.75733845,14.4200000763,15.847454071,-3.07999992371,-2.05075955391,80.9148635864,1.09862220287,17.4363746643,-0.0889913663268,97679.8095703,16.1299991608,-121.740722656,True
159.20000000000002,-0.039,-1.05319624727e-17,-0.086,0.0,0.42168595,9.022118,13.7100000381,15.847454071,-2.99000000954,-2.05075955391,80.9148635864,0.902610599995,17.4667625427,0.0323656611145,97678.8208008,16.1299991608,-124.164390564,True
159.3,-0.015,0.008,-0.067,0.0,0.44129925,8.9044382,12.9399995804,15.847454071,-2.89999985695,-2.05075955391,80.9148635864,0.718586206436,17.5050430298,0.165988087654,97678.8208008,16.1399993896,-124.164390564,True
159.4,0.139,0.01,-0.042,0.0588399,0.7649187,9.7085835,12.1899995804,15.847454071,-2.75,-2.05075955391,80.9148635864,0.54130166769,17.550868988,0.25387853384,97677.5146484,16.1599998474,-125.636863708,True
159.5,-0.041,-7.83773951454e-18,-0.064,0.0392266,0.4511059,9.87529655,11.3899993896,15.847454071,-2.61999988556,-2.05075955391,80.9148635864,0.338374882936,17.605348587,0.264034569263,97677.3132324,16.1900005341,-125.636863708,True
159.60000000000002,-0.041,-7.83773951454e-18,-0.064,0.0392266,0.4511059,9.87529655,10.4600000381,16.8657283783,-2.53999996185,-2.95864105225,83.2588424683,0.224175795913,17.6349754333,0.310899019241,97677.3132324,16.2299995422,-128.010375977,True
159.70000000000002,-0.347,-0.008,-0.082,0.1176798,0.7453054,9.4732239,9.60999965668,16.8657283783,-2.39999985695,-2.95864105225,83.2588424683,-0.00429114047438,17.69830513,0.451056629419,97678.4606934,16.2700004578,-128.010375977,True
159.8,-0.347,-0.008,-0.082,0.1176798,0.7453054,9.4732239,8.90999984741,16.8657283783,-2.25999999046,-2.95864105225,83.2588424683,-0.110036276281,17.7419223785,0.479526549578,97678.4606934,16.3099994659,-140.965454102,True
159.9,-0.339,0.023,-0.103,0.1569064,0.7649187,9.40457735,8.26000022888,11.7647266388,-2.13999986649,-3.38221693039,84.7524261475,-0.238583669066,17.79895401,0.535239517689,97678.2714844,16.3500003815,-140.965454102,True
160.0,-0.339,0.023,-0.103,0.1569064,0.7649187,9.40457735,7.7999997139,11.7647266388,-1.99000000954,-3.38221693039,84.7524261475,-0.282208949327,17.8320426941,0.556337535381,97678.2714844,16.4099998474,-152.750778198,True
160.10000000000002,-0.316,0.014,-0.111,0.2353596,0.6080123,10.2969825,7.46999979019,11.7647266388,-1.87000000477,-3.38221693039,84.7524261475,-0.351101845503,17.9210071564,0.544493436813,97678.729248,16.4599990845,-152.750778198,True
160.20000000000002,-0.052,0.014,-0.119,0.1569064,0.61781895,9.91452315,7.23999977112,11.7647266388,-1.75999999046,-3.38221693039,84.7524261475,-0.391793251038,17.9998188019,0.536175727844,97679.6630859,16.5200004578,-160.040664673,True
160.3,-0.008,-0.005,-0.097,0.1372931,0.588399,10.97364135,7.0499997139,6.93133020401,-1.63999998569,-4.09974002838,87.2643585205,-0.410125315189,18.0553951263,0.506191134453,97679.6630859,16.5699996948,-160.040664673,True
160.4,0.09,-0.001,-0.098,0.10787315,0.4314926,9.54187045,6.8799996376,6.93133020401,-1.56999993324,-4.09974002838,87.2643585205,-0.447333931923,18.1181411743,0.454503387213,97680.2490234,16.609998703,-170.674713135,True
160.5,0.09,-0.001,-0.098,0.10787315,0.4314926,9.54187045,6.67999982834,6.93133020401,-1.4699999094,-4.09974002838,87.2643585205,-0.497217297554,18.187128067,0.521240353584,97680.2490234,16.6499996185,-170.674713135,True
160.60000000000002,0.05,-0.054,-0.066,0.0784532,0.30400615,10.5127288,6.46000003815,6.93133020401,-1.32999992371,-4.09974002838,87.2643585205,-0.562279105186,18.2334518433,0.486090004444,97686.9262695,16.6900005341,-184.844589233,True
160.70000000000002,0.038,-0.045,0.001,0.0588399,0.40207265,10.4146623,6.03999996185,7.96107387543,-1.25,-3.89687299728,88.9233627319,-0.665138185024,18.2961902618,0.415421932936,97686.9262695,16.7299995422,-184.844589233,True
160.8,-0.022,-0.067,0.003,0.14709975,0.2157463,11.22861425,5.5499997139,7.96107387543,-1.18999993801,-3.89687299728,88.9233627319,-0.722863435745,18.335477829,0.368091762066,97683.3007812,16.7700004578,-198.395355225,True
160.9,-0.044,-0.049,0.034,0.0588399,0.392266,10.0223963,5.06999969482,7.96107387543,-1.13999998569,-3.89687299728,88.9233627319,-0.815781772137,18.37591362,0.295573115349,97683.3496094,16.8099994659,-198.395355225,True
161.0,-0.042,-0.063,0.045,0.10787315,0.28439285,10.32640245,4.63000011444,7.83337831497,-1.09000003338,-2.70979785919,88.7984390259,-0.877718567848,18.4084472656,0.288650453091,97685.7116699,16.8400001526,-208.522216797,True
161.10000000000002,-0.042,-0.063,0.045,0.10787315,0.28439285,10.32640245,4.19000005722,7.83337831497,-1.02999997139,-2.70979785919,88.7984390259,-0.942768096924,18.4344234467,0.280175209045,97685.7116699,16.859998703,-208.522216797,True
161.20000000000002,-0.081,-0.051,0.034,0.1372931,0.980665,9.9635564,3.8599998951,7.83337831497,-0.969999969006,-2.70979785919,88.7984390259,-0.96676838398,18.4469833374,0.266126573086,97690.7958984,16.8999996185,-212.518890381,True
161.3,-0.092,-0.047,-0.012,0.2353596,0.6472389,10.3558224,3.64999985695,7.83337831497,-0.919999957085,-2.70979785919,88.7984390259,-0.988957762718,18.4688720703,0.226236626506,97689.3798828,16.8999996185,-212.518890381,True
161.4,-0.092,-0.047,-0.012,0.2353596,0.6472389,10.3558224,3.4399998188,6.60821723938,-0.889999985695,-1.55182266235,88.3371200562,-1.0042746067,18.4859218597,0.184204280376,97689.3798828,16.9200000763,-223.818969727,True
161.5,0.041,-0.048,-0.046,0.06864655,0.65704555,11.1991943,3.25999999046,6.60821723938,-0.8599999547,-1.55182266235,88.3371200562,-1.02411603928,18.4953517914,0.108021520078,97689.9536133,16.9400005341,-223.818969727,True
161.60000000000002,0.076,-0.059,-0.031,0.10787315,0.61781895,11.71894675,3.03999996185,6.60821723938,-0.879999995232,-1.55182266235,88.3371200562,-1.04179668427,18.4947299957,-0.0288052894175,97685.9069824,16.9499988556,-222.452545166,True
161.70000000000002,-0.002,-0.034,-0.031,0.16671305,0.75511205,10.983448,2.84999990463,6.60821723938,-0.959999978542,-1.55182266235,88.3371200562,-1.07492589951,18.4893608093,-0.18673337996,97685.9069824,16.9599990845,-222.452545166,True
161.8,-0.037,-0.042,-0.037,0.0,0.4511059,11.179581,2.61999988556,6.60821723938,-1.05999994278,-1.55182266235,88.3371200562,-1.09890925884,18.4858856201,-0.281198203564,97686.3586426,16.9400005341,-227.693557739,True
161.9,-0.037,-0.042,-0.037,0.0,0.4511059,11.179581,2.32999992371,6.88575601578,-1.18999993801,-0.431188553572,89.2777404785,-1.13346099854,18.4754295349,-0.363790243864,97686.3586426,16.9200000763,-227.693557739,True
162.0,-0.027,-0.048,-0.043,0.0784532,0.28439285,11.4149406,2.09999990463,6.88575601578,-1.32999992371,-0.431188553572,89.2777404785,-1.18917667866,18.4547424316,-0.510281920433,97688.9343262,16.8799991608,-220.301055908,True
162.10000000000002,0.027,-0.021,0.004,0.14709975,0.2549729,10.4735022,1.63999998569,6.88575601578,-1.51999998093,-0.431188553572,89.2777404785,-1.24314308167,18.4320087433,-0.592784583569,97687.121582,16.8299999237,-220.301055908,True
162.20000000000002,0.041,0.001,0.014,0.14709975,0.4314926,9.87529655,1.31999993324,6.88575601578,-1.68999993801,-0.431188553572,89.2777404785,-1.28064835072,18.4036560059,-0.59246045351,97687.121582,16.7700004578,-222.896194458,True
162.3,0.006,-0.003,0.022,0.06864655,0.5099458,9.91452315,1.0,7.02031183243,-1.82999992371,0.134303927422,89.6204376221,-1.31777477264,18.385471344,-0.59196460247,97683.013916,16.7099990845,-222.896194458,True
162.4,-0.058,0.009,0.028,0.0196133,0.4118793,9.2378643,0.629999995232,7.02031183243,-1.95999991894,0.134303927422,89.6204376221,-1.35885465145,18.3567523956,-0.550142049789,97683.013916,16.6499996185,-220.750808716,True
162.5,-0.063,0.023,0.021,-0.0196133,0.2353596,7.9237732,0.319999992847,7.02031183243,-2.06999993324,0.134303927422,89.6204376221,-1.37714731693,18.3296146393,-0.39073908329,97684.3933105,16.5900001526,-220.750808716,True
162.60000000000002,-0.063,0.023,0.021,-0.0196133,0.2353596,7.9237732,0.0899999961257,7.02031183243,-2.07999992371,0.134303927422,89.6204376221,-1.38124930859,18.3040714264,-0.213436588645,97684.3933105,16.5399990082,-207.401657104,True
162.70000000000002,-0.021,0.027,0.009,-0.0196133,0.6668522,8.825985,-0.0799999982119,6.35751199722,-1.99000000954,-0.0639463663101,89.0541305542,-1.37848043442,18.270866394,-0.000525862968061,97681.0424805,16.5,-207.401657104,True
162.8,-0.021,0.027,0.009,-0.0196133,0.6668522,8.825985,-0.179999992251,6.35751199722,-1.87000000477,-0.0639463663101,89.0541305542,-1.37172794342,18.2434654236,0.0756672844291,97681.0424805,16.4899997711,-212.373535156,True
162.9,-0.136,-0.004,-0.012,0.0392266,0.2549729,9.9635564,-0.34999999404,6.35751199722,-1.81999993324,-0.0639463663101,89.0541305542,-1.39473497868,18.1961174011,0.115618832409,97682.623291,16.5,-212.373535156,True
163.0,-0.119,0.013,0.014,0.02941995,0.4314926,9.22805765,-0.579999983311,6.35751199722,-1.76999998093,-0.0639463663101,89.0541305542,-1.4082621336,18.1810245514,0.140112891793,97683.2458496,16.5100002289,-206.534759521,True
163.10000000000002,-0.195,-0.006,0.026,0.04903325,0.50013915,10.0812362,-0.799999952316,4.11639642715,-1.69999992847,-0.226695045829,88.9139328003,-1.38984024525,18.1584644318,0.198344632983,97683.2458496,16.5299987793,-206.534759521,True
163.20000000000002,-0.195,-0.006,0.026,0.04903325,0.50013915,10.0812362,-0.819999992847,4.11639642715,-1.62000000477,-0.226695045829,88.9139328003,-1.35482978821,18.1373710632,0.180201455951,97683.2458496,16.5499992371,-199.797821045,True
163.3,-0.089,0.006,0.025,0.20593965,0.3530394,9.85568325,-0.819999992847,4.11639642715,-1.56999993324,-0.226695045829,88.9139328003,-1.32110714912,18.1202144623,0.184810847044,97687.5671387,16.5699996948,-199.797821045,True
163.4,-0.089,0.006,0.025,0.20593965,0.3530394,9.85568325,-0.689999997616,4.11639642715,-1.49000000954,-0.226695045829,88.9139328003,-1.27300608158,18.1098594666,0.182191058993,97687.5671387,16.6000003815,-187.987136841,True
163.5,-0.091,0.009,0.043,0.1176798,0.57859235,9.95374975,-0.52999997139,1.63976085186,-1.44999992847,-0.283203989267,88.3280792236,-1.175984025,18.0789527893,0.10353756696,97678.3508301,16.6199989319,-187.987136841,True
163.60000000000002,-0.095,0.005,0.024,-0.0196133,0.4903325,10.1400761,-0.25,1.63976085186,-1.44999992847,-0.283203989267,88.3280792236,-1.09661996365,18.0584754944,0.0640715882182,97681.2683105,16.6399993896,-191.334716797,True
163.70000000000002,-0.095,0.005,0.024,-0.0196133,0.4903325,10.1400761,0.0499999970198,1.63976085186,-1.43999993801,-0.283203989267,88.3280792236,-1.01366591454,18.0345478058,0.0792582035065,97681.2683105,16.6499996185,-191.334716797,True
163.8,-0.059,0.004,0.018,-0.02941995,0.50013915,9.81645665,0.379999995232,1.63976085186,-1.41999995708,-0.283203989267,88.3280792236,-0.920325398445,18.0108566284,0.101999863982,97688.269043,16.6599998474,-188.276672363,True
163.9,-0.094,-0.001,0.021,-0.0392266,0.42168595,9.75761675,0.799999952316,1.63976085186,-1.37999999523,-0.283203989267,88.3280792236,-0.848434209824,17.9940376282,0.114678040147,97685.7299805,16.6599998474,-188.276672363,True
164.0,-0.07,-0.004,0.02,0.0,0.3726527,9.9439431,1.25999999046,-0.55421090126,-1.32999992371,-0.383418381214,87.5194320679,-0.747403860092,17.974861145,0.133293181658,97681.3415527,16.6700000763,-185.571105957,True
164.10000000000002,-0.055,-0.008,0.018,-0.02941995,0.18632635,9.85568325,1.69999992847,-0.55421090126,-1.27999997139,-0.383418381214,87.5194320679,-0.645445525646,17.9522743225,0.167796880007,97681.3415527,16.6800003052,-185.571105957,True
164.20000000000002,-0.055,-0.008,0.018,-0.02941995,0.18632635,9.85568325,2.21000003815,-0.55421090126,-1.19999992847,-0.383418381214,87.5194320679,-0.586463689804,17.9376163483,0.179276019335,97681.3415527,16.6999988556,-175.842102051,True
164.3,0.112,-0.013,0.048,0.00980665,0.2549729,10.18910935,2.73000001907,-0.55421090126,-1.13999998569,-0.383418381214,87.5194320679,-0.502945005894,17.9136734009,0.167522907257,97687.7258301,16.7199993134,-175.842102051,True
164.4,0.046,-0.023,0.082,0.22555295,0.50013915,10.89518815,3.13999986649,-0.359777003527,-1.11000001431,-0.224797219038,86.6039123535,-0.365392655134,17.8910160065,0.0656919926405,97683.1848145,16.7399997711,-175.524719238,True
164.5,0.046,-0.023,0.082,0.22555295,0.50013915,10.89518815,3.58999991417,-0.359777003527,-1.12999999523,-0.224797219038,86.6039123535,-0.269303649664,17.8920536041,-0.0164949148893,97683.1848145,16.75,-175.524719238,True
164.60000000000002,-0.188,-0.005,0.079,0.28439285,0.38245935,9.7085835,4.13999986649,-0.359777003527,-1.15999996662,-0.224797219038,86.6039123535,-0.170581921935,17.8804225922,-0.0117568746209,97683.1848145,16.75,-173.508071899,True
164.70000000000002,-0.071,-0.008,0.073,0.14709975,0.2941995,9.4732239,4.69999980927,-0.359777003527,-1.14999997616,-0.224797219038,86.6039123535,-0.0773261487484,17.8723449707,0.0211699046195,97685.3881836,16.75,-173.508071899,True
164.8,-0.054,-0.009,0.074,0.2941995,0.44129925,9.9831697,5.23999977112,-0.359777003527,-1.12000000477,-0.224797219038,86.6039123535,0.0177895817906,17.8631496429,0.0594350062311,97685.3881836,16.75,-174.131195068,True
164.9,-0.012,6.858022075230001e-18,0.056,0.1569064,0.3726527,9.63993695,5.92999982834,-2.40669560432,-1.07999992371,-0.0323205627501,84.5208587646,0.143462732434,17.8582324982,0.073766194284,97682.7575684,16.75,-174.131195068,True
165.0,0.025,-0.006,0.04,0.2157463,0.4314926,10.18910935,6.69999980927,-2.40669560432,-1.02999997139,-0.0323205627501,84.5208587646,0.246373549104,17.8475646973,0.108732752502,97682.7575684,16.7600002289,-170.569030762,True
165.10000000000002,0.03,-0.006,0.033,0.30400615,0.34323275,10.18910935,7.41999959946,-2.40669560432,-0.979999959469,-0.0323205627501,84.5208587646,0.426475405693,17.8396816254,0.0796301737428,97684.7473145,16.7700004578,-170.569030762,True
165.20000000000002,0.08,-0.009,0.029,0.16671305,0.36284605,10.13026945,8.22999954224,-2.11193132401,-0.959999978542,-0.0902065187693,83.5137557983,0.513753831387,17.8281726837,0.0737078115344,97686.6638184,16.7799987793,-165.189941406,True
165.3,0.08,-0.009,0.029,0.16671305,0.36284605,10.13026945,8.22999954224,-2.11193132401,-0.959999978542,-0.0902065187693,83.5137557983,0.560107290745,17.8215942383,0.07450158149,97686.6638184,16.7899990082,-165.189941406,True
165.4,0.125,-0.017,0.017,0.1372931,0.4707192,10.28717585,9.67000007629,-2.11193132401,-0.930000007153,-0.0902065187693,83.5137557983,0.707861125469,17.804189682,0.055891353637,97682.2998047,16.7999992371,-162.039001465,True
165.5,0.142,-0.019,0.004,0.2745862,0.22555295,10.48330885,10.3699998856,-2.11193132401,-0.909999966621,-0.0902065187693,83.5137557983,0.81797260046,17.7899456024,0.0144993280992,97685.369873,16.7999992371,-162.039001465,True
165.60000000000002,0.142,-0.019,0.004,0.2745862,0.22555295,10.48330885,10.9600000381,-0.201486051083,-0.919999957085,0.141280964017,83.0593109131,0.883400201797,17.7733573914,0.0180093608797,97685.369873,16.7999992371,-164.289474487,True
165.70000000000002,0.174,-0.01,0.013,0.2941995,0.3334261,10.34601575,11.4899997711,-0.201486051083,-0.899999976158,0.141280964017,83.0593109131,0.928066909313,17.769826889,0.0306344572455,97686.9812012,16.7999992371,-164.289474487,True
165.8,0.174,-0.01,0.013,0.2941995,0.3334261,10.34601575,11.9200000763,-0.201486051083,-0.889999985695,0.141280964017,83.0593109131,0.952940165997,17.7670059204,-0.0230360329151,97686.9812012,16.7999992371,-160.421936035,True
165.9,0.247,-0.012,0.031,0.392266,0.392266,10.30678915,12.2199993134,-0.201486051083,-0.930000007153,0.141280964017,83.0593109131,0.961970210075,17.7687778473,-0.0820039510727,97683.6608887,16.7999992371,-160.421936035,True
166.0,0.236,-0.016,0.03,0.36284605,0.4707192,10.69905515,12.4899997711,-0.201486051083,-0.949999988079,0.141280964017,83.0593109131,0.9400370121,17.7743968964,-0.152990013361,97683.6608887,16.7799987793,-160.502624512,True
166.10000000000002,0.236,-0.016,0.03,0.36284605,0.4707192,10.69905515,12.529999733,-0.201486051083,-1.01999998093,0.141280964017,83.0593109131,0.908978581429,17.7807598114,-0.199643373489,97684.3811035,16.7799987793,-160.502624512,True
166.20000000000002,0.101,-0.005,0.024,0.2745862,0.5099458,10.2381426,12.5500001907,6.98012828827,-1.09000003338,0.457560658455,82.3002090454,0.866431295872,17.7883815765,-0.224114611745,97683.4655762,16.75,-158.462524414,True
166.3,0.079,0.006,0.011,0.196133,0.38245935,9.87529655,12.4499998093,6.98012828827,-1.15999996662,0.457560658455,82.3002090454,0.774205386639,17.79712677,-0.226154729724,97684.6984863,16.7299995422,-158.462524414,True
166.4,0.079,0.006,0.011,0.196133,0.38245935,9.87529655,12.2899999619,6.98012828827,-1.20999991894,0.457560658455,82.3002090454,0.732131004333,17.8018913269,-0.209319218993,97684.6984863,16.6999988556,-162.645141602,True
166.5,0.049,0.001,0.003,0.20593965,0.2353596,9.44380395,12.1499996185,8.51719856262,-1.22000002861,0.414519697428,81.9190750122,0.647956848145,17.8100700378,-0.106910154223,97685.9130859,16.6800003052,-162.645141602,True
166.60000000000002,0.054,-0.001,0.026,0.196133,0.2941995,9.60071035,11.6799993515,8.51719856262,-1.15999996662,0.414519697428,81.9190750122,0.572049677372,17.8199806213,-0.0539577491581,97685.0036621,16.6599998474,-160.680969238,True
166.70000000000002,0.091,0.008,0.033,0.24516625,0.4903325,9.48303055,11.6799993515,8.51719856262,-1.15999996662,0.414519697428,81.9190750122,0.499411642551,17.8281345367,-0.0157056022435,97683.9538574,16.6499996185,-160.680969238,True
166.8,0.091,0.008,0.033,0.24516625,0.4903325,9.48303055,11.4499998093,9.6565656662,-1.11000001431,0.402295589447,81.5345230103,0.394643753767,17.8335914612,0.0891701430082,97683.9538574,16.6599998474,-165.06690979,True
166.9,0.061,0.018,0.016,0.12748645,0.588399,9.1005712,11.75,9.6565656662,-1.02999997139,0.402295589447,81.5345230103,0.350729167461,17.8355770111,0.147837609053,97683.0810547,16.6599998474,-165.06690979,True
167.0,-0.009,0.014,-0.012,0.30400615,0.59820565,9.14960445,11.529999733,9.6565656662,-0.909999966621,0.402295589447,81.5345230103,0.268253266811,17.8402385712,0.259948819876,97686.6210938,16.6800003052,-161.857025146,True
167.10000000000002,-0.044,-0.012,-0.016,0.16671305,0.79433865,10.4735022,11.6999998093,9.6565656662,-0.769999980927,0.402295589447,81.5345230103,0.208795264363,17.8535461426,0.301593214273,97686.6210938,16.6999988556,-161.857025146,True
167.20000000000002,0.031,0.035,-0.048,0.40207265,1.0198916,9.8851032,11.5,9.6565656662,-0.689999997616,0.402295589447,81.5345230103,0.168641149998,17.8612289429,0.286023259163,97682.4279785,16.7299995422,-166.216278076,True
167.3,-0.068,0.053,-0.13,0.36284605,0.93163175,9.5712904,13.9899997711,9.83023834229,-0.599999964237,-0.217230424285,81.8709869385,0.135171830654,17.8817272186,0.293209701777,97684.4604492,16.7700004578,-166.216278076,True
167.4,-0.039,0.052,-0.164,0.2745862,0.4511059,9.3555441,14.1199998856,9.83023834229,-0.509999990463,-0.217230424285,81.8709869385,0.0767783373594,17.9165287018,0.368910193443,97684.4604492,16.7999992371,-167.873382568,True
167.5,-0.039,0.052,-0.164,0.2745862,0.4511059,9.3555441,14.1099996567,9.83023834229,-0.370000004768,-0.217230424285,81.8709869385,0.0767783373594,17.9165287018,0.368910193443,97683.7890625,16.8299999237,-167.873382568,True
167.60000000000002,0.067,0.036,-0.121,0.48052585,0.4511059,9.610517,17.2399997711,9.83023834229,-0.209999993443,-0.217230424285,81.8709869385,-0.0446542240679,17.9992923737,0.482096493244,97687.310791,16.8699989319,-171.055984497,True
167.70000000000002,0.079,0.016,-0.106,0.4314926,0.5099458,9.3163175,17.2999992371,9.83023834229,-0.0399999991059,-0.217230424285,81.8709869385,-0.138329908252,18.0516147614,0.568888783455,97687.5854492,16.9200000763,-171.055984497,True
167.8,0.076,-0.002,-0.095,0.28439285,0.3334261,9.62032365,19.9799995422,10.5869207382,0.140000000596,-1.89473295212,85.4892807007,-0.239820584655,18.107793808,0.62088060379,97687.5854492,16.9699993134,-175.573547363,True
167.9,0.067,-0.004,-0.071,0.44129925,0.53936575,9.1594111,20.0599994659,10.5869207382,0.329999983311,-1.89473295212,85.4892807007,-0.336626172066,18.1600418091,0.696120917797,97687.3413086,17.0399990082,-175.573547363,True
168.0,0.067,-0.004,-0.071,0.44129925,0.53936575,9.1594111,20.1399993896,10.5869207382,0.569999992847,-1.89473295212,85.4892807007,-0.444422900677,18.2131214142,0.757161736488,97687.3413086,17.1000003815,-182.63168335,True
168.10000000000002,0.101,-0.017,-0.071,0.3530394,0.32361945,9.7674234,24.7199993134,10.5869207382,0.810000002384,-1.89473295212,85.4892807007,-0.567276895046,18.2608547211,0.819391548634,97687.7868652,17.1800003052,-182.63168335,True
168.20000000000002,0.145,-0.031,-0.08,0.392266,0.4118793,9.4339973,24.9200000763,12.4313879013,1.07999992371,-2.06343650818,87.0436553955,-0.670566320419,18.3055553436,0.85478413105,97688.0310059,17.2600002289,-195.306213379,True
168.3,0.236,-0.058,-0.096,0.44129925,0.40207265,10.52253545,25.0699996948,12.4313879013,1.33999991417,-2.06343650818,87.0436553955,-0.867651283741,18.373796463,0.797834157944,97692.0593262,17.4300003052,-204.294967651,True
168.4,0.236,-0.058,-0.096,0.44129925,0.40207265,10.52253545,29.5299987793,12.4313879013,1.54999995232,-2.06343650818,87.0436553955,-1.09238529205,18.4246501923,0.749266982079,97692.0593262,17.4300003052,-204.294967651,True
168.5,0.165,-0.092,-0.073,0.59820565,0.36284605,10.93441475,29.5399990082,15.9879293442,1.75,-1.28961920738,88.9544296265,-1.2757614851,18.4693393707,0.690866947174,97692.3278809,17.5200004578,-204.294967651,True
168.60000000000002,0.165,-0.092,-0.073,0.59820565,0.36284605,10.93441475,33.4300003052,15.9879293442,1.91999995708,-1.28961920738,88.9544296265,-1.58172976971,18.5325241089,0.615382790565,97692.3278809,17.5900001526,-215.465164185,True
168.70000000000002,0.373,-0.087,-0.084,0.5687857,0.2941995,11.05209455,33.5200004578,15.9879293442,2.08999991417,-1.28961920738,88.9544296265,-1.6817753315,18.5511703491,0.599731147289,97693.8598633,17.6599998474,-216.465179443,True
168.8,0.319,-0.113,-0.067,0.6472389,0.36284605,11.79739995,33.469997406,15.9879293442,2.27999997139,-1.28961920738,88.9544296265,-2.14353299141,18.6184558868,0.512333989143,97697.6379395,17.7099990845,-226.355560303,True
168.9,0.213,-0.121,-0.064,0.8237586,0.2941995,11.5130071,35.7299995422,15.9879293442,2.40999984741,-1.28961920738,88.9544296265,-2.62222552299,18.6622142792,0.39571428299,97698.3947754,17.7700004578,-226.355560303,True
169.0,0.205,-0.103,-0.065,0.65704555,0.59820565,9.7085835,35.4599990845,24.5573940277,2.5,0.187765523791,91.4157867432,-3.00858592987,18.6791496277,0.407784670591,97698.3947754,17.8099994659,-240.359313965,True
169.10000000000002,0.099,-0.093,-0.075,0.5099458,0.9610517,9.32612415,38.6399993896,24.5573940277,2.65999984741,0.187765523791,91.4157867432,-3.3579518795,18.6765327454,0.486634969711,97698.425293,17.8500003815,-240.359313965,True
169.20000000000002,0.099,-0.093,-0.075,0.5099458,0.9610517,9.32612415,38.5699996948,24.5573940277,2.87999987602,0.187765523791,91.4157867432,-3.46763372421,18.6796894073,0.519508123398,97698.425293,17.9400005341,-255.249023438,True
169.3,0.09,-0.103,-0.15,0.5687857,0.9022118,10.3754357,40.6199989319,24.5573940277,3.07999992371,0.187765523791,91.4157867432,-3.84666013718,18.6695461273,0.544758379459,97700.0915527,17.9400005341,-255.249023438,True
169.4,0.094,-0.111,-0.22,0.71588545,0.7453054,11.34629405,40.5599975586,27.4020366669,3.25,1.25839602947,93.9689483643,-4.23747158051,18.6561012268,0.513157963753,97703.8330078,17.9899997711,-265.920654297,True
169.5,0.155,-0.107,-0.265,0.8433719,0.69627215,11.03248125,40.3600006104,27.4020366669,3.41999983788,1.25839602947,93.9689483643,-4.81175899506,18.614692688,0.490140914917,97704.7485352,18.0399990082,-265.920654297,True
169.60000000000002,0.206,-0.1,-0.286,0.7256921,0.9218251,10.591182,43.9199981689,27.4020366669,3.76999998093,1.25839602947,93.9689483643,-5.25719213486,18.5637302399,0.496966660023,97703.0700684,18.1399993896,-272.271728516,True
169.70000000000002,0.33,-0.154,-0.284,0.784532,0.59820565,11.6699135,43.9199981689,31.3177452087,3.78999996185,0.685637950897,100.161979675,-5.72516155243,18.5028324127,0.481076151133,97699.0905762,18.1399993896,-272.271728516,True
169.8,0.255,-0.164,-0.292,0.79433865,0.8825985,10.83634825,44.5699996948,31.3177452087,3.97000002861,0.685637950897,100.161979675,-6.23991107941,18.4229679108,0.485942006111,97699.0905762,18.1800003052,-275.385284424,True
169.9,0.169,-0.169,-0.292,0.8825985,1.0002783,11.2972608,44.3099975586,31.3177452087,4.15000009537,0.685637950897,100.161979675,-6.67642116547,18.3495998383,0.488333493471,97712.0056152,18.2299995422,-274.385253906,True
170.0,0.176,-0.203,-0.309,1.0787315,0.87279185,12.20927925,43.9799995422,31.3177452087,4.34999990463,0.685637950897,100.161979675,-7.33429479599,18.2222995758,0.489877998829,97707.7087402,18.2799987793,-290.368652344,True
170.10000000000002,0.16,-0.242,-0.292,1.01008495,0.7256921,12.1406327,44.7700004578,36.9672203064,4.51999998093,0.311608910561,108.156692505,-7.9956445694,18.0673103333,0.430228620768,97697.9187012,18.3299999237,-290.368652344,True
170.20000000000002,0.15,-0.24,-0.26,1.12776475,0.85317855,12.42502555,44.7700004578,36.9672203064,4.65999984741,0.311608910561,108.156692505,-8.52399635315,17.9244213104,0.423221647739,97705.480957,18.3799991608,-314.30645752,True
170.3,0.245,-0.26,-0.238,1.32389775,0.8433719,13.5724036,44.7700004578,36.9672203064,4.83999967575,0.311608910561,108.156692505,-9.52294921875,17.6259651184,0.301158159971,97703.515625,18.4300003052,-314.30645752,True
170.4,0.234,-0.272,-0.23,1.34351105,0.9022118,12.944778,44.7599983215,36.9672203064,4.92999982834,0.311608910561,108.156692505,-10.0896539688,17.4169692993,0.25647059083,97712.2619629,18.4599990845,-303.585235596,True
170.5,0.234,-0.272,-0.23,1.34351105,0.9022118,12.944778,44.75,41.9870758057,5.00999975204,1.25206708908,116.071304321,-10.6957788467,17.1866779327,0.217905983329,97712.2619629,18.4799995422,-303.585235596,True
170.60000000000002,0.091,-0.284,-0.219,1.5102241,1.3337044,13.93524965,44.7399978638,41.9870758057,5.08999967575,1.25206708908,116.071304321,-11.7582473755,16.6995296478,0.0568347275257,97715.2404785,18.4899997711,-330.363464355,True
170.70000000000002,0.091,-0.284,-0.219,1.5102241,1.3337044,13.93524965,44.7299995422,41.9870758057,5.09999990463,1.25206708908,116.071304321,-12.4926233292,16.3219013214,-0.0404657423496,97715.2404785,18.5100002289,-330.363464355,True
170.8,0.028,-0.252,-0.292,1.61809725,1.26505785,11.95430635,44.7299995422,44.4989852905,5.10999965668,2.25689721107,123.199195862,-13.0284757614,16.0336589813,-0.0510479472578,97722.4914551,18.5100002289,-345.279510498,True
170.9,0.005,-0.235,-0.345,1.53964405,1.3140911,11.89546645,44.7399978638,44.4989852905,5.17999982834,2.25689721107,123.199195862,-13.7564582825,15.592997551,0.0142030445859,97719.5007324,18.5100002289,-344.27947998,True
171.0,0.017,-0.223,-0.386,1.6279039,1.16699135,11.0030613,44.75,44.4989852905,5.27999973297,2.25689721107,123.199195862,-14.3429365158,15.2134389877,0.0708521157503,97715.9606934,18.5100002289,-371.291168213,True
171.10000000000002,0.079,-0.228,-0.418,1.5102241,0.9414384,10.5715687,44.7599983215,44.4989852905,5.42000007629,2.25689721107,123.199195862,-14.7884531021,14.9263620377,0.204316020012,97718.8659668,18.5200004578,-371.291168213,True
171.20000000000002,0.079,-0.228,-0.418,1.5102241,0.9414384,10.5715687,44.7700004578,44.4989852905,5.84999990463,2.25689721107,123.199195862,-15.1316213608,14.6732263565,0.26861256361,97718.8659668,18.5900001526,-406.534973145,True
171.3,0.001,-0.29,-0.398,1.4513842,1.04931155,12.1798593,44.7700004578,45.5591850281,5.84999990463,-0.0255078747869,135.467697144,-16.0788860321,13.9173612595,0.383091449738,97719.3359375,18.5900001526,-406.534973145,True
171.4,-0.018,-0.346,-0.358,1.61809725,0.7649187,13.5724036,44.7700004578,45.5591850281,6.05999994278,-0.0255078747869,135.467697144,-16.5750427246,13.4748306274,0.384849667549,97716.8884277,18.6399993896,-424.744018555,True
171.5,-0.018,-0.346,-0.358,1.61809725,0.7649187,13.5724036,44.7700004578,45.5591850281,6.23999977112,-0.0255078747869,135.467697144,-17.0944499969,12.9827880859,0.358881801367,97716.8884277,18.6999988556,-424.744018555,True
171.60000000000002,0.009,-0.376,-0.312,1.5494507,0.8433719,14.1804159,44.7700004578,45.5591850281,6.39999961853,-0.0255078747869,135.467697144,-17.9522972107,12.0453891754,0.27902290225,97724.987793,18.7600002289,-445.133392334,True
171.70000000000002,-0.008,-0.399,-0.276,1.73577705,0.7453054,14.8276548,44.7700004578,45.685634613,6.52999973297,-0.156048476696,145.697616577,-18.5436515808,11.3018665314,0.19911070168,97725.1831055,18.7999992371,-445.133392334,True
171.8,-0.008,-0.399,-0.276,1.73577705,0.7453054,14.8276548,44.7599983215,45.685634613,6.61999988556,-0.156048476696,145.697616577,-18.7965431213,10.9434928894,0.13294044137,97725.1831055,18.8400001526,-445.033843994,True
171.9,0.011,-0.393,-0.234,1.8632635,0.73549875,14.6119085,44.75,45.685634613,6.64999961853,-0.156048476696,145.697616577,-19.6691436768,9.57832050323,-0.0761081650853,97720.3430176,18.8699989319,-446.033874512,True
172.0,0.011,-0.393,-0.234,1.8632635,0.73549875,14.6119085,44.7099990845,45.865524292,6.67000007629,1.78851735592,154.979049683,-20.0576915741,8.84932041168,-0.19242964685,97720.3430176,18.8799991608,-462.26348877,True
172.10000000000002,-0.061,-0.391,-0.229,1.55925735,1.24544455,14.4942287,43.2799987793,45.865524292,6.67000007629,1.78851735592,154.979049683,-20.5521144867,7.76340579987,-0.345986664295,97725.0976562,18.8799991608,-462.26348877,True
172.20000000000002,-0.091,-0.345,-0.258,1.569064,1.26505785,14.6119085,41.4399986267,45.865524292,6.60999965668,1.78851735592,154.979049683,-20.8414955139,7.03609657288,-0.432442218065,97725.0976562,18.859998703,-477.179138184,True
172.3,-0.08,-0.344,-0.29,1.6671305,1.2552512,14.58248855,39.6100006104,45.865524292,6.53999996185,1.78851735592,154.979049683,-21.1314678192,6.12635660172,-0.577157616615,97711.2182617,18.8299999237,-477.179138184,True
172.4,-0.08,-0.344,-0.29,1.6671305,1.2552512,14.58248855,34.7900009155,45.865524292,6.39999961853,1.78851735592,154.979049683,-21.3390827179,5.37052249908,-0.672154486179,97711.2182617,18.7799987793,-493.787780762,True
172.5,-0.05,-0.334,-0.322,1.40235095,0.77472535,13.72931,34.7799987793,45.865524292,6.25999975204,1.78851735592,154.979049683,-21.6257400513,4.08844995499,-0.743447184563,97715.0817871,18.7199993134,-493.787780762,True
172.60000000000002,-0.036,-0.348,-0.246,1.46119085,0.91201845,13.64105015,31.9699993134,45.7987823486,6.10999965668,3.89676809311,170.288040161,-21.7434101105,3.19172215462,-0.786719799042,97713.848877,18.6399993896,-495.332702637,True
172.70000000000002,-0.118,-0.338,-0.232,1.20621795,1.14737805,14.317709,28.9899997711,45.7987823486,5.94000005722,3.89676809311,170.288040161,-21.8271560669,2.23143577576,-0.899474322796,97719.8669434,18.5599994659,-495.332702637,True
172.8,-0.14,-0.323,-0.262,1.42196425,0.95124505,13.52337035,25.4499988556,45.7987823486,5.69999980927,3.89676809311,170.288040161,-21.8426017761,1.36011147499,-0.975727200508,97717.578125,18.4699993134,-497.653564453,True
172.9,-0.14,-0.323,-0.262,1.42196425,0.95124505,13.52337035,21.9200000763,45.7987823486,5.44000005722,3.89676809311,170.288040161,-21.7887821198,0.276532888412,-1.10009801388,97717.578125,18.3699989319,-497.653564453,True
173.0,-0.234,-0.26,-0.25,1.0395049,1.4317709,13.4743371,17.9400005341,43.5188598633,5.13000011444,5.63054895401,-178.993148804,-21.7151660919,-0.402903437614,-1.20637583733,97708.3496094,18.2600002289,-502.275665283,True
173.10000000000002,-0.24,-0.243,-0.28,0.91201845,1.50041745,14.121576,13.8099994659,43.5188598633,4.77999973297,5.63054895401,-178.993148804,-21.6062240601,-1.06138372421,-1.31700444221,97703.4973145,18.1399993896,-502.275665283,True
173.20000000000002,-0.398,-0.201,-0.298,0.7060788,1.4513842,12.85651815,9.5999994278,43.5188598633,4.36000013351,5.63054895401,-178.993148804,-21.4288139343,-1.82914245129,-1.45361673832,97706.8115234,18.0100002289,-489.047821045,True
173.3,-0.448,-0.202,-0.278,0.6864655,1.16699135,12.17005265,5.42000007629,43.5188598633,3.89999985695,5.63054895401,-178.993148804,-21.277961731,-2.38129067421,-1.51114094257,97706.3354492,17.859998703,-489.047821045,True
173.4,-0.461,-0.181,-0.265,0.7649187,0.9022118,12.60154525,1.56999993324,37.3566017151,3.38999986649,5.52327871323,-171.099014282,-20.9697227478,-3.27743983269,-1.63211357594,97698.9135742,17.6900005341,-475.94909668,True
173.5,-0.461,-0.181,-0.265,0.7649187,0.9022118,12.60154525,-2.22000002861,37.3566017151,2.91999983788,5.52327871323,-171.099014282,-20.8245162964,-3.62128376961,-1.70246005058,97698.9135742,17.5200004578,-475.94909668,True
173.60000000000002,-0.489,-0.115,-0.207,0.1765197,0.95124505,11.44436055,-5.69000005722,37.3566017151,2.36999988556,5.52327871323,-171.099014282,-20.4804954529,-4.2743639946,-1.7594858408,97687.4816895,17.3400001526,-462.85534668,True
173.70000000000002,-0.489,-0.115,-0.207,0.1765197,0.95124505,11.44436055,-8.65999984741,30.1142807007,1.87999999523,5.39732789993,-166.358047485,-20.2668685913,-4.59037733078,-1.78925454617,97687.4816895,17.1599998474,-462.85534668,True
173.8,-0.444,-0.053,-0.21,0.02941995,0.8825985,10.73828175,-13.75,30.1142807007,1.36000001431,5.39732789993,-166.358047485,-19.9934806824,-4.94614124298,-1.84329378605,97675.7324219,16.9599990845,-455.949981689,True
173.9,-0.425,-0.037,-0.195,-0.0196133,0.61781895,9.8458766,-13.75,30.1142807007,0.810000002384,5.39732789993,-166.358047485,-19.7547798157,-5.21223592758,-1.79996073246,97684.4482422,16.75,-455.949981689,True
174.0,-0.391,-0.029,-0.17,-0.08825985,0.59820565,10.1793027,-15.8699998856,30.1142807007,0.299999982119,5.39732789993,-166.358047485,-19.5544052124,-5.39425849915,-1.78312301636,97672.833252,16.5399990082,-423.613922119,True
174.10000000000002,-0.391,-0.029,-0.17,-0.08825985,0.59820565,10.1793027,-17.7299995422,20.8501224518,-0.219999998808,4.73473978043,-161.357376099,-19.4592456818,-5.49091768265,-1.77375626564,97672.833252,16.3299999237,-423.613922119,True
174.20000000000002,-0.437,-0.024,-0.106,-0.20593965,0.75511205,9.81645665,-17.7299995422,20.8501224518,-0.219999998808,4.73473978043,-161.357376099,-19.1690273285,-5.71357917786,-1.75480461121,97668.9880371,16.3299999237,-423.613922119,True
174.3,-0.423,0.01,-0.071,-0.2941995,0.7060788,9.85568325,-20.8099994659,20.8501224518,-1.25999999046,4.73473978043,-161.357376099,-18.8273773193,-5.90136528015,-1.7323114872,97665.7409668,15.9200000763,-408.174499512,True
174.4,-0.423,0.01,-0.071,-0.2941995,0.7060788,9.85568325,-22.0,20.8501224518,-1.77999997139,4.73473978043,-161.357376099,-18.5973396301,-5.95851278305,-1.68920636177,97665.7409668,15.7100000381,-372.613342285,True
174.5,-0.471,0.033,-0.042,-0.42168595,0.77472535,9.52225715,-22.9699993134,20.8501224518,-2.27999997139,4.73473978043,-161.357376099,-18.4601154327,-5.96928739548,-1.6581710577,97661.1022949,15.5,-372.613342285,True
174.60000000000002,-0.463,0.055,-0.044,-0.32361945,0.71588545,9.40457735,-23.75,8.87580680847,-2.77999997139,4.22259521484,-158.783508301,-18.3028411865,-5.93084335327,-1.59959077835,97655.8410645,15.2999992371,-339.635864258,True
174.70000000000002,-0.496,0.083,-0.047,-0.34323275,0.67665885,9.22805765,-24.2799987793,8.87580680847,-3.23000001907,4.22259521484,-158.783508301,-18.1701316833,-5.86521959305,-1.53386950493,97656.0668945,15.0999994278,-339.635864258,True
174.8,-0.496,0.083,-0.047,-0.34323275,0.67665885,9.22805765,-24.6399993896,8.87580680847,-3.65999984741,4.22259521484,-158.783508301,-18.1002540588,-5.79945898056,-1.48483765125,97656.0668945,14.9099998474,-321.891784668,True
174.9,-0.354,0.098,-0.045,-0.36284605,0.5295591,8.60043205,-24.8699989319,8.87580680847,-4.06999969482,4.22259521484,-158.783508301,-17.9717693329,-5.63183736801,-1.32052052021,97651.0742188,14.7199993134,-321.891784668,True
175.0,-0.35,0.095,-0.034,-0.42168595,0.44129925,8.4533323,-24.9899997711,8.87580680847,-4.40999984741,4.22259521484,-158.783508301,-17.8921546936,-5.46553993225,-1.13070464134,97644.732666,14.5499992371,-292.585388184,True
175.10000000000002,-0.29,0.08,-9.797174393180001e-18,-0.38245935,0.28439285,7.99241975,-25.0499992371,-3.01857852936,-4.71000003815,1.87631917,-157.579544067,-17.8403072357,-5.31746816635,-0.955895364285,97643.6706543,14.3999996185,-292.585388184,True
175.20000000000002,-0.235,0.074,0.034,-0.3726527,0.3334261,7.7864801,-25.0199985504,-3.01857852936,-4.92999982834,1.87631917,-157.579544067,-17.8058357239,-5.19499349594,-0.789393723011,97643.6706543,14.2699995041,-269.40020752,True
175.3,-0.235,0.074,0.034,-0.3726527,0.3334261,7.7864801,-24.9599990845,-3.01857852936,-5.09999990463,1.87631917,-157.579544067,-17.7869911194,-5.09490919113,-0.665025949478,97643.6706543,14.1499996185,-269.40020752,True
175.4,-0.238,0.066,0.091,-0.4511059,0.24516625,8.34545915,-24.8299999237,-7.99058389664,-5.23999977112,0.353892058134,-157.920516968,-17.7574901581,-4.80285215378,-0.388230592012,97639.2089844,14.0499992371,-250.638000488,True
175.5,-0.198,0.074,0.105,-0.44129925,0.26477955,7.71783355,-24.609998703,-7.99058389664,-5.34999990463,0.353892058134,-157.920516968,-17.7522964478,-4.61262655258,-0.158783912659,97637.3718262,13.9699993134,-250.638000488,True
175.60000000000002,-0.198,0.074,0.105,-0.44129925,0.26477955,7.71783355,-24.3400001526,-7.99058389664,-5.38000011444,0.353892058134,-157.920516968,-17.751663208,-4.53334665298,-0.0537924282253,97637.3718262,13.8999996185,-235.932922363,True
175.70000000000002,-0.162,0.046,0.116,-0.40207265,0.2353596,8.8063717,-24.0,-7.99058389664,-5.34999990463,0.353892058134,-157.920516968,-17.7650489807,-4.22990512848,0.220171958208,97640.234375,13.8699998856,-235.932922363,True
175.8,-0.174,0.029,0.122,-0.4118793,0.40207265,8.63965865,-23.5499992371,-12.118350029,-5.28999996185,-1.35796320438,-160.04460144,-17.7948551178,-3.94852375984,0.415063768625,97635.6567383,13.8499994278,-214.016906738,True
175.9,-0.156,0.009,0.121,-0.40207265,0.2157463,9.1397978,-23.0100002289,-12.118350029,-5.21999979019,-1.35796320438,-160.04460144,-17.8212680817,-3.75047445297,0.530465900898,97636.8103027,13.8599996567,-214.016906738,True
176.0,-0.156,0.009,0.121,-0.40207265,0.2157463,9.1397978,-22.3999996185,-12.118350029,-5.13000011444,-1.35796320438,-160.04460144,-17.8434123993,-3.60394954681,0.614423215389,97636.8103027,13.8800001144,-211.158172607,True
176.10000000000002,-0.112,1.69001258282e-17,0.138,-0.30400615,0.24516625,9.03192465,-21.6800003052,-12.118350029,-5.0,-1.35796320438,-160.04460144,-17.8892593384,-3.33809709549,0.730143368244,97638.9953613,13.9099998474,-211.158172607,True
176.20000000000002,-0.137,-0.02,0.154,-0.28439285,0.18632635,9.65955025,-20.8799991608,-14.977725029,-4.90000009537,-2.21590089798,-162.717758179,-17.9410247803,-3.05879855156,0.785013914108,97637.6220703,13.9499998093,-205.180938721,True
176.3,-0.091,-0.009,0.196,-0.28439285,0.14709975,9.93413645,-19.9200000763,-14.977725029,-4.78999996185,-2.21590089798,-162.717758179,-18.0344734192,-2.5833735466,0.864361464977,97638.873291,14.0,-205.180938721,True
176.4,-0.092,-0.013,0.219,-0.20593965,0.26477955,9.63993695,-18.9200000763,-14.977725029,-4.67999982834,-2.21590089798,-162.717758179,-18.0840606689,-2.33769369125,0.917887806892,97640.1794434,14.0499992371,-202.07043457,True
176.5,-0.045,-0.006,0.22,-0.2157463,0.2549729,9.4928372,-17.7799987793,-16.8518295288,-4.53999996185,-2.89682912827,-166.187988281,-18.1603393555,-1.96139228344,1.01837611198,97641.0461426,14.1099996567,-202.07043457,True
176.60000000000002,-0.045,-0.006,0.22,-0.2157463,0.2549729,9.4928372,-16.5599994659,-16.8518295288,-4.38000011444,-2.89682912827,-166.187988281,-18.2171993256,-1.64933025837,1.14328658581,97641.0461426,14.1799993515,-201.177398682,True
176.70000000000002,-0.072,-0.033,0.196,-0.18632635,0.20593965,9.6889702,-15.2999992371,-16.8518295288,-4.15999984741,-2.89682912827,-166.187988281,-18.2665977478,-1.39129161835,1.2255320549,97645.1599121,14.25,-201.177398682,True
176.8,-0.048,-0.035,0.182,-0.22555295,0.24516625,9.5516771,-13.9399995804,-16.8518295288,-3.92999982834,-2.89682912827,-166.187988281,-18.3382968903,-1.00433027744,1.3543201685,97644.2504883,14.3400001526,-207.481201172,True
176.9,-0.011,-0.038,0.184,-0.0784532,0.20593965,9.18883105,-12.4799995422,-17.935968399,-3.65999984741,-3.82376790047,-171.293197632,-18.3880081177,-0.679440557957,1.47350275517,97644.2504883,14.4399995804,-207.481201172,True
177.0,-0.019,-0.033,0.179,-0.196133,0.2549729,9.24767095,-10.9799995422,-17.935968399,-3.3599998951,-3.82376790047,-171.293197632,-18.4283161163,-0.424697160721,1.55685794353,97653.1799316,14.5599994659,-215.879638672,True
177.10000000000002,0.015,-0.048,0.181,-0.06864655,0.1176798,9.3947707,-9.4299993515,-17.935968399,-3.02999997139,-3.82376790047,-171.293197632,-18.4730701447,-0.124622970819,1.69330382347,97649.6948242,14.6799993515,-215.879638672,True
177.20000000000002,0.095,-0.058,0.184,-0.14709975,0.18632635,10.14988275,-7.84999990463,-17.935968399,-2.64999985695,-3.82376790047,-171.293197632,-18.5251216888,0.261205285788,1.77876448631,97657.1472168,14.8299999237,-221.269805908,True
177.3,0.084,-0.073,0.201,-0.0980665,0.18632635,10.71866845,-6.17000007629,-17.935968399,-2.27999997139,-3.82376790047,-171.293197632,-18.5640449524,0.529709041119,1.78950870037,97658.9660645,14.9899997711,-221.269805908,True
177.4,0.044,-0.094,0.216,0.1176798,0.34323275,11.5326204,-4.32999992371,-16.8485355377,-1.92999994755,-4.14074611664,-176.479431152,-18.610086441,0.873623251915,1.74864816666,97658.9660645,15.1499996185,-224.727813721,True
177.5,0.068,-0.101,0.217,0.1569064,0.4314926,12.1798593,-2.39999985695,-16.8485355377,-1.62000000477,-4.14074611664,-176.479431152,-18.6567268372,1.24999761581,1.63204228878,97659.3933105,15.3099994659,-224.727813721,True
177.60000000000002,0.056,-0.095,0.179,0.0784532,0.32361945,12.17005265,-0.179999992251,-16.8485355377,-1.37000000477,-4.14074611664,-176.479431152,-18.6923065186,1.62675344944,1.49407351017,97667.0471191,15.4699993134,-213.983535767,True
177.70000000000002,0.051,-0.095,0.157,0.10787315,0.4903325,11.73856005,2.07999992371,-15.5707769394,-1.15999996662,-3.54047775269,179.255493164,-18.7294311523,2.08024692535,1.3368948698,97667.0471191,15.6099996567,-213.983535767,True
177.8,0.067,-0.092,0.124,0.08825985,0.22555295,11.8072066,4.36999988556,-15.5707769394,-0.969999969006,-3.54047775269,179.255493164,-18.741437912,2.36300134659,1.23359334469,97668.1396484,15.7299995422,-227.094848633,True
177.9,0.088,-0.096,0.108,0.14709975,0.196133,11.93469305,8.86999988556,-15.5707769394,-0.680000007153,-3.54047775269,179.255493164,-18.7464599609,2.71508479118,1.1177457571,97668.6950684,15.8399991989,-227.094848633,True
178.0,0.142,-0.088,0.112,0.1372931,0.3138128,12.160246,8.86999988556,-15.5707769394,-0.680000007153,-3.54047775269,179.255493164,-18.7466259003,2.98258113861,0.990992069244,97670.4589844,15.9399995804,-241.256530762,True
178.10000000000002,0.201,-0.095,0.111,0.24516625,0.0980665,12.2975391,11.0399999619,-13.0183668137,-0.610000014305,-2.06570959091,175.29447937,-18.7383785248,3.37261509895,0.785881459713,97678.326416,16.0299987793,-241.256530762,True
178.20000000000002,0.254,-0.082,0.131,0.2549729,0.22555295,11.71894675,13.1300001144,-13.0183668137,-0.599999964237,-2.06570959091,175.29447937,-18.7103347778,3.65277767181,0.593571484089,97677.6794434,16.0900001526,-247.262954712,True
178.3,0.289,-0.077,0.135,0.16671305,0.1176798,11.42474725,15.0899991989,-13.0183668137,-0.599999964237,-2.06570959091,175.29447937,-18.6811523438,3.85327339172,0.481338530779,97677.6794434,16.1499996185,-247.262954712,True
178.4,0.275,-0.08,0.131,0.0392266,0.3138128,11.1403544,16.8199996948,-13.0183668137,-0.599999964237,-2.06570959091,175.29447937,-18.6276531219,4.14380598068,0.346469938755,97679.9194336,16.2299995422,-264.385986328,True
178.5,0.275,-0.08,0.131,0.0392266,0.3138128,11.1403544,18.4099998474,-7.3236489296,-0.599999964237,-0.750805795193,172.018676758,-18.5884456635,4.30849742889,0.193101033568,97679.9194336,16.2299995422,-264.385986328,True
178.60000000000002,0.296,-0.054,0.111,0.0980665,0.14709975,11.64049355,19.7999992371,-7.3236489296,-0.659999966621,-0.750805795193,172.018676758,-18.5544300079,4.41743278503,0.0705573484302,97674.7070312,16.25,-271.640197754,True
178.70000000000002,0.29,-0.039,0.109,0.04903325,0.14709975,11.2188076,21.0200004578,-7.3236489296,-0.740000009537,-0.750805795193,172.018676758,-18.5160560608,4.50023508072,-0.0397278741002,97681.3903809,16.2600002289,-271.640197754,True
178.8,0.246,-0.036,0.109,-0.02941995,0.28439285,10.6304086,22.9799995422,-1.31054663658,-0.939999997616,0.15633417666,169.461837769,-18.4643592834,4.57596635818,-0.155067577958,97677.4353027,16.2399997711,-270.636749268,True
178.9,0.246,-0.036,0.109,-0.02941995,0.28439285,10.6304086,22.9799995422,-1.31054663658,-0.939999997616,0.15633417666,169.461837769,-18.3976516724,4.6320438385,-0.203924879432,97677.4353027,16.2399997711,-270.636749268,True
179.0,0.229,-0.017,0.053,0.02941995,0.22555295,10.7284751,23.7600002289,-1.31054663658,-1.01999998093,0.15633417666,169.461837769,-18.351556778,4.65756607056,-0.241232976317,97678.527832,16.2199993134,-273.237609863,True
179.10000000000002,0.19,2.6942229581200003e-18,0.022,0.0588399,0.4511059,9.81645665,24.4799995422,-1.31054663658,-1.11000001431,0.15633417666,169.461837769,-18.2849807739,4.67006111145,-0.268037796021,97676.965332,16.1900005341,-273.237609863,True
179.20000000000002,0.19,2.6942229581200003e-18,0.022,0.0588399,0.4511059,9.81645665,25.109998703,3.31660842896,-1.17999994755,0.45872938633,168.004318237,-18.2815570831,4.66937351227,-0.269045799971,97676.965332,16.1700000763,-269.561584473,True
179.3,0.238,-0.005,-0.021,0.0588399,0.3334261,10.36562905,25.6199989319,3.31660842896,-1.25,0.45872938633,168.004318237,-18.2174663544,4.62113332748,-0.334369450808,97681.1950684,16.1399993896,-269.561584473,True
179.4,0.231,0.009,-0.026,0.00980665,0.46091255,9.91452315,26.0699996948,3.31660842896,-1.35000002384,0.45872938633,168.004318237,-18.1981506348,4.58041524887,-0.343572050333,97680.2734375,16.1199989319,-259.756652832,True
179.5,0.207,-4.8985871965900006e-18,-0.04,-0.0392266,0.2745862,9.9635564,26.3699989319,7.39305925369,-1.41999995708,0.475135058165,168.115020752,-18.1732387543,4.48600435257,-0.332887679338,97679.4189453,16.0900001526,-259.756652832,True
179.60000000000002,0.207,-4.8985871965900006e-18,-0.04,-0.0392266,0.2745862,9.9635564,26.6800003052,7.39305925369,-1.4699999094,0.475135058165,168.115020752,-18.1500396729,4.3798251152,-0.319424450397,97679.4189453,16.0599994659,-256.293304443,True
179.70000000000002,0.255,0.001,-0.052,-0.02941995,0.4118793,10.03220295,26.7799987793,7.39305925369,-1.5,0.475135058165,168.115020752,-18.1409778595,4.30789661407,-0.310344606638,97678.527832,16.0399990082,-257.293334961,True
179.8,0.192,0.004,-0.076,0.0,0.4511059,9.67916355,27.6999988556,7.39305925369,-1.53999996185,0.475135058165,168.115020752,-18.1295681,4.11332130432,-0.286069184542,97677.7526855,16.0200004578,-253.125183105,True
179.9,0.158,-0.001,-0.079,-0.04903325,0.196133,9.87529655,27.6700000763,7.39305925369,-1.54999995232,0.475135058165,168.115020752,-18.1234912872,3.98319149017,-0.246984273195,97673.046875,16.0,-252.125167847,True
180.0,0.134,0.004,-0.073,0.06864655,0.3334261,9.58109705,27.5100002289,12.9254655838,-1.54999995232,0.166200697422,169.344696045,-18.1211700439,3.79856395721,-0.191833823919,97677.1057129,15.9899997711,-238.421447754,True
180.10000000000002,0.117,0.005,-0.064,0.10787315,0.48052585,9.414384,28.8400001526,12.9254655838,-1.51999998093,0.166200697422,169.344696045,-18.1323623657,3.57478570938,-0.113892130554,97677.5695801,15.9799995422,-238.421447754,True
180.20000000000002,0.128,0.007,-0.076,0.10787315,0.3530394,9.4928372,28.6899986267,12.9254655838,-1.48000001907,0.166200697422,169.344696045,-18.1532173157,3.3798930645,-0.0434803888202,97677.5695801,15.9799995422,-241.041946411,True
180.3,0.106,0.001,-0.081,0.00980665,0.4707192,9.65955025,30.0,12.9254655838,-1.41999995708,0.166200697422,169.344696045,-18.1799888611,3.13808035851,0.0519017837942,97677.4597168,15.9799995422,-241.041946411,True
180.4,0.132,0.008,-0.083,0.16671305,0.61781895,9.6889702,29.7799987793,16.4109172821,-1.33999991417,-0.424591302872,171.080749512,-18.1993904114,2.96918344498,0.0940602943301,97677.4597168,15.9899997711,-231.684112549,True
180.5,0.186,0.005,-0.106,0.1569064,0.75511205,9.6889702,32.4399986267,16.4109172821,-1.25,-0.424591302872,171.080749512,-18.238161087,2.69879317284,0.143344521523,97678.6132812,16.0100002289,-231.684112549,True
180.60000000000002,0.186,0.005,-0.106,0.1569064,0.75511205,9.6889702,32.2599983215,16.4109172821,-1.14999997616,-0.424591302872,171.080749512,-18.2757720947,2.46054363251,0.19145937264,97678.6132812,16.0399990082,-234.053619385,True
180.70000000000002,0.153,-0.017,-0.152,0.1569064,0.6668522,9.83606995,32.0499992371,16.4109172821,-1.03999996185,-0.424591302872,171.080749512,-18.2982025146,2.30826807022,0.211732894182,97679.8156738,16.0699996948,-234.053619385,True
180.8,0.153,-0.017,-0.152,0.1569064,0.6668522,9.83606995,34.0900001526,19.8979988098,-0.919999957085,-1.03960704803,173.116516113,-18.3504219055,1.92245256901,0.296274632215,97679.8156738,16.1000003815,-236.731719971,True
180.9,0.205,-0.015,-0.169,0.1765197,0.61781895,9.60071035,33.7999992371,19.8979988098,-0.77999997139,-1.03960704803,173.116516113,-18.3752670288,1.75369119644,0.34442949295,97681.8115234,16.1399993896,-236.731719971,True
181.0,0.205,-0.015,-0.169,0.1765197,0.61781895,9.60071035,37.9199981689,19.8979988098,-0.569999992847,-1.03960704803,173.116516113,-18.4348869324,1.33340334892,0.473116129637,97681.8115234,16.1900005341,-232.140350342,True
181.10000000000002,0.221,-0.063,-0.172,0.2745862,0.53936575,9.99297635,37.7700004578,19.8979988098,-0.359999984503,-1.03960704803,173.116516113,-18.4844989777,1.01021635532,0.562699973583,97684.1918945,16.25,-232.140350342,True
181.20000000000002,0.21,-0.071,-0.179,0.12748645,0.46091255,10.198916,37.5900001526,25.1224441528,-0.0999999940395,-1.95603895187,177.511306763,-18.5273513794,0.641768991947,0.634935438633,97683.2641602,16.3199996948,-233.696746826,True
181.3,0.21,-0.086,-0.181,0.3334261,0.6668522,10.4538889,38.3299980164,25.1224441528,0.149999991059,-1.95603895187,177.511306763,-18.5668582916,0.254471689463,0.684325575829,97684.1674805,16.3999996185,-233.696746826,True
181.4,0.19,-0.088,-0.195,0.38245935,0.59820565,10.0223963,37.9500007629,25.1224441528,0.409999996424,-1.95603895187,177.511306763,-18.6076869965,-0.161315664649,0.744051575661,97688.2629395,16.4899997711,-237.233917236,True
181.5,0.178,-0.114,-0.197,0.42168595,0.5295591,10.03220295,41.4399986267,25.1224441528,0.699999988079,-1.95603895187,177.511306763,-18.6360397339,-0.485846012831,0.827641248703,97685.0524902,16.5799999237,-237.233917236,True
181.60000000000002,0.178,-0.114,-0.197,0.42168595,0.5295591,10.03220295,41.2099990845,30.5423965454,1.01999998093,-1.95603895187,177.511306763,-18.6593513489,-0.853727340698,0.895247876644,97685.0524902,16.6800003052,-247.094909668,True
181.70000000000002,0.207,-0.148,-0.219,0.5295591,0.55897905,10.71866845,41.7799987793,30.5423965454,1.37000000477,-2.07191967964,-176.978439331,-18.6983547211,-1.50418269634,0.970759928226,97688.7084961,16.7799987793,-247.094909668,True
181.8,0.207,-0.148,-0.219,0.5295591,0.55897905,10.71866845,41.3999977112,30.5423965454,1.68999993801,-2.07191967964,-176.978439331,-18.7047405243,-1.71825528145,0.9896068573,97688.7084961,16.8899993896,-248.199081421,True
181.9,0.257,-0.169,-0.22,0.51975245,0.95124505,10.591182,40.9300003052,33.8825759888,2.02999997139,-1.83157241344,-172.348815918,-18.7008018494,-2.55065584183,1.06075179577,97692.9443359,17.0,-248.199081421,True
182.0,0.257,-0.169,-0.22,0.51975245,0.95124505,10.591182,43.9099998474,33.8825759888,2.37999987602,-1.83157241344,-172.348815918,-18.6866607666,-3.07512497902,1.09361708164,97695.0622559,17.2299995422,-259.119018555,True
182.10000000000002,0.146,-0.201,-0.243,0.63743225,0.7453054,11.28745415,43.0299987793,33.8825759888,3.04999995232,-1.83157241344,-172.348815918,-18.6579017639,-3.42446780205,1.10988390446,97691.027832,17.359998703,-265.677459717,True
182.20000000000002,0.17,-0.228,-0.254,0.73549875,0.4707192,12.2190859,43.0299987793,33.8825759888,3.05999994278,-1.83157241344,-172.348815918,-18.5688858032,-4.29016590118,1.11627542973,97700.6835938,17.359998703,-265.677459717,True
182.3,0.17,-0.228,-0.254,0.73549875,0.4707192,12.2190859,44.0400009155,33.8825759888,3.39999985695,-1.83157241344,-172.348815918,-18.5318145752,-4.55348062515,1.11428821087,97700.6835938,17.4799995422,-265.677459717,True
182.4,0.039,-0.249,-0.229,0.8433719,0.73549875,12.18966595,43.3199996948,38.0885276794,3.69999980927,-0.881270885468,-163.429748535,-18.4164981842,-5.20994520187,1.08627033234,97704.2724609,17.6000003815,-271.704864502,True
182.5,0.011,-0.271,-0.238,0.9218251,0.97085835,12.7290317,44.7700004578,38.0885276794,3.99000000954,-0.881270885468,-163.429748535,-18.2203330994,-6.12316417694,1.04028975964,97708.2397461,17.7099990845,-271.704864502,True
182.60000000000002,0.112,-0.28,-0.254,1.01008495,0.87279185,13.28801075,44.3999977112,38.0885276794,4.26999998093,-0.881270885468,-163.429748535,-17.9984989166,-6.95868825912,0.928194642067,97710.3088379,17.8299999237,-332.436767578,True
182.70000000000002,0.112,-0.28,-0.254,1.01008495,0.87279185,13.28801075,44.4199981689,38.9249687195,4.52999973297,0.355750828981,-157.174530029,-17.8711795807,-7.38451099396,0.861093580723,97710.3088379,18.0399990082,-343.204101562,True
182.8,0.055,-0.288,-0.257,1.18660465,0.8629852,13.7489233,43.5599975586,38.9249687195,4.73999977112,0.355750828981,-157.174530029,-17.5050640106,-8.37498283386,0.65710157156,97719.2138672,18.0399990082,-343.204101562,True
182.9,0.037,-0.282,-0.289,1.28467115,1.0395049,13.68027675,42.5400009155,38.9249687195,4.88999986649,0.355750828981,-157.174530029,-17.2712688446,-8.95048809052,0.554949164391,97713.2263184,18.1299991608,-343.204101562,True
183.0,0.066,-0.271,-0.294,1.32389775,0.9218251,13.2782041,44.7599983215,38.9249687195,5.03999996185,0.355750828981,-157.174530029,-16.9498291016,-9.65114974976,0.438712567091,97703.9794922,18.2099990845,-345.72277832,True
183.10000000000002,0.059,-0.273,-0.315,1.1964113,0.99047165,12.7290317,44.1100006104,38.9249687195,5.17999982834,0.355750828981,-157.174530029,-16.5916843414,-10.3368339539,0.361468523741,97717.3400879,18.2799987793,-345.72277832,True
183.20000000000002,0.065,-0.289,-0.304,1.28467115,0.83356525,12.85651815,43.0,40.8228912354,5.44999980927,1.36250030994,-146.970413208,-16.0498657227,-11.2538280487,0.283183217049,97707.0617676,18.3699989319,-349.345977783,True
183.3,0.065,-0.289,-0.304,1.28467115,0.83356525,12.85651815,43.0,40.8228912354,5.44999980927,1.36250030994,-146.970413208,-15.8635892868,-11.5419273376,0.25600656867,97707.0617676,18.3699989319,-349.345977783,True
183.4,0.068,-0.298,-0.271,1.3533177,0.8825985,13.09187775,41.7599983215,40.8228912354,5.55999994278,1.36250030994,-146.970413208,-15.299829483,-12.3430204391,0.176030218601,97715.2893066,18.3999996185,-354.050628662,True
183.5,0.033,-0.305,-0.243,1.3533177,0.87279185,12.87613145,44.1699981689,42.5294036865,5.6299996376,2.02071237564,-139.147613525,-14.8050231934,-12.9785289764,0.148592874408,97709.8266602,18.4300003052,-354.050628662,True
183.60000000000002,-0.01,-0.304,-0.237,1.4709975,1.02969825,13.01342455,43.0900001526,42.5294036865,5.73000001907,2.02071237564,-139.147613525,-14.176024437,-13.7166233063,0.104856662452,97715.9423828,18.4499988556,-347.91317749,True
183.70000000000002,-0.01,-0.3,-0.239,1.46119085,1.01008495,12.93497135,42.8099975586,42.5294036865,5.80999994278,2.02071237564,-139.147613525,-13.6204156876,-14.3022298813,0.0540163442492,97715.9423828,18.4699993134,-347.91317749,True
183.8,-0.032,-0.305,-0.243,1.59848395,0.8433719,13.24878415,41.5799980164,42.5294036865,5.85999965668,2.02071237564,-139.147613525,-13.1583042145,-14.7512254715,0.0156145393848,97714.654541,18.4799995422,-350.974853516,True
183.9,-0.032,-0.305,-0.243,1.59848395,0.8433719,13.24878415,41.5799980164,42.5294036865,5.85999965668,2.02071237564,-139.147613525,-13.1583042145,-14.7512254715,0.0156145393848,97714.654541,18.4799995422,-350.974853516,True
184.0,-0.007,-0.299,-0.261,1.6867438,0.99047165,13.2585908,41.5099983215,43.3894882202,5.86999988556,4.01967811584,-126.843185425,-11.7641048431,-15.9180698395,-0.168084636331,97719.317627,18.4799995422,-350.318725586,True
184.10000000000002,-0.008,-0.296,-0.268,1.569064,1.30428445,13.0624578,40.1299972534,43.3894882202,5.85999965668,4.01967811584,-126.843185425,-11.5185699463,-16.1135787964,-0.190123394132,97713.458252,18.4799995422,-350.318725586,True
184.20000000000002,-0.032,-0.295,-0.294,1.59848395,1.0002783,13.3566573,40.2999992371,43.3894882202,5.81999969482,4.01967811584,-126.843185425,-10.426235199,-16.8407993317,-0.293239951134,97710.1867676,18.4300003052,-351.141723633,True
184.3,-0.041,-0.294,-0.297,1.6867438,0.85317855,13.26839745,38.8199996948,43.3894882202,5.76999998093,4.01967811584,-126.843185425,-10.1632127762,-16.9981899261,-0.309326440096,97712.0117188,18.4300003052,-351.141723633,True
184.4,-0.063,-0.298,-0.3,1.5886773,1.0002783,13.0036179,37.2099990845,43.6841201782,5.69999980927,4.41620874405,-120.062759399,-9.19068241119,-17.5337963104,-0.378933906555,97717.7429199,18.3899993896,-354.025848389,True
184.5,-0.003,-0.302,-0.302,1.7063571,0.8433719,13.30762405,37.7399978638,43.6841201782,5.61999988556,4.41620874405,-120.062759399,-8.45450878143,-17.8856506348,-0.441713064909,97708.4106445,18.3500003815,-354.025848389,True
184.60000000000002,-0.026,-0.312,-0.283,1.6279039,0.93163175,13.38607725,35.9799995422,43.6841201782,5.51999998093,4.41620874405,-120.062759399,-7.68598985672,-18.1986885071,-0.518034398556,97708.4106445,18.2999992371,-336.217102051,True
184.70000000000002,-0.069,-0.301,-0.272,1.3140911,1.28467115,13.01342455,35.0400009155,43.790145874,5.38999986649,4.88039064407,-109.589797974,-6.92268419266,-18.4700832367,-0.579490661621,97708.1726074,18.25,-336.217102051,True
184.8,-0.097,-0.303,-0.293,1.42196425,1.0787315,13.2193642,32.9899978638,43.790145874,5.25,4.88039064407,-109.589797974,-6.15131902695,-18.6911220551,-0.646642625332,97709.4726562,18.1900005341,-337.151153564,True
184.9,-0.105,-0.302,-0.3,1.40235095,1.02969825,13.1212977,31.7199993134,43.790145874,5.07999992371,4.88039064407,-109.589797974,-5.22950458527,-18.907169342,-0.727845966816,97709.4726562,18.1199989319,-337.151153564,True
185.0,-0.105,-0.302,-0.3,1.40235095,1.02969825,13.1212977,29.359998703,43.790145874,4.84999990463,4.88039064407,-109.589797974,-5.08861684799,-18.9373321533,-0.732808589935,97703.1311035,17.9499988556,-323.222167969,True
185.10000000000002,-0.227,-0.282,-0.266,1.32389775,1.18660465,13.26839745,26.7699985504,43.790145874,4.58999967575,4.88039064407,-109.589797974,-3.81885886192,-19.1199798584,-0.899261116982,97706.0241699,17.9499988556,-323.222167969,True
185.20000000000002,-0.295,-0.269,-0.287,1.46119085,1.01008495,13.2585908,24.3099994659,41.8505935669,4.28999996185,5.70586490631,-99.2502059937,-3.04162144661,-19.1782588959,-1.02114498615,97698.9440918,17.8400001526,-307.032775879,True
185.3,-0.298,-0.247,-0.285,1.34351105,0.8825985,12.6898051,21.3400001526,41.8505935669,3.9399998188,5.70586490631,-99.2502059937,-2.41997289658,-19.2087554932,-1.11795330048,97704.498291,17.7299995422,-308.032806396,True
185.4,-0.277,-0.24,-0.276,1.176798,1.12776475,12.89574475,18.3400001526,41.8505935669,3.55999994278,5.70586490631,-99.2502059937,-1.73577618599,-19.1773948669,-1.21827602386,97704.498291,17.6000003815,-296.20324707,True
185.5,-0.203,-0.228,-0.26,1.0198916,1.0002783,12.6113519,12.1199998856,36.9903793335,2.74000000954,6.33285856247,-90.2878799438,-1.02655160427,-19.131023407,-1.32556533813,97696.2768555,17.3099994659,-287.887756348,True
185.60000000000002,-0.351,-0.199,-0.235,0.9218251,0.9610517,13.1997509,12.1199998856,36.9903793335,2.71000003815,6.33285856247,-90.2878799438,-0.239378005266,-19.0057601929,-1.46585321426,97696.2768555,17.3099994659,-287.887756348,True
185.70000000000002,-0.332,-0.165,-0.212,0.77472535,1.2552512,12.79767825,5.69000005722,36.9903793335,2.24000000954,6.33285856247,-90.2878799438,0.274496942759,-18.8890380859,-1.6015598774,97697.1679688,17.1499996185,-287.887756348,True
185.8,-0.332,-0.165,-0.212,0.77472535,1.2552512,12.79767825,5.69000005722,36.9903793335,1.70999991894,6.33285856247,-90.2878799438,0.837297976017,-18.7168579102,-1.74106574059,97697.1679688,16.9799995422,-263.311187744,True
185.9,-0.321,-0.102,-0.208,0.59820565,1.02969825,11.66010685,2.86999988556,36.9903793335,1.16999995708,6.33285856247,-90.2878799438,1.42644822598,-18.5047664642,-1.84119009972,97678.9978027,16.7999992371,-263.311187744,True
186.0,-0.356,-0.061,-0.199,0.5295591,1.1375714,10.97364135,0.149999991059,30.7847824097,0.620000004768,6.78463935852,-83.7384033203,1.85547530651,-18.3096694946,-1.90685653687,97675.0976562,16.609998703,-235.390472412,True
186.10000000000002,-0.371,-0.033,-0.207,0.46091255,1.0983448,10.2185293,-2.23000001907,30.7847824097,0.0499999970198,6.78463935852,-83.7384033203,2.23443412781,-18.119468689,-1.91531217098,97684.6374512,16.3999996185,-235.390472412,True
186.20000000000002,-0.38,-0.025,-0.185,0.3726527,0.93163175,9.56148375,-4.46999979019,30.7847824097,-0.489999979734,6.78463935852,-83.7384033203,2.55650258064,-17.9402828217,-1.87698054314,97684.6374512,16.1900005341,-211.701583862,True
186.3,-0.398,-0.018,-0.157,0.2941995,1.1179581,9.6497436,-6.48999977112,23.980764389,-1.0,5.86458396912,-79.3447647095,2.82446694374,-17.7659168243,-1.80870330334,97667.4560547,15.9699993134,-211.701583862,True
186.4,-0.431,0.009,-0.149,0.32361945,1.0002783,9.63993695,-8.23999977112,23.980764389,-1.49000000954,5.86458396912,-79.3447647095,3.077709198,-17.5670108795,-1.76172757149,97663.8671875,15.7699995041,-217.319488525,True
186.5,-0.405,0.037,-0.153,0.1765197,0.99047165,8.73772515,-9.77999973297,23.980764389,-1.97999989986,5.86458396912,-79.3447647095,3.20569801331,-17.439409256,-1.67445886135,97663.8671875,15.5699996948,-217.319488525,True
186.60000000000002,-0.405,0.037,-0.153,0.1765197,0.99047165,8.73772515,-11.0799999237,23.980764389,-2.42999982834,5.86458396912,-79.3447647095,3.37379741669,-17.247428894,-1.59738624096,97663.8671875,15.3800001144,-193.437774658,True
186.70000000000002,-0.371,0.02,-0.138,-0.00980665,0.65704555,9.7870367,-12.2399997711,23.980764389,-2.8599998951,5.86458396912,-79.3447647095,3.47153997421,-17.1246528625,-1.56457388401,97658.1359863,15.1899995804,-193.437774658,True
186.8,-0.464,0.009,-0.08,0.0784532,0.8237586,10.2577559,-13.3199996948,12.7765426636,-3.29999995232,4.26502752304,-75.174331665,3.53840303421,-16.9991340637,-1.52158844471,97658.1359863,15.0199995041,-169.305419922,True
186.9,-0.465,0.021,-0.07,-0.0392266,0.7060788,10.1400761,-14.1899995804,12.7765426636,-3.75,4.26502752304,-75.174331665,3.60024642944,-16.860124588,-1.55282402039,97654.2785645,14.8399991989,-169.305419922,True
187.0,-0.37,0.058,-0.065,-0.0196133,0.4903325,9.62032365,-14.8800001144,12.7765426636,-4.26999998093,4.26502752304,-75.174331665,3.61982727051,-16.6779670715,-1.56113815308,97651.6357422,14.4699993134,-144.547851562,True
187.10000000000002,-0.281,0.074,-0.028,-0.12748645,0.59820565,8.73772515,-15.4299993515,12.7765426636,-4.75999975204,4.26502752304,-75.174331665,3.59446930885,-16.5643177032,-1.49091887474,97646.7529297,14.4699993134,-144.547851562,True
187.20000000000002,-0.268,0.077,-0.014,-0.12748645,0.588399,8.3356525,-15.8299999237,12.7765426636,-5.17999982834,4.26502752304,-75.174331665,3.55280923843,-16.4904708862,-1.37651371956,97640.1245117,14.279999733,-121.552848816,True
187.3,-0.278,0.074,-0.001,-0.14709975,0.6472389,8.7083052,-16.0499992371,3.47764992714,-5.51999998093,2.92903232574,-73.7603225708,3.46490311623,-16.3924388885,-1.21416389942,97640.1245117,14.1099996567,-121.552848816,True
187.4,-0.278,0.074,-0.001,-0.14709975,0.6472389,8.7083052,-16.1399993896,3.47764992714,-5.86999988556,2.92903232574,-73.7603225708,3.36176228523,-16.3190746307,-1.09228515625,97640.1245117,13.9499998093,-100.876426697,True
187.5,-0.237,0.109,-0.015,-0.40207265,0.51975245,7.83551335,-16.109998703,-0.715604960918,-6.19000005722,1.74326944351,-73.7926864624,3.24893331528,-16.2551746368,-0.889164805412,97636.541748,13.7999992371,-100.876426697,True
187.60000000000002,-0.224,0.096,-0.011,-0.3530394,0.5099458,8.1002929,-16.0,-0.715604960918,-6.40999984741,1.74326944351,-73.7926864624,3.15096902847,-16.2103900909,-0.702125489712,97636.541748,13.6700000763,-80.6846618652,True
187.70000000000002,-0.173,0.083,-1.0164568432900001e-17,-0.3726527,0.4314926,8.4729456,-15.8099994659,-0.715604960918,-6.55999994278,1.74326944351,-73.7926864624,3.02320694923,-16.167301178,-0.524170219898,97636.1450195,13.5599994659,-80.6846618652,True
187.8,-0.141,0.08,0.026,-0.22555295,0.3334261,8.3552658,-15.3499994278,-0.715604960918,-6.83999967575,1.74326944351,-73.7926864624,2.88549470901,-16.1231021881,-0.377106815577,97633.2336426,13.4099998474,-61.4961624146,True
187.9,-0.116,0.077,0.067,-0.26477955,0.3334261,8.75733845,-15.3499994278,-0.715604960918,-6.83999967575,1.74326944351,-73.7926864624,2.74956512451,-16.0971775055,-0.26077246666,97633.2336426,13.4099998474,-61.4961624146,True
188.0,-0.116,0.065,0.09,-0.16671305,0.196133,9.12999115,-15.0399999619,-5.03077888489,-6.92000007629,-0.443692177534,-73.8422546387,2.63148403168,-16.0826225281,-0.161637321115,97630.255127,13.3499994278,-53.4713745117,True
188.10000000000002,-0.139,0.075,0.102,-0.36284605,0.3334261,9.3947707,-14.6599998474,-5.03077888489,-7.00999975204,-0.443692177534,-73.8422546387,2.48420619965,-16.0720310211,-0.081789471209,97630.255127,13.3099994659,-53.4713745117,True
188.20000000000002,-0.153,0.074,0.131,-0.18632635,0.2549729,9.14960445,-14.2199993134,-5.03077888489,-7.10999965668,-0.443692177534,-73.8422546387,2.32587099075,-16.0656700134,-0.00364199280739,97633.4838867,13.2699995041,-37.5738143921,True
188.3,-0.133,0.08,0.14,-0.3726527,0.34323275,9.5124505,-13.75,-5.03077888489,-7.17999982834,-0.443692177534,-73.8422546387,2.15746593475,-16.0728626251,0.0797300562263,97633.4838867,13.2399997711,-37.5738143921,True
188.4,-0.15,0.083,0.139,-0.3530394,0.4903325,8.91424485,-13.1700000763,-7.72254562378,-7.23000001907,-2.30490922928,-75.9830169678,1.85423517227,-16.1010932922,0.235408917069,97634.6252441,13.2100000381,-28.8635253906,True
188.5,-0.13,0.069,0.128,-0.24516625,0.3726527,9.28689755,-11.6700000763,-7.72254562378,-7.23000001907,-2.30490922928,-75.9830169678,1.76894044876,-16.1072349548,0.276203095913,97635.4797363,13.2100000381,-28.8635253906,True
188.60000000000002,-0.13,0.069,0.128,-0.24516625,0.3726527,9.28689755,-11.6700000763,-7.72254562378,-7.23000001907,-2.30490922928,-75.9830169678,1.47943985462,-16.1381320953,0.511826395988,97635.4797363,13.2299995422,-28.5440444946,True
188.70000000000002,-0.033,0.069,0.08,-0.38245935,0.4118793,7.5511205,-10.8499994278,-7.72254562378,-7.11999988556,-2.30490922928,-75.9830169678,1.32874977589,-16.1612377167,0.690901577473,97631.5673828,13.2299995422,-28.5440444946,True
188.8,-0.01,0.067,0.078,-0.3530394,0.4511059,7.0411747,-9.28999996185,-10.1976213455,-6.65999984741,-5.07816791534,-79.0617446899,1.06897258759,-16.1825866699,1.04015481472,97631.5673828,13.3400001526,-24.0312576294,True
188.9,-0.081,0.047,0.067,-0.4707192,0.2941995,7.6884136,-9.28999996185,-10.1976213455,-6.65999984741,-5.07816791534,-79.0617446899,0.920867681503,-16.1949596405,1.2731757164,97636.1328125,13.4399995804,-20.1314926147,True
189.0,-0.04,0.021,0.068,-0.3138128,0.3138128,8.32584585,-8.48999977112,-10.1976213455,-6.31999969482,-5.07816791534,-79.0617446899,0.731990277767,-16.2286090851,1.47180700302,97639.0930176,13.4399995804,-20.1314926147,True
189.10000000000002,-0.023,0.002,0.062,-0.4118793,0.16671305,9.3359308,-7.64999961853,-10.1976213455,-5.96999979019,-5.07816791534,-79.0617446899,0.583025336266,-16.2689037323,1.57608926296,97639.0930176,13.5599994659,-20.1314926147,True
189.20000000000002,-0.023,0.002,0.062,-0.4118793,0.16671305,9.3359308,-6.71999979019,-10.1976213455,-5.6299996376,-5.07816791534,-79.0617446899,0.430042594671,-16.300737381,1.67379307747,97639.0930176,13.8499994278,-26.4362335205,True
189.3,-0.025,0.008,0.108,-0.3334261,0.24516625,9.1005712,-5.82999992371,-10.5898342133,-5.23999977112,-6.17071151733,-81.116569519,0.175337836146,-16.3729667664,1.86290240288,97647.076416,13.8499994278,-26.4362335205,True
189.4,-0.025,0.008,0.108,-0.3334261,0.24516625,9.1005712,-4.92000007629,-10.5898342133,-4.80999994278,-6.17071151733,-81.116569519,0.109158344567,-16.3985061646,1.89792728424,97647.076416,14.0199995041,-33.8165283203,True
189.5,-0.021,-0.019,0.141,-0.10787315,0.04903325,9.38496405,-4.03999996185,-10.5898342133,-4.38000011444,-6.17071151733,-81.116569519,-0.175875946879,-16.4879074097,2.09033489227,97650.3479004,14.1899995804,-33.8165283203,True
189.60000000000002,-0.012,-0.039,0.163,-0.2353596,0.1765197,10.4342756,-3.07999992371,-10.5898342133,-3.87999987602,-6.17071151733,-81.116569519,-0.369195848703,-16.5624370575,2.09146213531,97651.8798828,14.3899993896,-41.3789749146,True
189.70000000000002,0.048,-0.039,0.179,-0.26477955,0.2941995,10.4931155,-2.00999999046,-10.5898342133,-3.46000003815,-6.17071151733,-81.116569519,-0.535317122936,-16.6184978485,2.07463979721,97651.8798828,14.5899991989,-41.3789749146,True
189.8,0.054,-0.051,0.166,-0.28439285,0.392266,10.22833595,-0.8599999547,-10.0816011429,-3.04999995232,-6.40118312836,-84.9764785767,-0.786375284195,-16.6867351532,2.08481526375,97658.3007812,14.7899999619,-33.1731796265,True
189.9,0.054,-0.051,0.166,-0.28439285,0.392266,10.22833595,0.340000003576,-10.0816011429,-2.61999988556,-6.40118312836,-84.9764785767,-0.94798874855,-16.7277851105,2.10746216774,97658.3007812,14.9799995422,-33.1731796265,True
190.0,0.077,-0.061,0.144,-0.14709975,0.3334261,10.24794925,1.59999990463,-10.0816011429,-2.19000005722,-6.40118312836,-84.9764785767,-1.07591044903,-16.7593784332,2.11348509789,97663.1958008,15.1799993515,-51.831817627,True
190.10000000000002,0.129,-0.073,0.106,0.0,0.48052585,10.5715687,2.84999990463,-10.0816011429,-1.75,-6.40118312836,-84.9764785767,-1.36292493343,-16.8485279083,2.07253313065,97664.1723633,15.3800001144,-51.831817627,True
190.20000000000002,0.124,-0.071,0.085,0.0980665,0.3726527,10.7677017,4.13000011444,-7.36622142792,-1.33999991417,-5.40805864334,-88.8826370239,-1.59490871429,-16.9229431152,2.01674056053,97664.1723633,15.5799999237,-57.8609466553,True
190.3,0.083,-0.074,0.073,0.1372931,0.4511059,10.787315,5.38999986649,-7.36622142792,-0.939999997616,-5.40805864334,-88.8826370239,-1.77244329453,-16.9742412567,1.95490503311,97672.7233887,15.7699995041,-57.8609466553,True
190.4,0.109,-0.073,0.048,0.1569064,0.3726527,11.34629405,6.60999965668,-7.36622142792,-0.550000011921,-5.40805864334,-88.8826370239,-1.91141927242,-17.0175247192,1.86878252029,97672.7233887,15.9600000381,-78.519821167,True
190.5,0.109,-0.073,0.048,0.1569064,0.3726527,11.34629405,7.80999994278,-7.36622142792,-0.219999998808,-5.40805864334,-88.8826370239,-2.10252785683,-17.0763607025,1.70777690411,97674.2614746,16.3099994659,-91.5426254272,True
190.60000000000002,0.143,-0.075,0.043,0.26477955,0.24516625,11.85623985,8.93999958038,-7.36622142792,0.070000000298,-5.40805864334,-88.8826370239,-2.254778862,-17.13215065,1.54585766792,97686.9262695,16.3099994659,-91.5426254272,True
190.70000000000002,0.183,-0.071,0.052,0.1569064,0.24516625,11.6306869,10.0900001526,-4.10270404816,0.319999992847,-3.45370340347,-90.9132843018,-2.34626197815,-17.1658935547,1.41590547562,97686.9262695,16.4599990845,-91.5426254272,True
190.8,0.16,-0.073,0.061,0.34323275,0.28439285,11.36590735,11.0399999619,-4.10270404816,0.550000011921,-3.45370340347,-90.9132843018,-2.45300722122,-17.1912212372,1.2756909132,97681.9458008,16.6000003815,-72.3661422729,True
190.9,0.152,-0.082,0.068,0.30400615,0.24516625,11.44436055,11.9799995422,-4.10270404816,0.769999980927,-3.45370340347,-90.9132843018,-2.54457592964,-17.2271938324,1.15347278118,97688.8000488,16.7299995422,-72.3661422729,True
191.0,0.168,-0.077,0.064,0.22555295,0.40207265,11.60126695,12.779999733,-4.10270404816,0.969999969006,-3.45370340347,-90.9132843018,-2.61478352547,-17.2454414368,0.9999319911,97685.4736328,16.8500003815,-90.5778884888,True
191.10000000000002,0.151,-0.09,0.047,0.36284605,0.34323275,12.09159945,13.5799999237,-0.119957491755,1.13999998569,-1.7418282032,-92.5499572754,-2.67834854126,-17.2645111084,0.813425183296,97685.4736328,16.9499988556,-90.5778884888,True
191.20000000000002,0.138,-0.084,0.041,0.4707192,0.4118793,12.1014061,14.3199996948,-0.119957491755,1.23000001907,-1.7418282032,-92.5499572754,-2.73072385788,-17.2841510773,0.614505171776,97691.9677734,17.0499992371,-94.2457199097,True
191.3,0.11,-0.074,0.022,0.2353596,0.46091255,11.3953273,14.8999996185,-0.119957491755,1.27999997139,-1.7418282032,-92.5499572754,-2.75943994522,-17.2801418304,0.39284619689,97695.7946777,17.1199989319,-94.2457199097,True
191.4,0.157,-0.061,0.001,0.3138128,0.59820565,10.89518815,15.4799995422,-0.119957491755,1.31999993324,-1.7418282032,-92.5499572754,-2.77877640724,-17.2651233673,0.280029386282,97698.3154297,17.1800003052,-105.991744995,True
191.5,0.115,-0.053,-0.01,0.2745862,0.5491724,10.8853815,16.0,-0.119957491755,1.37000000477,-1.7418282032,-92.5499572754,-2.77915883064,-17.2498149872,0.190870463848,97695.8129883,17.2199993134,-105.991744995,True
191.60000000000002,0.074,-0.056,-0.015,0.4511059,0.6864655,11.26784085,16.4599990845,-0.119957491755,1.40999996662,-1.7418282032,-92.5499572754,-2.78179740906,-17.2320861816,0.0803233757615,97698.7304688,17.2600002289,-111.515235901,True
191.70000000000002,0.074,-0.056,-0.015,0.4511059,0.6864655,11.26784085,16.8500003815,4.23518037796,1.40999996662,0.791876018047,-93.2885971069,-2.76510286331,-17.2183456421,0.0171763673425,97698.7304688,17.2799987793,-111.515235901,True
191.8,0.168,-0.036,-0.056,0.3530394,0.4511059,10.6107953,17.1499996185,4.23518037796,1.44999992847,0.791876018047,-93.2885971069,-2.71792054176,-17.1825389862,-0.0417159460485,97696.1608887,17.2999992371,-109.59186554,True
191.9,0.168,-0.036,-0.056,0.3530394,0.4511059,10.6107953,17.3999996185,4.23518037796,1.49000000954,0.791876018047,-93.2885971069,-2.6914961338,-17.1753997803,-0.0798243060708,97697.3571777,17.3199996948,-109.59186554,True
192.0,0.225,-0.036,-0.05,0.392266,0.392266,10.56176205,17.5599994659,7.58486795425,1.5,1.5257973671,-92.3122406006,-2.57206535339,-17.1378498077,-0.180530920625,97698.2116699,17.3299999237,-63.6850357056,True
192.10000000000002,0.188,-0.025,-0.032,0.4707192,0.4903325,10.3362091,17.5100002289,7.58486795425,1.5,1.5257973671,-92.3122406006,-2.46724200249,-17.1134700775,-0.201337978244,97698.2116699,17.3400001526,-63.6850357056,True
192.20000000000002,0.125,-0.032,-0.013,0.5099458,0.48052585,10.6107953,17.4099998474,7.58486795425,1.50999999046,1.5257973671,-92.3122406006,-2.3396923542,-17.0931835175,-0.253276884556,97698.2727051,17.3400001526,-65.4981613159,True
192.3,0.125,-0.032,-0.013,0.5099458,0.48052585,10.6107953,17.1700000763,7.58486795425,1.50999999046,1.5257973671,-92.3122406006,-2.24498987198,-17.0775871277,-0.301547080278,97698.2727051,17.3400001526,-65.4981613159,True
192.4,0.057,-0.046,5.63337527608e-18,0.57859235,0.5491724,11.16977435,16.8299999237,7.58486795425,1.4699999094,1.5257973671,-92.3122406006,-2.06713342667,-17.0456409454,-0.411195248365,97693.6828613,17.3400001526,-59.4198226929,True
192.5,0.067,-0.035,-0.017,0.4707192,0.4511059,11.01286795,16.4099998474,11.2733716965,1.38999998569,2.45021128654,-91.7178726196,-1.88685524464,-17.012216568,-0.523580849171,97697.1374512,17.3199996948,-59.4198226929,True
192.60000000000002,0.056,-0.026,-0.029,0.53936575,0.63743225,10.79712165,15.9799995422,11.2733716965,1.28999996185,2.45021128654,-91.7178726196,-1.77646529675,-16.9818191528,-0.582003235817,97696.0144043,17.2999992371,-52.0345687866,True
192.70000000000002,0.054,-0.013,-0.067,0.48052585,0.51975245,10.3165958,15.5699996948,11.2733716965,1.16999995708,2.45021128654,-91.7178726196,-1.63390386105,-16.9488811493,-0.615260899067,97695.8740234,17.2600002289,-52.0345687866,True
192.8,0.076,-0.001,-0.075,0.3138128,0.48052585,9.97336305,15.1599998474,11.2733716965,1.07999992371,2.45021128654,-91.7178726196,-1.49065947533,-16.9163036346,-0.622700512409,97696.1120605,17.2199993134,-55.0832748413,True
192.9,0.071,0.008,-0.105,0.3138128,0.46091255,9.07115125,14.3199996948,13.035618782,1.02999997139,2.59045553207,-90.630531311,-1.31511998177,-16.8713569641,-0.484228283167,97692.8710938,17.1399993896,-37.9510879517,True
193.0,0.071,0.008,-0.105,0.3138128,0.46091255,9.07115125,14.3199996948,13.035618782,1.03999996185,2.59045553207,-90.630531311,-1.19975471497,-16.8488903046,-0.405073970556,97692.8710938,17.1399993896,-37.9510879517,True
193.10000000000002,0.065,-0.004,-0.093,0.40207265,0.69627215,9.6301303,13.3699998856,13.035618782,1.09000003338,2.59045553207,-90.630531311,-1.01651883125,-16.8152637482,-0.342720627785,97694.7937012,17.1000003815,-34.8941802979,True
193.20000000000002,0.039,-0.008,-0.097,0.42168595,0.5687857,9.8458766,13.3699998856,14.2873916626,1.09000003338,2.2837407589,-89.0726776123,-0.947420835495,-16.7970924377,-0.33411437273,97693.2067871,17.1000003815,-34.8941802979,True
193.3,-0.002,-1.06544271526e-17,-0.087,0.34323275,0.34323275,8.9632781,12.6899995804,14.2873916626,1.11000001431,2.2837407589,-89.0726776123,-0.757918357849,-16.7720870972,-0.244800373912,97693.1213379,17.0900001526,-34.8941802979,True
193.4,-0.02,0.001,-0.083,0.46091255,0.30400615,8.9044382,12.0599994659,14.2873916626,1.17999994755,2.2837407589,-89.0726776123,-0.540376722813,-16.7471561432,-0.0568894036114,97692.8161621,17.0900001526,-29.8400878906,True
193.5,-0.02,0.001,-0.083,0.46091255,0.30400615,8.9044382,11.4200000763,14.5682287216,1.30999994278,1.87989640236,-87.6888198853,-0.451558321714,-16.7465610504,0.0109166530892,97692.8161621,17.0900001526,-29.8400878906,True
193.60000000000002,-0.022,-0.004,-0.071,0.5295591,0.69627215,9.48303055,10.7899999619,14.5682287216,1.44999992847,1.87989640236,-87.6888198853,-0.291614055634,-16.7319316864,0.0634181275964,97692.9504395,17.109998703,-24.9711990356,True
193.70000000000002,-0.054,-0.032,-0.077,0.46091255,0.5295591,9.9831697,10.0900001526,14.5682287216,1.54999995232,1.87989640236,-87.6888198853,-0.103584602475,-16.7181358337,0.110269099474,97695.3125,17.1399993896,-24.9711990356,True
193.8,-0.058,-0.049,-0.073,0.6472389,0.71588545,10.3362091,9.35999965668,14.5682287216,1.67999994755,1.87989640236,-87.6888198853,0.0649216026068,-16.7107982635,0.0869162753224,97694.5129395,17.1700000763,-24.1315841675,True
193.9,-0.052,-0.033,-0.043,0.6080123,0.8041453,10.0812362,8.55000019073,14.5682287216,1.75999999046,1.87989640236,-87.6888198853,0.195645838976,-16.6968517303,0.0541080385447,97697.1862793,17.2099990845,-24.1315841675,True
194.0,-0.052,-0.033,-0.043,0.6080123,0.8041453,10.0812362,7.80999994278,13.6147851944,1.82999992371,2.13528609276,-85.6658706665,0.276585817337,-16.6888046265,0.0601010471582,97697.1862793,17.2399997711,-19.194984436,True
194.10000000000002,0.188,-0.087,-0.048,0.81395195,0.6276256,13.09187775,7.02999973297,13.6147851944,1.88999998569,2.13528609276,-85.6658706665,0.510158658028,-16.6435775757,-0.0997846648097,97692.5537109,17.2600002289,-19.194984436,True
194.20000000000002,0.091,-0.089,-0.023,0.8041453,0.85317855,12.69961175,6.05999994278,13.6147851944,1.81999993324,2.13528609276,-85.6658706665,0.727361738682,-16.60820961,-0.405999541283,97692.5537109,17.2799987793,-16.3261413574,True
194.3,0.091,-0.089,-0.023,0.8041453,0.85317855,12.69961175,4.88999986649,13.6147851944,1.58999991417,2.13528609276,-85.6658706665,0.886086463928,-16.5785083771,-0.580931663513,97692.5537109,17.2600002289,-16.3261413574,True
194.4,-0.202,-8.572527594029999e-19,-0.007,0.5687857,1.16699135,10.7284751,3.86999988556,13.3408975601,1.36000001431,3.30721473694,-84.5978164673,1.03884637356,-16.5233707428,-0.727729380131,97698.5595703,17.2099990845,-5.0651550293,True
194.5,-0.212,0.021,-0.067,0.4511059,0.73549875,9.6497436,3.13999986649,13.3408975601,1.14999997616,3.30721473694,-84.5978164673,1.13306868076,-16.4725761414,-0.764187097549,97691.9067383,17.1499996185,-5.0651550293,True
194.60000000000002,-0.158,0.015,-0.095,0.40207265,0.6276256,9.0417313,2.57999992371,13.3408975601,1.0,3.30721473694,-84.5978164673,1.19786942005,-16.4280986786,-0.698001146317,97691.3208008,17.0699996948,-2.30350494385,True
194.70000000000002,-0.255,0.001,-0.113,0.32361945,0.1765197,8.81617835,2.11999988556,9.38072109222,0.899999976158,2.8192088604,-83.491607666,1.24276542664,-16.3858757019,-0.541972398758,97693.6767578,17.0100002289,-2.30350494385,True
194.8,-0.146,-0.055,-0.063,0.392266,0.32361945,10.4342756,1.67999994755,9.38072109222,0.889999985695,2.8192088604,-83.491607666,1.30879998207,-16.3401699066,-0.519417345524,97687.902832,16.9499988556,8.19816589355,True
194.9,-0.146,-0.055,-0.063,0.392266,0.32361945,10.4342756,1.16999995708,9.38072109222,0.77999997139,2.8192088604,-83.491607666,1.38238894939,-16.2718429565,-0.839413881302,97687.902832,16.8999996185,8.19816589355,True
195.0,-0.204,0.007,-0.002,0.57859235,0.75511205,11.1599677,0.719999969006,9.38072109222,0.439999997616,2.8192088604,-83.491607666,1.40713357925,-16.2288322449,-1.04959774017,97686.8469238,16.8500003815,14.2914772034,True
195.10000000000002,-0.133,0.024,-0.005,0.46091255,0.59820565,10.54214875,0.439999997616,9.38072109222,0.070000000298,2.8192088604,-83.491607666,1.40281045437,-16.17943573,-1.12014484406,97686.3891602,16.7600002289,14.2914772034,True
195.20000000000002,-0.103,0.026,-0.021,0.20593965,0.392266,10.48330885,0.359999984503,5.07322692871,-0.209999993443,3.16636180878,-82.4857711792,1.37890326977,-16.1222953796,-1.17771053314,97686.3891602,16.6499996185,20.4874038696,True
195.3,-0.12,0.022,-0.008,0.196133,0.3334261,10.3165958,0.269999980927,5.07322692871,-0.519999980927,3.16636180878,-82.4857711792,1.36684203148,-16.0805435181,-1.21102178097,97680.4016113,16.5299987793,20.4874038696,True
195.4,-0.084,0.02,0.021,0.20593965,0.3726527,10.1596894,0.259999990463,5.07322692871,-0.829999983311,3.16636180878,-82.4857711792,1.33286011219,-16.0302600861,-1.22481238842,97682.4523926,16.4099998474,31.3226699829,True
195.5,-0.016,0.036,0.02,0.20593965,0.42168595,9.9243298,0.259999990463,5.07322692871,-1.12999999523,3.16636180878,-82.4857711792,1.29154074192,-15.9877147675,-1.21991240978,97679.9682617,16.2799987793,31.3226699829,True
195.60000000000002,-0.016,0.036,0.02,0.20593965,0.42168595,9.9243298,0.389999985695,3.12248158455,-1.42999994755,2.53107643127,-82.6449050903,1.24520349503,-15.9384851456,-1.14800024033,97679.9682617,16.1499996185,44.6648597717,True
195.70000000000002,-0.158,0.042,0.027,0.32361945,0.3530394,8.73772515,0.459999978542,3.12248158455,-1.66999995708,2.53107643127,-82.6449050903,1.20202696323,-15.9006137848,-1.02435314655,97669.7875977,16.0299987793,44.6648597717,True
195.8,-0.158,0.042,0.027,0.32361945,0.3530394,8.73772515,0.569999992847,3.12248158455,-1.84999990463,2.53107643127,-82.6449050903,1.16031873226,-15.874004364,-0.966395556927,97678.2714844,15.9200000763,50.3994941711,True
195.9,-0.119,0.029,0.037,0.08825985,0.392266,10.0420096,0.729999959469,3.12248158455,-2.04999995232,2.53107643127,-82.6449050903,1.08641695976,-15.8374910355,-0.908235192299,97671.1486816,15.8199996948,50.3994941711,True
196.0,-0.14,0.037,0.036,0.1569064,0.55897905,10.2381426,1.06999993324,3.12248158455,-2.27999997139,2.53107643127,-82.6449050903,0.98617374897,-15.7994613647,-0.926476895809,97668.6950684,15.7199993134,55.6671142578,True
196.10000000000002,-0.14,0.037,0.036,0.1569064,0.55897905,10.2381426,1.48000001907,-0.217186301947,-2.52999997139,1.61376953125,-83.4719238281,0.925071239471,-15.7819128036,-0.948916137218,97668.6950684,15.6199998856,55.6671142578,True
196.20000000000002,0.078,0.058,0.01,0.0784532,0.5687857,9.62032365,1.97999989986,-0.217186301947,-2.78999996185,1.61376953125,-83.4719238281,0.794045031071,-15.7376499176,-0.975714504719,97669.8730469,15.5199995041,68.013671875,True
196.3,0.155,0.088,-0.017,0.0,0.196133,7.01175475,2.50999999046,-0.217186301947,-3.03999996185,1.61376953125,-83.4719238281,0.688981950283,-15.7043008804,-0.768621563911,97670.300293,15.4200000763,68.013671875,True
196.4,0.095,0.062,-0.007,-0.0196133,0.14709975,7.4922806,2.8599998951,-0.217186301947,-3.1099998951,1.61376953125,-83.4719238281,0.630541861057,-15.6828403473,-0.500926494598,97669.53125,15.3299999237,72.0848083496,True
196.5,0.095,0.062,-0.007,-0.0196133,0.14709975,7.4922806,3.09999990463,1.37787806988,-3.09999990463,0.210401102901,-83.6450195312,0.614525020123,-15.6755342484,-0.382433652878,97669.53125,15.2599992752,72.0848083496,True
196.60000000000002,0.017,0.028,-0.003,-0.06864655,0.1569064,8.1199062,3.32999992371,1.37787806988,-3.02999997139,0.210401102901,-83.6450195312,0.550634801388,-15.6491031647,-0.123963102698,97664.9353027,15.2299995422,159.544845581,True
196.70000000000002,0.206,0.068,0.024,-0.04903325,0.2745862,8.81617835,3.50999999046,1.37787806988,-2.99000000954,0.210401102901,-83.6450195312,0.521786928177,-15.6352901459,0.00987727474421,97663.6047363,15.2199993134,159.544845581,True
196.8,0.197,0.059,0.05,0.0392266,0.2549729,9.4928372,3.62999987602,3.42329287529,-2.95000004768,-0.915349185467,-83.9142837524,0.515302181244,-15.6262130737,0.112267307937,97662.3779297,15.2199993134,165.008361816,True
196.9,0.091,0.063,0.064,0.0,0.3334261,9.0417313,3.59999990463,3.42329287529,-2.88999986649,-0.915349185467,-83.9142837524,0.522709369659,-15.6290445328,0.184279665351,97664.2456055,15.2299995422,165.008361816,True
197.0,-0.04,0.046,0.047,-0.02941995,0.46091255,8.93385815,3.56999993324,3.42329287529,-2.81999993324,-0.915349185467,-83.9142837524,0.519123196602,-15.6331071854,0.280528277159,97661.6088867,15.2399997711,165.516479492,True
197.10000000000002,-0.039,0.063,0.026,0.0,0.7060788,7.6295737,3.55999994278,3.42329287529,-2.72000002861,-0.915349185467,-83.9142837524,0.498384028673,-15.6419687271,0.473582565784,97660.2661133,15.2599992752,165.516479492,True
197.20000000000002,-0.039,0.063,0.026,0.0,0.7060788,7.6295737,3.72000002861,4.68219566345,-2.28999996185,-2.27402615547,-85.137046814,0.479156076908,-15.6611070633,0.644871592522,97660.2661133,15.3499994278,165.293029785,True
197.3,-0.012,0.033,-0.04,0.08825985,0.4511059,9.48303055,3.72000002861,4.68219566345,-2.28999996185,-2.27402615547,-85.137046814,0.460985869169,-15.7092218399,0.774994552135,97661.920166,15.3499994278,165.293029785,True
197.4,-0.07,0.049,-0.031,0.0392266,0.38245935,9.12999115,3.73000001907,4.68219566345,-2.1099998951,-2.27402615547,-85.137046814,0.454148292542,-15.7458925247,0.861766517162,97661.920166,15.4200000763,161.594772339,True
197.5,-0.048,0.027,-0.028,0.0588399,0.3726527,9.5124505,3.73000001907,4.68219566345,-1.89999997616,-2.27402615547,-85.137046814,0.446316361427,-15.7839164734,0.940471827984,97661.920166,15.4899997711,161.594772339,True
197.60000000000002,-0.002,0.01,-0.015,0.18632635,0.42168595,9.34573745,3.73000001907,4.68219566345,-1.67999994755,-2.27402615547,-85.137046814,0.43557459116,-15.8142795563,0.991742372513,97666.8334961,15.5699996948,159.526062012,True
197.70000000000002,0.05,-0.015,-0.011,0.1569064,0.34323275,9.99297635,3.75999999046,3.78783249855,-1.25,-3.35026359558,-84.5186233521,0.441180169582,-15.8539857864,1.00713264942,97670.8862305,15.6499996185,159.526062012,True
197.8,0.085,-0.02,0.01,0.22555295,0.46091255,10.0223963,3.75999999046,3.78783249855,-1.25,-3.35026359558,-84.5186233521,0.444781601429,-15.9111385345,1.02000534534,97669.5678711,15.7399997711,148.532958984,True
197.9,0.027,-0.025,0.04,0.2549729,0.5099458,9.6301303,3.66999983788,3.78783249855,-1.02999997139,-3.35026359558,-84.5186233521,0.454683601856,-15.9862937927,1.05104708672,97669.5678711,15.8399991989,148.532958984,True
198.0,0.026,-0.021,0.035,0.24516625,0.36284605,9.9635564,3.59999990463,4.77422189713,-0.810000002384,-2.99171328545,-84.7876052856,0.466223210096,-16.0331420898,1.06564879417,97671.3500977,15.9299993515,141.735366821,True
198.10000000000002,0.026,-0.021,0.035,0.24516625,0.36284605,9.9635564,3.51999998093,4.77422189713,-0.569999992847,-2.99171328545,-84.7876052856,0.472449839115,-16.0666160583,1.07176887989,97671.3500977,16.0299987793,141.735366821,True
198.20000000000002,-0.035,-0.029,0.045,0.4314926,0.6472389,10.3558224,3.44999980927,4.77422189713,-0.34999999404,-2.99171328545,-84.7876052856,0.469282925129,-16.1651306152,1.03279614449,97673.0529785,16.1299991608,159.493347168,True
198.3,-0.079,-0.028,0.034,0.3138128,0.67665885,10.5715687,3.44999980927,4.77422189713,-0.149999991059,-2.99171328545,-84.7876052856,0.466194719076,-16.214761734,0.987330079079,97677.911377,16.2199993134,159.493347168,True
198.4,-0.079,-0.031,0.02,0.42168595,0.57859235,10.8657682,3.44999980927,4.40422534943,0.00999999977648,-2.40788054466,-85.5521011353,0.441268146038,-16.2938766479,0.897462785244,97677.911377,16.3999996185,144.769958496,True
198.5,-0.079,-0.031,0.02,0.42168595,0.57859235,10.8657682,3.53999996185,4.40422534943,0.149999991059,-2.40788054466,-85.5521011353,0.432871371508,-16.3145294189,0.866588830948,97683.5449219,16.3999996185,144.769958496,True
198.60000000000002,-0.082,-0.019,0.015,0.38245935,0.7453054,10.3558224,3.67999982834,4.40422534943,0.289999991655,-2.40788054466,-85.5521011353,0.390333890915,-16.3813457489,0.814024269581,97683.5449219,16.4699993134,137.461090088,True
198.70000000000002,-0.083,-0.016,-0.013,0.4707192,0.7060788,10.34601575,3.91999983788,4.40422534943,0.449999988079,-2.40788054466,-85.5521011353,0.320064038038,-16.4744796753,0.732773602009,97683.6242676,16.5499992371,137.461090088,True
198.8,-0.083,-0.016,-0.013,0.4707192,0.7060788,10.34601575,4.15000009537,2.72896814346,0.579999983311,-1.8875310421,-85.7289428711,0.276027530432,-16.5408000946,0.69231069088,97683.6242676,16.6199989319,123.612503052,True
198.9,-0.051,-0.028,-0.008,0.5099458,0.4118793,10.2381426,4.36999988556,2.72896814346,0.719999969006,-1.8875310421,-85.7289428711,0.272405385971,-16.5557556152,0.669692575932,97683.6242676,16.6900005341,123.612503052,True
199.0,0.057,-0.024,0.006,0.30400615,0.4118793,10.5127288,4.51999998093,2.72896814346,0.849999964237,-1.8875310421,-85.7289428711,0.22330608964,-16.6364116669,0.580548107624,97683.1787109,16.75,115.588760376,True
199.10000000000002,0.044,-0.047,0.048,0.392266,0.24516625,10.79712165,4.69000005722,2.72896814346,0.959999978542,-1.8875310421,-85.7289428711,0.205126360059,-16.675567627,0.507891654968,97685.3210449,16.8099994659,115.588760376,True
199.20000000000002,-0.005,-0.047,0.06,0.392266,0.42168595,10.6696352,4.80999994278,2.72896814346,1.02999997139,-1.8875310421,-85.7289428711,0.196281969547,-16.7183246613,0.429389059544,97686.7858887,16.859998703,102.288528442,True
199.3,-0.005,-0.047,0.06,0.392266,0.42168595,10.6696352,4.85999965668,3.24234819412,1.09000003338,-0.846657752991,-86.3181915283,0.181752026081,-16.742521286,0.396213799715,97686.7858887,16.8999996185,102.288528442,True
199.4,0.031,-0.032,0.058,0.51975245,0.53936575,9.7478101,5.06999969482,3.24234819412,1.16999995708,-0.846657752991,-86.3181915283,0.146221771836,-16.7813987732,0.383568614721,97690.6066895,16.9400005341,97.5546875,True
199.5,-0.076,-0.041,0.028,0.4511059,0.50013915,10.26756255,5.32999992371,3.24234819412,1.28999996185,-0.846657752991,-86.3181915283,0.082820057869,-16.8183364868,0.414371490479,97688.1835938,16.9699993134,97.5546875,True
199.60000000000002,-0.087,-0.039,0.017,0.44129925,0.63743225,10.42446895,5.61999988556,3.24234819412,1.40999996662,-0.846657752991,-86.3181915283,0.0322367958724,-16.8485584259,0.379008919001,97685.3637695,17.0100002289,88.7391052246,True
199.70000000000002,-0.087,-0.039,0.017,0.44129925,0.63743225,10.42446895,5.96000003815,2.31087422371,1.5,0.053739823401,-87.3945007324,-0.0504145994782,-16.8763256073,0.337283283472,97685.3637695,17.0599994659,88.7391052246,True
199.8,0.033,-0.012,-0.035,0.4903325,0.73549875,9.9439431,6.38999986649,2.31087422371,1.58999991417,0.053739823401,-87.3945007324,-0.120971001685,-16.9044418335,0.341604858637,97690.9851074,17.0900001526,84.5557250977,True
199.9,0.061,-0.021,-0.058,0.50013915,0.4118793,10.0223963,6.82999992371,2.31087422371,1.69999992847,0.053739823401,-87.3945007324,-0.17150734365,-16.931142807,0.34929510951,97691.4611816,17.1299991608,84.5557250977,True
200.0,0.065,-0.021,-0.056,0.6080123,0.32361945,9.9243298,7.19000005722,2.31087422371,1.81999993324,0.053739823401,-87.3945007324,-0.206704303622,-16.9512252808,0.360433459282,97691.4611816,17.1700000763,80.0327301025,True
200.10000000000002,0.031,-0.027,-0.049,0.59820565,0.2157463,10.2381426,7.44000005722,2.96746873856,1.93999993801,0.358380675316,-86.6170349121,-0.233507797122,-16.9766654968,0.351167589426,97689.050293,17.2099990845,80.0327301025,True
200.20000000000002,0.031,-0.027,-0.049,0.59820565,0.2157463,10.2381426,7.81999969482,2.96746873856,2.12999987602,0.358380675316,-86.6170349121,-0.233507797122,-16.9766654968,0.351167589426,97689.050293,17.2899990082,70.2498474121,True
200.3,0.02,-0.007,0.001,0.5687857,0.3530394,10.38524235,7.81999969482,2.96746873856,2.12999987602,0.358380675316,-86.6170349121,-0.249359712005,-17.0218830109,0.248276412487,97695.2392578,17.2899990082,70.2498474121,True
200.4,0.062,-0.017,0.02,0.59820565,0.44129925,10.2773692,7.96000003815,3.41645359993,2.19000005722,0.769470214844,-86.1373519897,-0.26035618782,-17.0405578613,0.211948126554,97693.6645508,17.3199996948,67.3987426758,True
200.5,0.063,-0.034,0.028,0.63743225,0.42168595,10.7088618,8.13000011444,3.41645359993,2.25999999046,0.769470214844,-86.1373519897,-0.263107866049,-17.0633392334,0.169585898519,97695.3308105,17.359998703,67.3987426758,True
200.60000000000002,0.018,-0.035,0.039,0.6668522,0.30400615,10.8657682,8.26000022888,3.41645359993,2.30999994278,0.769470214844,-86.1373519897,-0.263905256987,-17.0959739685,0.074978902936,97695.0134277,17.3799991608,59.5737457275,True
200.70000000000002,0.018,-0.035,0.039,0.6668522,0.30400615,10.8657682,8.32999992371,3.41645359993,2.32999992371,0.769470214844,-86.1373519897,-0.261331468821,-17.1168651581,0.0289845950902,97695.0134277,17.4099998474,59.5737457275,True
200.8,0.03,-0.038,0.042,0.75511205,0.36284605,10.9049948,8.43999958038,4.15252494812,2.32999992371,1.35071444511,-86.7368011475,-0.268520534039,-17.1327190399,-0.0500453040004,97693.8415527,17.4200000763,58.1567764282,True
200.9,0.038,-0.024,0.037,0.61781895,0.5687857,10.002783,8.5,4.15252494812,2.30999994278,1.35071444511,-86.7368011475,-0.262959986925,-17.1469020844,-0.0946545526385,97690.5761719,17.4200000763,58.1567764282,True
201.0,0.038,-0.024,0.037,0.61781895,0.5687857,10.002783,8.61999988556,4.15252494812,2.32999992371,1.35071444511,-86.7368011475,-0.277252852917,-17.1562328339,-0.0991628319025,97690.5761719,17.4200000763,58.1224441528,True
201.10000000000002,0.103,-0.025,0.003,0.6080123,0.63743225,10.87557485,8.73999977112,4.15252494812,2.32999992371,1.35071444511,-86.7368011475,-0.267910093069,-17.1589603424,-0.180265828967,97697.3327637,17.4099998474,58.1224441528,True
201.20000000000002,0.103,-0.025,0.003,0.6080123,0.63743225,10.87557485,8.81999969482,5.99857378006,2.28999996185,2.16599464417,-87.6094741821,-0.256038069725,-17.1612205505,-0.267397373915,97699.206543,17.3999996185,50.7263183594,True
201.3,0.081,-0.029,0.007,0.6668522,0.4511059,10.87557485,8.76999950409,5.99857378006,2.19000005722,2.16599464417,-87.6094741821,-0.208763763309,-17.1581020355,-0.388215065002,97692.6757812,17.3799991608,50.7263183594,True
201.4,0.018,-0.043,0.016,0.6472389,0.46091255,11.15016105,8.5999994278,5.99857378006,2.07999992371,2.16599464417,-87.6094741821,-0.157087773085,-17.1438617706,-0.497842937708,97695.2697754,17.359998703,51.4163970947,True
201.5,-0.018,-0.028,0.011,0.7453054,0.4118793,10.9049948,8.5,5.99857378006,1.94999992847,2.16599464417,-87.6094741821,-0.13421690464,-17.1377925873,-0.561798751354,97692.96875,17.3199996948,51.4163970947,True
201.60000000000002,0.048,-0.003,0.001,0.7060788,0.4511059,10.65982855,8.36999988556,5.99857378006,1.81999993324,2.16599464417,-87.6094741821,-0.0910490378737,-17.1249675751,-0.629874527454,97692.2607422,17.2700004578,50.7192611694,True
201.70000000000002,0.126,0.013,0.013,0.4903325,0.38245935,9.9831697,8.22000026703,7.28328752518,1.65999996662,2.89987516403,-87.7683258057,-0.0529060810804,-17.1105613708,-0.657918393612,97691.5283203,17.2099990845,50.7192611694,True
201.8,0.053,2.5717582782100003e-18,0.021,0.4511059,0.53936575,9.6889702,8.02999973297,7.28328752518,1.51999998093,2.89987516403,-87.7683258057,-0.00755085377023,-17.0940322876,-0.630678892136,97687.8601074,17.1499996185,54.8990249634,True
201.9,0.072,-0.016,0.025,0.65704555,0.6080123,11.26784085,7.5,7.28328752518,1.25,2.89987516403,-87.7683258057,0.108194537461,-17.0532226562,-0.72453302145,97690.7226562,17.0200004578,57.0202827454,True
202.0,0.155,-0.009,0.039,0.5491724,0.50013915,11.3953273,7.5,7.28328752518,1.25,2.89987516403,-87.7683258057,0.179108023643,-17.0331878662,-0.840321600437,97690.7226562,17.0200004578,57.0202827454,True
202.10000000000002,0.027,-0.066,0.039,0.91201845,0.83356525,13.6704701,7.09999990463,9.78760528564,0.979999959469,3.05985307693,-88.366897583,0.265259593725,-17.0210342407,-1.10548019409,97687.6220703,16.9499988556,57.0202827454,True
202.20000000000002,-0.058,-0.006,0.036,0.79433865,0.93163175,12.3956056,6.59999990463,9.78760528564,0.519999980927,3.05985307693,-88.366897583,0.381278812885,-16.9842662811,-1.49207961559,97691.4794922,16.8500003815,63.9972686768,True
202.3,-0.058,-0.006,0.036,0.79433865,0.93163175,12.3956056,6.17999982834,9.78760528564,0.019999999553,3.05985307693,-88.366897583,0.417243033648,-16.9573822021,-1.55923831463,97691.4794922,16.7099990845,63.9972686768,True
202.4,-0.101,0.093,-0.053,0.40207265,0.980665,7.83551335,5.98000001907,8.65362167358,-0.419999986887,3.04307222366,-88.7328948975,0.415814876556,-16.936132431,-1.40760052204,97683.2885742,16.5599994659,69.9886322021,True
202.5,-0.109,0.077,-0.106,0.50013915,0.81395195,7.97280645,5.96999979019,8.65362167358,-0.639999985695,3.04307222366,-88.7328948975,0.400557219982,-16.9129753113,-1.19994294643,97679.3701172,16.3999996185,69.9886322021,True
202.60000000000002,-0.207,0.027,-0.122,0.44129925,0.7060788,10.7284751,6.32999992371,8.65362167358,-0.839999973774,3.04307222366,-88.7328948975,0.416260719299,-16.9000034332,-1.15804255009,97675.9765625,16.2700004578,73.6721038818,True
202.70000000000002,-0.207,0.027,-0.122,0.44129925,0.7060788,10.7284751,6.25999975204,8.65362167358,-1.09000003338,3.04307222366,-88.7328948975,0.419812470675,-16.8991374969,-1.13996577263,97675.9765625,16.1499996185,73.6721038818,True
202.8,0.037,0.073,-0.134,0.4903325,0.5295591,8.87501825,6.30999994278,6.91388225555,-1.32999992371,0.964045464993,-86.2942352295,0.426396816969,-16.8977794647,-1.07299387455,97675.9643555,16.0399990082,73.2696533203,True
202.9,0.022,0.095,-0.117,0.2353596,0.20593965,7.83551335,7.26999998093,6.91388225555,-1.55999994278,0.964045464993,-86.2942352295,0.452539920807,-16.8932628632,-0.88112705946,97675.213623,15.9299993515,73.2696533203,True
203.0,0.23,0.082,-0.104,0.2941995,0.2157463,7.1000146,7.28999996185,6.91388225555,-1.65999996662,0.964045464993,-86.2942352295,0.478755056858,-16.8896446228,-0.630256772041,97672.7172852,15.8299999237,71.9245910645,True
203.10000000000002,0.1,0.043,-0.084,0.1176798,0.22555295,7.07059465,8.40999984741,6.91388225555,-1.66999995708,0.964045464993,-86.2942352295,0.516768395901,-16.8864765167,-0.387520372868,97668.9575195,15.7599992752,71.9245910645,True
203.20000000000002,-0.119,-0.001,-0.02,0.24516625,0.4314926,8.62004535,8.3499994278,8.78995990753,-1.58999991417,-0.726591944695,-84.5260238647,0.581085205078,-16.8927879333,-0.156036004424,97668.4570312,15.7100000381,73.0573654175,True
203.3,-0.119,-0.001,-0.02,0.24516625,0.4314926,8.62004535,8.15999984741,8.78995990753,-1.52999997139,-0.726591944695,-84.5260238647,0.609023630619,-16.9003353119,-0.116454318166,97668.4570312,15.6899995804,73.0573654175,True
203.4,0.003,0.033,-0.001,0.1176798,0.3334261,8.8848249,10.8299999237,8.78995990753,-1.49000000954,-0.726591944695,-84.5260238647,0.662966191769,-16.9106349945,0.048514444381,97672.1923828,15.6799993515,75.656036377,True
203.5,0.003,0.033,-0.001,0.1176798,0.3334261,8.8848249,10.8499994278,7.84840965271,-1.40999996662,-1.10482120514,-84.406211853,0.740257263184,-16.9162445068,0.175887331367,97672.1923828,15.6899995804,75.656036377,True
203.60000000000002,0.032,0.01,0.018,0.26477955,0.2941995,9.610517,13.2199993134,7.84840965271,-1.29999995232,-1.10482120514,-84.406211853,0.78972786665,-16.9202766418,0.247794017196,97673.425293,15.7100000381,72.4003753662,True
203.70000000000002,0.037,0.011,0.017,0.26477955,0.2745862,10.0812362,13.2199993134,7.84840965271,-1.18999993801,-1.10482120514,-84.406211853,0.871032953262,-16.940284729,0.275773853064,97673.425293,15.7399997711,72.4003753662,True
203.8,0.004,0.008,0.021,0.18632635,0.2941995,10.2969825,13.279999733,7.84840965271,-1.11000001431,-1.10482120514,-84.406211853,0.950802922249,-16.9453907013,0.285501360893,97670.916748,15.7699995041,72.8175201416,True
203.9,0.004,0.008,0.021,0.18632635,0.2941995,10.2969825,17.4499988556,7.84840965271,-1.02999997139,-1.10482120514,-84.406211853,1.00950729847,-16.9538898468,0.255494117737,97670.916748,15.7999992371,72.8175201416,True
204.0,0.154,0.019,0.017,0.28439285,0.4314926,9.1594111,17.5399990082,7.84840965271,-1.0,-1.10482120514,-84.406211853,1.13250112534,-16.9714660645,0.287003338337,97669.6838379,15.8299999237,69.99559021,True
204.10000000000002,0.083,0.015,0.017,0.2353596,0.784532,8.8063717,17.6800003052,10.1647167206,-0.889999985695,-1.43034982681,-85.1533355713,1.22693932056,-16.9862098694,0.422028154135,97669.4274902,15.8599996567,69.99559021,True
204.20000000000002,0.016,0.031,-0.026,0.2157463,0.5687857,8.1983594,20.9499988556,10.1647167206,-0.729999959469,-1.43034982681,-85.1533355713,1.28026556969,-17.0040092468,0.550123929977,97669.4274902,15.8999996185,65.1371917725,True
204.3,-0.032,0.007,-0.075,0.2745862,0.6864655,8.48275225,21.2899990082,10.1647167206,-0.519999980927,-1.43034982681,-85.1533355713,1.33255755901,-17.0164070129,0.754429280758,97672.9492188,15.9399995804,65.1371917725,True
204.4,0.037,0.008,-0.132,0.24516625,0.93163175,9.16921775,27.1700000763,10.7834720612,-0.229999989271,-1.99063897133,-84.6310577393,1.40900921822,-17.0508365631,0.859173476696,97677.2583008,16.0100002289,61.4195823669,True
204.5,0.241,0.006,-0.174,0.28439285,0.81395195,9.89490985,27.7699985504,10.7834720612,0.0,-1.99063897133,-84.6310577393,1.46567153931,-17.0754356384,0.895635187626,97675.5065918,16.0900001526,61.4195823669,True
204.60000000000002,0.209,-0.021,-0.209,0.2353596,0.8041453,10.05181625,29.5599994659,10.7834720612,0.229999989271,-1.99063897133,-84.6310577393,1.58397209644,-17.0943107605,0.879303693771,97675.1281738,16.1700000763,55.707359314,True
204.70000000000002,0.265,-0.058,-0.233,0.1569064,0.3530394,10.591182,30.2299995422,10.7834720612,0.659999966621,-1.99063897133,-84.6310577393,1.73392832279,-17.1112976074,0.890209317207,97681.2683105,16.2600002289,55.707359314,True
204.8,0.162,-0.093,-0.206,0.2745862,0.00980665,10.983448,30.2299995422,10.7834720612,0.669999957085,-1.99063897133,-84.6310577393,1.90092420578,-17.1125411987,0.890366613865,97681.2683105,16.3500003815,55.4718971252,True
204.9,0.143,-0.114,-0.154,0.38245935,-0.1176798,12.3759923,34.75,10.7834720612,0.889999985695,-1.99063897133,-84.6310577393,2.18775057793,-17.0985012054,0.822683870792,97681.9824219,16.4400005341,55.4718971252,True
205.0,0.268,-0.104,-0.081,0.44129925,0.02941995,12.58193195,34.7099990845,16.4608192444,1.01999998093,-2.44300723076,-78.8746032715,2.59655380249,-17.0661716461,0.585681676865,97681.9824219,16.5900001526,50.5295753479,True
205.10000000000002,0.239,-0.126,-0.014,0.5099458,0.0588399,12.93497135,35.1599998474,16.4608192444,1.0,-2.44300723076,-78.8746032715,3.13862109184,-17.0061664581,0.276682496071,97682.2875977,16.6199989319,90.8179321289,True
205.20000000000002,0.264,-0.128,0.005,0.4511059,0.36284605,12.748645,34.7700004578,20.8495407104,0.899999976158,-0.696591317654,-77.1509170532,3.37021875381,-16.9794101715,0.137392908335,97680.4504395,16.6399993896,90.8179321289,True
205.3,0.264,-0.128,0.005,0.4511059,0.36284605,12.748645,34.7700004578,20.8495407104,0.919999957085,-0.696591317654,-77.1509170532,3.83833861351,-16.8939876556,-0.0882525518537,97680.4504395,16.6299991608,92.2107696533,True
205.4,0.187,-0.113,-0.051,0.4707192,0.6472389,12.05237285,38.3799972534,20.8495407104,0.799999952316,-0.696591317654,-77.1509170532,4.21712827682,-16.8065700531,-0.243438646197,97683.7219238,16.6000003815,92.2107696533,True
205.5,0.191,-0.094,-0.085,0.44129925,1.0198916,11.38552065,38.1199989319,20.8495407104,0.649999976158,-0.696591317654,-77.1509170532,4.59675359726,-16.703830719,-0.349914431572,97683.7219238,16.6000003815,92.2107696533,True
205.60000000000002,0.202,-0.091,-0.14,0.4903325,1.0198916,10.64021525,38.7599983215,25.7585315704,0.5,1.20415663719,-75.2771453857,4.94443655014,-16.600851059,-0.394926726818,97683.7219238,16.5499992371,89.4911804199,True
205.70000000000002,0.198,-0.083,-0.202,0.46091255,1.0787315,10.22833595,38.5499992371,25.7585315704,0.379999995232,1.20415663719,-75.2771453857,5.23054599762,-16.5030059814,-0.38642808795,97684.9487305,16.5,88.4911499023,True
205.8,0.154,-0.09,-0.256,0.4903325,0.9218251,10.44408225,40.8899993896,25.7585315704,0.289999991655,1.20415663719,-75.2771453857,5.6477560997,-16.3583831787,-0.362061858177,97682.4829102,16.4400005341,89.2334899902,True
205.9,0.174,-0.083,-0.301,0.48052585,0.7060788,10.395049,40.7599983215,25.7585315704,0.219999998808,1.20415663719,-75.2771453857,6.03197193146,-16.2168674469,-0.330052435398,97682.3486328,16.3899993896,89.2334899902,True
206.0,0.224,-0.086,-0.301,0.53936575,0.9218251,10.24794925,40.5099983215,25.7585315704,0.159999996424,1.20415663719,-75.2771453857,6.34760713577,-16.0916728973,-0.29574367404,97682.3486328,16.3500003815,96.2551116943,True
206.10000000000002,0.224,-0.086,-0.301,0.53936575,0.9218251,10.24794925,41.8299980164,31.108373642,0.119999997318,0.223992526531,-68.4435348511,6.60082149506,-15.9908752441,-0.249883756042,97682.3486328,16.3099994659,96.2551116943,True
206.20000000000002,0.215,-0.14,-0.314,0.5099458,0.6080123,10.34601575,41.5599975586,31.108373642,0.170000001788,0.223992526531,-68.4435348511,7.17523145676,-15.7498407364,-0.112639039755,97680.0964355,16.2799987793,90.3858184814,True
206.3,0.205,-0.161,-0.306,0.55897905,0.69627215,10.32640245,41.2000007629,31.108373642,0.229999989271,0.223992526531,-68.4435348511,7.62316703796,-15.5532617569,-0.0109236072749,97680.0964355,16.2700004578,90.3858184814,True
206.4,0.223,-0.185,-0.293,0.6668522,0.7060788,10.77750835,43.0699996948,31.108373642,0.310000002384,0.223992526531,-68.4435348511,8.13171291351,-15.3143787384,0.0738915354013,97681.3903809,16.2600002289,61.8984222412,True
206.5,0.223,-0.2,-0.27,0.6472389,0.6864655,11.22861425,42.6100006104,31.108373642,0.409999996424,0.223992526531,-68.4435348511,8.87806892395,-14.9352025986,0.154378905892,97683.3557129,16.2799987793,62.3641014099,True
206.60000000000002,0.192,-0.212,-0.252,0.59820565,0.4118793,11.24822755,43.3999977112,38.0175209045,0.489999979734,-0.789352595806,-58.1638298035,9.09002685547,-14.8229017258,0.185138329864,97682.1594238,16.2799987793,62.3641014099,True
206.70000000000002,0.099,-0.25,-0.238,0.784532,0.6668522,11.52281375,42.8299980164,38.0175209045,0.620000004768,-0.789352595806,-58.1638298035,9.7457485199,-14.4401521683,0.255408853292,97679.5837402,16.2999992371,61.3640785217,True
206.8,0.075,-0.251,-0.244,0.71588545,1.0198916,11.48358715,42.9199981689,38.0175209045,0.740000009537,-0.789352595806,-58.1638298035,10.1972227097,-14.1488447189,0.297046840191,97681.4453125,16.3199996948,52.5541305542,True
206.9,0.075,-0.251,-0.244,0.71588545,1.0198916,11.48358715,42.1800003052,38.0175209045,0.849999964237,-0.789352595806,-58.1638298035,10.8495645523,-13.7044057846,0.347737073898,97681.4453125,16.3500003815,53.5541534424,True
207.0,0.102,-0.27,-0.268,0.87279185,0.97085835,11.7875933,41.3199996948,40.8543891907,0.979999959469,0.116172447801,-49.5589523315,11.6073112488,-13.1117572784,0.382256299257,97684.0209961,16.4200000763,54.1641235352,True
207.10000000000002,0.065,-0.274,-0.278,0.9022118,0.8629852,12.26811915,43.3199996948,40.8543891907,1.10000002384,0.116172447801,-49.5589523315,11.822388649,-12.9324207306,0.39408442378,97690.234375,16.4200000763,54.1641235352,True
207.20000000000002,0.045,-0.28,-0.283,0.93163175,1.12776475,12.2975391,42.1100006104,40.8543891907,1.33999991417,0.116172447801,-49.5589523315,12.3785257339,-12.4402923584,0.398293852806,97680.5541992,16.5100002289,49.1193771362,True
207.3,0.016,-0.306,-0.297,1.04931155,0.9218251,12.75845165,42.1100006104,40.8543891907,1.33999991417,0.116172447801,-49.5589523315,13.009144783,-11.8333883286,0.388653755188,97682.0617676,16.5100002289,49.1193771362,True
207.4,0.061,-0.319,-0.311,1.12776475,0.784532,12.87613145,41.0799980164,42.2984848022,1.43999993801,0.691894650459,-42.206817627,13.6446743011,-11.1607618332,0.361128419638,97685.333252,16.5499992371,38.3038520813,True
207.5,0.048,-0.318,-0.287,1.02969825,0.91201845,12.97419795,39.8699989319,42.2984848022,1.51999998093,0.691894650459,-42.206817627,13.9659662247,-10.7920808792,0.33734023571,97685.333252,16.5799999237,38.3038520813,True
207.60000000000002,-0.015,-0.312,-0.274,1.1179581,1.06892485,12.58193195,40.719997406,42.2984848022,1.58999991417,0.691894650459,-42.206817627,14.4614114761,-10.1564474106,0.310066908598,97693.0297852,16.609998703,33.1764221191,True
207.70000000000002,-0.022,-0.308,-0.267,1.08853815,1.2748645,12.24850585,39.4399986267,42.2984848022,1.64999997616,0.691894650459,-42.206817627,14.9213886261,-9.53446960449,0.308526486158,97690.9667969,16.6399993896,33.1764221191,True
207.8,-0.022,-0.308,-0.267,1.08853815,1.2748645,12.24850585,38.5400009155,43.2975120544,1.7199999094,1.66770112514,-32.2944641113,15.3332147598,-8.88850688934,0.294935494661,97690.9667969,16.6700000763,20.6458091736,True
207.9,0.002,-0.317,-0.306,1.0983448,1.2160246,13.0428445,37.0299987793,43.2975120544,1.77999997139,1.66770112514,-32.2944641113,15.8835382462,-7.90813159943,0.206810295582,97684.9975586,16.6999988556,20.6458091736,True
208.0,-0.087,-0.344,-0.299,1.24544455,1.1964113,13.93524965,35.2700004578,42.7979316711,1.77999997139,2.4410507679,-24.6627063751,16.2550964355,-7.14937782288,0.098199903965,97681.7382812,16.7199993134,4.4958114624,True
208.10000000000002,-0.004,-0.355,-0.277,1.3533177,1.20621795,15.75928655,34.2599983215,42.7979316711,1.75,2.4410507679,-24.6627063751,16.6138076782,-6.28779935837,-0.112815573812,97681.7382812,16.7299995422,4.4958114624,True
208.20000000000002,-0.032,-0.353,-0.26,1.32389775,1.01008495,16.1809725,31.7899990082,42.7979316711,1.57999992371,2.4410507679,-24.6627063751,16.8881454468,-5.53227567673,-0.34047627449,97684.4116211,16.7199993134,-13.6529922485,True
208.3,-0.123,-0.331,-0.215,1.28467115,1.10815145,15.0041745,28.9699993134,42.7979316711,1.29999995232,2.4410507679,-24.6627063751,17.1806030273,-4.58548116684,-0.585643708706,97678.4484863,16.6700000763,-13.6529922485,True
208.4,-0.177,-0.303,-0.196,1.176798,1.2748645,14.03331615,25.7199993134,42.7979316711,0.949999988079,2.4410507679,-24.6627063751,17.3881225586,-3.71165299416,-0.770381689072,97683.5144043,16.6000003815,-13.5555267334,True
208.5,-0.177,-0.303,-0.196,1.176798,1.2748645,14.03331615,22.7899990082,41.8561935425,0.569999992847,4.6621966362,-13.9674530029,17.5396175385,-2.72386026382,-0.981369376183,97683.5144043,16.5,-13.5555267334,True
208.60000000000002,-0.359,-0.169,-0.272,0.8041453,1.65732385,11.99353295,19.5,41.8561935425,0.119999997318,4.6621966362,-13.9674530029,17.5957775116,-1.99388873577,-1.10536575317,97682.9040527,16.2399997711,-22.181892395,True
208.70000000000002,-0.291,-0.165,-0.309,0.89240515,1.4121576,11.6895268,16.4200000763,41.8561935425,-0.319999992847,4.6621966362,-13.9674530029,17.6040401459,-1.51027810574,-1.148229599,97682.9040527,16.2399997711,-22.181892395,True
208.8,-0.241,-0.106,-0.334,0.69627215,1.0395049,11.3168741,13.6999998093,37.51379776,-0.75,4.79413414001,-7.51406431198,17.602596283,-0.740047931671,-1.20555305481,97675.5737305,16.0900001526,-47.9663848877,True
208.9,-0.241,-0.106,-0.334,0.69627215,1.0395049,11.3168741,10.6499996185,37.51379776,-1.16999995708,4.79413414001,-7.51406431198,17.5735969543,-0.264079093933,-1.09321093559,97675.5737305,15.9399995804,-47.9663848877,True
209.0,-0.374,-0.08,-0.274,0.4314926,0.99047165,10.40485565,8.30999946594,37.51379776,-1.5,4.79413414001,-7.51406431198,17.5253276825,0.0763494595885,-0.985648751259,97676.385498,15.7899999619,-48.762512207,True
209.10000000000002,-0.247,-0.089,-0.28,0.40207265,0.87279185,10.6696352,6.05999994278,37.51379776,-1.77999997139,4.79413414001,-7.51406431198,17.454744339,0.53470736742,-0.939205765724,97673.9501953,15.6599998474,-48.762512207,True
209.20000000000002,-0.247,-0.089,-0.28,0.40207265,0.87279185,10.6696352,3.67999982834,37.51379776,-2.06999993324,4.79413414001,-7.51406431198,17.3988800049,0.824069023132,-0.938319861889,97673.9501953,15.5399999619,-57.2675704956,True
209.3,-0.33,-0.036,-0.213,0.14709975,1.0198916,9.0613446,1.12000000477,31.3761100769,-2.41999983788,2.73394846916,-0.425031363964,17.2733325958,1.39019274712,-0.889122784138,97668.5119629,15.4299993515,-57.2675704956,True
209.4,-0.33,-0.036,-0.213,0.14709975,1.0198916,9.0613446,-0.959999978542,31.3761100769,-2.66999983788,2.73394846916,-0.425031363964,17.2103652954,1.58550572395,-0.819638609886,97668.5119629,15.3099994659,-62.225151062,True
209.5,-0.372,-0.025,-0.222,0.02941995,1.176798,9.5124505,-2.84999990463,31.3761100769,-2.92999982834,2.73394846916,-0.425031363964,17.06067276,1.99453163147,-0.693803787231,97658.59375,15.2100000381,-62.225151062,True
209.60000000000002,-0.414,-0.032,-0.236,-0.00980665,0.69627215,10.8461549,-4.56999969482,24.2426567078,-3.17999982834,1.59959948063,4.62781381607,16.9177207947,2.34201526642,-0.686826169491,97660.1257324,15.1099996567,-54.3493270874,True
209.70000000000002,-0.32,-0.062,-0.21,0.22555295,0.69627215,11.7875933,-6.42000007629,24.2426567078,-3.47000002861,1.59959948063,4.62781381607,16.7947063446,2.63530445099,-0.779775679111,97660.1257324,15.0199995041,-54.3493270874,True
209.8,-0.32,-0.062,-0.21,0.22555295,0.69627215,11.7875933,-8.31999969482,24.2426567078,-3.82999992371,1.59959948063,4.62781381607,16.6758995056,2.93083548546,-0.930643975735,97657.9223633,14.7999992371,-53.536605835,True
209.9,-0.343,-0.048,-0.13,0.0588399,0.5687857,11.6895268,-10.2100000381,24.2426567078,-4.25999975204,1.59959948063,4.62781381607,16.6045970917,3.09152722359,-1.01889014244,97650.6225586,14.7999992371,-53.536605835,True
210.0,-0.368,-0.015,-0.05,-0.1569064,0.38245935,10.26756255,-11.8999996185,17.4709472656,-4.71999979019,1.25935721397,8.4611415863,16.4260902405,3.35823655128,-1.05430650711,97652.5817871,14.6700000763,-49.4527816772,True
210.10000000000002,-0.322,0.001,-0.001,-0.1765197,0.53936575,9.8851032,-13.25,17.4709472656,-5.11999988556,1.25935721397,8.4611415863,16.321811676,3.47084832191,-1.06238377094,97652.5817871,14.5199995041,-49.4527816772,True
210.20000000000002,-0.322,0.001,-0.001,-0.1765197,0.53936575,9.8851032,-14.4299993515,17.4709472656,-5.53999996185,1.25935721397,8.4611415863,16.2091503143,3.56624174118,-1.05799746513,97652.5817871,14.3800001144,-45.2512741089,True
210.3,-0.466,0.059,0.007,-0.2353596,0.8237586,9.2378643,-15.3099994659,9.20911407471,-5.94999980927,1.30510497093,9.07989597321,16.0993442535,3.59744977951,-1.06679987907,97646.3867188,14.2299995422,-45.2512741089,True
210.4,-0.477,0.071,-0.014,-0.20593965,0.6276256,9.60071035,-15.8599996567,9.20911407471,-6.33999967575,1.30510497093,9.07989597321,15.9994573593,3.57540893555,-1.00708973408,97646.3867188,14.0900001526,-31.7728042603,True
210.5,-0.477,0.071,-0.014,-0.20593965,0.6276256,9.60071035,-16.2199993134,9.20911407471,-6.69999980927,1.30510497093,9.07989597321,15.9462003708,3.551831007,-1.02251148224,97646.3867188,13.9499998093,-31.7728042603,True
210.60000000000002,-0.38,0.084,-0.026,-0.20593965,0.6276256,8.9828914,-16.4200000763,9.20911407471,-7.09999990463,1.30510497093,9.07989597321,15.8694429398,3.48398160934,-1.03817486763,97644.8547363,13.8099994659,-17.2700881958,True
210.70000000000002,-0.362,0.099,-0.046,-0.3726527,0.67665885,9.20844435,-16.4300003052,9.20911407471,-7.44000005722,1.30510497093,9.07989597321,15.7678499222,3.30576562881,-0.916998267174,97640.9057617,13.6700000763,-17.2700881958,True
210.8,-0.447,0.084,-0.047,-0.30400615,0.73549875,8.99269805,-16.2899990082,-1.45811128616,-7.75,-0.507075130939,9.59799861908,15.7487030029,3.25003027916,-0.890949785709,97640.9057617,13.5499992371,-10.9296798706,True
210.9,-0.428,0.11,-0.029,-0.28439285,0.5687857,9.12999115,-16.0,-1.45811128616,-8.05999946594,-0.507075130939,9.59799861908,15.7045202255,3.00097155571,-0.813096046448,97639.9353027,13.4200000763,-10.9296798706,True
211.0,-0.292,0.087,-0.037,-0.2745862,0.5295591,10.24794925,-15.3999996185,-1.45811128616,-8.34000015259,-0.507075130939,9.59799861908,15.6924819946,2.82121229172,-0.815018355846,97638.2141113,13.3099994659,9.40990447998,True
211.10000000000002,-0.201,0.115,-0.015,-0.6080123,0.6864655,9.1201845,-14.6399993896,-1.45811128616,-8.65999984741,-0.507075130939,9.59799861908,15.6787891388,2.50371098518,-0.750417172909,97638.2141113,13.1999998093,9.40990447998,True
211.20000000000002,-0.303,0.088,-0.018,-0.36284605,0.2941995,8.93385815,-13.8499994278,-10.1745462418,-8.89999961853,-2.87966752052,10.746131897,15.6724309921,2.36914825439,-0.662616550922,97637.5915527,13.0999994278,29.6387672424,True
211.3,-0.349,0.057,-0.006,-0.4511059,0.08825985,10.56176205,-12.9600000381,-10.1745462418,-9.07999992371,-2.87966752052,10.746131897,15.6688194275,2.11245560646,-0.604414880276,97635.1989746,13.0099992752,29.6387672424,True
211.4,-0.084,0.086,0.047,-0.40207265,0.1176798,8.87501825,-10.7399997711,-10.1745462418,-9.51000022888,-2.87966752052,10.746131897,15.6857709885,1.78362870216,-0.553846180439,97633.0810547,12.8400001526,57.9607009888,True
211.5,0.037,0.102,0.074,-0.6080123,0.02941995,8.8652116,-10.7299995422,-10.1745462418,-9.51000022888,-2.87966752052,10.746131897,15.6919393539,1.53249561787,-0.3770801723,97633.0810547,12.8400001526,57.9607009888,True
211.60000000000002,0.11,0.083,0.113,-0.36284605,-0.1569064,8.6494653,-8.68999958038,-13.8414449692,-9.71000003815,-4.57040452957,10.7566833496,15.7093381882,1.30467879772,-0.206681698561,97634.2712402,12.7399997711,66.3561859131,True
211.70000000000002,0.229,0.071,0.16,-0.3138128,-0.18632635,8.11009955,-8.68999958038,-13.8414449692,-9.71000003815,-4.57040452957,10.7566833496,15.7370729446,1.13600099087,-0.114894092083,97633.3251953,12.7399997711,66.3561859131,True
211.8,0.144,0.074,0.208,-0.63743225,0.196133,8.4533323,-7.78999996185,-13.8414449692,-9.76000022888,-4.57040452957,10.7566833496,15.7669496536,0.906663000584,0.0883806198835,97631.7016602,12.6999998093,80.9119262695,True
211.9,0.05,0.068,0.227,-0.53936575,0.12748645,7.9629998,-6.94999980927,-13.8414449692,-9.75,-4.57040452957,10.7566833496,15.7878932953,0.698383331299,0.346312224865,97630.9753418,12.6899995804,80.9119262695,True
212.0,0.051,0.043,0.208,-0.57859235,0.02941995,8.7475318,-6.10999965668,-13.8414449692,-9.65999984741,-4.57040452957,10.7566833496,15.8222618103,0.563386142254,0.450450330973,97632.6904297,12.6999998093,77.712059021,True
212.10000000000002,0.012,0.061,0.244,-0.63743225,0.0588399,8.46313895,-5.34999990463,-9.50007820129,-9.57999992371,-7.93486118317,5.51935482025,15.8548622131,0.417152047157,0.633200228214,97632.5073242,12.7299995422,77.712059021,True
212.20000000000002,0.005,0.048,0.246,-0.7060788,0.196133,9.3947707,-4.5499997139,-9.50007820129,-9.46000003815,-7.93486118317,5.51935482025,15.9092941284,0.22417460382,0.762021243572,97634.1918945,12.7699995041,77.0604095459,True
212.3,0.097,0.038,0.264,-0.5295591,0.44129925,7.9826131,-3.77999997139,-9.50007820129,-9.31999969482,-7.93486118317,5.51935482025,15.9334917068,0.0716847702861,0.881331861019,97632.9833984,12.8299999237,77.0604095459,True
212.4,0.097,0.038,0.264,-0.5295591,0.44129925,7.9826131,-2.75999999046,-9.50007820129,-9.13999938965,-7.93486118317,5.51935482025,15.9522705078,-0.0489040091634,0.984139442444,97632.9833984,12.8999996185,73.1360473633,True
212.5,-0.01,0.016,0.149,-0.6080123,0.63743225,8.38468575,-1.7199999094,-7.97126293182,-8.90999984741,-9.3776884079,0.994456231594,15.9799823761,-0.218109831214,1.07616591454,97636.3647461,12.9899997711,73.1360473633,True
212.60000000000002,0.046,0.004,0.088,-0.69627215,0.4314926,10.002783,-0.639999985695,-7.97126293182,-8.68999958038,-9.3776884079,0.994456231594,16.0419979095,-0.469349503517,1.21017110348,97637.4267578,13.0900001526,83.5297546387,True
212.70000000000002,0.114,0.031,0.076,-0.7060788,0.57859235,9.1594111,0.319999992847,-7.97126293182,-8.4299993515,-9.3776884079,0.994456231594,16.098110199,-0.643870949745,1.31704890728,97637.4267578,13.1999998093,83.5297546387,True
212.8,0.151,5.0210518765e-18,0.041,-0.48052585,0.08825985,9.14960445,1.37999999523,-7.26014947891,-8.1799993515,-9.878033638,-1.11266422272,16.1513156891,-0.840204596519,1.44021832943,97641.3085938,13.3199996948,83.0372772217,True
212.9,0.151,5.0210518765e-18,0.041,-0.48052585,0.08825985,9.14960445,2.32999992371,-7.26014947891,-7.85999965668,-9.878033638,-1.11266422272,16.18400383,-0.921048343182,1.49661576748,97641.3085938,13.4600000381,83.0372772217,True
213.0,0.098,-0.024,0.038,-0.6668522,0.5099458,9.4928372,3.22000002861,-7.26014947891,-7.53999996185,-9.878033638,-1.11266422272,16.27825737,-1.14534687996,1.62099790573,97646.4660645,13.5999994278,68.2518920898,True
213.10000000000002,0.052,-0.005,0.015,-0.5295591,0.4903325,10.2381426,5.03999996185,-4.57422590256,-6.85999965668,-9.82342433929,-2.0759510994,16.3219680786,-1.26503241062,1.63991725445,97648.3886719,13.9200000763,65.3134307861,True
213.20000000000002,0.042,-0.006,0.005,-0.5099458,0.2745862,11.05209455,5.03999996185,-4.57422590256,-6.85999965668,-9.82342433929,-2.0759510994,16.4186038971,-1.42328357697,1.51827073097,97647.5708008,13.9200000763,65.3134307861,True
213.3,0.047,-0.017,0.019,-0.8433719,0.69627215,10.6107953,5.94000005722,-4.57422590256,-6.61999988556,-9.82342433929,-2.0759510994,16.462184906,-1.53646051884,1.50104558468,97654.8034668,14.0799999237,65.3134307861,True
213.4,-0.023,-0.044,5.388445916250001e-18,-0.83356525,0.4511059,9.85568325,6.90999984741,-4.57422590256,-6.35999965668,-9.82342433929,-2.0759510994,16.5265789032,-1.69124031067,1.44950067997,97652.2644043,14.2299995422,42.3615455627,True
213.5,-0.023,-0.044,5.388445916250001e-18,-0.83356525,0.4511059,9.85568325,7.82999992371,-3.86071276665,-6.07999992371,-9.32143115997,-2.51609897614,16.5737419128,-1.82600808144,1.50213646889,97652.2644043,14.5199995041,34.9424362183,True
213.60000000000002,0.109,-0.079,-0.021,-0.65704555,0.00980665,10.5127288,8.68999958038,-3.86071276665,-5.76999998093,-9.32143115997,-2.51609897614,16.6114597321,-1.89781975746,1.470089674,97657.7026367,14.5199995041,34.9424362183,True
213.70000000000002,0.17,-0.076,-0.006,-0.6864655,0.08825985,10.4146623,9.46999931335,-3.86071276665,-5.48000001907,-9.32143115997,-2.51609897614,16.6361141205,-1.95168149471,1.43187391758,97660.7971191,14.6599998474,34.9424362183,True
213.8,0.26,-0.067,0.078,-0.65704555,0.1176798,11.11093445,10.2100000381,-3.86071276665,-5.23999977112,-9.32143115997,-2.51609897614,16.7088451385,-2.02747964859,1.2626491785,97662.0117188,14.8099994659,24.0622520447,True
213.9,0.215,-0.071,0.118,-0.6472389,0.14709975,11.4149406,10.7899999619,-3.86071276665,-5.0499997139,-9.32143115997,-2.51609897614,16.7503013611,-2.05718326569,1.14553070068,97666.5588379,14.9399995804,24.0622520447,True
214.0,0.215,-0.071,0.118,-0.6472389,0.14709975,11.4149406,11.2699995041,0.749157130718,-4.88999986649,-7.19046354294,-3.93989610672,16.7898082733,-2.09050536156,1.03582787514,97666.5588379,15.1700000763,14.2087936401,True
214.10000000000002,0.066,-0.086,0.108,-0.4118793,0.5687857,11.6895268,11.7699995041,0.749157130718,-4.73999977112,-7.19046354294,-3.93989610672,16.8160533905,-2.12404513359,0.917607665062,97666.6992188,15.1700000763,14.2087936401,True
214.20000000000002,0.037,-0.087,0.066,-0.6276256,0.67665885,12.15043935,12.3099994659,0.749157130718,-4.65000009537,-7.19046354294,-3.93989610672,16.8504714966,-2.16312551498,0.711709797382,97671.3195801,15.2599992752,2.19469070435,True
214.3,0.051,-0.101,0.008,-0.4511059,0.6668522,12.6505785,12.8499994278,0.749157130718,-4.61999988556,-7.19046354294,-3.93989610672,16.8918170929,-2.19691252708,0.401003926992,97668.6096191,15.3399991989,2.19469070435,True
214.4,0.018,-0.064,-0.021,-0.36284605,0.42168595,11.71894675,13.3400001526,0.749157130718,-4.71999979019,-7.19046354294,-3.93989610672,16.9169063568,-2.2054746151,0.194408252835,97670.6542969,15.3899993896,-5.26638031006,True
214.5,0.108,-0.047,-0.017,-0.44129925,0.42168595,11.0226746,13.75,3.07823061943,-4.83999967575,-4.73039722443,-5.58405637741,16.9225692749,-2.20803594589,0.0430940650403,97675.0427246,15.4200000763,-5.26638031006,True
214.60000000000002,0.11,-0.016,-0.026,-0.61781895,0.28439285,10.11065615,14.0699996948,3.07823061943,-4.94999980927,-4.73039722443,-5.58405637741,16.9246311188,-2.19334459305,-0.0587818585336,97675.0427246,15.4299993515,-12.7281188965,True
214.70000000000002,0.081,-0.033,-0.026,-0.5491724,0.196133,10.787315,14.3299999237,3.07823061943,-5.0499997139,-4.73039722443,-5.58405637741,16.9153270721,-2.14725542068,-0.133217319846,97676.2573242,15.4200000763,-12.7281188965,True
214.8,0.375,-0.026,0.01,-0.5295591,0.2157463,11.3953273,14.4299993515,3.07823061943,-5.13999986649,-4.73039722443,-5.58405637741,16.9044876099,-2.06319522858,-0.218560889363,97673.1933594,15.4099998474,-16.0266876221,True
214.9,0.073,-0.016,0.053,-0.4707192,0.12748645,11.1207411,14.4099998474,7.21033287048,-5.23000001907,-4.01183605194,-5.47020149231,16.9131641388,-1.98421597481,-0.39979404211,97673.1933594,15.3999996185,-16.0266876221,True
215.0,0.19,-0.023,0.051,-0.7060788,0.08825985,11.2384209,14.25,7.21033287048,-5.44000005722,-4.01183605194,-5.47020149231,16.8940429688,-1.85041761398,-0.480953335762,97668.4326172,15.3800001144,-17.5792694092,True
215.10000000000002,0.228,-0.017,0.051,-0.5295591,-0.00980665,11.38552065,13.5499992371,7.21033287048,-5.78999996185,-4.01183605194,-5.47020149231,16.8825073242,-1.66934859753,-0.610298514366,97671.4111328,15.2899999619,-15.6352996826,True
215.20000000000002,0.155,-0.04,0.088,-0.4707192,0.32361945,10.97364135,13.5599994659,7.21033287048,-5.77999973297,-4.01183605194,-5.47020149231,16.8726615906,-1.52571511269,-0.703947424889,97674.0539551,15.2299995422,-15.6352996826,True
215.3,0.01,-0.009,0.074,-0.65704555,0.7649187,10.395049,13.0999994278,10.7840070724,-6.02999973297,-3.27580785751,-6.97499704361,16.8589115143,-1.4545674324,-0.742256224155,97673.9257812,15.2299995422,-15.6352996826,True
215.4,-0.082,-0.015,0.023,-0.6080123,0.7649187,9.99297635,12.75,10.7840070724,-6.25,-3.27580785751,-6.97499704361,16.8386917114,-1.3681024313,-0.761350393295,97669.3481445,15.1700000763,-15.9343719482,True
215.5,-0.154,-0.004,-0.025,-0.588399,0.75511205,10.54214875,12.4499998093,10.7840070724,-6.46999979019,-3.27580785751,-6.97499704361,16.8182067871,-1.26834058762,-0.773232936859,97670.4284668,15.0999994278,-15.9343719482,True
215.60000000000002,-0.1,0.024,-0.067,-0.63743225,0.77472535,10.1793027,12.2399997711,10.7840070724,-6.67000007629,-3.27580785751,-6.97499704361,16.7895030975,-1.19568586349,-0.796222269535,97670.4284668,15.029999733,-10.7187271118,True
215.70000000000002,-0.071,0.033,-0.082,-0.50013915,0.6472389,10.07142955,12.0900001526,8.84627246857,-6.85999965668,-3.31182217598,-6.81493997574,16.7561130524,-1.0951654911,-0.797068059444,97668.5058594,14.9600000381,-10.7187271118,True
215.8,0.167,0.044,-0.126,-0.53936575,0.4903325,8.629852,11.9899997711,8.84627246857,-7.06999969482,-3.31182217598,-6.81493997574,16.7389240265,-1.05375623703,-0.769888103008,97668.9147949,14.8899993896,-9.25903320312,True
215.9,0.328,0.033,-0.142,-0.63743225,0.20593965,8.38468575,11.8299999237,8.84627246857,-7.19999980927,-3.31182217598,-6.81493997574,16.7291297913,-0.978288531303,-0.648991346359,97663.0859375,14.8199996948,-9.25903320312,True
216.0,0.406,0.045,-0.098,-0.6472389,0.1765197,8.50236555,11.4799995422,10.2743968964,-7.21999979019,-4.03747844696,-5.53585290909,16.7076931,-0.791974186897,-0.404359579086,97662.0544434,14.7299995422,-9.91287231445,True
216.10000000000002,0.406,0.045,-0.098,-0.6472389,0.1765197,8.50236555,10.9699993134,10.2743968964,-7.21000003815,-4.03747844696,-5.53585290909,16.6994972229,-0.618966579437,-0.216577619314,97662.0544434,14.7100000381,-5.52539825439,True
216.20000000000002,0.02,-0.016,0.01,-0.4314926,0.1372931,9.5124505,10.2399997711,10.2743968964,-7.15999984741,-4.03747844696,-5.53585290909,16.7060508728,-0.504197716713,-0.166002735496,97664.3737793,14.7100000381,-5.52539825439,True
216.3,-0.021,0.014,0.018,-0.5687857,0.4511059,8.9828914,8.59000015259,10.2743968964,-7.06999969482,-4.03747844696,-5.53585290909,16.7183895111,-0.28633159399,-0.0227000061423,97663.7451172,14.7100000381,-5.53169250488,True
216.4,-0.052,0.007,0.021,-0.44129925,0.4903325,8.85540495,8.59000015259,15.080830574,-7.06999969482,-4.7684006691,-4.46896791458,16.729352951,-0.0779557824135,0.0704509690404,97663.0126953,14.7100000381,-5.53169250488,True
216.5,-0.12,0.042,-0.014,-0.61781895,0.6080123,9.2574776,7.76999998093,15.080830574,-7.00999975204,-4.7684006691,-4.46896791458,16.7350883484,0.0619125701487,0.166483283043,97661.8713379,14.7199993134,-5.53169250488,True
216.60000000000002,-0.104,0.04,-0.051,-0.588399,0.51975245,9.3555441,7.09999990463,15.080830574,-6.92999982834,-4.7684006691,-4.46896791458,16.7436389923,0.192402809858,0.28041318059,97665.246582,14.75,-6.36749267578,True
216.70000000000002,-0.104,0.04,-0.051,-0.588399,0.51975245,9.3555441,6.44999980927,15.080830574,-6.80999994278,-4.7684006691,-4.46896791458,16.7478694916,0.314427495003,0.383751660585,97665.246582,14.779999733,-6.36749267578,True
216.8,-0.179,0.022,-0.081,-0.67665885,0.6668522,9.1005712,5.81999969482,12.9618463516,-6.67999982834,-5.59018754959,-4.10384941101,16.7529525757,0.400107204914,0.468138486147,97661.0229492,14.8299999237,-11.2764358521,True
216.9,-0.156,0.006,-0.106,-0.5295591,0.6472389,9.7674234,5.11999988556,12.9618463516,-6.3799996376,-5.59018754959,-4.10384941101,16.768081665,0.479918509722,0.55186021328,97665.4724121,14.9399995804,-12.3071670532,True
217.0,-0.097,0.005,-0.13,-0.4511059,0.5491724,10.0812362,5.11999988556,12.9618463516,-6.3799996376,-5.59018754959,-4.10384941101,16.7866897583,0.560836493969,0.539001047611,97665.7775879,14.9399995804,-12.3071670532,True
217.10000000000002,-0.097,0.005,-0.13,-0.4511059,0.5491724,10.0812362,4.58999967575,12.9618463516,-6.27999973297,-5.59018754959,-4.10384941101,16.8198165894,0.689381480217,0.564604520798,97665.7775879,15.0599994659,-15.6749725342,True
217.20000000000002,-0.115,0.003,-0.11,-0.69627215,0.2353596,10.01258965,4.56999969482,9.61207675934,-6.13999986649,-6.30807256699,-1.62897646427,16.8444690704,0.799846351147,0.575993359089,97668.5241699,15.0599994659,-15.6749725342,True
217.3,-0.143,-0.025,-0.041,-0.5687857,-0.02941995,9.48303055,3.97000002861,9.61207675934,-6.01999998093,-6.30807256699,-1.62897646427,16.8564109802,0.893287241459,0.610195100307,97666.7175293,15.1899995804,-25.8157730103,True
217.4,-0.106,-0.015,0.02,-0.69627215,0.2745862,9.218251,4.94000005722,9.61207675934,-5.8799996376,-6.30807256699,-1.62897646427,16.8704624176,0.964122235775,0.654678344727,97666.7175293,15.1899995804,-25.8157730103,True
217.5,-0.126,-0.045,0.053,-0.59820565,0.42168595,10.8657682,4.56999969482,9.61207675934,-5.71999979019,-6.30807256699,-1.62897646427,16.8867378235,1.02283322811,0.587358057499,97668.8598633,15.2599992752,-25.8157730103,True
217.60000000000002,-0.122,-0.02,0.021,-0.57859235,0.46091255,9.7870367,4.27999973297,6.57915973663,-5.63999986649,-6.055788517,-0.907481014729,16.9031963348,1.05107820034,0.606913089752,97673.6755371,15.3299999237,-36.5785598755,True
217.70000000000002,-0.192,-0.027,0.014,-0.5687857,0.4314926,10.77750835,5.85999965668,6.57915973663,-5.48999977112,-6.055788517,-0.907481014729,16.9229850769,1.06780147552,0.555077195168,97673.6755371,15.3899993896,-36.5785598755,True
217.8,0.018,-0.011,-0.031,-0.77472535,0.26477955,10.3558224,5.90999984741,6.57915973663,-5.44000005722,-6.055788517,-0.907481014729,16.9285125732,1.06939208508,0.524191379547,97674.4567871,15.4499998093,-44.1028594971,True
217.9,0.085,-3.18408167778e-18,-0.026,-0.7453054,0.38245935,10.52253545,9.51000022888,6.57915973663,-5.23000001907,-6.055788517,-0.907481014729,16.9313850403,1.0940734148,0.516345560551,97674.4567871,15.5599994659,-43.0746078491,True
218.0,0.069,-0.032,-0.018,-0.67665885,0.3334261,10.62060195,9.51000022888,6.57915973663,-5.23000001907,-6.055788517,-0.907481014729,16.9304733276,1.11139571667,0.4976824224,97671.7956543,15.5599994659,-43.0746078491,True
218.10000000000002,0.113,-0.04,-0.024,-0.65704555,0.1176798,10.5519554,9.61999988556,5.53657054901,-5.13999986649,-5.64840459824,-0.815582036972,16.9209632874,1.15159118176,0.503289341927,97677.154541,15.6099996567,-43.0746078491,True
218.20000000000002,0.106,-0.044,-0.013,-0.6080123,0.22555295,10.395049,12.5599994659,5.53657054901,-5.01999998093,-5.64840459824,-0.815582036972,16.9194583893,1.19297146797,0.459094256163,97677.154541,15.6700000763,-43.1076049805,True
218.3,0.101,-0.029,0.013,-0.588399,0.0784532,9.7478101,12.6899995804,5.53657054901,-4.94999980927,-5.64840459824,-0.815582036972,16.9075603485,1.28902733326,0.433427035809,97677.5939941,15.7199993134,-42.1075820923,True
218.4,0.094,-0.033,0.044,-0.65704555,0.1765197,10.09104285,17.25,7.38569259644,-4.83999967575,-4.99054002762,-0.475953787565,16.9045619965,1.37728571892,0.41555133462,97675.3479004,15.7699995041,-42.1611785889,True
218.5,0.094,-0.033,0.044,-0.65704555,0.1765197,10.09104285,17.4599990845,7.38569259644,-4.75,-4.99054002762,-0.475953787565,16.9013843536,1.41100502014,0.42592549324,97675.3479004,15.8199996948,-43.1612014771,True
218.60000000000002,0.225,-0.015,0.053,-0.588399,0.4903325,9.8458766,20.5799999237,7.38569259644,-4.61999988556,-4.99054002762,-0.475953787565,16.8872489929,1.47841322422,0.427716702223,97674.3713379,15.8699998856,-45.1856613159,True
218.70000000000002,0.123,0.003,-0.019,-0.6080123,0.67665885,7.81590005,20.9699993134,10.5145311356,-4.5,-4.51226758957,-1.17250096798,16.8660354614,1.58582341671,0.550364553928,97679.1320801,15.9200000763,-45.1856613159,True
218.8,0.114,0.004,-0.075,-0.71588545,0.75511205,8.1002929,21.3999996185,10.5145311356,-4.30999994278,-4.51226758957,-1.17250096798,16.8463191986,1.62680160999,0.705348014832,97679.1320801,15.9699993134,-32.8754425049,True
218.9,0.167,-0.009,-0.15,-0.7060788,0.4903325,8.81617835,25.8999996185,10.5145311356,-4.00999975204,-4.51226758957,-1.17250096798,16.822271347,1.69479334354,0.873842775822,97679.3151855,16.0299987793,-32.8754425049,True
219.0,0.191,-0.03,-0.167,-0.48052585,0.4314926,9.26728425,26.3699989319,10.5145311356,-3.70999979973,-4.51226758957,-1.17250096798,16.7958850861,1.83302414417,1.00166654587,97678.6437988,16.1199989319,-26.3290405273,True
219.10000000000002,0.191,-0.03,-0.167,-0.48052585,0.4314926,9.26728425,29.1199989319,10.5145311356,-3.39999985695,-4.51226758957,-1.17250096798,16.7802963257,1.95254826546,1.05605304241,97678.6437988,16.2099990845,-26.3290405273,True
219.20000000000002,0.3,-0.038,-0.156,-0.4707192,0.22555295,10.0420096,29.4299983978,15.1213989258,-3.07999992371,-4.87475824356,2.4495408535,16.7646541595,2.17221212387,1.1162134409,97682.4768066,16.3199996948,-21.3037490845,True
219.3,0.309,-0.048,-0.141,-0.3530394,0.18632635,10.22833595,29.5900001526,15.1213989258,-2.76999998093,-4.87475824356,2.4495408535,16.753452301,2.35138368607,1.1299482584,97682.4768066,16.4300003052,-21.3037490845,True
219.4,0.274,-0.058,-0.112,-0.50013915,0.2745862,10.1596894,33.0,15.1213989258,-2.48000001907,-4.87475824356,2.4495408535,16.7312488556,2.6639893055,1.13726425171,97685.357666,16.5299987793,-26.4932632446,True
219.5,0.255,-0.073,-0.107,-0.4314926,0.3726527,9.99297635,33.0799980164,15.1213989258,-2.20000004768,-4.87475824356,2.4495408535,16.7129364014,2.87157440186,1.179002285,97688.3361816,16.6399993896,-26.4932632446,True
219.60000000000002,0.247,-0.097,-0.12,-0.2745862,0.36284605,10.5323421,35.1199989319,20.6207866669,-1.89999997616,-4.57811927795,5.18055486679,16.6825332642,3.22976565361,1.21021473408,97690.0085449,16.75,-32.2986602783,True
219.70000000000002,0.247,-0.097,-0.12,-0.2745862,0.36284605,10.5323421,35.1399993896,20.6207866669,-1.58999991417,-4.57811927795,5.18055486679,16.6663017273,3.4272210598,1.20112431049,97690.0085449,16.859998703,-33.2986831665,True
219.8,0.282,-0.129,-0.142,-0.18632635,0.4903325,11.8660465,35.0299987793,20.6207866669,-1.29999995232,-4.57811927795,5.18055486679,16.6254234314,3.89593625069,1.09452402592,97692.2851562,16.9699993134,-50.1020431519,True
219.9,0.208,-0.128,-0.146,0.00980665,0.48052585,11.8856598,37.6499977112,20.6207866669,-1.06999993324,-4.57811927795,5.18055486679,16.5854530334,4.30708885193,1.01779723167,97695.5993652,17.0799999237,-50.1020431519,True
220.0,0.208,-0.128,-0.146,0.00980665,0.48052585,11.8856598,37.4099998474,20.6207866669,-0.849999964237,-4.57811927795,5.18055486679,16.5288486481,4.75861978531,0.915046989918,97695.5993652,17.1800003052,-62.378692627,True
220.10000000000002,0.166,-0.117,-0.176,0.1765197,0.7453054,11.20900095,38.9500007629,27.1045703888,-0.659999966621,-3.02360343933,9.93241405487,16.4737796783,5.20356321335,0.843815743923,97698.3276367,17.2700004578,-62.378692627,True
220.20000000000002,0.256,-0.121,-0.208,0.0980665,0.7256921,11.22861425,38.6899986267,27.1045703888,-0.459999978542,-3.02360343933,9.93241405487,16.3854312897,5.7503695488,0.815802931786,97694.4641113,17.359998703,-66.0331726074,True
220.3,0.256,-0.121,-0.208,0.0980665,0.7256921,11.22861425,38.4199981689,27.1045703888,-0.219999998808,-3.02360343933,9.93241405487,16.3193836212,6.1146364212,0.855568647385,97694.4641113,17.4400005341,-66.0331726074,True
220.4,0.093,-0.151,-0.216,0.2157463,0.8041453,10.6304086,40.7999992371,30.878950119,0.0399999991059,-2.67412829399,14.5036354065,16.2223339081,6.58149862289,0.893170833588,97702.0385742,17.5200004578,-90.3703689575,True
220.5,0.181,-0.18,-0.22,0.2745862,0.6668522,11.38552065,40.5799980164,30.878950119,0.319999992847,-2.67412829399,14.5036354065,16.088602066,7.16695594788,0.903217554092,97703.9367676,17.609998703,-89.3703460693,True
220.60000000000002,0.312,-0.2,-0.211,0.36284605,0.784532,11.964113,41.9300003052,30.878950119,0.610000014305,-2.67412829399,14.5036354065,15.9450445175,7.70872211456,0.864240765572,97700.6835938,17.6999988556,-109.696578979,True
220.70000000000002,0.342,-0.227,-0.21,0.4511059,0.87279185,12.87613145,41.5900001526,30.878950119,0.879999995232,-2.67412829399,14.5036354065,15.8030071259,8.20201015472,0.789941847324,97706.3781738,17.7999992371,-109.696578979,True
220.8,0.206,-0.225,-0.223,0.3726527,0.8629852,12.5721253,41.0699996948,36.478515625,1.10000002384,-1.51973414421,21.7741279602,15.5568494797,8.9432182312,0.691203713417,97707.0678711,17.8899993896,-134.384155273,True
220.9,0.133,-0.257,-0.236,0.5491724,0.75511205,13.337044,42.969997406,36.478515625,1.29999995232,-1.51973414421,21.7741279602,15.3239746094,9.57660198212,0.619926273823,97708.6791992,17.9699993134,-134.384155273,True
221.0,0.31,-0.229,-0.257,0.67665885,1.36312435,13.60182355,42.4500007629,36.478515625,1.50999999046,-1.51973414421,21.7741279602,15.0450725555,10.2496519089,0.479906499386,97706.5307617,18.0399990082,-146.300125122,True
221.10000000000002,0.341,-0.239,-0.314,0.7453054,1.14737805,13.337044,43.3699989319,36.478515625,1.63999998569,-1.51973414421,21.7741279602,14.8051643372,10.8076725006,0.370657086372,97715.1550293,18.1000003815,-146.300125122,True
221.20000000000002,0.074,-0.249,-0.343,0.7649187,1.53964405,11.8856598,42.7299995422,36.478515625,1.75,-1.51973414421,21.7741279602,14.5006446838,11.4562721252,0.319198638201,97713.5192871,18.1499996185,-170.779418945,True
221.3,-0.045,-0.242,-0.365,0.83356525,1.44157755,12.356379,42.0999984741,42.6017341614,1.87999999523,-1.07860159874,31.4856758118,14.1867628098,12.0884552002,0.300798922777,97713.5192871,18.1900005341,-170.779418945,True
221.4,-0.213,-0.231,-0.41,0.93163175,1.4317709,12.36618565,43.8899993896,42.6017341614,1.94999992847,-1.07860159874,31.4856758118,13.8521966934,12.7165203094,0.254083812237,97713.9587402,18.2299995422,-207.009887695,True
221.5,-0.213,-0.231,-0.41,0.93163175,1.4317709,12.36618565,43.3499984741,42.6017341614,2.00999999046,-1.07860159874,31.4856758118,13.463092804,13.3841295242,0.323638647795,97713.9587402,18.2600002289,-207.009887695,True
221.60000000000002,-0.102,-0.211,-0.476,0.77472535,0.5099458,10.1008495,44.2999992371,40.7749061584,2.16999983788,-2.92799186707,39.3695793152,13.2641477585,13.6965370178,0.423447310925,97710.9130859,18.2899990082,-225.873947144,True
221.70000000000002,-0.049,-0.314,-0.371,0.95124505,0.34323275,11.6895268,43.9399986267,40.7749061584,2.44000005722,-2.92799186707,39.3695793152,12.7340421677,14.4819231033,0.567600190639,97713.1164551,18.3400001526,-226.873962402,True
221.8,0.048,-0.333,-0.317,0.87279185,0.46091255,13.30762405,43.4099998474,40.7749061584,2.67999982834,-2.92799186707,39.3695793152,12.2926177979,15.065279007,0.576243162155,97712.8356934,18.4099998474,-272.401245117,True
221.9,0.189,-0.337,-0.263,0.9022118,0.3726527,13.5135637,44.5200004578,40.7749061584,2.91999983788,-2.92799186707,39.3695793152,11.9771623611,15.4280748367,0.5448346138,97712.8356934,18.4799995422,-272.401245117,True
222.0,0.096,-0.355,-0.21,0.93163175,0.784532,13.99408955,43.7700004578,41.0094718933,3.11999988556,-2.80229640007,50.2084503174,11.3020715714,16.1290855408,0.432206064463,97720.5993652,18.609998703,-255.427932739,True
222.10000000000002,-0.044,-0.371,-0.224,1.12776475,0.75511205,14.93552795,43.6699981689,41.0094718933,3.24000000954,-2.80229640007,50.2084503174,10.8043870926,16.6015090942,0.303260177374,97717.3278809,18.609998703,-255.427932739,True
222.20000000000002,0.017,-0.311,-0.233,0.89240515,0.8041453,12.160246,41.6100006104,41.0094718933,3.26999998093,-2.80229640007,50.2084503174,10.2010450363,17.1187610626,0.220948025584,97718.9208984,18.6499996185,-289.495269775,True
222.3,0.094,-0.358,-0.239,0.8041453,0.75511205,14.26867575,41.6100006104,41.0094718933,3.4399998188,-2.80229640007,50.2084503174,9.27280807495,17.793384552,0.150550886989,97712.9638672,18.6900005341,-289.495269775,True
222.4,0.069,-0.366,-0.226,1.01008495,0.6472389,15.48470035,41.1699981689,42.2204818726,3.54999995232,0.148845076561,59.9438438416,8.81934833527,18.0727710724,0.0541045255959,97712.9638672,18.7199993134,-320.251464844,True
222.5,0.073,-0.362,-0.214,0.8629852,1.14737805,15.11204765,39.5,42.2204818726,3.54999995232,0.148845076561,59.9438438416,7.44773483276,18.7960586548,-0.278226286173,97728.4118652,18.7399997711,-319.251434326,True
222.60000000000002,0.0,-0.35,-0.22,0.87279185,0.8825985,14.4353888,37.7599983215,42.2204818726,3.46000003815,0.148845076561,59.9438438416,6.95136213303,19.027463913,-0.361339330673,97719.53125,18.7299995422,-319.517883301,True
222.70000000000002,0.0,-0.35,-0.22,0.87279185,0.8825985,14.4353888,35.7099990845,42.2204818726,3.38999986649,0.148845076561,59.9438438416,6.29121780396,19.2957725525,-0.463749110699,97719.53125,18.7099990845,-319.517883301,True
222.8,-0.188,-0.372,-0.232,0.8433719,0.6864655,15.3179873,33.4399986267,42.2204818726,3.25999999046,0.148845076561,59.9438438416,5.39628076553,19.6092700958,-0.614833176136,97720.9899902,18.6700000763,-349.004180908,True
222.9,-0.172,-0.349,-0.218,0.93163175,1.0787315,15.73967325,30.6999988556,42.923210144,3.05999994278,3.17682003975,70.4759597778,4.08161306381,19.9472999573,-0.951412141323,97725.9460449,18.6199989319,-349.004180908,True
223.0,-0.181,-0.322,-0.22,0.97085835,1.0198916,15.9456129,27.5,42.923210144,2.73000001907,3.17682003975,70.4759597778,3.12868022919,20.1327095032,-1.24624764919,97716.4733887,18.5399990082,-352.478210449,True
223.10000000000002,-0.231,-0.296,-0.223,0.8433719,1.08853815,14.7492016,23.9699993134,42.923210144,2.30999994278,3.17682003975,70.4759597778,2.20571017265,20.2331829071,-1.5323548317,97711.920166,18.4400005341,-352.478210449,True
223.20000000000002,-0.246,-0.265,-0.223,0.6276256,1.1964113,13.9450563,20.1999988556,39.7863349915,1.80999994278,5.54175853729,78.7415924072,1.55151379108,20.2691345215,-1.66682338715,97711.920166,18.3099994659,-352.8253479,True
223.3,-0.28,-0.204,-0.224,0.4511059,1.176798,13.79795655,12.8599996567,39.7863349915,0.77999997139,5.54175853729,78.7415924072,0.886929512024,20.2699279785,-1.82985675335,97708.6364746,18.1499996185,-352.8253479,True
223.4,-0.288,-0.17,-0.224,0.2549729,1.0002783,11.5522337,12.8599996567,39.7863349915,0.759999990463,5.54175853729,78.7415924072,-0.0882448256016,20.1698513031,-2.00451731682,97703.0761719,17.9699993134,-355.397216797,True
223.5,-0.236,-0.164,-0.236,0.22555295,0.7453054,11.44436055,9.53999996185,35.6271972656,0.199999988079,6.28029251099,84.6940460205,-0.703144073486,20.0605392456,-2.02667379379,97699.1638184,17.7600002289,-355.397216797,True
223.60000000000002,-0.214,-0.119,-0.206,0.10787315,1.1964113,11.20900095,6.32999992371,35.6271972656,-0.310000002384,6.28029251099,84.6940460205,-1.28574192524,19.9208183289,-2.07898521423,97692.7185059,17.5399990082,-357.513793945,True
223.70000000000002,-0.336,-0.106,-0.202,0.00980665,1.0395049,10.67944185,3.14999985695,35.6271972656,-0.899999976158,6.28029251099,84.6940460205,-1.69418370724,19.7987251282,-2.06694293022,97704.0893555,17.3199996948,-357.513793945,True
223.8,-0.452,-0.081,-0.201,0.1372931,0.9022118,10.5127288,0.25,35.6271972656,-1.4699999094,6.28029251099,84.6940460205,-2.13042235374,19.645980835,-2.03330683708,97690.9301758,17.0900001526,-364.632019043,True
223.9,-0.431,-0.02,-0.201,0.0588399,1.02969825,9.3751574,-2.26999998093,29.2503910065,-2.00999999046,5.96608400345,90.1480026245,-2.48551702499,19.4854831696,-1.95336925983,97687.8173828,16.8699989319,-364.632019043,True
224.0,-0.431,-0.02,-0.201,0.0588399,1.02969825,9.3751574,-4.44999980927,29.2503910065,-2.49000000954,5.96608400345,90.1480026245,-2.77711844444,19.3246021271,-1.81272387505,97687.8173828,16.6499996185,-349.342926025,True
224.10000000000002,-0.39,0.006,-0.216,-0.2157463,1.0198916,8.7475318,-6.31999969482,29.2503910065,-2.89999985695,5.96608400345,90.1480026245,-2.97673559189,19.1973552704,-1.68688857555,97681.2316895,16.4499988556,-349.342926025,True
224.20000000000002,-0.345,0.01,-0.214,-0.1569064,0.8629852,9.50264385,-7.94999980927,29.2503910065,-3.27999997139,5.96608400345,90.1480026245,-3.3463306427,18.9262905121,-1.54895031452,97682.2814941,16.2700004578,-335.118103027,True
224.3,-0.274,0.023,-0.198,-0.20593965,0.81395195,9.44380395,-9.6799993515,29.2503910065,-3.65999984741,5.96608400345,90.1480026245,-3.50871658325,18.794128418,-1.4881875515,97674.8352051,16.0900001526,-335.118103027,True
224.4,-0.3,0.041,-0.188,-0.2941995,0.83356525,7.99241975,-11.1899995804,19.2050304413,-4.01999998093,3.39725708961,96.1296844482,-3.649985075,18.6686038971,-1.38625311852,97673.8830566,15.9299993515,-315.176971436,True
224.5,-0.371,0.028,-0.171,-0.30400615,0.75511205,7.99241975,-12.5699996948,19.2050304413,-4.30999994278,3.39725708961,96.1296844482,-3.80388092995,18.4977455139,-1.13522899151,97668.1518555,15.779999733,-315.176971436,True
224.60000000000002,-0.384,0.022,-0.141,-0.28439285,0.7256921,8.77695175,-13.7399997711,19.2050304413,-4.50999975204,3.39725708961,96.1296844482,-3.90341281891,18.3848381042,-1.02090775967,97663.4094238,15.6399993896,-301.492675781,True
224.70000000000002,-0.379,0.032,-0.121,-0.30400615,0.61781895,8.93385815,-14.8899993896,13.3611774445,-4.71000003815,2.09878087044,98.8069915771,-4.01380634308,18.2266101837,-0.874705433846,97664.8864746,15.529999733,-301.492675781,True
224.8,-0.348,0.042,-0.1,-0.3530394,0.57859235,9.0417313,-15.8899993896,13.3611774445,-4.92000007629,2.09878087044,98.8069915771,-4.06326198578,18.1297359467,-0.793898940086,97662.1276855,15.4200000763,-278.913299561,True
224.9,-0.211,0.024,-0.083,-0.38245935,0.7256921,10.1400761,-16.7700004578,13.3611774445,-5.09999990463,2.09878087044,98.8069915771,-4.12031316757,17.9865264893,-0.735399961472,97661.1755371,15.3199996948,-278.913299561,True
225.0,-0.254,0.02,-0.053,-0.20593965,0.5687857,10.198916,-17.5100002289,13.3611774445,-5.30999994278,2.09878087044,98.8069915771,-4.15456962585,17.8980541229,-0.762699604034,97662.8356934,15.2399997711,-257.593536377,True
225.10000000000002,-0.316,0.029,-0.026,-0.22555295,0.53936575,9.85568325,-18.2399997711,13.3611774445,-5.57999992371,2.09878087044,98.8069915771,-4.16840553284,17.7945232391,-0.767793357372,97655.0231934,15.1399993896,-257.593536377,True
225.20000000000002,-0.316,0.029,-0.026,-0.22555295,0.53936575,9.85568325,-18.859998703,5.58593893051,-5.83999967575,1.03636372089,100.740852356,-4.14529561996,17.6811923981,-0.711984217167,97655.0231934,15.0499992371,-235.974121094,True
225.3,-0.39,0.054,0.019,-0.4511059,0.50013915,8.8455983,-19.2799987793,5.58593893051,-6.03999996185,1.03636372089,100.740852356,-4.10071325302,17.5975093842,-0.615098655224,97653.7719727,14.9499998093,-235.974121094,True
225.4,-0.367,0.043,0.037,-0.26477955,0.38245935,9.07115125,-19.6000003815,5.58593893051,-6.21999979019,1.03636372089,100.740852356,-4.03751754761,17.5361537933,-0.54421466589,97653.7719727,14.8599996567,-227.326385498,True
225.5,-0.336,0.049,0.064,-0.4118793,0.53936575,8.2571993,-19.75,5.58593893051,-6.3799996376,1.03636372089,100.740852356,-3.93754553795,17.4724617004,-0.439326405525,97651.6296387,14.779999733,-227.326385498,True
225.60000000000002,-0.336,0.049,0.064,-0.4118793,0.53936575,8.2571993,-19.75,-3.57848119736,-6.51999998093,-0.0915198400617,99.9602203369,-3.77663683891,17.3934803009,-0.257585167885,97651.6296387,14.6999998093,-198.280334473,True
225.70000000000002,-0.288,0.059,0.062,-0.4314926,0.50013915,8.5121722,-19.6199989319,-3.57848119736,-6.57999992371,-0.0915198400617,99.9602203369,-3.72535800934,17.3758850098,-0.206030339003,97652.9174805,14.6399993896,-198.280334473,True
225.8,-0.33,0.073,0.084,-0.38245935,0.48052585,8.18855275,-19.4099998474,-3.57848119736,-6.61999988556,-0.0915198400617,99.9602203369,-3.56751513481,17.3243713379,-0.0636655092239,97653.5766602,14.5999994278,-191.192245483,True
225.9,-0.308,0.074,0.085,-0.4314926,0.5099458,8.24739265,-19.0599994659,-3.57848119736,-6.58999967575,-0.0915198400617,99.9602203369,-3.31684994698,17.274728775,0.181562691927,97655.3039551,14.5699996948,-191.192245483,True
226.0,-0.307,0.072,0.084,-0.4511059,0.3726527,8.6886919,-18.5699996948,-9.23747348785,-6.50999975204,-1.52677118778,98.6136627197,-3.1423766613,17.2526569366,0.31874102354,97655.3039551,14.5799999237,-170.775421143,True
226.10000000000002,-0.224,0.066,0.115,-0.4314926,0.22555295,8.24739265,-17.9699993134,-9.23747348785,-6.39999961853,-1.52677118778,98.6136627197,-2.84860396385,17.2302494049,0.569797098637,97649.4506836,14.5799999237,-170.775421143,True
226.20000000000002,-0.17,0.052,0.145,-0.3530394,0.2941995,8.4141057,-17.3199996948,-9.23747348785,-6.21999979019,-1.52677118778,98.6136627197,-2.62244081497,17.2253875732,0.758693873882,97652.2766113,14.6099996567,-160.679046631,True
226.3,-0.17,0.052,0.145,-0.3530394,0.2941995,8.4141057,-16.5900001526,-9.23747348785,-6.0,-1.52677118778,98.6136627197,-2.4776365757,17.2306804657,0.857160270214,97652.2766113,14.6599998474,-160.679046631,True
226.4,-0.204,0.036,0.174,-0.34323275,0.392266,8.629852,-15.6700000763,-9.23747348785,-5.75,-1.52677118778,98.6136627197,-2.14551448822,17.2354488373,1.0453414917,97657.1044922,14.7299995422,-140.864562988,True
226.5,-0.194,0.009,0.167,-0.1569064,0.2353596,9.3359308,-14.6099996567,-15.2898511887,-5.46999979019,-3.84366583824,94.986000061,-1.78913271427,17.2601299286,1.2163131237,97657.6782227,14.8099994659,-140.864562988,True
226.60000000000002,-0.116,0.016,0.156,-0.2353596,0.4314926,8.7671451,-13.3499994278,-15.2898511887,-5.15999984741,-3.84366583824,94.986000061,-1.46594750881,17.274438858,1.35099995136,97652.4108887,14.9099998474,-130.205352783,True
226.70000000000002,-0.093,-0.015,0.141,-0.08825985,0.30400615,9.32612415,-11.9399995804,-15.2898511887,-4.81999969482,-3.84366583824,94.986000061,-1.20526409149,17.2952957153,1.46478509903,97657.1594238,15.029999733,-130.205352783,True
226.8,-0.041,-0.011,0.124,-0.0784532,0.32361945,9.6497436,-10.4499998093,-17.4159317017,-4.44999980927,-4.75339651108,92.4038391113,-0.855460226536,17.3216609955,1.56368780136,97658.2946777,15.1599998474,-120.933914185,True
226.9,-0.022,-0.024,0.108,-0.24516625,0.44129925,9.63993695,-8.76000022888,-17.4159317017,-4.05999994278,-4.75339651108,92.4038391113,-0.435178369284,17.3535194397,1.68488395214,97658.2946777,15.2999992371,-120.933914185,True
227.0,-0.007,-0.045,0.098,-0.18632635,0.2353596,9.99297635,-7.00999975204,-17.4159317017,-3.66999983788,-4.75339651108,92.4038391113,-0.158121734858,17.3727989197,1.74859154224,97665.6616211,15.4499998093,-118.769073486,True
227.10000000000002,0.071,-0.053,0.116,-0.10787315,0.12748645,10.7677017,-5.23999977112,-17.4159317017,-3.26999998093,-4.75339651108,92.4038391113,0.192038223147,17.3995666504,1.78503286839,97665.3869629,15.6099996567,-118.769073486,True
227.20000000000002,0.093,-0.053,0.135,-0.0980665,0.0784532,10.6892485,-3.27999997139,-17.4835720062,-2.88999986649,-4.85099172592,89.7074737549,0.551835477352,17.43201828,1.77446961403,97668.6645508,15.779999733,-116.876220703,True
227.3,0.116,-0.05,0.162,-0.0784532,0.0588399,10.4342756,-1.36000001431,-17.4835720062,-2.51999998093,-4.85099172592,89.7074737549,0.873914718628,17.4556884766,1.78384482861,97670.4650879,15.9499998093,-116.876220703,True
227.4,0.148,-0.059,0.177,0.1176798,0.1569064,10.89518815,0.509999990463,-17.4835720062,-2.13999986649,-4.85099172592,89.7074737549,1.13784503937,17.4737071991,1.79115653038,97673.0651855,16.109998703,-117.998313904,True
227.5,0.168,-0.058,0.185,0.10787315,0.2157463,11.15016105,2.45000004768,-17.4835720062,-1.76999998093,-4.85099172592,89.7074737549,1.53236246109,17.5025787354,1.70501041412,97674.395752,16.2799987793,-117.998313904,True
227.60000000000002,0.15,-0.059,0.177,0.1176798,0.3138128,11.1403544,6.36999988556,-14.3431854248,-1.45999991894,-4.60415792465,85.6191635132,1.78978407383,17.5131435394,1.64626204967,97680.4443359,16.4400005341,-118.19896698,True
227.70000000000002,0.147,-0.067,0.167,0.02941995,0.1569064,11.3953273,6.36999988556,-14.3431854248,-1.17999994755,-4.60415792465,85.6191635132,2.26388525963,17.5326480865,1.49851953983,97679.107666,16.6000003815,-118.19896698,True
227.8,0.152,-0.085,0.163,0.18632635,0.24516625,11.4345539,8.25,-14.3431854248,-0.899999976158,-4.60415792465,85.6191635132,2.43453431129,17.539522171,1.43742716312,97682.7026367,16.7399997711,-129.81854248,True
227.9,0.171,-0.085,0.144,0.18632635,0.2353596,11.32668075,10.0799999237,-10.9160509109,-0.649999976158,-3.87241625786,81.7004852295,2.75455474854,17.5427494049,1.29974412918,97691.5161133,16.8699989319,-129.81854248,True
228.0,0.214,-0.082,0.13,0.12748645,0.32361945,11.13054775,11.8599996567,-10.9160509109,-0.419999986887,-3.87241625786,81.7004852295,2.98628592491,17.5257205963,1.18673181534,97689.1845703,17.0,-134.575836182,True
228.10000000000002,0.214,-0.082,0.13,0.12748645,0.32361945,11.13054775,15.0399999619,-10.9160509109,-0.019999999553,-3.87241625786,81.7004852295,3.1170566082,17.5268573761,1.11267387867,97689.1845703,17.2299995422,-140.114013672,True
228.20000000000002,0.315,-0.076,0.112,0.3334261,0.3726527,11.54242705,15.0399999619,-10.9160509109,-0.0299999993294,-3.87241625786,81.7004852295,3.28475666046,17.5123958588,1.01170325279,97690.1550293,17.2299995422,-140.114013672,True
228.3,0.298,-0.062,0.095,0.1765197,0.3530394,11.50320045,16.4899997711,-5.12494182587,0.0999999940395,-2.42649579048,78.5448379517,3.55318522453,17.4946937561,0.741619646549,97691.015625,17.3299999237,-140.114013672,True
228.4,0.185,-0.068,0.078,0.2745862,0.42168595,11.42474725,17.7600002289,-5.12494182587,0.199999988079,-2.42649579048,78.5448379517,3.68276619911,17.4739360809,0.617341160774,97691.015625,17.4099998474,-142.755706787,True
228.5,0.133,-0.062,0.063,0.34323275,0.5491724,11.54242705,18.9099998474,-5.12494182587,0.299999982119,-2.42649579048,78.5448379517,3.7763364315,17.4634399414,0.506405949593,97693.7072754,17.4699993134,-142.755706787,True
228.60000000000002,0.175,-0.049,0.016,0.20593965,0.5295591,11.0619012,19.9599990845,-5.12494182587,0.34999999404,-2.42649579048,78.5448379517,3.85221743584,17.4519309998,0.376033604145,97697.7416992,17.5299987793,-149.121276855,True
228.70000000000002,0.199,-0.041,-0.02,0.0784532,0.20593965,10.4146623,20.8999996185,-0.934075951576,0.370000004768,-1.21306943893,76.8811798096,3.90948319435,17.4371376038,0.275249391794,97697.7416992,17.5599994659,-149.121276855,True
228.8,0.26,-0.038,-0.022,0.14709975,0.1569064,10.3754357,21.7299995422,-0.934075951576,0.439999997616,-1.21306943893,76.8811798096,3.95695114136,17.3980007172,0.222583711147,97701.6723633,17.6299991608,-154.26864624,True
228.9,0.26,-0.038,-0.022,0.14709975,0.1569064,10.3754357,21.7299995422,-0.934075951576,0.439999997616,-1.21306943893,76.8811798096,3.95695114136,17.3980007172,0.222583711147,97701.6723633,17.6299991608,-154.26864624,True
229.0,0.328,-0.051,-0.013,0.20593965,0.1176798,10.81673495,22.8699989319,-0.934075951576,0.610000014305,-1.21306943893,76.8811798096,3.92258286476,17.3838100433,0.181129410863,97696.472168,17.6599998474,-152.192306519,True
229.10000000000002,0.353,-0.039,0.014,0.16671305,0.30400615,10.8853815,23.2099990845,6.46807813644,0.699999988079,0.0393939688802,76.9237060547,3.83615517616,17.3846054077,0.0926858708262,97696.472168,17.6900005341,-152.192306519,True
229.20000000000002,0.257,-0.036,0.007,0.3334261,0.34323275,10.6500219,23.3299999237,6.46807813644,0.759999990463,0.0393939688802,76.9237060547,3.72972178459,17.3819293976,0.0145522151142,97697.1801758,17.7199993134,-157.942382812,True
229.3,0.257,-0.036,0.007,0.3334261,0.34323275,10.6500219,23.4099998474,6.46807813644,0.799999952316,0.0393939688802,76.9237060547,3.63057994843,17.3939247131,-0.0225423071533,97697.1801758,17.75,-154.286575317,True
229.4,0.179,-0.032,0.006,0.2157463,0.392266,10.38524235,23.2899990082,6.46807813644,0.829999983311,0.0393939688802,76.9237060547,3.43084454536,17.4087314606,-0.0476096533239,97697.4304199,17.75,-154.286575317,True
229.5,0.173,-0.008,-0.033,0.3334261,0.6276256,9.4732239,23.1199989319,6.46807813644,0.889999985695,0.0393939688802,76.9237060547,3.365234375,17.4172286987,-0.00279313977808,97698.4741211,17.7600002289,-154.286575317,True
229.60000000000002,0.235,-0.023,-0.057,0.3138128,0.4511059,10.09104285,23.0499992371,12.3260393143,1.00999999046,0.921091854572,76.8648147583,3.1589140892,17.4241733551,0.0556223839521,97698.4741211,17.7700004578,-159.474945068,True
229.70000000000002,0.247,-0.023,-0.071,0.34323275,0.588399,10.1008495,22.8099994659,12.3260393143,1.12000000477,0.921091854572,76.8648147583,3.04465723038,17.4302558899,0.0560997761786,97703.4179688,17.7899990082,-159.474945068,True
229.8,0.164,-0.028,-0.085,0.20593965,0.6472389,10.2185293,22.3999996185,12.3260393143,1.23000001907,0.921091854572,76.8648147583,2.86435031891,17.4463596344,0.0638895779848,97703.2897949,17.8099994659,-161.730773926,True
229.9,0.122,-0.021,-0.104,0.2353596,0.6472389,10.0812362,21.9200000763,12.3260393143,1.31999993324,0.921091854572,76.8648147583,2.67134690285,17.4700489044,0.0772306844592,97703.3813477,17.8299999237,-161.730773926,True
230.0,0.122,-0.021,-0.104,0.2353596,0.6472389,10.0812362,21.4599990845,12.3260393143,1.44999992847,0.921091854572,76.8648147583,2.41670227051,17.4981136322,0.11189480871,97703.3813477,17.859998703,-164.11781311,True
230.10000000000002,0.058,-0.015,-0.159,0.34323275,0.7453054,9.610517,20.8899993896,17.3094425201,1.59999990463,0.957334160805,79.0053482056,2.25247240067,17.5224838257,0.154229909182,97701.4282227,17.8899993896,-164.11781311,True
230.20000000000002,0.062,-0.028,-0.187,0.44129925,0.4903325,10.1204628,20.2999992371,17.3094425201,1.75999999046,0.957334160805,79.0053482056,1.99556553364,17.5562000275,0.222760379314,97700.3601074,17.9300003052,-162.984085083,True
230.3,0.055,-0.025,-0.173,0.4511059,0.4118793,10.2381426,19.5900001526,18.4417762756,1.94999992847,0.512937605381,81.4419937134,1.6912112236,17.6028690338,0.257644861937,97702.8991699,17.9699993134,-162.984085083,True
230.4,0.025,-0.066,-0.133,0.4903325,0.36284605,11.4149406,18.6700000763,18.4417762756,2.1099998951,0.512937605381,81.4419937134,1.50072669983,17.6236419678,0.244072631001,97702.8991699,18.0200004578,-164.343078613,True
230.5,0.028,-0.102,-0.08,0.51975245,0.6080123,12.62115855,17.5100002289,18.4417762756,2.23000001907,0.512937605381,81.4419937134,1.09747183323,17.6752681732,0.0721764713526,97710.3271484,18.0599994659,-164.343078613,True
230.60000000000002,-0.112,-0.108,0.001,0.784532,1.18660465,14.22944915,16.0699996948,18.4417762756,2.20000004768,0.512937605381,81.4419937134,0.685258150101,17.7308139801,-0.326196461916,97710.3271484,18.1000003815,-165.621368408,True
230.70000000000002,-0.175,-0.094,-0.023,0.69627215,1.0591182,14.26867575,14.5,18.4417762756,2.0,0.512937605381,81.4419937134,0.48452270031,17.7555103302,-0.560245275497,97707.8857422,18.1000003815,-165.621368408,True
230.8,-0.25,-0.07,-0.084,0.63743225,0.99047165,13.71950335,11.6499996185,18.2111625671,-0.689999997616,1.7845607996,84.0292892456,0.0138674918562,17.7710838318,-1.14689195156,97704.7851562,18.0,-175.703430176,True
230.9,-0.174,-0.053,-0.116,0.6472389,1.0395049,12.83690485,11.6499996185,18.2111625671,-0.689999997616,1.7845607996,84.0292892456,-0.084991440177,17.7672786713,-1.26525461674,97709.979248,18.0,-175.703430176,True
231.0,-0.181,0.015,-0.138,0.50013915,0.81395195,11.42474725,10.4600000381,18.2111625671,-3.06999993324,1.7845607996,84.0292892456,-0.340665787458,17.7474746704,-1.53668093681,97706.3049316,17.8899993896,-184.871673584,True
231.10000000000002,-0.161,0.043,-0.142,0.2745862,0.784532,10.24794925,9.42000007629,14.4361925125,-5.42000007629,1.99519515038,86.3043212891,-0.506945550442,17.7238731384,-1.6060744524,97702.6306152,17.75,-184.871673584,True
231.20000000000002,-0.065,0.065,-0.141,-0.06864655,0.7060788,9.1594111,8.51999950409,14.4361925125,-7.65999984741,1.99519515038,86.3043212891,-0.670051395893,17.6671676636,-1.55090367794,97697.9736328,17.6000003815,-184.549713135,True
231.3,-0.065,0.065,-0.141,-0.06864655,0.7060788,9.1594111,7.78999996185,14.4361925125,-9.82999992371,1.99519515038,86.3043212891,-0.787345409393,17.6077518463,-1.43900549412,97697.9736328,17.4400005341,-184.549713135,True
231.4,0.049,0.121,-0.133,-0.4707192,0.588399,7.91396655,7.1299996376,14.4361925125,-11.9099998474,1.99519515038,86.3043212891,-0.871599674225,17.5586280823,-1.302038908,97687.7563477,17.2999992371,-167.006866455,True
231.5,0.042,0.146,-0.14,-0.5295591,0.32361945,7.67860695,6.46000003815,14.4361925125,-13.8800001144,1.99519515038,86.3043212891,-0.983854293823,17.493850708,-1.10132813454,97688.2385254,17.1700000763,-167.006866455,True
231.60000000000002,0.042,0.146,-0.14,-0.5295591,0.32361945,7.67860695,5.83999967575,13.8907957077,-15.75,-1.34434854984,89.468788147,-1.04546046257,17.4559020996,-0.942677974701,97688.2385254,16.9799995422,-155.968475342,True
231.70000000000002,-0.018,0.18,-0.115,-0.980665,0.5687857,7.18827445,5.15999984741,13.8907957077,-17.5200004578,-1.34434854984,89.468788147,-1.18694746494,17.3530635834,-0.566826283932,97682.5744629,16.9799995422,-155.968475342,True
231.8,0.05,0.188,-0.116,-1.01008495,0.2941995,6.42335575,4.5,13.8907957077,-19.1700000763,-1.34434854984,89.468788147,-1.29953026772,17.2663249969,-0.113012708724,97673.9013672,16.9099998474,-143.462371826,True
231.9,0.05,0.188,-0.116,-1.01008495,0.2941995,6.42335575,3.88999986649,13.8907957077,-20.6299991608,-1.34434854984,89.468788147,-1.34053325653,17.232542038,0.0271912459284,97673.9013672,16.8799991608,-143.462371826,True
232.0,0.079,0.192,-0.072,-1.10815145,0.42168595,6.24683605,3.24000000954,14.4804315567,-22.0,-6.47308969498,90.9431686401,-1.50437569618,17.1176261902,0.618246257305,97673.1445312,16.9300003052,-131.966400146,True
232.10000000000002,0.022,0.232,-0.018,-1.2944778,0.3334261,6.0605097,2.49000000954,14.4804315567,-23.2299995422,-6.47308969498,90.9431686401,-1.57564270496,17.0698890686,0.900052368641,97676.4099121,16.9300003052,-131.966400146,True
232.20000000000002,-0.142,0.249,0.01,-1.36312435,0.5687857,5.32501095,1.81999993324,14.4804315567,-24.1700000763,-6.47308969498,90.9431686401,-1.67479789257,17.009595871,1.29369938374,97674.420166,17.0100002289,-114.875602722,True
232.3,-0.292,0.267,0.019,-1.42196425,-0.02941995,4.5306723,1.09000003338,14.4804315567,-24.2999992371,-6.47308969498,90.9431686401,-1.74957406521,16.9473667145,1.77726721764,97672.0214844,17.1199989319,-114.875602722,True
232.4,-0.292,0.267,0.019,-1.42196425,-0.02941995,4.5306723,0.52999997139,14.4804315567,-24.3899993896,-6.47308969498,90.9431686401,-1.8033567667,16.9006557465,2.16800069809,97672.0214844,17.2700004578,-73.3030319214,True
232.5,-0.297,0.262,-0.028,-1.46119085,0.38245935,5.24655775,0.00999999977648,10.6547994614,-24.609998703,-13.2767429352,89.4792175293,-1.82001519203,16.8446884155,2.81384658813,97679.2724609,17.4699993134,-73.3030319214,True
232.60000000000002,-0.297,0.262,-0.028,-1.46119085,0.38245935,5.24655775,-0.219999998808,10.6547994614,-24.6599998474,-13.2767429352,89.4792175293,-1.81709158421,16.8255462646,3.09294915199,97679.2724609,17.7199993134,-57.3114395142,True
232.70000000000002,-0.053,0.283,-0.091,-1.4513842,0.81395195,3.6088472,-0.389999985695,10.6547994614,-24.7600002289,-13.2767429352,89.4792175293,-1.79297149181,16.7788982391,3.72489786148,97680.255127,18.0100002289,-57.3114395142,True
232.8,-0.068,0.208,-0.131,-1.4513842,0.7453054,3.75594695,-0.469999998808,10.6547994614,-24.7799987793,-13.2767429352,89.4792175293,-1.74368107319,16.710855484,4.47825860977,97686.0839844,18.359998703,-54.0155410767,True
232.9,-0.163,0.206,-0.146,-1.52003075,0.65704555,4.50125235,-0.509999990463,10.6547994614,-24.8199996948,-13.2767429352,89.4792175293,-1.72808432579,16.6923961639,4.91165351868,97689.0197754,18.7600002289,-54.0155410767,True
233.0,-0.186,0.135,-0.149,-1.5102241,0.2353596,5.57998385,-0.610000014305,6.51937198639,-24.8699989319,-19.6018695831,91.0341796875,-1.71012222767,16.6900558472,5.39425611496,97689.0197754,19.2199993134,-45.2611923218,True
233.10000000000002,-0.244,0.114,-0.121,-1.5886773,0.12748645,6.8254284,-0.759999990463,6.51937198639,-24.9300003052,-19.6018695831,91.0341796875,-1.7065860033,16.7360229492,5.87124252319,97704.296875,19.7199993134,-45.2611923218,True
233.20000000000002,-0.229,0.089,-0.102,-1.69655045,0.04903325,7.1392412,-0.939999997616,6.51937198639,-24.9799995422,-19.6018695831,91.0341796875,-1.69689774513,16.8084220886,6.18567562103,97704.296875,20.2899990082,-41.7539596558,True
