t,p,q,r,ax,ay,az,roll_k,roll,pitch_k,pitch,yaw,vn,ve,vd,basinc,alt_hata,hiz_hata,ariza
0.1,-0.347,-0.024,0.037,0.42168595,0.5687857,9.32612415,29.7799987793,0.713456630707,1.61000001431,-0.0597896613181,-81.0063095093,4.92274856567,-18.3904933929,0.997239530087,96934.4299316,0.159999996424,-315.184783936,False
0.2,0.364,-0.053,-0.052,0.67665885,0.50013915,11.40513395,29.7799987793,0.713456630707,1.61000001431,-0.0597896613181,-81.0063095093,4.84892749786,-18.4889736176,0.873228669167,96932.8857422,0.159999996424,-315.184783936,False
0.30000000000000004,0.721,-0.056,-0.104,0.34323275,0.14709975,11.571847,40.9899978638,0.713456630707,-2.57999992371,-0.0597896613181,-81.0063095093,4.84929704666,-18.5053672791,0.735013842583,96941.9372559,0.319999992847,-239.944274902,False
0.4,0.969,-0.109,-0.106,0.18632635,-0.06864655,12.36618565,40.6899986267,4.76368236542,-4.67000007629,0.476829379797,-79.8566436768,5.00984430313,-18.4597034454,0.395965516567,96936.9262695,0.370000004768,-241.533279419,False
0.5,0.914,-0.083,-0.051,-0.0392266,0.26477955,12.64077185,40.0900001526,4.76368236542,-6.58999967575,0.476829379797,-79.8566436768,5.23391151428,-18.3875217438,0.164244964719,96933.5449219,0.389999985695,-238.672821045,False
0.6000000000000001,0.803,-0.007,-0.031,0.24516625,0.28439285,11.85623985,40.0900001526,4.76368236542,-6.56999969482,0.476829379797,-79.8566436768,5.35606336594,-18.3611526489,0.0781693533063,96933.380127,0.389999985695,-238.672821045,False
0.7000000000000001,0.751,0.001,-0.048,0.26477955,0.24516625,10.8461549,39.2799987793,17.8698158264,-7.2999997139,0.950224339962,-78.7597961426,5.67626047134,-18.2710399628,-0.0283941142261,96931.5551758,0.389999985695,-252.055740356,False
0.8,0.62,-0.004,-0.067,-0.1569064,0.6864655,10.64021525,37.1100006104,17.8698158264,-8.69999980927,0.950224339962,-78.7597961426,6.06062173843,-18.168674469,-0.0856980234385,96937.8601074,0.329999983311,-252.063568115,False
0.9,0.446,0.024,-0.106,-0.392266,0.7256921,9.14960445,37.1100006104,17.8698158264,-8.6799993515,0.950224339962,-78.7597961426,6.48899126053,-18.0596179962,-0.0755461379886,96935.748291,0.329999983311,-252.063568115,False
1.0,0.341,0.015,-0.171,-0.30400615,0.77472535,8.2179727,35.8899993896,29.3770599365,-9.59000015259,0.0249942243099,-77.441116333,6.86230897903,-17.9313373566,0.0718338117003,96931.4025879,0.299999982119,-247.328567505,False
1.1,0.244,0.044,-0.25,-0.36284605,0.6668522,6.69794195,33.6300010681,29.3770599365,-5.50999975204,0.0249942243099,-77.441116333,7.37226247787,-17.7479038239,0.604729473591,96932.3425293,0.289999991655,-226.308258057,False
1.2000000000000002,0.198,0.012,-0.302,-0.6864655,0.75511205,6.73716855,33.6199989319,29.3770599365,-5.5,0.0249942243099,-77.441116333,7.49429988861,-17.6935119629,0.742897450924,96931.3659668,0.289999991655,-226.308258057,False
1.3,0.223,-0.038,-0.346,-0.8825985,0.67665885,6.40374245,31.2699985504,29.3770599365,-4.77999973297,0.0249942243099,-77.441116333,7.86513328552,-17.5322647095,1.24284982681,96931.5307617,0.439999997616,-207.195663452,False
1.4000000000000001,0.132,-0.104,-0.346,-1.0198916,0.65704555,7.1784678,29.8299999237,35.142829895,-4.76999998093,-4.16441440582,-71.8300247192,8.1921453476,-17.3695259094,1.65137183666,96926.0131836,0.439999997616,-207.195663452,False
1.5,0.122,-0.117,-0.342,-1.1571847,9.95602681974e-16,8.12971285,29.8199996948,35.142829895,-5.52999973297,-4.16441440582,-71.8300247192,8.52602958679,-17.1996898651,1.90971589088,96931.060791,0.579999983311,-193.509490967,False
1.6,-0.021,-0.147,-0.308,-1.1571847,0.7256921,9.3555441,28.0299987793,35.142829895,-6.21999979019,-4.16441440582,-71.8300247192,9.04937171936,-16.9323959351,2.17421889305,96925.3234863,0.759999990463,-195.855712891,False
1.7000000000000002,-0.079,-0.139,-0.304,-1.18660465,0.73549875,9.7085835,23.7699985504,35.4206466675,-6.83999967575,-4.16441440582,-71.8300247192,9.53857707977,-16.6766662598,2.35268139839,96928.0273438,0.959999978542,-199.4972229,False
1.8,-0.153,-0.098,-0.298,-1.34351105,-0.5295591,8.8063717,23.75,35.4206466675,-7.25999975204,-6.43265295029,-64.63697052,9.91297912598,-16.4593868256,2.50270724297,96930.0231934,1.17999994755,-204.067047119,False
1.9000000000000001,-0.164,-0.093,-0.287,-1.24544455,0.24516625,7.95319315,21.4599990845,35.4206466675,-7.78999996185,-6.43265295029,-64.63697052,10.3548202515,-16.1876869202,2.73768091202,96930.0231934,1.39999997616,-202.346038818,False
2.0,-0.086,-0.097,-0.261,-1.28467115,1.10248885652e-15,9.0025047,19.3299999237,35.4206466675,-8.06999969482,-6.43265295029,-64.63697052,10.9823961258,-15.7825241089,3.10083317757,96933.9599609,1.90999996662,-199.672317505,False
2.1,-0.029,-0.097,-0.257,-1.1571847,0.59820565,8.91424485,14.9799995422,32.1112632751,-8.52999973297,-8.50823116302,-57.8489837646,11.386092186,-15.5280561447,3.26842284203,96935.0158691,2.19000005722,-198.468963623,False
2.2,0.004,-0.134,-0.259,-1.1375714,0.5295591,9.7478101,14.9699993134,32.1112632751,-8.53999996185,-8.50823116302,-57.8489837646,11.7095851898,-15.3248958588,3.38409304619,96935.0158691,2.19000005722,-198.468963623,False
2.3000000000000003,-0.156,-0.104,-0.249,-1.1571847,0.588399,9.4536106,12.6700000763,32.1112632751,-8.72000026703,-8.50823116302,-57.8489837646,11.9799776077,-15.1557312012,3.44513082504,96944.0673828,2.49000000954,-203.043945312,False
2.4000000000000004,-0.185,-0.066,-0.256,-1.1179581,0.28439285,9.3947707,10.2600002289,32.1112632751,-8.90999984741,-8.50823116302,-57.8489837646,12.3784923553,-14.8923625946,3.57068729401,96944.0673828,2.78999996185,-202.626419067,False
2.5,-0.236,-0.031,-0.24,-1.18660465,0.36284605,8.20816605,5.81999969482,32.1112632751,-9.26000022888,-8.50823116302,-57.8489837646,12.9383955002,-14.5077857971,3.80071902275,96949.8168945,3.41999983788,-200.281906128,False
2.6,-0.399,-0.043,-0.231,-1.16699135,0.42168595,8.2768126,3.9399998188,27.8835639954,-9.27999973297,-10.3397169113,-51.3266525269,13.119342804,-14.3693962097,3.91001558304,96952.935791,3.41999983788,-200.281906128,False
2.7,-0.518,-0.054,-0.215,-1.1179581,0.588399,9.26728425,3.92999982834,27.8835639954,-9.55000019073,-10.3397169113,-51.3266525269,13.419834137,-14.1672687531,4.00475931168,96957.0739746,3.75999999046,-193.390472412,False
2.8000000000000003,-0.598,-0.044,-0.211,-1.20621795,0.44129925,9.03192465,0.560000002384,27.8835639954,-9.93999958038,-10.3397169113,-51.3266525269,13.6934776306,-13.9888868332,4.04899454117,96959.9304199,4.44999980927,-202.90814209,False
2.9000000000000004,-0.508,-0.051,-0.219,-1.4317709,-0.20593965,8.95347145,0.560000002384,27.8835639954,-9.96000003815,-10.3397169113,-51.3266525269,13.8535346985,-13.8651809692,4.17010116577,96963.2995605,4.44999980927,-202.90814209,False
3.0,-0.325,-0.045,-0.146,-1.50041745,-0.5687857,9.54187045,-0.719999969006,14.0504350662,-10.0900001526,-11.8233003616,-45.4743843079,14.1479444504,-13.6515884399,4.24018287659,96968.4509277,5.17000007629,-225.016967773,False
3.1,-0.249,-0.044,-0.081,-1.55925735,-0.4118793,8.71811185,-1.99000000954,14.0504350662,-10.1300001144,-11.8233003616,-45.4743843079,14.2690858841,-13.5631961823,4.33116483688,96973.8342285,5.17000007629,-225.016967773,False
3.2,-0.25,-0.069,-0.048,-1.50041745,-0.0588399,9.9243298,-2.90999984741,14.0504350662,-10.1799993515,-11.8233003616,-45.4743843079,14.371263504,-13.495721817,4.39827299118,96975.9643555,5.5499997139,-227.503387451,False
3.3000000000000003,-0.318,-0.063,-0.044,-1.2552512,0.4511059,10.40485565,-4.11000013351,14.0504350662,-10.1499996185,-11.8233003616,-45.4743843079,14.525598526,-13.4433355331,4.30951929092,96989.831543,5.94000005722,-235.420043945,False
3.4000000000000004,-0.301,-0.037,-0.065,-1.3140911,-0.18632635,11.66010685,-4.96000003815,7.60347652435,-9.88000011444,-11.3196754456,-43.8544044495,14.761507988,-13.399813652,3.99744558334,96989.831543,6.67999982834,-282.688537598,False
3.5,-0.141,-0.044,-0.058,-1.36312435,-0.1372931,11.8464332,-5.55999994278,7.60347652435,-9.71999931335,-11.3196754456,-43.8544044495,14.9006223679,-13.37819767,3.76525354385,96994.4580078,7.01999998093,-301.22833252,False
3.6,-0.092,-0.06,-0.018,-1.30428445,-0.02941995,10.81673495,-6.02999973297,7.60347652435,-9.63000011444,-11.3196754456,-43.8544044495,15.0249328613,-13.3648042679,3.58666706085,96999.5910645,7.33999967575,-307.697479248,False
3.7,-0.173,-0.085,0.035,-1.42196425,-0.00980665,11.4345539,-6.31999969482,7.60347652435,-9.60999965668,-11.3196754456,-43.8544044495,15.0380935669,-13.3731889725,3.5651652813,97003.8635254,7.64999961853,-310.996063232,False
3.8000000000000003,-0.149,-0.076,0.033,-1.4317709,-0.04903325,11.2972608,-6.32999992371,3.60934090614,-9.60999965668,-10.4068651199,-43.2596893311,15.1256723404,-13.3883562088,3.3725965023,97004.7729492,7.64999961853,-310.996063232,False
3.9000000000000004,-0.17,-0.061,0.034,-1.48080415,-0.1372931,11.4149406,-6.51999998093,3.60934090614,-9.81999969482,-10.4068651199,-43.2596893311,15.169093132,-13.4244756699,3.22489690781,97010.9924316,8.21000003815,-311.017028809,False
4.0,-0.21,-0.041,0.026,-1.5102241,-0.22555295,10.85596155,-6.44999980927,3.60934090614,-10.0599994659,-10.4068651199,-43.2596893311,15.1905212402,-13.4790058136,3.08967661858,97015.8752441,8.47999954224,-309.365081787,False
4.1000000000000005,-0.232,-0.011,0.034,-1.5102241,-0.20593965,9.77723005,-6.19000005722,3.60934090614,-10.0599994659,-10.4068651199,-43.2596893311,15.1800308228,-13.5086803436,3.06595015526,97021.2890625,8.47999954224,-309.365081787,False
4.2,-0.103,0.005,0.023,-1.4709975,-0.18632635,9.52225715,-5.8799996376,-0.747216761112,-9.60999965668,-9.80642986298,-43.8574562073,15.1265239716,-13.5872735977,3.09776687622,97021.8261719,9.01999950409,-284.237304688,False
4.3,-0.103,0.005,0.023,-1.4709975,-0.18632635,9.52225715,-5.44000005722,-0.747216761112,-9.23999977112,-9.80642986298,-43.8574562073,15.1265239716,-13.5872735977,3.09776687622,97021.8261719,9.30000019073,-280.19140625,False
4.4,-0.123,-0.015,0.025,-1.38273765,0.32361945,8.9436648,-5.44000005722,-0.747216761112,-9.23999977112,-9.80642986298,-43.8574562073,15.0179710388,-13.696439743,3.17256045341,97028.4179688,9.30000019073,-280.19140625,False
4.5,-0.083,-0.006,0.016,-1.372931,0.16671305,8.50236555,-4.44000005722,-0.747216761112,-8.67000007629,-9.80642986298,-43.8574562073,14.926361084,-13.7799472809,3.22750377655,97028.4179688,9.85999965668,-257.460784912,False
4.6000000000000005,-0.021,-0.017,0.017,-1.3533177,0.20593965,9.0613446,-3.92999982834,-0.747216761112,-8.38000011444,-9.80642986298,-43.8574562073,14.8559246063,-13.852473259,3.23777890205,97032.2631836,10.1599998474,-254.288482666,False
4.7,-0.032,-0.028,0.033,-1.3337044,0.2353596,9.50264385,-3.37999987602,-3.80735588074,-8.0,-10.0513153076,-44.2649726868,14.7879524231,-13.9332304001,3.20838046074,97039.2456055,10.4499998093,-257.135192871,False
4.800000000000001,0.005,-0.023,0.049,-1.4317709,0.1765197,9.30651085,-3.37999987602,-3.80735588074,-8.0,-10.0513153076,-44.2649726868,14.7445964813,-13.9791984558,3.22527766228,97042.7062988,10.4499998093,-257.135192871,False
4.9,0.005,-0.023,0.049,-1.4317709,0.1765197,9.30651085,-2.8599998951,-3.80735588074,-7.6299996376,-10.0513153076,-44.2649726868,14.6843862534,-14.0379619598,3.22395682335,97042.7062988,10.75,-257.866271973,False
5.0,0.033,-0.047,0.069,-1.48080415,-0.0784532,10.0812362,-1.83999991417,-3.67414307594,-6.80999994278,-9.94688892365,-45.1359291077,14.6152820587,-14.1080312729,3.22096371651,97047.5524902,11.3499994278,-251.580627441,False
5.1000000000000005,-0.011,-0.063,0.074,-1.52003075,-0.16671305,10.32640245,-1.83999991417,-3.67414307594,-6.80999994278,-9.94688892365,-45.1359291077,14.5252990723,-14.197602272,3.17187047005,97052.9296875,11.3499994278,-251.580627441,False
5.2,0.01,-0.087,0.071,-1.48080415,0.02941995,10.56176205,-0.359999984503,-3.67414307594,-6.06999969482,-9.94688892365,-45.1359291077,14.3968057632,-14.3207473755,3.08123016357,97057.824707,11.9299993515,-248.400115967,False
5.300000000000001,0.037,-0.055,0.053,-1.4121576,-0.28439285,10.5519554,0.189999997616,-3.6902115345,-5.65000009537,-9.18174648285,-46.1060409546,14.3354845047,-14.3754806519,3.01443743706,97055.871582,12.2199993134,-258.029754639,False
5.4,0.092,-0.092,0.045,-1.3140911,0.3138128,10.6107953,1.62999999523,-3.6902115345,-5.17999982834,-9.18174648285,-46.1060409546,14.2518138885,-14.44490242,2.91990828514,97055.871582,12.5,-265.827178955,False
5.5,0.105,-0.052,0.025,-1.34351105,0.0588399,10.22833595,2.14999985695,-3.6902115345,-5.17999982834,-9.18174648285,-46.1060409546,14.2086772919,-14.4754552841,2.85348296165,97066.217041,12.5,-265.827178955,False
5.6000000000000005,0.113,-0.063,0.013,-1.28467115,0.1765197,10.0616229,2.14999985695,-3.6902115345,-4.73999977112,-9.18174648285,-46.1060409546,14.1357984543,-14.5233106613,2.77190947533,97070.0927734,12.7599992752,-267.419616699,False
5.7,0.129,-0.064,0.007,-1.24544455,0.196133,10.14988275,2.57999992371,-2.03672003746,-4.30999994278,-8.11528015137,-46.6387443542,14.0688924789,-14.555565834,2.68273830414,97072.6745605,13.029999733,-270.840820312,False
5.800000000000001,0.061,-0.076,0.031,-1.28467115,0.2157463,10.5323421,3.81999993324,-2.03672003746,-3.6099998951,-8.11528015137,-46.6387443542,14.0023965836,-14.5673017502,2.51222276688,97075.7080078,13.5199995041,-266.264526367,False
5.9,0.097,-0.092,0.045,-1.34351105,0.1176798,11.79739995,3.82999992371,-2.03672003746,-3.6099998951,-8.11528015137,-46.6387443542,13.9819536209,-14.5731277466,2.45521879196,97078.5217285,13.5199995041,-266.264526367,False
6.0,0.148,-0.088,0.047,-1.24544455,0.22555295,11.5522337,9.30999946594,0.197254002094,-2.84999990463,-6.89965581894,-47.1077346802,13.9352416992,-14.5597133636,2.14660191536,97084.2895508,13.9699993134,-282.434082031,False
6.1000000000000005,0.186,-0.071,0.059,-1.4317709,-0.0980665,10.64021525,9.30999946594,0.197254002094,-2.56999993324,-6.89965581894,-47.1077346802,13.9039506912,-14.5328559875,2.07335639,97084.3811035,14.1700000763,-278.602783203,False
6.2,0.231,-0.079,0.059,-1.38273765,0.2157463,10.20872265,9.30999946594,0.197254002094,-2.56999993324,-6.89965581894,-47.1077346802,13.877951622,-14.4939823151,2.03149104118,97085.949707,14.1700000763,-278.602783203,False
6.300000000000001,0.232,-0.064,0.043,-1.4513842,-0.2157463,10.5715687,10.9299993515,0.197254002094,-2.12999987602,-6.89965581894,-47.1077346802,13.8532590866,-14.3843698502,1.92710566521,97087.7502441,14.5499992371,-265.902130127,False
6.4,0.231,-0.086,0.027,-1.28467115,0.42168595,10.48330885,15.1899995804,0.197254002094,-1.88999998569,-6.89965581894,-47.1077346802,13.8581085205,-14.3113393784,1.85951673985,97091.8334961,14.7299995422,-266.286468506,False
6.5,0.273,-0.061,0.003,-1.2944778,-0.08825985,11.13054775,14.6899995804,5.90958309174,-1.65999996662,-5.38804721832,-48.0319709778,13.8824176788,-14.2363786697,1.76349544525,97091.8334961,14.8999996185,-270.433227539,False
6.6000000000000005,0.217,-0.046,-0.004,-1.36312435,-0.08825985,10.5323421,14.0999994278,5.90958309174,-1.5,-5.38804721832,-48.0319709778,13.9358282089,-14.0603322983,1.61882352829,97093.4265137,15.0699996948,-264.032745361,False
6.7,0.317,-0.065,-0.013,-1.176798,0.36284605,10.40485565,18.6499996185,5.90958309174,-1.29999995232,-5.38804721832,-48.0319709778,14.0046758652,-13.8970251083,1.49746572971,97095.6481934,15.2199993134,-270.496368408,False
6.800000000000001,0.196,-0.051,-0.019,-1.22583125,0.1372931,10.28717585,18.6499996185,5.90958309174,-1.28999996185,-5.38804721832,-48.0319709778,14.0855302811,-13.7124605179,1.41785645485,97100.0061035,15.2199993134,-270.496368408,False
6.9,0.193,-0.082,-0.003,-1.2748645,0.3530394,9.8654899,19.6800003052,11.1984643936,-0.979999959469,-4.26325082779,-47.5766830444,14.1026344299,-13.6730728149,1.41740727425,97100.6225586,15.5,-263.052368164,False
7.0,0.013,-0.084,-0.008,-1.3337044,0.42168595,10.7480884,19.6899986267,11.1984643936,-0.979999959469,-4.26325082779,-47.5766830444,14.2107448578,-13.3775539398,1.36333763599,97099.0783691,15.6300001144,-251.037216187,False
7.1000000000000005,-0.028,-0.039,-0.059,-1.372931,0.20593965,10.01258965,18.7799987793,11.1984643936,-0.889999985695,-4.26325082779,-47.5766830444,14.2662096024,-13.197681427,1.35797679424,97106.1218262,15.6300001144,-251.037216187,False
7.2,0.04,-0.02,-0.127,-1.3533177,0.10787315,9.3555441,28.4699993134,11.1984643936,-0.799999952316,-4.26325082779,-47.5766830444,14.3227338791,-12.9851169586,1.43763303757,97108.1298828,15.8999996185,-229.053497314,False
7.300000000000001,0.117,-0.013,-0.154,-1.28467115,0.1372931,8.87501825,27.6999988556,11.1984643936,-0.729999959469,-4.26325082779,-47.5766830444,14.38210392,-12.7879829407,1.50491476059,97108.0810547,16.0399990082,-217.677124023,False
7.4,0.307,-0.047,-0.171,-1.1179581,0.3530394,9.01231135,27.6999988556,12.8423748016,-0.729999959469,-3.68063688278,-45.2000160217,14.4006128311,-12.7415018082,1.51420760155,97106.9519043,16.0399990082,-217.677124023,False
7.5,0.364,-0.05,-0.169,-1.1571847,0.196133,8.825985,40.0699996948,12.8423748016,-0.620000004768,-3.68063688278,-45.2000160217,14.5454502106,-12.3727741241,1.63637709618,97107.5744629,16.1999988556,-210.037414551,False
7.6000000000000005,0.574,-0.088,-0.159,-1.176798,0.28439285,9.0809579,44.6899986267,12.8423748016,-0.52999997139,-3.68063688278,-45.2000160217,14.6768941879,-12.0974731445,1.71912264824,97111.1755371,16.3699989319,-199.418823242,False
7.7,0.659,-0.074,-0.155,-1.26505785,-0.10787315,9.85568325,44.6899986267,19.5481090546,-0.419999986887,-3.62588310242,-42.3111305237,14.8458309174,-11.7756900787,1.79460644722,97114.2333984,16.5399990082,-187.056152344,False
7.800000000000001,0.601,-0.078,-0.136,-1.10815145,0.28439285,9.48303055,44.7000007629,19.5481090546,-0.310000002384,-3.62588310242,-42.3111305237,15.052189827,-11.4153146744,1.87441968918,97112.8417969,16.9099998474,-164.94921875,False
7.9,0.495,-0.133,-0.128,-1.0002783,0.51975245,9.8458766,44.7099990845,19.5481090546,-0.0799999982119,-3.62588310242,-42.3111305237,15.3359394073,-10.9169502258,1.97382593155,97114.7583008,17.109998703,-157.56187439,False
8.0,0.437,-0.153,-0.149,-1.12776475,0.24516625,10.54214875,44.719997406,19.5481090546,-0.0299999993294,-3.62588310242,-42.3111305237,15.5365552902,-10.5670394897,2.04721856117,97121.1120605,17.3099994659,-159.426300049,False
8.1,0.348,-0.184,-0.17,-0.99047165,0.67665885,10.62060195,44.7299995422,19.5481090546,0.399999976158,-3.62588310242,-42.3111305237,15.8728675842,-9.98125648499,2.14294481277,97121.1120605,17.5299987793,-154.089538574,False
8.200000000000001,0.259,-0.176,-0.21,-0.8237586,1.01008495,10.34601575,44.7299995422,35.0302658081,0.42999997735,-2.90216255188,-36.3983650208,16.1012592316,-9.58666419983,2.20891284943,97124.0905762,17.7399997711,-148.696136475,False
8.3,0.231,-0.165,-0.27,-0.89240515,0.1176798,10.28717585,44.719997406,35.0302658081,0.969999969006,-2.90216255188,-36.3983650208,16.4072551727,-9.04310321808,2.31367492676,97123.059082,17.9699993134,-141.337203979,False
8.4,0.16,-0.177,-0.29,-0.73549875,0.53936575,9.9635564,44.7099990845,35.0302658081,1.44999992847,-2.90216255188,-36.3983650208,16.7624168396,-8.39760398865,2.46152210236,97125.0671387,18.2099990845,-142.884063721,False
8.5,0.193,-0.219,-0.344,-0.42168595,1.2944778,10.32640245,44.7099990845,35.0302658081,1.44999992847,-2.90216255188,-36.3983650208,16.8238449097,-8.28743076324,2.48565864563,97135.4736328,18.2099990845,-142.884063721,False
8.6,0.174,-0.233,-0.352,-0.38245935,0.93163175,10.395049,44.6800003052,39.1763305664,2.48000001907,-3.5679204464,-30.1192932129,17.3681335449,-7.23733282089,2.71065187454,97135.4736328,18.7299995422,-129.392059326,False
8.700000000000001,0.136,-0.262,-0.359,-0.61781895,0.4511059,10.99325465,44.6599998474,39.1763305664,2.75999999046,-3.5679204464,-30.1192932129,17.605588913,-6.76485061646,2.80154132843,97137.8723145,19.0100002289,-127.828025818,False
8.8,0.117,-0.282,-0.378,-0.26477955,0.79433865,10.83634825,44.6499977112,39.1763305664,2.76999998093,-3.5679204464,-30.1192932129,17.9025249481,-6.12424373627,2.91558456421,97139.7644043,19.0100002289,-127.828025818,False
8.9,0.123,-0.313,-0.396,-0.3138128,0.8433719,11.30706745,44.6399993896,41.7777862549,3.32999992371,-3.5679204464,-30.1192932129,18.0155773163,-5.87574386597,2.95839452744,97145.0378418,19.2999992371,-124.503326416,False
9.0,0.097,-0.348,-0.399,-0.16671305,0.32361945,11.7875933,44.6299972534,41.7777862549,3.81999993324,-4.61015748978,-21.1440906525,18.4723815918,-4.74536085129,3.09758543968,97154.3823242,19.9200000763,-124.262809753,False
9.1,0.123,-0.365,-0.385,-0.08825985,0.3138128,11.8464332,44.6299972534,41.7777862549,4.34999990463,-4.61015748978,-21.1440906525,18.6385669708,-4.29944133759,3.14137840271,97154.3823242,19.9200000763,-124.262809753,False
9.200000000000001,0.108,-0.392,-0.366,-0.0980665,0.32361945,12.2583125,44.6499977112,41.7777862549,5.42999982834,-4.61015748978,-21.1440906525,19.0296077728,-3.01454949379,3.19039392471,97154.9560547,20.5599994659,-133.953277588,False
9.3,0.084,-0.442,-0.339,0.2549729,0.3334261,13.75872995,44.6699981689,43.6793174744,5.44000005722,-4.51186132431,-8.60265827179,19.2190093994,-2.27310061455,3.13401412964,97159.5214844,20.5599994659,-133.953277588,False
9.4,0.054,-0.46,-0.294,0.20593965,0.79433865,14.32751565,44.7099990845,43.6793174744,6.6299996376,-4.51186132431,-8.60265827179,19.4292068481,-1.17944741249,3.04767584801,97163.9404297,21.1899986267,-165.777206421,False
9.5,0.029,-0.431,-0.298,0.0392266,0.79433865,12.6309652,44.7299995422,43.6793174744,8.30999946594,-4.51186132431,-8.60265827179,19.5285434723,-0.322636753321,3.04958891869,97168.170166,21.4899997711,-175.024993896,False
9.600000000000001,-0.086,-0.461,-0.302,0.24516625,0.91201845,14.2196425,44.75,43.6793174744,7.55999994278,-4.51186132431,-8.60265827179,19.5887012482,0.563653886318,2.99364304543,97174.4873047,21.7999992371,-186.140060425,False
9.700000000000001,-0.072,-0.431,-0.318,0.1372931,0.8433719,13.22917085,44.7599983215,43.3106956482,7.5499997139,-2.02800989151,3.64668321609,19.6002521515,1.27176523209,2.91288542747,97176.3793945,21.7999992371,-186.140060425,False
9.8,-0.071,-0.414,-0.367,0.1569064,0.73549875,12.67999845,44.7700004578,43.3106956482,7.94000005722,-2.02800989151,3.64668321609,19.5561943054,2.09207630157,2.88270235062,97178.8391113,22.0900001526,-191.50982666,False
9.9,-0.042,-0.433,-0.379,0.34323275,0.8433719,13.09187775,44.7700004578,43.3106956482,8.76999950409,-2.02800989151,3.64668321609,19.5068588257,2.594653368,2.84911847115,97180.847168,22.6700000763,-205.864135742,False
10.0,0.048,-0.44,-0.403,0.4511059,0.6472389,13.79795655,44.7700004578,43.3106956482,8.77999973297,-2.02800989151,3.64668321609,19.33244133,3.7599864006,2.76753211021,97184.5825195,22.9499988556,-210.362243652,False
10.100000000000001,0.053,-0.473,-0.384,0.36284605,0.6864655,14.22944915,44.7700004578,43.3106956482,9.26999950409,-2.02800989151,3.64668321609,19.1365814209,4.65375423431,2.64845395088,97186.3708496,22.9499988556,-210.362243652,False
10.200000000000001,0.006,-0.476,-0.334,0.59820565,0.7649187,14.8080415,44.7700004578,43.0321006775,10.1899995804,-0.506363272667,16.9595603943,18.949224472,5.36863851547,2.55618405342,97192.4560547,23.2099990845,-210.076324463,False
10.3,0.052,-0.479,-0.319,0.55897905,0.8433719,14.91591465,44.7599983215,43.0321006775,10.4600000381,-0.506363272667,16.9595603943,18.4329605103,6.80909061432,2.2799038887,97191.3085938,23.6899986267,-217.054168701,False
10.4,0.058,-0.466,-0.314,0.79433865,0.6668522,14.7492016,44.75,43.0321006775,10.4699993134,-0.506363272667,16.9595603943,18.1163024902,7.50652456284,2.14952516556,97194.7814941,23.9099998474,-231.285858154,False
10.5,-0.026,-0.47,-0.307,0.57859235,0.784532,14.709975,44.7299995422,43.0321006775,10.9499998093,-0.506363272667,16.9595603943,17.6745090485,8.33846092224,2.01337528229,97199.0539551,24.0900001526,-230.67855835,False
10.600000000000001,0.01,-0.483,-0.314,0.5491724,0.8237586,14.62171515,44.7000007629,44.2187767029,10.9600000381,2.31660509109,29.8500232697,17.2836933136,8.98434066772,1.91222798824,97199.0539551,24.0900001526,-230.67855835,False
10.700000000000001,0.04,-0.489,-0.317,0.55897905,0.9218251,14.4353888,44.6599998474,44.2187767029,11.3999996185,2.31660509109,29.8500232697,16.6274986267,9.90366268158,1.7529143095,97202.9968262,24.4300003052,-221.878234863,False
10.8,-0.049,-0.476,-0.327,0.6276256,0.87279185,14.2784824,44.6399993896,44.2187767029,11.3999996185,2.31660509109,29.8500232697,16.1629810333,10.4934501648,1.66041231155,97203.4606934,24.4300003052,-221.878234863,False
10.9,-0.053,-0.475,-0.333,0.8041453,0.9022118,14.26867575,44.5999984741,44.2187767029,11.5,2.31660509109,29.8500232697,15.5308666229,11.1912727356,1.53317332268,97206.6101074,24.5900001526,-213.579940796,False
11.0,-0.141,-0.447,-0.336,1.08853815,0.7256921,14.1608026,44.5799980164,44.9488449097,11.6599998474,4.7805480957,42.4601325989,15.1155090332,11.6208286285,1.42938828468,97203.2409668,24.7099990845,-207.748413086,False
11.100000000000001,-0.109,-0.438,-0.335,0.9414384,0.980665,14.8080415,44.5200004578,44.9488449097,11.6899995804,4.7805480957,42.4601325989,13.9643783569,12.6292009354,1.15908777714,97207.8735352,24.9300003052,-189.743621826,False
11.200000000000001,-0.035,-0.419,-0.355,1.14737805,0.8629852,14.3961622,44.5099983215,44.9488449097,11.6899995804,4.7805480957,42.4601325989,13.6588182449,12.8730669022,1.07936799526,97207.8735352,24.9300003052,-189.743621826,False
11.3,-0.031,-0.434,-0.364,1.3925443,0.8629852,14.46480875,44.469997406,44.9488449097,11.6700000763,4.7805480957,42.4601325989,12.4473361969,13.7139005661,0.86074757576,97207.7453613,25.0499992371,-176.410293579,False
11.4,-0.031,-0.399,-0.375,1.08853815,1.10815145,13.7096967,44.4500007629,44.7029876709,11.6899995804,6.40984535217,55.7441978455,11.6486167908,14.1931190491,0.72720927,97209.9914551,25.109998703,-167.760650635,False
11.5,-0.004,-0.465,-0.388,1.57887065,0.61781895,15.4356671,44.4399986267,44.7029876709,11.6999998093,6.40984535217,55.7441978455,11.1044015884,14.4820384979,0.60341745615,97211.340332,25.109998703,-167.760650635,False
11.600000000000001,-0.139,-0.41,-0.351,1.0787315,0.9414384,13.1212977,44.4099998474,44.7029876709,11.6099996567,6.40984535217,55.7441978455,9.97760486603,15.0313148499,0.49629676342,97212.286377,25.1499996185,-148.394775391,False
11.700000000000001,-0.117,-0.369,-0.373,1.1179581,1.02969825,12.160246,44.4099998474,44.7029876709,11.5099992752,6.40984535217,55.7441978455,9.19058609009,15.3317394257,0.486081242561,97211.9445801,25.1499996185,-129.80557251,False
11.8,0.07,-0.439,-0.388,1.4317709,0.53936575,13.7489233,44.3899993896,45.2345275879,11.4899997711,6.9532251358,68.5018920898,8.69792842865,15.5163640976,0.455486625433,97210.4614258,25.1700000763,-127.207565308,False
11.9,0.058,-0.445,-0.376,1.4121576,0.4707192,13.5527903,44.3799972534,45.2345275879,11.5099992752,6.9532251358,68.5018920898,7.6368188858,15.8003110886,0.386273115873,97215.6677246,25.1700000763,-127.207565308,False
12.0,0.062,-0.477,-0.322,1.9221034,0.83356525,14.3765489,44.3400001526,45.2345275879,11.5500001907,6.9532251358,68.5018920898,6.67800474167,16.0482788086,0.30388084054,97212.4755859,25.1700000763,-112.52040863,False
12.100000000000001,-0.003,-0.474,-0.286,2.08881645,1.0002783,14.44519545,44.2700004578,45.2345275879,11.6899995804,6.9532251358,68.5018920898,5.66250133514,16.2359752655,0.204906210303,97216.7114258,25.1700000763,-112.52040863,False
12.200000000000001,-0.042,-0.502,-0.291,2.18688295,0.59820565,14.58248855,44.2000007629,48.0908622742,11.75,8.1481552124,80.3709030151,4.64624118805,16.3940849304,0.116304494441,97216.7114258,25.1499996185,-111.839485168,False
12.3,-0.06,-0.485,-0.281,2.22610955,0.69627215,13.9842829,41.0,48.0908622742,11.6300001144,8.1481552124,80.3709030151,3.24565863609,16.4681968689,0.0143206967041,97217.9748535,25.109998703,-95.0252532959,False
12.4,0.009,-0.457,-0.294,2.06920315,1.22583125,14.05292945,40.9599990845,48.0908622742,11.6499996185,8.1481552124,80.3709030151,2.66875076294,16.4661979675,-0.0230956375599,97212.7929688,25.0900001526,-92.1438217163,False
12.5,0.015,-0.466,-0.327,2.3928226,0.9218251,13.5724036,36.1599998474,49.5845794678,11.5599994659,9.81255722046,90.5319900513,1.48471307755,16.426361084,-0.0572866313159,97213.8183594,25.0499992371,-81.1208724976,False
12.600000000000001,-0.186,-0.422,-0.35,2.24572285,1.3140911,12.79767825,36.1599998474,49.5845794678,11.5599994659,9.81255722046,90.5319900513,0.931914806366,16.3806934357,-0.070403650403,97215.3198242,25.0499992371,-81.1208724976,False
12.700000000000001,-0.314,-0.385,-0.365,2.34378935,1.10815145,12.6701918,30.5900001526,49.5845794678,11.3499994278,9.81255722046,90.5319900513,0.222358673811,16.2954425812,-0.0580282993615,97208.2092285,24.9899997711,-61.4639282227,False
12.8,-0.398,-0.346,-0.403,2.06920315,1.3140911,12.2190859,27.5499992371,48.2811927795,11.0999994278,9.9196023941,100.134788513,-1.11594808102,16.0457267761,-0.0471838675439,97221.8261719,24.9699993134,-56.8359375,False
12.9,-0.296,-0.35,-0.426,2.40262925,1.06892485,12.1798593,27.5499992371,48.2811927795,11.0900001526,9.9196023941,100.134788513,-1.44912290573,15.9669628143,-0.0519366748631,97208.996582,24.9699993134,-56.8359375,False
13.0,-0.279,-0.346,-0.432,2.30456275,0.9414384,12.17005265,24.2999992371,48.2811927795,11.1399993896,9.9196023941,100.134788513,-2.5406191349,15.6948213577,-0.0394899211824,97209.9731445,24.9399986267,-47.3365783691,False
13.100000000000001,-0.371,-0.353,-0.417,2.1182364,1.1179581,12.4544455,20.75,48.2811927795,11.0900001526,9.9196023941,100.134788513,-2.9674077034,15.5191278458,-0.0740071162581,97214.4287109,24.9300003052,-32.6635360718,False
13.200000000000001,-0.484,-0.362,-0.376,2.36340265,1.02969825,12.6505785,17.0699996948,48.2811927795,10.8499994278,9.9196023941,100.134788513,-4.11263799667,15.0443572998,-0.181855365634,97209.1674805,24.8999996185,-39.8918151855,False
13.3,-0.622,-0.296,-0.354,1.8436502,1.2356379,11.8856598,9.31999969482,40.1659088135,10.5100002289,8.62541007996,115.874511719,-4.6794629097,14.7134952545,-0.245361462235,97210.4797363,24.8299999237,-31.782913208,False
13.4,-0.66,-0.279,-0.369,2.0005566,0.75511205,12.0229529,5.52999973297,40.1659088135,10.3599996567,8.62541007996,115.874511719,-5.33268022537,14.2790470123,-0.394819021225,97208.3312988,24.7799987793,-29.2951583862,False
13.5,-0.675,-0.297,-0.324,1.97113665,0.51975245,12.89574475,1.83999991417,40.1659088135,10.1499996185,8.62541007996,115.874511719,-5.73815155029,13.9760913849,-0.549939513206,97212.1704102,24.7099990845,-42.2348022461,False
13.600000000000001,-0.569,-0.274,-0.289,1.89268345,0.4707192,12.9840046,1.83999991417,40.1659088135,10.1099996567,8.62541007996,115.874511719,-5.99744462967,13.7471551895,-0.682106852531,97200.592041,24.7099990845,-42.2348022461,False
13.700000000000001,-0.456,-0.272,-0.238,1.6867438,0.20593965,13.28801075,-5.03999996185,26.6678562164,9.80000019073,9.63606071472,126.674438477,-6.57297420502,13.1714382172,-1.02580571175,97200.592041,24.5199985504,-50.5647659302,False
13.8,-0.589,-0.277,-0.073,1.77500365,0.3138128,12.42502555,-5.02999973297,26.6678562164,9.76999950409,9.63606071472,126.674438477,-6.8254904747,12.8502416611,-1.2226241827,97204.3395996,24.5199985504,-50.5647659302,False
13.9,-0.78,-0.229,-0.025,1.5298374,0.36284605,12.36618565,-10.3099994659,26.6678562164,8.77999973297,9.63606071472,126.674438477,-7.08917808533,12.3474397659,-1.59088981152,97196.5942383,24.1999988556,-29.8608779907,False
14.0,-0.523,-0.204,-0.041,1.89268345,0.34323275,13.4939504,-10.2899999619,26.6678562164,8.75,9.63606071472,126.674438477,-7.16300678253,12.1482973099,-1.82195830345,97196.7163086,24.1999988556,-29.8608779907,False
14.100000000000001,-0.62,-0.106,-0.03,1.6867438,0.61781895,12.60154525,-13.4099998474,15.2199544907,7.76999998093,13.2851200104,130.643981934,-7.18602180481,11.7775697708,-2.20633816719,97192.0349121,23.75,-30.7741165161,False
14.200000000000001,-0.646,-0.064,-0.05,1.2944778,0.5099458,12.0229529,-13.4099998474,15.2199544907,7.75,13.2851200104,130.643981934,-7.14756631851,11.5964946747,-2.36845898628,97185.7971191,23.75,-30.7741165161,False
14.3,-0.602,-0.017,-0.069,1.42196425,0.28439285,10.9246081,-14.2199993134,15.2199544907,7.08999967575,13.2851200104,130.643981934,-7.0453710556,11.3933172226,-2.51026296616,97186.8041992,23.1700000763,16.7369842529,False
14.4,-0.512,0.017,-0.055,1.10815145,0.2157463,9.9439431,-14.7399997711,15.2199544907,6.38999986649,13.2851200104,130.643981934,-7.01155424118,11.3359556198,-2.55418944359,97178.8330078,23.1700000763,16.7369842529,False
14.5,-0.408,0.061,-0.034,1.20621795,0.2353596,8.65927195,-15.1499996185,15.2199544907,5.65999984741,13.2851200104,130.643981934,-6.83636045456,11.1981525421,-2.57972574234,97172.4914551,22.859998703,51.6058921814,False
14.600000000000001,-0.29,0.056,-0.043,1.3925443,1.06405787241e-15,8.6886919,-15.3999996185,-1.18709003925,4.88000011444,13.3912334442,132.669143677,-6.66156482697,11.1188669205,-2.50230407715,97172.4914551,22.5299987793,92.0969009399,False
14.700000000000001,-0.184,0.097,0.008,1.2160246,0.10787315,7.9237732,-15.8599996567,-1.18709003925,3.27999997139,13.3912334442,132.669143677,-6.49781751633,11.0616044998,-2.36233758926,97170.6787109,21.9200000763,166.672332764,False
14.8,-0.193,0.074,0.063,1.16699135,9.40358142323e-16,7.67860695,-16.1700000763,-1.18709003925,2.38999986649,13.3912334442,132.669143677,-6.44961071014,11.0639533997,-2.28709483147,97166.0339355,21.9200000763,166.672332764,False
14.9,-0.233,0.106,0.124,1.6082906,-0.10787315,7.32556755,-16.1999988556,-1.18709003925,2.38999986649,13.3912334442,132.669143677,-6.30428981781,11.063044548,-2.01143050194,97165.045166,21.6499996185,211.030761719,False
15.0,-0.271,0.089,0.177,1.765197,-0.06864655,7.7668668,-16.5599994659,-1.18709003925,1.63999998569,13.3912334442,132.669143677,-6.2299156189,11.0981292725,-1.89217638969,97157.9589844,21.3899993896,252.695373535,False
15.100000000000001,-0.337,0.114,0.199,1.96133,9.23544586777e-16,7.54131385,-16.8299999237,-8.21872329712,0.140000000596,10.6045713425,131.379470825,-6.01720190048,11.2256345749,-1.55708611012,97160.8825684,20.9499988556,315.104492188,False
15.200000000000001,-0.371,0.14,0.194,2.1182364,-0.06864655,6.6881353,-16.859998703,-8.21872329712,0.149999991059,10.6045713425,131.379470825,-5.96676874161,11.3191661835,-1.37316775322,97162.1520996,20.9499988556,315.104492188,False
15.3,-0.276,0.165,0.192,1.91229675,0.28439285,6.1781895,-17.2399997711,-8.21872329712,-0.459999978542,10.6045713425,131.379470825,-5.86900281906,11.4203653336,-1.11894321442,97161.3037109,20.7799987793,360.154998779,False
15.4,0.0,0.125,0.152,2.16726965,-0.12748645,7.3942141,-17.3400001526,-14.4679965973,-1.14999997616,7.16846704483,128.551864624,-5.78386116028,11.5903434753,-0.839690685272,97155.291748,20.6399993896,389.226257324,False
15.5,0.129,0.093,0.212,2.53992235,0.0392266,8.4533323,-17.7099990845,-14.4679965973,-1.77999997139,7.16846704483,128.551864624,-5.59004116058,11.9113550186,-0.619423270226,97160.2783203,20.4599990845,400.880523682,False
15.600000000000001,0.0,0.104,0.294,2.745862,-0.12748645,8.3944924,-17.9599990845,-14.4679965973,-1.80999994278,7.16846704483,128.551864624,-5.49496078491,12.1452255249,-0.500826597214,97149.2553711,20.3999996185,406.734649658,False
15.700000000000001,-0.062,0.096,0.345,2.61837555,0.0196133,8.1591328,-18.0900001526,-14.4679965973,-1.97999989986,7.16846704483,128.551864624,-5.3785815239,12.3843250275,-0.342981368303,97166.2536621,20.3500003815,417.535125732,False
15.8,-0.085,0.053,0.344,2.7262487,0.3138128,8.825985,-18.1000003815,-14.8996191025,-1.97999989986,2.69274735451,122.495506287,-5.2659163475,12.6115341187,-0.241903200746,97162.6220703,20.3500003815,417.535125732,False
15.9,-0.18,0.054,0.311,2.71644205,0.42168595,9.1790244,-17.6900005341,-14.8996191025,-1.57999992371,2.69274735451,122.495506287,-4.97896671295,13.0332565308,-0.129140630364,97162.6220703,20.3099994659,375.665466309,False
16.0,-0.237,0.041,0.254,2.5105024,0.392266,9.22805765,-17.6900005341,-14.8996191025,-1.57999992371,2.69274735451,122.495506287,-4.93413209915,13.0952510834,-0.115618802607,97161.2792969,20.3099994659,375.665466309,False
16.1,-0.089,0.002,0.198,2.44185585,0.4118793,9.20844435,-17.2600002289,-14.8996191025,-1.19999992847,2.69274735451,122.495506287,-4.65177059174,13.4670181274,0.00212343386374,97161.2976074,20.3099994659,350.682159424,False
16.2,-0.088,-0.025,0.175,2.2947561,0.3138128,9.2574776,-16.5900001526,-14.8996191025,-0.719999969006,2.69274735451,122.495506287,-4.45070314407,13.7194099426,0.0694425031543,97170.5383301,20.3199996948,319.938079834,False
16.3,0.069,-0.088,0.129,2.20649625,-0.1176798,10.65982855,-15.0699996948,-19.0096969604,0.329999983311,0.192308992147,116.498191833,-4.02844762802,14.1983118057,0.0854515135288,97167.1630859,20.359998703,261.254608154,False
16.400000000000002,0.21,-0.118,0.147,1.91229675,0.06864655,11.375714,-13.8899993896,-19.0096969604,0.319999992847,0.192308992147,116.498191833,-3.79310584068,14.4300956726,-0.00129735702649,97163.8000488,20.359998703,261.254608154,False
16.5,0.242,-0.139,0.193,2.1378497,-0.18632635,11.6895268,-12.6799993515,-19.0096969604,1.23000001907,0.192308992147,116.498191833,-3.43650531769,14.7441177368,-0.165981248021,97155.5847168,20.4099998474,207.053283691,False
16.6,0.134,-0.14,0.256,2.1378497,0.2941995,11.77778665,-12.6799993515,-19.0096969604,1.22000002861,0.192308992147,116.498191833,-3.18679380417,14.9466943741,-0.282922953367,97157.9101562,20.4099998474,189.760971069,False
16.7,0.036,-0.127,0.276,1.71616375,0.59820565,11.87585315,-10.2699995041,-15.6038675308,1.74000000954,1.37101602554,111.733215332,-2.78224849701,15.2060976028,-0.506201028824,97151.5380859,20.3699989319,176.113708496,False
16.8,0.003,-0.142,0.258,1.5494507,0.4903325,12.6113519,-10.2699995041,-15.6038675308,1.74000000954,1.37101602554,111.733215332,-2.42453145981,15.4023733139,-0.755377709866,97154.0039062,20.3699989319,176.113708496,False
16.900000000000002,0.084,-0.144,0.234,1.8044236,0.55897905,12.32695905,-8.76999950409,-15.6038675308,1.87000000477,1.37101602554,111.733215332,-2.11192893982,15.5334177017,-0.917199790478,97152.9602051,20.3199996948,155.58480835,False
17.0,0.107,-0.097,0.179,1.30428445,0.55897905,11.375714,-7.03999996185,-14.8614997864,1.81999993324,2.61732721329,106.242576599,-1.74967873096,15.6732759476,-1.03710746765,97152.2338867,20.109998703,150.724884033,False
17.1,0.166,-0.096,0.132,1.06892485,0.3726527,10.7284751,-5.36999988556,-14.8614997864,1.65999996662,2.61732721329,106.242576599,-1.35517072678,15.7698364258,-1.10382211208,97149.2492676,20.109998703,150.724884033,False
17.2,0.122,-0.048,0.113,1.1179581,0.46091255,9.60071035,-3.69999980927,-14.8614997864,1.26999998093,2.61732721329,106.242576599,-1.11770987511,15.8138132095,-1.10280096531,97144.0734863,19.9699993134,157.682037354,False
17.3,0.119,-0.019,0.093,0.7649187,0.5491724,9.1790244,-2.29999995232,-14.8614997864,0.829999983311,2.61732721329,106.242576599,-0.87718474865,15.8442058563,-1.0977127552,97141.5344238,19.8400001526,177.183822632,False
17.400000000000002,0.211,-0.024,0.046,0.93163175,0.2353596,9.89490985,0.680000007153,-14.8614997864,-0.070000000298,2.61732721329,106.242576599,-0.699662923813,15.8513479233,-1.07817351818,97141.5344238,19.5799999237,188.638778687,False
17.5,0.308,-0.073,0.036,0.99047165,0.06864655,11.7091401,2.16999983788,-14.8614997864,-0.269999980927,2.61732721329,106.242576599,-0.230863362551,15.8862123489,-1.24840247631,97141.3879395,19.4300003052,175.35458374,False
17.6,0.373,-0.034,0.07,1.3337044,-0.10787315,10.9638347,2.16999983788,-9.00026702881,-0.280000001192,3.65095472336,102.057441711,-0.0663008466363,15.8856964111,-1.30884790421,97141.6564941,19.2799987793,172.706985474,False
17.7,0.416,-0.024,0.103,0.95124505,0.08825985,10.3362091,3.27999997139,-9.00026702881,-0.599999964237,3.65095472336,102.057441711,0.0661396235228,15.8865966797,-1.37956631184,97137.512207,19.2799987793,172.706985474,False
17.8,0.341,0.053,0.141,1.10815145,0.28439285,9.22805765,4.28999996185,-9.00026702881,-1.00999999046,3.65095472336,102.057441711,0.211719021201,15.8709077835,-1.3537248373,97137.0605469,19.1199989319,188.911911011,False
17.900000000000002,0.249,0.008,0.122,0.8433719,0.1569064,10.09104285,5.6299996376,-9.00026702881,-2.01999998093,3.65095472336,102.057441711,0.28811648488,15.8639507294,-1.38951158524,97137.0605469,18.7899990082,219.312286377,False
18.0,0.171,0.041,0.143,1.0591182,-0.10787315,8.9436648,5.6299996376,-9.00026702881,-2.01999998093,3.65095472336,102.057441711,0.365923583508,15.8393154144,-1.27662920952,97131.5124512,18.7899990082,219.312286377,False
18.1,0.122,0.108,0.132,0.4903325,0.4707192,6.5704555,6.52999973297,-1.20766341686,-3.13999986649,2.833070755,98.5087127686,0.43054163456,15.8200902939,-0.971697688103,97129.3640137,18.5,245.494262695,False
18.2,0.353,0.064,0.068,0.63743225,0.38245935,8.2571993,6.52999973297,-1.20766341686,-3.13999986649,2.833070755,98.5087127686,0.468530923128,15.8124752045,-0.829151272774,97126.7700195,18.5,245.494262695,False
18.3,0.437,0.051,0.021,1.1964113,0.26477955,8.7671451,7.01999998093,-1.20766341686,-3.52999997139,2.833070755,98.5087127686,0.463143914938,15.8161334991,-0.795040488243,97126.3000488,18.2899990082,246.516708374,False
18.400000000000002,0.387,0.04,0.029,1.3140911,0.18632635,9.5320638,6.85999965668,4.28429841995,-3.66999983788,1.5100697279,96.7947463989,0.415937542915,15.8419656754,-0.758048832417,97127.2644043,18.1900005341,245.011428833,False
18.5,-0.035,0.038,0.097,1.1964113,0.46091255,9.85568325,6.73000001907,4.28429841995,-3.8599998951,1.5100697279,96.7947463989,0.369960784912,15.871843338,-0.720777571201,97129.0710449,18.1000003815,241.913223267,False
18.6,-0.225,0.116,0.063,0.65704555,0.63743225,6.87446165,6.73000001907,4.28429841995,-3.86999988556,1.5100697279,96.7947463989,0.34870377183,15.9006328583,-0.545654952526,97129.0710449,18.0200004578,256.17855835,False
18.7,-0.23,0.133,0.007,0.95124505,0.7256921,6.5116156,7.00999975204,4.22059583664,-4.42999982834,-0.026408072561,95.1403808594,0.392337292433,15.9344015121,-0.180265396833,97125.4516602,17.9699993134,279.049865723,False
18.8,-0.003,0.116,-0.089,1.0198916,0.48052585,8.44352565,7.00999975204,4.22059583664,-4.42999982834,-0.026408072561,95.1403808594,0.404452055693,15.9885282516,0.00387619971298,97122.6013184,17.9699993134,279.049865723,False
18.900000000000002,0.101,0.096,-0.11,1.01008495,0.4707192,7.9629998,7.21000003815,4.22059583664,-4.38000011444,-0.026408072561,95.1403808594,0.430473327637,16.0563850403,0.0955833420157,97125.7995605,17.9499988556,262.045196533,False
19.0,0.02,0.137,-0.12,1.10815145,0.26477955,7.50208725,7.48000001907,4.22059583664,-4.11999988556,-0.026408072561,95.1403808594,0.432021021843,16.1067352295,0.226094588637,97125.7995605,17.9499988556,254.816253662,False
19.1,0.109,0.116,-0.109,0.71588545,0.44129925,7.07059465,7.52999973297,4.22059583664,-3.83999991417,-0.026408072561,95.1403808594,0.404569357634,16.2203903198,0.611330747604,97125.592041,18.0100002289,249.363891602,False
19.200000000000003,0.059,0.04,-0.079,0.9414384,0.16671305,7.7472535,7.52999973297,4.22059583664,-3.83999991417,-0.026408072561,95.1403808594,0.382490009069,16.2703304291,0.720770835876,97127.0202637,18.0100002289,249.363891602,False
19.3,0.158,0.009,-0.084,0.8825985,-0.48052585,7.93357985,7.5,5.01313209534,-3.40999984741,-3.83356571198,97.4815597534,0.292667090893,16.3853816986,1.07143294811,97131.9580078,18.0799999237,222.25541687,False
19.400000000000002,0.133,-0.026,-0.031,0.9218251,-0.3530394,8.1591328,6.86999988556,5.01313209534,-2.53999996185,-3.83356571198,97.4815597534,0.206969127059,16.4578857422,1.24530339241,97131.9580078,18.2899990082,198.108673096,False
19.5,0.152,-0.054,0.018,0.6080123,0.34323275,7.5118939,6.86999988556,5.01313209534,-2.53999996185,-3.83356571198,97.4815597534,0.162196278572,16.5051441193,1.34438502789,97129.0710449,18.2899990082,198.108673096,False
19.6,-0.062,-0.063,0.033,0.588399,0.63743225,9.01231135,6.57999992371,5.01313209534,-1.9699999094,-3.83356571198,97.4815597534,0.0769206956029,16.5941944122,1.46047830582,97134.5031738,18.4200000763,170.520492554,False
19.700000000000003,-0.096,-0.068,0.005,0.65704555,0.67665885,8.4533323,6.19999980927,6.85802984238,-0.899999976158,-3.39887976646,97.6626358032,0.0512514896691,16.695482254,1.61637222767,97134.5031738,18.7299995422,129.40435791,False
19.8,-0.135,-0.094,-0.062,0.95124505,0.8041453,11.79739995,6.21000003815,6.85802984238,-0.899999976158,-3.39887976646,97.6626358032,0.023765059188,16.7362880707,1.52630722523,97134.3261719,18.7299995422,129.40435791,False
19.900000000000002,-0.301,-0.063,-0.123,0.784532,0.5099458,10.91480145,6.1299996376,5.05124998093,0.509999990463,-2.580108881,98.0427627563,-0.000414100009948,16.8817157745,1.29163372517,97142.8344727,19.0200004578,59.5096588135,False
20.0,-0.208,-0.052,-0.158,0.22555295,0.32361945,10.1596894,6.1299996376,5.05124998093,0.509999990463,-2.580108881,98.0427627563,-0.00987598579377,16.9177513123,1.24809777737,97142.8344727,19.0200004578,59.5096588135,False
20.1,0.009,-0.079,-0.139,0.04903325,-0.0392266,9.3555441,5.94999980927,5.05124998093,1.05999994278,-2.580108881,98.0427627563,-0.040894895792,16.9656925201,1.24196469784,97140.2038574,19.1499996185,40.4811859131,False
20.200000000000003,0.183,-0.124,-0.081,0.3334261,-0.2745862,9.52225715,5.94999980927,2.80194950104,1.42999994755,-1.90000367165,100.3751297,-0.0975990220904,16.9963550568,1.31379520893,97142.8100586,19.2700004578,31.8493843079,False
20.3,0.209,-0.148,-0.028,0.06864655,1.22018374534e-15,9.9635564,5.67000007629,2.80194950104,1.76999998093,-1.90000367165,100.3751297,-0.134066537023,16.992647171,1.34787762165,97140.7165527,19.3899993896,29.4055938721,False
20.400000000000002,0.144,-0.154,0.019,-0.04903325,0.06864655,10.1204628,5.05999994278,2.80194950104,2.19000005722,-1.90000367165,100.3751297,-0.222281783819,16.9904975891,1.3187725544,97145.3857422,19.6399993896,15.7008171082,False
20.5,0.134,-0.188,0.031,-0.0392266,1.4363580309299998e-15,11.7287534,4.58999967575,2.80194950104,2.39999985695,-1.90000367165,100.3751297,-0.358060657978,16.9447402954,1.09067380428,97141.973877,19.75,-0.609970092773,False
20.6,0.056,-0.172,0.075,0.2745862,0.0588399,11.75817335,4.58999967575,2.80194950104,2.39999985695,-1.90000367165,100.3751297,-0.446184396744,16.9075698853,0.965735793114,97143.5058594,19.75,-0.609970092773,False
20.700000000000003,-0.007,-0.151,0.089,0.42168595,0.1372931,11.46397385,4.00999975204,6.69745492935,2.65999984741,1.90101540089,100.401809692,-0.53803396225,16.8307418823,0.774771034718,97146.2341309,19.9300003052,-22.9837417603,False
20.8,-0.066,-0.104,0.069,0.2549729,0.42168595,11.1991943,4.36999988556,6.69745492935,2.78999996185,1.90101540089,100.401809692,-0.591990530491,16.770980835,0.630798757076,97150.8972168,19.9300003052,-22.9837417603,False
20.900000000000002,-0.114,-0.089,0.044,0.10787315,0.48052585,10.983448,4.36999988556,6.69745492935,2.78999996185,1.90101540089,100.401809692,-0.632656574249,16.7135314941,0.480640977621,97150.8972168,19.9799995422,-30.2005767822,False
21.0,-0.117,-0.069,0.011,0.40207265,0.38245935,10.9638347,4.11999988556,5.16969156265,2.8599998951,3.91614222527,99.359916687,-0.675953447819,16.6339530945,0.320934027433,97147.1923828,20.0499992371,-31.7073822021,False
21.1,-0.138,-0.05,-0.006,0.2549729,0.4707192,10.4538889,5.94000005722,5.16969156265,3.49000000954,3.91614222527,99.359916687,-0.681886076927,16.538564682,0.205849096179,97151.3183594,20.0599994659,-34.2658996582,False
21.200000000000003,-0.116,-0.064,-0.052,0.4511059,0.36284605,10.62060195,5.94000005722,5.16969156265,3.49000000954,3.91614222527,99.359916687,-0.674643516541,16.4757423401,0.139192730188,97148.0651855,20.0699996948,-27.1363258362,False
21.3,-0.105,-0.07,-0.054,0.0392266,0.46091255,10.8853815,6.21000003815,5.16969156265,2.58999991417,3.91614222527,99.359916687,-0.646125197411,16.3628063202,-0.00438146060333,97148.0651855,20.0699996948,-24.9354362488,False
21.400000000000002,-0.088,-0.032,-0.066,0.4314926,0.2157463,11.0226746,6.21000003815,5.16969156265,2.58999991417,3.91614222527,99.359916687,-0.642803609371,16.3104171753,-0.109111703932,97151.9897461,20.0699996948,-24.9354362488,False
21.5,0.062,-0.05,-0.055,0.20593965,0.196133,11.0226746,10.8999996185,5.16969156265,2.37999987602,3.91614222527,99.359916687,-0.604838848114,16.1788539886,-0.244520887733,97148.4802246,20.0200004578,-25.884437561,False
21.6,0.126,0.01,-0.043,0.392266,0.1569064,10.0616229,12.4499998093,2.5553612709,2.26999998093,5.14159822464,100.769393921,-0.614051043987,16.1052761078,-0.325136721134,97148.4802246,19.9799995422,-5.27534484863,False
21.700000000000003,0.191,-0.005,-0.025,0.1372931,0.08825985,10.2185293,12.7599992752,2.5553612709,2.08999991417,5.14159822464,100.769393921,-0.608207523823,16.0645542145,-0.343333810568,97148.2299805,19.9300003052,-1.94129943848,False
21.8,0.201,3.67394039744e-19,0.003,0.3334261,0.0980665,9.91452315,15.5499992371,2.5553612709,1.82999992371,5.14159822464,100.769393921,-0.65821814537,15.9177131653,-0.421317815781,97149.1760254,19.8799991608,8.64639282227,False
21.900000000000002,0.156,-0.025,0.033,0.1569064,0.1765197,10.198916,15.5499992371,5.2963385582,1.82999992371,5.06287193298,101.060890198,-0.700368523598,15.8475999832,-0.466093957424,97149.7192383,19.8799991608,8.64639282227,False
22.0,0.18,-0.001,0.049,0.4314926,0.12748645,9.95374975,15.7999992371,5.2963385582,1.55999994278,5.06287193298,101.060890198,-0.732491493225,15.7935438156,-0.472850590944,97145.9655762,19.8199996948,18.6752319336,False
22.1,0.195,-0.009,0.052,0.24516625,0.32361945,9.71839015,15.9099998474,5.2963385582,1.35000002384,5.06287193298,101.060890198,-0.808879971504,15.6875038147,-0.534758448601,97145.9655762,19.7600002289,27.5279998779,False
22.200000000000003,0.21,0.011,0.03,0.46091255,0.392266,9.1594111,20.1700000763,5.2963385582,1.09000003338,5.06287193298,101.060890198,-0.877273440361,15.6076488495,-0.506063580513,97144.6594238,19.6999988556,36.0918998718,False
22.3,0.23,0.009,0.008,0.28439285,0.55897905,9.09076455,20.3999996185,9.05361747742,0.789999961853,5.14282798767,100.190040588,-0.9723970294,15.5065288544,-0.434325248003,97143.3044434,19.6399993896,49.4316101074,False
22.400000000000002,0.264,0.025,-0.057,0.24516625,0.7060788,8.7083052,23.1299991608,9.05361747742,0.5,5.14282798767,100.190040588,-1.00705635548,15.4782495499,-0.413584440947,97143.560791,19.5799999237,64.6067657471,False
22.5,0.295,0.031,-0.114,0.32361945,0.6864655,8.83579165,23.4200000763,9.05361747742,0.259999990463,5.14282798767,100.190040588,-1.09622228146,15.414853096,-0.312094777822,97144.9279785,19.5200004578,72.3662414551,False
22.6,0.27,0.02,-0.145,0.79433865,0.28439285,8.8848249,27.1299991608,9.05361747742,-0.0899999961257,5.14282798767,100.190040588,-1.20987141132,15.3793411255,-0.256203025579,97137.8234863,19.4399986267,99.9224700928,False
22.700000000000003,0.29,0.033,-0.166,0.8629852,0.2157463,8.69849855,27.1499996185,15.6466331482,-0.0799999982119,3.76152086258,101.832267761,-1.49237048626,15.2743310928,-0.0181309338659,97144.7814941,19.4399986267,99.9224700928,False
22.8,0.349,0.014,-0.168,0.50013915,0.2941995,9.0417313,27.2699985504,15.6466331482,-0.179999992251,3.76152086258,101.832267761,-1.6813724041,15.2437133789,0.074576228857,97144.5678711,19.4099998474,100.183395386,False
22.900000000000002,0.346,0.007,-0.145,0.6472389,0.24516625,9.34573745,29.2099990845,15.6466331482,0.52999997139,3.76152086258,101.832267761,-1.83181416988,15.2103271484,0.131780013442,97142.0776367,19.4099998474,100.183395386,False
23.0,0.357,0.015,-0.126,0.57859235,0.5295591,8.50236555,28.8199996948,15.6466331482,-0.0599999986589,3.76152086258,101.832267761,-2.22308492661,15.1375494003,0.304456233978,97142.0776367,19.4099998474,98.7860717773,False
23.1,0.237,-0.042,-0.132,0.57859235,0.46091255,9.4928372,28.5699996948,22.6729183197,-0.019999999553,2.1693379879,104.664123535,-2.51432609558,15.075920105,0.416197776794,97147.6989746,19.4300003052,106.115150452,False
23.200000000000003,0.188,-0.049,-0.147,0.95124505,0.3138128,9.22805765,30.8299999237,22.6729183197,0.239999994636,2.1693379879,104.664123535,-2.89733099937,15.0094537735,0.553199112415,97147.3571777,19.5100002289,102.990913391,False
23.3,0.161,-0.032,-0.17,1.0395049,0.73549875,8.71811185,30.8299999237,22.6729183197,0.259999990463,2.1693379879,104.664123535,-3.16212272644,14.9778318405,0.65909999609,97148.6022949,19.5100002289,102.990913391,False
23.400000000000002,0.157,-0.029,-0.192,0.89240515,0.89240515,8.9240515,31.2799987793,22.6729183197,0.789999961853,2.1693379879,104.664123535,-3.3836710453,14.9597015381,0.743329882622,97149.9206543,19.6399993896,102.386566162,False
23.5,0.012,-0.05,-0.216,1.04931155,0.73549875,8.91424485,30.9299983978,27.3395690918,1.01999998093,0.668851912022,109.668891907,-3.85312414169,14.8901443481,0.932779014111,97149.4567871,19.7299995422,95.7091369629,False
23.6,0.078,-0.044,-0.248,0.980665,0.6864655,8.7279185,30.9299983978,27.3395690918,1.02999997139,0.668851912022,109.668891907,-4.29376745224,14.8096933365,1.11496198177,97154.5288086,19.8400001526,88.0731582642,False
23.700000000000003,0.151,-0.124,-0.279,1.06892485,0.2745862,9.4339973,33.8400001526,27.3395690918,1.64999997616,0.668851912022,109.668891907,-4.74404621124,14.7144403458,1.26680648327,97151.5197754,19.9599990845,83.3754577637,False
23.8,0.181,-0.13,-0.267,0.81395195,0.50013915,9.85568325,34.2399978638,27.3395690918,2.05999994278,0.668851912022,109.668891907,-5.08755064011,14.6254320145,1.33072209358,97154.1381836,20.0900001526,70.8372116089,False
23.900000000000002,0.168,-0.165,-0.248,0.95124505,0.7256921,10.4538889,33.6300010681,30.5117702484,2.53999996185,-0.163141101599,115.511077881,-5.37877464294,14.5413808823,1.35577452183,97151.4831543,20.2399997711,57.4140548706,False
24.0,0.152,-0.185,-0.235,1.0591182,0.77472535,11.16977435,33.6300010681,30.5117702484,2.54999995232,-0.163141101599,115.511077881,-5.97719717026,14.3644504547,1.35345458984,97152.911377,20.2399997711,57.4140548706,False
24.1,0.12,-0.196,-0.217,1.08853815,0.83356525,11.46397385,34.5099983215,30.5117702484,3.39999985695,-0.163141101599,115.511077881,-6.61164808273,14.1340389252,1.31409215927,97155.0231934,20.5200004578,29.7035217285,False
24.200000000000003,0.088,-0.207,-0.222,1.01008495,0.77472535,11.50320045,33.6300010681,30.5117702484,3.84999990463,-0.163141101599,115.511077881,-7.14337253571,13.911192894,1.27227246761,97157.7148438,20.6499996185,8.3703994751,False
24.3,0.093,-0.218,-0.228,1.2160246,0.784532,11.60126695,33.469997406,30.5117702484,4.25,-0.163141101599,115.511077881,-7.45130872726,13.753900528,1.23044586182,97159.765625,20.7700004578,-8.30726623535,False
24.400000000000002,0.024,-0.233,-0.242,1.12776475,0.4903325,11.97391965,33.469997406,33.3913040161,4.25,0.880246281624,123.165184021,-8.09961700439,13.4376468658,1.16325473785,97163.0615234,20.8899993896,-21.5730667114,False
24.5,-0.008,-0.24,-0.245,0.99047165,0.57859235,12.50347875,31.0799999237,33.3913040161,4.90000009537,0.880246281624,123.165184021,-8.8295583725,12.9701070786,1.03308713436,97167.9260254,21.0,-40.6772613525,False
24.6,-0.052,-0.239,-0.249,0.85317855,0.51975245,12.20927925,31.7799987793,33.3913040161,5.21999979019,0.880246281624,123.165184021,-9.22271251678,12.7003612518,0.98034876585,97167.9260254,21.1000003815,-59.8079681396,False
24.700000000000003,-0.037,-0.211,-0.254,0.75511205,0.85317855,11.6306869,33.2900009155,33.3913040161,6.25,0.880246281624,123.165184021,-9.80652523041,12.2573070526,0.910466194153,97166.1560059,21.1899986267,-64.471244812,False
24.8,-0.018,-0.227,-0.271,1.04931155,0.59820565,12.07198615,32.1199989319,33.4076576233,5.83999967575,1.93785738945,132.307846069,-9.97564983368,12.1124000549,0.882711708546,97160.144043,21.2799987793,-78.5038909912,False
24.900000000000002,0.015,-0.267,-0.285,0.9022118,0.5295591,12.79767825,30.7099990845,33.4076576233,5.98000001907,1.93785738945,132.307846069,-10.3458604813,11.7730083466,0.799755692482,97165.0085449,21.3500003815,-89.2552337646,False
25.0,-0.02,-0.266,-0.285,0.5491724,0.71588545,12.6309652,30.6999988556,33.4076576233,5.98000001907,1.93785738945,132.307846069,-10.8929319382,11.2182426453,0.640311717987,97165.4418945,21.3500003815,-89.2552337646,False
25.1,0.001,-0.258,-0.275,0.8237586,0.588399,12.3956056,29.4200000763,33.4076576233,6.3799996376,1.93785738945,132.307846069,-11.5410528183,10.4166278839,0.43417134881,97167.7001953,21.4499988556,-109.851646423,False
25.200000000000003,-0.035,-0.243,-0.263,0.9022118,0.67665885,12.09159945,29.4099998474,33.4076576233,6.3799996376,1.93785738945,132.307846069,-11.7701215744,10.1143722534,0.368816047907,97165.1550293,21.4499988556,-109.851646423,False
25.3,-0.072,-0.274,-0.269,0.7453054,0.4511059,12.5328987,28.6999988556,33.4076576233,7.23000001907,1.93785738945,132.307846069,-12.1888179779,9.48923206329,0.250548690557,97165.1550293,21.4899997711,-115.802192688,False
25.400000000000002,-0.084,-0.267,-0.264,0.89240515,0.44129925,12.34657235,28.6899986267,33.3877372742,7.21999979019,3.55882692337,143.563644409,-12.3929662704,9.17591094971,0.195931985974,97166.8273926,21.4899997711,-115.802192688,False
25.5,-0.106,-0.26,-0.257,0.7453054,0.5295591,12.4348322,25.9899997711,33.3877372742,5.80999994278,3.55882692337,143.563644409,-12.7853813171,8.38073730469,0.0162461791188,97162.4328613,21.4699993134,-126.176742554,False
25.6,-0.134,-0.251,-0.257,0.392266,0.65704555,12.3956056,24.0799999237,33.3877372742,6.44000005722,3.55882692337,143.563644409,-13.0334777832,7.81285142899,-0.104741707444,97159.1491699,21.4499988556,-127.02960968,False
25.700000000000003,-0.11,-0.206,-0.253,0.6864655,0.59820565,11.95430635,24.0799999237,33.3877372742,6.44000005722,3.55882692337,143.563644409,-13.225561142,7.35388040543,-0.202393293381,97164.2272949,21.4499988556,-127.02960968,False
25.8,-0.117,-0.212,-0.236,0.87279185,0.5295591,12.36618565,22.3500003815,31.4455928802,6.2999997139,4.99279689789,152.241668701,-13.4493398666,6.67823028564,-0.357394337654,97164.2272949,21.3299999237,-120.965766907,False
25.900000000000002,-0.258,-0.202,-0.221,0.7649187,0.5491724,12.0425662,20.3699989319,31.4455928802,6.02999973297,4.99279689789,152.241668701,-13.5920524597,6.12864351273,-0.476149171591,97161.1022949,21.25,-113.94329071,False
26.0,-0.217,-0.173,-0.227,0.3726527,0.59820565,10.99325465,20.359998703,31.4455928802,6.00999975204,4.99279689789,152.241668701,-13.68309021,5.72401046753,-0.524449765682,97158.8317871,21.25,-113.94329071,False
26.1,-0.2,-0.179,-0.233,0.65704555,0.48052585,11.2972608,17.4799995422,31.4455928802,5.34999990463,4.99279689789,152.241668701,-13.7344675064,5.33917856216,-0.549023509026,97158.8317871,21.0599994659,-83.4550857544,False
26.200000000000003,-0.211,-0.165,-0.236,0.73549875,0.40207265,11.18938765,15.779999733,27.4250392914,5.03999996185,6.02933454514,159.328765869,-13.7764205933,4.96830844879,-0.592875540257,97158.1481934,20.9599990845,-75.0431060791,False
26.3,-0.197,-0.133,-0.225,0.79433865,0.4314926,11.0619012,14.9799995422,27.4250392914,4.67000007629,6.02933454514,159.328765869,-13.8102083206,4.22155046463,-0.706119537354,97154.2541504,20.8400001526,-62.1509552002,False
26.400000000000002,-0.207,-0.132,-0.212,0.46091255,0.4707192,10.89518815,14.9699993134,27.4250392914,4.65999984741,6.02933454514,159.328765869,-13.8129997253,3.98149871826,-0.713655769825,97152.3498535,20.8400001526,-62.1509552002,False
26.5,-0.22,-0.071,-0.197,0.7256921,0.48052585,10.1596894,13.3899993896,27.4250392914,4.23999977112,6.02933454514,159.328765869,-13.7944984436,3.48953747749,-0.766038239002,97148.3703613,20.7299995422,-45.1089859009,False
26.6,-0.233,-0.087,-0.193,0.4707192,0.588399,10.3558224,12.529999733,23.4389438629,4.61000013351,6.15140390396,165.158859253,-13.790102005,3.20738267899,-0.766225874424,97148.3703613,20.609998703,-43.42212677,False
26.700000000000003,-0.227,-0.064,-0.194,0.7453054,0.44129925,10.0616229,11.1300001144,23.4389438629,3.59999990463,6.15140390396,165.158859253,-13.7190198898,2.78319716454,-0.81662774086,97148.7426758,20.4899997711,-33.4359169006,False
26.8,-0.247,-0.055,-0.186,0.87279185,0.30400615,10.36562905,9.80999946594,23.4389438629,3.26999998093,6.15140390396,165.158859253,-13.6997880936,2.5211045742,-0.830213963985,97146.6552734,20.359998703,-22.5697517395,False
26.900000000000002,-0.247,-0.055,-0.186,0.87279185,0.30400615,10.36562905,7.53999996185,23.4389438629,2.53999996185,6.15140390396,165.158859253,-13.6142778397,2.10948944092,-0.857381880283,97146.6552734,20.1000003815,2.44455337524,False
27.0,-0.259,-0.015,-0.146,0.67665885,0.4511059,9.73800345,7.53999996185,23.4389438629,2.53999996185,6.15140390396,165.158859253,-13.6082553864,2.01004242897,-0.852712213993,97144.9951172,20.1000003815,2.44455337524,False
27.1,-0.23,-0.039,-0.133,0.8629852,0.196133,10.11065615,6.48999977112,16.7747097015,2.24000000954,5.56423616409,170.997711182,-13.5489969254,1.76095342636,-0.855185031891,97144.934082,19.9699993134,15.6336784363,False
27.200000000000003,-0.23,-0.039,-0.11,0.89240515,0.2549729,9.9439431,4.71999979019,16.7747097015,1.45999991894,5.56423616409,170.997711182,-13.4322795868,1.39772856236,-0.828247785568,97143.3898926,19.7099990845,38.5177612305,False
27.3,-0.244,0.017,-0.096,0.6276256,0.44129925,9.22805765,3.98000001907,16.7747097015,1.05999994278,5.56423616409,170.997711182,-13.3912782669,1.25246834755,-0.828939199448,97144.0612793,19.5799999237,55.0209999084,False
27.400000000000002,-0.23,0.031,-0.091,0.89240515,0.34323275,8.9828914,3.98000001907,16.7747097015,1.04999995232,5.56423616409,170.997711182,-13.3823070526,1.1922724247,-0.817175686359,97142.2851562,19.5799999237,55.0209999084,False
27.5,-0.214,0.031,-0.078,0.63743225,0.3726527,9.3163175,2.90999984741,11.6330022812,0.359999984503,4.89938259125,173.651184082,-13.3231315613,1.05569541454,-0.777626991272,97136.895752,19.3500003815,75.9005584717,False
27.6,-0.219,0.069,-0.064,0.8433719,0.4118793,8.4925589,2.56999993324,11.6330022812,0.0499999970198,4.89938259125,173.651184082,-13.2455558777,0.903206884861,-0.66824811697,97141.3879395,19.25,88.1383895874,False
27.700000000000003,-0.191,0.067,-0.058,0.8237586,0.4118793,8.7083052,2.31999993324,11.6330022812,-0.209999993443,4.89938259125,173.651184082,-13.1998500824,0.826953828335,-0.616109013557,97136.3647461,19.1499996185,97.6680755615,False
27.8,-0.174,0.041,-0.051,0.7256921,0.28439285,9.22805765,2.15999984741,11.6330022812,-0.479999989271,4.89938259125,173.651184082,-13.1785850525,0.797767996788,-0.570229053497,97136.1206055,19.0599994659,102.940078735,False
27.900000000000002,-0.154,0.052,-0.049,0.95124505,0.22555295,8.4925589,2.1099998951,6.44236946106,-0.709999978542,3.1373603344,175.430511475,-13.1407737732,0.739529967308,-0.436876863241,97136.529541,18.9799995422,110.458183289,False
28.0,-0.142,0.04,-0.046,0.81395195,0.2157463,8.8652116,2.1099998951,6.44236946106,-0.719999969006,3.1373603344,175.430511475,-13.1349201202,0.720064938068,-0.327364295721,97136.529541,18.9799995422,110.458183289,False
28.1,-0.157,0.05,-0.039,0.8629852,0.3530394,8.9632781,2.15999984741,6.44236946106,-0.849999964237,3.1373603344,175.430511475,-13.1267433167,0.725860178471,-0.22479942441,97137.0300293,18.9099998474,116.150093079,False
28.200000000000003,-0.11,0.063,-0.053,0.6864655,0.4118793,8.54159215,2.47000002861,3.38831806183,-1.03999996185,1.71894574165,176.438995361,-13.124045372,0.744197368622,-0.0910528898239,97137.0300293,18.8199996948,124.610328674,False
28.3,-0.041,0.078,-0.069,1.0395049,0.34323275,8.34545915,2.64999985695,3.38831806183,-1.17999994755,1.71894574165,176.438995361,-13.1174201965,0.751501202583,-0.0138829713687,97135.4675293,18.7999992371,144.077484131,False
28.400000000000002,-0.052,0.071,-0.058,0.77472535,0.40207265,8.3748791,2.82999992371,3.38831806183,-1.20999991894,1.71894574165,176.438995361,-13.1316862106,0.769849359989,0.118577025831,97131.9763184,18.7899990082,137.685012817,False
28.5,-0.106,0.059,-0.049,1.02969825,0.2353596,8.46313895,2.82999992371,3.38831806183,-1.20999991894,1.71894574165,176.438995361,-13.160451889,0.777102410793,0.18673786521,97133.6242676,18.7899990082,137.685012817,False
28.6,-0.07,0.076,-0.039,0.73549875,0.2745862,8.3748791,3.06999993324,1.52786278725,-1.19999992847,0.149806961417,177.867736816,-13.1900949478,0.792664051056,0.295911818743,97131.7016602,18.7999992371,157.156951904,False
28.700000000000003,0.05,0.061,-0.026,0.4511059,0.2745862,8.1983594,3.30999994278,1.52786278725,-1.30999994278,0.149806961417,177.867736816,-13.1921987534,0.804109334946,0.369378179312,97133.6242676,18.7999992371,157.156951904,False
28.8,0.113,0.043,-0.024,0.9218251,-0.10787315,8.3944924,3.65999984741,1.52786278725,-1.19999992847,0.149806961417,177.867736816,-13.2311458588,0.802290380001,0.512812495232,97134.5458984,18.859998703,132.918167114,False
28.900000000000002,0.132,0.012,0.015,0.91201845,-0.196133,8.52197885,3.6899998188,1.52786278725,-1.0,0.149806961417,177.867736816,-13.2561445236,0.789548099041,0.719091117382,97137.6464844,18.9099998474,133.278747559,False
29.0,0.104,0.02,0.05,0.8041453,0.22555295,8.3160392,3.6899998188,1.52786278725,-1.0,0.149806961417,177.867736816,-13.2848720551,0.78282135725,0.799444556236,97137.4755859,18.9099998474,133.278747559,False
29.1,0.058,0.011,0.048,0.8237586,0.30400615,8.1002929,3.92999982834,3.18956923485,-0.589999973774,-0.996686935425,178.108337402,-13.3276119232,0.773947834969,0.946948707104,97135.3820801,19.0599994659,128.419876099,False
29.200000000000003,0.009,-0.022,0.037,0.81395195,0.10787315,8.60043205,3.94999980927,3.18956923485,-0.399999976158,-0.996686935425,178.108337402,-13.3752355576,0.767461001873,1.13194489479,97138.3117676,19.1599998474,127.569290161,False
29.3,-0.024,-0.032,0.018,0.97085835,0.24516625,9.0025047,4.11000013351,3.18956923485,-0.0399999991059,-0.996686935425,178.108337402,-13.4303617477,0.755311727524,1.21583473682,97139.5202637,19.2700004578,116.113090515,False
29.400000000000002,-0.041,-0.034,0.002,1.04931155,0.24516625,9.60071035,4.25,3.13330793381,-0.0399999991059,-0.996686935425,178.108337402,-13.4518995285,0.766284823418,1.24462127686,97142.1203613,19.2700004578,116.113090515,False
29.5,-0.007,-0.027,-0.016,1.04931155,0.30400615,9.73800345,4.25,3.13330793381,0.259999990463,-0.931622624397,177.505889893,-13.5046043396,0.769080281258,1.2443562746,97145.3491211,19.3899993896,99.2921829224,False
29.6,-0.053,-0.04,-0.011,0.8433719,0.5295591,10.1008495,4.33999967575,3.13330793381,0.729999959469,-0.931622624397,177.505889893,-13.5777645111,0.76378339529,1.18611550331,97148.9257812,19.5100002289,78.9517364502,False
29.700000000000003,-0.051,-0.04,-0.008,0.9610517,0.40207265,10.03220295,4.48999977112,3.13330793381,1.05999994278,-0.931622624397,177.505889893,-13.6040992737,0.759030222893,1.14734196663,97148.9257812,19.6299991608,70.8336791992,False
29.8,-0.036,-0.08,-0.015,1.04931155,0.0980665,11.1599677,4.75999975204,2.16632843018,1.77999997139,-0.211775034666,177.899719238,-13.6833600998,0.767074346542,0.978652536869,97150.1464844,19.859998703,38.1237030029,False
29.900000000000002,0.028,-0.105,0.003,0.8041453,0.1176798,11.8464332,4.76999998093,2.16632843018,2.14999985695,-0.211775034666,177.899719238,-13.7092313766,0.749515771866,0.767106711864,97149.3896484,19.9499988556,16.8187141418,False
30.0,0.065,-0.1,0.025,1.0787315,0.04903325,11.5326204,4.76999998093,2.16632843018,2.14999985695,-0.211775034666,177.899719238,-13.7298555374,0.742281019688,0.666074752808,97146.8261719,19.9499988556,16.8187141418,False
30.1,0.033,-0.087,0.041,0.63743225,0.3334261,11.7875933,4.83999967575,2.16632843018,2.39999985695,-0.211775034666,177.899719238,-13.7482690811,0.724015712738,0.433998525143,97146.9177246,20.0200004578,8.57543945312,False
30.200000000000003,0.051,-0.116,0.044,1.1179581,0.1176798,12.03275955,4.86999988556,2.16632843018,2.49000000954,-0.211775034666,177.899719238,-13.7572526932,0.696934998035,0.192682802677,97145.8679199,20.0699996948,5.48896789551,False
30.3,0.074,-0.118,0.048,1.0983448,0.12748645,13.140911,4.82999992371,2.87066793442,2.49000000954,1.93543827534,177.504379272,-13.7449798584,0.662993788719,-0.0851479396224,97146.0449219,20.0900001526,11.4698410034,False
30.400000000000002,0.025,-0.116,0.086,0.89240515,0.61781895,13.28801075,4.75,2.87066793442,2.50999999046,1.93543827534,177.504379272,-13.7263374329,0.643249928951,-0.459395796061,97148.1933594,20.0699996948,-6.67304992676,False
30.5,-0.036,-0.031,0.054,0.6276256,0.7256921,11.66010685,4.76999998093,2.87066793442,2.30999994278,1.93543827534,177.504379272,-13.6748313904,0.631048798561,-0.89034485817,97147.0703125,19.9200000763,-15.9410476685,False
30.6,-0.047,-0.025,0.007,0.65704555,0.7453054,10.81673495,4.76999998093,3.03192663193,2.30999994278,3.55135297775,176.41078186,-13.6506490707,0.650350570679,-0.995767712593,97145.0134277,19.9200000763,-15.9410476685,False
30.700000000000003,-0.073,0.004,-0.053,0.7256921,0.6668522,10.09104285,5.15000009537,3.03192663193,1.5,3.55135297775,176.41078186,-13.5500888824,0.686084270477,-1.04365158081,97145.0134277,19.6800003052,11.4762306213,False
30.8,-0.059,0.025,-0.102,0.6276256,0.5295591,9.60071035,5.15000009537,3.03192663193,1.5,3.55135297775,176.41078186,-13.5261602402,0.70464015007,-1.01710581779,97138.0615234,19.5499992371,27.8134346008,False
30.900000000000002,-0.037,0.039,-0.133,0.6276256,0.40207265,9.50264385,5.5499997139,3.03192663193,0.620000004768,3.55135297775,176.41078186,-13.4677362442,0.719921350479,-0.998089313507,97138.0615234,19.4200000763,51.1073112488,False
31.0,0.021,0.005,-0.129,0.3138128,0.3334261,9.71839015,5.55999994278,1.94169664383,0.620000004768,2.76877331734,178.576812744,-13.4096689224,0.724215209484,-0.993712842464,97140.5029297,19.2999992371,56.7893981934,False
31.1,0.044,0.011,-0.087,0.26477955,0.18632635,8.58081875,5.63999986649,1.94169664383,-0.269999980927,2.76877331734,178.576812744,-13.3410253525,0.702970445156,-0.921230316162,97137.9760742,19.1800003052,76.8324890137,False
31.200000000000003,0.017,0.036,-0.08,0.3530394,0.1176798,8.1199062,5.60999965668,1.94169664383,-0.740000009537,2.76877331734,178.576812744,-13.3080968857,0.67028427124,-0.78120726347,97137.9760742,19.0699996948,101.166343689,False
31.3,0.065,0.03,-0.059,0.51975245,0.00980665,8.2179727,5.44999980927,1.94169664383,-1.12999999523,2.76877331734,178.576812744,-13.2932806015,0.653597295284,-0.696591854095,97137.2619629,18.9799995422,111.545944214,False
31.400000000000002,-0.047,0.057,-0.032,0.83356525,-0.1176798,7.1588545,5.46000003815,1.94169664383,-1.12999999523,2.76877331734,178.576812744,-13.2651395798,0.614920496941,-0.548750698566,97132.7697754,18.9799995422,111.545944214,False
31.5,-0.041,0.064,0.023,0.48052585,0.04903325,6.8842683,5.15999984741,2.63455724716,-1.89999997616,1.57470834255,-179.744216919,-13.2630081177,0.553534090519,-0.10292930156,97133.7402344,18.8699989319,164.685440063,False
31.6,0.062,0.043,0.026,1.0591182,-0.1372931,8.2768126,5.15999984741,2.63455724716,-1.89999997616,1.57470834255,-179.744216919,-13.2847824097,0.524930536747,0.0267781782895,97136.9567871,18.8699989319,164.685440063,False
31.700000000000003,0.057,0.072,0.049,1.0395049,0.0392266,8.58081875,4.92000007629,2.63455724716,-2.28999996185,1.57470834255,-179.744216919,-13.3215970993,0.500944972038,0.214498013258,97132.1411133,18.8699989319,170.4556427,False
31.8,0.005,0.022,0.076,1.02969825,0.42168595,10.07142955,5.0499997139,2.63455724716,-2.09999990463,1.57470834255,-179.744216919,-13.3703699112,0.491410911083,0.205491513014,97136.3037109,18.8899993896,147.943969727,False
31.900000000000002,0.029,0.06,0.015,0.9414384,0.4118793,8.63965865,5.01999998093,2.63060379028,-2.01999998093,0.177932620049,179.147003174,-13.4174318314,0.497505635023,0.302640706301,97133.3129883,18.9099998474,144.192687988,False
32.0,0.05,0.048,0.002,0.83356525,0.4314926,8.7475318,5.01999998093,2.63060379028,-2.01999998093,0.177932620049,179.147003174,-13.4678153992,0.487004607916,0.363315731287,97142.96875,18.9399986267,142.199890137,False
32.1,0.076,0.065,-7.96020419446e-18,1.14737805,0.4707192,8.3160392,5.06999969482,2.63060379028,-1.88999998569,0.177932620049,179.147003174,-13.5261297226,0.48925614357,0.486837267876,97141.6748047,18.9399986267,142.199890137,False
32.2,0.047,0.045,-0.035,1.0198916,0.196133,8.79656505,5.08999967575,2.63060379028,-1.66999995708,0.177932620049,179.147003174,-13.5914783478,0.490122377872,0.593099653721,97140.8203125,18.9799995422,138.854690552,False
32.300000000000004,-0.018,0.07,-0.042,0.69627215,0.4903325,7.7864801,5.03999996185,3.53005242348,-1.19999992847,-1.38358128071,179.240249634,-13.7271528244,0.435872226954,0.857925355434,97141.4428711,19.109998703,122.187232971,False
32.4,0.027,0.039,-0.037,0.71588545,0.4511059,8.18855275,5.02999973297,3.53005242348,-1.19999992847,-1.38358128071,179.240249634,-13.731423378,0.437081575394,0.886511266232,97140.045166,19.109998703,122.187232971,False
32.5,0.0,-0.006,-0.022,0.77472535,0.3726527,9.4732239,4.71999979019,3.53005242348,-0.489999979734,-1.38358128071,179.240249634,-13.8578586578,0.386621803045,0.97916251421,97146.0632324,19.2999992371,97.0797576904,False
32.6,0.031,-0.057,-0.006,1.06892485,-0.00980665,10.05181625,4.71999979019,3.53005242348,-0.489999979734,-1.38358128071,179.240249634,-13.9053449631,0.358287274837,0.985479176044,97146.3745117,19.2999992371,97.0797576904,False
32.7,0.036,-0.084,0.015,0.69627215,0.2941995,10.3362091,4.56999969482,3.53005242348,-0.0599999986589,-1.38358128071,179.240249634,-14.0054302216,0.291608542204,0.920665860176,97150.7019043,19.4099998474,86.0481262207,False
32.800000000000004,-0.005,-0.063,0.037,0.8237586,0.5099458,10.24794925,4.17999982834,3.7598721981,0.579999983311,-1.05101966858,179.695678711,-14.1002159119,0.245557934046,0.831902801991,97150.7019043,19.609998703,67.5720214844,False
32.9,-0.004,-0.087,0.024,0.91201845,0.26477955,10.95402805,4.17999982834,3.7598721981,0.579999983311,-1.05101966858,179.695678711,-14.1323480606,0.231713116169,0.772334456444,97140.9118652,19.609998703,67.5720214844,False
33.0,0.085,-0.062,-0.005,0.87279185,0.4903325,10.52253545,3.97000002861,3.7598721981,0.740000009537,-1.05101966858,179.695678711,-14.1734647751,0.215904012322,0.674378216267,97151.4221191,19.7700004578,41.2194252014,False
33.1,0.057,-0.071,-0.022,0.53936575,0.4511059,10.4735022,3.66999983788,3.7598721981,1.12999999523,-1.05101966858,179.695678711,-14.2166614532,0.163533404469,0.568501710892,97146.105957,19.8299999237,34.9193572998,False
33.2,-0.114,-0.081,-0.017,0.97085835,0.2353596,11.2972608,3.37999987602,3.7598721981,1.25999999046,-1.05101966858,179.695678711,-14.2614841461,0.110893771052,0.437062978745,97146.105957,19.8799991608,29.5314788818,False
33.300000000000004,-0.132,-0.086,-0.015,1.0198916,0.20593965,11.7091401,3.1099998951,4.04971837997,1.40999996662,0.609674930573,179.961090088,-14.2783317566,0.08014241606,0.336669832468,97151.1230469,19.9099998474,17.178440094,False
33.4,-0.091,-0.062,-0.008,0.51975245,0.36284605,10.7677017,2.86999988556,4.04971837997,1.40999996662,0.609674930573,179.961090088,-14.2872619629,0.0245835613459,0.118846274912,97149.8962402,19.9200000763,12.4462127686,False
33.5,-0.055,-0.082,0.003,0.4118793,0.7060788,11.5914603,2.86999988556,4.04971837997,1.40999996662,0.609674930573,179.961090088,-14.2921466827,0.0148158427328,0.0351931042969,97147.2351074,19.9200000763,12.4462127686,False
33.6,-0.102,-0.056,-0.019,0.50013915,0.5491724,11.4737805,2.77999997139,4.04971837997,1.53999996185,0.609674930573,179.961090088,-14.2737598419,0.0278950333595,-0.192946583033,97151.1169434,19.9200000763,-18.1098937988,False
33.7,-0.295,-0.038,-0.039,0.4707192,0.73549875,12.03275955,2.81999993324,2.27325439453,1.62000000477,1.72118210793,-179.895217896,-14.2493696213,0.047241859138,-0.414350271225,97148.1140137,19.8899993896,-39.13230896,False
33.800000000000004,-0.134,-0.044,-0.044,0.83356525,0.51975245,12.1406327,3.11999988556,2.27325439453,2.06999993324,1.72118210793,-179.895217896,-14.2230844498,0.113099731505,-0.828227579594,97148.1140137,19.7600002289,-76.042175293,False
33.9,-0.133,-0.051,-0.052,0.77472535,0.30400615,12.2583125,3.46000003815,2.27325439453,2.02999997139,1.72118210793,-179.895217896,-14.1930370331,0.177594587207,-1.07531619072,97147.1923828,19.6499996185,-76.568031311,False
34.0,-0.024,-0.057,-0.044,0.26477955,0.42168595,12.1014061,3.81999993324,-1.13055956364,1.93999993801,2.46570801735,-179.058624268,-14.1538724899,0.241366773844,-1.32384836674,97146.9055176,19.5100002289,-76.7574310303,False
34.1,0.187,-0.021,-0.021,0.4314926,0.46091255,10.4931155,4.23999977112,-1.13055956364,1.62999999523,2.46570801735,-179.058624268,-14.084728241,0.345136970282,-1.41080522537,97142.1020508,19.3500003815,-66.9263839722,False
34.2,0.187,-0.021,-0.021,0.4314926,0.46091255,10.4931155,4.23999977112,-1.13055956364,1.62999999523,2.46570801735,-179.058624268,-14.084728241,0.345136970282,-1.41080522537,97142.1020508,19.3500003815,-66.9263839722,False
34.300000000000004,0.202,-0.02,-0.135,-0.04903325,0.0784532,9.2574776,4.65000009537,-1.13055956364,1.19999992847,2.46570801735,-179.058624268,-14.0036745071,0.396227508783,-1.32477974892,97137.1459961,19.1899986267,-38.7279510498,False
34.4,0.163,-0.014,-0.124,0.0196133,-0.0784532,9.42419065,4.65000009537,1.5405766964,0.199999988079,2.74064064026,-177.541473389,-13.8842191696,0.358594030142,-1.33419275284,97137.1459961,18.8799991608,0.450801849365,False
34.5,0.149,-0.023,-0.057,0.1372931,0.06864655,9.60071035,4.40999984741,1.5405766964,-0.329999983311,2.74064064026,-177.541473389,-13.8100032806,0.307086586952,-1.29662919044,97129.6875,18.7299995422,19.4795608521,False
34.6,0.132,0.004,-0.008,0.196133,0.1569064,9.14960445,4.40999984741,1.5405766964,-0.329999983311,2.74064064026,-177.541473389,-13.7544536591,0.265549689531,-1.20756590366,97132.7148438,18.7299995422,19.4795608521,False
34.7,0.146,0.024,-0.004,0.26477955,0.32361945,8.05125965,3.9399998188,4.07942676544,-1.68999993801,2.62107610703,-176.324310303,-13.6831207275,0.212273463607,-1.02169847488,97130.7250977,18.4499988556,89.135269165,False
34.800000000000004,0.185,0.034,-0.02,0.02941995,0.392266,7.63938035,3.9399998188,4.07942676544,-1.67999994755,2.62107610703,-176.324310303,-13.6613006592,0.194565296173,-0.941431641579,97129.3884277,18.4499988556,89.135269165,False
34.9,0.165,0.082,-0.067,0.3726527,0.06864655,6.7665885,3.31999993324,4.07942676544,-2.83999991417,2.62107610703,-176.324310303,-13.6068716049,0.105716831982,-0.559906244278,97129.9194336,18.3299999237,108.194732666,False
35.0,0.062,0.078,-0.053,0.6276256,0.08825985,7.42363405,3.31999993324,4.07942676544,-2.83999991417,2.62107610703,-176.324310303,-13.5870580673,0.0213452186435,-0.338766992092,97128.8818359,18.1900005341,148.593811035,False
35.1,-0.062,0.022,0.002,0.59820565,0.40207265,9.34573745,2.32999992371,7.36291313171,-3.44999980927,1.01495146751,-175.672363281,-13.5911397934,-0.0783202424645,-0.289781659842,97128.9611816,18.1599998474,144.441604614,False
35.2,-0.078,0.078,-0.025,1.02969825,0.3726527,9.16921775,2.32999992371,7.36291313171,-3.44999980927,1.01495146751,-175.672363281,-13.6042060852,-0.105556130409,-0.278019070625,97128.5888672,18.1599998474,144.441604614,False
35.300000000000004,-0.088,0.106,-0.057,0.79433865,0.44129925,7.42363405,1.49000000954,6.35605144501,-3.76999998093,-0.274583756924,-175.454299927,-13.6312017441,-0.174183413386,-0.161852166057,97128.5217285,18.1000003815,151.40057373,False
35.4,-0.15,0.08,-0.056,0.9610517,0.16671305,7.93357985,1.49000000954,6.35605144501,-3.76999998093,-0.274583756924,-175.454299927,-13.6897726059,-0.244381055236,0.0724774748087,97128.5217285,18.1000003815,151.40057373,False
35.5,-0.149,0.118,-0.056,0.59820565,0.0980665,6.7469752,0.649999976158,6.35605144501,-3.81999993324,-0.274583756924,-175.454299927,-13.7487440109,-0.3513032794,0.399012625217,97129.5288086,18.1199989319,151.325805664,False
35.6,-0.069,0.091,-0.018,0.48052585,0.08825985,7.1588545,0.25,6.35605144501,-3.63999986649,-0.274583756924,-175.454299927,-13.8159370422,-0.421325415373,0.63142478466,97131.427002,18.1599998474,144.95362854,False
35.7,-0.14,0.037,0.03,0.59820565,0.10787315,8.65927195,-0.140000000596,3.45900058746,-3.37999987602,-2.64332771301,-174.839065552,-13.8778276443,-0.459852725267,0.796177864075,97130.8776855,18.2299995422,138.576599121,False
35.800000000000004,-0.163,0.028,0.036,0.9610517,0.0392266,8.62004535,-0.140000000596,3.45900058746,-3.37999987602,-2.64332771301,-174.839065552,-13.9269790649,-0.477259069681,0.871923923492,97132.623291,18.2299995422,138.576599121,False
35.9,-0.115,0.046,0.039,0.6668522,0.392266,8.48275225,-0.620000004768,3.45900058746,-2.56999993324,-2.64332771301,-174.839065552,-13.9961624146,-0.507913291454,0.956137061119,97132.5622559,18.4200000763,111.236381531,False
36.0,-0.083,4.8985871965900006e-18,0.04,0.5687857,0.196133,9.3751574,-0.620000004768,3.45900058746,-2.56999993324,-2.64332771301,-174.839065552,-14.1092681885,-0.518614709377,1.0729483366,97136.6210938,18.5299987793,101.99937439,False
36.1,-0.066,-0.015,0.038,0.8041453,-0.14709975,9.3555441,-0.989999949932,3.45900058746,-1.82999992371,-2.64332771301,-174.839065552,-14.2116861343,-0.527434945107,1.15255618095,97140.045166,18.6499996185,93.5153045654,False
36.2,-0.091,-0.007,0.066,0.7649187,0.08825985,8.95347145,-1.10000002384,0.307442784309,-1.48000001907,-3.29408288002,-176.083694458,-14.2904510498,-0.528471589088,1.21899545193,97137.9760742,18.7700004578,87.4076843262,False
36.300000000000004,-0.018,-0.032,0.062,0.79433865,0.0588399,9.56148375,-1.09000003338,0.307442784309,-1.01999998093,-3.29408288002,-176.083694458,-14.3793172836,-0.512460172176,1.25077533722,97137.9760742,18.9099998474,67.7937469482,False
36.4,-0.002,-0.05,0.051,0.77472535,0.24516625,9.81645665,-1.0,0.307442784309,-0.550000011921,-3.29408288002,-176.083694458,-14.4744176865,-0.469128698111,1.24839067459,97139.0991211,19.0399990082,48.6784934998,False
36.5,-0.011,-0.063,0.047,0.36284605,0.34323275,10.09104285,-0.899999976158,0.307442784309,-0.159999996424,-3.29408288002,-176.083694458,-14.5470170975,-0.438507884741,1.23309242725,97138.1713867,19.1700000763,34.1690063477,False
36.6,-0.045,-0.058,0.024,0.7060788,0.16671305,10.05181625,-0.810000002384,0.307442784309,0.259999990463,-3.29408288002,-176.083694458,-14.6187820435,-0.401633858681,1.18452596664,97144.9584961,19.2899990082,18.2841300964,False
36.7,0.015,-0.07,0.02,0.34323275,0.24516625,10.7284751,-0.759999990463,0.307442784309,0.610000014305,-3.29408288002,-176.083694458,-14.6860275269,-0.376761645079,1.07602500916,97144.708252,19.4099998474,3.92999649048,False
36.800000000000004,0.107,-0.082,0.041,0.3726527,0.1765197,11.20900095,-0.759999990463,-0.368011981249,0.610000014305,-2.15493679047,-177.278915405,-14.7261171341,-0.362763226032,0.944874107838,97143.4875488,19.4099998474,3.92999649048,False
36.9,0.033,-0.11,0.053,0.2353596,0.02941995,11.64049355,-0.740000009537,-0.368011981249,0.939999997616,-2.15493679047,-177.278915405,-14.7709341049,-0.359220772982,0.799503326416,97143.4875488,19.5100002289,-7.62138366699,False
37.0,0.017,-0.101,0.089,0.6080123,0.1176798,11.38552065,-0.75,-0.368011981249,1.14999997616,-2.15493679047,-177.278915405,-14.8025007248,-0.319541573524,0.645040750504,97143.347168,19.6599998474,-25.5571365356,False
37.1,-0.018,-0.074,0.064,0.1765197,0.32361945,10.3558224,-0.560000002384,-0.368011981249,1.43999993801,-2.15493679047,-177.278915405,-14.8107814789,-0.284899830818,0.486984938383,97146.0449219,19.6999988556,-36.3496780396,False
37.2,0.024,-0.107,0.047,0.196133,0.38245935,11.375714,0.0599999986589,0.162734493613,1.49000000954,-0.241355508566,-178.634002686,-14.8108215332,-0.242059215903,0.358837276697,97145.513916,19.7399997711,-34.4779968262,False
37.300000000000004,0.045,-0.077,0.031,0.196133,0.46091255,10.73828175,0.280000001192,0.162734493613,1.5,-0.241355508566,-178.634002686,-14.8036022186,-0.198759615421,0.160295367241,97148.2299805,19.75,-37.1948242188,False
37.4,0.024,-0.084,1.02870331128e-17,0.4511059,0.20593965,11.75817335,0.280000001192,0.162734493613,1.5,-0.241355508566,-178.634002686,-14.7928037643,-0.180919364095,0.060170352459,97148.2299805,19.75,-38.3577346802,False
37.5,0.014,-0.053,0.014,0.3334261,0.20593965,10.5323421,0.789999961853,0.162734493613,1.31999993324,-0.241355508566,-178.634002686,-14.7560501099,-0.155771836638,-0.0818572491407,97147.9614258,19.7299995422,-36.6104125977,False
37.6,0.027,-0.081,0.008,0.36284605,0.2745862,11.0815145,0.959999978542,0.655426681042,1.22000002861,1.52628362179,-179.142196655,-14.7318286896,-0.134558752179,-0.178372606635,97144.3786621,19.7099990845,-35.4267120361,False
37.7,-0.007,-0.074,9.062386313690001e-18,0.196133,0.2745862,11.09132115,1.87999999523,0.655426681042,1.12999999523,1.52628362179,-179.142196655,-14.6845121384,-0.112945742905,-0.34371316433,97149.4018555,19.6700000763,-32.4028015137,False
37.800000000000004,-0.012,-0.058,0.007,0.53936575,0.0784532,11.42474725,1.87999999523,0.655426681042,1.12999999523,1.52628362179,-179.142196655,-14.6695652008,-0.108948990703,-0.422230988741,97145.2453613,19.6700000763,-32.4028015137,False
37.9,0.102,-0.032,0.021,0.1372931,0.3334261,10.4538889,2.03999996185,0.655426681042,0.879999995232,1.52628362179,-179.142196655,-14.6175270081,-0.0920063480735,-0.541966080666,97144.9890137,19.609998703,-30.7498931885,False
38.0,-0.008,0.012,0.01,0.392266,0.1765197,9.5124505,4.0499997139,0.955281555653,0.699999988079,2.42796707153,-179.290313721,-14.5727834702,-0.0732514709234,-0.556264877319,97142.565918,19.5499992371,-24.8832702637,False
38.1,-0.037,-0.031,0.018,0.20593965,0.24516625,10.54214875,4.27999973297,0.955281555653,0.329999983311,2.42796707153,-179.290313721,-14.5220241547,-0.0690298900008,-0.622658252716,97142.8161621,19.4699993134,-9.64279174805,False
38.2,-0.014,-0.026,0.027,0.3138128,0.1765197,10.5323421,6.44000005722,0.955281555653,-0.0899999961257,2.42796707153,-179.290313721,-14.4372358322,-0.0511405691504,-0.630435228348,97143.1091309,19.3199996948,-8.3833694458,False
38.300000000000004,0.138,-0.001,0.008,0.38245935,0.2157463,9.75761675,6.44000005722,0.955281555653,-0.0899999961257,2.42796707153,-179.290313721,-14.4150953293,-0.0476002842188,-0.620101451874,97139.1845703,19.3199996948,-8.3833694458,False
38.400000000000006,0.16,0.0,0.0,0.392266,0.0980665,9.3555441,6.76999998093,1.43198883533,-0.359999984503,2.27498316765,-179.692276001,-14.3441352844,-0.0579552650452,-0.57063472271,97139.5141602,19.1700000763,16.5689468384,False
38.5,0.148,0.017,0.016,0.04903325,0.26477955,9.12999115,10.2699995041,1.43198883533,-0.829999983311,2.27498316765,-179.692276001,-14.324590683,-0.0688061639667,-0.558712422848,97140.234375,19.1000003815,17.6127433777,False
38.6,0.176,-0.002,0.009,0.12748645,0.26477955,9.28689755,10.2699995041,1.43198883533,-0.829999983311,2.27498316765,-179.692276001,-14.2801475525,-0.103471010923,-0.499488800764,97137.4511719,19.1000003815,17.6127433777,False
38.7,0.206,0.033,-0.006,0.14709975,0.2353596,8.03164635,11.8000001907,1.43198883533,-1.31999993324,2.27498316765,-179.692276001,-14.2161121368,-0.165302589536,-0.314512133598,97137.4511719,18.9799995422,44.5850372314,False
38.800000000000004,0.169,0.037,-0.007,0.4511059,0.5099458,8.0022264,12.1399993896,5.81189060211,-1.50999999046,1.59929633141,-179.851119995,-14.1901683807,-0.19390539825,-0.108172215521,97140.1367188,18.9499988556,50.1932144165,False
38.900000000000006,0.084,0.025,-0.068,0.2941995,0.57859235,8.6886919,15.8099994659,5.81189060211,-1.58999991417,1.59929633141,-179.851119995,-14.1782445908,-0.237969443202,0.0470189116895,97141.6320801,18.9399986267,58.2520484924,False
39.0,0.072,0.033,-0.108,0.0980665,0.4511059,8.7279185,16.2299995422,5.81189060211,-1.54999995232,1.59929633141,-179.851119995,-14.1657018661,-0.299312978983,0.159934997559,97139.4958496,18.9399986267,52.8746604919,False
39.1,0.197,0.049,-0.141,0.1372931,0.59820565,8.30623255,16.5499992371,5.81189060211,-1.44999992847,1.59929633141,-179.851119995,-14.1609449387,-0.328480035067,0.217469975352,97141.0827637,18.9699993134,52.5951385498,False
39.2,0.234,0.065,-0.167,0.392266,0.44129925,8.0022264,16.5499992371,9.05379676819,-1.44999992847,0.0604534707963,-177.719985962,-14.1606149673,-0.408552974463,0.34088486433,97139.2456055,18.9699993134,52.5951385498,False
39.300000000000004,0.226,0.04,-0.182,0.10787315,0.588399,8.433719,18.1399993896,9.05379676819,-1.17999994755,0.0604534707963,-177.719985962,-14.1675901413,-0.581648945808,0.571691930294,97140.045166,19.0599994659,49.1724967957,False
39.400000000000006,0.2,0.035,-0.191,0.3726527,0.3138128,8.1395195,18.1399993896,9.05379676819,-1.16999995708,0.0604534707963,-177.719985962,-14.1661281586,-0.630078077316,0.638156294823,97142.0532227,19.0599994659,49.1724967957,False
39.5,0.231,-0.004,-0.188,0.32361945,0.1765197,8.63965865,20.5499992371,12.90721035,-0.620000004768,-1.32569313049,-174.481628418,-14.1892290115,-0.891862332821,0.86662364006,97142.0532227,19.2099990845,38.6979103088,False
39.6,0.28,-0.03,-0.179,0.2157463,0.26477955,9.18883105,23.5,12.90721035,0.419999986887,-1.32569313049,-174.481628418,-14.1964168549,-1.10587930679,0.9599391222,97144.2932129,19.3099994659,34.7267150879,False
39.7,0.244,-0.088,-0.145,0.5099458,-0.0980665,11.07170785,23.5,12.90721035,0.439999997616,-1.32569313049,-174.481628418,-14.2187757492,-1.35184204578,0.944757282734,97142.3034668,19.3099994659,34.7267150879,False
39.800000000000004,0.237,-0.108,-0.111,0.34323275,0.16671305,11.4737805,23.2899990082,12.90721035,0.149999991059,-1.32569313049,-174.481628418,-14.2244281769,-1.53878712654,0.874595344067,97142.3034668,19.4099998474,21.9895362854,False
39.900000000000006,0.237,-0.108,-0.111,0.34323275,0.16671305,11.4737805,22.9899997711,12.90721035,0.509999990463,-1.32569313049,-174.481628418,-14.2161455154,-1.82445156574,0.921015918255,97142.3034668,19.5100002289,3.14149856567,False
40.0,0.2,-0.115,-0.101,0.57859235,0.24516625,10.14988275,24.6700000763,18.5785808563,0.070000000298,-1.35196566582,-171.048736572,-14.1916322708,-2.24625372887,1.02290463448,97147.65625,19.609998703,-1.56564712524,False
40.1,0.187,-0.117,-0.1,0.55897905,0.32361945,10.2969825,24.3199996948,18.5785808563,1.07999992371,-1.35196566582,-171.048736572,-14.1588115692,-2.57193303108,1.04704928398,97147.65625,19.7099990845,-10.0353240967,False
40.2,0.204,-0.117,-0.138,0.69627215,0.3334261,10.24794925,23.8400001526,18.5785808563,1.45999991894,-1.35196566582,-171.048736572,-14.1223421097,-3.00995922089,1.0633392334,97150.0183105,19.9200000763,-30.5894851685,False
40.300000000000004,0.136,-0.143,-0.156,0.5687857,0.32361945,10.6696352,26.3299999237,22.971031189,1.78999996185,-0.522888243198,-168.088256836,-14.0615348816,-3.38609886169,1.07201313972,97151.0620117,19.9200000763,-30.5894851685,False
40.400000000000006,0.105,-0.098,-0.15,0.34323275,0.6276256,9.58109705,26.1800003052,22.971031189,2.28999996185,-0.522888243198,-168.088256836,-13.9942464828,-3.75136351585,1.1094865799,97154.6569824,20.1299991608,-37.3682022095,False
40.5,0.071,-0.119,-0.181,0.6472389,0.3726527,10.34601575,25.5399990082,22.971031189,2.62999987602,-0.522888243198,-168.088256836,-13.9116210938,-4.13327884674,1.12811052799,97151.2023926,20.2399997711,-55.1507949829,False
40.6,0.074,-0.129,-0.194,0.2745862,0.4511059,10.71866845,27.8299999237,22.971031189,3.67999982834,-0.522888243198,-168.088256836,-13.8048744202,-4.62801599503,1.12992179394,97153.6804199,20.359998703,-68.9922332764,False
40.7,0.066,-0.126,-0.188,0.18632635,0.57859235,10.5715687,27.8299999237,25.43409729,3.6899998188,0.0952258557081,-162.559326172,-13.6989364624,-4.96833276749,1.10790574551,97153.3325195,20.359998703,-68.9922332764,False
40.800000000000004,0.136,-0.155,-0.202,0.1765197,0.40207265,10.73828175,27.1800003052,25.43409729,3.3599998951,0.0952258557081,-162.559326172,-13.6334323883,-5.20884227753,1.10828733444,97154.4921875,20.4699993134,-83.0996551514,False
40.900000000000006,0.09,-0.161,-0.192,0.5491724,0.4118793,10.87557485,26.4200000763,25.43409729,3.65999984741,0.0952258557081,-162.559326172,-13.510468483,-5.58663797379,1.07236266136,97155.9204102,20.5699996948,-96.0696258545,False
41.0,0.004,-0.158,-0.187,0.5491724,0.4118793,10.9246081,25.6199989319,25.43409729,4.26999998093,0.0952258557081,-162.559326172,-13.2501211166,-6.28209161758,1.01825034618,97155.4504395,20.7700004578,-112.906837463,False
41.1,-0.068,-0.155,-0.176,0.6864655,0.4707192,11.07170785,26.7999992371,27.0288734436,4.57999992371,1.04121851921,-157.431793213,-13.0717811584,-6.72571754456,0.957156360149,97155.4992676,20.8699989319,-120.220565796,False
41.2,-0.1,-0.16,-0.182,0.2549729,0.6668522,11.0422879,26.7999992371,27.0288734436,4.56999969482,1.04121851921,-157.431793213,-13.0022935867,-6.90702962875,0.930215358734,97159.4726562,20.8699989319,-120.220565796,False
41.300000000000004,-0.074,-0.148,-0.208,0.2353596,0.71588545,11.0815145,26.0399990082,27.0288734436,4.77999973297,1.04121851921,-157.431793213,-12.7450523376,-7.45366573334,0.870790839195,97159.4421387,20.9499988556,-122.546195984,False
41.400000000000006,-0.047,-0.131,-0.23,0.20593965,0.7649187,10.62060195,28.3299999237,27.0288734436,5.60999965668,1.04121851921,-157.431793213,-12.5424823761,-7.83029031754,0.8290117383,97161.7553711,21.0299987793,-121.290969849,False
41.5,0.047,-0.176,-0.252,0.44129925,0.5099458,11.1207411,27.6899986267,27.0288734436,5.03999996185,1.04121851921,-157.431793213,-12.3218536377,-8.18993663788,0.810123562813,97162.5732422,21.1000003815,-122.832778931,False
41.6,0.012,-0.18,-0.246,0.51975245,0.57859235,11.3561007,28.9699993134,26.0013751984,4.38999986649,1.71786701679,-150.213256836,-12.0906391144,-8.55609226227,0.750175476074,97159.979248,21.1700000763,-118.202301025,False
41.7,-0.03,-0.194,-0.254,0.5491724,0.48052585,11.76798,28.359998703,26.0013751984,5.17000007629,1.71786701679,-150.213256836,-11.9835071564,-8.71218490601,0.708775579929,97162.9333496,21.2399997711,-117.236709595,False
41.800000000000004,0.015,-0.172,-0.231,0.38245935,0.63743225,11.97391965,27.5299987793,26.0013751984,5.26999998093,1.71786701679,-150.213256836,-11.5603485107,-9.34708976746,0.525405108929,97163.9770508,21.2899990082,-117.928504944,False
41.900000000000006,0.055,-0.176,-0.214,0.48052585,0.69627215,11.77778665,28.7999992371,26.3896121979,5.44999980927,2.5997698307,-144.017318726,-11.3773183823,-9.5941991806,0.406886011362,97168.0664062,21.3699989319,-135.428039551,False
42.0,0.089,-0.172,-0.222,0.48052585,0.6276256,11.44436055,27.9699993134,26.3896121979,5.48000001907,2.5997698307,-144.017318726,-10.9565973282,-10.1147518158,0.231328070164,97165.612793,21.3899993896,-143.491943359,False
42.1,0.102,-0.17,-0.234,0.51975245,0.65704555,11.4737805,27.9699993134,26.3896121979,5.48999977112,2.5997698307,-144.017318726,-10.5462226868,-10.5361824036,0.112258262932,97163.9831543,21.3899993896,-143.491943359,False
42.2,0.027,-0.179,-0.237,0.2941995,0.7060788,11.13054775,28.8999996185,26.3896121979,5.5,2.5997698307,-144.017318726,-10.268163681,-10.8283491135,0.051585264504,97167.1630859,21.3899993896,-148.155593872,False
42.300000000000004,0.096,-0.202,-0.252,0.65704555,0.51975245,11.54242705,27.9799995422,26.3896121979,5.51999998093,2.5997698307,-144.017318726,-9.99185466766,-11.1024665833,0.0219725817442,97165.0146484,21.3899993896,-143.840209961,False
42.400000000000006,0.148,-0.188,-0.251,0.42168595,0.5099458,11.2972608,29.4299983978,28.5743732452,5.53999996185,3.64577436447,-136.788955688,-9.62926197052,-11.4375753403,-0.0223022922873,97164.7460938,21.3699989319,-139.518554688,False
42.5,0.148,-0.188,-0.251,0.42168595,0.5099458,11.2972608,28.6499996185,28.5743732452,5.51999998093,3.64577436447,-136.788955688,-9.4842672348,-11.5635662079,-0.018538210541,97164.7460938,21.359998703,-134.753234863,False
42.6,0.0,-0.196,-0.262,0.5491724,0.5099458,11.0030613,28.3199996948,28.5743732452,5.50999975204,3.64577436447,-136.788955688,-8.92428684235,-12.0162906647,-0.0370507054031,97162.8723145,21.3500003815,-131.378555298,False
42.7,-0.054,-0.159,-0.251,0.5295591,0.5491724,10.22833595,26.2799987793,30.3322067261,5.35999965668,3.91770482063,-129.538253784,-8.51445770264,-12.3163328171,-0.0218632295728,97165.0268555,21.3199996948,-118.532180786,False
42.800000000000004,-0.017,-0.171,-0.265,0.36284605,0.5687857,10.40485565,26.2799987793,30.3322067261,5.35999965668,3.91770482063,-129.538253784,-7.95279312134,-12.7103281021,0.025156673044,97164.2944336,21.3199996948,-118.532180786,False
42.900000000000006,-0.034,-0.18,-0.251,0.8237586,0.48052585,10.64021525,26.9499988556,30.3322067261,5.31999969482,3.91770482063,-129.538253784,-7.53447532654,-12.9738054276,0.0594850070775,97165.1000977,21.3099994659,-115.195274353,False
43.0,-0.062,-0.176,-0.25,0.8041453,0.46091255,10.8853815,25.5299987793,30.3322067261,5.23000001907,3.91770482063,-129.538253784,-7.04825258255,-13.2675352097,0.0968039110303,97169.2687988,21.2999992371,-104.642868042,False
43.1,-0.066,-0.177,-0.246,0.9022118,0.5295591,11.16977435,24.359998703,29.8706817627,5.25999975204,4.02090978622,-122.854064941,-6.68752193451,-13.4785680771,0.0783170238137,97164.9658203,21.2999992371,-104.642868042,False
43.2,-0.103,-0.149,-0.244,0.59820565,0.77472535,10.6500219,24.359998703,29.8706817627,5.25,4.02090978622,-122.854064941,-6.26426744461,-13.7191181183,0.0589736513793,97165.0146484,21.3099994659,-108.939933777,False
43.300000000000004,-0.065,-0.142,-0.256,0.81395195,0.588399,10.46369555,22.5599994659,29.8706817627,5.30999994278,4.02090978622,-122.854064941,-5.84771871567,-13.9376688004,0.0651052221656,97164.8742676,21.3099994659,-111.666679382,False
43.400000000000006,-0.088,-0.174,-0.254,0.6472389,0.44129925,11.0226746,22.5599994659,29.8706817627,5.33999967575,4.02090978622,-122.854064941,-5.41963529587,-14.1384716034,0.063949495554,97166.8029785,21.3099994659,-108.536911011,False
43.5,-0.151,-0.167,-0.234,0.9218251,0.48052585,10.983448,21.3199996948,28.4269733429,5.32999992371,4.12856054306,-116.623100281,-5.15451717377,-14.2581205368,0.042135309428,97164.2944336,21.3099994659,-106.936836243,False
43.6,-0.172,-0.153,-0.226,0.5295591,0.75511205,10.6892485,20.0,28.4269733429,6.01999998093,4.12856054306,-116.623100281,-4.63745546341,-14.4531450272,-0.00344683043659,97164.2944336,21.3099994659,-113.793182373,False
43.7,-0.181,-0.144,-0.231,0.4903325,0.6668522,10.6696352,17.1800003052,28.4269733429,4.59999990463,4.12856054306,-116.623100281,-4.20632362366,-14.6040754318,-0.0445492677391,97166.394043,21.2899990082,-111.187835693,False
43.800000000000004,-0.213,-0.136,-0.222,0.5099458,0.6080123,10.8461549,15.7299995422,28.4269733429,5.19000005722,4.12856054306,-116.623100281,-3.87785935402,-14.7171697617,-0.0781036391854,97166.9921875,21.2799987793,-104.861831665,False
43.900000000000006,-0.225,-0.144,-0.215,0.67665885,0.4511059,11.34629405,14.2399997711,24.5125961304,5.21999979019,4.74634122849,-109.936058044,-3.2243745327,-14.8905582428,-0.178210601211,97167.9138184,21.2600002289,-103.413772583,False
44.0,-0.266,-0.089,-0.198,0.5687857,0.65704555,10.4342756,14.25,24.5125961304,5.19999980927,4.74634122849,-109.936058044,-2.94612216949,-14.961230278,-0.197478592396,97163.6535645,21.2600002289,-103.413772583,False
44.1,-0.236,-0.086,-0.188,0.5687857,0.59820565,10.4735022,11.4899997711,24.5125961304,5.06999969482,4.74634122849,-109.936058044,-2.5154542923,-15.0447444916,-0.269443482161,97161.7492676,21.2099990845,-95.6073760986,False
44.2,-0.216,-0.063,-0.184,0.6472389,0.5491724,10.18910935,11.4899997711,24.5125961304,5.0499997139,4.74634122849,-109.936058044,-2.2715382576,-15.094165802,-0.285367935896,97160.5895996,21.2099990845,-95.6073760986,False
44.300000000000004,-0.186,-0.054,-0.182,0.8041453,0.4903325,10.1793027,10.2100000381,24.5125961304,4.94999980927,4.74634122849,-109.936058044,-1.96704852581,-15.136428833,-0.335687994957,97163.2019043,21.1800003052,-91.3454055786,False
44.400000000000006,-0.194,-0.066,-0.172,0.48052585,0.5687857,10.26756255,7.75999975204,18.4967422485,4.67000007629,4.79641819,-103.83518219,-1.63446736336,-15.1569776535,-0.376184463501,97164.630127,21.0900001526,-80.3068161011,False
44.5,-0.254,-0.086,-0.166,0.91201845,0.40207265,10.91480145,7.75999975204,18.4967422485,4.65000009537,4.79641819,-103.83518219,-1.41340506077,-15.1723537445,-0.456948429346,97161.0534668,21.0900001526,-80.3068161011,False
44.6,-0.248,-0.052,-0.161,0.8237586,0.36284605,10.2381426,6.58999967575,18.4967422485,4.48000001907,4.79641819,-103.83518219,-1.21682834625,-15.188577652,-0.504820108414,97161.8469238,21.0399990082,-72.837638855,False
44.7,-0.176,-0.043,-0.142,0.4903325,0.4707192,10.1204628,4.46999979019,14.8889570236,4.19999980927,4.91583251953,-100.980674744,-0.888894379139,-15.1864995956,-0.565944910049,97161.6455078,20.9200000763,-62.6848220825,False
44.800000000000004,-0.222,-0.015,-0.123,0.6472389,0.44129925,10.03220295,4.46999979019,14.8889570236,4.19999980927,4.91583251953,-100.980674744,-0.811490476131,-15.1904773712,-0.572160840034,97158.7219238,20.9200000763,-62.6848220825,False
44.900000000000006,-0.215,-0.022,-0.121,0.8825985,0.3530394,9.99297635,2.59999990463,14.8889570236,3.81999993324,4.91583251953,-100.980674744,-0.516949772835,-15.1643981934,-0.620963692665,97158.6853027,20.7799987793,-51.9245147705,False
45.0,-0.162,-0.04,-0.119,0.8825985,0.2353596,10.3558224,2.59999990463,10.9985256195,3.80999994278,4.76004219055,-98.2643966675,-0.41582724452,-15.1730260849,-0.639894545078,97158.416748,20.7099990845,-42.9252624512,False
45.1,-0.202,0.003,-0.092,0.85317855,0.2941995,9.1397978,1.09000003338,10.9985256195,3.44999980927,4.76004219055,-98.2643966675,-0.21440218389,-15.1589994431,-0.637659609318,97153.302002,20.6299991608,-27.8196334839,False
45.2,-0.232,0.003,-0.073,0.588399,0.3530394,8.9436648,1.09000003338,10.9985256195,3.44999980927,4.76004219055,-98.2643966675,-0.150155678391,-15.1422290802,-0.609085679054,97157.7026367,20.6299991608,-27.8196334839,False
45.300000000000004,-0.199,0.014,-0.068,0.87279185,0.1765197,8.8848249,-0.070000000298,10.9985256195,2.90999984741,4.76004219055,-98.2643966675,-0.0554170049727,-15.1381416321,-0.579760551453,97151.9897461,20.4899997711,-4.72049713135,False
45.400000000000006,-0.132,-0.008,-0.055,1.0198916,0.12748645,9.26728425,-0.070000000298,10.9985256195,2.89999985695,4.76004219055,-98.2643966675,0.0443260297179,-15.1295089722,-0.500758230686,97154.473877,20.4899997711,-4.72049713135,False
45.5,-0.206,0.011,-0.034,0.7453054,0.2745862,9.0025047,-0.539999961853,10.9985256195,2.70000004768,4.76004219055,-98.2643966675,0.108910873532,-15.1100502014,-0.475871860981,97154.864502,20.4300003052,2.25067138672,False
45.6,-0.08,-0.014,-0.008,0.95124505,0.16671305,9.414384,-1.30999994278,5.58845806122,2.32999992371,4.366294384,-96.1915817261,0.18006965518,-15.1048984528,-0.432899951935,97154.6630859,20.3099994659,21.5475082397,False
45.7,0.025,-0.006,7.34788079488e-19,1.0395049,0.1569064,9.62032365,-1.61000001431,5.58845806122,2.20000004768,4.366294384,-96.1915817261,0.253530859947,-15.1182441711,-0.360457599163,97156.4575195,20.2600002289,30.7227134705,False
45.800000000000004,-0.154,-0.008,0.018,1.04931155,0.22555295,9.95374975,-1.86000001431,5.58845806122,2.0,4.366294384,-96.1915817261,0.29001814127,-15.1306152344,-0.351232081652,97152.4902344,20.2199993134,47.3323822021,False
45.900000000000006,-0.213,-0.007,0.033,1.1964113,0.2353596,10.05181625,-2.06999993324,5.58845806122,1.81999993324,4.366294384,-96.1915817261,0.306884258986,-15.1351995468,-0.350407123566,97152.6245117,20.1899986267,53.4638404846,False
46.0,-0.271,0.025,0.042,1.2944778,0.2549729,9.62032365,-2.1099998951,2.5350754261,1.65999996662,4.00683927536,-96.5001983643,0.29181265831,-15.139421463,-0.333485364914,97154.3701172,20.1499996185,54.7651290894,False
46.1,-0.196,0.052,0.037,1.16699135,0.30400615,9.48303055,-2.1099998951,2.5350754261,1.65999996662,4.00683927536,-96.5001983643,0.252799957991,-15.1615028381,-0.287801384926,97153.0761719,20.1499996185,54.7651290894,False
46.2,-0.085,0.045,-0.009,1.16699135,0.24516625,9.89490985,-1.58999991417,2.5350754261,1.53999996185,4.00683927536,-96.5001983643,0.182193472981,-15.184094429,-0.291014522314,97152.0812988,20.0799999237,56.2703132629,False
46.300000000000004,0.035,0.068,-0.003,0.93163175,0.61781895,8.9240515,-1.29999995232,2.5350754261,1.4699999094,4.00683927536,-96.5001983643,0.144527122378,-15.1827163696,-0.283294022083,97152.2460938,20.0799999237,56.2703132629,False
46.400000000000006,-0.047,0.091,-0.011,0.85317855,0.55897905,7.83551335,-1.01999998093,2.5350754261,1.41999995708,4.00683927536,-96.5001983643,0.0455537140369,-15.2069559097,-0.0844779089093,97152.2460938,20.0299987793,60.0559234619,False
46.5,-0.041,0.077,-0.027,0.8629852,0.38245935,7.67860695,-0.769999980927,-0.872327566147,1.45999991894,1.99992632866,-96.7464981079,0.0317820049822,-15.2269716263,-0.0212321523577,97153.515625,20.0299987793,60.2412223816,False
46.6,-0.02,0.035,-0.032,1.0002783,0.04903325,8.4925589,-0.449999988079,-0.872327566147,1.55999994278,1.99992632866,-96.7464981079,-0.0524089671671,-15.2729377747,0.250498831272,97151.550293,20.0499992371,57.5071334839,False
46.7,0.022,0.019,-0.024,0.95124505,-0.00980665,8.6886919,-0.449999988079,-0.872327566147,1.55999994278,1.99992632866,-96.7464981079,-0.0876819938421,-15.283703804,0.357178539038,97152.734375,20.0499992371,57.5071334839,False
46.800000000000004,0.054,0.035,0.004,0.67665885,0.24516625,8.34545915,-0.0899999961257,-0.872327566147,1.80999994278,1.99992632866,-96.7464981079,-0.112675860524,-15.3028621674,0.428541362286,97152.935791,20.1299991608,65.8458709717,False
46.900000000000006,0.06,-0.006,0.027,0.95124505,-0.06864655,8.95347145,0.129999995232,-0.637383043766,1.99000000954,0.988197863102,-96.4471588135,-0.161341801286,-15.3808755875,0.594308018684,97150.1281738,20.1999988556,61.2399101257,False
47.0,0.051,6.245698675650001e-18,0.051,1.12776475,0.1372931,8.81617835,0.129999995232,-0.637383043766,1.99000000954,0.988197863102,-96.4471588135,-0.185341417789,-15.4145593643,0.649578154087,97153.4729004,20.1999988556,61.2399101257,False
47.1,0.021,-0.029,0.074,1.1964113,-0.06864655,9.0809579,0.409999996424,-0.637383043766,2.12999987602,0.988197863102,-96.4471588135,-0.217841178179,-15.4508590698,0.743814647198,97155.8288574,20.2700004578,61.1386299133,False
47.2,0.003,-0.049,0.088,1.14737805,-0.00980665,9.50264385,0.560000002384,-0.637383043766,2.53999996185,0.988197863102,-96.4471588135,-0.258978337049,-15.4949655533,0.798654735088,97155.8288574,20.4200000763,37.1566772461,False
47.300000000000004,-0.032,-0.021,0.099,0.93163175,0.4707192,9.0809579,0.560000002384,-0.637383043766,2.53999996185,0.988197863102,-96.4471588135,-0.294657975435,-15.5289916992,0.824932396412,97160.5041504,20.5100002289,33.0405235291,False
47.400000000000006,-0.031,-0.029,0.079,0.8237586,0.4707192,9.5712904,0.839999973774,-0.763009667397,2.82999992371,1.47050082684,-98.2275009155,-0.328862696886,-15.5497264862,0.83126783371,97160.4431152,20.5100002289,33.0405235291,False
47.5,0.001,-0.021,0.067,1.0591182,0.392266,9.44380395,1.48000001907,-0.763009667397,3.25999999046,1.47050082684,-98.2275009155,-0.407347202301,-15.5931396484,0.825802326202,97160.4431152,20.6999988556,26.1362075806,False
47.6,0.084,-0.038,0.053,0.81395195,0.38245935,9.91452315,1.78999996185,-0.763009667397,3.39999985695,1.47050082684,-98.2275009155,-0.474530905485,-15.6122941971,0.798536837101,97157.7636719,20.7899990082,14.2347335815,False
47.7,0.074,-0.045,0.058,1.04931155,0.3334261,9.95374975,1.78999996185,-0.763009667397,3.39999985695,1.47050082684,-98.2275009155,-0.500808477402,-15.6406478882,0.755817294121,97161.5905762,20.7899990082,14.2347335815,False
47.800000000000004,0.082,-0.076,0.057,0.97085835,0.0980665,10.7677017,2.29999995232,-0.335389822721,3.87999987602,2.23545479774,-99.6574935913,-0.540404856205,-15.6746549606,0.632147073746,97163.2019043,20.9499988556,-7.94086456299,False
47.900000000000006,0.131,-0.055,0.07,1.1179581,0.3334261,10.5127288,2.47000002861,-0.335389822721,4.15000009537,2.23545479774,-99.6574935913,-0.561072230339,-15.6827487946,0.546967148781,97164.7399902,21.0200004578,-20.4273223877,False
48.0,0.116,-0.075,0.079,0.784532,0.42168595,10.4146623,2.47000002861,-0.335389822721,4.15000009537,2.23545479774,-99.6574935913,-0.594078719616,-15.6747331619,0.490118056536,97165.1611328,21.0699996948,-35.7168197632,False
48.1,0.059,-0.046,0.064,0.7453054,0.6276256,10.1008495,2.73000001907,-0.335389822721,4.2999997139,2.23545479774,-99.6574935913,-0.602494060993,-15.6724948883,0.448517680168,97165.3991699,21.0699996948,-35.7168197632,False
48.2,-0.006,-0.047,0.04,0.65704555,0.5687857,10.198916,2.84999990463,1.48498690128,4.44999980927,3.49907469749,-101.127349854,-0.632370114326,-15.6550931931,0.373130142689,97168.2006836,21.1700000763,-30.0407409668,False
48.300000000000004,-0.093,-0.053,0.029,1.0002783,0.4314926,10.40485565,3.04999995232,1.48498690128,4.48999977112,3.49907469749,-101.127349854,-0.640060126781,-15.6285076141,0.277443706989,97166.8701172,21.1700000763,-30.0407409668,False
48.400000000000006,0.141,-0.06,0.006,0.73549875,0.83356525,11.5130071,3.42999982834,1.48498690128,4.80999994278,3.49907469749,-101.127349854,-0.6817060709,-15.6046943665,0.137689396739,97169.4763184,21.2299995422,-71.4458465576,False
48.5,0.21,-0.069,-0.02,0.784532,0.7649187,13.2978174,3.61999988556,1.48498690128,5.06999969482,3.49907469749,-101.127349854,-0.697222113609,-15.5415620804,-0.39938673377,97166.2841797,21.2199993134,-113.040924072,False
48.6,0.161,-0.079,-0.051,0.97085835,0.59820565,12.28773245,3.62999987602,2.75350928307,5.15000009537,4.98035049438,-101.273109436,-0.688440442085,-15.4670085907,-0.649996340275,97168.2006836,21.1800003052,-135.020629883,False
48.7,0.086,-0.067,-0.08,0.7060788,0.784532,11.6306869,3.44999980927,2.75350928307,5.21000003815,4.98035049438,-101.273109436,-0.648663043976,-15.3934211731,-0.856596112251,97170.9411621,21.1000003815,-131.153488159,False
48.800000000000004,-0.067,-0.049,-0.11,0.7649187,0.2745862,11.4541672,3.44999980927,2.75350928307,5.21000003815,4.98035049438,-101.273109436,-0.604186356068,-15.3318538666,-0.999000370502,97166.1865234,21.1000003815,-131.153488159,False
48.900000000000006,0.029,-0.056,-0.085,0.36284605,0.4707192,10.91480145,3.28999996185,2.75350928307,5.19999980927,4.98035049438,-101.273109436,-0.547489702702,-15.2387104034,-1.09064030647,97163.0554199,21.0100002289,-136.149780273,False
49.0,0.018,-0.013,-0.094,0.0784532,0.51975245,9.22805765,3.02999997139,4.05388689041,5.0499997139,6.01955795288,-98.8820724487,-0.49959051609,-15.1576890945,-1.08768320084,97160.333252,20.7899990082,-104.75063324,False
49.1,-0.227,-0.059,-0.079,0.4511059,0.36284605,11.4149406,2.81999993324,4.05388689041,4.77999973297,6.01955795288,-98.8820724487,-0.44836050272,-15.04388237,-1.21914160252,97160.8642578,20.7899990082,-104.75063324,False
49.2,-0.274,-0.066,-0.078,0.5687857,0.34323275,12.1210194,2.40999984741,4.05388689041,4.38999986649,6.01955795288,-98.8820724487,-0.419750779867,-14.9031400681,-1.46272003651,97159.1003418,20.5299987793,-108.892631531,False
49.300000000000004,-0.327,-0.058,-0.06,0.588399,0.196133,12.3367657,2.40999984741,4.05388689041,4.38999986649,6.01955795288,-98.8820724487,-0.408027946949,-14.8090105057,-1.62780618668,97154.8583984,20.5299987793,-108.892631531,False
49.400000000000006,0.036,-0.069,-0.061,0.30400615,0.00980665,11.34629405,2.30999994278,-0.465488106012,3.80999994278,6.72849655151,-97.4763717651,-0.399096131325,-14.7020654678,-1.76618802547,97154.2663574,20.1899986267,-106.475257874,False
49.5,0.019,0.015,0.002,0.1176798,0.3334261,8.79656505,2.26999998093,-0.465488106012,3.38999986649,6.72849655151,-97.4763717651,-0.394648015499,-14.59623909,-1.72214519978,97147.4365234,19.9899997711,-76.1190414429,False
49.6,-0.01,0.004,-0.005,0.26477955,0.30400615,9.52225715,2.3599998951,-0.465488106012,2.9399998188,6.72849655151,-97.4763717651,-0.409687787294,-14.4734659195,-1.73539161682,97151.2329102,19.8099994659,-55.2501678467,False
49.7,-0.038,0.003,0.004,0.42168595,0.28439285,9.79684335,2.3599998951,-0.465488106012,2.9399998188,6.72849655151,-97.4763717651,-0.402506798506,-14.4103813171,-1.7037678957,97144.7387695,19.8099994659,-55.2501678467,False
49.800000000000004,-0.031,0.035,0.007,0.3726527,0.2745862,9.14960445,2.37999987602,-0.597660183907,2.40999984741,6.5394525528,-97.051399231,-0.428867518902,-14.296412468,-1.68879413605,97144.7387695,19.609998703,-38.7075424194,False
49.900000000000006,-0.002,0.04,-4.8985871965900006e-18,0.50013915,0.40207265,9.1005712,2.56999993324,-0.597660183907,1.53999996185,6.5394525528,-97.051399231,-0.455919265747,-14.1859350204,-1.57008624077,97142.6879883,19.25,-11.4044189453,False
50.0,0.106,0.058,-0.011,0.28439285,0.588399,8.71811185,2.56999993324,-0.597660183907,1.53999996185,6.5394525528,-97.051399231,-0.486741840839,-14.1321725845,-1.45767533779,97142.0776367,19.0799999237,1.93929672241,False
50.1,0.158,0.092,-0.06,0.5099458,0.36284605,7.3549875,2.87999987602,-0.597660183907,0.680000007153,6.5394525528,-97.051399231,-0.498594969511,-14.0735778809,-1.19165349007,97138.1958008,18.9300003052,30.1166534424,False
50.2,0.109,0.105,-0.071,0.4511059,0.2745862,7.26672765,2.87999987602,-0.597660183907,0.680000007153,6.5394525528,-97.051399231,-0.512209773064,-14.0444345474,-1.00579154491,97136.0656738,18.9300003052,30.1166534424,False
50.300000000000004,0.096,0.1,-0.093,0.24516625,0.22555295,7.2373077,2.83999991417,1.79537582397,-0.0299999993294,4.2351026535,-96.136138916,-0.473820149899,-14.0112771988,-0.710630536079,97136.0656738,18.7099990845,68.4679031372,False
50.400000000000006,0.208,0.062,-0.096,0.32361945,-0.1569064,7.87473995,2.83999991417,1.79537582397,-0.0299999993294,4.2351026535,-96.136138916,-0.41196975112,-14.0021448135,-0.549823641777,97132.2814941,18.6399993896,80.3884506226,False
50.5,0.191,0.072,-0.004,0.48052585,0.00980665,7.40402075,2.00999999046,1.79537582397,-0.479999989271,4.2351026535,-96.136138916,-0.314697504044,-14.0185203552,-0.26343396306,97134.9975586,18.6000003815,94.588470459,False
50.6,-0.033,0.094,0.055,0.6276256,0.2745862,7.36479415,1.73000001907,1.79537582397,-0.689999997616,4.2351026535,-96.136138916,-0.269929915667,-14.0339126587,-0.0516165234149,97132.7819824,18.5799999237,117.719078064,False
50.7,-0.198,0.089,0.054,1.01008495,0.3334261,8.36507245,1.73000001907,1.79537582397,-0.689999997616,4.2351026535,-96.136138916,-0.234148144722,-14.0774793625,0.0726568549871,97132.1533203,18.5799999237,117.719078064,False
50.800000000000004,-0.213,0.079,0.041,0.8433719,0.4118793,8.44352565,1.48000001907,3.46248054504,-0.839999973774,1.82640790939,-95.7309417725,-0.229541197419,-14.0975618362,0.161476314068,97133.4716797,18.5799999237,128.391174316,False
50.900000000000006,-0.044,0.101,0.003,1.20621795,0.3334261,8.24739265,1.41999995708,3.46248054504,-0.819999992847,1.82640790939,-95.7309417725,-0.244220778346,-14.186419487,0.392170459032,97138.1530762,18.6299991608,123.880477905,False
51.0,0.029,0.108,-0.01,1.18660465,0.3530394,8.34545915,1.41999995708,3.46248054504,-0.819999992847,1.82640790939,-95.7309417725,-0.245660066605,-14.2651958466,0.487982898951,97137.2009277,18.6700000763,111.914916992,False
51.1,0.171,0.078,-0.015,0.9218251,0.32361945,8.9240515,1.43999993801,2.62413287163,-0.319999992847,-0.532166540623,-95.9267654419,-0.248612552881,-14.3467655182,0.574793636799,97135.144043,18.7299995422,105.944633484,False
51.2,0.161,0.018,0.003,1.02969825,0.20593965,9.8654899,1.32999992371,2.62413287163,-0.0799999982119,-0.532166540623,-95.9267654419,-0.226602673531,-14.4753503799,0.590539872646,97138.4765625,18.7899990082,97.2035369873,False
51.300000000000004,0.178,0.007,0.019,1.36312435,0.18632635,9.85568325,1.32999992371,2.62413287163,-0.0799999982119,-0.532166540623,-95.9267654419,-0.18676365912,-14.5648880005,0.575924873352,97138.1164551,18.7899990082,97.2035369873,False
51.400000000000006,0.168,0.032,0.035,1.01008495,0.2549729,8.83579165,1.09000003338,2.62413287163,0.310000002384,-0.532166540623,-95.9267654419,-0.147567525506,-14.6813020706,0.666072368622,97136.0778809,18.9200000763,76.0049819946,False
51.5,0.088,9.79717439318e-19,0.008,1.0591182,0.38245935,9.80665,0.8599999547,2.62413287163,0.610000014305,-0.532166540623,-95.9267654419,-0.0897104144096,-14.7886514664,0.706414997578,97140.411377,18.9200000763,76.0049819946,False
51.6,-0.35,0.006,0.065,0.85317855,0.6276256,9.32612415,0.310000002384,5.70755815506,0.930000007153,-1.2494174242,-96.2853622437,-0.0615268982947,-14.8526210785,0.732251226902,97141.2719727,18.9899997711,72.6295471191,False
51.7,-0.643,-0.028,0.039,1.0591182,0.40207265,9.63993695,0.319999992847,5.70755815506,1.03999996185,-1.2494174242,-96.2853622437,-0.0772924795747,-14.9802560806,0.812638998032,97141.3330078,19.1499996185,83.9467010498,False
51.800000000000004,-0.747,-0.039,0.025,0.6668522,0.392266,9.9243298,0.539999961853,5.70755815506,1.11000001431,-1.2494174242,-96.2853622437,-0.127650797367,-15.0567893982,0.813785076141,97141.3208008,19.2399997711,76.9141235352,False
51.900000000000006,-0.512,0.015,0.011,0.83356525,-0.1372931,8.36507245,0.919999957085,-5.37624311447,1.14999997616,-1.21883809566,-97.0163955688,-0.222848683596,-15.1126356125,0.951166987419,97139.5935059,19.3299999237,68.0514373779,False
52.0,-0.039,-0.017,-0.001,0.91201845,0.10787315,7.60015375,1.55999994278,-5.37624311447,1.25,-1.21883809566,-97.0163955688,-0.349630057812,-15.168879509,1.16437101364,97143.75,19.4300003052,81.5952301025,False
52.1,0.062,-0.007,-0.037,0.588399,0.22555295,7.56092715,1.55999994278,-5.37624311447,1.25,-1.21883809566,-97.0163955688,-0.391909331083,-15.189953804,1.23642957211,97142.7734375,19.4300003052,81.5952301025,False
52.2,0.062,-0.007,-0.037,0.588399,0.22555295,7.56092715,2.18000006676,-5.37624311447,1.29999995232,-1.21883809566,-97.0163955688,-0.559813559055,-15.3142404556,1.1097162962,97142.7734375,19.5499992371,104.151535034,False
52.300000000000004,0.256,-0.053,0.071,1.3533177,-0.55897905,11.22861425,3.11999988556,-5.00429582596,1.94999992847,-0.469767808914,-96.8967895508,-0.600633084774,-15.3690481186,1.01579368114,97148.248291,19.7799987793,52.0286560059,False
52.400000000000006,0.32,-0.089,0.165,1.3533177,-0.59820565,12.03275955,3.52999997139,-5.00429582596,2.23000001907,-0.469767808914,-96.8967895508,-0.671595811844,-15.5077047348,0.704890012741,97150.4638672,19.8699989319,30.5239677429,False
52.5,0.342,-0.084,0.253,1.10815145,1.3883193007999998e-15,11.3364874,3.83999991417,-5.00429582596,2.33999991417,-0.469767808914,-96.8967895508,-0.744516313076,-15.5709114075,0.558183908463,97153.0517578,19.9300003052,18.2541847229,False
52.6,0.176,-0.066,0.22,0.9218251,0.50013915,10.198916,3.83999991417,0.115346580744,2.33999991417,0.439275175333,-100.376838684,-0.777283728123,-15.5934295654,0.549608707428,97151.550293,19.9300003052,18.2541847229,False
52.7,0.182,-0.071,0.127,0.6276256,0.93163175,10.18910935,4.26999998093,0.115346580744,2.39999985695,0.439275175333,-100.376838684,-0.830660939217,-15.610786438,0.457399785519,97151.550293,19.9899997711,10.4385375977,False
52.800000000000004,0.144,-0.091,0.024,0.6276256,0.6668522,11.1991943,4.73999977112,0.115346580744,2.55999994278,0.439275175333,-100.376838684,-0.879447042942,-15.6353902817,0.373303562403,97149.6459961,20.0299987793,-3.07235717773,False
52.900000000000006,-0.104,-0.059,-0.008,0.7060788,0.9414384,10.4146623,5.46000003815,0.115346580744,2.84999990463,0.439275175333,-100.376838684,-0.956661224365,-15.6729545593,0.2499691993,97154.7485352,20.0900001526,-10.3969573975,False
53.0,-0.004,-0.034,-0.099,0.4903325,0.65704555,9.9243298,5.46000003815,2.03821849823,2.84999990463,1.6360656023,-101.756889343,-0.976848840714,-15.6774654388,0.196367695928,97153.8818359,20.0900001526,-10.3969573975,False
53.1,-0.001,-0.02,-0.138,0.48052585,0.53936575,9.20844435,6.05999994278,2.03821849823,3.02999997139,1.6360656023,-101.756889343,-1.00525915623,-15.6795091629,0.258086115122,97153.0578613,20.1299991608,-24.8836517334,False
53.2,0.074,-0.029,-0.164,0.3138128,0.5295591,8.93385815,6.25999975204,2.03821849823,3.15999984741,1.6360656023,-101.756889343,-1.0244127512,-15.6890306473,0.349161684513,97155.8349609,20.1599998474,-23.1718063354,False
53.300000000000004,0.043,-0.052,-0.163,0.7453054,0.196133,10.26756255,6.25999975204,2.03821849823,3.15999984741,1.6360656023,-101.756889343,-1.01229643822,-15.6995162964,0.354095369577,97156.25,20.1599998474,-23.1718063354,False
53.400000000000006,-0.005,-0.074,-0.135,0.4707192,0.36284605,10.62060195,6.28999996185,2.81812262535,3.23000001907,1.7240306139,-98.528793335,-1.00149166584,-15.7124576569,0.287677824497,97155.6762695,20.1899986267,-22.155380249,False
53.5,0.008,-0.061,-0.09,0.57859235,0.22555295,11.0619012,6.30999994278,2.81812262535,3.26999998093,1.7240306139,-98.528793335,-0.948428928852,-15.7390031815,0.134033560753,97153.326416,20.2299995422,-15.5597686768,False
53.6,0.063,-0.102,-0.056,1.06892485,0.0588399,12.3171524,6.08999967575,2.81812262535,3.38999986649,1.7240306139,-98.528793335,-0.900155007839,-15.7686500549,-0.0901923254132,97153.3874512,20.2600002289,-26.5174865723,False
53.7,0.141,-0.087,-0.021,0.83356525,1.41834350713e-15,11.58165365,5.84999990463,2.81812262535,3.32999992371,1.7240306139,-98.528793335,-0.827268719673,-15.7889633179,-0.231056451797,97153.3630371,20.2399997711,-32.7047348022,False
53.800000000000004,0.138,-0.077,0.028,0.6080123,0.1176798,10.9049948,5.84999990463,4.0518989563,3.32999992371,2.81440544128,-96.5597915649,-0.753285169601,-15.7913064957,-0.309768676758,97150.8911133,20.2399997711,-32.7047348022,False
53.900000000000006,0.206,-0.057,0.019,0.5295591,0.2353596,11.11093445,5.15999984741,4.0518989563,3.12999987602,2.81440544128,-96.5597915649,-0.654640316963,-15.7847442627,-0.472255110741,97150.8911133,20.1700000763,-44.9872970581,False
54.0,0.054,-0.069,0.058,0.7060788,0.4118793,11.01286795,4.75,4.0518989563,3.07999992371,2.81440544128,-96.5597915649,-0.575196623802,-15.761182785,-0.611549794674,97151.8737793,20.109998703,-56.2616348267,False
54.1,-0.072,-0.025,0.018,0.6276256,0.392266,9.56148375,4.75,6.0781955719,3.07999992371,3.88409256935,-96.9712905884,-0.508063554764,-15.7404050827,-0.664572000504,97154.6020508,20.0299987793,-52.5928497314,False
54.2,-0.066,-0.044,-0.011,0.4903325,0.392266,9.9635564,4.15999984741,6.0781955719,2.72000002861,3.88409256935,-96.9712905884,-0.431442677975,-15.7051782608,-0.675592362881,97154.6020508,19.9599990845,-37.2646331787,False
54.300000000000004,0.007,-0.037,-0.039,0.3138128,0.4707192,9.83606995,3.78999996185,6.0781955719,2.62999987602,3.88409256935,-96.9712905884,-0.363494843245,-15.6878633499,-0.708987176418,97151.8798828,19.8799991608,-39.3287658691,False
54.400000000000006,0.212,-0.029,-0.077,0.50013915,0.02941995,9.56148375,3.25999999046,6.0781955719,2.44000005722,3.88409256935,-96.9712905884,-0.262167781591,-15.6533899307,-0.691064655781,97151.4221191,19.7999992371,-36.3800048828,False
54.5,0.131,-0.056,-0.044,0.6864655,1.18415469774e-15,9.6693569,2.6099998951,6.9380645752,2.29999995232,4.33678483963,-96.1715087891,-0.182705953717,-15.6507081985,-0.670552372932,97150.4211426,19.7299995422,-26.4589309692,False
54.6,-0.004,-0.051,0.021,0.77472535,0.14709975,10.20872265,2.6099998951,6.9380645752,2.29999995232,4.33678483963,-96.1715087891,-0.0353917852044,-15.6204185486,-0.713531076908,97147.3815918,19.7299995422,-26.4589309692,False
54.7,-0.063,-0.023,0.029,0.4314926,0.2745862,9.69877685,1.92999994755,6.9380645752,2.14999985695,4.33678483963,-96.1715087891,0.0399673730135,-15.6022567749,-0.748056411743,97147.3815918,19.6599998474,-15.7730102539,False
54.800000000000004,-0.016,-0.016,0.036,0.4903325,0.40207265,10.40485565,1.22000002861,7.4934387207,1.86000001431,4.72651863098,-96.1079330444,0.187595903873,-15.5685758591,-0.755262315273,97145.4223633,19.5799999237,-7.42607116699,False
54.900000000000006,-0.012,0.034,0.021,0.5099458,0.32361945,9.1397978,0.0,7.4934387207,1.37999999523,4.72651863098,-96.1079330444,0.306472510099,-15.5393877029,-0.759145259857,97142.3339844,19.4200000763,5.84859848022,False
55.0,0.019,0.011,-0.007,0.7256921,0.32361945,9.6301303,0.0,7.4934387207,1.37999999523,4.72651863098,-96.1079330444,0.377043813467,-15.5206079483,-0.74100959301,97139.5385742,19.4200000763,5.84859848022,False
55.1,0.076,0.026,-0.02,0.4118793,0.48052585,9.414384,-0.519999980927,7.4934387207,1.18999993801,4.72651863098,-96.1079330444,0.468130201101,-15.5133152008,-0.678847908974,97143.359375,19.3299999237,-0.38948059082,False
55.2,0.145,0.03,-0.039,0.53936575,0.392266,9.14960445,-1.12000000477,7.95386791229,1.10000002384,3.86399674416,-96.2931594849,0.557719171047,-15.5219621658,-0.586570501328,97142.7062988,19.25,11.0198020935,False
55.300000000000004,0.108,0.04,-0.048,0.4118793,0.59820565,8.2571993,-1.73000001907,7.95386791229,0.899999976158,3.86399674416,-96.2931594849,0.647830843925,-15.5299320221,-0.475112766027,97141.4733887,19.109998703,23.5181808472,False
55.400000000000006,-0.079,0.034,-0.083,0.59820565,0.36284605,8.3944924,-2.86999988556,7.95386791229,0.729999959469,3.86399674416,-96.2931594849,0.707275211811,-15.5420408249,-0.32972317934,97140.3991699,19.0699996948,26.1701583862,False
55.5,-0.215,0.045,-0.068,0.63743225,0.26477955,8.73772515,-2.87999987602,7.95386791229,0.729999959469,3.86399674416,-96.2931594849,0.772722482681,-15.5502405167,-0.167155668139,97141.1315918,19.0499992371,20.3807830811,False
55.6,-0.244,0.07,-0.072,0.48052585,0.38245935,8.237586,-3.49000000954,7.95386791229,0.759999990463,3.86399674416,-96.2931594849,0.852866947651,-15.5656003952,-0.0824721306562,97141.1315918,19.0499992371,20.3807830811,False
55.7,-0.274,0.028,-0.068,0.2745862,0.196133,8.22777935,-4.5,6.52129030228,0.759999990463,2.1455886364,-94.8298034668,0.931132614613,-15.5856122971,0.191062942147,97146.4599609,19.0399990082,32.2237968445,False
55.800000000000004,-0.267,0.067,-0.052,0.44129925,0.36284605,8.4729456,-4.5,6.52129030228,0.759999990463,2.1455886364,-94.8298034668,0.940109431744,-15.5928430557,0.236230790615,97138.494873,19.0399990082,32.2237968445,False
55.900000000000006,-0.105,0.037,-0.067,0.2941995,0.3530394,8.85540495,-4.96999979019,6.52129030228,1.02999997139,2.1455886364,-94.8298034668,0.947204649448,-15.6363544464,0.420950710773,97141.7297363,19.1000003815,22.0506668091,False
56.0,-0.199,0.033,-0.075,0.6276256,0.08825985,7.54131385,-4.96999979019,6.52129030228,1.02999997139,2.1455886364,-94.8298034668,0.944709777832,-15.6607046127,0.567099392414,97138.0737305,19.1000003815,22.0506668091,False
56.1,-0.227,-0.007,-0.067,0.34323275,0.1569064,8.1199062,-5.11999988556,0.965319395065,1.12000000477,0.569197118282,-93.1814956665,0.93564504385,-15.7016410828,0.722004473209,97138.0737305,19.2099990845,29.0217399597,False
56.2,-0.166,0.019,-0.035,0.32361945,0.24516625,7.89435325,-5.25,0.965319395065,1.27999997139,0.569197118282,-93.1814956665,0.916224956512,-15.7131557465,0.847563147545,97143.6706543,19.2099990845,29.0217399597,False
56.300000000000004,-0.191,0.003,-0.037,0.6668522,0.08825985,8.99269805,-5.26999998093,0.965319395065,1.50999999046,0.569197118282,-93.1814956665,0.881432235241,-15.7568883896,0.989234149456,97143.6706543,19.2999992371,30.1074028015,False
56.400000000000006,-0.084,-0.058,0.004,0.5099458,-0.00980665,9.7870367,-5.25,0.965319395065,1.7199999094,0.569197118282,-93.1814956665,0.819669425488,-15.8124847412,1.03917109966,97142.3950195,19.5,24.0008354187,False
56.5,-0.044,-0.066,0.052,0.53936575,0.0392266,10.22833595,-5.15000009537,-2.754114151,1.90999996662,0.275225043297,-92.3993530273,0.761054098606,-15.8594703674,1.03447675705,97147.9064941,19.5,24.0008354187,False
56.6,0.022,-0.055,0.092,0.7453054,0.06864655,9.9047165,-5.00999975204,-2.754114151,2.11999988556,0.275225043297,-92.3993530273,0.698594331741,-15.8966941833,1.01584279537,97146.5942383,19.609998703,19.7788238525,False
56.7,0.087,-0.09,0.115,0.99047165,0.0392266,11.0815145,-4.80999994278,-2.754114151,2.34999990463,0.275225043297,-92.3993530273,0.622171700001,-15.9361495972,0.897492468357,97146.5942383,19.7099990845,5.52434921265,False
56.800000000000004,0.019,-0.091,0.126,1.01008495,0.0588399,11.2972608,-4.53999996185,-2.7582859993,2.61999988556,1.23861825466,-93.9052658081,0.561038434505,-15.974852562,0.755097150803,97151.4099121,19.8099994659,-7.66906738281,False
56.900000000000006,-0.044,-0.107,0.16,0.65704555,0.2941995,11.34629405,-3.91999983788,-2.7582859993,3.00999999046,1.23861825466,-93.9052658081,0.441524505615,-16.0052337646,0.556545376778,97148.4436035,19.9599990845,-30.1168441772,False
57.0,-0.083,-0.075,0.143,0.9610517,0.4314926,11.0815145,-3.38999986649,-2.7582859993,3.14999985695,1.23861825466,-93.9052658081,0.32099956274,-16.0134830475,0.401937305927,97151.3793945,20.0100002289,-33.8563919067,False
57.1,-0.025,-0.105,0.092,0.67665885,0.50013915,12.20927925,-3.38999986649,-2.7582859993,3.14999985695,1.23861825466,-93.9052658081,0.263401210308,-16.0075073242,0.32022985816,97154.3823242,20.0100002289,-33.8563919067,False
57.2,0.032,-0.055,0.049,1.01008495,0.34323275,11.4933938,-2.77999997139,-2.7582859993,3.28999996185,1.23861825466,-93.9052658081,0.0799004212022,-15.9875631332,0.05318884179,97151.9836426,20.0299987793,-48.3594894409,False
57.300000000000004,-0.026,-0.028,0.053,0.65704555,0.3530394,10.3165958,-1.54999995232,-3.93156194687,3.28999996185,3.10146379471,-97.2089538574,-0.0663923472166,-15.9587688446,-0.098909072578,97151.9836426,20.0299987793,-44.0589904785,False
57.400000000000006,-0.002,2.9391523179500004e-18,0.024,0.6864655,0.3334261,10.07142955,-1.54999995232,-3.93156194687,3.28999996185,3.10146379471,-97.2089538574,-0.138606220484,-15.9439630508,-0.0973513126373,97152.5390625,20.0299987793,-44.0589904785,False
57.5,-0.115,0.007,0.023,0.53936575,0.3530394,9.4536106,-0.25,-4.95394897461,2.98000001907,3.25659108162,-97.787322998,-0.233695074916,-15.9182415009,-0.102887362242,97155.8959961,20.0,-25.7097244263,False
57.6,-0.103,0.02,0.002,0.3530394,0.3334261,8.26700595,-0.25,-4.95394897461,2.99000000954,3.25659108162,-97.787322998,-0.381567388773,-15.8798561096,-0.0365369580686,97152.0935059,20.0,-25.7097244263,False
57.7,-0.06,0.011,-0.002,0.63743225,0.28439285,9.0809579,1.11000001431,-4.95394897461,2.57999992371,3.25659108162,-97.787322998,-0.551854670048,-15.8506183624,0.113990947604,97151.3427734,19.9899997711,10.9934806824,False
57.800000000000004,-0.013,-0.018,-0.004,0.42168595,0.24516625,9.99297635,1.89999997616,-4.95394897461,2.53999996185,3.25659108162,-97.787322998,-0.636780381203,-15.831451416,0.0912524759769,97151.171875,20.0,12.1518135071,False
57.900000000000006,0.1,-0.026,3.18408167778e-18,0.75511205,-0.00980665,9.80665,1.89999997616,-4.95394897461,2.53999996185,3.25659108162,-97.787322998,-0.776857852936,-15.8109140396,0.119639486074,97149.5788574,20.0,12.1518135071,False
58.0,0.216,0.005,0.014,0.7453054,0.12748645,8.9044382,3.19999980927,-5.78284740448,2.29999995232,2.99331665039,-97.6465530396,-0.892271399498,-15.7847890854,0.187807574868,97150.5187988,20.0299987793,24.31640625,False
58.1,0.317,-0.031,0.014,0.83356525,-0.1765197,9.5124505,3.19999980927,-5.78284740448,2.29999995232,2.99331665039,-97.6465530396,-0.935730218887,-15.790854454,0.221766993403,97150.9765625,20.0299987793,24.31640625,False
58.2,0.547,-0.009,0.044,1.24544455,-0.1569064,10.07142955,3.91999983788,-1.33668506145,2.22000002861,2.97905111313,-97.9368591309,-0.969719827175,-15.8188638687,0.192374780774,97150.9765625,20.0699996948,47.2829818726,False
58.300000000000004,0.318,0.007,0.117,1.06892485,0.14709975,9.36535075,3.91999983788,-1.33668506145,2.22000002861,2.97905111313,-97.9368591309,-0.958601593971,-15.8537807465,0.173943176866,97148.3947754,20.0799999237,66.2383117676,False
58.400000000000006,0.318,0.007,0.117,1.06892485,0.14709975,9.36535075,4.09999990463,-1.33668506145,1.92999994755,2.97905111313,-97.9368591309,-0.933952152729,-15.9084815979,0.097526922822,97148.3947754,20.1000003815,65.5769348145,False
58.5,0.254,-0.044,0.154,1.2552512,0.32361945,11.2384209,4.09999990463,-1.33668506145,1.92999994755,2.97905111313,-97.9368591309,-0.916462540627,-15.938243866,0.0136230830103,97151.3000488,20.1000003815,65.5769348145,False
58.6,0.16,-0.012,0.141,1.4513842,0.53936575,10.6500219,3.98000001907,4.59833145142,1.77999997139,3.34702372551,-100.884841919,-0.906506717205,-15.9701776505,-0.0802539139986,97150.4272461,20.0799999237,42.8349494934,False
58.7,0.07,-0.026,0.104,1.34351105,0.51975245,10.6696352,4.0,4.59833145142,1.7199999094,3.34702372551,-100.884841919,-0.882014453411,-16.0287075043,-0.196356251836,97152.0141602,20.0499992371,31.6102027893,False
58.800000000000004,0.011,0.045,0.036,1.02969825,0.99047165,9.3947707,4.06999969482,4.59833145142,1.80999994278,3.34702372551,-100.884841919,-0.873338639736,-16.0621128082,-0.206726506352,97152.2216797,20.0200004578,23.796081543,False
58.900000000000006,0.071,0.078,-0.073,0.73549875,0.9610517,8.36507245,4.06999969482,4.59833145142,1.80999994278,3.34702372551,-100.884841919,-0.882244110107,-16.066488266,-0.167423918843,97155.5236816,20.0200004578,23.796081543,False
59.0,0.013,0.067,-0.14,0.87279185,0.55897905,8.46313895,4.21999979019,5.32703781128,1.75,2.9112443924,-101.680076599,-0.870504915714,-16.1061611176,-0.0611124411225,97155.5236816,19.9899997711,36.123752594,False
59.1,-0.028,0.078,-0.186,1.06892485,0.4314926,7.97280645,4.19999980927,5.32703781128,1.75,2.9112443924,-101.680076599,-0.845390856266,-16.1914920807,0.188643023372,97152.1484375,19.9899997711,42.2773361206,False
59.2,0.017,0.054,-0.182,0.7453054,0.50013915,8.0218397,4.19999980927,5.32703781128,1.89999997616,2.9112443924,-101.680076599,-0.819274544716,-16.2444229126,0.352964639664,97154.4433594,19.9899997711,42.2773361206,False
59.300000000000004,0.055,0.005,-0.16,0.8237586,0.12748645,8.9828914,4.17000007629,5.5260848999,1.99000000954,0.969893813133,-98.5875167847,-0.760528624058,-16.3164386749,0.449818074703,97154.6325684,20.0200004578,54.4430732727,False
59.400000000000006,0.117,-0.02,-0.118,1.1964113,0.08825985,9.2770909,3.9399998188,5.5260848999,2.03999996185,0.969893813133,-98.5875167847,-0.656295776367,-16.433883667,0.538839399815,97156.0546875,20.0699996948,58.4270477295,False
59.5,-0.024,-0.022,-0.053,1.2748645,0.08825985,9.6889702,3.29999995232,5.5260848999,2.33999991417,0.969893813133,-98.5875167847,-0.656295776367,-16.433883667,0.538839399815,97151.6845703,20.1800003052,46.7085838318,False
59.6,-0.051,-0.026,-0.027,0.85317855,0.2549729,9.75761675,2.88999986649,5.5260848999,2.44000005722,0.969893813133,-98.5875167847,-0.492585241795,-16.6111793518,0.556995034218,97152.3864746,20.2399997711,43.2408332825,False
59.7,0.048,-0.019,-0.015,1.18660465,0.22555295,9.05153795,2.6099998951,6.24583768845,2.56999993324,0.745999157429,-96.3996582031,-0.436368793249,-16.6767120361,0.60419267416,97155.3649902,20.2999992371,49.6333122253,False
59.800000000000004,-0.001,-0.052,-0.015,1.2748645,0.30400615,10.1400761,2.6099998951,6.24583768845,2.56999993324,0.745999157429,-96.3996582031,-0.393709361553,-16.7296485901,0.621550321579,97154.6630859,20.2999992371,49.6333122253,False
59.900000000000006,-0.086,-0.017,-0.029,1.14737805,0.36284605,9.022118,2.01999998093,6.24583768845,2.83999991417,0.745999157429,-96.3996582031,-0.325549304485,-16.8268260956,0.693772852421,97158.3435059,20.4300003052,30.6949615479,False
60.0,-0.111,-0.039,-0.035,0.77472535,0.38245935,9.9243298,2.01999998093,6.24583768845,2.83999991417,0.745999157429,-96.3996582031,-0.295575588942,-16.8716678619,0.698375880718,97157.9956055,20.5,18.2126998901,False
60.1,-0.14,-0.038,-0.03,0.81395195,0.5687857,10.26756255,1.80999994278,6.24583768845,2.97000002861,0.745999157429,-96.3996582031,-0.263401210308,-16.9351234436,0.650370359421,97157.989502,20.5,18.2126998901,False
60.2,-0.091,-0.048,-0.023,1.02969825,0.5295591,11.0619012,1.54999995232,4.07142591476,3.31999993324,1.17069602013,-95.6598815918,-0.222427159548,-17.0006389618,0.499107897282,97160.0341797,20.5699996948,-4.3701171875,False
60.300000000000004,-0.067,-0.077,-0.025,0.980665,0.18632635,11.3364874,1.44999992847,4.07142591476,3.59999990463,1.17069602013,-95.6598815918,-0.202306210995,-17.057970047,0.373029410839,97161.5356445,20.6299991608,-30.6949615479,False
60.400000000000006,-0.101,-0.065,-0.007,0.73549875,0.46091255,11.1207411,1.22000002861,4.07142591476,4.19999980927,1.17069602013,-95.6598815918,-0.169656708837,-17.1258678436,0.156138911843,97161.5356445,20.6999988556,-66.2752151489,False
60.5,-0.101,-0.065,-0.007,0.73549875,0.46091255,11.1207411,1.13999998569,4.07142591476,4.32999992371,1.17069602013,-95.6598815918,-0.170672208071,-17.1379985809,-0.0172539949417,97161.5356445,20.7099990845,-83.0389022827,False
60.6,-0.044,-0.074,0.003,0.42168595,0.42168595,11.26784085,1.13999998569,1.79307961464,4.32999992371,2.56559371948,-95.222618103,-0.163645803928,-17.1398830414,-0.171806067228,97162.6708984,20.7099990845,-83.0389022827,False
60.7,-0.013,-0.108,-0.004,0.7649187,0.2353596,11.9444997,1.15999996662,1.79307961464,4.51999998093,2.56559371948,-95.222618103,-0.16821295023,-17.1397628784,-0.370185792446,97162.6708984,20.6700000763,-87.9711151123,False
60.800000000000004,-0.067,-0.074,0.007,0.59820565,0.3530394,11.1991943,1.19999992847,1.79307961464,4.53999996185,2.56559371948,-95.222618103,-0.178854346275,-17.1030769348,-0.612581253052,97158.9416504,20.6199989319,-100.522613525,False
60.900000000000006,-0.123,-0.089,0.03,0.3726527,0.48052585,11.6699135,1.31999993324,1.79307961464,4.48999977112,2.56559371948,-95.222618103,-0.202425077558,-17.0769367218,-0.794446051121,97158.7036133,20.5499992371,-100.826644897,False
61.0,-0.071,-0.058,7.10295143505e-18,0.6276256,0.4118793,11.5914603,1.53999996185,1.79307961464,4.31999969482,2.56559371948,-95.222618103,-0.240516126156,-17.0200023651,-0.964251995087,97157.4279785,20.4599990845,-109.813690186,False
61.1,-0.085,-0.105,-0.008,0.28439285,0.26477955,12.40541225,1.7199999094,-0.135064214468,4.17000007629,4.36023759842,-95.423500061,-0.273117691278,-16.9631958008,-1.20774936676,97154.9926758,20.3400001526,-106.067276001,False
61.2,-0.107,-0.08,0.01,0.3334261,0.42168595,12.4348322,1.9699999094,-0.135064214468,3.88999986649,4.36023759842,-95.423500061,-0.322038203478,-16.876871109,-1.35590445995,97155.3100586,20.2099990845,-108.542633057,False
61.300000000000004,-0.028,-0.008,0.015,-0.12748645,0.53936575,9.3163175,1.9699999094,-0.135064214468,3.88999986649,4.36023759842,-95.423500061,-0.389503329992,-16.7932281494,-1.34152555466,97152.6794434,20.2099990845,-108.542633057,False
61.400000000000006,-0.254,-0.036,-0.012,0.26477955,0.6472389,10.24794925,2.81999993324,-2.76854109764,3.51999998093,4.36023759842,-95.3778686523,-0.457390666008,-16.7242698669,-1.33914363384,97148.9196777,20.0599994659,-92.5201416016,False
61.5,-0.229,-0.006,-0.033,0.02941995,0.5687857,10.4538889,3.40999984741,-2.76854109764,2.96000003815,4.96612071991,-95.3778686523,-0.574851572514,-16.6342430115,-1.31844854355,97148.5534668,19.7600002289,-79.9974441528,False
61.6,0.021,0.039,-0.084,0.0196133,0.3334261,8.7671451,3.40999984741,-2.76854109764,2.96000003815,4.96612071991,-95.3778686523,-0.636423885822,-16.5737934113,-1.27346432209,97147.8027344,19.7600002289,-79.9974441528,False
61.7,0.182,0.001,-0.118,0.24516625,0.1372931,9.2574776,4.0,-2.76854109764,2.72000002861,4.96612071991,-95.3778686523,-0.718363285065,-16.5024204254,-1.23812639713,97143.1396484,19.609998703,-79.5087814331,False
61.800000000000004,0.203,-0.017,-0.097,0.0588399,0.0196133,9.0025047,4.92000007629,-1.92368245125,2.12999987602,4.55920028687,-93.534324646,-0.756493091583,-16.4448757172,-1.16200506687,97144.4885254,19.3500003815,-44.490814209,False
61.900000000000006,0.055,-0.019,-0.042,0.2941995,-0.06864655,8.85540495,5.15999984741,-1.92368245125,1.73000001907,4.55920028687,-93.534324646,-0.782730519772,-16.3419589996,-0.978238463402,97142.4377441,19.2299995422,-19.5278167725,False
62.0,0.081,-0.01,-0.026,0.18632635,-0.2549729,9.1005712,5.15999984741,-1.92368245125,1.73000001907,4.55920028687,-93.534324646,-0.780128359795,-16.3194694519,-0.93905711174,97140.1123047,19.2299995422,-19.5278167725,False
62.1,0.303,-0.013,0.052,0.63743225,-0.6276256,10.6304086,5.67000007629,-1.92368245125,1.35000002384,4.55920028687,-93.534324646,-0.69267231226,-16.2247524261,-0.993978619576,97137.0117188,19.0200004578,-15.2759552002,False
62.2,0.259,1.93494194265e-17,0.158,0.4314926,-0.30400615,10.52253545,5.67000007629,-1.92368245125,1.35000002384,4.55920028687,-93.534324646,-0.640389621258,-16.2127475739,-1.02744364738,97138.3544922,19.0200004578,-15.2759552002,False
62.300000000000004,0.196,0.024,0.227,0.51975245,-0.08825985,9.414384,6.08999967575,2.85958623886,0.810000002384,4.19070386887,-94.2576293945,-0.551345467567,-16.1577301025,-1.00579750538,97137.4206543,18.7999992371,-10.2767944336,False
62.400000000000006,0.085,0.032,0.204,0.51975245,0.3726527,9.20844435,6.03999996185,2.85958623886,0.539999961853,4.19070386887,-94.2576293945,-0.533113181591,-16.1253795624,-0.987335026264,97135.6140137,18.6900005341,8.22143554688,False
62.5,0.054,0.024,0.144,0.4118793,0.4118793,8.9828914,5.98999977112,2.85958623886,0.199999988079,4.19070386887,-94.2576293945,-0.469771742821,-16.094209671,-0.825890243053,97136.0839844,18.5900001526,18.5688972473,False
62.6,0.138,-0.012,0.071,0.40207265,0.4903325,9.610517,5.98999977112,2.85958623886,0.199999988079,4.19070386887,-94.2576293945,-0.438176631927,-16.0741424561,-0.763644874096,97132.0007324,18.5900001526,18.5688972473,False
62.7,0.178,0.018,0.024,0.3726527,0.55897905,9.3163175,8.21000003815,5.07189512253,0.740000009537,3.56978607178,-97.8509750366,-0.37932986021,-16.0550193787,-0.735298156738,97128.9367676,18.5,18.253993988,False
62.800000000000004,0.299,0.059,-0.011,0.51975245,0.36284605,8.52197885,8.14999961853,5.07189512253,0.0299999993294,3.56978607178,-97.8509750366,-0.345093518496,-16.056230545,-0.712553739548,97128.9367676,18.4099998474,14.5002365112,False
62.900000000000006,0.364,0.067,-0.045,0.2549729,0.36284605,7.22750105,10.0799999237,5.07189512253,-0.949999988079,3.56978607178,-97.8509750366,-0.209724128246,-16.0536556244,-0.39992916584,97128.729248,18.2700004578,36.003780365,False
63.0,0.23,0.045,-0.084,0.28439285,0.18632635,7.05098135,9.88999938965,5.07189512253,-0.439999997616,3.56978607178,-97.8509750366,-0.163176909089,-16.0553874969,-0.301459312439,97128.4729004,18.2199993134,46.1380004883,False
63.1,0.114,0.057,-0.069,0.3726527,0.3530394,6.6881353,13.6499996185,10.9328527451,-0.539999961853,2.13877010345,-97.3190078735,0.017298489809,-16.0788879395,0.157702371478,97125.0366211,18.2099990845,66.805267334,False
63.2,0.094,0.065,-0.092,0.3334261,0.392266,6.5704555,13.5999994278,10.9328527451,-0.52999997139,2.13877010345,-97.3190078735,0.141832560301,-16.106546402,0.406798928976,97131.7077637,18.2199993134,58.7586402893,False
63.300000000000004,0.094,0.065,-0.092,0.3334261,0.392266,6.5704555,13.5999994278,10.9328527451,-0.52999997139,2.13877010345,-97.3190078735,0.141832560301,-16.106546402,0.406798928976,97131.7077637,18.2199993134,58.7586402893,False
63.400000000000006,0.097,0.047,-0.131,0.5099458,0.392266,7.50208725,16.4499988556,10.9328527451,-0.109999999404,2.13877010345,-97.3190078735,0.341501027346,-16.1428127289,0.78633928299,97130.4870605,18.3299999237,42.0064926147,False
63.5,0.208,0.018,-0.165,0.3334261,0.3726527,8.20816605,16.3999996185,13.6248416901,0.319999992847,-0.107527881861,-94.9432983398,0.581170976162,-16.2108650208,1.10854375362,97131.463623,18.4200000763,34.378528595,False
63.6,0.133,-0.006,-0.162,0.2549729,0.5295591,7.8257067,16.3999996185,13.6248416901,0.329999983311,-0.107527881861,-94.9432983398,0.721079170704,-16.2560367584,1.25466585159,97137.6708984,18.4200000763,34.378528595,False
63.7,0.114,-0.02,-0.17,0.588399,0.2549729,8.67888525,20.8400001526,13.6248416901,0.599999964237,-0.107527881861,-94.9432983398,0.837188780308,-16.2915668488,1.35225760937,97137.6708984,18.5399990082,44.9452400208,False
63.800000000000004,0.261,-0.051,-0.166,0.46091255,0.3334261,9.7674234,23.3899993896,13.6248416901,1.56999993324,-0.107527881861,-94.9432983398,1.19592666626,-16.3928623199,1.37604629993,97135.8581543,18.8099994659,-4.2896270752,False
63.900000000000006,0.349,-0.059,-0.151,0.7256921,0.4118793,8.8063717,23.3899993896,13.6248416901,1.58999991417,-0.107527881861,-94.9432983398,1.39970052242,-16.4482345581,1.44221043587,97135.8581543,18.9599990845,-9.95330810547,False
64.0,0.282,-0.075,-0.157,0.36284605,0.6080123,9.1594111,23.3199996948,19.6814136505,2.08999991417,-0.899788439274,-90.6999740601,1.7083966732,-16.5374412537,1.60175549984,97137.5671387,19.109998703,-14.785194397,False
64.10000000000001,0.054,-0.105,-0.189,0.8041453,0.4903325,9.5320638,27.2899990082,19.6814136505,2.88999986649,-0.899788439274,-90.6999740601,1.88218998909,-16.5681056976,1.65649831295,97140.7226562,19.2700004578,-10.2197647095,False
64.2,0.019,-0.123,-0.204,0.4511059,0.5491724,10.16949605,27.2899990082,19.6814136505,2.88999986649,-0.899788439274,-90.6999740601,2.33303117752,-16.649433136,1.68876492977,97141.229248,19.2700004578,-10.2197647095,False
64.3,0.128,-0.104,-0.214,0.7453054,0.50013915,10.9246081,27.109998703,19.6814136505,3.28999996185,-0.899788439274,-90.6999740601,2.63784790039,-16.6979885101,1.64760565758,97144.6166992,19.4399986267,-29.3043136597,False
64.4,0.088,-0.155,-0.211,0.6668522,0.36284605,11.81701325,30.4299983978,22.4241752625,4.2999997139,-0.804405331612,-86.1086349487,3.10813307762,-16.7397193909,1.55960083008,97148.6755371,19.7700004578,-85.2570495605,False
64.5,0.162,-0.17,-0.195,0.2549729,0.5099458,11.2580342,32.5,22.4241752625,4.76999998093,-0.804405331612,-86.1086349487,3.54151058197,-16.7492218018,1.4500027895,97146.6491699,19.9200000763,-105.149169922,False
64.60000000000001,0.161,-0.214,-0.198,0.3530394,0.46091255,12.0621795,32.5099983215,22.4241752625,4.77999973297,-0.804405331612,-86.1086349487,3.71404147148,-16.7451820374,1.40248429775,97148.3093262,19.9200000763,-105.149169922,False
64.7,0.253,-0.211,-0.202,0.51975245,0.38245935,11.22861425,32.1199989319,22.4241752625,5.21000003815,-0.804405331612,-86.1086349487,4.34457874298,-16.6967277527,1.28934705257,97150.7568359,20.0599994659,-121.919723511,False
64.8,0.302,-0.205,-0.214,0.0980665,0.6668522,10.73828175,31.5999984741,27.1526508331,5.59999990463,0.764179170132,-79.7491531372,4.77505493164,-16.640668869,1.29271435738,97152.34375,20.3099994659,-138.137145996,False
64.9,0.283,-0.219,-0.243,0.4118793,0.50013915,10.5519554,34.7999992371,27.1526508331,5.26999998093,0.764179170132,-79.7491531372,5.25694847107,-16.5631160736,1.28011059761,97156.7932129,20.3099994659,-138.137145996,False
65.0,0.292,-0.229,-0.25,0.22555295,0.63743225,10.71866845,34.3199996948,27.1526508331,6.21000003815,0.764179170132,-79.7491531372,5.73684883118,-16.463098526,1.31541597843,97153.2409668,20.4300003052,-143.109710693,False
65.10000000000001,0.238,-0.258,-0.247,0.40207265,0.6668522,12.18966595,35.2900009155,32.1332931519,6.92000007629,1.73755347729,-74.3643875122,6.44342136383,-16.3057422638,1.22126865387,97156.6162109,20.6800003052,-163.363830566,False
65.2,0.114,-0.264,-0.24,0.38245935,0.63743225,12.3956056,34.3899993896,32.1332931519,7.19999980927,1.73755347729,-74.3643875122,7.16948127747,-16.0982894897,1.12860095501,97155.1757812,20.7899990082,-157.29637146,False
65.3,0.022,-0.228,-0.241,0.7256921,0.5491724,11.7091401,37.0400009155,32.1332931519,7.33999967575,1.73755347729,-74.3643875122,7.64008998871,-15.9490022659,1.09230446815,97161.1083984,20.8999996185,-163.631057739,False
65.4,0.033,-0.24,-0.24,0.30400615,0.7060788,11.38552065,37.0400009155,32.1332931519,7.33999967575,1.73755347729,-74.3643875122,7.98683261871,-15.8286523819,1.06939351559,97157.208252,20.8999996185,-163.631057739,False
65.5,-0.024,-0.194,-0.252,0.44129925,0.69627215,10.71866845,38.9799995422,34.1717262268,7.58999967575,2.8549849987,-66.2313308716,8.71241760254,-15.5335273743,1.1060526371,97162.3657227,21.1000003815,-168.516159058,False
65.60000000000001,-0.025,-0.225,-0.285,0.3530394,0.67665885,11.9052731,38.3799972534,34.1717262268,7.73000001907,2.8549849987,-66.2313308716,9.2675113678,-15.2845144272,1.06572163105,97163.5070801,21.1999988556,-172.952850342,False
65.7,0.064,-0.21,-0.294,0.2941995,0.8041453,11.9052731,38.3799972534,34.1717262268,7.73000001907,2.8549849987,-66.2313308716,9.49209308624,-15.1759195328,1.04214203358,97163.1591797,21.1999988556,-172.952850342,False
65.8,0.104,-0.229,-0.31,0.61781895,0.7649187,12.0425662,40.969997406,34.1717262268,8.30000019073,2.8549849987,-66.2313308716,10.4813766479,-14.6345062256,0.923039138317,97164.5690918,21.3899993896,-208.112625122,False
65.9,0.247,-0.271,-0.346,0.2745862,0.75511205,12.4152189,40.969997406,35.9449539185,8.30999946594,2.85275363922,-58.8498039246,10.7110004425,-14.4984083176,0.893375217915,97170.6481934,21.3899993896,-208.112625122,False
66.0,0.128,-0.279,-0.355,0.50013915,0.4707192,12.8663248,40.3400001526,35.9449539185,8.64999961853,2.85275363922,-58.8498039246,11.1928329468,-14.1932172775,0.819466769695,97167.1325684,21.4799995422,-220.485778809,False
66.10000000000001,0.091,-0.34,-0.311,0.5491724,0.588399,14.26867575,40.1899986267,35.9449539185,9.22000026703,2.85275363922,-58.8498039246,12.3528280258,-13.3685712814,0.572754383087,97168.5974121,21.6199989319,-236.520675659,False
66.2,0.01,-0.34,-0.285,0.8237586,0.3530394,13.77834325,40.1800003052,35.9449539185,9.22000026703,2.85275363922,-58.8498039246,12.7338981628,-13.0702514648,0.500475406647,97168.5668945,21.6199989319,-236.520675659,False
66.3,0.179,-0.372,-0.25,0.53936575,0.63743225,13.91563635,41.4199981689,38.8942337036,9.52999973297,3.93444252014,-49.0372428894,13.2294206619,-12.6481161118,0.399840712547,97170.5932617,21.6700000763,-247.078231812,False
66.4,0.072,-0.376,-0.243,0.69627215,0.9022118,14.87668805,39.0999984741,38.8942337036,9.86999988556,3.93444252014,-49.0372428894,14.2138957977,-11.7117500305,0.128055408597,97169.8181152,21.7299995422,-263.912872314,False
66.5,-0.058,-0.35,-0.25,0.65704555,0.79433865,14.48442205,39.1599998474,38.8942337036,9.19999980927,3.93444252014,-49.0372428894,14.7901735306,-11.0926876068,-0.0321092754602,97173.9990234,21.7199993134,-265.962493896,False
66.60000000000001,-0.024,-0.318,-0.285,0.3530394,0.91201845,13.54298365,39.1499977112,38.8942337036,9.19999980927,3.93444252014,-49.0372428894,14.9899578094,-10.8459997177,-0.0834447219968,97170.7336426,21.7199993134,-265.962493896,False
66.7,-0.066,-0.286,-0.314,0.20593965,1.1964113,11.42474725,36.719997406,40.1888580322,9.5999994278,5.51054143906,-41.8644714355,15.5689897537,-10.0691995621,-0.0920112878084,97171.3256836,21.6899986267,-238.148117065,False
66.8,-0.284,-0.3,-0.383,0.44129925,1.02969825,14.0823494,36.719997406,40.1888580322,9.59000015259,5.51054143906,-41.8644714355,15.7356300354,-9.82722473145,-0.118688344955,97171.3256836,21.6899986267,-238.148117065,False
66.9,-0.021,-0.296,-0.391,0.2157463,0.6864655,13.5135637,37.1300010681,40.1888580322,9.56999969482,5.51054143906,-41.8644714355,16.3578567505,-8.83504199982,-0.368711292744,97164.7399902,21.6700000763,-239.981079102,False
67.0,-0.034,-0.273,-0.388,0.0196133,0.87279185,11.50320045,34.1399993896,40.1888580322,9.46999931335,5.51054143906,-41.8644714355,16.7499485016,-8.09436893463,-0.391714662313,97164.7399902,21.5799999237,-249.600402832,False
67.10000000000001,-0.082,-0.318,-0.395,0.2745862,0.83356525,12.944778,33.5599975586,39.033821106,10.0900001526,4.98081159592,-30.6836280823,17.0576972961,-7.42558479309,-0.456446617842,97166.3391113,21.5200004578,-255.274780273,False
67.2,0.093,-0.282,-0.399,-0.14709975,0.6668522,10.9246081,33.5599975586,39.033821106,10.0900001526,4.98081159592,-30.6836280823,17.2478847504,-6.91597747803,-0.419761002064,97165.6616211,21.5200004578,-255.274780273,False
67.3,0.105,-0.311,-0.368,0.3138128,0.87279185,12.0229529,30.609998703,39.033821106,8.76000022888,4.98081159592,-30.6836280823,17.5746631622,-5.98862695694,-0.468238711357,97165.6616211,21.3999996185,-242.109771729,False
67.4,0.157,-0.339,-0.396,0.44129925,0.8825985,14.317709,30.609998703,39.033821106,8.77999973297,4.98081159592,-30.6836280823,17.7249526978,-5.51241922379,-0.541623651981,97164.1357422,21.3999996185,-242.109771729,False
67.5,0.192,-0.373,-0.401,0.7649187,0.588399,16.279039,28.3099994659,39.033821106,9.60999965668,4.98081159592,-30.6836280823,17.947479248,-4.7907834053,-0.735202491283,97164.1357422,21.3400001526,-249.456970215,False
67.60000000000001,0.421,-0.373,-0.37,0.6864655,0.38245935,14.8864947,25.2099990845,42.0132331848,9.75,4.6556353569,-17.4307880402,18.1642837524,-3.99466848373,-0.943485856056,97164.666748,21.25,-261.298553467,False
67.7,-0.08,-0.403,-0.304,0.7453054,0.6668522,15.0630144,21.4799995422,42.0132331848,10.0699996948,4.6556353569,-17.4307880402,18.4470920563,-2.58817863464,-1.16922843456,97160.8276367,21.1499996185,-295.106506348,False
67.8,-0.499,-0.385,-0.243,0.3530394,0.44129925,13.66066345,17.2899990082,42.0132331848,9.97999954224,4.6556353569,-17.4307880402,18.576166153,-1.62552893162,-1.23046433926,97160.8276367,21.0,-289.811889648,False
67.9,-0.463,-0.394,-0.219,0.3726527,0.392266,13.18994425,8.93999958038,43.3295402527,9.30999946594,5.81375026703,-8.597905159,18.6288700104,-0.627709150314,-1.24113273621,97156.1279297,20.6999988556,-259.252563477,False
68.0,-0.55,-0.353,-0.196,0.44129925,0.8433719,12.77806495,8.9299993515,43.3295402527,9.23999977112,5.81375026703,-8.597905159,18.6276092529,0.0169219281524,-1.33886897564,97159.3261719,20.6999988556,-259.252563477,False
68.10000000000001,-0.846,-0.285,-0.2,0.4314926,1.1571847,12.552512,4.96000003815,43.3295402527,8.73999977112,5.81375026703,-8.597905159,18.5435161591,0.678820431232,-1.42257428169,97150.3601074,20.5499992371,-226.215942383,False
68.2,-0.726,-0.128,-0.335,0.24516625,0.89240515,10.8853815,1.49000000954,43.3295402527,8.05000019073,5.81375026703,-8.597905159,18.446264267,1.20401418209,-1.45948457718,97148.638916,20.3699989319,-203.230102539,False
68.3,-0.7,-0.098,-0.357,0.196133,0.79433865,10.9638347,-1.38999998569,30.4940891266,7.30999994278,7.64989566803,-1.08511865139,18.3130474091,1.63457345963,-1.46998500824,97148.638916,20.1999988556,-166.221801758,False
68.4,-0.777,-0.072,-0.357,0.1765197,0.7060788,10.58137535,-3.82999992371,30.4940891266,6.5499997139,7.64989566803,-1.08511865139,18.1692371368,1.99681425095,-1.49557101727,97143.5546875,20.0,-130.075256348,False
68.5,-0.564,-0.043,-0.346,0.18632635,0.34323275,9.7674234,-7.7999997139,20.3368339539,5.23999977112,6.25720596313,4.02605295181,17.9805374146,2.33370876312,-1.45438885689,97140.8203125,19.6000003815,-106.994247437,False
68.60000000000001,-0.513,-0.045,-0.318,0.2745862,0.0588399,9.07115125,-9.40999984741,20.3368339539,4.73999977112,6.25720596313,4.02605295181,17.9052391052,2.47851991653,-1.41472327709,97138.1469727,19.4099998474,-94.2611694336,False
68.7,-0.511,-0.049,-0.225,0.06864655,0.16671305,9.3751574,-9.40999984741,20.3368339539,4.73999977112,6.25720596313,4.02605295181,17.7572555542,2.66519808769,-1.37366402149,97134.0393066,19.4099998474,-94.2611694336,False
68.8,-0.499,-0.017,-0.176,0.28439285,-0.0784532,7.4922806,-11.6999998093,20.3368339539,3.65999984741,6.25720596313,4.02605295181,17.6312656403,2.80771899223,-1.2587710619,97132.0495605,19.0200004578,-49.5410919189,False
68.9,-0.392,0.022,-0.112,0.24516625,-0.1765197,7.5315072,-12.4899997711,9.74058818817,3.06999993324,5.41415548325,9.40621185303,17.4513378143,2.92325162888,-0.978645503521,97129.8339844,18.8400001526,-19.2724227905,False
69.0,-0.334,-6.980486755140001e-18,-0.057,0.14709975,-0.26477955,7.48247395,-13.1899995804,9.74058818817,2.5,5.41415548325,9.40621185303,17.4149513245,2.95612001419,-0.898832380772,97129.9377441,18.6900005341,8.83626937866,False
69.10000000000001,-0.243,-0.008,9.79717439318e-19,0.34323275,0.28439285,8.09048625,-13.5499992371,9.74058818817,2.07999992371,5.41415548325,9.40621185303,17.2477741241,2.96971964836,-0.646836221218,97125.2929688,18.5499992371,17.3765182495,False
69.2,-0.202,-0.032,0.014,0.3726527,0.26477955,9.2574776,-13.9399995804,9.74058818817,1.78999996185,5.41415548325,9.40621185303,17.1527690887,2.94813537598,-0.597713530064,97125.2685547,18.4300003052,19.84167099,False
69.3,-0.246,-0.022,0.04,0.7649187,0.588399,10.1204628,-14.0199995041,2.8836209774,1.59999990463,5.27621746063,10.1078500748,17.0912017822,2.90818095207,-0.609864473343,97121.8200684,18.3099994659,20.5830574036,False
69.4,-0.358,0.061,0.05,0.61781895,0.3726527,9.1005712,-14.0199995041,2.8836209774,1.59999990463,5.27621746063,10.1078500748,17.074306488,2.88642549515,-0.606852889061,97124.6459961,18.3099994659,20.5830574036,False
69.5,-0.437,0.072,0.024,0.5099458,0.6472389,9.01231135,-13.7100000381,2.8836209774,0.989999949932,5.27621746063,10.1078500748,17.0021800995,2.68913269043,-0.546738386154,97124.9694824,18.0799999237,47.0725059509,False
69.60000000000001,-0.33,0.12,-0.008,0.59820565,0.3530394,7.71783355,-13.3299999237,2.8836209774,0.649999976158,5.27621746063,10.1078500748,16.9812431335,2.54374527931,-0.385101795197,97122.3632812,17.9799995422,67.1047210693,False
69.7,-0.332,0.106,-0.026,0.4511059,0.588399,7.7080269,-12.779999733,-5.13960838318,0.389999985695,3.82722949982,9.67966747284,16.9633159637,2.38419222832,-0.150090366602,97120.3491211,17.8999996185,83.6953125,False
69.8,-0.012,0.086,-0.067,0.3726527,-0.0980665,7.2961476,-12.7899999619,-5.13960838318,0.389999985695,3.82722949982,9.67966747284,16.9581947327,2.2781624794,0.0201151184738,97118.6706543,17.8999996185,83.6953125,False
69.9,0.079,0.051,-0.034,0.44129925,-0.04903325,7.5707338,-12.4399995804,-5.13960838318,0.219999998808,3.82722949982,9.67966747284,16.9523887634,2.1456656456,0.324455440044,97118.6706543,17.8400001526,95.7785644531,False
70.0,-0.091,0.061,0.076,0.71588545,-0.00980665,8.01203305,-11.7399997711,-6.35312986374,-0.0799999982119,2.14564633369,10.4996175766,16.9725952148,2.02215790749,0.490942239761,97123.7487793,17.8199996948,135.739135742,False
70.10000000000001,-0.159,0.017,0.102,0.95124505,-0.0588399,9.2967042,-11.7399997711,-6.35312986374,-0.070000000298,2.14564633369,10.4996175766,17.0064659119,1.90261602402,0.547990500927,97122.6013184,17.8400001526,133.544158936,False
70.2,-0.141,-0.031,0.194,0.784532,0.10787315,9.18883105,-11.2299995422,-6.35312986374,-0.0499999970198,2.14564633369,10.4996175766,17.053358078,1.74238169193,0.612694382668,97121.1303711,17.8400001526,133.544158936,False
70.3,-0.213,-0.031,0.196,1.0787315,-0.02941995,9.4732239,-10.6300001144,-6.35312986374,-0.129999995232,2.14564633369,10.4996175766,17.1061954498,1.54945206642,0.672209739685,97122.6745605,17.8799991608,149.751190186,False
70.4,-0.208,-0.032,0.211,0.89240515,-0.02941995,9.80665,-9.78999996185,-6.35312986374,-0.159999996424,2.14564633369,10.4996175766,17.1813106537,1.3526610136,0.67792570591,97122.8088379,17.9200000763,151.650146484,False
70.5,-0.068,-0.01,0.233,1.2356379,-0.0784532,9.36535075,-7.85999965668,-6.35312986374,0.0599999986589,2.14564633369,10.4996175766,17.264673233,1.07057571411,0.704126834869,97123.8586426,18.0200004578,126.304336548,False
70.60000000000001,-0.018,-0.048,0.259,0.9414384,0.1765197,10.0420096,-7.85999965668,-11.6015491486,0.0599999986589,1.06028962135,4.33078527451,17.3274650574,0.824012815952,0.712442517281,97125.201416,18.0200004578,126.304336548,False
70.7,0.045,-0.023,0.258,1.20621795,0.1765197,10.4342756,-5.27999973297,-11.6015491486,0.399999976158,1.06028962135,4.33078527451,17.3976955414,0.545362949371,0.621105909348,97126.763916,18.1299991608,109.652709961,False
70.8,0.045,-0.023,0.258,1.20621795,0.1765197,10.4342756,-5.27999973297,-11.6015491486,0.399999976158,1.06028962135,4.33078527451,17.3976955414,0.545362949371,0.621105909348,97126.763916,18.1299991608,109.652709961,False
70.9,-0.033,-0.047,0.23,0.9414384,0.3138128,10.3754357,-2.13999986649,-11.6015491486,0.899999976158,1.06028962135,4.33078527451,17.4785556793,0.0744661688805,0.450530767441,97131.9885254,18.1999988556,65.8476867676,False
71.0,-0.083,-0.078,0.226,1.0198916,0.5687857,11.26784085,-2.13999986649,-11.6015491486,0.899999976158,1.06028962135,4.33078527451,17.5095100403,-0.169114664197,0.376879066229,97131.9885254,18.1999988556,65.8476867676,False
71.10000000000001,-0.087,-0.032,0.153,0.9218251,0.2157463,10.28717585,1.36000001431,-11.7850675583,1.40999996662,0.823357641697,-2.16237139702,17.540517807,-0.728640198708,0.268548578024,97129.7973633,18.2299995422,41.6741371155,False
71.2,-0.1,-0.053,0.13,0.95124505,0.08825985,10.4342756,1.36000001431,-11.7850675583,1.40999996662,0.823357641697,-2.16237139702,17.5381851196,-0.797469139099,0.247399255633,97130.1757812,18.2299995422,41.6741371155,False
71.3,0.014,-0.054,0.127,0.5491724,-0.02941995,10.22833595,3.11999988556,-11.7850675583,1.62000000477,0.823357641697,-2.16237139702,17.5476474762,-1.19467830658,0.197831317782,97128.6010742,18.2399997711,30.8075904846,False
71.4,0.016,-0.054,0.187,0.4314926,-0.0392266,9.99297635,4.88000011444,-11.7850675583,1.7199999094,0.823357641697,-2.16237139702,17.5558700562,-1.34392499924,0.219090953469,97128.7231445,18.25,34.9827766418,False
71.5,0.036,-0.041,0.207,0.5687857,-0.22555295,9.6301303,6.48999977112,-13.4643468857,1.7199999094,0.906421899796,-6.08633232117,17.5223827362,-1.76476871967,0.242754355073,97128.7231445,18.2600002289,45.8938598633,False
71.60000000000001,0.213,-0.041,0.214,0.30400615,1.0676607771699999e-15,8.71811185,9.78999996185,-13.4643468857,1.52999997139,0.906421899796,-6.08633232117,17.4947414398,-2.00980734825,0.326491445303,97127.5085449,18.2799987793,54.1791915894,False
71.7,0.275,-0.056,0.224,0.28439285,0.196133,9.2967042,9.78999996185,-13.4643468857,1.51999998093,0.906421899796,-6.08633232117,17.451713562,-2.28861498833,0.275886923075,97127.5085449,18.2899990082,59.4114303589,False
71.8,0.342,-0.118,0.184,0.7649187,0.28439285,11.179581,11.5199995041,-13.4643468857,1.49000000954,0.906421899796,-6.08633232117,17.446231842,-2.33756899834,0.259854197502,97132.1594238,18.2899990082,59.4114303589,False
71.9,0.272,-0.115,0.132,0.87279185,0.46091255,13.1212977,15.0399999619,-9.99092960358,1.66999995708,1.11968171597,-10.4006357193,17.3667430878,-2.80309963226,-0.1769310534,97129.296875,18.2899990082,0.950527191162,False
72.0,0.296,-0.074,0.092,0.57859235,-0.0588399,12.0621795,16.3899993896,-9.99092960358,1.70999991894,1.11968171597,-10.4006357193,17.3595924377,-2.84675002098,-0.228215694427,97133.9904785,18.2899990082,0.950527191162,False
72.10000000000001,0.341,-0.105,0.119,0.71588545,0.28439285,13.0820711,17.6000003815,-9.99092960358,1.78999996185,1.11968171597,-10.4006357193,17.2680110931,-3.11830759048,-0.696244716644,97131.5734863,18.1900005341,-32.5977325439,False
72.2,0.376,-0.101,0.119,0.392266,0.36284605,12.40541225,17.5900001526,-9.99092960358,1.78999996185,1.11968171597,-10.4006357193,17.2171936035,-3.19937443733,-0.897392272949,97133.8256836,18.1900005341,-32.5977325439,False
72.3,0.387,-0.058,0.109,0.36284605,0.16671305,11.42474725,18.5399990082,-1.47812342644,1.78999996185,3.03932523727,-13.8940420151,17.1504669189,-3.26628851891,-1.09988903999,97129.864502,18.1000003815,-47.9879379272,False
72.4,0.48,-0.012,0.04,0.0392266,0.14709975,9.20844435,19.359998703,-1.47812342644,1.74000000954,3.03932523727,-13.8940420151,17.0748939514,-3.28204250336,-1.13842010498,97128.125,17.9899997711,-63.2614135742,False
72.5,0.507,0.001,0.005,-0.32361945,0.3334261,6.71755525,20.3099994659,-1.47812342644,1.37999999523,3.03932523727,-13.8940420151,17.0080528259,-3.24624204636,-0.75970262289,97123.8830566,17.75,-42.7541732788,False
72.60000000000001,0.491,-0.041,-0.036,-0.02941995,0.5295591,7.99241975,20.3099994659,-1.47812342644,1.38999998569,3.03932523727,-13.8940420151,16.9619140625,-3.16545271873,-0.584361791611,97123.6755371,17.75,-42.7541732788,False
72.7,0.275,-0.008,-0.049,-0.02941995,0.36284605,8.237586,20.4399986267,-1.47812342644,1.31999993324,3.03932523727,-13.8940420151,16.9383430481,-3.1043484211,-0.498788535595,97119.6533203,17.6599998474,-30.7502746582,False
72.8,0.006,0.001,-0.039,-0.1372931,0.0784532,8.30623255,20.0599994659,10.7311515808,0.769999980927,3.14661860466,-14.2213830948,16.9080448151,-3.01768732071,-0.395257174969,97124.7314453,17.5499992371,3.78360748291,False
72.9,0.116,-0.027,-0.002,-0.14709975,0.26477955,8.8455983,20.0599994659,10.7311515808,0.769999980927,3.14661860466,-14.2213830948,16.8519134521,-2.73615980148,-0.134374603629,97118.762207,17.5499992371,3.78360748291,False
73.0,0.349,-0.035,-0.007,0.12748645,0.16671305,9.9243298,19.6399993896,10.7311515808,0.629999995232,3.14661860466,-14.2213830948,16.8343315125,-2.51902604103,-0.107762537897,97120.489502,17.5200004578,-3.83949279785,False
73.10000000000001,0.416,-0.003,3.67394039744e-19,-0.02941995,0.00980665,8.52197885,18.2700004578,10.7311515808,0.699999988079,3.14661860466,-14.2213830948,16.8172187805,-2.28546237946,-0.066053070128,97119.0673828,17.4899997711,-19.3603515625,False
73.2,0.371,-0.019,-0.003,0.02941995,0.2745862,8.77695175,18.2700004578,16.3697566986,0.709999978542,3.27721095085,-14.0192651749,16.8147945404,-2.06261610985,0.0521492101252,97120.8984375,17.4899997711,-19.3603515625,False
73.3,0.201,-0.02,-0.018,0.0784532,0.36284605,9.1790244,17.5100002289,16.3697566986,0.699999988079,3.27721095085,-14.0192651749,16.8289928436,-1.75169217587,0.159743979573,97122.5036621,17.4899997711,-11.7971420288,False
73.4,-0.079,-0.004,-0.059,0.18632635,0.7453054,9.1986377,15.5799999237,16.3697566986,0.769999980927,3.27721095085,-14.0192651749,16.8411254883,-1.50104320049,0.234658077359,97122.6989746,17.5,-3.61423492432,False
73.5,-0.201,-0.003,-0.074,0.26477955,0.75511205,8.73772515,14.6700000763,16.3697566986,0.729999959469,3.27721095085,-14.0192651749,16.8622207642,-1.28575801849,0.364756494761,97122.277832,17.5299987793,9.96227264404,False
73.60000000000001,-0.16,0.021,-0.132,0.1176798,0.7256921,8.85540495,14.6700000763,17.0401172638,0.719999969006,2.76654982567,-13.0305118561,16.871515274,-1.16416358948,0.433435589075,97122.7844238,17.5299987793,9.96227264404,False
73.7,-0.115,0.071,-0.196,0.2745862,0.51975245,7.9237732,13.1199998856,17.0401172638,0.8599999547,2.76654982567,-13.0305118561,16.8928775787,-0.917654633522,0.651774704456,97122.644043,17.6199989319,12.9304885864,False
73.8,-0.072,0.087,-0.237,0.0980665,0.42168595,7.22750105,13.1199998856,17.0401172638,0.8599999547,2.76654982567,-13.0305118561,16.90209198,-0.850487530231,0.747559726238,97123.4558105,17.6199989319,12.9304885864,False
73.9,-0.021,0.047,-0.261,0.08825985,0.6864655,7.36479415,11.8000001907,17.0401172638,0.969999969006,2.76654982567,-13.0305118561,16.9201698303,-0.703948557377,0.992566525936,97125.1098633,17.7999992371,42.1327590942,False
74.0,-0.072,0.044,-0.295,0.2353596,-0.00980665,8.0022264,10.9299993515,15.1449623108,1.10000002384,-0.103770531714,-8.78522777557,16.9593410492,-0.49115383625,1.27713739872,97124.0356445,17.9200000763,47.1975326538,False
74.10000000000001,0.068,-0.037,-0.224,0.3138128,0.0784532,9.9831697,9.68999958038,15.1449623108,1.41999995708,-0.103770531714,-8.78522777557,17.047700882,-0.145729020238,1.38428544998,97126.6052246,18.0599994659,44.9675559998,False
74.2,0.132,-0.026,-0.147,0.3530394,-0.26477955,9.16921775,8.34000015259,15.1449623108,1.62000000477,-0.103770531714,-8.78522777557,17.1188850403,0.116941839457,1.44508314133,97127.4047852,18.2099990845,33.3566665649,False
74.3,0.123,-0.086,-0.06,0.5687857,0.46091255,10.44408225,6.92999982834,15.1449623108,1.99000000954,-0.103770531714,-8.78522777557,17.1917362213,0.387505531311,1.39167916775,97126.7578125,18.359998703,16.9299125671,False
74.4,-0.042,-0.125,-0.003,0.55897905,0.6864655,12.3367657,5.34999990463,16.7773323059,2.44000005722,-0.398187756538,-4.93533706665,17.2878074646,0.728934586048,1.15789008141,97131.7321777,18.4899997711,-16.3768768311,False
74.5,-0.109,-0.08,-0.041,0.32361945,0.73549875,10.9049948,3.88999986649,16.7773323059,2.74000000954,-0.398187756538,-4.93533706665,17.3262138367,0.957611143589,1.07015120983,97135.4431152,18.609998703,-49.5517730713,False
74.60000000000001,-0.259,-0.015,-0.094,0.16671305,0.67665885,8.6102387,3.88999986649,16.7773323059,2.74000000954,-0.398187756538,-4.93533706665,17.3306217194,1.02753543854,1.10636293888,97134.777832,18.609998703,-49.5517730713,False
74.7,-0.317,-0.021,-0.153,0.24516625,0.57859235,8.8455983,1.78999996185,16.7773323059,3.16999983788,-0.398187756538,-4.93533706665,17.355009079,1.23274374008,1.24211621284,97137.3168945,18.8299999237,-48.5891342163,False
74.8,-0.219,-0.037,-0.202,0.18632635,0.6668522,9.16921775,1.78999996185,16.7773323059,3.15999984741,-0.398187756538,-4.93533706665,17.3647727966,1.30798780918,1.30503034592,97141.3269043,18.8299999237,-48.5891342163,False
74.9,-0.2,-0.058,-0.225,0.14709975,0.4903325,9.4928372,0.879999995232,11.6340484619,3.49000000954,-0.17119859159,-2.32763886452,17.3637485504,1.40819871426,1.36565887928,97139.4714355,18.9499988556,-50.4150390625,False
75.0,-0.173,-0.064,-0.205,0.10787315,0.196133,9.7478101,0.0299999993294,11.6340484619,3.75999999046,-0.17119859159,-2.32763886452,17.3778457642,1.56493830681,1.41527712345,97139.0686035,19.0799999237,-54.0012359619,False
75.10000000000001,-0.19,-0.115,-0.167,0.24516625,0.32361945,10.8657682,-1.7199999094,11.6340484619,4.38000011444,-0.17119859159,-2.32763886452,17.3860492706,1.74954330921,1.31496286392,97137.8112793,19.359998703,-64.005279541,False
75.2,-0.306,-0.126,-0.139,0.36284605,-0.16671305,11.18938765,-1.7199999094,7.89654064178,4.38000011444,0.363963395357,1.61112093925,17.3939666748,1.80851888657,1.26325392723,97143.170166,19.359998703,-64.005279541,False
75.3,-0.172,-0.153,-0.081,0.30400615,-0.26477955,11.89546645,-3.70999979973,7.89654064178,4.86999988556,0.363963395357,1.61112093925,17.3862895966,1.93692529202,1.05497026443,97144.8181152,19.5900001526,-102.592277527,False
75.4,-0.037,-0.176,2.1553783665e-17,0.67665885,-0.10787315,13.18994425,-3.70999979973,7.89654064178,4.86999988556,0.363963395357,1.61112093925,17.3794555664,2.1014778614,0.658330380917,97146.4294434,19.5900001526,-102.592277527,False
75.5,-0.051,-0.157,0.068,0.5687857,0.3138128,13.1801376,-4.76999998093,5.3836517334,5.40999984741,3.06116914749,2.53109526634,17.3372993469,2.2326169014,0.189443379641,97144.1711426,19.6999988556,-150.461669922,False
75.60000000000001,-0.093,-0.123,0.079,0.5099458,0.18632635,12.0621795,-4.40000009537,5.3836517334,4.65000009537,3.06116914749,2.53109526634,17.2883987427,2.27906060219,-0.0655984282494,97145.5078125,19.6999988556,-147.199539185,False
75.7,-0.209,-0.092,0.087,0.42168595,0.48052585,11.3561007,-4.71000003815,5.3836517334,5.11999988556,3.06116914749,2.53109526634,17.2181797028,2.28586316109,-0.228690311313,97145.6726074,19.6599998474,-132.818984985,False
75.8,-0.277,-0.042,0.041,0.1569064,0.71588545,10.46369555,-4.88000011444,5.3836517334,4.90000009537,3.06116914749,2.53109526634,17.1574764252,2.26527738571,-0.303795725107,97145.2636719,19.609998703,-119.389915466,False
75.9,-0.231,-0.025,-0.022,0.0784532,0.53936575,10.20872265,-2.39999985695,5.3836517334,5.26999998093,3.06116914749,2.53109526634,17.0525474548,2.21515703201,-0.321055084467,97144.9951172,19.5499992371,-96.8748092651,False
76.0,-0.121,-0.017,-0.043,-0.06864655,-0.0196133,9.9635564,-2.39999985695,0.268417030573,5.26999998093,4.6762213707,1.17960381508,16.9870300293,2.18783712387,-0.304691404104,97144.9951172,19.5499992371,-96.8748092651,False
76.10000000000001,0.044,-0.03,-0.036,-0.196133,0.04903325,9.022118,-2.37999987602,0.268417030573,4.25,4.6762213707,1.17960381508,16.8730316162,2.14199328423,-0.203038871288,97142.9504395,19.5,-84.1767272949,False
76.2,-0.186,-0.047,0.019,-0.0392266,-0.00980665,9.62032365,1.26999998093,0.268417030573,3.09999990463,4.6762213707,1.17960381508,16.8056507111,2.10481882095,-0.174550056458,97143.0358887,19.4099998474,-33.9853286743,False
76.3,-0.115,-0.032,0.045,0.0980665,-0.00980665,10.13026945,1.80999994278,-1.55492711067,3.1899998188,4.83524513245,1.40256512165,16.7126865387,2.04284882545,-0.181186407804,97138.7451172,19.3699989319,-28.6273956299,False
76.4,-0.051,-0.022,0.081,0.2157463,-0.0588399,10.75789505,5.31999969482,-1.55492711067,3.72000002861,4.83524513245,1.40256512165,16.6328544617,1.93520843983,-0.308207333088,97139.0380859,19.3400001526,-27.4459838867,False
76.5,-0.055,-0.019,0.087,0.53936575,0.1176798,10.03220295,6.01999998093,-1.55492711067,2.84999990463,4.83524513245,1.40256512165,16.5861225128,1.8673106432,-0.346391528845,97141.0888672,19.2899990082,-29.233455658,False
76.60000000000001,-0.039,-0.011,0.107,0.32361945,0.04903325,10.002783,6.01999998093,-1.55492711067,2.84999990463,4.83524513245,1.40256512165,16.5489654541,1.81417965889,-0.356918007135,97144.8242188,19.2899990082,-29.233455658,False
76.7,0.121,0.004,0.103,0.79433865,0.08825985,10.75789505,11.5399999619,-2.93606424332,1.87999999523,4.83713674545,-0.445294052362,16.4969844818,1.70145571232,-0.455435723066,97139.2028809,19.2399997711,-10.0358009338,False
76.80000000000001,0.183,0.01,0.095,0.6668522,0.00980665,11.0422879,16.5499992371,-2.93606424332,2.24000000954,4.83713674545,-0.445294052362,16.4488811493,1.6025544405,-0.590272426605,97140.5212402,19.109998703,-3.44905853271,False
76.9,0.216,0.016,0.118,0.51975245,0.26477955,10.34601575,17.4699993134,-2.93606424332,1.97999989986,4.83713674545,-0.445294052362,16.4333171844,1.57122170925,-0.606195032597,97142.0593262,19.0299987793,-5.63507080078,False
77.0,0.326,0.029,0.117,0.40207265,0.20593965,8.8652116,18.3400001526,-2.93606424332,1.80999994278,4.83713674545,-0.445294052362,16.3583984375,1.47899973392,-0.542516648769,97141.9189453,18.9699993134,-1.82647705078,False
77.10000000000001,0.451,-0.014,0.04,0.4707192,0.50013915,9.1005712,22.1700000763,2.15861964226,1.70999991894,4.32912063599,-2.97889351845,16.329624176,1.44805896282,-0.465599149466,97144.5678711,18.8999996185,-0.0911712646484,False
77.2,0.329,0.023,0.018,0.392266,0.65704555,8.7083052,26.7799987793,2.15861964226,1.55999994278,4.32912063599,-2.97889351845,16.319568634,1.4390103817,-0.431201845407,97141.229248,18.8500003815,22.2889900208,False
77.30000000000001,0.238,0.037,-0.073,0.5687857,0.40207265,8.1395195,27.6299991608,2.15861964226,1.40999996662,4.32912063599,-2.97889351845,16.2879676819,1.46154248714,-0.19077205658,97141.229248,18.8199996948,36.4493370056,False
77.4,0.217,0.053,-0.089,0.61781895,0.2549729,8.1002929,27.6399993896,2.15861964226,1.41999995708,4.32912063599,-2.97889351845,16.2875518799,1.49386966228,-0.103704378009,97137.2741699,18.8199996948,36.4493370056,False
77.5,0.228,0.06,-0.099,0.4118793,0.12748645,7.8257067,28.3199996948,8.19832515717,1.24000000954,3.50886368752,-2.5637948513,16.276348114,1.55163395405,0.0325198806822,97136.5234375,18.7999992371,53.5144805908,False
77.60000000000001,0.384,0.043,-0.064,0.588399,0.1176798,8.54159215,31.1799983978,8.19832515717,1.76999998093,3.50886368752,-2.5637948513,16.2773189545,1.6911906004,0.231915190816,97138.9099121,18.8099994659,73.2932128906,False
77.7,0.365,0.022,-0.038,0.392266,0.46091255,9.14960445,32.0900001526,13.6108884811,1.14999997616,2.24738574028,-1.52281022072,16.2726573944,1.8831256628,0.332313477993,97136.7004395,18.8699989319,44.7249412537,False
77.80000000000001,0.345,0.028,-0.081,0.4707192,0.91201845,8.91424485,32.0900001526,13.6108884811,1.16999995708,2.24738574028,-1.52281022072,16.2773857117,1.99251937866,0.409117519855,97138.1286621,18.8699989319,44.7249412537,False
77.9,0.381,0.018,-0.167,0.4903325,1.0983448,8.69849855,35.6699981689,13.6108884811,0.709999978542,2.24738574028,-1.52281022072,16.2810306549,2.07278060913,0.471451610327,97138.1286621,18.9099998474,24.259853363,False
78.0,0.289,0.093,-0.248,0.2549729,0.75511205,6.10954295,38.5200004578,13.6108884811,1.93999993801,2.24738574028,-1.52281022072,16.3017082214,2.29012227058,0.875803887844,97143.6828613,19.0200004578,33.1343650818,False
78.10000000000001,0.431,0.038,-0.347,0.28439285,0.42168595,5.7859235,38.5200004578,13.6108884811,1.95999991894,2.24738574028,-1.52281022072,16.3024330139,2.3958439827,1.07711160183,97139.7460938,19.0200004578,33.1343650818,False
78.2,0.497,-0.011,-0.361,0.30400615,0.2549729,6.8254284,38.9500007629,21.8843975067,2.27999997139,-0.258492767811,1.97018873692,16.3173351288,2.63931012154,1.38878071308,97141.8273926,19.1199989319,41.8040275574,False
78.30000000000001,0.54,-0.088,-0.318,0.3530394,0.1569064,7.7668668,41.7099990845,21.8843975067,3.1099998951,-0.258492767811,1.97018873692,16.3345546722,2.88717126846,1.6111780405,97143.7072754,19.2600002289,42.3952102661,False
78.4,0.551,-0.154,-0.269,0.48052585,0.392266,8.79656505,41.7700004578,21.8843975067,3.39999985695,-0.258492767811,1.97018873692,16.3466529846,3.34287524223,1.84973454475,97143.8171387,19.6199989319,87.2357330322,False
78.5,0.411,-0.23,-0.24,0.69627215,0.67665885,9.1986377,43.1499977112,21.8843975067,3.65999984741,-0.258492767811,1.97018873692,16.3565330505,3.98953914642,2.08756375313,97150.6408691,19.8400001526,105.597496033,False
78.60000000000001,0.325,-0.218,-0.239,1.08853815,0.6276256,9.26728425,43.1499977112,21.8843975067,3.69999980927,-0.258492767811,1.97018873692,16.3609008789,4.26599645615,2.21763563156,97150.6408691,19.8400001526,105.597496033,False
78.7,0.258,-0.229,-0.267,1.2748645,1.01008495,9.50264385,43.1100006104,35.6307449341,3.81999993324,-1.10433638096,11.0684146881,16.3520908356,4.63536787033,2.37453627586,97151.0986328,20.0699996948,120.403289795,False
78.80000000000001,0.25,-0.283,-0.334,1.42196425,0.9022118,10.65982855,44.3099975586,35.6307449341,5.21999979019,-1.10433638096,11.0684146881,16.3303947449,5.68275594711,2.54780340195,97154.3945312,20.5699996948,121.199798584,False
78.9,0.21,-0.276,-0.365,1.77500365,1.16699135,10.787315,44.0599975586,35.6307449341,5.15000009537,-1.10433638096,11.0684146881,16.2997608185,6.20663452148,2.59996032715,97161.505127,20.8299999237,113.074783325,False
79.0,0.241,-0.318,-0.384,1.99074995,0.9610517,10.97364135,44.7700004578,35.6307449341,5.17000007629,-1.10433638096,11.0684146881,16.2568511963,6.60186910629,2.64026856422,97164.6057129,20.8299999237,113.074783325,False
79.10000000000001,0.289,-0.339,-0.416,2.0005566,1.0591182,11.36590735,44.7700004578,41.7264862061,6.30999994278,-0.976787090302,21.7950305939,16.1148986816,7.6476316452,2.73529362679,97174.3469238,21.3799991608,84.8366699219,False
79.2,0.326,-0.407,-0.386,2.28494945,0.7060788,12.5328987,44.7700004578,41.7264862061,7.10999965668,-0.976787090302,21.7950305939,15.9305391312,8.50940036774,2.75888466835,97173.9746094,21.6800003052,68.1997299194,False
79.30000000000001,0.165,-0.463,-0.319,2.34378935,0.7649187,12.6505785,44.7700004578,41.7264862061,7.13999986649,-0.976787090302,21.7950305939,15.7306022644,9.20861339569,2.7734940052,97182.2814941,21.9699993134,47.4725723267,False
79.4,0.096,-0.507,-0.286,2.2751428,0.5687857,13.7685366,44.7700004578,41.7264862061,7.78999996185,-0.976787090302,21.7950305939,15.4126749039,10.1194810867,2.7763864994,97182.8674316,21.9699993134,47.4725723267,False
79.5,0.047,-0.548,-0.227,2.3732093,1.2552512,14.54326195,44.75,41.7264862061,9.73999977112,-0.976787090302,21.7950305939,14.8874549866,11.2555160522,2.6634106636,97186.5234375,22.5599994659,-15.9214019775,False
79.60000000000001,-0.07,-0.546,-0.237,2.52030905,1.42196425,15.09243435,44.6599998474,47.0929222107,9.76000022888,1.65601849556,36.8364219666,14.3797588348,12.1602897644,2.5033288002,97186.5234375,22.8500003815,-50.4227638245,False
79.7,-0.188,-0.537,-0.256,2.46146915,1.38273765,14.81784815,44.6399993896,47.0929222107,9.53999996185,1.65601849556,36.8364219666,13.7961645126,13.0073003769,2.34022974968,97188.1469727,23.109998703,-72.8613891602,False
79.80000000000001,-0.117,-0.484,-0.348,2.26533615,1.0395049,15.11204765,44.6399993896,47.0929222107,9.53999996185,1.65601849556,36.8364219666,13.681391716,13.1669149399,2.31101608276,97206.3415527,23.109998703,-72.8613891602,False
79.9,-0.097,-0.465,-0.352,2.3143694,1.4709975,15.0434011,43.3400001526,47.0929222107,10.6599998474,1.65601849556,36.8364219666,12.6036615372,14.3941307068,2.0029156208,97206.3415527,23.3699989319,-92.6847457886,False
80.0,-0.019,-0.457,-0.384,2.2359162,1.28467115,14.9649479,42.1899986267,45.0113945007,11.1300001144,4.94993972778,49.913444519,12.0154218674,14.955373764,1.83802711964,97195.2697754,23.5900001526,-112.036895752,False
80.10000000000001,0.0,-0.482,-0.4,1.83384355,1.2552512,15.07282105,40.2999992371,45.0113945007,11.8400001526,4.94993972778,49.913444519,10.8609676361,15.8438644409,1.57333528996,97205.9570312,23.9799995422,-141.683670044,False
80.2,-0.079,-0.505,-0.408,1.9221034,0.85317855,15.79851315,38.7700004578,45.0113945007,11.5099992752,4.94993972778,49.913444519,9.93681144714,16.4390716553,1.34393167496,97207.232666,24.1399993896,-145.077041626,False
80.30000000000001,-0.204,-0.501,-0.352,2.2947561,1.3925443,17.2008641,36.0099983215,45.0113945007,12.5,4.94993972778,49.913444519,8.91609859467,16.9971466064,0.984387636185,97207.5378418,24.2600002289,-143.786621094,False
80.4,-0.252,-0.479,-0.379,2.3928226,0.9414384,17.6127434,35.9899978638,45.0113945007,12.4899997711,4.94993972778,49.913444519,8.05941009521,17.4140052795,0.683517515659,97207.5744629,24.2600002289,-143.786621094,False
80.5,-0.349,-0.454,-0.347,2.2359162,1.1179581,17.38719045,34.8899993896,44.375869751,12.7699995041,6.87066936493,66.9797515869,7.41332387924,17.6558227539,0.435641646385,97207.5744629,24.3500003815,-161.408813477,False
80.60000000000001,-0.26,-0.428,-0.376,2.0986231,1.10815145,16.5143986,28.2699985504,44.375869751,12.5399999619,6.87066936493,66.9797515869,5.5141544342,18.1805934906,-0.254415720701,97207.1166992,24.3899993896,-190.714080811,False
80.7,-0.191,-0.444,-0.363,1.765197,0.9610517,16.05348605,25.1199989319,44.375869751,12.9600000381,6.87066936493,66.9797515869,4.72784233093,18.2879867554,-0.510605275631,97211.9812012,24.3299999237,-191.83215332,False
80.80000000000001,-0.319,-0.404,-0.352,1.40235095,1.1964113,14.6511351,21.6599998474,44.375869751,11.9499998093,6.87066936493,66.9797515869,4.34069347382,18.3378887177,-0.630746901035,97204.510498,24.2600002289,-174.184509277,False
80.9,-0.41,-0.419,-0.376,1.1571847,0.42168595,14.2980957,21.6499996185,44.375869751,11.9200000763,6.87066936493,66.9797515869,3.26576590538,18.3377857208,-0.908771455288,97200.958252,24.2600002289,-174.184509277,False
81.0,-0.335,-0.368,-0.35,1.10815145,0.12748645,13.5527903,14.8599996567,38.2073707581,10.7699995041,9.3848772049,83.3422698975,2.15226531029,18.210899353,-1.08232474327,97192.96875,24.0100002289,-127.194786072,False
81.10000000000001,-0.281,-0.331,-0.283,1.36312435,0.12748645,12.15043935,11.5,38.2073707581,10.2199993134,9.3848772049,83.3422698975,1.71119642258,18.1204929352,-1.14219546318,97192.6635742,23.8299999237,-100.513648987,False
81.2,-0.292,-0.278,-0.203,0.9218251,0.1569064,11.0030613,8.43999958038,38.2073707581,9.55999946594,9.3848772049,83.3422698975,0.781339466572,17.9093074799,-1.1597032547,97186.1694336,23.6700000763,-60.2478027344,False
81.30000000000001,-0.455,-0.306,-0.095,1.48080415,0.3138128,12.30734575,5.33999967575,38.2073707581,8.82999992371,9.3848772049,83.3422698975,0.178442403674,17.6723384857,-1.29282975197,97189.2456055,23.4799995422,-30.5921554565,False
81.4,-0.589,-0.262,-0.039,1.48080415,0.8237586,12.5917386,2.50999999046,30.8142585754,8.22000026703,12.6650161743,93.0235443115,-0.362315475941,17.4545974731,-1.48003339767,97187.512207,23.2899990082,-10.9937667847,False
81.5,-0.668,-0.112,-0.1,1.63771055,0.6080123,9.9635564,0.469999998808,30.8142585754,7.28999996185,12.6650161743,93.0235443115,-0.720023393631,17.2220993042,-1.51326417923,97181.7871094,23.0599994659,16.9260025024,False
81.60000000000001,-0.672,-0.05,-0.121,1.6279039,0.65704555,9.54187045,0.469999998808,30.8142585754,7.23999977112,12.6650161743,93.0235443115,-0.981883406639,17.0147342682,-1.51845133305,97183.2336426,23.0599994659,16.9260025024,False
81.7,-0.654,-0.006,-0.149,1.65732385,0.4707192,9.8458766,-1.13999998569,30.8142585754,6.42000007629,12.6650161743,93.0235443115,-1.16963541508,16.8011512756,-1.56339776516,97182.5683594,22.8500003815,43.60704422,False
81.80000000000001,-0.564,0.011,-0.144,1.83384355,0.5687857,10.48330885,-2.25999999046,17.2583179474,5.69999980927,13.3397483826,96.4045562744,-1.33015120029,16.6053905487,-1.68916702271,97180.4748535,22.609998703,70.3679046631,False
81.9,-0.481,0.071,-0.148,1.8632635,0.71588545,10.1400761,-3.75999999046,17.2583179474,4.61000013351,13.3397483826,96.4045562744,-1.38708555698,16.4694900513,-1.7576315403,97178.6254883,22.1299991608,89.0213012695,False
82.0,-0.54,0.096,-0.167,1.4709975,0.53936575,8.6886919,-4.26999998093,17.2583179474,3.8599998951,13.3397483826,96.4045562744,-1.43121194839,16.4085140228,-1.76810085773,97173.9990234,21.8999996185,130.853179932,False
82.10000000000001,-0.337,0.083,-0.122,1.4513842,0.2745862,8.4141057,-4.46999979019,17.2583179474,3.1899998188,13.3397483826,96.4045562744,-1.46833074093,16.1842536926,-1.5656645298,97173.0224609,21.6700000763,164.940826416,False
82.2,-0.289,0.067,-0.086,1.61809725,-0.1569064,8.44352565,-4.77999973297,17.2583179474,2.53999996185,13.3397483826,96.4045562744,-1.46833074093,16.1842536926,-1.5656645298,97173.0224609,21.4599990845,195.252990723,False
82.30000000000001,-0.243,0.072,-0.014,1.6475172,-0.1372931,8.48275225,-4.75,4.80330085754,1.89999997616,10.5522193909,100.259017944,-1.48236835003,16.0262680054,-1.40901553631,97171.9970703,21.25,203.726196289,False
82.4,-0.219,0.042,0.05,1.59848395,0.02941995,9.07115125,-4.85999965668,4.80330085754,1.43999993801,10.5522193909,100.259017944,-1.44004786015,15.9397439957,-1.38197684288,97166.9677734,21.0799999237,209.266082764,False
82.5,-0.24,0.044,0.102,1.9417167,-0.0980665,9.0025047,-4.63000011444,4.80330085754,1.06999993324,10.5522193909,100.259017944,-1.40068078041,15.9123249054,-1.37231433392,97163.2568359,20.8999996185,230.280212402,False
82.60000000000001,-0.158,0.089,0.13,1.8044236,0.63743225,8.30623255,-4.63999986649,4.80330085754,1.06999993324,10.5522193909,100.259017944,-1.32493758202,15.8921461105,-1.34153747559,97156.4025879,20.8999996185,230.280212402,False
82.7,-0.255,0.086,0.113,2.0397832,0.4314926,8.44352565,-4.2999997139,-1.33111786842,0.519999980927,8.78194999695,98.7775650024,-1.18304157257,15.8971242905,-1.25223362446,97156.4025879,20.7299995422,241.461471558,False
82.80000000000001,-0.241,0.088,0.088,1.8044236,0.20593965,8.3748791,-3.61999988556,-1.33111786842,0.219999998808,8.78194999695,98.7775650024,-1.14102244377,15.909412384,-1.2055773735,97162.7624512,20.5599994659,261.330505371,False
82.9,-0.035,0.097,0.073,1.59848395,0.5687857,9.12999115,-3.11999988556,-1.33111786842,-0.170000001788,8.78194999695,98.7775650024,-0.850387632847,15.925904274,-1.09722208977,97166.8884277,20.4200000763,273.85949707,False
83.0,0.025,0.092,0.058,1.8632635,0.4511059,9.38496405,-2.15999984741,-4.04482507706,-0.689999997616,7.08318901062,97.7358856201,-0.750693500042,15.945441246,-1.08289778233,97152.3986816,20.2700004578,271.517578125,False
83.10000000000001,0.119,0.084,0.027,1.57887065,0.12748645,8.433719,-1.32999992371,-4.04482507706,-0.649999976158,7.08318901062,97.7358856201,-0.600827515125,15.9809989929,-1.01597416401,97159.967041,20.1499996185,254.340744019,False
83.2,0.009,0.081,0.057,1.4513842,0.75511205,8.07087295,0.189999997616,-4.04482507706,-0.8599999547,7.08318901062,97.7358856201,-0.413229674101,16.0235462189,-0.850033044815,97159.967041,19.9099998474,249.768157959,False
83.30000000000001,0.091,0.092,0.014,1.65732385,0.22555295,7.7472535,1.0,-4.04482507706,-0.77999997139,7.08318901062,97.7358856201,-0.289846837521,16.087720871,-0.679164946079,97145.8984375,19.8099994659,254.883483887,False
83.4,0.16,0.058,-0.014,1.63771055,0.20593965,8.2179727,1.0,-2.89239835739,-0.77999997139,4.85650348663,97.3869857788,-0.171611100435,16.1416969299,-0.497583687305,97148.4924316,19.7399997711,268.068023682,False
83.5,0.248,0.05,-0.016,1.6082906,-0.00980665,8.5906254,2.23000001907,-2.89239835739,-0.829999983311,4.85650348663,97.3869857788,-0.145778059959,16.1693840027,-0.457613348961,97148.4924316,19.6800003052,260.936553955,False
83.60000000000001,0.353,0.053,-0.009,1.6082906,0.18632635,9.01231135,2.59999990463,-2.89239835739,-0.810000002384,4.85650348663,97.3869857788,-0.0666212961078,16.2528381348,-0.378407746553,97154.8522949,19.6399993896,257.882507324,False
83.7,0.149,0.066,0.059,1.30428445,-0.14709975,9.2574776,2.59999990463,1.25233316422,-0.810000002384,3.69857859612,97.6784439087,-0.051926381886,16.2816925049,-0.348828554153,97147.8027344,19.5900001526,261.679656982,False
83.80000000000001,0.127,0.036,0.116,1.4709975,-0.196133,8.9436648,2.76999998093,1.25233316422,-0.919999957085,3.69857859612,97.6784439087,-0.0537679083645,16.3372535706,-0.209585726261,97145.7336426,19.5900001526,261.679656982,False
83.9,0.173,0.06,0.103,1.26505785,0.16671305,6.7469752,2.81999993324,1.25233316422,-0.909999966621,3.69857859612,97.6784439087,-0.0379552096128,16.386095047,0.0458393022418,97148.9685059,19.5399990082,252.989196777,False
84.0,-0.039,0.024,0.106,1.2552512,0.59820565,8.20816605,3.04999995232,1.25233316422,-0.969999969006,3.69857859612,97.6784439087,-0.0090247374028,16.4022789001,0.136596024036,97143.0297852,19.5399990082,252.989196777,False
84.10000000000001,-0.13,0.039,0.043,1.20621795,0.7060788,8.93385815,3.32999992371,3.00593519211,-0.819999992847,2.73011922836,95.7075958252,0.0240639783442,16.4554080963,0.205077901483,97147.8271484,19.5399990082,246.381088257,False
84.2,-0.209,0.026,0.007,1.30428445,0.42168595,9.38496405,3.64999985695,3.00593519211,-0.610000014305,2.73011922836,95.7075958252,0.0689274147153,16.5222549438,0.254348903894,97150.8728027,19.5499992371,232.447906494,False
84.30000000000001,-0.168,0.048,-5.87830463591e-18,1.4317709,0.36284605,9.022118,4.46999979019,3.00593519211,-0.0299999993294,2.73011922836,95.7075958252,0.165524750948,16.6137866974,0.312561184168,97146.9055176,19.6000003815,215.067871094,False
84.4,-0.024,0.039,-0.025,1.1179581,0.6276256,9.3751574,4.46999979019,-0.00636765733361,-0.0299999993294,1.97474682331,95.3381729126,0.201685145497,16.6313247681,0.320502221584,97147.7111816,19.6000003815,215.067871094,False
84.5,0.072,0.046,-0.049,1.02969825,0.4903325,9.0417313,5.44999980927,-0.00636765733361,0.299999982119,1.97474682331,95.3381729126,0.307283490896,16.7377967834,0.431465685368,97146.3439941,19.6599998474,198.423583984,False
84.60000000000001,0.088,-0.02,-0.045,1.1179581,0.18632635,9.81645665,5.69999980927,-0.00636765733361,0.649999976158,1.97474682331,95.3381729126,0.332424193621,16.8028297424,0.43369230628,97151.9104004,19.6999988556,181.63470459,False
84.7,0.154,-0.026,-0.039,1.28467115,0.00980665,9.32612415,6.01999998093,-0.00636765733361,0.909999966621,1.97474682331,95.3381729126,0.350320369005,16.8664588928,0.453419417143,97152.8259277,19.7299995422,167.451385498,False
84.80000000000001,0.107,-0.031,0.004,1.2160246,0.18632635,9.5124505,6.23000001907,2.37685871124,1.13999998569,1.68638515472,96.2674789429,0.357216119766,16.9241771698,0.45279482007,97148.5778809,19.7799987793,152.881530762,False
84.9,0.05,-0.041,0.027,0.980665,0.4707192,9.89490985,6.46000003815,2.37685871124,1.39999997616,1.68638515472,96.2674789429,0.386381208897,16.9679222107,0.421224236488,97149.8718262,19.8199996948,133.453277588,False
85.0,-0.016,-0.024,0.026,0.8041453,0.55897905,9.8654899,6.65999984741,2.37685871124,1.63999998569,1.68638515472,96.2674789429,0.407671302557,17.0028057098,0.416601032019,97152.5756836,19.859998703,118.036651611,False
85.10000000000001,-0.003,-0.086,1.05319624727e-17,0.95124505,0.2157463,10.65982855,6.65999984741,2.37685871124,1.63999998569,1.68638515472,96.2674789429,0.406327515841,17.0217113495,0.381050616503,97156.0058594,19.859998703,118.036651611,False
85.2,-0.086,-0.035,-0.024,0.87279185,0.3530394,9.93413645,6.96999979019,2.58374786377,1.91999995708,2.39335799217,96.0503692627,0.436104655266,17.0291519165,0.301636099815,97148.8830566,19.8899993896,96.6512680054,False
85.30000000000001,0.011,-0.049,-0.042,0.9610517,-0.10787315,10.1204628,7.21000003815,2.58374786377,2.04999995232,2.39335799217,96.0503692627,0.460042148829,17.0472106934,0.261442661285,97147.7661133,19.9200000763,95.1627731323,False
85.4,0.11,-0.033,-0.032,0.93163175,0.0588399,9.9047165,7.50999975204,2.58374786377,2.22000002861,2.39335799217,96.0503692627,0.467903792858,17.0433959961,0.250388354063,97147.3571777,19.9699993134,92.5985336304,False
85.5,0.293,-0.059,0.003,0.7256921,0.46091255,11.3168741,7.50999975204,2.58374786377,2.22000002861,2.39335799217,96.0503692627,0.440614461899,17.0535049438,0.133969590068,97150.1953125,19.9699993134,92.5985336304,False
85.60000000000001,0.093,-0.058,0.021,0.71588545,0.18632635,10.58137535,7.67999982834,2.58374786377,2.37999987602,2.39335799217,96.0503692627,0.402531653643,17.0391178131,-0.035409476608,97150.1953125,19.9699993134,77.6650390625,False
85.7,0.133,-0.074,-0.004,0.55897905,0.18632635,10.8853815,7.5499997139,5.43213891983,2.36999988556,3.56063485146,96.5100250244,0.386535227299,17.0221691132,-0.086497977376,97146.4660645,19.9599990845,70.3971862793,False
85.80000000000001,0.1,-0.08,0.007,0.87279185,0.20593965,10.8853815,7.51999998093,5.43213891983,2.27999997139,3.56063485146,96.5100250244,0.312637329102,16.9825458527,-0.223108902574,97148.3520508,19.9399986267,68.4467315674,False
85.9,0.085,-0.083,0.016,0.89240515,0.0784532,10.7480884,7.19999980927,5.43213891983,2.31999993324,3.56063485146,96.5100250244,0.226384520531,16.9233207703,-0.365188598633,97144.4763184,19.859998703,61.3166809082,False
86.0,-0.038,-0.052,0.024,0.784532,0.63743225,10.75789505,6.88999986649,6.66207456589,2.06999993324,4.69339323044,96.3779983521,0.201219886541,16.8861904144,-0.438610970974,97142.0349121,19.7999992371,47.0663070679,False
86.10000000000001,0.05,-0.025,-0.037,0.3726527,0.588399,10.2381426,6.8799996376,6.66207456589,2.06999993324,4.69339323044,96.3779983521,0.155645027757,16.8134670258,-0.553508102894,97144.9584961,19.7999992371,47.0663070679,False
86.2,0.076,-0.023,-0.073,0.53936575,0.34323275,9.8262633,6.85999965668,6.66207456589,1.94999992847,4.69339323044,96.3779983521,0.0848869383335,16.762342453,-0.582785904408,97142.1020508,19.7199993134,43.1171417236,False
86.30000000000001,-0.015,-0.004,-0.073,0.73549875,0.28439285,9.52225715,6.55999994278,6.66207456589,1.80999994278,4.69339323044,96.3779983521,0.0400001294911,16.7178039551,-0.570565879345,97143.8171387,19.6399993896,55.0960540771,False
86.4,-0.019,0.001,-0.077,0.3530394,0.5295591,9.3947707,6.42999982834,7.24989414215,1.58999991417,4.65993785858,97.4806060791,-0.0101203620434,16.664440155,-0.554078996181,97141.998291,19.5599994659,70.4536437988,False
86.5,-0.003,0.009,-0.088,0.44129925,0.2941995,9.3555441,5.96999979019,7.24989414215,1.18999993801,4.65993785858,97.4806060791,-0.0977570414543,16.5966148376,-0.560706973076,97138.2385254,19.3999996185,80.7147979736,False
86.60000000000001,0.033,-0.017,-0.073,0.69627215,-0.0784532,9.77723005,5.96999979019,7.24989414215,1.18999993801,4.65993785858,97.4806060791,-0.16377530992,16.5473060608,-0.529768109322,97135.8276367,19.3999996185,80.7147979736,False
86.7,0.052,-0.012,-0.02,0.59820565,-0.1372931,9.40457735,5.51999998093,7.24989414215,0.930000007153,4.65993785858,97.4806060791,-0.264011770487,16.4931030273,-0.534312486649,97137.487793,19.3199996948,86.3593139648,False
86.80000000000001,-0.042,1.4695761589800001e-18,0.012,0.784532,0.0392266,9.11037785,5.06999969482,7.739818573,0.719999969006,4.17198467255,98.9614028931,-0.352039694786,16.4664058685,-0.467291891575,97140.8813477,19.2399997711,92.6159820557,False
86.9,-0.095,-0.026,0.022,0.55897905,0.1176798,10.1008495,4.27999973297,7.739818573,0.319999992847,4.17198467255,98.9614028931,-0.443013101816,16.4212608337,-0.488820016384,97139.3188477,19.109998703,109.263137817,False
87.0,-0.038,0.005,0.031,0.75511205,0.5687857,9.97336305,4.27999973297,7.739818573,0.319999992847,4.17198467255,98.9614028931,-0.484277248383,16.3984279633,-0.541003108025,97137.512207,19.109998703,109.263137817,False
87.10000000000001,-0.055,0.018,-0.004,0.44129925,0.57859235,10.395049,3.67999982834,6.53168869019,-0.00999999977648,3.97565793991,98.572807312,-0.523964166641,16.3390159607,-0.617415726185,97138.7878418,18.9699993134,88.582321167,False
87.2,-0.057,0.02,-0.031,0.73549875,0.63743225,10.3558224,3.67999982834,6.53168869019,-0.00999999977648,3.97565793991,98.572807312,-0.552444756031,16.3192615509,-0.677721142769,97136.0656738,18.9699993134,88.582321167,False
87.30000000000001,-0.104,0.012,-0.049,0.51975245,0.588399,9.8654899,3.29999995232,6.53168869019,-0.189999997616,3.97565793991,98.572807312,-0.603325605392,16.2980937958,-0.74307090044,97134.0759277,18.7999992371,91.6831054688,False
87.4,-0.054,0.017,-0.085,0.63743225,0.0392266,9.4928372,3.29999995232,6.53168869019,-0.189999997616,3.97565793991,98.572807312,-0.607715606689,16.2793235779,-0.72599619627,97135.8886719,18.7999992371,91.6831054688,False
87.5,0.035,0.023,-0.071,0.42168595,0.12748645,9.38496405,3.0,6.53168869019,-0.409999996424,3.97565793991,98.572807312,-0.655546367168,16.2509727478,-0.718584060669,97135.168457,18.7099990845,96.7572174072,False
87.60000000000001,0.013,0.028,-0.019,0.5295591,0.14709975,9.4928372,2.28999996185,5.44191169739,-0.719999969006,2.9487054348,100.04447937,-0.72723788023,16.2137432098,-0.709256470203,97125.4089355,18.5299987793,95.7273483276,False
87.7,-0.039,0.029,0.011,0.50013915,0.2157463,8.89463155,2.05999994278,5.44191169739,-0.919999957085,2.9487054348,100.04447937,-0.792509734631,16.1767902374,-0.656387984753,97130.7067871,18.4499988556,100.228408813,False
87.80000000000001,-0.039,0.029,0.011,0.50013915,0.2157463,8.89463155,1.78999996185,5.44191169739,-1.12000000477,2.9487054348,100.04447937,-0.828416407108,16.1543102264,-0.585875332355,97130.7067871,18.3699989319,106.791687012,False
87.9,-0.069,0.005,0.015,0.4511059,0.20593965,9.4928372,1.70999991894,5.44191169739,-1.31999993324,2.9487054348,100.04447937,-0.838988363743,16.1308059692,-0.530740857124,97129.6142578,18.2999992371,115.669631958,False
88.0,-0.027,0.009,-0.007,0.22555295,0.392266,9.8851032,1.70999991894,5.44191169739,-1.31999993324,2.9487054348,100.04447937,-0.851979076862,16.1110782623,-0.538904309273,97128.3325195,18.2999992371,115.669631958,False
88.10000000000001,-0.066,0.013,-0.012,0.2157463,0.1765197,10.09104285,1.28999996185,4.69901371002,-1.56999993324,2.30953717232,99.7947921753,-0.895024418831,16.083065033,-0.592169463634,97130.7922363,18.1599998474,102.066421509,False
88.2,-0.081,0.012,-1.4695761589800001e-18,0.1372931,0.06864655,9.7281968,1.28999996185,4.69901371002,-1.56999993324,2.30953717232,99.7947921753,-0.904844880104,16.0681552887,-0.585852861404,97126.2878418,18.1599998474,102.066421509,False
88.30000000000001,0.034,0.057,0.023,0.392266,0.20593965,8.8063717,0.969999969006,4.69901371002,-1.59999990463,2.30953717232,99.7947921753,-0.925129592419,16.0431251526,-0.53915053606,97127.3193359,18.0900001526,89.2971038818,False
88.4,0.129,0.036,0.023,0.12748645,0.14709975,8.81617835,0.550000011921,3.96680521965,-1.67999994755,1.47044360638,99.7615661621,-0.962299764156,16.0294361115,-0.461283475161,97127.3193359,17.9599990845,103.445053101,False
88.5,0.035,0.038,0.039,0.12748645,0.18632635,8.97308475,0.550000011921,3.96680521965,-1.67999994755,1.47044360638,99.7615661621,-1.00218498707,16.020368576,-0.327279627323,97125.4272461,17.9099998474,117.554855347,False
88.60000000000001,-0.027,0.057,0.044,0.5491724,0.1569064,9.218251,0.329999983311,3.96680521965,-1.79999995232,1.47044360638,99.7615661621,-1.01018726826,16.0155696869,-0.266185671091,97125.592041,17.9099998474,117.554855347,False
88.7,0.021,0.065,0.022,0.26477955,0.3138128,8.65927195,-0.0499999970198,3.96680521965,-1.97999989986,1.47044360638,99.7615661621,-1.02193117142,16.0180301666,-0.194729596376,97125.592041,17.8299999237,122.174072266,False
88.80000000000001,-0.062,0.042,0.024,0.16671305,0.26477955,7.9041599,-0.229999989271,3.96680521965,-2.16999983788,1.47044360638,99.7615661621,-1.0300180912,16.0281410217,-0.120443172753,97122.442627,17.8099994659,142.57383728,False
88.9,-0.157,0.026,0.009,0.2353596,0.30400615,8.62004535,-0.229999989271,3.53521156311,-2.16999983788,-0.132064595819,98.9775619507,-1.03212547302,16.0383758545,0.00976999569684,97122.7294922,17.8099994659,142.57383728,False
89.0,-0.157,0.026,0.009,0.2353596,0.30400615,8.62004535,-0.389999985695,3.53521156311,-2.42999982834,-0.132064595819,98.9775619507,-1.01058578491,16.0887260437,0.0651293769479,97122.7294922,17.7999992371,153.50112915,False
89.10000000000001,-0.246,0.015,0.02,0.6472389,0.14709975,9.7478101,-0.389999985695,3.53521156311,-2.42999982834,-0.132064595819,98.9775619507,-0.991727530956,16.119682312,0.0739083364606,97119.0551758,17.7999992371,153.50112915,False
89.2,-0.099,0.057,0.004,0.36284605,0.26477955,8.9828914,-0.219999998808,3.53521156311,-2.57999992371,-0.132064595819,98.9775619507,-0.929708063602,16.1684551239,0.0854087397456,97119.5617676,17.7899990082,156.405456543,False
89.30000000000001,-0.009,0.021,-0.009,0.46091255,0.14709975,9.62032365,0.119999997318,-0.887974798679,-2.65999984741,-1.12142837048,98.6353149414,-0.874225974083,16.2418937683,0.139862090349,97119.5617676,17.7799987793,151.363372803,False
89.4,-0.038,0.043,-0.004,0.44129925,0.02941995,8.8455983,0.199999988079,-0.887974798679,-2.79999995232,-1.12142837048,98.6353149414,-0.848967850208,16.2586250305,0.187300443649,97122.5830078,17.7799987793,163.419158936,False
89.5,0.111,0.046,0.02,0.392266,-0.04903325,8.5121722,0.199999988079,-0.887974798679,-2.79999995232,-1.12142837048,98.6353149414,-0.819217979908,16.332649231,0.306331634521,97123.614502,17.7799987793,163.419158936,False
89.60000000000001,0.125,0.028,0.07,0.42168595,0.32361945,9.1594111,0.280000001192,-0.887974798679,-2.90999984741,-1.12142837048,98.6353149414,-0.802300333977,16.3716926575,0.348600417376,97120.6298828,17.7799987793,172.593688965,False
89.7,0.119,0.024,0.066,0.59820565,0.1765197,8.629852,0.519999980927,-0.28191819787,-3.16999983788,-2.19262337685,98.4659347534,-0.760160446167,16.4616394043,0.433113574982,97120.6298828,17.8199996948,184.551528931,False
89.80000000000001,0.125,-0.005,0.042,0.73549875,0.14709975,10.32640245,0.519999980927,-0.28191819787,-3.16999983788,-2.19262337685,98.4659347534,-0.725867986679,16.5041294098,0.428277283907,97128.717041,17.8199996948,184.551528931,False
89.9,0.063,-0.004,0.024,0.40207265,0.4511059,10.5715687,0.740000009537,1.3805655241,-2.95000004768,-2.64986300468,97.6342697144,-0.699368953705,16.5915527344,0.346319198608,97123.9440918,17.8799991608,150.4659729,False
90.0,-0.073,0.007,0.006,0.392266,0.5687857,10.002783,0.8599999547,1.3805655241,-2.95000004768,-2.64986300468,97.6342697144,-0.674024283886,16.678894043,0.305265814066,97123.9013672,17.8799991608,150.4659729,False
90.10000000000001,-0.09,0.013,-0.012,0.3334261,0.46091255,9.62032365,1.01999998093,1.3805655241,-2.75999999046,-2.64986300468,97.6342697144,-0.621876180172,16.76304245,0.261076778173,97128.1982422,17.9099998474,122.544570923,False
90.2,-0.089,-0.01,-0.012,0.0980665,0.40207265,9.5712904,1.01999998093,1.3805655241,-2.75999999046,-2.64986300468,97.6342697144,-0.59147310257,16.829202652,0.242512196302,97125.213623,17.9099998474,122.544570923,False
90.30000000000001,-0.033,0.007,-0.03,0.0980665,0.4707192,8.83579165,1.5,0.15657530725,-2.28999996185,-2.85424375534,97.7176895142,-0.503500401974,16.8951358795,0.330193072557,97126.2939453,17.9300003052,89.8009338379,False
90.4,-0.032,0.035,-0.076,0.30400615,0.1372931,7.9629998,1.64999997616,0.15657530725,-2.09999990463,-2.85424375534,97.7176895142,-0.4709854424,16.9427776337,0.460329115391,97126.2939453,17.9599990845,95.267578125,True
90.5,0.118,-0.012,-0.067,0.24516625,-0.0980665,8.8848249,1.80999994278,0.15657530725,-2.01999998093,-2.85424375534,97.7176895142,-0.445877850056,16.980474472,0.539939343929,97125.1220703,17.9899997711,98.6248016357,True
90.60000000000001,0.132,-0.062,-0.024,-0.3138128,0.0588399,10.32640245,1.80999994278,0.15657530725,-2.06999993324,-2.85424375534,97.7176895142,-0.441084235907,16.9905395508,0.466449022293,97123.9440918,18.0299987793,94.3671264648,True
90.7,0.052,-0.06,0.024,-0.40207265,-0.12748645,11.2384209,27.2199993134,0.15657530725,-1.48000001907,-2.85424375534,97.7176895142,-0.424674719572,16.9638004303,0.308277010918,97121.6125488,18.0699996948,63.6074066162,True
90.80000000000001,0.264,-0.061,0.024,-0.87279185,1.3727067135099999e-15,11.20900095,27.2199993134,0.15657530725,-1.48000001907,-2.85424375534,97.7176895142,-0.398181676865,16.9212532043,0.159083381295,97121.887207,18.0699996948,63.6074066162,True
90.9,0.448,-0.068,0.003,-1.0591182,0.00980665,11.2580342,35.1899986267,1.6621222496,-1.24000000954,-2.16865777969,98.1877593994,-0.363965183496,16.8368930817,-0.00586493592709,97121.887207,18.0699996948,18.9723968506,True
91.0,0.84,-0.064,-0.055,-0.97085835,0.9610517,10.24794925,35.8600006104,1.6621222496,-2.19000005722,-2.16865777969,98.1877593994,-0.420652389526,16.7262134552,-0.0877872928977,97115.7653809,18.0399990082,18.5876846313,True
91.10000000000001,0.838,-0.06,-0.094,-0.9610517,0.9610517,9.8262633,40.9500007629,1.6621222496,-3.46000003815,-2.16865777969,98.1877593994,-0.508355081081,16.6168804169,-0.109937794507,97117.7307129,18.0399990082,18.5876846313,True
91.2,0.797,-0.046,-0.118,-1.0983448,1.01008495,9.46341725,44.5699996948,13.0431241989,-3.95999979973,-1.48074507713,99.0494995117,-0.763384580612,16.405046463,-0.0656279101968,97115.1000977,17.9599990845,42.845249176,True
91.30000000000001,0.686,-0.029,-0.13,-1.3533177,-0.1176798,9.60071035,44.3600006104,13.0431241989,-4.52999973297,-1.48074507713,99.0494995117,-1.04767155647,16.2280654907,0.0125763285905,97112.6403809,17.9200000763,54.3509483337,True
91.4,0.565,-0.033,-0.143,-1.176798,0.588399,9.07115125,44.0799980164,13.0431241989,-4.73999977112,-1.48074507713,99.0494995117,-1.42249107361,16.0170192719,0.14649425447,97112.2070312,17.8899993896,66.133026123,True
91.5,0.536,-0.01,-0.161,-1.24544455,0.06864655,8.79656505,44.7399978638,27.8429222107,-5.46000003815,-2.32549476624,101.944480896,-1.75485503674,15.8399238586,0.309364140034,97109.8327637,17.859998703,77.6570281982,True
91.60000000000001,0.39,-0.02,-0.192,-1.18660465,0.24516625,9.0025047,44.7299995422,27.8429222107,-5.86999988556,-2.32549476624,101.944480896,-2.06265640259,15.6896648407,0.436494767666,97114.8803711,17.8500003815,92.5129852295,True
91.7,0.366,-0.024,-0.218,-1.18660465,0.2745862,8.77695175,44.7099990845,27.8429222107,-5.82999992371,-2.32549476624,101.944480896,-2.46025371552,15.4952573776,0.604688227177,97109.5703125,17.859998703,96.0129699707,True
91.80000000000001,0.364,-0.048,-0.246,-1.22583125,0.4511059,9.12999115,44.6800003052,27.8429222107,-6.82999992371,-2.32549476624,101.944480896,-2.94216227531,15.265042305,0.848524689674,97112.1520996,17.8899993896,105.227088928,True
91.9,0.261,-0.065,-0.298,-1.2552512,0.32361945,8.73772515,44.6399993896,27.8429222107,-6.57999992371,-2.32549476624,101.944480896,-3.27426481247,15.0972127914,1.04328048229,97113.1591797,17.9400005341,114.371398926,True
92.0,0.246,-0.076,-0.336,-1.16699135,0.46091255,8.1787461,44.5900001526,35.8960342407,-8.25,-4.73399448395,106.962173462,-3.6944975853,14.8925113678,1.30723798275,97113.0615234,18.0100002289,125.075057983,True
92.10000000000001,0.228,-0.086,-0.357,-1.24544455,0.26477955,8.54159215,44.5200004578,35.8960342407,-7.55999994278,-4.73399448395,106.962173462,-4.14223384857,14.6632642746,1.56620705128,97113.0615234,18.109998703,127.435302734,True
92.2,0.235,-0.11,-0.361,-1.0787315,0.50013915,8.5121722,44.4500007629,35.8960342407,-6.98999977112,-4.73399448395,106.962173462,-4.63248538971,14.4162883759,1.80570113659,97113.7329102,18.2399997711,127.087402344,True
92.30000000000001,0.243,-0.136,-0.365,-1.06892485,0.46091255,9.07115125,44.3699989319,35.8960342407,-8.21000003815,-4.73399448395,106.962173462,-5.25899410248,14.088684082,2.07113242149,97114.263916,18.3899993896,120.804977417,True
92.4,0.211,-0.2,-0.361,-1.176798,0.1765197,9.65955025,44.3199996948,41.2579040527,-7.17999982834,-8.21511459351,116.318595886,-5.80208873749,13.7967100143,2.29497814178,97115.234375,18.5699996948,121.11807251,True
92.5,0.215,-0.198,-0.362,-1.08853815,0.08825985,10.3558224,44.25,41.2579040527,-7.13999986649,-8.21511459351,116.318595886,-6.04975175858,13.6571025848,2.36637306213,97120.5078125,18.7600002289,117.236618042,True
92.60000000000001,0.215,-0.198,-0.362,-1.08853815,0.08825985,10.3558224,44.25,41.2579040527,-7.13999986649,-8.21511459351,116.318595886,-6.40526628494,13.4556837082,2.48597192764,97120.5078125,18.7600002289,117.236618042,True
92.7,0.106,-0.27,-0.316,-1.04931155,0.08825985,10.26756255,44.1699981689,41.2579040527,-6.92999982834,-8.21511459351,116.318595886,-7.4458732605,12.80443573,2.87969350815,97120.513916,19.2199993134,120.229812622,True
92.80000000000001,0.106,-0.27,-0.316,-1.04931155,0.08825985,10.26756255,44.1499977112,43.6307106018,-6.92000007629,-9.80548763275,125.316093445,-8.04814147949,12.4024372101,3.04859781265,97120.513916,19.2199993134,120.229812622,True
92.9,0.094,-0.333,-0.313,-0.81395195,0.22555295,12.944778,44.1399993896,43.6307106018,-6.0499997139,-9.80548763275,125.316093445,-8.73767089844,11.9141769409,3.1161608696,97126.9714355,19.75,93.9203262329,True
93.0,-0.06,-0.352,-0.305,-0.89240515,0.38245935,11.9248864,44.1499977112,43.6307106018,-5.80999994278,-9.80548763275,125.316093445,-9.35514068604,11.4281749725,3.21466255188,97134.3505859,20.0299987793,75.630569458,True
93.10000000000001,-0.033,-0.35,-0.298,-0.99047165,0.38245935,11.36590735,44.1599998474,43.6307106018,-5.48000001907,-9.80548763275,125.316093445,-9.91987609863,10.9139785767,3.33454179764,97135.2539062,20.3099994659,66.8556213379,True
93.2,-0.04,-0.365,-0.3,-0.99047165,0.1569064,11.83662655,44.1599998474,43.6307106018,-5.48000001907,-9.80548763275,125.316093445,-10.0330724716,10.8099985123,3.35482382774,97138.7695312,20.3099994659,66.8556213379,True
93.30000000000001,-0.014,-0.333,-0.313,-0.93163175,0.14709975,12.32695905,44.2000007629,42.3595733643,-5.09999990463,-9.80986690521,135.040756226,-11.0496463776,9.78318691254,3.42806911469,97142.199707,20.9200000763,44.0050125122,True
93.4,-0.05,-0.357,-0.298,-0.980665,0.0392266,12.18966595,44.2399978638,42.3595733643,-3.66999983788,-9.80986690521,135.040756226,-11.5670671463,9.17811584473,3.4625647068,97145.1049805,21.2299995422,34.2583656311,True
93.5,-0.056,-0.355,-0.288,-0.9610517,0.2941995,11.34629405,44.2599983215,42.3595733643,-3.6899998188,-9.80986690521,135.040756226,-11.9058418274,8.71084022522,3.52915763855,97147.6135254,21.2299995422,34.2583656311,True
93.60000000000001,-0.096,-0.323,-0.29,-1.04931155,0.1569064,11.179581,44.2999992371,39.7105407715,-4.80999994278,-8.75471496582,146.249786377,-12.2956295013,8.14935207367,3.63106942177,97153.9794922,21.5299987793,27.9606819153,True
93.7,0.017,-0.352,-0.289,-0.93163175,0.26477955,11.60126695,44.3400001526,39.7105407715,-2.84999990463,-8.75471496582,146.249786377,-12.7316322327,7.41081523895,3.68826699257,97156.1096191,22.1700000763,32.350063324,True
93.80000000000001,0.017,-0.352,-0.289,-0.93163175,0.26477955,11.60126695,44.3400001526,39.7105407715,-3.75999999046,-8.75471496582,146.249786377,-13.1958990097,6.58797216415,3.60957455635,97156.1096191,22.5,11.8428230286,True
93.9,-0.016,-0.309,-0.31,-0.7256921,0.55897905,12.1798593,44.3400001526,39.7105407715,-3.75999999046,-8.75471496582,146.249786377,-13.1958990097,6.58797216415,3.60957455635,97162.2802734,22.5,11.8428230286,True
94.0,0.025,-0.34,-0.321,-0.8433719,0.20593965,12.66038515,43.4799995422,38.1399917603,-3.17999982834,-7.67228746414,155.657562256,-13.7974557877,5.22630882263,3.51616001129,97166.0705566,23.1199989319,-9.9663734436,True
94.10000000000001,0.079,-0.328,-0.331,-0.784532,0.6276256,11.93469305,42.3499984741,38.1399917603,-2.19000005722,-7.67228746414,155.657562256,-13.8891763687,4.96239280701,3.50878310204,97168.3044434,23.4200000763,-3.67603302002,True
94.2,-0.045,-0.312,-0.346,-0.5687857,0.5295591,13.8862164,42.3600006104,38.1399917603,-2.20000004768,-7.67228746414,155.657562256,-14.0926790237,4.37983322144,3.42206954956,97178.4851074,23.4200000763,-3.67603302002,True
94.30000000000001,0.019,-0.341,-0.356,-0.53936575,0.6080123,14.13138265,41.3899993896,38.1399917603,-2.1099998951,-7.67228746414,155.657562256,-14.4748497009,3.07061648369,3.06724381447,97178.4851074,23.9799995422,-61.9198799133,True
94.4,0.019,-0.341,-0.356,-0.53936575,0.6080123,14.13138265,41.3899993896,38.1399917603,-2.1099998951,-7.67228746414,155.657562256,-14.4748497009,3.07061648369,3.06724381447,97178.4851074,23.9799995422,-61.9198799133,True
94.5,0.097,-0.337,-0.373,-0.8237586,0.18632635,14.3373223,39.719997406,37.2148590088,-0.610000014305,-6.83425331116,167.500656128,-14.7704744339,1.26763045788,2.64738178253,97185.6872559,24.4599990845,-111.206054688,True
94.60000000000001,0.092,-0.345,-0.363,-0.63743225,0.57859235,13.64105015,37.6599998474,37.2148590088,-0.00999999977648,-6.83425331116,167.500656128,-14.7875928879,1.11002326012,2.61340880394,97189.6484375,24.6700000763,-132.161712646,True
94.7,0.077,-0.326,-0.374,-0.89240515,0.24516625,13.30762405,35.4599990845,37.7536201477,0.159999996424,-6.24391222,176.5443573,-14.8205766678,-0.17563983798,2.3896920681,97191.809082,24.859998703,-140.493591309,True
94.80000000000001,0.021,-0.359,-0.365,-0.9414384,0.38245935,13.34685065,32.9500007629,37.7536201477,0.469999998808,-6.24391222,176.5443573,-14.7801122665,-0.970358133316,2.27296519279,97194.2260742,25.0599994659,-151.304244995,True
94.9,-0.079,-0.359,-0.353,-0.9414384,0.18632635,13.7881499,32.9500007629,37.7536201477,0.459999978542,-6.24391222,176.5443573,-14.7268733978,-1.44560682774,2.19988059998,97194.6533203,25.0599994659,-151.304244995,True
95.0,-0.145,-0.323,-0.343,-0.83356525,0.24516625,13.3174307,30.0499992371,36.7859764099,0.439999997616,-5.61104869843,-174.496414185,-14.6094474792,-2.38306951523,2.0360121727,97198.6450195,25.3999996185,-156.458465576,True
95.10000000000001,-0.145,-0.323,-0.343,-0.83356525,0.24516625,13.3174307,30.0499992371,36.7859764099,0.439999997616,-5.61104869843,-174.496414185,-14.6094474792,-2.38306951523,2.0360121727,97198.6450195,25.3999996185,-156.458465576,True
95.2,-0.099,-0.329,-0.332,-0.8041453,0.1176798,13.4939504,19.4399986267,36.7859764099,0.0999999940395,-5.61104869843,-174.496414185,-14.2186317444,-3.98785352707,1.71839630604,97199.7070312,25.6999988556,-162.476531982,True
95.30000000000001,-0.065,-0.28,-0.324,-0.7453054,0.18632635,13.48414375,15.3399991989,36.7859764099,0.0999999940395,-5.61104869843,-174.496414185,-14.1262760162,-4.26872253418,1.64430761337,97205.9143066,25.6999988556,-162.476531982,True
95.4,-0.382,-0.271,-0.321,-0.7649187,0.38245935,12.56231865,15.3399991989,32.9113578796,-0.219999998808,-4.41402959824,-164.042694092,-13.8521652222,-5.03528356552,1.4827119112,97204.9987793,25.8199996948,-163.13494873,True
95.5,-0.474,-0.259,-0.314,-0.8041453,0.24516625,12.36618565,7.0499997139,32.9113578796,-0.959999978542,-4.41402959824,-164.042694092,-13.4852437973,-5.81680440903,1.31560277939,97206.2011719,26.0199985504,-125.726699829,True
95.60000000000001,-0.562,-0.175,-0.301,-0.67665885,0.48052585,11.18938765,7.0499997139,32.9113578796,-1.0,-4.41402959824,-164.042694092,-13.3454427719,-6.09662771225,1.25221812725,97206.817627,26.0199985504,-125.726699829,True
95.7,-0.593,-0.177,-0.313,-0.6276256,0.0392266,11.3953273,-0.5,21.5685691833,-2.42999982834,-3.82081413269,-155.401412964,-13.1426706314,-6.44383382797,1.15925085545,97208.2397461,26.1999988556,-76.4940261841,True
95.80000000000001,-0.471,-0.122,-0.281,-0.81395195,-0.38245935,10.8853815,-3.74000000954,21.5685691833,-3.09999990463,-3.82081413269,-155.401412964,-12.755698204,-6.99373912811,1.08291304111,97208.8745117,26.2699985504,-51.0568618774,True
95.9,-0.334,-0.123,-0.213,-0.7453054,-0.2157463,10.6696352,-3.74000000954,21.5685691833,-3.1099998951,-3.82081413269,-155.401412964,-12.6108751297,-7.1601691246,1.05508446693,97207.7148438,26.2699985504,-51.0568618774,True
96.0,-0.347,-0.104,-0.173,-0.7453054,-0.38245935,10.591182,-9.53999996185,21.5685691833,-5.05999994278,-3.82081413269,-155.401412964,-12.4331521988,-7.36520814896,1.02279698849,97208.7646484,26.3299999237,-24.560546875,True
96.10000000000001,-0.428,-0.063,-0.106,-0.7060788,-0.2157463,9.80665,-11.9600000381,21.5685691833,-6.23000001907,-3.82081413269,-155.401412964,-12.1786088943,-7.59810829163,1.02227985859,97209.8327637,26.4599990845,32.5547218323,True
96.2,-0.479,-0.023,-0.053,-0.6864655,-0.0784532,9.83606995,-11.9600000381,10.3896045685,-6.23999977112,-3.41540312767,-149.506027222,-12.0314435959,-7.72321939468,1.00073158741,97210.9741211,26.4599990845,32.5547218323,True
96.30000000000001,-0.447,0.002,-0.033,-0.784532,-0.2353596,9.16921775,-14.0399999619,10.3896045685,-7.17999982834,-3.41540312767,-149.506027222,-11.8716230392,-7.81809711456,1.0132638216,97210.9741211,26.5199985504,53.2018661499,True
96.4,-0.464,0.055,-0.003,-0.7453054,0.06864655,8.18855275,-17.1599998474,10.3896045685,-9.14999961853,-3.41540312767,-149.506027222,-11.672454834,-7.86910867691,1.16143393517,97214.4042969,26.6499996185,100.05569458,True
96.5,-0.466,0.071,0.01,-0.89240515,-0.04903325,8.52197885,-17.1499996185,2.82291889191,-9.14999961853,-4.05067873001,-148.787643433,-11.6102552414,-7.85837841034,1.23344993591,97211.2243652,26.6499996185,100.05569458,True
96.60000000000001,-0.431,0.088,0.013,-0.8237586,-0.14709975,8.69849855,-18.2600002289,2.82291889191,-10.0199995041,-4.05067873001,-148.787643433,-11.5456991196,-7.82227706909,1.34532928467,97215.3991699,26.7399997711,128.290649414,True
96.7,-0.407,0.1,0.022,-0.85317855,-0.06864655,8.3552658,-19.9699993134,2.82291889191,-11.529999733,-4.05067873001,-148.787643433,-11.4849557877,-7.71762704849,1.51844024658,97214.2333984,26.9499988556,166.206069946,True
96.80000000000001,-0.436,0.13,0.04,-0.95124505,-0.02941995,7.7668668,-20.5,2.82291889191,-12.2199993134,-4.05067873001,-148.787643433,-11.4707145691,-7.61045408249,1.71335709095,97216.973877,27.0799999237,187.812515259,True
96.9,-0.462,0.139,0.056,-0.95124505,0.0588399,7.4138274,-20.4699993134,2.82291889191,-12.1999998093,-4.05067873001,-148.787643433,-11.4639072418,-7.49912118912,1.89598762989,97220.300293,27.0799999237,187.812515259,True
97.0,-0.462,0.139,0.056,-0.95124505,0.0588399,7.4138274,-20.7999992371,-11.6696510315,-12.8499994278,-7.72233486176,-148.877960205,-11.5247888565,-7.30145359039,2.09215283394,97220.300293,27.4099998474,196.943664551,True
97.10000000000001,-0.294,0.118,0.049,-0.8629852,0.0588399,8.22777935,-21.0200004578,-11.6696510315,-12.7599992752,-7.72233486176,-148.877960205,-11.5559806824,-7.19307518005,2.17969298363,97222.2106934,27.5999984741,188.431365967,True
97.2,-0.254,0.08,0.052,-0.9218251,-0.0784532,8.0022264,-20.9899997711,-11.6696510315,-12.6899995804,-7.72233486176,-148.877960205,-11.6637639999,-6.88451290131,2.50914788246,97227.2766113,27.8199996948,174.493591309,True
97.30000000000001,-0.192,0.062,0.065,-0.9610517,-0.20593965,7.61976705,-20.9099998474,-11.6696510315,-12.3299999237,-7.72233486176,-148.877960205,-11.7221279144,-6.72533750534,2.72097659111,97230.1208496,28.0599994659,174.575714111,True
97.4,-0.155,0.072,0.074,-1.0198916,-0.02941995,7.34518085,-20.8099994659,-17.0058689117,-11.5999994278,-10.0624418259,-149.352874756,-11.813170433,-6.5257692337,2.95724320412,97229.3151855,28.3299999237,166.710083008,True
97.5,-0.04,0.008,0.088,-0.85317855,-0.196133,8.3356525,-20.6599998474,-17.0058689117,-11.1599998474,-10.0624418259,-149.352874756,-11.9000835419,-6.36064243317,3.11823773384,97232.7331543,28.6299991608,155.121231079,True
97.60000000000001,0.115,1.23689326714e-17,0.101,-0.73549875,-0.1372931,9.1594111,-20.6499996185,-17.0058689117,-11.1599998474,-10.0624418259,-149.352874756,-12.0179204941,-6.1967587471,3.20067119598,97237.890625,28.6299991608,155.121231079,True
97.7,0.137,-0.034,0.124,-0.67665885,-0.40207265,10.07142955,-20.3400001526,-17.0058689117,-9.8499994278,-10.0624418259,-149.352874756,-12.2533588409,-5.90872907639,3.26341748238,97240.6860352,29.2600002289,123.354530334,True
97.80000000000001,0.013,-0.033,0.16,-0.5687857,-0.36284605,10.52253545,-20.2099990845,-16.0889377594,-9.25,-10.7527532578,-151.072662354,-12.4363422394,-5.71762561798,3.24282956123,97245.2087402,29.5799999237,121.879196167,True
97.9,-0.078,2.48603300227e-17,0.203,-0.69627215,-0.20593965,9.6889702,-20.0399990082,-16.0889377594,-8.94999980927,-10.7527532578,-151.072662354,-12.6438865662,-5.47533941269,3.24242997169,97247.088623,29.8899993896,111.877822876,True
98.0,-0.058,-0.029,0.232,-0.77472535,-0.196133,9.6693569,-20.0299987793,-16.0889377594,-8.94999980927,-10.7527532578,-151.072662354,-12.7509393692,-5.35198545456,3.24881243706,97255.6945801,30.2099990845,94.5010223389,True
98.10000000000001,-0.096,-0.037,0.244,-0.83356525,-0.10787315,9.6301303,-19.5499992371,-16.0889377594,-7.59999990463,-10.7527532578,-151.072662354,-12.9279127121,-5.09446763992,3.3029358387,97255.6945801,30.5199985504,88.5862350464,True
98.2,-0.164,-0.109,0.251,-0.7256921,-0.2549729,11.0815145,-19.5499992371,-16.7571983337,-7.58999967575,-11.5321321487,-155.886581421,-13.0996780396,-4.89421272278,3.22428560257,97262.890625,30.5199985504,88.5862350464,True
98.30000000000001,-0.143,-0.104,0.25,-0.77472535,-0.0980665,11.0815145,-19.1399993896,-16.7571983337,-7.48000001907,-11.5321321487,-155.886581421,-13.2131738663,-4.73004627228,3.16533350945,97262.890625,30.8400001526,83.7817230225,True
98.4,-0.136,-0.103,0.25,-0.9610517,-0.08825985,9.93413645,-17.8699989319,-16.7571983337,-6.98999977112,-11.5321321487,-155.886581421,-13.4546012878,-4.27665185928,3.20931172371,97263.067627,31.4599990845,57.0115089417,True
98.5,-0.13,-0.126,0.207,-1.0395049,0.1569064,10.11065615,-17.0200004578,-16.7571983337,-6.51999998093,-11.5321321487,-155.886581421,-13.6049251556,-3.89673280716,3.27275419235,97268.1396484,31.7600002289,41.37134552,True
98.60000000000001,-0.112,-0.124,0.159,-0.980665,-0.0784532,9.1594111,-16.1700000763,-19.3894233704,-6.73999977112,-10.9455919266,-161.9453125,-13.6501274109,-3.77887129784,3.31720614433,97273.7792969,32.0699996948,53.1229019165,True
98.7,-0.048,-0.103,0.144,-1.02969825,0.08825985,8.87501825,-15.2399997711,-19.3894233704,-6.55999994278,-10.9455919266,-161.9453125,-13.7797346115,-3.28485774994,3.47506165504,97274.7924805,32.3999977112,47.3347663879,True
98.80000000000001,0.017,-0.117,0.135,-0.91201845,0.02941995,9.5909037,-14.25,-19.3894233704,-6.23999977112,-10.9455919266,-161.9453125,-13.8532934189,-3.02781653404,3.50461792946,97283.581543,32.7299995422,53.4866333008,True
98.9,0.096,-0.157,0.126,-0.9218251,-0.32361945,10.30678915,-13.1799993515,-19.2046298981,-6.42999982834,-9.70246982574,-165.18397522,-13.9219350815,-2.71172523499,3.52778530121,97283.581543,33.0699996948,53.6962509155,True
99.0,0.189,-0.114,0.14,-0.91201845,-0.0784532,9.6497436,-12.1799993515,-19.2046298981,-6.44000005722,-9.70246982574,-165.18397522,-13.9630422592,-2.53398752213,3.54259181023,97290.045166,33.0699996948,53.6962509155,True
99.10000000000001,0.142,-0.114,0.159,-1.0395049,-0.2549729,9.6889702,-12.1899995804,-19.2046298981,-6.33999967575,-9.70246982574,-165.18397522,-13.9861736298,-2.25791430473,3.57514834404,97291.3513184,33.4199981689,57.7656745911,True
99.2,0.019,-0.151,0.199,-0.81395195,-0.4314926,10.6892485,-11.2100000381,-19.2046298981,-6.65999984741,-9.70246982574,-165.18397522,-14.0287771225,-1.98671126366,3.56127285957,97299.2492676,33.7599983215,49.4465827942,True
99.30000000000001,-0.289,-0.143,0.273,-0.48052585,0.0196133,11.9248864,-10.2299995422,-19.2046298981,-6.5,-9.70246982574,-165.18397522,-14.0860433578,-1.66496801376,3.4266576767,97298.1323242,34.1199989319,48.3961105347,True
99.4,-0.496,-0.129,0.288,-0.44129925,0.0784532,12.60154525,-7.09999990463,-17.9260005951,-5.81999969482,-7.93052005768,-170.905227661,-14.2204771042,-1.09260427952,3.13210368156,97308.6242676,34.7799987793,22.9597091675,True
99.5,-0.377,-0.138,0.248,-0.34323275,0.00980665,12.95458465,-4.80999994278,-17.9260005951,-5.44999980927,-7.93052005768,-170.905227661,-14.3020238876,-0.597958028316,2.93115282059,97308.6242676,35.0699996948,9.72871780396,True
99.60000000000001,-0.001,-0.109,0.165,-0.3334261,0.28439285,12.58193195,-4.80999994278,-17.9260005951,-5.44999980927,-7.93052005768,-170.905227661,-14.3546323776,-0.288335412741,2.80859136581,97310.0708008,35.0699996948,9.72871780396,True
99.7,0.278,-0.1,0.115,-0.59820565,0.10787315,11.9248864,0.159999996424,-21.1284484863,-5.52999973297,-7.17861509323,-176.306167603,-14.4009380341,0.39585185051,2.57513451576,97312.0422363,35.5999984741,0.776100158691,True
99.80000000000001,0.314,-0.153,0.077,-0.57859235,-0.18632635,12.20927925,2.44000005722,-21.1284484863,-5.34999990463,-7.17861509323,-176.306167603,-14.419549942,0.661193370819,2.46986842155,97316.4245605,35.8400001526,-0.514602661133,True
99.9,0.504,-0.092,0.051,-0.75511205,-0.0392266,11.1991943,4.46999979019,-21.1284484863,-5.94999980927,-7.17861509323,-176.306167603,-14.3949689865,0.97240883112,2.36488008499,97318.3105469,36.0499992371,4.50792312622,True
100.0,0.536,-0.107,0.049,-0.784532,-0.3138128,11.3953273,4.46999979019,-21.1284484863,-5.96000003815,-7.17861509323,-176.306167603,-14.3587150574,1.28821825981,2.24258446693,97318.5302734,36.0499992371,4.50792312622,True
100.10000000000001,0.536,-0.107,0.049,-0.784532,-0.3138128,11.3953273,6.11999988556,-21.1284484863,-6.21999979019,-7.17861509323,-176.306167603,-14.2643299103,1.63405966759,2.04051351547,97318.5302734,36.2599983215,15.6167030334,True
100.2,0.544,-0.041,0.097,-0.8237586,0.16671305,10.18910935,8.64999961853,-10.1957588196,-7.31999969482,-5.14101648331,-178.792602539,-14.1717920303,1.84118080139,1.93644118309,97326.1901855,36.6300010681,31.6773414612,True
100.30000000000001,0.635,0.009,0.077,-0.85317855,0.0980665,10.03220295,9.46999931335,-10.1957588196,-7.44000005722,-5.14101648331,-178.792602539,-14.0609865189,1.93670260906,1.88063144684,97331.1462402,36.7999992371,33.8743209839,True
100.4,0.814,0.023,0.059,-0.9022118,0.1176798,8.6494653,9.46999931335,-10.1957588196,-7.44000005722,-5.14101648331,-178.792602539,-14.0206699371,1.95478284359,1.91653490067,97333.0078125,36.7999992371,33.8743209839,True
100.5,0.812,0.013,0.036,-0.9022118,0.1372931,8.05125965,9.89999961853,5.25521802902,-8.63999938965,-5.06858253479,179.444381714,-13.8954820633,1.93964803219,2.03255772591,97330.0048828,37.1599998474,93.0721282959,True
100.60000000000001,0.523,0.006,0.032,-0.93163175,0.48052585,7.5315072,9.71000003815,5.25521802902,-9.73999977112,-5.06858253479,179.444381714,-13.7613449097,1.85740971565,2.24232339859,97335.5834961,37.1599998474,93.0721282959,True
100.7,0.186,0.005,0.021,-0.9414384,0.2745862,8.38468575,9.26999950409,5.25521802902,-10.4299993515,-5.06858253479,179.444381714,-13.6651964188,1.76033043861,2.37590122223,97336.9567871,37.5900001526,166.204360962,True
100.80000000000001,0.01,0.03,-0.014,-0.85317855,0.3726527,8.67888525,8.73999977112,5.25521802902,-10.8800001144,-5.06858253479,179.444381714,-13.5228948593,1.55074095726,2.58222675323,97339.7155762,37.8299980164,182.309906006,True
100.9,-0.001,0.079,-0.056,-0.83356525,0.4511059,7.6099604,8.73999977112,10.1463375092,-10.8800001144,-5.43584537506,178.839645386,-13.4583644867,1.47167313099,2.68686056137,97342.7185059,37.8299980164,182.309906006,True
101.0,0.025,0.082,-0.107,-0.79433865,0.38245935,7.8060934,8.18999958038,10.1463375092,-11.6499996185,-5.43584537506,178.839645386,-13.3683862686,1.3227596283,2.9205288887,97345.0317383,38.0900001526,182.113647461,True
101.10000000000001,-0.058,0.082,-0.128,-0.83356525,0.0588399,7.5903471,7.0,10.1463375092,-11.9899997711,-5.43584537506,178.839645386,-13.2798452377,1.14999997616,3.18344211578,97345.0317383,38.6599998474,218.297393799,True
101.2,-0.133,0.094,-0.108,-0.79433865,0.3138128,7.7080269,7.0,10.1463375092,-11.9899997711,-5.43584537506,178.839645386,-13.2605581284,1.09877038002,3.26838135719,97347.1130371,38.6599998474,218.297393799,True
101.30000000000001,-0.074,0.118,-0.144,-0.83356525,0.08825985,7.649187,5.88999986649,9.47477531433,-12.6499996185,-7.59428405762,-179.636734009,-13.1603460312,0.903395116329,3.71564626694,97348.9990234,39.3199996948,239.000701904,True
101.4,-0.09,0.138,-0.147,-0.75511205,0.26477955,7.61976705,5.2999997139,9.47477531433,-12.8499994278,-7.59428405762,-179.636734009,-13.1419057846,0.804070234299,3.860932827,97350.793457,39.6899986267,232.895477295,True
101.5,-0.093,0.108,-0.128,-0.79433865,0.1176798,7.9826131,5.28999996185,9.47477531433,-12.8499994278,-7.59428405762,-179.636734009,-13.1230859756,0.708650052547,4.00991106033,97357.9772949,39.6899986267,232.895477295,True
101.60000000000001,-0.082,0.104,-0.126,-0.8041453,-0.0196133,7.9826131,4.67000007629,9.47477531433,-12.4699993134,-7.59428405762,-179.636734009,-13.1182956696,0.638861119747,4.12330913544,97363.1286621,40.0799980164,227.061462402,True
101.7,-0.013,0.084,-0.105,-0.8237586,-0.02941995,7.9826131,4.0499997139,9.47477531433,-11.7399997711,-7.59428405762,-179.636734009,-13.1099233627,0.46067070961,4.40303945541,97365.9912109,40.4799995422,223.827270508,True
101.80000000000001,0.053,0.063,-0.082,-0.7649187,-0.02941995,8.52197885,3.32999992371,7.04327821732,-11.4699993134,-11.4385242462,-176.479370117,-13.1491603851,0.290844261646,4.52389097214,97372.8637695,40.8999977112,223.385238647,True
101.9,0.072,0.003,-0.037,-0.8629852,0.0196133,10.1008495,2.51999998093,7.04327821732,-10.7199993134,-11.4385242462,-176.479370117,-13.1618833542,0.231580585241,4.54793596268,97375.3051758,41.3400001526,213.929931641,True
102.0,-0.124,0.001,-0.018,-0.85317855,0.18632635,9.1397978,1.66999995708,7.04327821732,-10.2100000381,-11.4385242462,-176.479370117,-13.2430200577,0.0390910990536,4.57058572769,97380.6518555,41.7799987793,187.653640747,True
102.10000000000001,-0.082,-3.18408167778e-18,-0.026,-0.9218251,0.20593965,8.7867584,0.909999966621,7.04327821732,-9.26000022888,-11.4385242462,-176.479370117,-13.2756891251,-0.0795270204544,4.65709400177,97386.2609863,42.2299995422,166.160293579,True
102.2,0.009,-0.061,-0.053,-0.8825985,0.04903325,9.81645665,0.159999996424,6.67722606659,-8.85999965668,-12.1147680283,-175.502975464,-13.3431863785,-0.199742615223,4.65816402435,97395.6237793,42.6899986267,150.02432251,True
102.30000000000001,-0.041,-0.096,-0.059,-0.73549875,0.0784532,10.6304086,-1.39999997616,6.67722606659,-7.53999996185,-12.1147680283,-175.502975464,-13.4332895279,-0.351720660925,4.58416891098,97398.7609863,43.5900001526,118.321228027,True
102.4,-0.061,-0.066,-0.053,-0.69627215,0.2745862,9.9243298,-1.39999997616,6.67722606659,-7.53999996185,-12.1147680283,-175.502975464,-13.4820156097,-0.414449006319,4.55311393738,97404.4128418,43.5900001526,118.321228027,True
102.5,-0.206,-0.112,-0.073,-0.59820565,0.0196133,11.9248864,-2.9399998188,6.67722606659,-5.94000005722,-12.1147680283,-175.502975464,-13.6067142487,-0.549641549587,4.36155462265,97413.659668,44.4799995422,104.470062256,True
102.60000000000001,-0.224,-0.097,-0.069,-0.6864655,0.04903325,11.8072066,-3.57999992371,3.35797858238,-5.67000007629,-10.2217121124,-173.42791748,-13.7371740341,-0.650958538055,4.12633371353,97413.659668,44.8999977112,80.7885131836,True
102.7,-0.189,-0.064,-0.077,-0.8629852,0.1372931,10.8853815,-4.02999973297,3.35797858238,-5.10999965668,-10.2217121124,-173.42791748,-13.7952528,-0.687510192394,4.02770090103,97416.7236328,45.2999992371,65.128036499,True
102.80000000000001,-0.107,-0.097,-0.097,-0.79433865,-0.1176798,11.2188076,-4.46999979019,3.35797858238,-5.01999998093,-10.2217121124,-173.42791748,-13.8393554688,-0.709818005562,3.95583724976,97419.317627,45.6899986267,53.5272598267,True
102.9,-0.02,-0.095,-0.082,-0.8237586,-0.1569064,10.97364135,-4.88000011444,3.35797858238,-4.52999973297,-10.2217121124,-173.42791748,-13.9284944534,-0.754000425339,3.78481960297,97427.7526855,46.0599975586,41.8378829956,True
103.0,-0.071,-0.072,-0.062,-0.8041453,-0.00980665,10.4735022,-5.23999977112,0.64035731554,-3.94999980927,-8.83581542969,-171.44934082,-13.9825277328,-0.7838113904,3.68239808083,97432.0373535,46.4300003052,41.6444778442,True
103.10000000000001,-0.04,-0.08,-0.04,-0.89240515,-0.18632635,10.5127288,-5.23999977112,0.64035731554,-3.94999980927,-8.83581542969,-171.44934082,-14.0020465851,-0.79696136713,3.63862204552,97436.5661621,46.4300003052,41.6444778442,True
103.2,-0.051,-0.079,-0.003,-0.9022118,-0.1569064,10.5715687,-5.56999969482,0.64035731554,-4.0,-8.83581542969,-171.44934082,-14.0434846878,-0.819752633572,3.53665018082,97436.5661621,46.7700004578,42.3981666565,True
103.30000000000001,-0.083,-0.081,0.02,-0.784532,-0.08825985,10.38524235,-5.90000009537,0.64035731554,-3.72000002861,-8.83581542969,-171.44934082,-14.0620765686,-0.830211818218,3.46668171883,97440.9729004,47.1199989319,46.1213111877,True
103.4,-0.089,-0.077,0.049,-0.8825985,-0.20593965,10.54214875,-6.42999982834,-0.711016774178,-3.67999982834,-7.25008773804,-171.119247437,-14.0893249512,-0.840546071529,3.31963157654,97445.8190918,47.7899971008,42.0365333557,True
103.5,-0.028,-0.104,0.064,-0.7453054,-0.16671305,10.97364135,-6.44000005722,-0.711016774178,-3.67999982834,-7.25008773804,-171.119247437,-14.0956764221,-0.838416099548,3.26673984528,97452.8747559,47.7899971008,42.0365333557,True
103.60000000000001,0.087,-0.123,0.086,-0.81395195,-0.28439285,12.0229529,-6.86999988556,-0.711016774178,-3.75999999046,-7.25008773804,-171.119247437,-14.120098114,-0.837032318115,2.97197771072,97453.5461426,48.4199981689,14.1374588013,True
103.7,0.096,-0.099,0.096,-0.75511205,-0.12748645,12.20927925,-7.07999992371,-0.711016774178,-3.52999997139,-7.25008773804,-171.119247437,-14.12129879,-0.837542235851,2.8850710392,97456.5856934,48.7000007629,-1.20086669922,True
103.80000000000001,-0.012,-0.126,0.125,-0.8041453,-0.1569064,12.17005265,-7.07999992371,-0.711016774178,-3.52999997139,-7.25008773804,-171.119247437,-14.1255693436,-0.833381354809,2.64194321632,97462.890625,48.7000007629,-1.20086669922,True
103.9,-0.051,-0.115,0.113,-0.77472535,0.12748645,11.54242705,-7.3799996376,-0.144166454673,-3.8599998951,-4.88144683838,-173.256347656,-14.0939340591,-0.809405624866,2.29010009766,97466.2841797,49.1899986267,-19.5137023926,True
104.0,-0.159,-0.115,0.103,-0.9022118,-0.0196133,11.93469305,-7.38999986649,-0.144166454673,-3.57999992371,-4.88144683838,-173.256347656,-14.0581760406,-0.76656973362,2.10555887222,97469.6533203,49.3999977112,-29.7960281372,True
104.10000000000001,-0.228,-0.078,0.09,-0.8629852,0.1765197,10.9049948,-7.38999986649,-0.144166454673,-3.57999992371,-4.88144683838,-173.256347656,-14.0298728943,-0.727095603943,2.0096309185,97468.7866211,49.3999977112,-29.7960281372,True
104.2,-0.322,-0.09,0.072,-0.81395195,0.16671305,11.54242705,-7.25999975204,-0.144166454673,-3.80999994278,-4.88144683838,-173.256347656,-13.9854516983,-0.609128296375,1.80559885502,97472.2106934,49.5900001526,-32.0087432861,True
104.30000000000001,-0.291,-0.08,0.057,-0.87279185,-0.00980665,11.03248125,-6.38999986649,-5.46636772156,-3.97000002861,-2.90113520622,-175.653442383,-13.9135503769,-0.452525049448,1.67437934875,97472.2106934,49.9399986267,-32.7604293823,True
104.4,-0.142,-0.028,0.033,-0.89240515,0.12748645,9.97336305,-6.38999986649,-5.46636772156,-3.97000002861,-2.90113520622,-175.653442383,-13.8887386322,-0.400770306587,1.65512549877,97476.3000488,49.9399986267,-32.7604293823,True
104.5,-0.044,-0.028,0.02,-0.784532,-0.06864655,9.89490985,-5.80999994278,-5.46636772156,-4.01999998093,-2.90113520622,-175.653442383,-13.8001718521,-0.200540408492,1.57764399052,97478.0456543,50.0999984741,-18.2735443115,True
104.60000000000001,0.08,-0.056,0.046,-0.7060788,-0.28439285,10.58137535,1.74000000954,-5.46636772156,-4.71999979019,-2.90113520622,-175.653442383,-13.7644300461,-0.122328661382,1.5324293375,97477.2094727,50.3999977112,-2.01930999756,True
104.7,0.199,0.018,0.084,-0.9610517,-0.1569064,9.63993695,1.74000000954,-5.46636772156,-4.71999979019,-2.90113520622,-175.653442383,-13.6780996323,0.0224620699883,1.45456767082,97482.5073242,50.3999977112,-2.01930999756,True
104.80000000000001,0.139,0.001,0.122,-0.980665,-0.2941995,8.79656505,2.46000003815,-6.18647384644,-4.80999994278,-2.44432282448,-176.695098877,-13.6138210297,0.105170421302,1.52301502228,97483.1542969,50.5499992371,17.8509712219,True
104.9,0.212,0.023,0.146,-0.83356525,0.06864655,8.60043205,11.7199993134,-6.18647384644,-5.94000005722,-2.44432282448,-176.695098877,-13.4751024246,0.236483201385,1.63972556591,97483.026123,50.8600006104,68.8300170898,True
105.0,0.283,-0.007,0.148,-0.87279185,-0.0392266,9.2967042,11.7199993134,-6.18647384644,-5.94000005722,-2.44432282448,-176.695098877,-13.4460268021,0.268944233656,1.66528785229,97486.7797852,50.8600006104,68.8300170898,True
105.10000000000001,0.236,0.005,0.135,-1.0198916,-0.00980665,9.0417313,19.7299995422,-2.72336983681,-6.98000001907,-3.07954072952,-178.925674438,-13.3573484421,0.338974624872,1.73760604858,97484.4665527,51.0200004578,71.8153991699,True
105.2,0.409,0.037,0.103,-0.91201845,0.22555295,8.8455983,20.2899990082,-2.72336983681,-6.98999977112,-3.07954072952,-178.925674438,-13.2255783081,0.389301031828,1.85112130642,97488.873291,51.3799972534,87.3346328735,True
105.30000000000001,0.288,0.052,0.077,-1.01008495,0.48052585,8.22777935,20.2899990082,-2.72336983681,-6.98999977112,-3.07954072952,-178.925674438,-13.1509895325,0.399046689272,1.94584286213,97491.9067383,51.3799972534,87.3346328735,True
105.4,0.198,0.017,0.041,-0.89240515,0.3726527,8.5710121,27.0999984741,3.09866571426,-7.05999994278,-3.73945093155,179.023605347,-13.0933027267,0.395985275507,2.03027749062,97491.9067383,51.5699996948,110.893920898,True
105.5,0.343,0.042,-0.011,-0.89240515,0.46091255,8.03164635,31.7299995422,3.09866571426,-9.30000019073,-3.73945093155,179.023605347,-13.0325622559,0.373259395361,2.11349463463,97493.8476562,51.9899978638,143.165496826,True
105.60000000000001,0.736,0.031,-0.095,-0.81395195,0.30400615,8.95347145,31.7199993134,3.09866571426,-9.27999973297,-3.73945093155,179.023605347,-12.9530916214,0.266665428877,2.25456190109,97496.2768555,51.9899978638,143.165496826,True
105.7,0.64,0.043,-0.091,-0.77472535,0.3726527,8.8848249,31.8899993896,12.2675943375,-8.65999984741,-4.5632891655,179.723526001,-12.9185581207,0.18693459034,2.31788063049,97496.2768555,52.4499969482,171.456619263,True
105.80000000000001,0.436,0.042,-0.109,-0.71588545,0.40207265,8.6886919,35.3499984741,12.2675943375,-9.05999946594,-4.5632891655,179.723526001,-12.8777074814,0.0173077136278,2.4288187027,97502.0935059,52.6999969482,182.859893799,True
105.9,0.365,0.068,-0.127,-0.8237586,0.392266,8.36507245,35.2099990845,12.2675943375,-9.0999994278,-4.5632891655,179.723526001,-12.8186168671,-0.319048851728,2.6652443409,97502.0935059,52.9499969482,199.334136963,True
106.0,0.347,0.069,-0.161,-0.79433865,0.51975245,7.61976705,37.4300003052,12.2675943375,-9.38999938965,-4.5632891655,179.723526001,-12.7881422043,-0.546491742134,2.87544155121,97507.0007324,53.219997406,209.432800293,True
106.10000000000001,0.349,0.049,-0.192,-0.71588545,0.6080123,7.63938035,37.3099975586,12.2675943375,-9.19999980927,-4.5632891655,179.723526001,-12.7614164352,-0.807248294353,3.07980632782,97506.1462402,53.5200004578,216.675857544,True
106.2,0.395,0.026,-0.235,-0.77472535,0.71588545,7.9041599,37.2599983215,22.9340648651,-9.17000007629,-7.55491924286,-176.656158447,-12.7383298874,-1.07999873161,3.29743790627,97507.4035645,53.5200004578,216.675857544,True
106.30000000000001,0.201,0.03,-0.271,-0.7649187,0.8433719,7.2176944,37.0299987793,22.9340648651,-8.67000007629,-7.55491924286,-176.656158447,-12.7122545242,-1.29628837109,3.50707960129,97516.1376953,53.8299980164,213.320159912,True
106.4,0.09,0.007,-0.322,-0.8825985,0.55897905,7.1588545,38.9099998474,22.9340648651,-8.59000015259,-7.55491924286,-176.656158447,-12.683763504,-1.57295393944,3.78123736382,97514.9597168,54.1699981689,224.235153198,True
106.5,0.171,-0.06,-0.362,-0.8433719,0.3530394,8.16893945,38.7000007629,22.9340648651,-8.11999988556,-7.55491924286,-176.656158447,-12.651550293,-1.99191689491,4.0254483223,97519.909668,54.5399971008,227.946472168,True
106.60000000000001,0.264,-0.102,-0.372,-0.784532,0.2941995,9.36535075,40.0999984741,26.7474136353,-7.58999967575,-10.5311326981,-169.858901978,-12.6288614273,-2.39272165298,4.17196035385,97524.2736816,55.3400001526,190.579406738,True
106.7,0.338,-0.154,-0.356,-0.6668522,0.16671305,9.95374975,40.0599975586,26.7474136353,-7.56999969482,-10.5311326981,-169.858901978,-12.5990514755,-2.85501194,4.27179765701,97531.237793,55.7700004578,163.809020996,True
106.80000000000001,0.4,-0.19,-0.343,-0.65704555,0.20593965,10.40485565,39.6699981689,26.7474136353,-5.67000007629,-10.5311326981,-169.858901978,-12.5635232925,-3.25799918175,4.33112192154,97535.0463867,55.7700004578,163.809020996,True
106.9,0.25,-0.241,-0.314,-0.63743225,0.1176798,11.0619012,40.5799980164,26.7474136353,-3.70999979973,-10.5311326981,-169.858901978,-12.4810056686,-3.92630672455,4.3997130394,97543.7927246,56.6299972534,125.422576904,True
107.0,0.34,-0.289,-0.299,-0.61781895,0.0784532,11.40513395,40.6199989319,26.7474136353,-3.6899998188,-10.5311326981,-169.858901978,-12.3800268173,-4.53572559357,4.42850208282,97543.7927246,57.0799980164,112.104324341,True
107.10000000000001,0.331,-0.302,-0.292,-0.6080123,0.1765197,11.20900095,41.2999992371,34.0749740601,-1.94999992847,-10.7602272034,-158.351531982,-12.2353715897,-5.21613454819,4.40082931519,97546.5209961,57.5200004578,80.6078948975,True
107.2,0.324,-0.351,-0.27,-0.42168595,0.26477955,12.77806495,41.3600006104,34.0749740601,-1.91999995708,-10.7602272034,-158.351531982,-12.0909156799,-5.79599952698,4.34209346771,97554.1687012,57.5200004578,80.6078948975,True
107.30000000000001,0.203,-0.372,-0.259,-0.2745862,0.44129925,12.67999845,41.4599990845,34.0749740601,0.0599999986589,-10.7602272034,-158.351531982,-11.9111232758,-6.38027143478,4.29786157608,97565.4602051,58.3899993896,26.2351036072,True
107.4,0.222,-0.4,-0.266,-0.20593965,0.3138128,13.79795655,40.7399978638,34.0749740601,1.13999998569,-10.7602272034,-158.351531982,-11.4672460556,-7.63144111633,4.10903406143,97565.4602051,58.8099975586,-0.516510009766,True
107.5,0.161,-0.376,-0.304,-0.1372931,0.6472389,13.5724036,40.7799987793,34.0749740601,1.14999997616,-10.7602272034,-158.351531982,-11.2658033371,-8.10824298859,4.02987861633,97572.0458984,58.8099975586,-0.516510009766,True
107.60000000000001,0.178,-0.398,-0.34,-0.2157463,0.3530394,13.46453045,40.3999977112,39.2335929871,2.59999990463,-7.93557500839,-146.53175354,-10.7435293198,-9.13614463806,3.92512893677,97572.0458984,59.5999984741,-35.4528427124,True
107.7,0.295,-0.354,-0.377,-0.46091255,0.57859235,12.1406327,40.7999992371,39.2335929871,3.64999985695,-7.93557500839,-146.53175354,-10.4143781662,-9.67627429962,3.91847896576,97578.918457,59.9799995422,-34.3149185181,True
107.80000000000001,0.194,-0.43,-0.404,-0.48052585,0.6276256,12.71922505,40.8099975586,39.2335929871,3.66999983788,-7.93557500839,-146.53175354,-10.0510396957,-10.2038183212,3.90711021423,97579.7546387,59.9799995422,-34.3149185181,True
107.9,0.103,-0.448,-0.42,-0.392266,0.6668522,13.1016844,38.719997406,39.2335929871,4.09999990463,-7.93557500839,-146.53175354,-9.43846416473,-10.9977359772,3.85909581184,97585.0341797,60.7399978638,-48.1906890869,True
108.0,0.049,-0.462,-0.464,-0.3726527,0.5099458,12.9643913,39.5599975586,41.8698997498,4.44999980927,-7.15404367447,-133.62286377,-9.22071933746,-11.251373291,3.83880853653,97590.0695801,61.1199989319,-60.6521606445,True
108.10000000000001,0.026,-0.455,-0.487,-0.1372931,0.44129925,14.26867575,39.5599975586,41.8698997498,4.44000005722,-7.15404367447,-133.62286377,-8.63303470612,-11.8852701187,3.78196811676,97598.9257812,61.4899978638,-71.6548919678,True
108.2,0.004,-0.445,-0.48,-0.12748645,0.46091255,13.69989005,36.2299995422,41.8698997498,5.58999967575,-7.15404367447,-133.62286377,-7.55245780945,-12.8727827072,3.61007094383,97598.9257812,61.8499984741,-75.9532928467,True
108.30000000000001,0.025,-0.462,-0.481,-0.2745862,0.196133,14.121576,36.2399978638,41.8698997498,5.57999992371,-7.15404367447,-133.62286377,-7.25782299042,-13.1044635773,3.56366252899,97602.1484375,61.8499984741,-75.9532928467,True
108.4,0.018,-0.489,-0.429,-0.196133,1.7233894434699998e-15,14.07254275,35.7000007629,40.6939888,6.82999992371,-6.73049926758,-117.514335632,-6.53118467331,-13.6215209961,3.48957443237,97606.6772461,62.5399971008,-101.833152771,True
108.5,-0.08,-0.465,-0.38,-0.28439285,0.0196133,13.8273765,36.2900009155,40.6939888,5.51999998093,-6.73049926758,-117.514335632,-5.29089069366,-14.3412380219,3.34331679344,97607.1838379,62.8699989319,-102.98614502,True
108.60000000000001,-0.077,-0.498,-0.338,-0.0588399,0.06864655,14.9453346,34.6899986267,40.6939888,6.52999973297,-6.73049926758,-117.514335632,-4.47286701202,-14.7406787872,3.17344474792,97612.5183105,63.1899986267,-116.392326355,True
108.7,-0.108,-0.472,-0.318,-0.02941995,0.20593965,14.93552795,34.3199996948,38.3829917908,7.31999969482,-4.37457609177,-105.470611572,-3.96831297874,-14.9580879211,3.04852890968,97615.8935547,63.4899978638,-121.607780457,True
108.80000000000001,-0.104,-0.438,-0.321,0.0980665,0.4118793,14.5530686,34.3299980164,38.3829917908,7.30999994278,-4.37457609177,-105.470611572,-3.12879276276,-15.263964653,2.83142924309,97619.9401855,63.4899978638,-121.607780457,True
108.9,-0.2,-0.422,-0.317,0.0196133,0.3138128,14.8864947,30.0699996948,38.3829917908,7.75,-4.37457609177,-105.470611572,-1.93799698353,-15.5966968536,2.47105789185,97623.5900879,64.0199966431,-144.52456665,True
109.0,-0.271,-0.44,-0.302,0.14709975,0.32361945,15.3179873,31.4299983978,38.3829917908,6.26999998093,-4.37457609177,-105.470611572,-1.11085557938,-15.7674436569,2.16239333153,97626.2939453,64.25,-151.690856934,True
109.10000000000001,-0.166,-0.403,-0.34,0.0588399,0.30400615,14.93552795,29.4499988556,38.3829917908,6.83999967575,-4.37457609177,-105.470611572,-0.343150168657,-15.8669815063,1.89880919456,97631.1401367,64.4300003052,-145.752334595,True
109.2,-0.107,-0.364,-0.364,0.00980665,0.12748645,14.5530686,26.9099998474,33.7794342041,6.65999984741,-1.06549036503,-93.3154983521,0.427377700806,-15.9076080322,1.63168931007,97631.3964844,64.6100006104,-151.683624268,True
109.30000000000001,-0.055,-0.339,-0.365,-0.10787315,0.1372931,14.3373223,26.9099998474,33.7794342041,6.65999984741,-1.06549036503,-93.3154983521,0.723056793213,-15.9086341858,1.53822100163,97631.854248,64.6100006104,-151.683624268,True
109.4,-0.057,-0.316,-0.34,-0.0588399,0.3530394,12.99381125,23.9200000763,33.7794342041,6.5,-1.06549036503,-93.3154983521,1.57285702229,-15.8672599792,1.28259348869,97633.6120605,64.7399978638,-141.574279785,True
109.5,-0.023,-0.305,-0.343,-0.08825985,0.2745862,13.11149105,17.4300003052,33.7794342041,5.75999975204,-1.06549036503,-93.3154983521,2.49715805054,-15.7447605133,1.06919896603,97634.8571777,64.9599990845,-127.296638489,True
109.60000000000001,-0.015,-0.342,-0.338,-0.0196133,0.1372931,12.9251647,17.4300003052,32.6176986694,5.75999975204,0.63027971983,-82.5474243164,3.02780771255,-15.6451425552,0.963050961494,97634.9182129,64.9599990845,-127.296638489,True
109.7,-0.224,-0.324,-0.32,0.0392266,0.16671305,13.28801075,10.0,32.6176986694,4.63999986649,0.63027971983,-82.5474243164,3.81756091118,-15.4581823349,0.742356359959,97637.121582,65.1100006104,-81.2789916992,True
109.80000000000001,-0.318,-0.321,-0.312,0.1176798,-0.0392266,13.8666031,6.0499997139,32.6176986694,4.11999988556,0.63027971983,-82.5474243164,3.94254088402,-15.426779747,0.704571306705,97636.0839844,65.1100006104,-81.2789916992,True
109.9,-0.286,-0.214,-0.305,-0.0392266,0.1765197,12.4348322,6.0499997139,32.6176986694,4.08999967575,0.63027971983,-82.5474243164,4.84509277344,-15.1136856079,0.442771703005,97638.1958008,65.1599960327,-81.6823959351,True
110.0,-0.341,-0.18,-0.313,0.06864655,0.14709975,11.6699135,2.41999983788,32.6176986694,3.56999993324,0.63027971983,-82.5474243164,5.33840322495,-14.8965263367,0.314807087183,97638.3972168,65.2099990845,-40.1147842407,True
110.10000000000001,-0.31,-0.166,-0.313,-0.1176798,-0.06864655,11.6110736,-1.11000001431,32.6176986694,2.56999993324,0.63027971983,-82.5474243164,5.76313304901,-14.6714496613,0.220037788153,97638.3972168,65.2099990845,-40.1147842407,True
110.2,-0.284,-0.115,-0.31,-0.1176798,0.12748645,10.5715687,-7.44999980927,24.5672187805,0.919999957085,2.4656484127,-69.3602828979,6.27167749405,-14.3597898483,0.178777858615,97635.6933594,65.2200012207,-7.51628875732,True
110.30000000000001,-0.138,-0.122,-0.31,-0.08825985,-0.04903325,10.67944185,-10.3199996948,24.5672187805,0.299999982119,2.4656484127,-69.3602828979,6.52928876877,-14.1859998703,0.174863532186,97636.1938477,65.2200012207,10.742855072,True
110.4,-0.348,-0.074,-0.269,-0.1176798,-0.06864655,10.2969825,-13.1099996567,24.5672187805,-0.439999997616,2.4656484127,-69.3602828979,6.84035634995,-13.9696540833,0.168746635318,97637.109375,65.2200012207,30.1672935486,True
110.5,-0.462,-0.046,-0.232,-0.14709975,-0.12748645,10.1793027,-15.5999994278,19.830915451,-1.12999999523,1.9411534071,-63.2965507507,7.09421777725,-13.7655410767,0.212014123797,97637.109375,65.2200012207,55.656337738,True
110.60000000000001,-0.5,-0.024,-0.206,-0.2353596,-0.2745862,9.52225715,-15.5999994278,19.830915451,-1.14999997616,1.9411534071,-63.2965507507,7.22324705124,-13.6495018005,0.256647318602,97634.185791,65.2200012207,55.656337738,True
110.7,-0.602,0.03,-0.147,-0.3530394,-0.0588399,8.24739265,-19.5399990082,19.830915451,-2.65999984741,1.9411534071,-63.2965507507,7.4185090065,-13.4264354706,0.438485980034,97635.2294922,65.25,92.8295135498,True
110.80000000000001,-0.713,-0.008,-0.114,-0.2157463,-0.10787315,9.71839015,-21.0900001526,19.830915451,-3.05999994278,1.9411534071,-63.2965507507,7.512114048,-13.3027200699,0.496167957783,97633.581543,65.2799987793,91.5841064453,True
110.9,-0.598,0.017,-0.102,-0.34323275,-0.24516625,9.4536106,-22.3500003815,6.88373565674,-3.66999983788,0.729451298714,-59.5094451904,7.55162477493,-13.2065620422,0.555374741554,97639.0808105,65.3199996948,81.6510162354,True
111.0,-0.656,0.063,-0.071,-0.50013915,-0.1765197,8.1395195,-23.359998703,6.88373565674,-3.95999979973,0.729451298714,-59.5094451904,7.54203510284,-13.1364974976,0.675841748714,97639.0808105,65.3699951172,86.0140838623,True
111.10000000000001,-0.663,0.05,-0.045,-0.34323275,-0.3138128,8.63965865,-23.359998703,6.88373565674,-3.95999979973,0.729451298714,-59.5094451904,7.5266327858,-13.1209478378,0.734985768795,97637.2802734,65.3699951172,86.0140838623,True
111.2,-0.467,0.066,-0.019,-0.18632635,-0.1765197,8.6102387,-24.7799987793,-5.36711740494,-4.27999973297,-0.578380823135,-58.2909317017,7.42252111435,-13.1281528473,0.87081438303,97637.6647949,65.5100021362,115.739730835,True
111.30000000000001,-0.33,0.109,-0.003,-0.3726527,-0.4903325,7.5118939,-25.3099994659,-5.36711740494,-4.61000013351,-0.578380823135,-58.2909317017,7.32684183121,-13.1242055893,1.16916322708,97639.1479492,65.5999984741,144.84815979,True
111.4,-0.246,0.082,0.087,-0.3334261,-0.3138128,8.99269805,-25.7999992371,-5.36711740494,-5.30999994278,-0.578380823135,-58.2909317017,7.25176000595,-13.1378545761,1.32713294029,97641.2658691,65.7099990845,160.448074341,True
111.5,-0.271,0.069,0.124,-0.24516625,-0.40207265,8.99269805,-26.1299991608,-5.36711740494,-5.23999977112,-0.578380823135,-58.2909317017,7.15506982803,-13.1850967407,1.38659965992,97641.2658691,65.8399963379,147.75982666,True
111.60000000000001,-0.423,0.035,0.163,-0.38245935,-0.4511059,8.71811185,-26.3499984741,-5.36711740494,-5.15999984741,-0.578380823135,-58.2909317017,6.97924089432,-13.2686004639,1.53349375725,97642.0776367,65.9799957275,162.051391602,True
111.7,-0.527,0.034,0.217,-0.3138128,-0.4118793,8.629852,-26.3400001526,-13.9311580658,-5.13999986649,-3.45259237289,-59.9680290222,6.87244415283,-13.3265981674,1.60903656483,97647.4121094,65.9799957275,162.051391602,True
111.80000000000001,-0.425,-0.011,0.24,-0.3334261,-0.36284605,8.8652116,-26.1899986267,-13.9311580658,-5.19999980927,-3.45259237289,-59.9680290222,6.56831598282,-13.4887418747,1.82161343098,97643.8781738,66.2999954224,162.403106689,True
111.9,-0.248,-0.007,0.231,-0.38245935,-0.24516625,8.11009955,-25.8199996948,-13.9311580658,-5.51999998093,-3.45259237289,-59.9680290222,6.2612285614,-13.6360616684,2.03644442558,97648.1994629,66.4899978638,165.355499268,True
112.0,-0.223,-0.032,0.226,-0.40207265,-0.4118793,8.8848249,-25.7999992371,-13.9311580658,-5.50999975204,-3.45259237289,-59.9680290222,6.10848999023,-13.7163295746,2.12932801247,97649.6276855,66.6999969482,166.881851196,True
112.10000000000001,0.163,-0.057,0.207,-0.10787315,-0.3530394,10.30678915,-24.7899990082,-20.8103065491,-4.75,-5.22103309631,-64.9150390625,5.73976755142,-13.9385280609,2.14845085144,97651.1535645,66.9099960327,142.781158447,True
112.2,0.004,-0.045,0.24,-0.14709975,-0.14709975,9.42419065,-24.1199989319,-20.8103065491,-4.34999990463,-5.22103309631,-64.9150390625,5.43405866623,-14.1226577759,2.13308668137,97654.9377441,67.1199951172,127.724266052,True
112.30000000000001,-0.056,-0.031,0.246,-0.392266,-0.18632635,8.5906254,-24.1199989319,-20.8103065491,-4.33999967575,-5.22103309631,-64.9150390625,5.32011461258,-14.1744737625,2.18290019035,97657.4768066,67.1199951172,127.724266052,True
