t,p,q,r,ax,ay,az,roll_k,roll,pitch_k,pitch,yaw,vn,ve,vd,basinc,alt_hata,hiz_hata,ariza
0.1,0.396,-0.024,-0.049,-0.5295591,0.48052585,9.8262633,31.1799983978,10.4155769348,-1.7199999094,-2.8486354351,-73.8359603882,3.75558590889,-16.6426773071,0.505438923836,97467.8344727,0.199999988079,-397.025878906,False
0.2,0.351,-0.04,-0.074,-0.5295591,0.59820565,10.01258965,33.0499992371,19.6357822418,-1.5,-3.02351427078,-72.8376464844,4.09192180634,-16.5217895508,0.536676704884,97472.5708008,0.25,-395.18737793,False
0.30000000000000004,0.344,-0.027,-0.104,-0.4903325,0.79433865,9.16921775,36.5400009155,19.6357822418,-1.06999993324,-3.02351427078,-72.8376464844,4.37320041656,-16.410402298,0.689123749733,97472.9492188,0.359999984503,-387.726196289,False
0.4,0.348,-0.026,-0.16,-0.4707192,0.71588545,9.34573745,36.5299987793,19.6357822418,-1.03999996185,-3.02351427078,-72.8376464844,4.59658193588,-16.3276672363,0.776152193546,97473.840332,0.359999984503,-387.726196289,False
0.5,0.328,-0.08,-0.179,-0.4314926,0.8041453,10.0223963,-42.4199981689,26.1358013153,-4.46000003815,-3.43002676964,-70.3426437378,4.98878908157,-16.1786270142,0.85117906332,97474.1760254,0.509999990463,-276.403625488,False
0.6000000000000001,-0.715,-0.089,-0.112,-0.4511059,0.57859235,10.6500219,-42.4300003052,26.1358013153,-4.52999973297,-3.43002676964,-70.3426437378,5.25351428986,-16.0701637268,0.852983355522,97476.0498047,0.509999990463,-276.403625488,False
0.7000000000000001,-1.47,-0.104,-0.07,-0.4314926,0.7256921,11.38552065,-43.3400001526,26.1358013153,-6.34999990463,-3.43002676964,-70.3426437378,5.47981977463,-15.9715385437,0.770247101784,97479.6081543,0.599999964237,-276.403625488,False
0.8,-1.463,-0.034,-0.083,-0.4511059,0.63743225,11.58165365,-43.969997406,26.1358013153,-8.15999984741,-3.43002676964,-70.3426437378,5.57248258591,-15.9185800552,0.620774209499,97474.5361328,0.680000007153,-271.120452881,False
0.9,-1.362,0.073,-0.076,-0.51975245,0.71588545,10.79712165,-44.25,-1.24835085869,-11.7199993134,-3.17038202286,-67.4036560059,5.49208641052,-15.9180774689,0.525141537189,97478.8330078,0.789999961853,-264.043609619,False
1.0,-1.107,0.124,-0.056,-0.7060788,0.2549729,9.1986377,-44.2299995422,-1.24835085869,-11.7100000381,-3.17038202286,-67.4036560059,5.4366402626,-15.9309434891,0.547735869884,97480.6213379,0.789999961853,-264.043609619,False
1.1,-0.911,0.068,0.008,-0.8041453,0.06864655,8.58081875,-43.6299972534,-1.24835085869,-14.7999992371,-3.17038202286,-67.4036560059,5.11116552353,-16.0231437683,0.775309085846,97474.029541,0.889999985695,-270.602416992,False
1.2000000000000002,-0.729,0.023,0.04,-0.85317855,0.02941995,9.022118,-43.6100006104,-1.24835085869,-14.7699995041,-3.17038202286,-67.4036560059,4.9441075325,-16.0718250275,0.849377214909,97473.1994629,0.889999985695,-270.602416992,False
1.3,-0.55,0.055,0.085,-0.9218251,1.02682785656e-15,8.38468575,-42.4399986267,-18.9504852295,-17.5100002289,-4.98332691193,-66.8926391602,4.69022130966,-16.1484489441,0.976635992527,97468.4143066,1.04999995232,-259.201416016,False
1.4000000000000001,-0.503,0.107,0.137,-1.0591182,-0.0980665,7.1980811,-42.4300003052,-18.9504852295,-17.5,-4.98332691193,-66.8926391602,4.3792681694,-16.2251911163,1.2445230484,97469.0307617,1.04999995232,-259.201416016,False
1.5,-0.461,0.052,0.212,-1.1179581,-0.0980665,6.7665885,-41.0699996948,-18.9504852295,-19.6599998474,-4.98332691193,-66.8926391602,4.05936527252,-16.2991504669,1.60029029846,97470.0439453,1.29999995232,-257.398223877,False
1.6,-0.329,0.013,0.26,-1.2160246,-0.0392266,7.2765343,-40.219997406,-27.6178417206,-20.5799999237,-7.80726671219,-69.4099655151,3.4176659584,-16.4523525238,2.268648386,97470.8251953,1.4699999094,-247.552871704,False
1.7000000000000002,-0.275,-0.006,0.256,-1.18660465,0.10787315,7.75706015,-39.2599983215,-27.6178417206,-21.3899993896,-7.80726671219,-69.4099655151,3.09197187424,-16.5344085693,2.53913617134,97470.5078125,1.68999993801,-247.552871704,False
1.8,-0.253,0.02,0.271,-1.3140911,-0.0784532,7.97280645,-39.219997406,-27.6178417206,-21.3799991608,-7.80726671219,-69.4099655151,2.84130430222,-16.5944766998,2.71883320808,97470.5627441,1.68999993801,-247.552871704,False
1.9000000000000001,-0.173,0.127,0.294,-1.34351105,-0.10787315,7.60015375,-37.0400009155,-27.6178417206,-21.2799987793,-7.80726671219,-69.4099655151,2.23996257782,-16.7317790985,3.20177936554,97475.6286621,2.21000003815,-238.312530518,False
2.0,-0.105,0.154,0.326,-1.40235095,-0.08825985,6.73716855,-36.9399986267,-31.6312541962,-21.2299995422,-11.7234249115,-73.8752593994,2.09187626839,-16.7638130188,3.35234665871,97476.6235352,2.21000003815,-238.312530518,False
2.1,-0.066,0.035,0.344,-1.46119085,0.0588399,6.9234949,-34.6899986267,-31.6312541962,-21.1700000763,-11.7234249115,-73.8752593994,1.37294960022,-16.9076747894,4.12795257568,97478.1555176,2.87999987602,-178.509140015,False
2.2,-0.049,0.062,0.338,-1.40235095,0.24516625,7.453054,-34.6100006104,-31.6312541962,-21.1800003052,-11.7234249115,-73.8752593994,1.27781414986,-16.9287414551,4.20686292648,97485.9375,2.87999987602,-178.509140015,False
2.3000000000000003,-0.058,0.031,0.302,-1.50041745,0.2549729,8.30623255,-31.9699993134,-31.6312541962,-21.1399993896,-11.7234249115,-73.8752593994,0.826649785042,-17.0355186462,4.55402183533,97487.701416,3.70999979973,-183.334533691,False
2.4000000000000004,-0.253,0.002,0.242,-1.5494507,0.4118793,7.5707338,-31.9099998474,-32.247592926,-21.0399990082,-17.2931900024,-79.7348175049,0.255608141422,-17.1751556396,4.95632457733,97493.4509277,3.70999979973,-183.334533691,False
2.5,-0.214,-0.028,0.214,-1.6475172,0.2745862,7.95319315,-29.2600002289,-32.247592926,-20.8899993896,-17.2931900024,-79.7348175049,-0.128483712673,-17.2641067505,5.22584724426,97500.012207,4.67999982834,-189.917373657,False
2.6,0.026,-0.101,0.208,-1.7259704,-0.34323275,8.34545915,-27.9300003052,-32.247592926,-20.9499988556,-17.2931900024,-79.7348175049,-0.669760644436,-17.3778572083,5.61682271957,97510.1745605,4.67999982834,-189.917373657,False
2.7,0.139,-0.112,0.255,-1.6082906,0.16671305,8.7475318,-26.5199985504,-32.247592926,-21.3199996948,-17.2931900024,-79.7348175049,-1.05994307995,-17.4687366486,5.83646917343,97514.2089844,5.78999996185,-187.383087158,False
2.8000000000000003,0.109,-0.07,0.278,-1.63771055,0.30400615,9.56148375,-25.0299987793,-30.9978122711,-21.609998703,-18.8627338409,-84.8492431641,-1.83044314384,-17.6647033691,6.15379810333,97514.2089844,6.3799996376,-205.693634033,False
2.9000000000000004,0.202,0.037,0.271,-1.7455837,-0.32361945,7.85512665,-23.6599998474,-30.9978122711,-21.9799995422,-18.8627338409,-84.8492431641,-2.20785999298,-17.7285861969,6.46452331543,97529.3151855,6.98999977112,-205.693634033,False
3.0,0.253,0.03,0.316,-1.9024901,-0.55897905,5.6290171,-23.6000003815,-30.9978122711,-22.1499996185,-18.8627338409,-84.8492431641,-2.31224870682,-17.7303199768,6.63891839981,97527.8747559,6.98999977112,-205.693634033,False
3.1,0.227,-0.105,0.388,-1.85345685,-0.0196133,7.42363405,-21.5599994659,-30.9978122711,-21.8899993896,-18.8627338409,-84.8492431641,-2.58987021446,-17.7413959503,7.08029460907,97538.1408691,8.31999969482,-234.707641602,False
3.2,0.176,-0.138,0.363,-1.81423025,0.6472389,9.36535075,-21.5399990082,-23.8813934326,-21.9099998474,-21.831577301,-91.5807647705,-2.96552991867,-17.8075485229,7.33382081985,97547.6745605,8.31999969482,-234.707641602,False
3.3000000000000003,-0.04,-0.106,0.272,-2.01036325,0.3726527,11.93469305,-18.6399993896,-23.8813934326,-17.2199993134,-21.831577301,-91.5807647705,-3.64693164825,-17.9895896912,7.36182355881,97565.0146484,9.76999950409,-232.736022949,False
3.4000000000000004,0.052,-0.061,0.188,-2.0593965,0.5491724,9.9439431,-16.9899997711,-23.8813934326,-14.9499998093,-21.831577301,-91.5807647705,-4.23499250412,-18.1115531921,7.40137481689,97565.0146484,10.5,-247.417633057,False
3.5,0.116,-0.055,0.129,-2.01036325,0.6864655,10.01258965,-16.9799995422,-20.3934078217,-14.9600000381,-22.2979564667,-97.359664917,-4.41320896149,-18.1451969147,7.42599964142,97578.6560059,10.5,-247.417633057,False
3.6,0.181,-0.106,0.069,-1.93191005,0.28439285,9.95374975,-14.1399993896,-20.3934078217,-10.3400001526,-22.2979564667,-97.359664917,-5.15315818787,-18.3277435303,7.48290681839,97584.5581055,11.9699993134,-280.449493408,False
3.7,0.24,-0.102,0.079,-1.8436502,0.0588399,11.22861425,-12.8400001526,-20.3934078217,-8.0999994278,-22.2979564667,-97.359664917,-5.4643445015,-18.4334640503,7.4365644455,97595.2575684,12.7199993134,-280.449493408,False
3.8000000000000003,0.086,-0.204,0.137,-1.8436502,-0.0588399,11.2384209,-12.8599996567,-16.2728443146,-8.10999965668,-21.3083133698,-99.3705825806,-5.6079211235,-18.4929866791,7.40722703934,97605.0598145,12.7199993134,-280.449493408,False
3.9000000000000004,0.201,-0.349,0.208,-1.65732385,-0.00980665,14.19022255,-11.75,-16.2728443146,-5.90000009537,-21.3083133698,-99.3705825806,-5.98631000519,-18.6278915405,7.28685092926,97622.4365234,13.4499998093,-280.449493408,False
4.0,0.287,-0.397,0.23,-1.44157755,0.0392266,16.30845895,-10.5,-16.2728443146,-3.81999993324,-21.3083133698,-99.3705825806,-6.41411018372,-18.8175678253,6.93973970413,97622.4365234,14.1799993515,-318.100738525,False
4.1000000000000005,0.184,-0.405,0.276,-1.0395049,0.24516625,17.66177665,-7.46000003815,-10.8763275146,-0.489999979734,-15.7625513077,-105.587013245,-7.20431852341,-19.188741684,5.854347229,97635.0036621,15.5199995041,-360.82611084,False
4.2,0.0,-0.419,0.261,-0.97085835,0.55897905,18.5149552,-7.5,-10.8763275146,-0.489999979734,-15.7625513077,-105.587013245,-7.50846624374,-19.3057727814,5.37331438065,97642.0532227,15.5199995041,-360.82611084,False
4.3,-0.071,-0.416,0.206,-1.0002783,0.59820565,17.93636285,-3.6899998188,-10.8763275146,1.90999996662,-15.7625513077,-105.587013245,-8.19753742218,-19.4698009491,4.37384366989,97653.1799316,16.5499992371,-431.902496338,False
4.4,-0.131,-0.35,0.16,-0.81395195,0.6472389,17.07337765,-1.65999996662,-10.4204769135,2.87999987602,-9.93362903595,-110.609855652,-8.66810512543,-19.5113315582,3.65336203575,97662.7807617,16.9599990845,-431.902496338,False
4.5,0.015,-0.322,0.093,-0.8433719,0.40207265,16.83801805,0.589999973774,-10.4204769135,3.69999980927,-9.93362903595,-110.609855652,-9.12551593781,-19.4900665283,3.00483298302,97673.1933594,17.2999992371,-474.488067627,False
4.6000000000000005,0.125,-0.321,0.033,-0.85317855,0.6276256,16.0240661,2.71000003815,-10.4204769135,4.46000003815,-9.93362903595,-110.609855652,-9.36738204956,-19.4536209106,2.65377569199,97670.0744629,17.5799999237,-518.178161621,False
4.7,0.146,-0.226,0.03,-0.8433719,0.2157463,15.36702055,4.65999984741,-9.03215503693,5.08999967575,-5.24445486069,-112.719535828,-9.92255878448,-19.3213005066,1.81070125103,97682.8430176,17.8099994659,-518.178161621,False
4.800000000000001,0.327,-0.254,0.07,-0.77472535,0.1372931,15.22972745,6.23999977112,-9.03215503693,5.63999986649,-5.24445486069,-112.719535828,-10.1346340179,-19.2458553314,1.41538453102,97681.628418,17.9899997711,-533.519775391,False
4.9,0.298,-0.19,0.137,-0.77472535,0.20593965,14.30790235,7.63999986649,-9.03215503693,6.08999967575,-5.24445486069,-112.719535828,-10.3476142883,-19.1404533386,0.979241013527,97691.9433594,18.1299991608,-533.519775391,False
5.0,0.281,-0.148,0.147,-0.71588545,0.44129925,15.0434011,7.64999961853,-9.03215503693,6.07999992371,-5.24445486069,-112.719535828,-10.4498205185,-19.0731506348,0.71005153656,97694.7631836,18.1299991608,-533.519775391,False
5.1000000000000005,0.319,-0.115,0.115,-0.6472389,0.3726527,14.0235095,8.81999969482,-9.03215503693,6.44999980927,-5.24445486069,-112.719535828,-10.5761842728,-18.9790725708,0.361902981997,97694.2138672,18.2399997711,-533.519775391,False
5.2,0.343,-0.244,0.069,-0.53936575,0.196133,14.79823485,10.6499996185,-2.091766119,6.8799996376,-1.39464485645,-115.855911255,-10.7243566513,-18.7982654572,-0.367241054773,97695.4650879,18.3500003815,-543.739501953,False
5.300000000000001,0.285,-0.221,0.082,-0.42168595,0.46091255,16.1025193,11.1499996185,-2.091766119,6.80999994278,-1.39464485645,-115.855911255,-10.7373952866,-18.6890678406,-0.926597118378,97698.9929199,18.3400001526,-543.739501953,False
5.4,0.203,-0.181,0.071,-0.3334261,0.2941995,15.44547375,11.1499996185,-2.091766119,6.80999994278,-1.39464485645,-115.855911255,-10.7245359421,-18.5923137665,-1.32788467407,97703.338623,18.3400001526,-543.739501953,False
5.5,0.154,-0.188,0.097,-0.3138128,0.5099458,14.81784815,11.6899995804,-2.091766119,6.38999986649,-1.39464485645,-115.855911255,-10.6831140518,-18.466255188,-1.80682015419,97693.3776855,18.1599998474,-528.483764648,False
5.6000000000000005,0.255,-0.01,0.089,-0.51975245,0.73549875,11.36590735,11.6899995804,4.86877775192,6.38999986649,3.66087126732,-118.271690369,-10.6343450546,-18.3281421661,-2.0465695858,97693.3776855,18.1599998474,-528.483764648,False
5.7,0.393,-0.037,0.027,-0.46091255,0.65704555,10.48330885,11.9099998474,4.86877775192,6.21000003815,3.66087126732,-118.271690369,-10.6077852249,-18.24933815,-2.08709359169,97695.7092285,18.0200004578,-528.483764648,False
5.800000000000001,0.297,-0.049,-0.013,-0.55897905,1.10815145,8.79656505,12.2399997711,4.86877775192,6.0499997139,3.66087126732,-118.271690369,-10.5254964828,-18.0735683441,-2.06004476547,97694.3481445,17.6999988556,-500.395782471,False
5.9,0.029,-0.112,-0.115,-0.44129925,0.97085835,11.89546645,12.2399997711,9.19974803925,5.84999990463,4.49197483063,-117.920509338,-10.4135131836,-17.919927597,-2.21572303772,97693.170166,17.5499992371,-472.346496582,False
6.0,0.036,-0.039,-0.171,-0.42168595,0.8825985,10.983448,12.2399997711,9.19974803925,5.84999990463,4.49197483063,-117.920509338,-10.2949676514,-17.8171901703,-2.24609780312,97686.6516113,17.5499992371,-472.346496582,False
6.1000000000000005,0.136,-0.032,-0.187,-0.44129925,0.53936575,9.75761675,11.9399995804,9.19974803925,5.57999992371,4.49197483063,-117.920509338,-10.1788845062,-17.7186965942,-2.21233916283,97685.2539062,17.2299995422,-434.465209961,False
6.2,0.079,-0.133,-0.201,-0.2745862,0.392266,10.83634825,11.3899993896,9.19974803925,5.38999986649,4.49197483063,-117.920509338,-9.98310375214,-17.6515331268,-2.29331445694,97689.5446777,17.0599994659,-434.465209961,False
6.300000000000001,0.07,-0.161,-0.118,-0.2549729,0.0588399,12.44463885,10.6199998856,9.19974803925,5.08999967575,4.49197483063,-117.920509338,-9.75072383881,-17.5747356415,-2.46625256538,97679.7180176,16.8999996185,-418.850341797,False
6.4,0.109,-0.163,-0.065,-0.196133,0.1372931,12.46425215,9.71000003815,12.4632606506,4.73000001907,6.40346717834,-113.037521362,-9.43700313568,-17.4831695557,-2.68040108681,97679.9560547,16.7099990845,-418.850341797,False
6.5,0.057,-0.106,0.009,-0.1765197,0.38245935,11.76798,9.69999980927,12.4632606506,4.73999977112,6.40346717834,-113.037521362,-9.38533592224,-17.4668617249,-2.70740413666,97678.1555176,16.7099990845,-418.850341797,False
6.6000000000000005,-0.179,-0.039,0.026,-0.0980665,0.4118793,11.81701325,8.78999996185,12.4632606506,4.31999969482,6.40346717834,-113.037521362,-9.0951128006,-17.3588790894,-2.86157631874,97672.4731445,16.5,-390.121643066,False
6.7,-0.133,-0.048,0.011,-0.1176798,0.3530394,11.95430635,7.2999997139,12.4632606506,3.36999988556,6.40346717834,-113.037521362,-8.79292869568,-17.2065677643,-3.05316758156,97665.7714844,16.0200004578,-350.585571289,False
6.800000000000001,-0.176,-0.021,0.027,-0.196133,0.5295591,11.5522337,7.2999997139,12.4632606506,3.36999988556,6.40346717834,-113.037521362,-8.7103099823,-17.1594753265,-3.10647082329,97663.9282227,16.0200004578,-350.585571289,False
6.9,-0.171,0.001,0.018,-0.24516625,0.81395195,10.8853815,6.71000003815,12.4632606506,2.81999993324,6.40346717834,-113.037521362,-8.53878879547,-17.0257701874,-3.2026450634,97659.1674805,15.7599992752,-350.585571289,False
7.0,0.001,0.001,-0.051,-0.24516625,1.04931155,10.0812362,6.34999990463,9.81535339355,2.24000000954,7.81512355804,-113.232269287,-8.38928699493,-16.8550815582,-3.2197291851,97658.013916,15.4799995422,-315.38659668,False
7.1000000000000005,0.0,-0.012,-0.114,-0.24516625,0.8825985,10.18910935,6.17999982834,9.81535339355,1.7199999094,7.81512355804,-113.232269287,-8.30771064758,-16.7403335571,-3.20749211311,97659.5703125,15.1999998093,-315.38659668,False
7.2,-0.054,0.034,-0.13,-0.196133,0.65704555,9.69877685,6.03999996185,9.81535339355,1.16999995708,7.81512355804,-113.232269287,-8.16285896301,-16.5843486786,-3.1786942482,97650.5554199,14.9099998474,-281.151977539,False
7.300000000000001,-0.047,0.104,-0.148,-0.28439285,0.5491724,8.7671451,5.80999994278,9.81535339355,0.649999976158,7.81512355804,-113.232269287,-8.04573726654,-16.448846817,-3.02341389656,97646.4355469,14.6300001144,-281.151977539,False
7.4,-0.137,0.044,-0.141,-0.2745862,0.18632635,8.4925589,5.67999982834,9.39757347107,0.209999993443,6.27642059326,-110.854171753,-8.00406360626,-16.4079818726,-2.96925234795,97641.3635254,14.3599996567,-240.419769287,False
7.5,0.137,0.126,-0.099,-0.28439285,0.53936575,6.3939358,5.46000003815,9.39757347107,-0.189999997616,6.27642059326,-110.854171753,-7.87781143188,-16.2673187256,-2.5476667881,97633.9660645,14.0999994278,-240.419769287,False
7.6000000000000005,0.117,0.103,-0.131,-0.3138128,0.3138128,6.14876955,5.35999965668,9.39757347107,-0.560000002384,6.27642059326,-110.854171753,-7.83615779877,-16.210231781,-2.24538350105,97632.6293945,13.6599998474,-222.764007568,False
7.7,-0.012,0.114,-0.129,-0.36284605,0.4903325,6.12915625,5.36999988556,10.3196153641,-0.560000002384,4.2309384346,-109.045684814,-7.76271247864,-16.1286487579,-1.67470192909,97629.8156738,13.6599998474,-222.764007568,False
7.800000000000001,-0.082,0.154,-0.143,-0.2549729,0.34323275,5.97224985,5.32999992371,10.3196153641,-0.599999964237,4.2309384346,-109.045684814,-7.70320367813,-16.0896816254,-1.25735104084,97628.4606934,13.4899997711,-201.657867432,False
7.9,-0.18,0.092,-0.126,-0.20593965,0.28439285,6.40374245,5.21999979019,10.3196153641,-0.569999992847,4.2309384346,-109.045684814,-7.65719270706,-16.0663299561,-0.978214263916,97619.3908691,13.3599996567,-201.657867432,False
8.0,-0.177,0.04,-0.098,-0.1765197,0.2549729,8.1787461,4.88000011444,10.3196153641,-0.42999997735,4.2309384346,-109.045684814,-7.57235336304,-16.0366439819,-0.710709095001,97620.9716797,13.2100000381,-182.444000244,False
8.1,-0.051,0.162,-0.093,-0.18632635,0.34323275,7.9433865,4.73000001907,7.9053401947,-0.319999992847,1.15726208687,-106.624671936,-7.51097583771,-16.0190658569,-0.415782749653,97617.1020508,13.1700000763,-164.0625,False
8.200000000000001,-0.033,0.105,-0.056,-0.18632635,0.46091255,7.3157609,4.73000001907,7.9053401947,-0.319999992847,1.15726208687,-106.624671936,-7.49179506302,-16.0150260925,-0.306249469519,97619.7692871,13.1700000763,-164.0625,False
8.3,-0.046,0.04,-0.051,-0.22555295,0.2549729,7.2961476,4.58999967575,7.9053401947,-0.140000000596,1.15726208687,-106.624671936,-7.43946838379,-16.0104637146,0.0391231589019,97617.9870605,13.1399993896,-164.0625,False
8.4,-0.055,0.01,-0.02,-0.196133,0.3530394,7.97280645,4.31999969482,7.4619474411,0.34999999404,-0.609344124794,-105.923416138,-7.38407707214,-16.0087394714,0.297291904688,97620.5993652,13.1799993515,-147.880172729,False
8.5,-0.09,-0.006,-0.01,-0.16671305,0.392266,8.4729456,4.19000005722,7.4619474411,0.610000014305,-0.609344124794,-105.923416138,-7.35117292404,-16.0053920746,0.417315512896,97617.388916,13.2299995422,-136.999893188,False
8.6,-0.104,0.027,-0.02,-0.18632635,0.4118793,8.6886919,4.05999994278,7.4619474411,0.870000004768,-0.609344124794,-105.923416138,-7.32119607925,-16.0027580261,0.489455401897,97619.2932129,13.2899999619,-136.999893188,False
8.700000000000001,-0.141,0.04,-0.019,-0.1372931,0.46091255,8.4141057,4.05999994278,7.4619474411,0.870000004768,-0.609344124794,-105.923416138,-7.30062055588,-16.0030670166,0.671407520771,97618.8354492,13.2899999619,-136.999893188,False
8.8,-0.128,-0.012,-0.023,-0.02941995,0.48052585,8.9436648,4.05999994278,5.7799654007,1.50999999046,-1.48735904694,-105.679656982,-7.28858804703,-16.0080776215,0.793799102306,97616.9250488,13.4499998093,-133.329193115,False
8.9,-0.099,-0.011,-0.032,0.02941995,0.2941995,9.52225715,4.00999975204,5.7799654007,1.80999994278,-1.48735904694,-105.679656982,-7.26303339005,-16.0327301025,0.889044463634,97615.9484863,13.5399999619,-126.799201965,False
9.0,-0.082,-0.088,-0.007,0.0588399,0.0588399,10.28717585,3.8599998951,5.7799654007,2.02999997139,-1.48735904694,-105.679656982,-7.24918603897,-16.0424804688,0.886346042156,97616.0705566,13.6300001144,-126.799201965,False
9.1,-0.18,-0.034,0.053,0.18632635,0.32361945,11.2776475,3.8599998951,5.7799654007,2.02999997139,-1.48735904694,-105.679656982,-7.22257852554,-16.0699424744,0.761123716831,97618.9025879,13.6300001144,-126.799201965,False
9.200000000000001,-0.095,-0.01,0.093,0.0588399,0.30400615,10.1008495,3.9399998188,3.04063606262,2.3599998951,-0.903230428696,-105.790870667,-7.23693466187,-16.0792140961,0.71006321907,97621.2768555,13.779999733,-122.186279297,False
9.3,-0.065,-0.085,0.087,0.20593965,0.5099458,10.6304086,4.19999980927,3.04063606262,2.48000001907,-0.903230428696,-105.790870667,-7.27323961258,-16.0837612152,0.633262574673,97622.3571777,13.8400001526,-122.186279297,False
9.4,-0.083,-0.07,0.064,0.2157463,0.5687857,11.4737805,4.42000007629,3.04063606262,2.54999995232,-0.903230428696,-105.790870667,-7.3044295311,-16.0766506195,0.501628935337,97623.828125,13.8800001144,-122.186279297,False
9.5,-0.082,-0.045,0.061,0.16671305,0.61781895,11.375714,4.78999996185,2.0356938839,2.56999993324,0.139404803514,-107.168083191,-7.35233688354,-16.0553131104,0.352764874697,97625.3967285,13.9200000763,-121.102905273,False
9.600000000000001,-0.058,-0.012,0.051,0.18632635,0.42168595,11.40513395,4.78999996185,2.0356938839,2.56999993324,0.139404803514,-107.168083191,-7.37663602829,-16.0432014465,0.260165482759,97625.012207,13.9200000763,-121.102905273,False
9.700000000000001,-0.021,0.031,0.054,0.0784532,0.5295591,10.6304086,5.09999990463,2.0356938839,2.54999995232,0.139404803514,-107.168083191,-7.44125699997,-16.0062179565,0.165369287133,97629.5837402,13.9399995804,-121.102905273,False
9.8,-0.007,-0.043,0.014,0.12748645,0.53936575,10.24794925,5.55999994278,2.0356938839,2.55999994278,0.139404803514,-107.168083191,-7.49317455292,-15.9755249023,0.15939335525,97626.7456055,13.9399995804,-127.652931213,False
9.9,-0.047,-0.074,-0.008,0.10787315,0.3530394,10.46369555,6.36999988556,1.45168352127,2.63999986649,0.512988507748,-108.169425964,-7.53298568726,-15.9394960403,0.124532960355,97625.9887695,13.9600000381,-121.405029297,False
10.0,0.09,-0.078,-0.002,0.14709975,0.48052585,10.85596155,6.75,1.45168352127,2.59999990463,0.512988507748,-108.169425964,-7.55686998367,-15.9142570496,0.0762335211039,97629.7241211,13.9600000381,-121.405029297,False
10.100000000000001,0.105,-0.056,0.01,0.1372931,0.36284605,11.6699135,7.09999990463,1.45168352127,2.44000005722,0.512988507748,-108.169425964,-7.59522008896,-15.834280014,-0.236274018884,97624.7497559,13.9399995804,-113.848686218,False
10.200000000000001,0.122,-0.015,0.004,0.1176798,0.48052585,11.0422879,7.09999990463,1.45168352127,2.44000005722,0.512988507748,-108.169425964,-7.6011223793,-15.804438591,-0.293561965227,97629.8828125,13.9399995804,-113.848686218,False
10.3,0.043,0.008,0.014,0.0980665,0.44129925,9.05153795,7.3799996376,1.45168352127,2.33999991417,0.512988507748,-108.169425964,-7.61594820023,-15.7453727722,-0.239858463407,97627.734375,13.9099998474,-113.848686218,False
10.4,0.045,-0.027,0.007,0.12748645,0.32361945,9.05153795,7.69999980927,3.59770393372,2.31999993324,1.79457879066,-108.400123596,-7.60429143906,-15.7078123093,-0.156822681427,97625.5737305,13.8800001144,-104.736709595,False
10.5,-0.019,-0.067,0.024,0.22555295,0.3334261,9.2770909,7.85999965668,3.59770393372,2.34999990463,1.79457879066,-108.400123596,-7.60844135284,-15.6638822556,-0.0780000761151,97627.3010254,13.8599996567,-104.736709595,False
10.600000000000001,0.054,0.016,0.045,0.2353596,0.34323275,9.50264385,8.13999938965,3.59770393372,2.38999986649,1.79457879066,-108.400123596,-7.60074234009,-15.637348175,-0.0610630176961,97629.083252,13.8400001526,-93.8901901245,False
10.700000000000001,0.062,0.048,0.06,0.20593965,0.44129925,9.0613446,8.30999946594,3.59770393372,2.40999984741,1.79457879066,-108.400123596,-7.59653282166,-15.5745582581,0.0308476146311,97629.083252,13.8299999237,-93.8901901245,False
10.8,0.055,0.09,0.05,0.1765197,0.4314926,8.89463155,8.5999994278,3.59770393372,2.49000000954,1.79457879066,-108.400123596,-7.5958609581,-15.5399990082,0.148006990552,97616.6992188,13.8299999237,-87.0595932007,False
10.9,0.041,0.019,0.032,0.20593965,0.65704555,9.46341725,8.8499994278,4.49839258194,2.61999988556,1.66304016113,-109.442207336,-7.60549116135,-15.5057907104,0.212818205357,97625.2319336,13.8499994278,-87.0595932007,False
11.0,0.045,0.108,0.008,0.20593965,0.57859235,8.8652116,9.15999984741,4.49839258194,2.72000002861,1.66304016113,-109.442207336,-7.61353540421,-15.4811544418,0.307005375624,97622.8881836,13.8699998856,-81.459236145,False
11.100000000000001,0.158,0.064,-0.026,0.24516625,0.8237586,8.77695175,9.77999973297,4.49839258194,3.02999997139,1.66304016113,-109.442207336,-7.63757133484,-15.458776474,0.443056046963,97625.2685547,13.9299993515,-73.6364364624,False
11.200000000000001,0.123,0.001,-0.062,0.3334261,0.784532,9.80665,9.77999973297,5.97098588943,3.02999997139,0.387521892786,-109.771820068,-7.64260721207,-15.4600324631,0.471866220236,97625.2685547,13.9299993515,-73.6364364624,False
11.3,0.114,-0.084,-0.098,0.67665885,0.4903325,12.2975391,10.0500001907,5.97098588943,3.1899998188,0.387521892786,-109.771820068,-7.59591913223,-15.4913492203,0.311096817255,97626.0681152,13.9699993134,-73.6364364624,False
11.4,0.237,-0.127,-0.047,0.784532,0.46091255,15.1414676,10.0,5.97098588943,3.19999980927,0.387521892786,-109.771820068,-7.48052406311,-15.546254158,-0.0879773646593,97633.5388184,14.0199995041,-67.7484512329,False
11.5,0.078,-0.157,0.08,0.6668522,0.2353596,14.4746154,9.59000015259,5.97098588943,2.97000002861,0.387521892786,-109.771820068,-7.32849836349,-15.58507061,-0.548693954945,97623.0285645,14.0399999619,-67.7484512329,False
11.600000000000001,0.083,-0.135,0.143,0.53936575,0.4903325,13.6704701,8.42000007629,9.3566198349,2.19000005722,2.55586457253,-108.989006042,-7.13852024078,-15.5955839157,-0.983474373817,97629.0344238,13.9399995804,-66.3862228394,False
11.700000000000001,0.02,0.01,0.163,0.46091255,0.6668522,12.38579895,8.40999984741,9.3566198349,2.20000004768,2.55586457253,-108.989006042,-7.03363132477,-15.5849647522,-1.20409071445,97629.9926758,13.9399995804,-66.3862228394,False
11.8,-0.091,0.093,0.108,0.44129925,0.75511205,11.30706745,8.01999950409,9.3566198349,1.7199999094,2.55586457253,-108.989006042,-6.94205141068,-15.5708646774,-1.33763897419,97620.7092285,13.8099994659,-70.0172424316,False
11.9,-0.108,0.085,0.058,0.2941995,0.9022118,9.71839015,7.75999975204,9.3566198349,0.939999997616,2.55586457253,-108.989006042,-6.87974691391,-15.5483665466,-1.33872449398,97627.557373,13.5199995041,-60.5449676514,False
12.0,-0.173,0.048,0.006,0.2549729,0.8825985,9.1005712,7.86999988556,9.3566198349,0.639999985695,2.55586457253,-108.989006042,-6.87032318115,-15.5398645401,-1.31017434597,97623.7243652,13.3699998856,-60.5449676514,False
12.100000000000001,-0.108,0.002,-0.062,0.24516625,0.9022118,9.2378643,8.09000015259,7.71289396286,0.379999995232,1.93498146534,-111.573120117,-6.84672737122,-15.4939146042,-1.17425572872,97617.7612305,13.2299995422,-43.3017730713,False
12.200000000000001,-0.074,0.026,-0.084,0.2745862,0.8433719,9.3555441,8.34000015259,7.71289396286,0.379999995232,1.93498146534,-111.573120117,-6.84705114365,-15.4816226959,-1.14888513088,97621.2402344,13.2299995422,-43.3017730713,False
12.3,-0.026,0.101,-0.126,0.16671305,0.65704555,8.7671451,8.34000015259,7.71289396286,0.119999997318,1.93498146534,-111.573120117,-6.83768510818,-15.4489793777,-1.05333006382,97619.0551758,13.1099996567,-35.1329803467,False
12.4,0.236,0.116,-0.132,0.08825985,0.4511059,8.20816605,8.72999954224,6.90106201172,-0.199999988079,1.01994419098,-110.33568573,-6.80440473557,-15.4299697876,-0.858654260635,97616.5466309,12.8999996185,-35.1329803467,False
12.5,0.218,0.105,-0.128,0.12748645,0.46091255,8.1002929,8.72999954224,6.90106201172,-0.199999988079,1.01994419098,-110.33568573,-6.76650714874,-15.4279613495,-0.603994131088,97615.9667969,12.8999996185,-35.1329803467,False
12.600000000000001,0.103,0.104,-0.109,0.10787315,0.5099458,7.97280645,8.88000011444,6.90106201172,-0.239999994636,1.01994419098,-110.33568573,-6.71464490891,-15.4467039108,-0.409026533365,97608.4716797,12.7699995041,-35.3101730347,False
12.700000000000001,0.097,0.053,-0.085,0.06864655,0.36284605,8.7083052,8.78999996185,10.2519292831,-0.229999989271,-1.50372636318,-108.321640015,-6.68308258057,-15.4543952942,-0.350155860186,97612.5,12.7299995422,-28.5591125488,False
12.8,0.02,0.053,-0.086,0.02941995,0.28439285,7.1392412,8.78999996185,10.2519292831,-0.229999989271,-1.50372636318,-108.321640015,-6.62404203415,-15.4771413803,-0.143055558205,97613.067627,12.7299995422,-28.5591125488,False
12.9,-0.086,0.014,-0.071,-0.02941995,0.26477955,8.01203305,8.72999954224,10.2519292831,-0.0999999940395,-1.50372636318,-108.321640015,-6.54425096512,-15.4990873337,0.149295002222,97609.588623,12.7199993134,-28.5591125488,False
13.0,-0.144,0.017,-0.045,0.06864655,0.44129925,8.73772515,8.63999938965,10.2519292831,0.0499999970198,-1.50372636318,-108.321640015,-6.47807884216,-15.5222177505,0.288393735886,97608.2092285,12.7299995422,-26.5947341919,False
13.100000000000001,-0.102,0.063,-0.055,0.02941995,0.61781895,8.28661925,8.52999973297,10.2519292831,0.199999988079,-1.50372636318,-108.321640015,-6.41973638535,-15.5479078293,0.441401511431,97608.5083008,12.7599992752,-26.5947341919,False
13.200000000000001,-0.078,-0.033,-0.077,0.0392266,0.4511059,9.2770909,8.48999977112,9.42237949371,0.589999973774,-2.90416693687,-106.805046082,-6.37000370026,-15.5787334442,0.569031774998,97612.5732422,12.8699998856,-26.4591217041,False
13.3,-0.042,-0.085,-0.068,0.0980665,0.46091255,10.3165958,8.42000007629,9.42237949371,0.709999978542,-2.90416693687,-106.805046082,-6.2595243454,-15.6361293793,0.571505188942,97616.2231445,12.9299993515,-26.9947052002,False
13.4,-0.039,-0.035,-0.063,0.06864655,0.57859235,10.89518815,8.68999958038,9.42237949371,0.769999980927,-2.90416693687,-106.805046082,-6.19009590149,-15.6740436554,0.494131058455,97611.5600586,12.9899997711,-26.9947052002,False
13.5,-0.067,-0.013,-0.041,0.12748645,0.63743225,10.69905515,8.68999958038,9.42237949371,0.769999980927,-2.90416693687,-106.805046082,-6.16149425507,-15.6870727539,0.455607801676,97614.9902344,12.9899997711,-26.9947052002,False
13.600000000000001,-0.036,-0.053,-0.065,0.0392266,0.5687857,11.1403544,10.0,8.57586479187,0.909999966621,-2.25561189651,-105.173240662,-6.06042528152,-15.7259340286,0.394861966372,97615.0817871,13.0799999237,-29.5362472534,False
13.700000000000001,-0.093,-0.035,-0.055,0.06864655,0.5099458,11.8072066,10.5999994278,8.57586479187,0.839999973774,-2.25561189651,-105.173240662,-5.98239517212,-15.7456407547,0.235686525702,97613.2629395,13.1099996567,-33.6027145386,False
13.8,-0.058,-0.078,-0.043,-0.0980665,0.4707192,11.58165365,11.1499996185,8.57586479187,0.77999997139,-2.25561189651,-105.173240662,-5.90738010406,-15.7543668747,0.125709861517,97613.5375977,13.1199998856,-33.6027145386,False
13.9,0.036,-0.041,-0.063,-0.08825985,0.32361945,10.50292215,11.6899995804,8.57586479187,0.75,-2.25561189651,-105.173240662,-5.82006263733,-15.754904747,0.0995902791619,97614.2028809,13.1199998856,-34.9391937256,False
14.0,-0.03,-0.023,-0.038,-0.0980665,0.3530394,9.9439431,12.1599998474,8.57586479187,0.740000009537,-2.25561189651,-105.173240662,-5.80058479309,-15.7563199997,0.0995230078697,97617.0776367,13.1199998856,-34.9391937256,False
14.100000000000001,-0.082,-0.11,-0.005,-0.0392266,0.2353596,10.54214875,12.1700000763,7.95287179947,0.740000009537,-1.22335708141,-103.450500488,-5.67875003815,-15.749256134,0.055105432868,97614.7216797,13.1199998856,-34.9391937256,False
14.200000000000001,-0.047,-0.134,-0.006,0.0784532,0.50013915,11.46397385,12.6899995804,7.95287179947,0.689999997616,-1.22335708141,-103.450500488,-5.63663864136,-15.7431869507,-0.028247512877,97619.732666,13.1199998856,-32.405090332,False
14.3,-0.07,-0.061,-0.009,0.16671305,0.67665885,12.11121275,13.7699995041,7.95287179947,0.310000002384,-1.22335708141,-103.450500488,-5.57751083374,-15.7326049805,-0.181445017457,97611.0351562,13.0699996948,-24.2603302002,False
14.4,-0.044,0.06,-0.05,0.08825985,0.6080123,11.2972608,13.7699995041,7.11937999725,0.310000002384,0.411937445402,-103.138381958,-5.48651313782,-15.6965770721,-0.447886705399,97619.732666,13.0699996948,-24.2603302002,False
14.5,0.142,0.016,-0.046,0.06864655,0.5687857,10.4931155,14.3599996567,7.11937999725,0.0799999982119,0.411937445402,-103.138381958,-5.41157960892,-15.670794487,-0.501744449139,97612.9760742,12.9600000381,-21.7269897461,False
14.600000000000001,0.189,0.02,-0.048,0.0,0.3138128,10.0616229,15.2999992371,7.11937999725,-0.269999980927,0.411937445402,-103.138381958,-5.3587346077,-15.6658830643,-0.50745087862,97614.1540527,12.8999996185,-21.7269897461,False
14.700000000000001,0.092,0.062,-0.04,0.0392266,0.3138128,9.28689755,15.6999998093,9.78155136108,-0.389999985695,-0.725270450115,-102.236297607,-5.29109430313,-15.6566791534,-0.481030702591,97612.2924805,12.8400001526,-11.7736816406,False
14.8,0.033,-0.022,-0.017,-0.0392266,0.36284605,9.34573745,15.6999998093,9.78155136108,-0.389999985695,-0.725270450115,-102.236297607,-5.19217634201,-15.6532726288,-0.410915493965,97610.5041504,12.8400001526,-11.7736816406,False
14.9,0.096,-0.065,-0.005,0.0,0.20593965,9.414384,16.2099990845,9.78155136108,-0.550000011921,-0.725270450115,-102.236297607,-5.05749320984,-15.6446771622,-0.30614361167,97611.0046387,12.7399997711,-7.65609741211,False
15.0,0.136,-0.097,0.034,0.0196133,0.36284605,10.16949605,16.2099990845,9.78155136108,-0.550000011921,-0.725270450115,-102.236297607,-4.9669213295,-15.6407775879,-0.277007490396,97607.6477051,12.7399997711,-7.65609741211,False
15.100000000000001,0.201,-0.038,0.019,0.1372931,0.69627215,10.6304086,16.3299999237,9.78155136108,-0.649999976158,-0.725270450115,-102.236297607,-4.83496999741,-15.6270046234,-0.306993216276,97608.972168,12.6999998093,-7.65609741211,False
15.200000000000001,0.095,0.092,-0.025,0.0588399,0.8629852,9.7281968,16.4699993134,12.4816761017,-0.799999952316,0.500813066959,-102.193252563,-4.68026208878,-15.6155805588,-0.329056054354,97608.984375,12.6599998474,-0.906562805176,False
15.3,0.064,0.016,-0.04,-0.0392266,0.81395195,9.3947707,16.5599994659,12.4816761017,-0.919999957085,0.500813066959,-102.193252563,-4.55503940582,-15.5943193436,-0.254074394703,97611.7736816,12.6099996567,-0.906562805176,False
15.4,0.011,-0.053,-0.117,0.0980665,0.6864655,9.87529655,16.7600002289,12.4816761017,-1.0,0.500813066959,-102.193252563,-4.45906114578,-15.5905065536,-0.233354628086,97610.9680176,12.5699996948,9.4874382019,False
15.5,0.057,-0.055,-0.143,0.1569064,0.6472389,10.1793027,16.859998703,13.9240274429,-1.07999992371,0.0804879069328,-101.516853333,-4.30648231506,-15.5884418488,-0.227188438177,97608.6853027,12.5399999619,9.4874382019,False
15.600000000000001,0.075,-0.036,-0.117,0.1176798,0.6668522,10.20872265,16.7799987793,13.9240274429,-1.17999994755,0.0804879069328,-101.516853333,-4.16762065887,-15.5902137756,-0.221351578832,97608.6669922,12.5099992752,11.0760688782,False
15.700000000000001,0.014,0.067,-0.099,0.1176798,0.784532,9.69877685,17.1800003052,13.9240274429,-1.25999999046,0.0804879069328,-101.516853333,-3.97442603111,-15.5924901962,-0.209301680326,97609.2712402,12.4799995422,11.0760688782,False
15.8,0.0,0.108,-0.128,0.06864655,0.7256921,8.73772515,17.1000003815,15.1393928528,-1.35000002384,-0.997489571571,-98.8868484497,-3.82491540909,-15.6006164551,-0.0871551781893,97610.4248047,12.4499998093,21.0821151733,False
15.9,0.104,0.042,-0.162,0.04903325,0.5295591,8.7867584,17.3899993896,15.1393928528,-1.27999997139,-0.997489571571,-98.8868484497,-3.64841580391,-15.612783432,0.0828995853662,97604.4067383,12.4200000763,25.8980751038,False
16.0,0.137,0.027,-0.163,0.0980665,0.4707192,9.05153795,17.3899993896,15.1393928528,-1.26999998093,-0.997489571571,-98.8868484497,-3.49688959122,-15.6372060776,0.171331420541,97606.4819336,12.4200000763,25.8980751038,False
16.1,0.117,-0.048,-0.125,0.10787315,0.40207265,9.2574776,18.2099990845,15.1393928528,-1.12999999523,-0.997489571571,-98.8868484497,-3.23632049561,-15.6686830521,0.278210908175,97604.296875,12.4399995804,28.2028198242,False
16.2,0.095,-0.028,-0.075,0.0784532,0.3334261,9.6497436,18.2099990845,17.7370643616,-1.12000000477,-2.1188890934,-95.9540939331,-3.05323863029,-15.6939096451,0.330111205578,97603.1005859,12.4699993134,28.2028198242,False
16.3,0.079,-0.046,-0.029,0.1176798,0.59820565,9.38496405,18.7700004578,17.7370643616,-0.949999988079,-2.1188890934,-95.9540939331,-2.78651189804,-15.7260484695,0.416747331619,97603.1860352,12.5,17.0454025269,False
16.400000000000002,0.021,-0.071,-0.029,0.1176798,0.48052585,10.07142955,18.7700004578,17.7370643616,-0.939999997616,-2.1188890934,-95.9540939331,-2.58771896362,-15.7517910004,0.428765267134,97602.4841309,12.5,17.0454025269,False
16.5,0.016,-0.027,-0.029,0.10787315,0.588399,10.20872265,17.75,17.7370643616,-0.839999973774,-2.1188890934,-95.9540939331,-2.44311785698,-15.7649450302,0.426781177521,97606.8237305,12.5599994659,18.7537193298,False
16.6,-0.032,-0.077,-0.032,0.18632635,0.69627215,10.7480884,20.1800003052,18.9716567993,-0.839999973774,-1.43224513531,-94.8220367432,-2.14916276932,-15.7996349335,0.383219510317,97608.9050293,12.5599994659,18.7537193298,False
16.7,-0.077,-0.094,-0.055,0.1765197,0.85317855,11.52281375,20.1800003052,18.9716567993,-0.849999964237,-1.43224513531,-94.8220367432,-1.95354580879,-15.8144636154,0.319547504187,97613.494873,12.5799999237,18.7537193298,False
16.8,-0.097,-0.007,-0.075,0.18632635,1.0983448,11.2972608,20.5100002289,18.9716567993,-0.969999969006,-1.43224513531,-94.8220367432,-1.58112645149,-15.8360071182,0.166409924626,97608.3312988,12.6099996567,15.4730796814,False
16.900000000000002,-0.013,-1.69001258282e-17,-0.138,0.1372931,1.0198916,10.0420096,20.5100002289,18.1535930634,-0.969999969006,-1.10391998291,-93.0980834961,-1.42009222507,-15.8390054703,0.162915304303,97610.3027344,12.6099996567,15.4730796814,False
17.0,0.027,0.013,-0.19,0.16671305,0.81395195,9.95374975,20.0100002289,18.1535930634,-1.00999999046,-1.10391998291,-93.0980834961,-1.1732571125,-15.8571023941,0.169659778476,97606.25,12.6300001144,15.9910202026,False
17.1,0.089,0.047,-0.22,0.20593965,0.6472389,10.14988275,20.0100002289,18.1535930634,-1.0,-1.10391998291,-93.0980834961,-0.954318165779,-15.8711328506,0.199258625507,97610.8276367,12.6300001144,15.9910202026,False
17.2,0.07,-0.023,-0.211,0.12748645,0.61781895,9.58109705,23.5199985504,18.1535930634,-1.0,-1.10391998291,-93.0980834961,-0.782844007015,-15.8898067474,0.263315230608,97610.8276367,12.6300001144,17.4280166626,False
17.3,0.127,-0.054,-0.207,0.0980665,0.8629852,9.60071035,23.4099998474,18.1535930634,-0.939999997616,-1.10391998291,-93.0980834961,-0.557845473289,-15.9021205902,0.314397484064,97606.5673828,12.6300001144,18.4279441833,False
17.400000000000002,0.185,-0.006,-0.213,0.0,0.7453054,8.54159215,23.1899986267,20.1222991943,-0.879999995232,-2.87236404419,-88.3335113525,-0.346023082733,-15.9089164734,0.463124632835,97608.3007812,12.6499996185,9.38377380371,False
17.5,0.221,-0.031,-0.229,-0.0392266,0.588399,7.649187,28.9099998474,20.1222991943,-0.459999978542,-2.87236404419,-88.3335113525,-0.107265293598,-15.8965759277,0.772168517113,97610.1989746,12.7199993134,12.7840995789,False
17.6,0.086,-0.06,-0.225,-0.0784532,0.5099458,8.34545915,28.8999996185,20.1222991943,-0.179999992251,-2.87236404419,-88.3335113525,0.142826423049,-15.8858785629,0.938540577888,97613.293457,12.7899999619,12.7840995789,False
17.7,-0.098,-0.122,-0.221,0.12748645,0.81395195,11.69933345,28.8999996185,20.1222991943,-0.179999992251,-2.87236404419,-88.3335113525,0.314207851887,-15.8857049942,0.943918943405,97612.6525879,12.7899999619,12.7840995789,False
17.8,-0.012,-0.177,-0.241,0.2745862,1.0395049,12.11121275,28.6499996185,22.2806224823,0.0,-3.81966328621,-82.8751144409,0.721843957901,-15.8954057693,0.77424120903,97611.6210938,12.8800001144,9.69505310059,False
17.900000000000002,0.154,-0.168,-0.254,0.36284605,0.75511205,12.30734575,30.4299983978,22.2806224823,0.0599999986589,-3.81966328621,-82.8751144409,1.01441907883,-15.8892536163,0.634853601456,97611.6210938,12.9600000381,9.69505310059,False
18.0,0.221,-0.153,-0.224,0.3334261,0.77472535,11.8072066,32.469997406,22.2806224823,0.0999999940395,-3.81966328621,-82.8751144409,1.55141639709,-15.8521251678,0.449136257172,97616.3085938,13.0699996948,5.35364151001,False
18.1,0.166,-0.208,-0.209,0.2941995,0.784532,10.99325465,32.0200004578,24.5786418915,0.119999997318,-2.69906616211,-77.6407775879,1.92839729786,-15.7912368774,0.395019739866,97613.1164551,13.0900001526,-3.0535697937,False
18.2,0.121,-0.186,-0.176,0.2353596,0.7060788,11.26784085,32.0299987793,24.5786418915,0.129999995232,-2.69906616211,-77.6407775879,2.08677172661,-15.761059761,0.380408793688,97615.4663086,13.0900001526,-3.0535697937,False
18.3,0.077,-0.083,-0.184,0.3138128,0.81395195,11.3364874,32.8199996948,24.5786418915,0.129999995232,-2.69906616211,-77.6407775879,2.71564555168,-15.61170578,0.281798243523,97615.1855469,13.1300001144,23.3022689819,False
18.400000000000002,0.111,-0.061,-0.188,0.2745862,0.9414384,10.50292215,32.8199996948,24.5786418915,0.129999995232,-2.69906616211,-77.6407775879,2.8744468689,-15.5716524124,0.273436129093,97613.7695312,13.1300001144,23.3022689819,False
18.5,0.127,-0.112,-0.202,0.2353596,0.8041453,10.1204628,32.2999992371,24.5786418915,0.149999991059,-2.69906616211,-77.6407775879,3.22882676125,-15.469414711,0.312536478043,97618.5852051,13.1399993896,23.3022689819,False
18.6,0.135,-0.11,-0.211,0.2353596,0.89240515,10.395049,34.0400009155,27.7852401733,0.299999982119,-1.82836079597,-71.8210906982,3.83965682983,-15.2709789276,0.365065127611,97615.7714844,13.1700000763,25.7026672363,False
18.7,0.172,-0.163,-0.221,0.34323275,0.85317855,11.36590735,34.0400009155,27.7852401733,0.310000002384,-1.82836079597,-71.8210906982,4.01303529739,-15.2096147537,0.346024245024,97616.8640137,13.1700000763,25.7026672363,False
18.8,0.226,-0.102,-0.252,0.4314926,0.9414384,11.375714,34.3299980164,27.7852401733,0.370000004768,-1.82836079597,-71.8210906982,4.74517869949,-14.9493484497,0.299107551575,97613.8793945,13.2100000381,21.1226463318,False
18.900000000000002,0.192,-0.074,-0.256,0.44129925,0.6276256,11.5522337,33.4599990845,31.8173122406,0.409999996424,-1.84020602703,-66.3437042236,5.23184013367,-14.7556152344,0.308516412973,97617.1691895,13.2199993134,24.8624801636,False
19.0,0.112,-0.153,-0.218,0.36284605,0.8237586,10.8853815,33.5099983215,31.8173122406,0.479999989271,-1.84020602703,-66.3437042236,5.61014223099,-14.5982789993,0.335023403168,97619.9951172,13.2199993134,24.8624801636,False
19.1,0.082,-0.126,-0.229,0.4118793,0.81395195,11.54242705,32.4199981689,31.8173122406,0.519999980927,-1.84020602703,-66.3437042236,5.91015148163,-14.4605789185,0.331435859203,97619.9951172,13.2599992752,25.4806518555,False
19.200000000000003,0.003,-0.095,-0.224,0.18632635,0.588399,10.69905515,32.4199981689,33.92578125,0.519999980927,-2.38709187508,-61.2837753296,6.61194896698,-14.1178665161,0.361762791872,97620.2392578,13.2599992752,25.4806518555,False
19.3,-0.029,-0.2,-0.208,0.30400615,0.91201845,11.66010685,31.359998703,33.92578125,0.589999973774,-2.38709187508,-61.2837753296,7.09867238998,-13.8534555435,0.365219950676,97623.1018066,13.279999733,25.4806518555,False
19.400000000000002,-0.071,-0.176,-0.207,0.20593965,0.7649187,10.2381426,32.25,33.92578125,0.75,-2.38709187508,-61.2837753296,7.43804311752,-13.6550531387,0.420089066029,97616.9616699,13.3400001526,19.3303108215,False
19.5,-0.148,-0.261,-0.238,0.2745862,0.8629852,10.97364135,32.2599983215,33.92578125,0.729999959469,-2.38709187508,-61.2837753296,7.95932674408,-13.3166952133,0.443979591131,97620.526123,13.3400001526,19.3303108215,False
19.6,-0.092,-0.292,-0.243,0.32361945,0.81395195,11.66010685,32.1899986267,33.92578125,0.810000002384,-2.38709187508,-61.2837753296,8.2333278656,-13.1316423416,0.404232829809,97624.1699219,13.3800001144,18.3012962341,False
19.700000000000003,0.029,-0.265,-0.256,0.24516625,0.73549875,11.3364874,31.1199989319,32.1793365479,0.849999964237,-0.582478880882,-53.2331848145,8.81600189209,-12.6522846222,0.365285634995,97620.6848145,13.4099998474,18.3012962341,False
19.8,0.08,-0.29,-0.218,0.3726527,1.0002783,12.77806495,32.7099990845,32.1793365479,0.919999957085,-0.582478880882,-53.2331848145,9.26675319672,-12.2523622513,0.224962577224,97619.5495605,13.4399995804,20.6152915955,False
19.900000000000002,-0.107,-0.279,-0.224,0.3726527,0.8629852,12.89574475,31.4299983978,32.1793365479,0.870000004768,-0.582478880882,-53.2331848145,9.70465087891,-11.8061990738,0.0808548778296,97623.0529785,13.4699993134,20.6152915955,False
20.0,-0.158,-0.203,-0.223,0.392266,0.93163175,12.4740588,29.9099998474,32.1793365479,0.759999990463,-0.582478880882,-53.2331848145,10.0194320679,-11.4679059982,-0.0122634265572,97626.4953613,13.4699993134,22.2264289856,False
20.1,-0.153,-0.248,-0.219,0.53936575,1.3140911,13.89602305,28.8799991608,31.4231014252,0.34999999404,1.9885185957,-44.3691940308,10.5727033615,-10.8187265396,-0.359932124615,97622.0397949,13.4299993515,21.5068817139,False
20.200000000000003,-0.11,-0.234,-0.277,0.5491724,1.32389775,13.2389775,28.4200000763,31.4231014252,0.0599999986589,1.9885185957,-44.3691940308,10.9027729034,-10.37596035,-0.577020943165,97622.0397949,13.3800001144,21.5068817139,False
20.3,-0.091,-0.2,-0.358,0.3138128,1.0983448,12.552512,27.0100002289,31.4231014252,-0.25,1.9885185957,-44.3691940308,11.1858634949,-9.92426300049,-0.716638803482,97624.2858887,13.2999992371,28.0982971191,False
20.400000000000002,-0.134,-0.105,-0.383,0.24516625,0.81395195,10.99325465,29.0599994659,31.4231014252,-0.5,1.9885185957,-44.3691940308,11.4274196625,-9.50664520264,-0.730351269245,97620.2697754,13.2199993134,28.0982971191,False
20.5,0.012,-0.061,-0.375,0.1765197,0.67665885,9.87529655,29.0699996948,31.4231014252,-0.5,1.9885185957,-44.3691940308,11.5505924225,-9.26745796204,-0.688837349415,97615.6311035,13.2199993134,28.0982971191,False
20.6,-0.12,-0.098,-0.312,0.196133,0.5687857,10.4735022,27.1199989319,30.0362243652,-0.819999992847,1.48116695881,-35.6433029175,11.8412714005,-8.72602653503,-0.577903866768,97612.9882812,13.0599994659,41.4360046387,False
20.700000000000003,-0.186,-0.119,-0.267,0.26477955,0.81395195,10.89518815,27.1199989319,30.0362243652,-0.839999973774,1.48116695881,-35.6433029175,12.0021305084,-8.40657711029,-0.578802764416,97616.9128418,12.9799995422,46.0108757019,False
20.8,-0.044,-0.12,-0.246,0.1765197,0.69627215,10.5127288,26.0499992371,28.7444419861,-1.03999996185,0.627679765224,-31.3644943237,12.2290439606,-7.93592023849,-0.568047642708,97611.9445801,12.9099998474,46.0108757019,False
20.900000000000002,-0.092,-0.027,-0.239,0.196133,0.980665,10.4931155,26.3799991608,28.7444419861,-1.41999995708,0.627679765224,-31.3644943237,12.3249950409,-7.71366596222,-0.551456391811,97616.4367676,12.8400001526,59.8338127136,False
21.0,-0.252,-0.081,-0.243,0.1176798,0.6668522,9.6497436,26.3799991608,28.7444419861,-1.42999994755,0.627679765224,-31.3644943237,12.4504356384,-7.42997026443,-0.473200887442,97609.0270996,12.8400001526,59.8338127136,False
21.1,-0.066,-0.138,-0.236,0.2157463,0.6080123,9.73800345,25.2699985504,26.7750759125,-1.62000000477,-0.153414472938,-26.7036647797,12.5905532837,-7.10097551346,-0.382190257311,97609.753418,12.7199993134,58.2095146179,False
21.200000000000003,-0.024,-0.148,-0.235,0.24516625,0.7453054,9.80665,25.2699985504,26.7750759125,-1.62000000477,-0.153414472938,-26.7036647797,12.7883701324,-6.61706018448,-0.289225250483,97611.4379883,12.7199993134,58.2095146179,False
21.3,-0.027,-0.163,-0.244,0.24516625,0.7649187,10.69905515,24.4599990845,26.7750759125,-1.70999991894,-0.153414472938,-26.7036647797,12.895819664,-6.30447721481,-0.273476749659,97608.984375,12.6799993515,57.2095870972,False
21.400000000000002,-0.215,-0.116,-0.214,0.30400615,0.71588545,10.73828175,22.6899986267,26.6326160431,-1.93999993801,0.351565212011,-22.1488018036,13.0870370865,-5.7641620636,-0.277863293886,97610.2416992,12.6099996567,65.3696060181,False
21.5,-0.26,-0.13,-0.214,0.3530394,0.4903325,10.54214875,21.6299991608,26.6326160431,-2.06999993324,0.351565212011,-22.1488018036,13.2001676559,-5.39352798462,-0.267455965281,97609.9731445,12.5799999237,76.7281494141,False
21.6,-0.131,-0.102,-0.2,0.392266,0.6472389,10.2969825,21.6299991608,26.6326160431,-2.07999992371,0.351565212011,-22.1488018036,13.2838277817,-5.12325572968,-0.242822110653,97609.4421387,12.5799999237,76.7281494141,False
21.700000000000003,-0.147,-0.069,-0.173,0.392266,0.67665885,10.03220295,21.4200000763,26.6326160431,-2.16999983788,0.351565212011,-22.1488018036,13.3685903549,-4.79922151566,-0.191189318895,97611.5539551,12.5500001907,76.7281494141,False
21.8,-0.168,-0.058,-0.158,0.42168595,0.6472389,11.09132115,20.5499992371,26.6326160431,-2.24000000954,0.351565212011,-22.1488018036,13.4615678787,-4.46508359909,-0.223592177033,97605.5297852,12.4899997711,72.4237442017,False
21.900000000000002,-0.029,-0.039,-0.142,0.44129925,0.73549875,11.03248125,18.6599998474,22.518825531,-2.48000001907,0.537819445133,-16.2953052521,13.5550022125,-4.07523012161,-0.259796738625,97603.3935547,12.4600000381,79.8042297363,False
22.0,-0.082,0.021,-0.155,0.3530394,0.8825985,10.0420096,18.6599998474,22.518825531,-2.48000001907,0.537819445133,-16.2953052521,13.6002111435,-3.89436459541,-0.240881472826,97604.5288086,12.4600000381,79.8042297363,False
22.1,-0.131,0.013,-0.163,0.2549729,0.7060788,9.56148375,16.9899997711,22.518825531,-2.6099998951,0.537819445133,-16.2953052521,13.6834249496,-3.51343274117,-0.125294983387,97605.9875488,12.3999996185,80.3003311157,False
22.200000000000003,-0.116,-0.045,-0.173,0.20593965,0.65704555,8.99269805,16.2799987793,22.518825531,-2.59999990463,0.537819445133,-16.2953052521,13.7330513,-3.27126765251,0.0346893817186,97606.7565918,12.3899993896,80.3003311157,False
22.3,-0.1,-0.044,-0.17,0.18632635,0.75511205,9.18883105,16.2799987793,20.6496162415,-2.6099998951,-0.762012064457,-12.2923212051,13.7625455856,-3.08521270752,0.148014590144,97604.9377441,12.3899993896,80.3003311157,False
22.400000000000002,-0.15,-0.079,-0.173,0.2549729,0.81395195,10.4146623,15.6099996567,20.6496162415,-2.52999997139,-0.762012064457,-12.2923212051,13.8176927567,-2.83111619949,0.154418930411,97604.5288086,12.3899993896,65.2238845825,False
22.5,-0.134,-0.074,-0.177,0.32361945,0.73549875,11.2188076,14.8099994659,20.6496162415,-2.54999995232,-0.762012064457,-12.2923212051,13.8722801208,-2.54571008682,0.0612147524953,97608.7402344,12.3999996185,65.2238845825,False
22.6,-0.146,-0.082,-0.154,0.36284605,0.61781895,11.81701325,13.8099994659,20.6496162415,-2.62999987602,-0.762012064457,-12.2923212051,13.927822113,-2.25279283524,-0.0832031220198,97607.2387695,12.4099998474,63.8205528259,False
22.700000000000003,-0.115,0.007,-0.139,0.2941995,0.69627215,11.3561007,12.7199993134,20.6496162415,-2.77999997139,-0.762012064457,-12.2923212051,13.9653491974,-1.98833835125,-0.179743200541,97605.1757812,12.4099998474,63.8205528259,False
22.8,-0.13,-1.39609735103e-17,-0.114,0.26477955,0.784532,10.69905515,11.7199993134,17.5527210236,-2.91999983788,-0.690691053867,-8.09658432007,14.0007724762,-1.7609295845,-0.216667234898,97605.5114746,12.3899993896,64.9445495605,False
22.900000000000002,-0.093,0.055,-0.12,0.26477955,0.93163175,10.01258965,10.1099996567,17.5527210236,-3.03999996185,-0.690691053867,-8.09658432007,14.0123090744,-1.63443028927,-0.22392898798,97603.5766602,12.3699998856,64.9445495605,False
23.0,-0.078,0.106,-0.154,0.2549729,0.77472535,9.3163175,10.1099996567,17.5527210236,-3.14999985695,-0.690691053867,-8.09658432007,14.0449848175,-1.45452880859,-0.174334600568,97603.7963867,12.3400001526,63.3323669434,False
23.1,-0.11,0.03,-0.163,0.1372931,0.59820565,9.44380395,9.39999961853,15.9601478577,-3.19999980927,-2.33481097221,-5.94392204285,14.0910358429,-1.18719828129,-0.0610390901566,97604.1320801,12.3099994659,63.3323669434,False
23.200000000000003,-0.135,0.016,-0.136,0.08825985,0.50013915,9.01231135,8.60999965668,15.9601478577,-3.23000001907,-2.33481097221,-5.94392204285,14.1239824295,-1.010674119,0.0539726987481,97605.9570312,12.2899999619,69.8162994385,False
23.3,-0.067,-0.01,-0.111,0.02941995,0.51975245,8.18855275,7.31999969482,15.9601478577,-3.1099998951,-2.33481097221,-5.94392204285,14.1437511444,-0.846135377884,0.281140834093,97604.9133301,12.2899999619,62.9423141479,False
23.400000000000002,-0.091,0.012,-0.12,0.10787315,0.8433719,8.01203305,7.31999969482,15.9601478577,-3.1099998951,-2.33481097221,-5.94392204285,14.1633424759,-0.748443007469,0.433272480965,97603.8391113,12.2899999619,62.9423141479,False
23.5,-0.101,0.037,-0.149,0.0980665,0.71588545,8.7475318,6.7999997139,14.4482440948,-2.95000004768,-3.27989172935,-3.57054948807,14.1835432053,-0.610890865326,0.557883143425,97602.3620605,12.3099994659,62.9423141479,False
23.6,0.017,-0.043,-0.155,0.18632635,0.588399,10.1204628,6.21000003815,14.4482440948,-2.77999997139,-3.27989172935,-3.57054948807,14.2327833176,-0.442846179008,0.569018304348,97605.3466797,12.3599996567,74.9552764893,False
23.700000000000003,-0.039,0.016,-0.12,0.0980665,0.6472389,9.32612415,5.42999982834,14.4482440948,-2.69000005722,-3.27989172935,-3.57054948807,14.2613515854,-0.285951256752,0.649077296257,97605.3283691,12.4099998474,74.9552764893,False
23.8,-0.009,0.055,-0.103,0.1765197,0.65704555,9.24767095,4.69000005722,13.9885339737,-2.53999996185,-3.97167420387,-1.2618714571,14.2953557968,-0.166643038392,0.723813176155,97607.0678711,12.4699993134,69.8120117188,False
23.900000000000002,-0.009,0.055,-0.103,0.1765197,0.65704555,9.24767095,4.69000005722,13.9885339737,-2.53999996185,-3.97167420387,-1.2618714571,14.2953557968,-0.166643038392,0.723813176155,97607.0678711,12.4699993134,69.8120117188,False
24.0,-0.241,0.031,-0.062,0.04903325,0.588399,8.40429905,2.65999984741,13.9885339737,-1.77999997139,-3.97167420387,-1.2618714571,14.3562507629,0.0899103581905,1.06958055496,97603.0578613,12.7100000381,65.412612915,False
24.1,-0.415,-0.059,-0.045,0.2157463,0.784532,10.1400761,2.66999983788,13.9885339737,-1.78999996185,-3.97167420387,-1.2618714571,14.3971557617,0.190577149391,1.14972364902,97607.623291,12.7100000381,65.412612915,False
24.200000000000003,-0.332,-0.046,-0.046,0.2941995,0.7453054,10.95402805,2.16999983788,9.72244167328,-1.56999993324,-4.57918691635,0.0632618367672,14.4793987274,0.283690869808,1.04482626915,97609.4482422,12.8099994659,64.461807251,False
24.3,-0.161,-0.057,-0.09,0.1765197,0.7060788,9.6301303,1.73000001907,9.72244167328,-1.41999995708,-4.57918691635,0.0632618367672,14.5258560181,0.341512709856,1.07358956337,97609.197998,12.9099998474,64.461807251,False
24.400000000000002,-0.185,-0.036,-0.096,0.12748645,0.6472389,9.67916355,1.17999994755,9.72244167328,-0.949999988079,-4.57918691635,0.0632618367672,14.5493326187,0.363288491964,1.09439766407,97613.1469727,13.1099996567,50.6481170654,False
24.5,-0.157,-0.093,-0.073,0.20593965,0.61781895,10.4146623,1.0,5.3331489563,-0.769999980927,-3.56212425232,1.68009638786,14.58086586,0.392932981253,1.07533252239,97616.0339355,13.1999998093,42.8997993469,False
24.6,-0.145,-0.11,-0.057,0.24516625,0.67665885,10.7088618,0.8599999547,5.3331489563,-0.599999964237,-3.56212425232,1.68009638786,14.6052112579,0.410753935575,1.03001558781,97616.0217285,13.2999992371,33.8122367859,False
24.700000000000003,-0.05,-0.119,-0.048,0.1765197,0.55897905,11.20900095,0.8599999547,5.3331489563,-0.610000014305,-3.56212425232,1.68009638786,14.6246137619,0.428190588951,0.917852640152,97618.0786133,13.2999992371,33.8122367859,False
24.8,-0.049,-0.13,-0.034,0.28439285,0.44129925,10.71866845,0.740000009537,5.3331489563,-0.479999989271,-3.56212425232,1.68009638786,14.6371269226,0.450503587723,0.828209042549,97618.182373,13.3800001144,33.8122367859,False
24.900000000000002,-0.049,-0.13,-0.034,0.28439285,0.44129925,10.71866845,0.539999961853,5.3331489563,-0.359999984503,-3.56212425232,1.68009638786,14.6347045898,0.48429480195,0.57359880209,97618.182373,13.4600000381,33.8122367859,False
25.0,-0.165,-0.08,0.079,0.3138128,0.53936575,12.01314625,0.219999998808,3.26743793488,-0.459999978542,-0.331110805273,2.48395943642,14.6258068085,0.501510858536,0.441279619932,97619.6472168,13.5199995041,68.1756973267,False
25.1,-0.115,-0.075,0.11,0.3530394,0.5295591,11.77778665,0.219999998808,3.26743793488,-0.459999978542,-0.331110805273,2.48395943642,14.5893659592,0.473118335009,0.198606923223,97619.8974609,13.5599994659,68.1756973267,False
25.200000000000003,0.03,-0.013,0.085,0.3138128,0.588399,11.1403544,0.479999989271,3.26743793488,-0.649999976158,-0.331110805273,2.48395943642,14.5423154831,0.419461369514,0.0504979901016,97621.8444824,13.5699996948,63.8328552246,False
25.3,0.028,0.003,0.059,0.24516625,0.63743225,9.75761675,0.680000007153,2.6627509594,-0.689999997616,0.552283644676,0.510275959969,14.4952411652,0.381394267082,0.0610514171422,97620.513916,13.5599994659,71.7001953125,False
25.400000000000002,-0.044,-0.01,0.054,0.24516625,0.8237586,9.8458766,0.680000007153,2.6627509594,-0.689999997616,0.552283644676,0.510275959969,14.4673709869,0.342822402716,0.0808819681406,97621.685791,13.5599994659,71.7001953125,False
25.5,-0.116,0.01,0.024,0.32361945,0.89240515,10.46369555,0.870000004768,2.6627509594,-0.689999997616,0.552283644676,0.510275959969,14.424446106,0.298149734735,0.0349134355783,97621.685791,13.5499992371,71.7001953125,False
25.6,-0.074,-0.007,-0.008,0.34323275,0.7256921,11.60126695,1.15999996662,2.11529135704,-0.75,0.571885228157,-0.0936943814158,14.38671875,0.243670359254,-0.0635522454977,97621.685791,13.5399999619,78.9442062378,False
25.700000000000003,-0.142,-0.022,0.001,0.18632635,0.71588545,11.22861425,1.41999995708,2.11529135704,-0.879999995232,0.571885228157,-0.0936943814158,14.3448839188,0.18566121161,-0.182717248797,97622.4365234,13.529999733,78.9442062378,False
25.8,-0.221,-0.023,-0.004,0.1765197,0.7060788,10.48330885,1.83999991417,2.11529135704,-1.02999997139,0.571885228157,-0.0936943814158,14.2706804276,0.0671975314617,-0.251385867596,97624.0661621,13.4699993134,85.1152420044,False
25.900000000000002,-0.144,-0.043,-0.024,0.2157463,0.7060788,10.28717585,2.30999994278,2.11529135704,-1.13999998569,0.571885228157,-0.0936943814158,14.2051267624,-0.0396004170179,-0.280592262745,97622.8393555,13.4699993134,85.1152420044,False
26.0,-0.062,-0.039,-0.029,0.3138128,0.4707192,10.7088618,3.49000000954,-1.12936747074,-1.38999998569,1.37561368942,-0.0435583814979,14.1357555389,-0.159520611167,-0.354842811823,97620.6054688,13.3999996185,95.1708831787,False
26.1,0.055,0.012,-0.027,0.24516625,0.4707192,10.3558224,4.08999967575,-1.12936747074,-1.52999997139,1.37561368942,-0.0435583814979,14.1206579208,-0.18260410428,-0.36748239398,97616.8945312,13.3599996567,107.596588135,False
26.200000000000003,0.107,0.025,-0.003,0.2353596,0.4314926,9.1594111,4.09999990463,-1.12936747074,-1.52999997139,1.37561368942,-0.0435583814979,14.0272493362,-0.317137628794,-0.318043082952,97618.6645508,13.3599996567,107.596588135,False
26.3,0.106,0.048,-0.002,0.14709975,0.44129925,9.03192465,4.57999992371,-1.12936747074,-1.59999990463,1.37561368942,-0.0435583814979,13.9497785568,-0.40025639534,-0.227315887809,97617.5292969,13.3099994659,107.596588135,False
26.400000000000002,0.048,0.016,0.02,0.196133,0.4118793,9.5124505,5.08999967575,0.561736524105,-1.64999997616,1.11412644386,0.0465121082962,13.9216785431,-0.432180315256,-0.191163510084,97617.7734375,13.279999733,114.474197388,False
26.5,0.058,0.055,0.035,0.22555295,0.2941995,9.38496405,5.78999996185,0.561736524105,-1.7199999094,1.11412644386,0.0465121082962,13.8685359955,-0.476090431213,-0.135249733925,97617.3400879,13.2199993134,115.252685547,False
26.6,0.057,0.07,0.077,0.20593965,0.12748645,9.0025047,5.78999996185,0.561736524105,-1.7199999094,1.11412644386,0.0465121082962,13.833568573,-0.490932643414,-0.0878208130598,97619.6166992,13.2199993134,115.252685547,False
26.700000000000003,0.056,0.019,0.133,0.30400615,0.3530394,9.3359308,6.0,0.561736524105,-1.70999991894,1.11412644386,0.0465121082962,13.7962379456,-0.513850986958,-0.0112140700221,97616.2658691,13.2100000381,115.252685547,False
26.8,-0.011,0.006,0.148,0.26477955,0.5687857,9.28689755,6.28999996185,2.00980401039,-1.68999993801,0.265502363443,-1.62686085701,13.7654399872,-0.551794350147,0.0494281165302,97616.7236328,13.1999998093,125.835418701,False
26.900000000000002,0.098,0.046,0.11,0.1569064,0.36284605,8.40429905,6.60999965668,2.00980401039,-1.65999996662,0.265502363443,-1.62686085701,13.7346839905,-0.592535614967,0.144112482667,97615.6860352,13.2100000381,125.835418701,False
27.0,0.137,0.012,0.104,0.16671305,0.48052585,8.629852,6.92000007629,2.00980401039,-1.54999995232,0.265502363443,-1.62686085701,13.7078790665,-0.615758776665,0.283660054207,97612.1520996,13.2199993134,132.841308594,False
27.1,0.081,0.06,0.083,0.12748645,0.63743225,8.2964259,7.15999984741,2.00980401039,-1.40999996662,0.265502363443,-1.62686085701,13.6724119186,-0.648114621639,0.453870952129,97615.3869629,13.2399997711,132.841308594,False
27.200000000000003,0.045,0.057,0.042,0.1569064,0.63743225,8.44352565,7.48999977112,3.86446928978,-1.23000001907,-0.48283007741,-4.55332946777,13.6592350006,-0.67341864109,0.579559326172,97621.1242676,13.279999733,134.143447876,False
27.3,-0.063,0.027,0.001,0.2745862,0.71588545,9.3359308,8.13000011444,3.86446928978,-0.799999952316,-0.48283007741,-4.55332946777,13.6491136551,-0.729508936405,0.743850827217,97616.4916992,13.3999996185,134.357833862,False
27.400000000000002,-0.09,0.026,-0.023,0.392266,0.69627215,9.9243298,8.13000011444,3.86446928978,-0.799999952316,-0.48283007741,-4.55332946777,13.6531000137,-0.737513422966,0.74963504076,97619.0124512,13.3999996185,134.357833862,False
27.5,-0.071,-0.008,-0.024,0.53936575,0.784532,11.71894675,8.4299993515,3.86446928978,-0.639999985695,-0.48283007741,-4.55332946777,13.6780319214,-0.781863570213,0.606411218643,97622.2351074,13.4799995422,134.357833862,False
27.6,0.083,0.082,-0.079,0.4903325,0.784532,10.8265416,8.85999965668,3.13949275017,-0.620000004768,-0.981726229191,-4.86457920074,13.7028617859,-0.830524682999,0.454811990261,97622.2351074,13.5399999619,135.524368286,False
27.700000000000003,0.115,0.084,-0.081,0.34323275,0.55897905,10.16949605,9.26000022888,3.13949275017,-0.589999973774,-0.981726229191,-4.86457920074,13.7361783981,-0.88197350502,0.405953526497,97622.3327637,13.5900001526,135.524368286,False
27.8,0.165,0.005,-0.061,0.22555295,0.48052585,9.8851032,9.61999988556,3.13949275017,-0.509999990463,-0.981726229191,-4.86457920074,13.7495613098,-0.888727605343,0.407746404409,97621.1791992,13.6300001144,132.7293396,False
27.900000000000002,-0.196,-0.061,-0.023,0.26477955,0.53936575,9.5124505,9.78999996185,4.94687414169,-0.419999986887,-1.93327522278,-3.83962965012,13.78353405,-0.900564730167,0.455418974161,97623.840332,13.7100000381,123.987670898,False
28.0,-0.282,-0.108,-0.004,0.38245935,0.6080123,10.3362091,10.0500001907,4.94687414169,-0.299999982119,-1.93327522278,-3.83962965012,13.801525116,-0.925243258476,0.428806364536,97624.987793,13.7100000381,123.987670898,False
28.1,-0.024,-0.066,-0.019,0.24516625,0.42168595,9.1397978,10.3899993896,4.94687414169,-0.219999998808,-1.93327522278,-3.83962965012,13.8018064499,-0.96505433321,0.511469781399,97624.6520996,13.75,123.987670898,False
28.200000000000003,0.168,-0.084,-0.004,0.392266,0.51975245,10.0420096,10.8099994659,4.94687414169,-0.0499999970198,-1.93327522278,-3.83962965012,13.8051986694,-0.985898971558,0.543962717056,97625.2319336,13.7999992371,124.51877594,False
28.3,0.375,-0.095,-0.006,0.4707192,0.48052585,10.3558224,11.0999994278,3.30130171776,0.109999999404,-0.322719603777,-3.55997896194,13.8089084625,-0.987307906151,0.517246425152,97626.5197754,13.9099998474,118.923278809,False
28.400000000000002,0.336,-0.088,0.025,0.5491724,0.4903325,11.0226746,11.2899999619,3.30130171776,0.219999998808,-0.322719603777,-3.55997896194,13.8157529831,-0.962121903896,0.452035814524,97625.8483887,13.9099998474,118.923278809,False
28.5,0.173,-0.054,0.038,0.48052585,0.48052585,10.5127288,11.2399997711,3.30130171776,0.280000001192,-0.322719603777,-3.55997896194,13.816701889,-0.87199229002,0.3585460186,97626.7272949,13.9499998093,118.923278809,False
28.6,0.362,-0.047,0.041,0.81395195,0.4903325,12.6309652,11.1099996567,9.28555679321,0.359999984503,1.20614850521,-3.95852398872,13.8388261795,-0.739882528782,0.158698022366,97627.9968262,14.0,113.815116882,False
28.700000000000003,-0.003,0.012,0.12,0.83356525,0.87279185,12.66038515,10.1300001144,9.28555679321,0.129999995232,1.20614850521,-3.95852398872,13.8610601425,-0.589602649212,-0.134573981166,97628.125,14.029999733,116.375259399,False
28.8,-0.32,0.029,0.113,0.784532,1.0395049,12.1014061,10.1300001144,9.28555679321,0.119999997318,1.20614850521,-3.95852398872,13.8744354248,-0.532709300518,-0.288362503052,97631.7321777,14.029999733,116.375259399,False
28.900000000000002,-0.29,0.146,-0.005,0.40207265,0.9218251,9.73800345,9.93999958038,9.28555679321,-0.149999991059,1.20614850521,-3.95852398872,13.8646230698,-0.518978357315,-0.296347051859,97631.8115234,13.9699993134,114.27936554,False
29.0,-0.195,0.098,-0.046,0.3138128,1.0591182,8.87501825,10.1700000763,9.28555679321,-0.129999995232,1.20614850521,-3.95852398872,13.8598823547,-0.548817813396,-0.149090111256,97630.682373,13.9399995804,105.294418335,False
29.1,-0.022,0.064,-0.131,0.3726527,1.10815145,8.18855275,10.1700000763,6.57367801666,-0.140000000596,-0.49854195118,-5.18625402451,13.8626394272,-0.590550780296,-0.00951625499874,97626.2817383,13.9399995804,105.294418335,False
29.200000000000003,0.082,0.096,-0.197,0.30400615,0.7060788,8.14932615,10.5799999237,6.57367801666,-0.019999999553,-0.49854195118,-5.18625402451,13.876748085,-0.587745070457,0.160832390189,97627.1850586,13.9299993515,105.294418335,False
29.3,0.193,0.022,-0.199,0.26477955,0.16671305,8.12971285,10.7100000381,6.57367801666,0.109999999404,-0.49854195118,-5.18625402451,13.8953342438,-0.547805249691,0.380910485983,97627.7954102,13.9399995804,105.294418335,False
29.400000000000002,0.265,-1.69001258282e-17,-0.138,0.30400615,0.2549729,9.1986377,10.6700000763,6.57367801666,0.34999999404,-0.49854195118,-5.18625402451,13.9144763947,-0.501353442669,0.447602003813,97626.171875,13.9699993134,106.668380737,False
29.5,0.185,0.008,-0.058,0.392266,0.2745862,9.75761675,10.3199996948,6.57367801666,0.539999961853,-0.49854195118,-5.18625402451,13.9516716003,-0.385276466608,0.490638405085,97628.8818359,14.0199995041,106.668380737,False
29.6,0.047,-0.024,0.017,0.5295591,0.59820565,10.50292215,9.90999984741,10.7829504013,0.699999988079,-2.01664996147,-1.85756731033,14.0119991302,-0.246383458376,0.46151971817,97625.2380371,14.0799999237,107.899093628,False
29.700000000000003,-0.062,-0.099,-0.004,0.46091255,0.3726527,9.83606995,9.40999984741,10.7829504013,0.799999952316,-2.01664996147,-1.85756731033,14.0586299896,-0.141851633787,0.460862755775,97628.7780762,14.1300001144,107.899093628,False
29.8,0.098,-0.121,-0.005,0.3530394,0.1372931,10.9049948,8.94999980927,10.7829504013,0.939999997616,-2.01664996147,-1.85756731033,14.0884075165,-0.0355880409479,0.471670359373,97634.185791,14.1799993515,100.13494873,False
29.900000000000002,0.009,-0.144,0.061,0.4903325,0.2353596,11.52281375,8.23999977112,11.2733898163,1.03999996185,-1.00418663025,-1.8007055521,14.1137237549,0.173687413335,0.328303426504,97627.7099609,14.2299995422,100.13494873,False
30.0,-0.037,-0.091,0.116,0.4314926,0.1372931,12.1406327,7.41999959946,11.2733898163,1.04999995232,-1.00418663025,-1.8007055521,14.1244440079,0.329290479422,0.184944435954,97631.7626953,14.2699995041,97.3474502563,False
30.1,0.065,-0.006,0.149,0.392266,0.67665885,10.36562905,6.46999979019,11.2733898163,1.0,-1.00418663025,-1.8007055521,14.118437767,0.488027393818,0.102605454624,97634.4909668,14.2899999619,97.3474502563,False
30.200000000000003,-0.121,-0.091,0.102,0.4314926,0.93163175,10.60098865,5.83999967575,11.2733898163,1.01999998093,-1.00418663025,-1.8007055521,14.1162090302,0.586205840111,0.0437418594956,97634.3261719,14.2999992371,87.2637786865,False
30.3,-0.373,-0.126,0.053,0.51975245,1.1571847,11.6503002,4.94000005722,11.606344223,0.889999985695,1.1388258934,-3.99288463593,14.1029481888,0.648411035538,-0.0494003780186,97629.5654297,14.2999992371,86.763092041,False
30.400000000000002,-0.459,-0.1,-0.019,0.5491724,0.9414384,12.15043935,4.94000005722,11.606344223,0.879999995232,1.1388258934,-3.99288463593,14.0846509933,0.699105858803,-0.245924443007,97632.7270508,14.2999992371,86.763092041,False
30.5,-0.459,-0.1,-0.019,0.5491724,0.9414384,12.15043935,4.61999988556,11.606344223,0.449999988079,1.1388258934,-3.99288463593,14.0539770126,0.71225297451,-0.4500220716,97632.7270508,14.2299995422,90.1212692261,False
30.6,-0.138,-0.049,-0.063,0.55897905,0.75511205,11.375714,4.61999988556,5.42439365387,0.449999988079,2.89907336235,-3.67007064819,14.0208892822,0.714021921158,-0.607131838799,97632.208252,14.2299995422,90.1212692261,False
30.700000000000003,-0.07,0.005,-0.062,0.4707192,0.59820565,10.75789505,4.61000013351,5.42439365387,0.219999998808,2.89907336235,-3.67007064819,13.9794979095,0.697455585003,-0.742163777351,97629.7607422,14.1700000763,96.6914215088,False
30.8,-0.145,-0.016,-0.032,0.4903325,0.588399,10.4146623,4.63000011444,5.42439365387,-0.0299999993294,2.89907336235,-3.67007064819,13.938958168,0.67790812254,-0.796709835529,97633.6853027,14.0900001526,96.6914215088,False
30.900000000000002,-0.059,-0.002,-0.015,0.4511059,0.79433865,10.2969825,5.00999975204,3.58761143684,-0.5,2.98166012764,-2.72675848007,13.8904762268,0.640353024006,-0.850829958916,97623.828125,13.9200000763,103.290649414,False
31.0,0.025,-0.009,-0.03,0.36284605,0.6080123,10.03220295,5.00999975204,3.58761143684,-0.5,2.98166012764,-2.72675848007,13.8322677612,0.583284378052,-0.882907271385,97627.0141602,13.9200000763,103.290649414,False
31.1,-0.003,0.022,-0.028,0.34323275,0.4511059,9.89490985,5.17000007629,3.58761143684,-0.729999959469,2.98166012764,-2.72675848007,13.788939476,0.547896444798,-0.88485622406,97627.4597168,13.8299999237,103.290649414,False
31.200000000000003,0.038,0.111,-0.037,0.4314926,0.48052585,9.81645665,5.38000011444,3.58761143684,-0.939999997616,2.98166012764,-2.72675848007,13.7432584763,0.521960198879,-0.864260017872,97627.1057129,13.7399997711,116.625785828,False
31.3,0.008,0.058,0.009,0.4314926,0.4903325,9.54187045,5.73999977112,3.58761143684,-1.32999992371,2.98166012764,-2.72675848007,13.7027664185,0.481831818819,-0.816812455654,97620.5383301,13.5599994659,127.307983398,False
31.400000000000002,-0.095,2.44929359829e-18,0.02,0.4118793,0.5099458,9.73800345,5.73999977112,3.58761143684,-1.32999992371,2.98166012764,-2.72675848007,13.6807909012,0.465687990189,-0.800186812878,97620.7702637,13.5599994659,127.307983398,False
31.5,-0.096,0.018,0.054,0.4511059,0.588399,9.79684335,6.13999986649,3.94914317131,-1.66999995708,1.64905917645,-2.51339054108,13.6561069489,0.432765960693,-0.752906501293,97618.371582,13.3999996185,131.814865112,False
31.6,-0.093,0.009,0.051,0.4314926,0.57859235,9.97336305,6.13999986649,3.94914317131,-1.66999995708,1.64905917645,-2.51339054108,13.6285705566,0.363559514284,-0.752367138863,97618.371582,13.3999996185,131.814865112,False
31.700000000000003,0.04,0.009,0.047,0.5295591,0.588399,10.54214875,6.76999998093,3.94914317131,-2.1099998951,1.64905917645,-2.51339054108,13.6005411148,0.299287885427,-0.810442864895,97621.9360352,13.2399997711,129.958724976,False
31.8,0.232,0.036,0.038,0.42168595,0.784532,9.5124505,6.76999998093,3.94914317131,-2.1099998951,1.64905917645,-2.51339054108,13.5952281952,0.281901806593,-0.803901672363,97618.2189941,13.2399997711,129.958724976,False
31.900000000000002,0.165,0.038,0.02,0.46091255,0.7060788,9.85568325,7.0,3.86344647408,-2.29999995232,1.35874605179,-3.73092341423,13.5797386169,0.23573204875,-0.770246446133,97615.5151367,13.1599998474,129.958724976,False
32.0,0.078,0.097,-0.014,0.30400615,0.57859235,9.0417313,7.23000001907,3.86344647408,-2.49000000954,1.35874605179,-3.73092341423,13.5772361755,0.23505564034,-0.74472373724,97617.590332,13.0799999237,132.784851074,False
32.1,0.106,0.105,-0.004,0.24516625,0.51975245,8.81617835,7.59999990463,3.86344647408,-2.6099998951,1.35874605179,-3.73092341423,13.5715961456,0.222121715546,-0.561681389809,97611.932373,13.0099992752,132.784851074,False
32.2,0.048,0.172,-0.02,0.16671305,0.63743225,7.8257067,7.76999998093,3.86344647408,-2.69000005722,1.35874605179,-3.73092341423,13.5710725784,0.214052826166,-0.400409579277,97615.3198242,12.9399995804,133.257675171,False
32.300000000000004,0.04,0.083,-0.049,0.0784532,0.67665885,7.44324735,8.64999961853,6.92027997971,-2.57999992371,-1.00587379932,-4.13638162613,13.5749006271,0.175316855311,-0.0417014025152,97613.5864258,12.8699998856,137.368103027,False
32.4,0.038,-0.013,-0.1,0.16671305,0.8237586,7.54131385,8.88000011444,6.92027997971,-2.42999982834,-1.00587379932,-4.13638162613,13.5806293488,0.153985351324,0.174990996718,97616.1132812,12.8699998856,134.672454834,False
32.5,0.074,-0.013,-0.15,0.16671305,0.6668522,9.26728425,8.88000011444,6.92027997971,-2.42999982834,-1.00587379932,-4.13638162613,13.5906734467,0.141258820891,0.250064194202,97614.440918,12.8699998856,134.672454834,False
32.6,0.134,0.07,-0.176,0.1372931,0.44129925,8.87501825,9.40999984741,6.92027997971,-2.28999996185,-1.00587379932,-4.13638162613,13.6094503403,0.159707859159,0.311784297228,97613.5498047,12.8999996185,134.672454834,False
32.7,0.176,0.116,-0.166,0.02941995,0.5099458,7.649187,11.3699998856,8.27842617035,-1.88999998569,-1.90126109123,-2.11195158958,13.6400318146,0.231145784259,0.610108137131,97614.2089844,13.0,129.174224854,False
32.800000000000004,0.365,-0.023,-0.145,0.14709975,0.32361945,7.81590005,11.3699998856,8.27842617035,-1.88999998569,-1.90126109123,-2.11195158958,13.6496152878,0.260595798492,0.712478041649,97613.0371094,13.0,129.174224854,False
32.9,0.287,-0.107,-0.131,0.4707192,0.26477955,9.9047165,10.9099998474,13.0969705582,-1.28999996185,-2.83744740486,0.566243946552,13.712105751,0.401505857706,0.850433111191,97614.276123,13.1700000763,175.327774048,False
33.0,0.009,-0.122,-0.023,0.4903325,0.08825985,10.91480145,10.9099998474,13.0969705582,-1.27999997139,-2.83744740486,0.566243946552,13.8028078079,0.666138827801,0.748364150524,97615.5761719,13.1700000763,175.327774048,False
33.1,-0.047,-0.094,0.046,0.51975245,0.28439285,11.0815145,10.779999733,13.0969705582,-1.17999994755,-2.83744740486,0.566243946552,13.8428401947,0.832652509212,0.688927531242,97615.5761719,13.25,175.327774048,False
33.2,-0.075,-0.145,0.113,0.588399,0.6080123,12.1406327,9.98999977112,13.0969705582,-1.06999993324,-2.83744740486,0.566243946552,13.885556221,0.990410387516,0.560380876064,97617.4804688,13.3299999237,169.772521973,False
33.300000000000004,-0.245,-0.079,0.107,0.6472389,0.83356525,12.4740588,11.5,13.41355896,-1.16999995708,-0.590427994728,0.610536813736,13.9468822479,1.25680160522,0.202141925693,97617.3583984,13.4200000763,152.717971802,False
33.4,-0.225,0.011,0.039,0.42168595,0.97085835,11.2188076,11.5,13.41355896,-1.17999994755,-0.590427994728,0.610536813736,13.9686975479,1.34709942341,0.0306975971907,97620.2819824,13.4200000763,152.717971802,False
33.5,-0.075,0.053,0.008,0.3530394,1.3140911,10.14988275,12.2399997711,13.41355896,-1.33999991417,-0.590427994728,0.610536813736,13.97260952,1.37038719654,0.00361733557656,97620.2819824,13.4200000763,152.717971802,False
33.6,0.019,0.08,-0.154,0.14709975,0.9610517,7.9433865,12.4899997711,10.5682983398,-1.37999999523,-0.498564600945,-0.227274164557,13.9819469452,1.38392663002,0.190557569265,97623.8952637,13.4099998474,146.272857666,False
33.7,-0.054,0.11,-0.231,0.0196133,0.69627215,7.83551335,12.7999992371,10.5682983398,-1.23000001907,-0.498564600945,-0.227274164557,13.9776086807,1.4096095562,0.357146382332,97619.8425293,13.4099998474,146.272857666,False
33.800000000000004,-0.123,0.116,-0.253,0.0392266,0.6080123,7.6099604,16.4200000763,10.5682983398,-0.77999997139,-0.498564600945,-0.227274164557,13.9826822281,1.45459055901,0.562344193459,97621.6125488,13.4799995422,138.014312744,False
33.9,0.075,0.04,-0.23,0.04903325,0.4118793,7.6099604,16.4200000763,10.5682983398,-0.77999997139,-0.498564600945,-0.227274164557,13.9918327332,1.51360607147,0.79645049572,97619.3237305,13.4799995422,138.014312744,False
34.0,0.271,-0.055,-0.209,0.02941995,0.20593965,8.95347145,16.7399997711,10.5682983398,-0.419999986887,-0.498564600945,-0.227274164557,14.0063772202,1.60874593258,1.00012516975,97624.9145508,13.5599994659,140.824890137,False
34.1,0.342,-0.111,-0.124,0.14709975,0.1569064,10.69905515,18.7399997711,10.5682983398,-0.070000000298,-0.498564600945,-0.227274164557,14.0251941681,1.77482938766,1.06903648376,97626.9836426,13.7699995041,137.459274292,False
34.2,0.294,-0.131,-0.035,0.44129925,0.1176798,11.69933345,18.6199989319,14.6642093658,0.219999998808,-2.84752082825,6.05836820602,14.0525455475,2.11296510696,0.99006319046,97621.9909668,13.7699995041,137.459274292,False
34.300000000000004,0.127,-0.187,0.05,0.6080123,0.34323275,13.0036179,19.1999988556,14.6642093658,0.439999997616,-2.84752082825,6.05836820602,14.0744066238,2.35165739059,0.790690898895,97624.005127,13.8800001144,124.590011597,False
34.4,0.093,-0.128,0.082,0.6864655,0.9610517,13.533177,18.6599998474,17.4399280548,0.489999979734,-0.626257240772,6.17100906372,14.1007680893,2.7065474987,0.373550534248,97627.6916504,13.9799995422,123.590087891,False
34.5,0.024,-0.13,0.042,0.7256921,1.26505785,13.64105015,21.109998703,17.4399280548,0.379999995232,-0.626257240772,6.17100906372,14.1056699753,2.93009519577,0.0960389375687,97625.7263184,14.029999733,154.042907715,False
34.6,-0.032,-0.017,-0.069,0.6080123,1.36312435,11.6699135,20.7899990082,17.4399280548,0.179999992251,-0.626257240772,6.17100906372,14.1014499664,3.22045874596,-0.208846747875,97632.0678711,14.0499992371,154.042907715,False
34.7,-0.102,-0.026,-0.106,0.6080123,1.5494507,11.81701325,21.5200004578,17.4399280548,-0.019999999553,-0.626257240772,6.17100906372,14.0969257355,3.29728579521,-0.281232565641,97632.0678711,14.029999733,150.509460449,False
34.800000000000004,0.343,0.118,-0.264,0.2157463,0.79433865,6.44296905,22.609998703,17.6504821777,-0.189999997616,0.500299751759,6.5821518898,14.0639019012,3.58092808723,-0.116041228175,97629.9682617,13.9299993515,150.685501099,False
34.9,0.295,0.018,-0.267,0.2157463,0.6472389,6.87446165,22.7699985504,17.6504821777,0.00999999977648,0.500299751759,6.5821518898,14.0374727249,3.74047541618,0.199316486716,97629.3579102,13.9099998474,150.685501099,False
35.0,0.346,-0.061,-0.283,0.18632635,0.40207265,8.237586,22.7699985504,17.6504821777,0.0299999993294,0.500299751759,6.5821518898,14.0244092941,3.83045101166,0.291994452477,97628.729248,13.9099998474,150.685501099,False
35.1,0.035,-0.08,-0.188,0.2745862,0.40207265,9.75761675,22.5599994659,23.4416866302,0.269999980927,-1.48861789703,11.6297473907,13.9593362808,4.16070270538,0.480684459209,97624.9572754,13.9299993515,141.842651367,False
35.2,0.031,-0.06,-0.144,0.26477955,0.55897905,9.5909037,25.1999988556,23.4416866302,0.469999998808,-1.48861789703,11.6297473907,13.9005174637,4.4769320488,0.563871920109,97624.3652344,13.9699993134,141.842651367,False
35.300000000000004,0.021,-0.134,-0.117,0.28439285,0.53936575,10.4342756,24.7999992371,23.4416866302,0.680000007153,-1.48861789703,11.6297473907,13.8440885544,4.72564458847,0.596320688725,97628.9978027,14.029999733,141.842651367,False
35.4,0.043,-0.124,-0.11,0.34323275,0.87279185,10.71866845,25.2999992371,23.4416866302,0.839999973774,-1.48861789703,11.6297473907,13.7807636261,4.99542951584,0.586495816708,97630.7250977,14.0900001526,140.534591675,False
35.5,0.028,-0.149,-0.134,0.3726527,0.75511205,10.81673495,24.859998703,24.6792812347,0.989999949932,-0.453799307346,15.5471057892,13.6326828003,5.5176653862,0.569891035557,97628.9794922,14.1499996185,138.364227295,False
35.6,0.0,-0.1,-0.137,0.36284605,0.8629852,10.7677017,24.25,24.6792812347,1.12000000477,-0.453799307346,15.5471057892,13.5730514526,5.7162399292,0.556322276592,97628.9794922,14.2100000381,138.364227295,False
35.7,0.004,-0.062,-0.138,0.38245935,0.97085835,10.77750835,26.2999992371,24.6792812347,1.35000002384,-0.453799307346,15.5471057892,13.3877801895,6.23876190186,0.502927839756,97628.326416,14.3099994659,134.194763184,False
35.800000000000004,-0.014,-0.072,-0.142,0.3726527,1.1375714,10.9638347,26.2999992371,24.6792812347,1.35000002384,-0.453799307346,15.5471057892,13.3660125732,6.30304718018,0.493563920259,97634.8632812,14.3499994278,117.184539795,False
35.9,0.02,-0.12,-0.211,0.3334261,0.99047165,10.38524235,27.7999992371,25.1682758331,1.45999991894,0.211865738034,19.483341217,13.1664276123,6.78274250031,0.4744823277,97633.6486816,14.3499994278,117.184539795,False
36.0,0.0,-0.143,-0.239,0.32361945,1.20621795,11.4345539,27.4399986267,25.1682758331,1.55999994278,0.211865738034,19.483341217,13.0280456543,7.1070318222,0.403204768896,97632.9772949,14.3899993896,117.184539795,False
36.1,0.057,-0.112,-0.293,0.392266,0.63743225,11.6503002,29.6599998474,25.1682758331,1.63999998569,0.211865738034,19.483341217,12.9202394485,7.30793523788,0.332190334797,97632.7575684,14.4299993515,117.184539795,False
36.2,0.207,-0.117,-0.298,0.3530394,0.65704555,11.38552065,29.1399993896,25.1682758331,1.64999997616,0.211865738034,19.483341217,12.7329406738,7.68485307693,0.242939263582,97637.3046875,14.4600000381,125.322723389,False
36.300000000000004,0.136,-0.157,-0.259,0.3138128,0.69627215,10.99325465,29.5699996948,27.8552761078,1.7199999094,0.219436898828,19.483341217,12.5244636536,8.05227947235,0.209537446499,97636.1328125,14.4799995422,125.322723389,False
36.4,0.03,-0.162,-0.23,0.2549729,0.6080123,11.3561007,28.8400001526,27.8552761078,1.74000000954,0.219436898828,26.6167240143,12.2925872803,8.43005752563,0.169617578387,97636.2243652,14.5,117.220397949,False
36.5,-0.005,-0.122,-0.205,0.2941995,0.6276256,10.77750835,28.8400001526,27.8552761078,1.74000000954,0.219436898828,26.6167240143,12.0480136871,8.79392242432,0.168147727847,97635.8886719,14.5,117.220397949,False
36.6,0.061,-0.21,-0.169,0.4118793,0.65704555,11.375714,28.9599990845,27.8552761078,1.77999997139,0.219436898828,26.6167240143,11.7348413467,9.24959564209,0.130323708057,97638.4338379,14.5099992752,145.928283691,False
36.7,0.076,-0.259,-0.161,0.42168595,0.79433865,11.48358715,28.1700000763,27.8552761078,1.80999994278,0.219436898828,26.6167240143,11.4570417404,9.60096931458,0.0987181812525,97631.0974121,14.5199995041,145.928283691,False
36.800000000000004,0.163,-0.185,-0.146,0.6668522,0.99047165,12.52309205,29.0499992371,29.4714851379,1.75,2.18041157722,33.1120262146,11.2151708603,9.90173625946,0.0300452671945,97643.0419922,14.5199995041,141.829299927,False
36.9,0.023,-0.141,-0.175,0.8041453,1.04931155,12.9055514,29.0499992371,29.4714851379,1.75,2.18041157722,33.1120262146,10.8715248108,10.3219804764,-0.17251573503,97631.4208984,14.5199995041,141.829299927,False
37.0,0.025,-0.157,-0.196,0.67665885,1.50041745,11.91507975,27.9699993134,29.4714851379,1.61000001431,2.18041157722,33.1120262146,10.4851179123,10.7579584122,-0.312477976084,97636.8347168,14.5,148.597900391,False
37.1,-0.167,-0.137,-0.257,0.69627215,1.28467115,11.9052731,27.9899997711,31.1633014679,1.4699999094,3.02996969223,36.4742202759,10.2178678513,11.0302343369,-0.399640679359,97635.3942871,14.4699993134,148.597900391,False
37.2,-0.249,0.01,-0.314,0.6276256,0.81395195,10.2969825,27.0499992371,31.1633014679,1.24000000954,3.02996969223,36.4742202759,9.83610916138,11.4046039581,-0.441546648741,97635.3942871,14.4099998474,148.713104248,False
37.300000000000004,-0.196,0.012,-0.308,0.5099458,0.89240515,9.8458766,26.2099990845,31.1633014679,1.10000002384,3.02996969223,36.4742202759,9.60955810547,11.6130409241,-0.391117811203,97633.605957,14.3499994278,145.188903809,False
37.4,-0.224,-0.03,-0.307,0.5099458,0.91201845,9.3163175,28.6999988556,27.9163093567,0.989999949932,1.32538127899,41.797996521,9.31797885895,11.8970689774,-0.262255758047,97638.269043,14.2599992752,109.868240356,False
37.5,-0.138,-0.125,-0.315,0.5295591,0.8629852,9.85568325,28.6999988556,27.9163093567,0.979999959469,1.32538127899,41.797996521,9.07633018494,12.1138467789,-0.166691839695,97627.0385742,14.2599992752,109.868240356,False
37.6,-0.113,-0.16,-0.322,0.55897905,0.6276256,10.6304086,29.0199985504,27.9163093567,0.959999978542,1.32538127899,41.797996521,8.86194324493,12.3138093948,-0.146557405591,97630.8410645,14.2299995422,109.868240356,False
37.7,0.054,-0.191,-0.296,0.6864655,0.8041453,11.6503002,28.5499992371,27.9163093567,0.919999957085,1.32538127899,41.797996521,8.55404758453,12.5746440887,-0.215518504381,97631.3964844,14.1999998093,105.105400085,False
37.800000000000004,0.032,-0.206,-0.263,0.7453054,0.59820565,12.1798593,28.7899990082,26.0508384705,0.629999995232,0.858420014381,49.0914535522,8.00765419006,13.0215301514,-0.40533927083,97627.4414062,14.1399993896,105.105400085,False
37.9,0.119,-0.139,-0.228,0.8237586,0.7453054,12.0229529,27.9499988556,26.0508384705,0.439999997616,0.858420014381,49.0914535522,7.63636875153,13.288351059,-0.519782245159,97628.918457,14.0799999237,99.4743347168,False
38.0,0.11,-0.133,-0.158,0.75511205,0.6864655,11.2580342,27.9499988556,26.0508384705,0.449999988079,0.858420014381,49.0914535522,7.41670751572,13.4480018616,-0.563141107559,97622.1008301,14.0799999237,99.4743347168,False
38.1,0.067,-0.118,-0.133,0.71588545,0.91201845,10.787315,27.0,28.4709739685,0.0599999986589,1.91224336624,49.0914535522,7.11486721039,13.6371669769,-0.604619622231,97629.2724609,14.0199995041,99.4743347168,False
38.2,-0.008,-0.11,-0.133,0.6864655,0.87279185,10.8069283,26.9899997711,28.4709739685,0.0599999986589,1.91224336624,54.8849258423,6.69170761108,13.8908805847,-0.61837375164,97623.0834961,13.9299993515,128.852264404,False
38.300000000000004,-0.079,-0.101,-0.14,0.7649187,1.1571847,11.2776475,25.5699996948,28.4709739685,-0.379999995232,1.91224336624,54.8849258423,6.38972473145,14.049328804,-0.655040800571,97625.5432129,13.7599992752,123.836608887,False
38.400000000000006,-0.145,-0.019,-0.192,0.55897905,1.0591182,9.9831697,25.5699996948,28.4709739685,-0.389999985695,1.91224336624,54.8849258423,5.98991775513,14.2678728104,-0.674965381622,97626.9348145,13.7599992752,123.836608887,False
38.5,-0.128,0.011,-0.218,0.46091255,1.1375714,9.3163175,24.8899993896,28.4709739685,-0.589999973774,1.91224336624,54.8849258423,5.7450056076,14.3764362335,-0.623547136784,97626.184082,13.6799993515,122.836685181,False
38.6,-0.073,0.011,-0.28,0.5099458,0.89240515,9.48303055,24.6499996185,27.0056724548,-0.75,1.44382357597,58.9246788025,5.45798206329,14.5171222687,-0.536124885082,97618.6462402,13.5199995041,114.260574341,False
38.7,-0.095,-0.083,-0.27,0.4903325,0.8237586,10.0812362,24.0199985504,27.0056724548,-0.849999964237,1.44382357597,58.9246788025,5.16132688522,14.6477413177,-0.439998239279,97622.6989746,13.5199995041,114.260574341,False
38.800000000000004,-0.062,-0.088,-0.279,0.53936575,0.81395195,10.5323421,23.3099994659,27.0056724548,-0.959999978542,1.44382357597,58.9246788025,4.76552534103,14.8404445648,-0.412904858589,97620.300293,13.4600000381,114.260574341,False
38.900000000000006,0.033,-0.122,-0.26,0.588399,0.6276256,10.8853815,22.4699993134,27.0056724548,-1.10000002384,1.44382357597,58.9246788025,4.48826313019,14.9622735977,-0.407981693745,97619.1101074,13.4099998474,114.260574341,False
39.0,-0.046,-0.157,-0.226,0.588399,0.65704555,11.07170785,21.4300003052,26.4417247772,-1.24000000954,0.0814907699823,64.8342971802,4.04116630554,15.1582183838,-0.443594574928,97622.4914551,13.3499994278,110.886672974,False
39.1,-0.116,-0.159,-0.203,0.57859235,0.79433865,11.0226746,20.2600002289,26.4417247772,-1.40999996662,0.0814907699823,64.8342971802,3.59696245193,15.3217725754,-0.479252308607,97616.2231445,13.2999992371,110.886672974,False
39.2,-0.147,-0.126,-0.203,0.67665885,0.69627215,11.18938765,19.0699996948,26.4417247772,-1.59999990463,0.0814907699823,64.8342971802,3.37183904648,15.4032621384,-0.491351902485,97614.3310547,13.1799993515,88.2738113403,False
39.300000000000004,-0.214,-0.075,-0.162,0.61781895,0.50013915,11.05209455,17.8199996948,26.4417247772,-1.78999996185,0.0814907699823,64.8342971802,2.84547924995,15.5698337555,-0.552309989929,97616.4489746,13.1799993515,88.2738113403,False
39.400000000000006,-0.17,-0.055,-0.118,0.59820565,0.4903325,10.3362091,16.4099998474,23.9566345215,-2.03999996185,0.91832780838,70.9624710083,2.51493263245,15.6740493774,-0.541628301144,97615.2099609,13.0999994278,82.5953521729,False
39.5,-0.194,-0.035,-0.102,0.6080123,0.6864655,9.93413645,15.1999998093,23.9566345215,-2.23000001907,0.91832780838,70.9624710083,2.22325873375,15.7421035767,-0.48973441124,97610.2783203,13.029999733,82.5953521729,False
39.6,-0.199,-0.07,-0.097,0.63743225,0.7649187,10.8461549,12.8800001144,23.9566345215,-2.6099998951,0.91832780838,70.9624710083,2.09876537323,15.7751579285,-0.498751610518,97613.1835938,12.9600000381,78.729057312,False
39.7,-0.177,-0.078,-0.107,0.59820565,0.6668522,11.03248125,12.8800001144,23.9566345215,-2.6099998951,0.91832780838,70.9624710083,1.72426187992,15.8676099777,-0.57661241293,97609.0515137,12.8899993896,59.4750404358,False
39.800000000000004,-0.264,-0.016,-0.078,0.42168595,0.8825985,9.99297635,11.6300001144,19.5165691376,-2.88999986649,1.28254270554,73.7240982056,1.37113285065,15.9372053146,-0.570058107376,97608.4350586,12.8099994659,59.4750404358,False
39.900000000000006,-0.342,0.054,-0.106,0.44129925,1.0002783,10.002783,10.6300001144,19.5165691376,-3.09999990463,1.28254270554,73.7240982056,1.17019855976,15.9563512802,-0.548903763294,97610.8947754,12.7399997711,59.4750404358,False
40.0,-0.335,0.053,-0.141,0.48052585,0.980665,10.8461549,9.80000019073,19.5165691376,-3.32999992371,1.28254270554,73.7240982056,1.05537641048,15.9779577255,-0.584053397179,97607.409668,12.6499996185,55.9883117676,False
40.1,-0.222,0.1,-0.173,0.30400615,0.9414384,9.3751574,9.02999973297,19.5165691376,-3.59999990463,1.28254270554,73.7240982056,0.84672665596,16.0028743744,-0.58816587925,97605.7312012,12.5699996948,55.9883117676,False
40.2,-0.243,0.088,-0.185,0.2941995,0.8825985,8.83579165,8.47000026703,19.5165691376,-3.81999993324,1.28254270554,73.7240982056,0.777786970139,16.0106887817,-0.526576757431,97608.807373,12.4899997711,58.3793640137,False
40.300000000000004,-0.248,0.094,-0.204,0.08825985,0.3530394,7.50208725,8.01000022888,12.7175693512,-3.95999979973,1.28254270554,73.7240982056,0.691259264946,16.0191345215,-0.411225825548,97602.6489258,12.4200000763,58.3793640137,False
40.400000000000006,-0.283,0.055,-0.175,0.14709975,0.4118793,7.79628675,7.59999990463,12.7175693512,-4.0,-1.51285374165,77.0200653076,0.539535939693,16.043094635,0.0184027608484,97603.5339355,12.3499994278,46.3117599487,False
40.5,-0.207,0.026,-0.149,0.1372931,0.1372931,7.75706015,7.2999997139,12.7175693512,-3.95999979973,-1.51285374165,77.0200653076,0.470703572035,16.0528640747,0.193646848202,97602.0263672,12.3199996948,46.3117599487,False
40.6,0.08,-0.033,-0.064,0.2353596,0.28439285,8.97308475,6.96999979019,12.7175693512,-3.86999988556,-1.51285374165,77.0200653076,0.419316262007,16.0712604523,0.278811693192,97600.9887695,12.3099994659,35.622882843,False
40.7,0.085,-0.041,-0.024,0.3138128,0.42168595,9.8851032,6.60999965668,9.91444015503,-3.77999997139,-2.5220015049,79.9202651978,0.28035223484,16.1249427795,0.310214608908,97600.6164551,12.3199996948,35.622882843,False
40.800000000000004,-0.02,0.011,0.018,0.2353596,0.51975245,9.77723005,6.15999984741,9.91444015503,-3.76999998093,-2.5220015049,79.9202651978,0.179266408086,16.1663913727,0.331870347261,97598.4069824,12.3400001526,29.8843383789,False
40.900000000000006,0.006,-0.02,0.007,0.18632635,0.48052585,9.1201845,5.23999977112,9.91444015503,-3.67999982834,-2.5220015049,79.9202651978,0.0675025060773,16.1977424622,0.434552818537,97602.9724121,12.3699998856,20.2055931091,False
41.0,-0.022,-0.069,0.03,0.26477955,0.5099458,9.4536106,5.23999977112,9.91444015503,-3.67999982834,-2.5220015049,79.9202651978,0.0120802046731,16.2197036743,0.463153719902,97600.8361816,12.3699998856,20.2055931091,False
41.1,0.007,-0.051,0.015,0.26477955,0.67665885,9.34573745,4.36999988556,10.3949642181,-3.51999998093,-2.00700855255,79.7788314819,-0.0742980390787,16.2387466431,0.543913245201,97604.9194336,12.4299993515,14.7717475891,False
41.2,-0.159,-0.074,0.011,0.3138128,0.6276256,10.14988275,4.36999988556,10.3949642181,-3.51999998093,-2.00700855255,79.7788314819,-0.160927698016,16.2672214508,0.562966763973,97605.3649902,12.4299993515,14.7717475891,False
41.300000000000004,-0.19,-0.029,-0.013,0.3138128,0.77472535,10.5519554,3.52999997139,10.3949642181,-3.44999980927,-2.00700855255,79.7788314819,-0.257013380527,16.2919139862,0.506874799728,97606.2561035,12.5,9.10806655884,False
41.400000000000006,-0.192,0.065,-0.035,0.30400615,0.67665885,10.0812362,3.52999997139,10.3949642181,-3.44999980927,-2.00700855255,79.7788314819,-0.281415700912,16.2980155945,0.497338682413,97602.9968262,12.5,9.10806655884,False
41.5,-0.157,0.036,-0.053,0.30400615,0.6276256,9.9047165,3.25,8.04099178314,-3.41999983788,-1.25031518936,79.89818573,-0.32902815938,16.3187789917,0.509650528431,97607.3242188,12.5399999619,9.10806655884,False
41.6,-0.16,0.044,-0.057,0.2549729,0.588399,9.48303055,3.06999993324,8.04099178314,-3.36999988556,-1.25031518936,79.89818573,-0.346082508564,16.3376083374,0.563686907291,97607.7880859,12.6099996567,0.840282440186,False
41.7,-0.132,0.02,-0.057,0.196133,0.6080123,9.2967042,2.9399998188,8.04099178314,-3.26999998093,-1.25031518936,79.89818573,-0.359084874392,16.3486309052,0.641179800034,97601.3427734,12.6099996567,0.840282440186,False
41.800000000000004,-0.132,0.048,-0.039,0.20593965,0.61781895,9.2770909,2.84999990463,8.04099178314,-3.14999985695,-1.25031518936,79.89818573,-0.362043201923,16.3603668213,0.690572857857,97608.2458496,12.6499996185,-1.21040344238,False
41.900000000000006,-0.119,0.057,-0.039,0.18632635,0.5687857,9.44380395,2.81999993324,4.9678478241,-2.86999988556,-2.31674933434,80.9984207153,-0.352621942759,16.3842830658,0.769456028938,97607.9101562,12.75,-3.98998260498,False
42.0,-0.113,0.035,-0.031,0.22555295,0.50013915,9.36535075,2.81999993324,4.9678478241,-2.86999988556,-2.31674933434,80.9984207153,-0.346122771502,16.396730423,0.796062886715,97608.1298828,12.75,-3.98998260498,False
42.1,-0.106,0.072,-0.039,0.20593965,0.5099458,9.4732239,2.84999990463,4.9678478241,-2.71000003815,-2.31674933434,80.9984207153,-0.316711813211,16.4336853027,0.863834679127,97612.7624512,12.8199996948,-3.98998260498,False
42.2,-0.077,0.023,-0.035,0.2157463,0.4707192,9.1986377,2.97000002861,4.9678478241,-2.53999996185,-2.31674933434,80.9984207153,-0.295477539301,16.4702129364,0.92136234045,97611.0351562,12.8899993896,-11.3800048828,False
42.300000000000004,-0.057,-0.051,-0.005,0.18632635,0.5099458,9.7085835,3.04999995232,4.9678478241,-2.32999992371,-2.31674933434,80.9984207153,-0.276173919439,16.4863014221,0.959174692631,97613.8244629,12.9699993134,-11.3800048828,False
42.400000000000006,-0.09,-0.012,0.004,0.2549729,0.55897905,10.38524235,3.38999986649,2.78471875191,-1.92999994755,-3.17722439766,81.7830352783,-0.236114650965,16.5243282318,0.962300777435,97613.8244629,13.1399993896,-15.1987075806,False
42.5,-0.125,-0.021,0.017,0.2941995,0.51975245,10.3165958,3.38999986649,2.78471875191,-1.92999994755,-3.17722439766,81.7830352783,-0.197605609894,16.5513057709,0.938686668873,97615.0512695,13.1399993896,-15.1987075806,False
42.6,-0.05,-0.053,0.022,0.2941995,0.55897905,10.42446895,3.92999982834,2.78471875191,-1.75,-3.17722439766,81.7830352783,-0.144948601723,16.5840892792,0.900256097317,97614.654541,13.2299995422,-20.5194473267,False
42.7,0.009,-0.073,0.027,0.196133,0.4707192,10.2969825,3.92999982834,2.78471875191,-1.58999991417,-3.17722439766,81.7830352783,-0.0782561823726,16.6131820679,0.862554073334,97621.1669922,13.3199996948,-20.5194473267,False
42.800000000000004,0.014,-0.086,0.026,0.22555295,0.67665885,10.9442214,4.25,1.54689371586,-1.43999993801,-2.40010690689,81.4337615967,-0.0195865780115,16.6309604645,0.790025770664,97616.2963867,13.3999996185,-32.098197937,False
42.900000000000006,-0.007,-0.024,0.011,0.20593965,0.48052585,10.9049948,4.51999998093,1.54689371586,-1.30999994278,-2.40010690689,81.4337615967,0.0258197635412,16.6342964172,0.713245749474,97616.2963867,13.4699993134,-32.098197937,False
43.0,-0.05,0.02,-0.004,0.24516625,0.50013915,11.24822755,4.83999967575,1.54689371586,-1.22000002861,-2.40010690689,81.4337615967,0.0755342319608,16.6462516785,0.589928865433,97620.8862305,13.5399999619,-43.2931900024,False
43.1,0.07,-0.061,-0.013,0.18632635,0.5687857,10.198916,5.13000011444,1.54689371586,-1.16999995708,-2.40010690689,81.4337615967,0.116102017462,16.6505413055,0.517656028271,97619.8913574,13.5999994278,-43.2931900024,False
43.2,0.077,-0.082,-0.017,0.0980665,0.3726527,10.14988275,5.44999980927,2.20184373856,-1.12000000477,-1.2087482214,81.1893768311,0.166320964694,16.6502532959,0.478137761354,97619.8913574,13.6399993896,-49.6753692627,False
43.300000000000004,0.115,-0.106,-0.004,0.26477955,0.4118793,10.9049948,5.65999984741,2.20184373856,-1.02999997139,-1.2087482214,81.1893768311,0.182029947639,16.6467571259,0.459147930145,97622.4304199,13.6899995804,-49.6753692627,False
43.400000000000006,0.08,-0.115,0.011,0.28439285,0.42168595,11.34629405,5.84999990463,2.20184373856,-1.00999999046,-1.2087482214,81.1893768311,0.192662835121,16.6338367462,0.269132137299,97629.3823242,13.7199993134,-40.3310775757,False
43.5,0.114,-0.104,0.009,0.2549729,0.51975245,11.5130071,5.90999984741,2.20184373856,-1.02999997139,-1.2087482214,81.1893768311,0.188152506948,16.6098022461,0.120429240167,97627.5390625,13.75,-40.3310775757,False
43.6,0.05,-0.097,0.03,0.2745862,0.36284605,11.62088025,5.96999979019,4.40591526031,-1.10000002384,0.789546906948,81.1287765503,0.182924792171,16.5989322662,0.0523883104324,97623.5290527,13.7599992752,-42.4823760986,False
43.7,0.037,-0.061,0.041,0.26477955,0.53936575,11.2188076,5.86999988556,4.40591526031,-1.19999992847,0.789546906948,81.1287765503,0.139664277434,16.5390529633,-0.168339788914,97623.0895996,13.7599992752,-42.4823760986,False
43.800000000000004,-0.013,-0.001,0.049,0.2745862,0.63743225,10.9442214,5.83999967575,4.40591526031,-1.32999992371,0.789546906948,81.1287765503,0.129447892308,16.5224704742,-0.211355119944,97625.6408691,13.75,-42.0316696167,False
43.900000000000006,-0.116,0.05,0.042,0.28439285,0.7453054,11.179581,5.78999996185,4.40591526031,-1.4699999094,0.789546906948,81.1287765503,0.113119825721,16.478302002,-0.32320985198,97626.2023926,13.7199993134,-42.0316696167,False
44.0,-0.089,0.134,0.011,0.22555295,0.69627215,10.13026945,5.82999992371,4.57318496704,-1.66999995708,1.59179508686,80.2158737183,0.133068457246,16.4198150635,-0.412796288729,97626.5380859,13.6799993515,-38.9772415161,False
44.1,-0.036,0.047,-0.033,0.14709975,0.7256921,9.28689755,5.96999979019,4.57318496704,-1.78999996185,1.59179508686,80.2158737183,0.156143963337,16.3842487335,-0.368587553501,97623.8647461,13.6300001144,-38.9772415161,False
44.2,-0.097,0.053,-0.04,0.22555295,0.7060788,10.07142955,6.17000007629,4.57318496704,-1.87000000477,1.59179508686,80.2158737183,0.191941231489,16.354763031,-0.32445192337,97623.8647461,13.5900001526,-33.8500976562,False
44.300000000000004,-0.114,0.033,-0.037,0.22555295,0.6472389,9.95374975,6.34999990463,4.57318496704,-1.93999993801,1.59179508686,80.2158737183,0.213089108467,16.3397827148,-0.325313955545,97624.6765137,13.5499992371,-33.8500976562,False
44.400000000000006,0.046,0.091,-0.035,0.12748645,0.61781895,9.5320638,6.6299996376,4.57318496704,-2.01999998093,1.59179508686,80.2158737183,0.245960503817,16.3233394623,-0.295459359884,97623.248291,13.5199995041,-28.7515640259,False
44.5,0.06,0.107,-0.025,0.10787315,0.6276256,8.97308475,6.84999990463,3.28061127663,-2.03999996185,-0.522456109524,80.7285995483,0.280953854322,16.3064098358,-0.223844990134,97624.5788574,13.5,-28.7515640259,False
44.6,-0.019,0.099,-0.025,0.0980665,0.784532,7.9433865,7.13999986649,3.28061127663,-2.02999997139,-0.522456109524,80.7285995483,0.319407701492,16.2987003326,-0.0783581957221,97622.6989746,13.4799995422,-30.855178833,False
44.7,-0.095,0.023,-0.058,-0.00980665,0.44129925,7.3549875,7.3799996376,3.28061127663,-1.91999995708,-0.522456109524,80.7285995483,0.359780281782,16.2943706512,0.140494808555,97620.4833984,13.4799995422,-30.855178833,False
44.800000000000004,-0.038,0.022,-0.089,0.0196133,0.30400615,7.93357985,7.64999961853,3.28061127663,-1.70999991894,-0.522456109524,80.7285995483,0.381517618895,16.2954616547,0.381591707468,97626.4343262,13.4899997711,-32.798576355,False
44.900000000000006,0.089,-0.053,-0.034,0.1569064,0.10787315,9.65955025,7.76999998093,3.053170681,-1.4699999094,-2.03454399109,81.5460510254,0.368859410286,16.3176422119,0.528377652168,97622.3022461,13.5399999619,-32.798576355,False
45.0,0.126,-0.048,0.015,0.18632635,0.1176798,10.20872265,7.81999969482,3.053170681,-1.26999998093,-2.03454399109,81.5460510254,0.345307528973,16.3405056,0.523261964321,97622.3815918,13.5999994278,-20.1957702637,False
45.1,0.158,0.004,0.057,0.20593965,0.2549729,10.8461549,7.77999973297,3.053170681,-1.12999999523,-2.03454399109,81.5460510254,0.327534288168,16.3600826263,0.467936307192,97625.4821777,13.6599998474,-20.1957702637,False
45.2,0.081,0.041,0.066,0.1176798,0.5295591,9.97336305,7.76999998093,5.29262590408,-1.04999995232,-1.64431500435,81.5303192139,0.306656837463,16.3770885468,0.426968246698,97626.4770508,13.7199993134,-20.538520813,False
45.300000000000004,0.107,-0.02,0.054,0.14709975,0.36284605,9.54187045,7.71000003815,5.29262590408,-0.939999997616,-1.64431500435,81.5303192139,0.268845438957,16.4074573517,0.445997416973,97624.3896484,13.7699995041,-20.538520813,False
45.400000000000006,0.128,-0.083,0.059,0.10787315,0.42168595,9.67916355,7.57999992371,5.29262590408,-0.789999961853,-1.64431500435,81.5303192139,0.217392846942,16.4268341064,0.484808743,97625.1525879,13.8199996948,-29.7933578491,False
45.5,0.054,-0.124,0.069,0.1569064,0.5491724,10.2969825,7.35999965668,7.68102264404,-0.639999985695,-1.00552177429,80.3455657959,0.180009037256,16.4402122498,0.466860115528,97624.1333008,13.8800001144,-29.7933578491,False
45.6,-0.047,-0.089,0.063,0.24516625,0.7256921,11.0619012,7.17000007629,7.68102264404,-0.550000011921,-1.00552177429,80.3455657959,0.104598775506,16.4586753845,0.323089599609,97625.8483887,13.9699993134,-32.7011108398,False
45.7,-0.107,-0.01,0.04,0.2941995,0.85317855,11.0815145,6.94000005722,7.68102264404,-0.52999997139,-1.00552177429,80.3455657959,0.0794767588377,16.4625434875,0.212889283895,97627.5085449,13.9699993134,-32.7011108398,False
45.800000000000004,-0.114,0.032,0.007,0.2941995,0.9022118,10.62060195,6.81999969482,7.68102264404,-0.550000011921,-1.00552177429,80.3455657959,0.0659493207932,16.4632930756,0.141955673695,97629.2785645,14.0099992752,-35.3586196899,False
45.900000000000006,-0.078,0.092,-0.073,0.16671305,0.83356525,9.5516771,6.81999969482,7.68102264404,-0.550000011921,-1.00552177429,80.3455657959,0.0806384682655,16.4603424072,0.154619216919,97630.4870605,14.0099992752,-35.3586196899,False
46.0,-0.04,0.051,-0.1,0.18632635,0.75511205,9.0809579,6.96000003815,6.00982379913,-0.509999990463,-0.852483570576,79.8211975098,0.0788048505783,16.4620189667,0.197044700384,97630.4870605,14.0199995041,-32.8268051147,False
46.1,0.015,-0.027,-0.123,0.20593965,0.53936575,9.46341725,6.98999977112,6.00982379913,-0.280000001192,-0.852483570576,79.8211975098,0.0672620013356,16.4748306274,0.307728469372,97628.918457,14.0699996948,-40.2626037598,False
46.2,0.018,0.001,-0.095,0.2157463,0.44129925,9.7478101,6.98999977112,6.00982379913,-0.280000001192,-0.852483570576,79.8211975098,0.0477744676173,16.4845352173,0.323934078217,97630.9875488,14.0699996948,-40.2626037598,False
46.300000000000004,0.007,-0.033,-0.065,0.2549729,0.44129925,9.8851032,6.86999988556,6.35086393356,-0.170000001788,-0.954774856567,81.6137008667,0.0305311772972,16.5016956329,0.342718183994,97628.2104492,14.0999994278,-42.3599243164,False
46.400000000000006,0.027,-0.008,-0.021,0.2353596,0.51975245,9.79684335,6.75999975204,6.35086393356,-0.0499999970198,-0.954774856567,81.6137008667,-0.00882540084422,16.523015976,0.352864265442,97630.3466797,14.1499996185,-42.3599243164,False
46.5,0.031,0.022,0.002,0.2353596,0.61781895,9.8851032,6.60999965668,6.35086393356,0.070000000298,-0.954774856567,81.6137008667,-0.0505582839251,16.5427856445,0.343782246113,97632.3364258,14.1899995804,-42.3599243164,False
46.6,0.056,0.063,-0.015,0.1765197,0.46091255,9.6693569,6.46000003815,6.35086393356,0.159999996424,-0.954774856567,81.6137008667,-0.0920552313328,16.5604629517,0.360269725323,97627.8259277,14.2299995422,-40.3364181519,False
46.7,0.06,-0.002,0.007,0.2157463,0.392266,9.73800345,6.17999982834,6.35086393356,0.299999982119,-0.954774856567,81.6137008667,-0.171700358391,16.5932445526,0.433764904737,97631.8786621,14.2699995041,-40.3364181519,False
46.800000000000004,-0.021,-0.055,0.019,0.196133,0.3530394,9.85568325,5.58999967575,7.86122226715,0.610000014305,-1.20122277737,81.9160995483,-0.246496364474,16.6201572418,0.462813287973,97634.8632812,14.3699998856,-44.8034286499,False
46.900000000000006,-0.032,-0.044,0.028,0.20593965,0.50013915,9.8262633,5.58999967575,7.86122226715,0.610000014305,-1.20122277737,81.9160995483,-0.278892189264,16.6304225922,0.472590088844,97631.3659668,14.3699998856,-44.8034286499,False
47.0,-0.077,-0.076,0.047,0.2941995,0.53936575,10.395049,5.2999997139,7.86122226715,0.769999980927,-1.20122277737,81.9160995483,-0.341192930937,16.645149231,0.480637431145,97633.6914062,14.4200000763,-47.6669311523,False
47.1,-0.108,0.027,0.056,0.2549729,0.59820565,10.2577559,4.92000007629,7.86122226715,0.899999976158,-1.20122277737,81.9160995483,-0.389429450035,16.6581287384,0.435175359249,97633.6914062,14.4799995422,-47.6669311523,False
47.2,-0.126,0.051,0.048,0.28439285,0.79433865,9.8458766,4.56999969482,6.81259441376,1.14999997616,-0.338724762201,81.0852355957,-0.407684475183,16.6680164337,0.426597028971,97633.4350586,14.5799999237,-56.0277938843,False
47.300000000000004,-0.134,-0.045,0.001,0.26477955,0.7649187,9.7674234,4.56999969482,6.81259441376,1.14999997616,-0.338724762201,81.0852355957,-0.408754944801,16.683380127,0.463418900967,97635.3088379,14.5799999237,-56.0277938843,False
47.400000000000006,-0.125,0.01,-0.054,0.3138128,0.6276256,10.2969825,4.5499997139,6.81259441376,1.29999995232,-0.338724762201,81.0852355957,-0.40015617013,16.6912136078,0.454642742872,97635.3088379,14.6300001144,-52.9632568359,False
47.5,-0.084,-0.018,-0.067,0.2745862,0.55897905,9.9831697,4.53999996185,6.81259441376,1.42999994755,-0.338724762201,81.0852355957,-0.383721888065,16.6972236633,0.43926975131,97637.8173828,14.6799993515,-52.9632568359,False
47.6,-0.114,-7.225416114970001e-18,-0.059,0.392266,0.7060788,10.2577559,4.65000009537,4.45863962173,1.54999995232,-0.397687613964,81.4507827759,-0.372461438179,16.7070999146,0.410180836916,97637.8601074,14.7299995422,-51.1486053467,False
47.7,-0.151,0.024,-0.024,0.3334261,0.59820565,10.0420096,4.86999988556,4.45863962173,1.76999998093,-0.397687613964,81.4507827759,-0.329697489738,16.7222290039,0.385578721762,97637.8601074,14.8199996948,-65.634727478,False
47.800000000000004,-0.135,-0.034,-0.032,0.3726527,0.63743225,9.9635564,4.86999988556,4.45863962173,1.76999998093,-0.397687613964,81.4507827759,-0.309968739748,16.7283115387,0.386671155691,97638.3178711,14.8199996948,-65.634727478,False
47.900000000000006,-0.033,-0.056,-0.03,0.26477955,0.4903325,10.26756255,5.0499997139,4.45863962173,1.89999997616,-0.397687613964,81.4507827759,-0.259736925364,16.731174469,0.412741005421,97636.505127,14.8599996567,-65.634727478,False
48.0,-0.002,-0.044,-0.02,0.3138128,0.5099458,9.93413645,5.33999967575,4.45863962173,2.03999996185,-0.397687613964,81.4507827759,-0.20820531249,16.7277641296,0.392865002155,97639.4042969,14.8999996185,-57.6667785645,False
48.1,0.052,-0.03,-0.014,0.3530394,0.51975245,10.85596155,5.58999967575,2.36741280556,2.15999984741,0.260823369026,82.506652832,-0.151670336723,16.7216663361,0.343246251345,97642.0593262,14.9399995804,-57.6667785645,False
48.2,0.084,0.01,-0.005,0.392266,0.51975245,10.97364135,5.83999967575,2.36741280556,2.25,0.260823369026,82.506652832,-0.124750472605,16.7179679871,0.294744938612,97642.0593262,14.9799995422,-14.2526626587,False
48.300000000000004,0.11,0.025,-0.009,0.26477955,0.2941995,9.9635564,6.03999996185,2.36741280556,2.28999996185,0.260823369026,82.506652832,-0.109282903373,16.713558197,0.220838412642,97634.9487305,15.0199995041,-14.2526626587,False
48.400000000000006,0.19,-0.127,0.045,0.3138128,0.4511059,10.38524235,6.10999965668,2.36741280556,2.3599998951,0.260823369026,82.506652832,-0.11509565264,16.7080173492,0.199329227209,97641.1254883,15.0399999619,-17.2863006592,False
48.5,0.163,-0.158,0.065,0.3138128,0.51975245,11.05209455,6.07999992371,5.35793447495,2.40999984741,1.05148422718,82.3377838135,-0.125605463982,16.695728302,0.144265308976,97639.4348145,15.0499992371,-17.2863006592,False
48.6,0.084,-0.146,0.051,0.38245935,0.6668522,11.60126695,6.00999975204,5.35793447495,2.39999985695,1.05148422718,82.3377838135,-0.166364789009,16.6642055511,-0.0473491586745,97643.5852051,15.0599994659,-22.7478027344,False
48.7,0.198,-0.164,0.035,0.42168595,0.51975245,12.67999845,5.81999969482,5.35793447495,2.31999993324,1.05148422718,82.3377838135,-0.208320394158,16.6313343048,-0.21878734231,97640.6921387,15.0599994659,-22.7478027344,False
48.800000000000004,0.205,-0.153,0.051,0.63743225,0.67665885,13.7881499,5.48999977112,8.49406147003,2.12999987602,4.00830030441,81.6900482178,-0.33154374361,16.5730895996,-0.60780018568,97642.8405762,15.0399999619,-14.3697738647,False
48.900000000000006,0.11,-0.068,0.06,0.588399,0.7256921,12.73883835,4.38999986649,8.49406147003,1.45999991894,4.00830030441,81.6900482178,-0.474351167679,16.4898414612,-0.963614821434,97642.8405762,14.9099998474,-11.0458374023,False
49.0,-0.062,-0.069,0.039,0.48052585,0.8433719,11.0030613,4.38999986649,8.49406147003,1.4699999094,4.00830030441,81.6900482178,-0.515911579132,16.4659957886,-1.0117970705,97642.2607422,14.9099998474,-11.0458374023,False
49.1,-0.114,-0.073,0.039,0.42168595,0.69627215,10.75789505,3.36999988556,9.41525840759,0.849999964237,5.39245510101,80.9849243164,-0.587506651878,16.4110183716,-1.08726811409,97638.2141113,14.6899995804,-7.12051391602,False
49.2,-0.192,-0.059,0.016,0.46091255,0.784532,10.87557485,3.3599998951,9.41525840759,0.839999973774,5.39245510101,80.9849243164,-0.697183430195,16.2902431488,-1.21738839149,97633.8867188,14.6899995804,-7.12051391602,False
49.300000000000004,-0.208,-0.007,-0.027,0.46091255,0.71588545,10.71866845,2.9399998188,9.41525840759,0.509999990463,5.39245510101,80.9849243164,-0.728873968124,16.2022666931,-1.28764951229,97637.6098633,14.5699996948,-7.12051391602,False
49.400000000000006,-0.173,-0.017,-0.057,0.3726527,0.7649187,10.40485565,2.72000002861,9.41525840759,0.149999991059,5.39245510101,80.9849243164,-0.755125880241,16.1317481995,-1.33187031746,97633.9599609,14.4299993515,13.1011009216,False
49.5,-0.131,0.017,-0.07,0.3530394,0.53936575,10.13026945,2.5,9.41525840759,-0.179999992251,5.39245510101,80.9849243164,-0.766471982002,16.0389156342,-1.35275650024,97631.5612793,14.2999992371,13.1011009216,False
49.6,-0.122,0.012,-0.073,0.36284605,0.4903325,9.7478101,2.40999984741,5.56572580338,-0.509999990463,5.9094209671,81.5988235474,-0.773225605488,15.9359531403,-1.32982552052,97630.3100586,14.0199995041,31.8992614746,False
49.7,-0.119,-0.001,-0.058,0.38245935,0.5687857,9.9635564,2.26999998093,5.56572580338,-0.829999983311,5.9094209671,81.5988235474,-0.759131014347,15.8490686417,-1.33043253422,97625.4821777,14.0199995041,31.8992614746,False
49.800000000000004,-0.093,0.03,-0.045,0.4118793,0.51975245,10.0812362,2.29999995232,5.56572580338,-1.15999996662,5.9094209671,81.5988235474,-0.744912385941,15.7678842545,-1.34033536911,97627.6916504,13.8800001144,46.6279029846,False
49.900000000000006,-0.183,0.05,-0.004,0.50013915,0.59820565,10.14988275,2.30999994278,5.56572580338,-1.49000000954,5.9094209671,81.5988235474,-0.72353219986,15.7245912552,-1.35169398785,97625.8483887,13.75,62.3164176941,False
50.0,-0.095,0.069,-8.45006291412e-18,0.3726527,0.36284605,9.20844435,2.45000004768,3.28829789162,-1.82999992371,5.32701969147,82.6725845337,-0.689009726048,15.6685743332,-1.32069027424,97622.9431152,13.6099996567,62.3164176941,False
50.1,-0.065,0.059,0.003,0.3530394,0.5491724,9.46341725,2.58999991417,3.28829789162,-2.09999990463,5.32701969147,82.6725845337,-0.617030441761,15.5669240952,-1.19544017315,97622.644043,13.4799995422,77.4783172607,False
50.2,-0.002,0.079,0.013,0.2745862,0.4511059,8.95347145,2.83999991417,3.28829789162,-2.34999990463,5.32701969147,82.6725845337,-0.577461719513,15.519030571,-1.10121238232,97617.3706055,13.3499994278,77.4783172607,False
50.300000000000004,0.055,0.075,0.003,0.2549729,0.48052585,8.6690786,3.06999993324,1.98026132584,-2.53999996185,3.85657835007,82.5048675537,-0.526255190372,15.4628677368,-0.955611526966,97618.3044434,13.2399997711,96.261505127,False
50.400000000000006,-0.057,0.092,0.017,0.2353596,0.36284605,8.4533323,3.30999994278,1.98026132584,-2.67999982834,3.85657835007,82.5048675537,-0.492018699646,15.4274492264,-0.846641361713,97617.0654297,13.1399993896,96.261505127,False
50.5,-0.057,0.092,0.017,0.2353596,0.36284605,8.4533323,3.5,1.98026132584,-2.77999997139,3.85657835007,82.5048675537,-0.451204866171,15.3904294968,-0.650091052055,97617.0654297,13.0499992371,104.207992554,False
50.6,0.073,0.144,0.045,0.2549729,0.3726527,7.9826131,3.69999980927,1.98026132584,-2.79999995232,3.85657835007,82.5048675537,-0.423300802708,15.3623466492,-0.453585386276,97613.6779785,12.9899997711,104.207992554,False
50.7,0.06,0.119,0.064,0.196133,0.3530394,7.9041599,3.98000001907,2.84605026245,-2.70000004768,1.41141235828,81.9103164673,-0.384166359901,15.3440485001,-0.189159393311,97612.0117188,12.9299993515,110.696121216,False
50.800000000000004,0.013,0.118,0.065,0.1765197,0.4511059,7.8845466,3.98000001907,2.84605026245,-2.70000004768,1.41141235828,81.9103164673,-0.360047608614,15.3370437622,0.0190316215158,97608.1176758,12.9299993515,110.696121216,False
50.900000000000006,0.012,0.068,0.064,0.2157463,0.5099458,8.18855275,4.11000013351,2.84605026245,-2.57999992371,1.41141235828,81.9103164673,-0.324601888657,15.3444023132,0.218092039227,97609.4360352,12.9299993515,111.628631592,False
51.0,-0.038,0.029,0.057,0.26477955,0.5491724,8.71811185,4.2999997139,2.84605026245,-2.40999984741,1.41141235828,81.9103164673,-0.301239162683,15.3537111282,0.33590644598,97610.1379395,12.9499998093,111.628631592,False
51.1,-0.096,0.002,0.046,0.30400615,0.5491724,9.12999115,4.44000005722,2.84605026245,-2.26999998093,1.41141235828,81.9103164673,-0.244727388024,15.380859375,0.490684121847,97611.6943359,12.9799995422,112.600898743,False
51.2,-0.114,0.045,0.041,0.3530394,0.7060788,9.44380395,4.67000007629,2.89023447037,-2.1099998951,-0.785360395908,80.0629348755,-0.211375385523,15.3947753906,0.544915735722,97611.6943359,13.0199995041,112.600898743,False
51.300000000000004,-0.088,0.092,0.026,0.36284605,0.7649187,9.56148375,4.96999979019,2.89023447037,-1.95999991894,-0.785360395908,80.0629348755,-0.141166195273,15.4176912308,0.591889798641,97613.3178711,13.0699996948,112.600898743,False
51.400000000000006,-0.088,0.092,0.026,0.36284605,0.7649187,9.56148375,5.40999984741,2.89023447037,-1.80999994278,-0.785360395908,80.0629348755,-0.0781922489405,15.4396848679,0.637152731419,97613.3178711,13.1300001144,113.455673218,False
51.5,0.004,0.098,-0.008,0.3138128,0.67665885,9.0809579,5.82999992371,2.89023447037,-1.63999998569,-0.785360395908,80.0629348755,0.0187827274203,15.4823188782,0.729498684406,97617.0043945,13.1899995804,106.984329224,False
51.6,0.012,0.129,-0.029,0.24516625,0.6276256,8.79656505,6.28999996185,2.89023447037,-1.43999993801,-0.785360395908,80.0629348755,0.109453015029,15.5360889435,0.855437517166,97611.9018555,13.25,106.984329224,False
51.7,0.076,0.077,-0.068,0.1569064,0.48052585,8.2768126,7.11999988556,1.73688292503,-0.879999995232,-3.28412222862,79.7012786865,0.169618993998,15.5753774643,0.980470895767,97616.4794922,13.4200000763,98.2588806152,False
51.800000000000004,0.117,-0.021,-0.056,0.0980665,0.36284605,8.5513988,7.11999988556,1.73688292503,-0.879999995232,-3.28412222862,79.7012786865,0.213200435042,15.623714447,1.15541481972,97616.9433594,13.4200000763,98.2588806152,False
51.900000000000006,0.157,-0.064,-0.018,0.20593965,0.3530394,9.2967042,7.55999994278,1.73688292503,-0.170000001788,-3.28412222862,79.7012786865,0.24027363956,15.6788873672,1.27966177464,97617.1569824,13.6499996185,86.4477157593,False
52.0,0.143,-0.034,0.014,0.196133,0.2941995,9.6889702,7.55999994278,1.73688292503,-0.170000001788,-3.28412222862,79.7012786865,0.249623805285,15.7432441711,1.33131670952,97618.1518555,13.6499996185,86.4477157593,False
52.1,0.122,-0.037,0.031,0.26477955,0.4118793,9.7870367,7.63999986649,1.73688292503,0.159999996424,-3.28412222862,79.7012786865,0.251025855541,15.8089570999,1.36284863949,97621.0083008,13.779999733,86.4477157593,False
52.2,0.081,-0.104,0.046,0.30400615,0.42168595,10.2185293,7.73000001907,5.1137342453,0.489999979734,-3.54168319702,80.3836212158,0.232515364885,15.9038791656,1.34435141087,97619.317627,13.9099998474,83.0251693726,False
52.300000000000004,0.13,-0.063,0.034,0.392266,0.6276256,10.56176205,7.73999977112,5.1137342453,1.05999994278,-3.54168319702,80.3836212158,0.227699056268,15.9526748657,1.28338670731,97623.3703613,14.1700000763,70.9479370117,False
52.400000000000006,0.115,-0.076,0.021,0.4118793,0.83356525,10.3754357,7.73999977112,5.1137342453,1.05999994278,-3.54168319702,80.3836212158,0.212745890021,15.9995307922,1.24352693558,97623.3703613,14.1700000763,70.9479370117,False
52.5,-0.151,-0.116,0.009,0.40207265,0.79433865,11.0422879,7.71000003815,7.23311901093,1.29999995232,-1.79536533356,79.7369537354,0.19036616385,16.0790920258,1.09509909153,97625.6774902,14.2899999619,70.9479370117,False
52.6,-0.256,-0.155,0.004,0.71588545,0.93163175,13.4939504,7.73000001907,7.23311901093,1.49000000954,-1.79536533356,79.7369537354,0.189311623573,16.1397953033,0.752669692039,97631.0058594,14.3899993896,52.4746894836,False
52.7,-0.156,-0.047,-0.019,0.71588545,1.10815145,12.91535805,7.75999975204,7.23311901093,1.45999991894,-1.79536533356,79.7369537354,0.244514241815,16.1767234802,0.439776182175,97634.0576172,14.4799995422,52.4746894836,False
52.800000000000004,-0.111,-0.013,-0.059,0.44129925,0.93163175,11.0226746,8.11999988556,7.23311901093,1.36000001431,-1.79536533356,79.7369537354,0.282879680395,16.1899929047,0.324919223785,97633.203125,14.5199995041,48.366355896,False
52.900000000000006,-0.058,-0.013,-0.073,0.4707192,0.97085835,11.36590735,8.48999977112,3.63474416733,1.36000001431,-0.0440057367086,80.1727294922,0.339696317911,16.2009334564,0.22958560288,97631.6711426,14.5499992371,48.366355896,False
53.0,-0.039,0.06,-0.129,0.48052585,0.81395195,9.9243298,8.94999980927,3.63474416733,1.29999995232,-0.0440057367086,80.1727294922,0.41568261385,16.2168426514,0.149968191981,97638.3728027,14.5499992371,34.6546173096,False
53.1,-0.061,-0.006,-0.134,0.28439285,0.4511059,9.9635564,9.30999946594,3.63474416733,1.31999993324,-0.0440057367086,80.1727294922,0.478491663933,16.227388382,0.235053166747,97634.2163086,14.5599994659,34.6546173096,False
53.2,-0.085,0.004,-0.147,0.2745862,0.26477955,10.99325465,9.68999958038,3.63474416733,1.40999996662,-0.0440057367086,80.1727294922,0.492014586926,16.2306518555,0.193106323481,97635.5163574,14.5599994659,35.5143547058,False
53.300000000000004,-0.063,-0.088,-0.045,0.3138128,0.0392266,11.9248864,9.86999988556,2.40977692604,1.39999997616,-0.248039916158,82.9875869751,0.489316880703,16.2390708923,-0.0104881431907,97631.1218262,14.5799999237,35.5143547058,False
53.400000000000006,0.223,-0.136,0.026,0.4314926,0.14709975,12.2190859,10.0,2.40977692604,1.32999992371,-0.248039916158,82.9875869751,0.480455309153,16.2457809448,-0.167098641396,97632.6477051,14.5799999237,29.3928146362,False
53.5,0.268,-0.099,0.104,0.5491724,0.6472389,11.3364874,10.0500001907,2.40977692604,1.18999993801,-0.248039916158,82.9875869751,0.473941087723,16.2450237274,-0.315797030926,97632.4890137,14.5699996948,29.3928146362,False
53.6,0.157,-0.097,0.086,0.51975245,0.5099458,11.8856598,10.2899999619,2.40977692604,1.0,-0.248039916158,82.9875869751,0.45087453723,16.2402839661,-0.477363586426,97635.949707,14.529999733,26.7653465271,False
53.7,0.174,-0.014,0.114,0.5295591,0.6276256,11.54242705,10.1499996185,2.40977692604,0.77999997139,-0.248039916158,82.9875869751,0.391881406307,16.2242202759,-0.688554823399,97636.3708496,14.4799995422,26.7653465271,False
53.800000000000004,0.057,0.047,0.097,0.4314926,1.06892485,10.6696352,10.0699996948,7.28117609024,0.5,2.24459218979,81.3404541016,0.367007791996,16.2066650391,-0.762280642986,97633.1542969,14.4099998474,27.5938987732,False
53.900000000000006,-0.087,0.018,0.007,0.4903325,0.69627215,10.2185293,10.0599994659,7.28117609024,0.269999980927,2.24459218979,81.3404541016,0.352631986141,16.1850624084,-0.807545721531,97633.3007812,14.3199996948,28.9231300354,False
54.0,-0.092,0.045,-0.045,0.46091255,0.75511205,9.9439431,10.1099996567,7.28117609024,0.0399999991059,2.24459218979,81.3404541016,0.340658247471,16.1787414551,-0.816748321056,97634.1308594,14.2299995422,28.9231300354,False
54.1,-0.092,0.045,-0.045,0.46091255,0.75511205,9.9439431,10.1199998856,6.973279953,-0.149999991059,1.64975988865,80.5485229492,0.316807538271,16.181186676,-0.802576303482,97634.1308594,14.1399993896,32.1519851685,False
54.2,0.154,0.063,-0.04,0.53936575,0.7453054,9.7478101,10.1300001144,6.973279953,-0.340000003576,1.64975988865,80.5485229492,0.295262098312,16.1910991669,-0.806237876415,97630.078125,14.0599994659,32.1519851685,False
54.300000000000004,0.108,0.123,-0.081,0.3138128,0.83356525,8.2964259,10.0999994278,6.973279953,-0.519999980927,1.64975988865,80.5485229492,0.307300180197,16.1961860657,-0.698527812958,97628.515625,13.9799995422,32.1519851685,False
54.400000000000006,0.108,0.123,-0.081,0.3138128,0.83356525,8.2964259,10.2699995041,6.973279953,-0.569999992847,1.64975988865,80.5485229492,0.302592992783,16.203918457,-0.550797998905,97628.515625,13.8499994278,27.1461486816,False
54.5,0.078,0.074,-0.118,0.32361945,0.6276256,8.0022264,10.3099994659,6.973279953,-0.560000002384,1.64975988865,80.5485229492,0.279460817575,16.2303905487,-0.308939486742,97628.4484863,13.8499994278,27.1461486816,False
54.6,0.099,0.071,-0.136,0.34323275,0.6668522,8.2571993,10.3000001907,9.54268360138,-0.479999989271,-0.7214012146,82.2897491455,0.24154548347,16.263168335,-0.119596123695,97626.7456055,13.8199996948,27.1461486816,False
54.7,0.078,0.075,-0.131,0.26477955,0.44129925,8.2179727,10.1499996185,9.54268360138,-0.370000004768,-0.7214012146,82.2897491455,0.196884542704,16.3031673431,0.0601067356765,97624.786377,13.8099994659,29.8548698425,False
54.800000000000004,0.116,0.067,-0.113,0.3334261,0.4707192,7.8845466,9.9299993515,9.54268360138,-0.189999997616,-0.7214012146,82.2897491455,0.123673960567,16.3542079926,0.26612123847,97625.0305176,13.8299999237,29.8548698425,False
54.900000000000006,0.179,-0.053,-0.086,0.36284605,0.2157463,8.83579165,9.57999992371,9.54268360138,0.019999999553,-0.7214012146,82.2897491455,0.0390981398523,16.4017162323,0.407338291407,97625.012207,13.8599996567,29.8548698425,False
55.0,0.072,-0.063,-0.008,0.40207265,0.26477955,9.80665,9.05000019073,11.9321613312,0.25,-2.55533862114,84.4312362671,-0.0996367186308,16.4693069458,0.507682979107,97624.6643066,13.9200000763,19.4891929626,False
55.1,-0.061,-0.065,0.05,0.46091255,0.34323275,9.83606995,8.23999977112,11.9321613312,0.449999988079,-2.55533862114,84.4312362671,-0.256916970015,16.5426673889,0.553681194782,97620.8251953,13.9799995422,8.05912017822,False
55.2,-0.18,-0.063,0.071,0.5295591,0.588399,10.60098865,7.48000001907,11.9321613312,0.629999995232,-2.55533862114,84.4312362671,-0.425850152969,16.6237430573,0.560780763626,97627.7404785,14.0499992371,8.05912017822,False
55.300000000000004,-0.232,-0.022,0.053,0.6276256,0.784532,11.46397385,6.77999973297,11.9321613312,0.740000009537,-2.55533862114,84.4312362671,-0.553059995174,16.6938858032,0.461971879005,97624.3896484,14.1099996567,-0.861740112305,False
55.400000000000006,-0.05,-0.004,0.026,0.50013915,0.79433865,10.787315,6.17999982834,10.8869123459,0.789999961853,-1.20666587353,83.9914398193,-0.645485699177,16.7590351105,0.37817722559,97630.0048828,14.1599998474,-0.861740112305,False
55.5,0.103,-0.035,-0.033,0.38245935,0.784532,10.44408225,5.65999984741,10.8869123459,0.8599999547,-1.20666587353,83.9914398193,-0.725294649601,16.8143959045,0.351784557104,97629.1748047,14.1999998093,-13.0779266357,False
55.6,-0.024,-0.005,-0.051,0.4511059,0.8433719,10.2381426,5.11999988556,10.8869123459,0.919999957085,-1.20666587353,83.9914398193,-0.814697265625,16.8650474548,0.322908699512,97630.3405762,14.2299995422,-13.0779266357,False
55.7,-0.033,0.019,-0.089,0.3334261,0.8433719,9.46341725,4.55999994278,11.3936033249,1.0,-1.13145554066,84.2582626343,-0.894231915474,16.9068660736,0.351857721806,97625.9643555,14.2599992752,-20.54271698,False
55.800000000000004,0.075,0.058,-0.133,0.40207265,0.79433865,9.022118,4.11000013351,11.3936033249,1.12000000477,-1.13145554066,84.2582626343,-0.990326523781,16.9644584656,0.429888039827,97628.6254883,14.2899999619,-20.54271698,False
55.900000000000006,0.053,0.002,-0.122,0.32361945,0.7060788,8.42391235,3.56999993324,11.3936033249,1.27999997139,-1.13145554066,84.2582626343,-1.03890299797,16.9991989136,0.555954039097,97630.7861328,14.3199996948,-20.54271698,False
56.0,-0.057,-0.061,-0.142,0.4118793,0.5491724,9.0025047,3.12999987602,11.8812866211,1.51999998093,-2.00498270988,86.2174987793,-1.12609386444,17.0568561554,0.72453802824,97628.4301758,14.3699998856,-27.6365280151,False
56.1,-0.089,-0.065,-0.113,0.48052585,0.59820565,10.32640245,2.53999996185,11.8812866211,1.76999998093,-2.00498270988,86.2174987793,-1.21809887886,17.0986919403,0.733897328377,97626.8249512,14.4299993515,-27.6365280151,False
56.2,-0.151,-0.097,-0.061,0.4314926,0.44129925,9.9635564,1.05999994278,11.8812866211,2.07999992371,-2.00498270988,86.2174987793,-1.33640563488,17.1502895355,0.701385498047,97629.675293,14.5699996948,-43.1196212769,False
56.300000000000004,-0.208,-0.105,-0.047,0.44129925,0.4903325,10.6304086,1.05999994278,11.8812866211,2.06999993324,-2.00498270988,86.2174987793,-1.44975066185,17.1927375793,0.674906015396,97629.3334961,14.5699996948,-43.1196212769,False
56.400000000000006,-0.224,-0.025,-0.03,0.42168595,0.3726527,10.5323421,0.419999986887,9.61281585693,2.21000003815,-0.766297698021,88.1968536377,-1.5275298357,17.212802887,0.629444658756,97632.4768066,14.6300001144,-45.7273483276,False
56.5,-0.172,-0.089,0.002,0.5491724,0.4511059,10.8461549,0.340000003576,9.61281585693,2.31999993324,-0.766297698021,88.1968536377,-1.59213268757,17.2421646118,0.569800078869,97633.6486816,14.6799993515,-53.5165786743,False
56.6,-0.172,-0.089,0.002,0.5491724,0.4511059,10.8461549,-0.109999999404,9.61281585693,2.37999987602,-0.766297698021,88.1968536377,-1.67627060413,17.2735843658,0.375892758369,97633.6486816,14.7599992752,-63.1274223328,False
56.7,-0.229,-0.008,0.088,0.67665885,0.6472389,11.81701325,-0.629999995232,9.61281585693,2.37999987602,-0.766297698021,88.1968536377,-1.68783330917,17.2854347229,0.233780950308,97638.0615234,14.7599992752,-63.1274223328,False
56.800000000000004,-0.254,-0.02,0.08,0.5687857,0.67665885,11.0619012,-0.8599999547,4.57383441925,2.27999997139,0.778597712517,87.5114822388,-1.68392753601,17.3008880615,0.0761729329824,97632.7941895,14.779999733,-63.1274223328,False
56.900000000000006,-0.161,-0.007,0.034,0.51975245,0.77472535,10.58137535,0.370000004768,4.57383441925,2.22000002861,0.778597712517,87.5114822388,-1.61165881157,17.3025798798,-0.0544204264879,97637.1643066,14.779999733,-63.1274223328,False
57.0,-0.125,-0.022,0.025,0.4314926,0.63743225,10.2969825,0.599999964237,4.57383441925,2.14999985695,0.778597712517,87.5114822388,-1.557538867,17.2957859039,-0.0946603193879,97636.4685059,14.7599992752,-68.0439910889,False
57.1,-0.098,-0.039,0.002,0.42168595,0.7256921,9.87529655,2.31999993324,4.57383441925,2.09999990463,0.778597712517,87.5114822388,-1.47336852551,17.2773342133,-0.107600539923,97635.925293,14.75,-68.0439910889,False
57.2,-0.049,-0.026,-0.007,0.34323275,0.40207265,10.2185293,2.78999996185,4.57383441925,2.06999993324,0.778597712517,87.5114822388,-1.43424189091,17.2657012939,-0.123657852411,97634.362793,14.7199993134,-68.1940078735,False
57.300000000000004,0.018,-0.059,0.005,0.4511059,0.4903325,10.2577559,6.32999992371,4.57383441925,2.02999997139,0.778597712517,87.5114822388,-1.36760878563,17.2429294586,-0.155282244086,97635.7177734,14.6999998093,-68.1940078735,False
57.400000000000006,0.098,-0.063,0.023,0.4118793,0.22555295,10.20872265,6.89999961853,1.31742870808,1.97999989986,1.63083183765,86.768371582,-1.31102633476,17.2186985016,-0.172497168183,97631.3232422,14.6799993515,-69.0223693848,False
57.5,0.184,-0.037,0.058,0.42168595,0.46091255,10.198916,7.30999994278,1.31742870808,1.93999993801,1.63083183765,86.768371582,-1.25934243202,17.1748771667,-0.193093568087,97635.1379395,14.6599998474,-69.0223693848,False
57.6,0.1,-0.046,0.076,0.3530394,0.24516625,9.36535075,10.5500001907,1.31742870808,1.87999999523,1.63083183765,86.768371582,-1.24914669991,17.1563282013,-0.154994577169,97632.1533203,14.6300001144,-61.5816116333,False
57.7,0.121,-0.034,0.108,0.392266,0.4511059,9.67916355,10.9200000763,3.69423079491,1.89999997616,2.53619813919,85.837852478,-1.23469674587,17.1004753113,-0.141892537475,97641.0522461,14.6099996567,-61.5816116333,False
57.800000000000004,0.122,-0.103,0.115,0.40207265,0.22555295,10.97364135,15.9399995804,3.69423079491,1.87000000477,2.53619813919,85.837852478,-1.23865246773,17.084897995,-0.165977060795,97633.8439941,14.5899991989,-55.2984237671,False
57.900000000000006,0.177,-0.104,0.142,0.5295591,0.588399,11.3561007,16.3299999237,3.69423079491,1.77999997139,2.53619813919,85.837852478,-1.28095924854,17.0038528442,-0.363588660955,97638.3544922,14.5699996948,-55.2984237671,False
58.0,0.18,-0.105,0.139,0.5099458,0.71588545,11.3168741,16.7199993134,6.66293001175,1.63999998569,4.46827363968,83.3627471924,-1.32033395767,16.9411315918,-0.507291376591,97629.9255371,14.5399999619,-57.0823669434,False
58.1,0.21,-0.067,0.098,0.5295591,0.8629852,10.4146623,20.1199989319,6.66293001175,1.44999992847,4.46827363968,83.3627471924,-1.33659088612,16.87550354,-0.570329010487,97633.7341309,14.4899997711,-57.0823669434,False
58.2,0.167,-0.021,0.051,0.6080123,0.980665,10.5519554,20.6299991608,6.66293001175,1.29999995232,4.46827363968,83.3627471924,-1.37719070911,16.8224277496,-0.62633150816,97633.7341309,14.4399995804,-50.3835678101,False
58.300000000000004,0.093,0.06,0.002,0.588399,0.8629852,9.8458766,25.1800003052,9.65919780731,1.12000000477,4.46827363968,83.3627471924,-1.39532887936,16.7851219177,-0.650051474571,97634.1918945,14.3800001144,-50.3835678101,False
58.400000000000006,0.177,0.112,-0.055,0.4707192,1.0002783,8.99269805,25.75,9.65919780731,0.989999949932,5.3109369278,82.0868835449,-1.45722830296,16.7172489166,-0.543718457222,97633.5754395,14.3099994659,-38.490486145,False
58.5,0.288,0.149,-0.122,0.392266,0.75511205,8.28661925,28.7999992371,9.65919780731,0.949999988079,5.3109369278,82.0868835449,-1.49270176888,16.690656662,-0.422549068928,97628.1311035,14.25,-38.490486145,False
58.6,0.37,0.046,-0.151,0.42168595,0.67665885,8.3552658,29.4099998474,9.65919780731,0.989999949932,5.3109369278,82.0868835449,-1.56870508194,16.669588089,-0.237530946732,97628.6071777,14.1999998093,-25.1085281372,False
58.7,0.397,-0.016,-0.141,0.38245935,0.784532,8.54159215,33.0999984741,15.0380296707,1.07999992371,2.87913608551,83.5644760132,-1.72935652733,16.6573410034,-0.0608350113034,97628.5583496,14.1799993515,-25.1085281372,False
58.800000000000004,0.386,-1.75124492278e-17,-0.143,0.4118793,0.77472535,8.75733845,33.5699996948,15.0380296707,1.19999992847,2.87913608551,83.5644760132,-1.8506705761,16.6544494629,0.0663258805871,97633.5449219,14.1700000763,-26.8778800964,False
58.900000000000006,0.445,-0.049,-0.164,0.5687857,0.9218251,10.3558224,33.9500007629,15.0380296707,1.35000002384,2.87913608551,83.5644760132,-2.05896878242,16.6597976685,0.113563463092,97630.1696777,14.1700000763,-26.8778800964,False
59.0,0.347,-0.001,-0.193,0.51975245,0.89240515,9.7870367,36.0699996948,22.8496589661,1.43999993801,2.19828176498,86.338470459,-2.39450263977,16.6757087708,0.14640943706,97630.0476074,14.1899995804,-24.5923042297,False
59.1,0.347,-0.001,-0.193,0.51975245,0.89240515,9.7870367,36.2299995422,22.8496589661,1.55999994278,2.19828176498,86.338470459,-2.74492883682,16.6973228455,0.288993149996,97630.0476074,14.2100000381,-23.592376709,False
59.2,0.249,-0.078,-0.209,0.51975245,0.9414384,9.09076455,36.3199996948,22.8496589661,1.74000000954,2.19828176498,86.338470459,-2.93101334572,16.7100505829,0.378319352865,97631.4819336,14.2399997711,-28.484916687,False
59.300000000000004,0.198,-0.097,-0.226,0.5491724,0.8433719,9.69877685,39.1699981689,22.8496589661,1.99000000954,2.19828176498,86.338470459,-3.26533436775,16.7286739349,0.504918158054,97629.1442871,14.279999733,-28.484916687,False
59.400000000000006,0.223,-0.093,-0.248,0.5491724,0.91201845,9.69877685,39.2299995422,22.8496589661,2.25,2.19828176498,86.338470459,-3.71511125565,16.746635437,0.646749913692,97629.1442871,14.3299999237,-28.0751228333,False
59.5,0.275,-0.175,-0.271,0.5687857,0.9022118,10.0812362,40.9199981689,30.3837928772,2.51999998093,0.570206046104,91.84715271,-4.04543161392,16.7593593597,0.728230178356,97632.5866699,14.3999996185,-36.0714912415,False
59.6,0.264,-0.212,-0.256,0.61781895,0.91201845,10.7677017,40.9099998474,30.3837928772,2.82999992371,0.570206046104,91.84715271,-4.71222686768,16.7523345947,0.798911333084,97633.4838867,14.4799995422,-36.0714912415,False
59.7,0.181,-0.175,-0.261,0.65704555,1.0002783,10.71866845,43.0599975586,30.3837928772,3.09999990463,0.570206046104,91.84715271,-5.22873258591,16.7253227234,0.844827711582,97637.0056152,14.5599994659,-44.8651313782,False
59.800000000000004,0.173,-0.166,-0.268,0.7060788,1.16699135,11.18938765,42.9399986267,30.3837928772,3.37999987602,0.570206046104,91.84715271,-5.55061340332,16.7023334503,0.8587641716,97637.8051758,14.6499996185,-43.8652038574,False
59.900000000000006,0.129,-0.172,-0.303,0.7453054,1.18660465,10.9442214,42.75,30.3837928772,3.65999984741,0.570206046104,91.84715271,-6.22139024734,16.6439857483,0.892380058765,97644.5617676,14.7399997711,-51.2170791626,False
60.0,0.033,-0.203,-0.302,0.8237586,1.3337044,11.3561007,44.0400009155,37.5272979736,3.9399998188,0.247424677014,101.377571106,-6.68596124649,16.5974617004,0.91014122963,97641.4245605,14.8299999237,-51.2170791626,False
60.1,0.033,-0.203,-0.302,0.8237586,1.3337044,11.3561007,43.8799972534,37.5272979736,4.23000001907,0.247424677014,101.377571106,-7.45331096649,16.4911842346,1.00964653492,97641.4245605,14.9299993515,-61.0889434814,False
60.2,0.149,-0.204,-0.352,0.8237586,0.99047165,10.5519554,44.8799972534,37.5272979736,4.57999992371,0.247424677014,101.377571106,-7.7940454483,16.436290741,1.07156324387,97647.9675293,15.029999733,-61.0889434814,False
60.300000000000004,0.211,-0.269,-0.349,0.89240515,1.2160246,11.0422879,44.8799972534,37.5272979736,4.98000001907,0.247424677014,101.377571106,-8.37494945526,16.3216533661,1.1632938385,97645.489502,15.1499996185,-86.660194397,False
60.400000000000006,0.198,-0.33,-0.344,0.99047165,1.12776475,12.01314625,44.8799972534,41.4823226929,5.40000009537,-0.697215139866,111.507247925,-9.0273733139,16.1614570618,1.19225823879,97651.1047363,15.2699995041,-86.660194397,False
60.5,0.076,-0.353,-0.323,1.06892485,1.14737805,12.40541225,44.8799972534,41.4823226929,5.7999997139,-0.697215139866,111.507247925,-9.89001655579,15.9067573547,1.20750784874,97654.901123,15.4099998474,-93.2012557983,False
60.6,-0.041,-0.329,-0.287,1.3925443,1.16699135,12.85651815,44.8799972534,41.4823226929,6.15999984741,-0.697215139866,111.507247925,-10.6155605316,15.6625156403,1.19733572006,97657.1594238,15.5399999619,-94.2011871338,False
60.7,-0.017,-0.348,-0.323,1.2944778,1.18660465,12.52309205,44.8799972534,41.4823226929,6.50999975204,-0.697215139866,111.507247925,-11.1649932861,15.4410305023,1.18881189823,97659.2773438,15.6799993515,-94.2011871338,False
60.800000000000004,0.015,-0.393,-0.326,1.372931,1.08853815,13.2782041,44.8799972534,42.8835258484,6.85999965668,0.0587786883116,121.004615784,-11.8871002197,15.1074609756,1.14449632168,97661.3647461,15.8199996948,-108.206748962,False
60.900000000000006,0.077,-0.431,-0.309,1.59848395,1.01008495,14.30790235,44.8699989319,42.8835258484,7.21000003815,0.0587786883116,121.004615784,-12.8140172958,14.6081809998,1.01266527176,97660.357666,15.9600000381,-108.206748962,False
61.0,0.107,-0.451,-0.254,1.6475172,1.16699135,14.56287525,44.8600006104,42.8835258484,7.48999977112,0.0587786883116,121.004615784,-13.4258270264,14.2281227112,0.907747328281,97663.3117676,16.0799999237,-104.749107361,False
61.1,0.089,-0.43,-0.236,1.77500365,1.26505785,14.77862155,44.8299980164,42.8835258484,7.73999977112,0.0587786883116,121.004615784,-14.1955595016,13.6827230453,0.745577275753,97666.8518066,16.1999988556,-104.749107361,False
61.2,0.011,-0.427,-0.23,1.81423025,1.50041745,14.30790235,44.7799987793,45.0977935791,7.94000005722,2.67781066895,132.02835083,-15.0686597824,12.974565506,0.564197003841,97671.8933105,16.2899990082,-124.816703796,False
61.300000000000004,-0.107,-0.361,-0.243,1.95152335,1.55925735,14.50403535,44.75,45.0977935791,8.0999994278,2.67781066895,132.02835083,-15.6118326187,12.474114418,0.441413134336,97674.8046875,16.3699989319,-124.816703796,False
61.400000000000006,-0.129,-0.373,-0.261,1.9024901,1.57887065,14.4746154,44.719997406,45.0977935791,8.19999980927,2.67781066895,132.02835083,-16.2757911682,11.8191156387,0.27815887332,97674.8046875,16.4300003052,-155.157852173,False
61.5,-0.12,-0.34,-0.28,1.89268345,1.55925735,14.42558215,44.6899986267,45.1892776489,8.26000022888,4.63527297974,140.227096558,-17.2026367188,10.7292785645,0.00922829657793,97674.0539551,16.4799995422,-155.157852173,False
61.6,-0.054,-0.359,-0.315,1.7063571,1.75539035,13.83718315,43.75,45.1892776489,8.28999996185,4.63527297974,140.227096558,-17.6061267853,10.1860551834,-0.1031736359,97672.644043,16.5,-170.502288818,False
61.7,-0.106,-0.308,-0.376,1.75539035,1.4513842,13.71950335,43.5200004578,45.1892776489,8.30999946594,4.63527297974,140.227096558,-18.0813045502,9.45929145813,-0.226859271526,97672.8881836,16.5200004578,-170.502288818,False
61.800000000000004,-0.08,-0.284,-0.398,1.55925735,1.4709975,13.58221025,42.219997406,45.1892776489,8.30999946594,4.63527297974,140.227096558,-18.3386764526,9.03222942352,-0.289463609457,97673.7731934,16.5200004578,-195.053390503,False
61.900000000000006,-0.033,-0.257,-0.445,1.50041745,1.1375714,13.337044,41.219997406,44.6023406982,8.31999969482,4.43591070175,152.299346924,-18.8972396851,7.98467111588,-0.409212231636,97676.6723633,16.5200004578,-195.053390503,False
62.0,-0.016,-0.293,-0.415,1.46119085,1.1375714,13.0820711,39.6899986267,44.6023406982,8.27999973297,4.43591070175,152.299346924,-19.262008667,7.24773836136,-0.422729432583,97666.217041,16.4899997711,-212.933258057,False
62.1,-0.103,-0.345,-0.385,1.44157755,0.980665,12.81729155,38.0699996948,44.6023406982,8.27999973297,4.43591070175,152.299346924,-19.5744228363,6.49484491348,-0.43209835887,97669.1162109,16.4699993134,-212.933258057,False
62.2,-0.122,-0.386,-0.341,1.42196425,1.0198916,12.89574475,36.4099998474,44.6023406982,8.26999950409,4.43591070175,152.299346924,-19.741651535,6.03845930099,-0.452387839556,97674.1333008,16.4499988556,-223.663040161,False
62.300000000000004,-0.174,-0.475,-0.338,1.5298374,1.0395049,13.42530385,34.3999977112,44.3677558899,8.21000003815,3.57589936256,162.165817261,-20.0777740479,4.91589069366,-0.542981028557,97667.4743652,16.4200000763,-222.663116455,False
62.400000000000006,-0.212,-0.457,-0.311,1.5886773,1.06892485,14.4942287,32.0099983215,44.3677558899,8.11999988556,3.57589936256,162.165817261,-20.1587524414,4.57376337051,-0.59355700016,97667.4743652,16.3500003815,-241.00151062,False
62.5,-0.173,-0.465,-0.269,1.5298374,1.12776475,15.15127425,29.1899986267,44.3677558899,7.96000003815,3.57589936256,162.165817261,-20.3881111145,3.12067246437,-0.895326435566,97668.5424805,16.3500003815,-241.00151062,False
62.6,-0.276,-0.456,-0.233,1.69655045,1.22583125,15.494507,25.859998703,41.7665214539,7.69999980927,6.71403598785,173.843170166,-20.4427547455,2.20442438126,-1.15229868889,97662.4694824,16.2799987793,-224.835205078,False
62.7,-0.355,-0.408,-0.249,1.67693715,1.4121576,15.44547375,22.3099994659,41.7665214539,7.36999988556,6.71403598785,173.843170166,-20.4414863586,1.83596551418,-1.2628672123,97662.8967285,16.1999988556,-224.835205078,False
62.800000000000004,-0.458,-0.294,-0.252,1.5298374,1.42196425,15.28856735,18.4400005341,41.7665214539,6.86999988556,6.71403598785,173.843170166,-20.3030052185,0.305203616619,-1.81394457817,97659.6557617,16.0799999237,-234.264953613,False
62.900000000000006,-0.541,-0.171,-0.26,1.52003075,1.38273765,14.19022255,14.6199998856,41.7665214539,6.30999994278,6.71403598785,173.843170166,-20.2238922119,-0.129799559712,-1.97276043892,97659.1247559,15.9399995804,-234.264953613,False
63.0,-0.635,-0.169,-0.295,1.26505785,1.0591182,13.28801075,11.0699996948,35.1745147705,5.65000009537,8.85512447357,-178.240585327,-20.0179748535,-0.992977380753,-2.22728013992,97657.1533203,15.75,-236.452865601,False
63.1,-0.645,-0.182,-0.29,1.10815145,0.4707192,13.03303785,7.91999959946,35.1745147705,5.02999973297,8.85512447357,-178.240585327,-19.897315979,-1.33289170265,-2.32858753204,97649.0356445,15.5399999619,-236.452865601,False
63.2,-0.526,-0.194,-0.21,0.8237586,0.5099458,12.0425662,4.75,35.1745147705,4.33999967575,8.85512447357,-178.240585327,-19.7352085114,-1.73862695694,-2.43240904808,97644.7998047,15.3099994659,-231.056976318,False
63.300000000000004,-0.466,-0.156,-0.159,0.7453054,0.61781895,12.748645,2.01999998093,35.1745147705,3.66999983788,8.85512447357,-178.240585327,-19.445514679,-2.26178812981,-2.61282968521,97636.3891602,15.0599994659,-231.056976318,False
63.400000000000006,-0.466,-0.156,-0.159,0.7453054,0.61781895,12.748645,-0.5,23.7608947754,2.87999987602,9.84830665588,-171.535217285,-19.1413002014,-2.67476391792,-2.81393074989,97636.3891602,14.7999992371,-213.690567017,False
63.5,-0.547,-0.109,-0.07,0.6080123,0.9218251,11.8464332,-2.64999985695,23.7608947754,2.07999992371,9.84830665588,-171.535217285,-18.9767284393,-2.84136486053,-2.91159939766,97630.5358887,14.5099992752,-213.690567017,False
63.6,-0.587,-0.039,-0.076,0.5099458,1.01008495,10.50292215,-4.42999982834,23.7608947754,1.18999993801,9.84830665588,-171.535217285,-18.7223205566,-3.04034972191,-3.02678060532,97624.2248535,14.1999998093,-189.064208984,False
63.7,-0.611,-0.02,-0.092,0.4511059,0.9610517,10.6500219,-5.69999980927,23.7608947754,0.319999992847,9.84830665588,-171.535217285,-18.4805202484,-3.14488792419,-3.09368014336,97621.5026855,13.8800001144,-189.064208984,False
63.800000000000004,-0.585,0.109,-0.119,0.3334261,0.6668522,9.2378643,-6.60999965668,23.7608947754,-0.569999992847,9.84830665588,-171.535217285,-18.2617263794,-3.19234657288,-3.10928678513,97613.8000488,13.5399999619,-151.92527771,False
63.900000000000006,-0.585,0.109,-0.119,0.3334261,0.6668522,9.2378643,-7.23999977112,8.9839515686,-1.39999997616,10.4784107208,-168.554611206,-18.0142841339,-3.15568470955,-2.90854787827,97613.8000488,13.1999998093,-151.92527771,False
64.0,-0.494,0.117,-0.118,0.24516625,0.5099458,8.1983594,-7.51999998093,8.9839515686,-2.11999988556,10.4784107208,-168.554611206,-17.9233989716,-3.12990140915,-2.80497336388,97604.1320801,12.8599996567,-116.290283203,False
64.10000000000001,-0.349,0.099,-0.081,0.16671305,0.392266,8.22777935,-7.73000001907,8.9839515686,-2.76999998093,10.4784107208,-168.554611206,-17.7854938507,-3.05526590347,-2.63412070274,97596.4050293,12.5500001907,-116.290283203,False
64.2,-0.313,0.095,-0.056,0.16671305,0.36284605,8.05125965,-7.73000001907,8.9839515686,-3.37999987602,10.4784107208,-168.554611206,-17.6419773102,-2.94318366051,-2.41380143166,97596.1242676,12.2599992752,-89.5301818848,False
64.3,-0.313,0.095,-0.056,0.16671305,0.36284605,8.05125965,-7.69000005722,-1.45240879059,-3.95999979973,7.50664949417,-166.208969116,-17.5813884735,-2.87599015236,-2.29298257828,97596.1242676,11.9799995422,-89.5301818848,False
64.4,-0.243,0.061,0.009,0.2353596,0.18632635,8.4925589,-7.48999977112,-1.45240879059,-4.46999979019,7.50664949417,-166.208969116,-17.4685878754,-2.73872542381,-2.08397483826,97584.2773438,11.7199993134,-67.414855957,False
64.5,-0.173,0.081,0.056,0.22555295,0.20593965,8.24739265,-7.2999997139,-1.45240879059,-4.98000001907,7.50664949417,-166.208969116,-17.4002475739,-2.64226984978,-1.96862077713,97583.6364746,11.4799995422,-67.414855957,False
64.60000000000001,-0.258,0.101,0.12,0.2353596,0.24516625,8.52197885,-7.00999975204,-1.45240879059,-5.42999982834,7.50664949417,-166.208969116,-17.2995586395,-2.44679641724,-1.73968291283,97581.5734863,11.25,-34.6700668335,False
64.7,-0.119,0.094,0.129,0.18632635,0.3138128,8.73772515,-6.61999988556,-6.52756357193,-5.86999988556,5.39390182495,-167.454803467,-17.2423152924,-2.27128195763,-1.60591387749,97577.7648926,11.0399999619,-34.6700668335,False
64.8,-0.106,0.105,0.118,0.1372931,0.44129925,8.5121722,-6.01999998093,-6.52756357193,-6.2999997139,5.39390182495,-167.454803467,-17.2073421478,-2.12752985954,-1.47565448284,97576.3977051,10.8400001526,-17.3212051392,False
64.9,-0.057,0.122,0.117,0.0980665,0.42168595,8.14932615,-5.40000009537,-6.52756357193,-6.69000005722,5.39390182495,-167.454803467,-17.1677780151,-1.94140958786,-1.29731583595,97573.3825684,10.6599998474,-17.3212051392,False
65.0,-0.013,0.132,0.098,0.04903325,0.44129925,7.5511205,-4.73000001907,-6.52756357193,-6.98000001907,5.39390182495,-167.454803467,-17.1320743561,-1.73330509663,-0.997135937214,97570.2636719,10.4899997711,-0.815391540527,False
65.10000000000001,0.041,0.137,0.078,0.02941995,0.38245935,7.95319315,-4.08999967575,-6.52756357193,-7.23000001907,5.39390182495,-167.454803467,-17.1061000824,-1.55943989754,-0.775739967823,97570.6848145,10.3499994278,-0.815391540527,False
65.2,0.116,0.148,0.068,0.0,0.3334261,7.54131385,-3.42999982834,-7.61551856995,-7.41999959946,1.7449234724,-170.006347656,-17.088552475,-1.40574753284,-0.528260886669,97569.5739746,10.2299995422,15.3546333313,False
65.3,0.116,0.148,0.068,0.0,0.3334261,7.54131385,-2.87999987602,-7.61551856995,-7.55999994278,1.7449234724,-170.006347656,-17.0786952972,-1.25472545624,-0.217202275991,97569.5739746,10.1300001144,15.3546333313,False
65.4,0.103,0.141,0.091,-0.0392266,0.10787315,7.61976705,-2.40999984741,-7.61551856995,-7.59999990463,1.7449234724,-170.006347656,-17.0821094513,-1.19274961948,-0.0726246833801,97564.465332,10.0699996948,19.6970939636,False
65.5,0.161,0.105,0.113,0.0196133,0.14709975,7.5511205,-2.06999993324,-5.31895542145,-7.60999965668,-1.12769830227,-171.248764038,-17.0894107819,-1.0961920023,0.178820952773,97566.6625977,10.029999733,19.6970939636,False
65.60000000000001,0.135,0.132,0.14,-0.02941995,0.2353596,7.26672765,-1.75999999046,-5.31895542145,-7.5499997139,-1.12769830227,-171.248764038,-17.1148509979,-0.998914361,0.512782096863,97563.3789062,10.0199995041,19.003868103,False
65.7,0.042,0.146,0.145,0.0,0.44129925,7.07059465,-1.49000000954,-5.31895542145,-7.40999984741,-1.12769830227,-171.248764038,-17.1454277039,-0.914166629314,0.800860702991,97565.5212402,10.029999733,19.003868103,False
65.8,-0.051,0.145,0.11,0.0,0.51975245,7.67860695,-1.18999993801,-5.31895542145,-7.17999982834,-1.12769830227,-171.248764038,-17.1803379059,-0.84290599823,1.03684210777,97562.1765137,10.0699996948,20.8343505859,True
65.9,-0.099,0.124,0.09,0.0196133,0.42168595,8.1199062,-0.849999964237,-3.31301951408,-6.92000007629,-4.69690179825,-174.138427734,-17.2362613678,-0.748484015465,1.25629222393,97566.5344238,10.1399993896,20.8343505859,True
66.0,-0.073,0.086,0.084,0.0980665,0.46091255,8.01203305,-0.489999979734,-3.31301951408,-6.61999988556,-4.69690179825,-174.138427734,-17.3252868652,-0.629705429077,1.50021135807,97569.1162109,10.2399997711,25.9783744812,True
66.10000000000001,-0.035,0.095,0.069,-0.0196133,0.44129925,7.95319315,-0.0799999982119,-3.31301951408,-6.2999997139,-4.69690179825,-174.138427734,-17.3803291321,-0.549279749393,1.67581140995,97569.3054199,10.3499994278,25.9783744812,True
66.2,-0.044,0.099,0.064,0.04903325,0.36284605,7.9629998,0.340000003576,-3.31301951408,-5.88999986649,-4.69690179825,-174.138427734,-17.4962368011,-0.404552549124,1.96882784367,97572.65625,10.4899997711,25.2240180969,True
66.3,-0.044,0.099,0.064,0.04903325,0.36284605,7.9629998,0.789999961853,-3.31301951408,-5.46000003815,-4.69690179825,-174.138427734,-17.5571041107,-0.33842125535,2.08111596107,97572.65625,10.6499996185,25.2240180969,True
66.4,-0.032,0.028,0.041,0.0196133,0.5099458,8.85540495,1.29999995232,-4.29179811478,-4.98000001907,-7.39409637451,-176.224685669,-17.6960220337,-0.180724158883,2.28786277771,97575.3234863,10.8299999237,5.89637756348,True
66.5,-0.047,0.018,0.027,0.0196133,0.36284605,8.95347145,1.82999992371,-4.29179811478,-4.5,-7.39409637451,-176.224685669,-17.7402572632,-0.136035919189,2.32232141495,97578.8269043,11.029999733,5.89637756348,True
66.60000000000001,-0.051,-0.027,0.039,0.0980665,0.3138128,9.6693569,2.3599998951,-4.29179811478,-3.99000000954,-7.39409637451,-176.224685669,-17.9189624786,0.0360182225704,2.47023224831,97583.3435059,11.2399997711,-6.92653656006,True
66.7,-0.006,-0.086,0.045,0.08825985,0.34323275,9.91452315,2.90999984741,-4.29179811478,-3.5,-7.39409637451,-176.224685669,-18.0185241699,0.129886478186,2.50268554688,97585.7727051,11.4499998093,-6.92653656006,True
66.8,-0.007,-0.134,0.047,0.196133,0.3334261,10.85596155,3.52999997139,-4.55490350723,-3.00999999046,-7.18709135056,-177.376098633,-18.1746139526,0.28139296174,2.43430376053,97588.7145996,11.8999996185,-23.4428405762,True
66.9,-0.015,-0.152,0.053,0.38245935,0.36284605,11.66010685,4.23000001907,-4.55490350723,-2.58999991417,-7.18709135056,-177.376098633,-18.3007297516,0.413970798254,2.29949808121,97597.052002,11.8999996185,-23.4428405762,True
67.0,-0.003,-0.11,0.045,0.3530394,0.3530394,11.9837263,4.96000003815,-4.55490350723,-2.23000001907,-7.18709135056,-177.376098633,-18.3740940094,0.495593160391,2.19098877907,97597.052002,12.1199998856,-39.475440979,True
67.10000000000001,0.035,-0.093,0.054,0.3334261,0.5295591,12.15043935,5.73000001907,-4.55490350723,-1.93999993801,-7.18709135056,-177.376098633,-18.5135421753,0.65935999155,1.95791721344,97603.0822754,12.3099994659,-39.475440979,True
67.2,0.066,-0.053,0.05,0.32361945,0.38245935,11.62088025,6.53999996185,-4.13488006592,-1.70999991894,-4.49263143539,-178.939758301,-18.5930309296,0.767932057381,1.81897342205,97601.2329102,12.4899997711,-62.0792388916,True
67.3,0.006,-0.111,0.054,0.38245935,0.3334261,12.34657235,7.31999969482,-4.13488006592,-1.45999991894,-4.49263143539,-178.939758301,-18.6856021881,0.892955899239,1.64330601692,97606.7077637,12.6499996185,-62.0792388916,True
67.4,0.006,-0.111,0.054,0.38245935,0.3334261,12.34657235,8.10999965668,-4.13488006592,-1.29999995232,-4.49263143539,-178.939758301,-18.7504425049,0.990294992924,1.4580167532,97606.7077637,12.7899999619,-82.190322876,True
67.5,0.027,-0.116,0.051,0.3138128,0.5099458,12.36618565,8.88999938965,-4.13488006592,-1.18999993801,-4.49263143539,-178.939758301,-18.8255023956,1.14942467213,1.19953429699,97607.03125,12.9099998474,-82.190322876,True
67.60000000000001,0.033,-0.126,0.03,0.34323275,0.392266,11.9248864,9.72999954224,-3.04889702797,-1.12000000477,-2.369992733,179.376602173,-18.8752593994,1.27164673805,0.991672456264,97614.0319824,13.0099992752,-81.3575744629,True
67.7,0.023,-0.127,0.027,0.22555295,0.36284605,11.66010685,10.4899997711,-3.04889702797,-1.07999992371,-2.369992733,179.376602173,-18.904335022,1.4022936821,0.801984429359,97614.0625,13.0900001526,-81.3575744629,True
67.8,0.021,-0.119,0.021,0.2941995,0.28439285,11.8072066,11.25,-3.04889702797,-1.04999995232,-2.369992733,179.376602173,-18.9118709564,1.48343193531,0.664422690868,97614.8254395,13.1499996185,-94.9140548706,True
67.9,0.024,-0.123,0.019,0.28439285,0.4118793,11.64049355,11.9699993134,-2.35764598846,-1.06999993324,-0.351023793221,178.627731323,-18.9086837769,1.58207178116,0.484355181456,97619.4030762,13.1999998093,-94.9140548706,True
68.0,0.03,-0.082,0.021,0.3138128,0.2353596,11.58165365,12.7199993134,-2.35764598846,-1.12000000477,-0.351023793221,178.627731323,-18.895816803,1.6734341383,0.298493623734,97618.9453125,13.2399997711,-105.260848999,True
68.10000000000001,0.059,-0.02,0.041,0.3530394,0.30400615,11.76798,13.3699998856,-2.35764598846,-1.19999992847,-0.351023793221,178.627731323,-18.8701400757,1.76734578609,0.0941556096077,97616.3208008,13.2599992752,-105.260848999,True
68.2,0.036,0.073,0.045,0.28439285,0.38245935,10.9049948,14.029999733,-1.45186090469,-1.31999993324,0.578316271305,177.906463623,-18.8461208344,1.8392714262,-0.0396434217691,97614.7033691,13.2699995041,-105.072784424,True
68.3,-0.002,0.051,0.018,0.14709975,0.28439285,9.8458766,14.6199998856,-1.45186090469,-1.42999994755,0.578316271305,177.906463623,-18.8247661591,1.8883395195,-0.0745169967413,97618.5302734,13.2599992752,-105.072784424,True
68.4,-0.02,0.008,0.023,0.1176798,0.2549729,9.18883105,15.1999998093,-1.45186090469,-1.5,0.578316271305,177.906463623,-18.7971420288,1.95382642746,-0.0179336853325,97619.4213867,13.2399997711,-103.527069092,True
68.5,0.0,0.019,0.006,0.1176798,0.32361945,9.05153795,15.7299995422,-1.45186090469,-1.5,0.578316271305,177.906463623,-18.7702503204,2.01229381561,0.0659952759743,97617.3339844,13.2299995422,-103.527069092,True
68.60000000000001,-0.027,-0.037,0.002,0.0980665,0.14709975,8.99269805,16.3099994659,-1.45186090469,-1.44999992847,0.578316271305,177.906463623,-18.7524738312,2.05304527283,0.133248388767,97620.5505371,13.2299995422,-92.4701690674,True
68.7,0.079,-0.041,0.031,0.2157463,0.22555295,10.2969825,16.8199996948,-1.1324712038,-1.37000000477,-0.119213908911,177.164031982,-18.7249507904,2.11501383781,0.192596361041,97615.5822754,13.2399997711,-92.4701690674,True
68.8,-0.023,-0.003,0.04,0.16671305,0.1569064,10.0223963,17.3999996185,-1.1324712038,-1.31999993324,-0.119213908911,177.164031982,-18.7101745605,2.15680384636,0.180268079042,97614.9169922,13.2699995041,-99.9105453491,True
68.9,0.059,-0.035,0.034,0.1765197,0.2745862,9.95374975,17.9400005341,-1.1324712038,-1.27999997139,-0.119213908911,177.164031982,-18.6930561066,2.2093398571,0.195166036487,97620.6481934,13.2899999619,-99.9105453491,True
69.0,0.071,-0.079,0.028,0.26477955,0.24516625,10.30678915,18.5,-0.268728882074,-1.23000001907,0.344974398613,176.368438721,-18.673784256,2.2531619072,0.192640468478,97621.2646484,13.3099994659,-93.4902191162,True
69.10000000000001,0.025,-0.092,0.043,0.34323275,0.34323275,10.85596155,18.9899997711,-0.268728882074,-1.20999991894,0.344974398613,176.368438721,-18.6471004486,2.30537652969,0.105970300734,97620.2148438,13.3299999237,-93.4902191162,True
69.2,-0.008,-0.028,0.029,0.30400615,0.28439285,10.591182,19.5200004578,-0.268728882074,-1.23000001907,0.344974398613,176.368438721,-18.6109027863,2.35516810417,0.0222227536142,97620.2148438,13.3499994278,-91.8567657471,True
69.3,-0.008,-0.028,0.029,0.30400615,0.28439285,10.591182,20.0200004578,-0.268728882074,-1.25999999046,0.344974398613,176.368438721,-18.5932235718,2.37892198563,0.0067495489493,97620.123291,13.3699998856,-91.8567657471,True
69.4,0.101,-0.02,0.007,0.26477955,0.16671305,10.40485565,20.4899997711,0.628056287766,-1.26999998093,1.42737579346,175.454940796,-18.5632762909,2.40705347061,-0.0140289170668,97619.4580078,13.3699998856,-94.2230224609,True
69.5,0.154,0.015,0.023,0.2549729,0.2941995,10.4931155,20.9099998474,0.628056287766,-1.27999997139,1.42737579346,175.454940796,-18.5346908569,2.41098213196,-0.0706896111369,97623.651123,13.3800001144,-94.2230224609,True
69.60000000000001,0.132,0.022,0.017,0.2353596,0.34323275,9.81645665,21.3899993896,0.628056287766,-1.33999991417,1.42737579346,175.454940796,-18.4923458099,2.41692829132,-0.0790106281638,97620.3430176,13.3800001144,-92.432975769,True
69.7,0.064,-0.031,-0.012,0.18632635,0.32361945,9.85568325,21.7399997711,0.628056287766,-1.35000002384,1.42737579346,175.454940796,-18.4775352478,2.40682840347,-0.075790822506,97622.6379395,13.3699998856,-93.4329071045,True
69.8,0.009,-0.018,-0.011,0.1765197,0.24516625,10.2185293,22.5900001526,3.33595371246,-1.36000001431,1.46037590504,175.059432983,-18.4200210571,2.37353444099,-0.0703645125031,97621.4294434,13.3699998856,-64.684387207,True
69.9,0.009,-0.018,-0.011,0.1765197,0.24516625,10.2185293,22.8199996948,3.33595371246,-1.37999999523,1.46037590504,175.059432983,-18.3856220245,2.34878993034,-0.0549464896321,97621.4294434,13.3699998856,-63.684463501,True
70.0,0.035,-0.018,-0.017,0.14709975,0.26477955,9.44380395,23.0499992371,3.33595371246,-1.37000000477,1.46037590504,175.059432983,-18.3412837982,2.3122985363,0.017189828679,97620.7885742,13.3699998856,-58.4627151489,True
70.10000000000001,0.001,-0.047,-0.015,0.26477955,0.32361945,9.87529655,24.0900001526,3.33595371246,-1.30999994278,1.46037590504,175.059432983,-18.3163871765,2.29395079613,0.0316886045039,97622.6745605,13.3699998856,-58.4627151489,True
70.2,-0.024,0.006,-0.035,0.22555295,0.32361945,10.1400761,24.3500003815,4.34623384476,-1.27999997139,1.92755019665,175.214416504,-18.2773342133,2.26239490509,0.0416952483356,97621.1547852,13.3899993896,-56.5196990967,True
70.3,-0.009,0.027,-0.055,0.22555295,0.32361945,10.36562905,26.5900001526,4.34623384476,-1.26999998093,1.92755019665,175.214416504,-18.2419033051,2.23570823669,0.0116103887558,97621.1242676,13.3999996185,-56.5196990967,True
70.4,-0.009,0.027,-0.055,0.22555295,0.32361945,10.36562905,26.9399986267,4.34623384476,-1.25,1.92755019665,175.214416504,-18.2281494141,2.22318029404,0.00490971654654,97621.1242676,13.4099998474,-42.527961731,True
70.5,0.063,0.022,-0.113,0.2549729,0.16671305,9.42419065,27.2899990082,4.31390428543,-1.22000002861,1.48369288445,175.694335938,-18.2033557892,2.18535161018,0.0675235018134,97620.7885742,13.4200000763,-42.527961731,True
70.60000000000001,0.081,0.084,-0.089,0.30400615,0.0392266,9.38496405,29.4699993134,4.31390428543,-1.16999995708,1.48369288445,175.694335938,-18.1946620941,2.14520812035,0.122030444443,97622.9797363,13.4399995804,-49.1949081421,True
70.7,0.143,0.114,-0.077,0.2353596,0.0980665,8.6886919,29.7699985504,4.31390428543,-1.07999992371,1.48369288445,175.694335938,-18.1927814484,2.08546686172,0.22125145793,97619.5983887,13.4600000381,-49.1949081421,True
70.8,0.131,0.045,-0.063,0.20593965,0.0392266,8.9436648,34.3499984741,6.19056940079,-0.919999957085,-0.405459225178,177.286346436,-18.1980133057,2.01290202141,0.362486928701,97620.6481934,13.4899997711,-34.7486495972,True
70.9,0.149,0.017,-0.075,0.20593965,0.08825985,9.414384,34.7099990845,6.19056940079,-0.740000009537,-0.405459225178,177.286346436,-18.2091884613,1.92560732365,0.448471873999,97619.5068359,13.529999733,-34.7486495972,True
71.0,0.107,0.046,-0.074,0.2157463,0.08825985,9.5712904,38.0999984741,6.19056940079,-0.569999992847,-0.405459225178,177.286346436,-18.2264518738,1.81674575806,0.504926621914,97622.1801758,13.5799999237,-40.3861999512,True
71.10000000000001,0.104,0.009,-0.07,0.24516625,0.10787315,9.6497436,38.4599990845,8.8008108139,-0.399999976158,-1.35117959976,178.319107056,-18.2523422241,1.6735124588,0.571929991245,97622.9064941,13.6399993896,-40.3861999512,True
71.2,0.05,0.024,-0.083,0.196133,1.15893436442e-15,9.46341725,38.8099975586,8.8008108139,-0.219999998808,-1.35117959976,178.319107056,-18.2732219696,1.56625032425,0.624661624432,97625.9521484,13.6999998093,-37.8293991089,True
71.3,0.098,-0.019,-0.093,0.24516625,-0.0784532,9.42419065,40.9399986267,8.8008108139,-0.00999999977648,-1.35117959976,178.319107056,-18.2998485565,1.42339587212,0.70890390873,97623.2788086,13.7599992752,-37.8293991089,True
71.4,0.167,-0.04,-0.09,0.26477955,0.04903325,10.01258965,41.2799987793,8.8008108139,0.229999989271,-1.35117959976,178.319107056,-18.3267631531,1.26877629757,0.756856501102,97623.2788086,13.8400001526,-34.1814041138,True
71.5,0.18,-0.001,-0.087,0.26477955,-0.00980665,9.95374975,41.5299987793,11.3103742599,0.459999978542,-1.46733021736,179.87286377,-18.3567867279,1.08746945858,0.782365381718,97627.0629883,13.9200000763,-34.1814041138,True
71.60000000000001,0.238,-0.008,-0.085,0.38245935,0.10787315,10.11065615,44.8699989319,11.3103742599,0.699999988079,-1.46733021736,179.87286377,-18.3872966766,0.882566928864,0.802898168564,97631.3659668,14.0099992752,-43.2767868042,True
71.7,0.165,0.042,-0.072,0.28439285,0.0980665,10.0223963,44.8600006104,11.3103742599,0.930000007153,-1.46733021736,179.87286377,-18.4363441467,0.564777910709,0.834774672985,97625.0976562,14.1899995804,-49.7621536255,True
71.8,0.123,-0.091,-0.063,0.30400615,0.1176798,10.002783,44.8600006104,11.3103742599,1.16999995708,-1.46733021736,179.87286377,-18.4476394653,0.466376394033,0.847126662731,97633.6608887,14.1899995804,-49.7621536255,True
71.9,0.098,-0.137,-0.094,0.392266,0.14709975,11.1011278,44.8799972534,15.8029899597,1.42999994755,-1.41676962376,-178.447937012,-18.4815826416,0.165787994862,0.831749618053,97631.6589355,14.279999733,-49.7621536255,True
72.0,0.1,-0.045,-0.106,0.40207265,0.36284605,10.8657682,44.8799972534,15.8029899597,1.62000000477,-1.41676962376,-178.447937012,-18.5109004974,-0.216791987419,0.74624478817,97636.3037109,14.3699998856,-60.0778579712,True
72.10000000000001,0.154,-0.088,-0.143,0.38245935,0.2745862,10.40485565,44.8799972534,15.8029899597,1.81999993324,-1.41676962376,-178.447937012,-18.5159397125,-0.384577184916,0.737842977047,97633.7097168,14.4499998093,-60.0778579712,True
72.2,0.175,-0.152,-0.158,0.4118793,0.24516625,10.58137535,44.8799972534,18.7213859558,2.02999997139,-0.288837492466,-175.794891357,-18.5188083649,-0.791157662868,0.707991540432,97629.0161133,14.529999733,-55.0672531128,True
72.3,0.083,-0.152,-0.175,0.55897905,0.6276256,11.79739995,44.8799972534,18.7213859558,2.23000001907,-0.288837492466,-175.794891357,-18.5130691528,-0.978394627571,0.640415549278,97634.777832,14.6099996567,-55.0672531128,True
72.4,-0.032,-0.134,-0.232,0.53936575,0.2941995,11.6503002,44.8799972534,18.7213859558,2.32999992371,-0.288837492466,-175.794891357,-18.4868888855,-1.37558817863,0.484289348125,97635.0891113,14.6700000763,-66.621307373,True
72.5,-0.001,-0.145,-0.248,0.4903325,0.32361945,11.77778665,44.8799972534,18.7213859558,2.38999986649,-0.288837492466,-175.794891357,-18.4558105469,-1.65837371349,0.376499950886,97636.7736816,14.7299995422,-66.621307373,True
72.60000000000001,0.076,-0.119,-0.258,0.5295591,0.36284605,11.89546645,44.8799972534,18.7213859558,2.40999984741,-0.288837492466,-175.794891357,-18.4045848846,-2.00972437859,0.239312067628,97639.2944336,14.7599992752,-73.3880004883,True
72.7,0.091,-0.049,-0.259,0.4511059,0.20593965,11.42474725,44.8799972534,20.6657180786,2.40999984741,1.09388327599,-169.011779785,-18.3170566559,-2.44423055649,0.104138225317,97636.0656738,14.7899999619,-72.3880767822,True
72.8,0.083,-0.12,-0.249,0.53936575,0.34323275,11.375714,44.8799972534,20.6657180786,2.39999985695,1.09388327599,-169.011779785,-18.2556304932,-2.73485779762,0.035998634994,97639.6911621,14.7999992371,-65.9606933594,True
72.9,0.092,-0.187,-0.269,0.5295591,0.0980665,11.6503002,44.8699989319,20.6657180786,2.37999987602,1.09388327599,-169.011779785,-18.1597709656,-3.10758948326,-0.0522006563842,97635.760498,14.7999992371,-65.9606933594,True
73.0,0.104,-0.158,-0.224,0.6472389,0.1372931,11.97391965,44.8600006104,20.6657180786,2.32999992371,1.09388327599,-169.011779785,-18.039648056,-3.51593184471,-0.143407046795,97643.6401367,14.7899999619,-66.974067688,True
73.10000000000001,0.082,-0.069,-0.21,0.588399,0.196133,11.36590735,44.8600006104,23.4546108246,2.25999999046,1.93349885941,-162.711273193,-17.8992004395,-3.92377185822,-0.245033055544,97643.6401367,14.7699995041,-66.974067688,True
73.2,0.12,-0.13,-0.184,0.59820565,0.2157463,11.1403544,44.8600006104,23.4546108246,2.16999983788,1.93349885941,-162.711273193,-17.725522995,-4.39461088181,-0.281940698624,97633.5205078,14.7399997711,-54.8160552979,True
73.3,0.106,-0.166,-0.175,0.5491724,0.10787315,11.0619012,44.8499984741,23.4546108246,2.11999988556,1.93349885941,-162.711273193,-17.5928821564,-4.71425819397,-0.30445176363,97641.1071777,14.7100000381,-54.8160552979,True
73.4,0.119,-0.163,-0.169,0.6276256,0.14709975,11.66010685,44.8299980164,23.4546108246,2.04999995232,1.93349885941,-162.711273193,-17.4078636169,-5.12970352173,-0.345903247595,97639.7216797,14.6799993515,-56.679725647,True
73.5,0.069,-0.109,-0.156,0.61781895,0.40207265,11.1403544,44.8199996948,25.8884429932,1.97999989986,2.74751281738,-158.717132568,-17.1251029968,-5.69363737106,-0.381591677666,97639.5507812,14.6399993896,-56.679725647,True
73.60000000000001,0.082,-0.079,-0.173,0.6276256,0.4903325,10.79712165,44.8199996948,25.8884429932,1.90999996662,2.74751281738,-158.717132568,-17.0446510315,-5.84677648544,-0.37919574976,97628.2226562,14.5999994278,-42.1724319458,True
73.7,0.129,-0.055,-0.213,0.53936575,0.36284605,9.9635564,44.8299980164,25.8884429932,1.87000000477,2.74751281738,-158.717132568,-16.7540893555,-6.38058376312,-0.320156544447,97640.9362793,14.5699996948,-42.1724319458,True
73.8,0.112,-0.103,-0.228,0.53936575,0.392266,9.87529655,44.8299980164,25.8884429932,1.87000000477,2.74751281738,-158.717132568,-16.506280899,-6.83218574524,-0.199859216809,97637.1398926,14.529999733,-39.6327972412,True
73.9,0.05,-0.158,-0.241,0.6668522,0.4903325,10.42446895,44.8299980164,29.2841758728,1.90999996662,2.58906769753,-153.310562134,-16.3203964233,-7.14015436172,-0.154598161578,97638.9831543,14.5,-39.6327972412,True
74.0,-0.033,-0.179,-0.249,0.6864655,0.55897905,11.0226746,44.8199996948,29.2841758728,1.91999995708,2.58906769753,-153.310562134,-16.1261329651,-7.462038517,-0.137755006552,97626.9958496,14.4899997711,-42.9168701172,True
74.10000000000001,0.041,-0.115,-0.26,0.6864655,0.6864655,10.9246081,44.8199996948,29.2841758728,1.90999996662,2.58906769753,-153.310562134,-15.8611497879,-7.85695695877,-0.140068233013,97636.2731934,14.4799995422,-42.9168701172,True
74.2,0.033,-0.095,-0.317,0.6864655,0.5687857,11.01286795,44.8299980164,30.1786575317,1.90999996662,2.73650813103,-147.90612793,-15.5961198807,-8.23582935333,-0.123506873846,97635.168457,14.4600000381,-33.5088729858,True
74.3,0.033,-0.095,-0.317,0.6864655,0.5687857,11.01286795,44.8600006104,30.1786575317,1.91999995708,2.73650813103,-147.90612793,-15.3727502823,-8.54498195648,-0.0982583835721,97635.168457,14.4499998093,-33.5088729858,True
74.4,0.05,-0.042,-0.342,0.59820565,0.3138128,9.62032365,44.8799972534,30.1786575317,1.95999991894,2.73650813103,-147.90612793,-14.9419994354,-9.14570331573,0.0651198998094,97632.244873,14.4399995804,-37.1158599854,True
74.5,0.097,-0.148,-0.319,0.65704555,0.34323275,10.2577559,44.8799972534,31.2925567627,2.05999994278,0.65869051218,-142.899795532,-14.766825676,-9.37333488464,0.132681503892,97635.7177734,14.4399995804,-37.1158599854,True
74.60000000000001,0.07,-0.186,-0.293,0.7060788,0.2549729,11.05209455,44.8799972534,31.2925567627,2.20000004768,0.65869051218,-142.899795532,-14.3904190063,-9.85990047455,0.219205766916,97634.5825195,14.4600000381,-26.8848419189,True
74.7,0.104,-0.209,-0.29,0.8041453,0.36284605,11.48358715,44.8799972534,31.2925567627,2.31999993324,0.65869051218,-142.899795532,-14.1034545898,-10.2017383575,0.233057647943,97627.7648926,14.4799995422,-26.8848419189,True
74.8,0.092,-0.175,-0.266,0.77472535,0.30400615,11.36590735,44.8799972534,31.2925567627,2.42999982834,0.65869051218,-142.899795532,-13.6452054977,-10.7239847183,0.244304761291,97636.7004395,14.5099992752,-19.8495864868,True
74.9,0.054,-0.215,-0.259,0.81395195,0.4314926,11.38552065,44.8799972534,31.2925567627,2.52999997139,0.65869051218,-142.899795532,-13.249215126,-11.1349430084,0.272264629602,97640.3320312,14.5399999619,-20.8495140076,True
75.0,0.03,-0.208,-0.258,0.8041453,0.4903325,11.60126695,44.8799972534,34.4763412476,2.63999986649,0.810462892056,-132.628616333,-12.9176940918,-11.4612598419,0.285648822784,97637.5671387,14.5599994659,-20.5147743225,True
75.10000000000001,-0.01,-0.204,-0.296,0.8237586,0.5491724,11.28745415,44.8799972534,34.4763412476,2.75999999046,0.810462892056,-132.628616333,-12.4916229248,-11.8495702744,0.317829847336,97639.8193359,14.5999994278,-19.5148468018,True
75.2,-0.024,-0.208,-0.311,0.9022118,0.6080123,11.52281375,44.8799972534,34.4763412476,2.88999986649,0.810462892056,-132.628616333,-12.0520458221,-12.231924057,0.332772761583,97641.0583496,14.6300001144,-13.1870269775,True
75.3,-0.003,-0.173,-0.347,0.9218251,0.55897905,11.1011278,44.8799972534,34.4763412476,3.00999999046,0.810462892056,-132.628616333,-11.5008850098,-12.6652936935,0.348957508802,97643.5913086,14.6700000763,-13.1870269775,True
75.4,0.061,-0.251,-0.373,0.8237586,0.46091255,11.3561007,44.8799972534,34.9938850403,3.15999984741,0.534542024136,-124.552635193,-11.1281528473,-12.9389324188,0.382950603962,97641.3818359,14.7199993134,-17.1621322632,True
75.5,0.074,-0.29,-0.377,0.9414384,0.59820565,11.87585315,44.8799972534,34.9938850403,3.32999992371,0.534542024136,-124.552635193,-10.6042337418,-13.2923269272,0.394365847111,97636.1938477,14.7699995041,-17.1621322632,True
75.60000000000001,0.069,-0.268,-0.349,0.99047165,0.5099458,12.09159945,44.8799972534,34.9938850403,3.48000001907,0.534542024136,-124.552635193,-10.0310716629,-13.6491794586,0.369366854429,97641.3513184,14.8099994659,-25.0171661377,True
75.7,0.097,-0.272,-0.333,1.0198916,0.4314926,12.24850585,44.8799972534,34.9938850403,3.6099998951,0.534542024136,-124.552635193,-9.4412651062,-13.9752159119,0.356561511755,97635.2416992,14.8599996567,-25.0171661377,True
75.8,0.11,-0.267,-0.326,1.08853815,0.55897905,12.356379,44.8799972534,34.9938850403,3.75,0.534542024136,-124.552635193,-8.81332206726,-14.290564537,0.335351169109,97639.7583008,14.8999996185,-24.5197296143,True
75.9,0.082,-0.265,-0.292,1.0787315,0.50013915,11.87585315,44.8699989319,37.7139701843,3.88999986649,0.894262254238,-113.084785461,-7.91008615494,-14.6851968765,0.347579300404,97638.9282227,14.9399995804,-24.5197296143,True
76.0,0.053,-0.285,-0.301,1.0787315,0.79433865,11.67972015,44.8699989319,37.7139701843,4.00999975204,0.894262254238,-113.084785461,-7.39751195908,-14.8885259628,0.361948043108,97638.9892578,14.9699993134,-15.2933120728,True
76.10000000000001,0.07,-0.26,-0.348,1.1571847,0.7453054,12.15043935,44.8699989319,37.7139701843,4.15999984741,0.894262254238,-113.084785461,-6.71799707413,-15.1154327393,0.355297923088,97642.3034668,15.0099992752,-15.2933120728,True
76.2,0.07,-0.26,-0.348,1.1571847,0.7453054,12.15043935,44.8699989319,37.7139701843,4.25999975204,0.894262254238,-113.084785461,-6.44406747818,-15.2005329132,0.352005332708,97642.3034668,15.029999733,-16.7774200439,True
76.3,0.051,-0.265,-0.394,1.16699135,0.784532,12.2190859,44.8799972534,40.1097335815,4.40999984741,1.20670902729,-104.301864624,-5.47632312775,-15.4758615494,0.396740823984,97645.1904297,15.0699996948,-17.7773475647,True
76.4,0.06,-0.272,-0.387,1.1964113,0.784532,12.11121275,44.8799972534,40.1097335815,4.56999969482,1.20670902729,-104.301864624,-4.59854698181,-15.6828775406,0.439965218306,97646.5026855,15.1099996567,-21.9056129456,True
76.5,0.047,-0.264,-0.367,1.18660465,0.75511205,11.6699135,44.7399978638,40.1097335815,4.75,1.20670902729,-104.301864624,-4.00611686707,-15.7886066437,0.483401983976,97647.3510742,15.1599998474,-21.9056129456,True
76.60000000000001,0.068,-0.347,-0.383,1.22583125,0.71588545,11.99353295,43.3999977112,40.1097335815,4.96999979019,1.20670902729,-104.301864624,-3.10233712196,-15.9269304276,0.558715879917,97647.869873,15.2100000381,-25.7046699524,True
76.7,0.06,-0.422,-0.378,1.36312435,0.7256921,12.7290317,41.9300003052,42.5318412781,5.21000003815,-0.0733475908637,-91.1913909912,-2.29310822487,-15.9980707169,0.587222456932,97650.2319336,15.279999733,-25.7046699524,True
76.80000000000001,0.047,-0.467,-0.343,1.46119085,0.8041453,13.3958839,40.1199989319,42.5318412781,5.42999982834,-0.0733475908637,-91.1913909912,-1.6067442894,-16.0258026123,0.567807674408,97645.5383301,15.3499994278,-36.1730575562,True
76.9,0.042,-0.479,-0.321,1.71616375,0.79433865,14.2588691,37.9500007629,42.5318412781,5.6299996376,-0.0733475908637,-91.1913909912,-0.693168699741,-16.007440567,0.493295103312,97649.9267578,15.4200000763,-36.1730575562,True
77.0,0.034,-0.482,-0.313,1.6475172,0.8433719,14.3961622,35.219997406,44.4047927856,5.76999998093,2.19369459152,-78.584312439,0.630064427853,-15.8775253296,0.347687900066,97652.4597168,15.4799995422,-17.5119400024,True
77.10000000000001,-0.022,-0.485,-0.287,1.83384355,0.87279185,14.6315218,32.1599998474,44.4047927856,5.8799996376,2.19369459152,-78.584312439,1.79414379597,-15.6484851837,0.190370455384,97650.8178711,15.5399999619,-17.5119400024,True
77.2,-0.031,-0.493,-0.281,1.6867438,0.97085835,14.7688149,28.4899997711,44.4047927856,5.92000007629,2.19369459152,-78.584312439,2.36371922493,-15.5015115738,0.108459912241,97662.0239258,15.5699996948,-22.0375061035,True
77.30000000000001,-0.033,-0.474,-0.271,1.8044236,1.14737805,14.7884282,24.4799995422,44.4047927856,5.96000003815,2.19369459152,-78.584312439,3.29179406166,-15.1874961853,-0.0306243058294,97656.3415527,15.5999994278,-22.0375061035,True
77.4,-0.06,-0.395,-0.266,1.9221034,1.1964113,14.8864947,19.9399986267,45.2357025146,5.94999980927,5.33690786362,-66.6113357544,4.21259212494,-14.8237133026,-0.18456800282,97657.1166992,15.6099996567,-15.665435791,True
77.5,-0.044,-0.39,-0.261,1.85345685,1.176798,14.56287525,14.9699993134,45.2357025146,5.92000007629,5.33690786362,-66.6113357544,4.92199039459,-14.4967021942,-0.296247690916,97661.4807129,15.6199998856,-15.665435791,True
77.60000000000001,-0.054,-0.331,-0.24,1.9221034,1.26505785,15.4748937,9.55999946594,45.2357025146,5.83999967575,5.33690786362,-66.6113357544,5.9588727951,-13.948135376,-0.491894483566,97661.71875,15.5999994278,-15.3532028198,True
77.7,-0.086,-0.254,-0.21,1.6082906,1.4317709,13.6900834,3.64999985695,45.2357025146,5.69999980927,5.33690786362,-66.6113357544,6.63789224625,-13.5325775146,-0.611421346664,97654.1137695,15.5799999237,-15.3532028198,True
77.80000000000001,-0.07,-0.215,-0.214,1.4513842,1.77500365,12.64077185,-1.94999992847,45.4944763184,5.59999990463,6.76256608963,-57.5626487732,7.3177523613,-13.0690088272,-0.648764431477,97655.8349609,15.529999733,-11.0052108765,True
77.9,-0.037,-0.174,-0.248,1.42196425,1.63771055,11.28745415,-7.01999998093,45.4944763184,5.55999994278,6.76256608963,-57.5626487732,7.91842985153,-12.6342601776,-0.621971487999,97648.5595703,15.4899997711,-11.0052108765,True
78.0,-0.072,-0.241,-0.241,1.38273765,1.7063571,11.03248125,-11.8899993896,45.4944763184,5.51999998093,6.76256608963,-57.5626487732,8.45634555817,-12.2349414825,-0.508144795895,97654.1137695,15.4399995804,-44.0540313721,True
78.10000000000001,-0.072,-0.241,-0.241,1.38273765,1.7063571,11.03248125,-16.3500003815,45.4944763184,5.5499997139,6.76256608963,-57.5626487732,9.09730434418,-11.6981945038,-0.443507671356,97654.1137695,15.4099998474,-44.0540313721,True
78.2,-0.261,-0.117,-0.268,1.26505785,1.6082906,10.30678915,-20.7799987793,45.025970459,5.5,6.32201385498,-51.0159034729,9.58425998688,-11.2695379257,-0.34222561121,97653.503418,15.3699998856,-34.0320587158,True
78.30000000000001,-0.159,-0.151,-0.237,1.20621795,1.59848395,9.52225715,-24.5399990082,45.025970459,5.5499997139,6.32201385498,-51.0159034729,9.82556056976,-11.0478878021,-0.217315673828,97650.3112793,15.3499994278,-34.0320587158,True
78.4,-0.066,-0.207,-0.216,1.18660465,1.5886773,10.73828175,-27.9099998474,45.025970459,5.69999980927,6.32201385498,-51.0159034729,10.3216295242,-10.577126503,-0.0649089813232,97651.7089844,15.3499994278,-42.0951843262,True
78.5,-0.23,-0.233,-0.134,1.32389775,1.93191005,11.69933345,-31.1999988556,45.025970459,5.77999973297,6.32201385498,-51.0159034729,10.8465995789,-10.0410757065,-0.0292703453451,97655.8105469,15.3599996567,-42.0951843262,True
78.60000000000001,-0.23,-0.233,-0.134,1.32389775,1.93191005,11.69933345,-34.3499984741,41.8009529114,5.81999969482,5.67539405823,-44.4129447937,11.3220405579,-9.51598930359,-0.076051518321,97655.8105469,15.3999996185,-59.31224823,True
78.7,-0.163,-0.105,-0.16,1.34351105,2.4124359,12.11121275,-37.0599975586,41.8009529114,5.85999965668,5.67539405823,-44.4129447937,11.4813451767,-9.3273897171,-0.118256986141,97649.3286133,15.3999996185,-59.31224823,True
78.80000000000001,-0.198,-0.053,-0.239,1.08853815,2.3143694,9.67916355,-39.5699996948,41.8009529114,5.81999969482,5.67539405823,-44.4129447937,11.9499197006,-8.77011108398,-0.164034247398,97650.0549316,15.4099998474,-102.422904968,True
78.9,-0.214,-0.059,-0.279,1.0591182,2.1182364,8.56120545,-41.5799980164,38.6959495544,5.86999988556,5.04192638397,-40.4369659424,12.1334180832,-8.55561637878,-0.0121526252478,97642.0593262,15.4200000763,-102.422904968,True
79.0,-0.306,-0.129,-0.298,1.0198916,2.0986231,9.5712904,-43.2000007629,38.6959495544,6.0,5.04192638397,-40.4369659424,12.3700752258,-8.27489471436,0.141338020563,97644.3115234,15.4299993515,-123.654937744,True
79.10000000000001,-0.302,-0.095,-0.294,1.0198916,2.14765635,10.1008495,-44.75,38.6959495544,6.15999984741,5.04192638397,-40.4369659424,12.563583374,-8.03122329712,0.204204380512,97644.3115234,15.4499998093,-123.654937744,True
79.2,-0.229,-0.031,-0.318,1.12776475,2.0593965,10.60098865,-44.9500007629,38.6959495544,6.25,5.04192638397,-40.4369659424,12.9568605423,-7.53857851028,0.237166941166,97646.5515137,15.4899997711,-126.844024658,True
79.30000000000001,-0.186,0.025,-0.305,0.93163175,1.8632635,9.07115125,-44.9799995422,33.3849220276,6.32999992371,2.16701030731,-33.4934768677,13.1662607193,-7.27754974365,0.35599681735,97643.4204102,15.5199995041,-126.844024658,True
79.4,-0.167,-0.144,-0.254,0.8433719,1.67693715,10.32640245,-44.9799995422,33.3849220276,6.5,2.16701030731,-33.4934768677,13.3961400986,-6.98101615906,0.411396503448,97645.0866699,15.5499992371,-128.568847656,True
79.5,-0.175,-0.138,-0.196,0.9022118,1.6082906,10.8853815,-44.9799995422,33.3849220276,6.65999984741,2.16701030731,-33.4934768677,13.6323642731,-6.63564682007,0.378569126129,97648.4375,15.5999994278,-128.568847656,True
79.60000000000001,-0.192,-0.189,-0.102,0.7649187,1.73577705,11.0226746,-44.969997406,33.3849220276,6.75,2.16701030731,-33.4934768677,13.7114648819,-6.510430336,0.378190845251,97646.3500977,15.6399993896,-134.346954346,True
79.7,-0.244,-0.165,-0.069,0.89240515,1.9809433,11.79739995,-44.9500007629,33.3849220276,6.83999967575,2.16701030731,-33.4934768677,14.026720047,-5.97169208527,0.239670485258,97644.7875977,15.6799993515,-134.346954346,True
79.80000000000001,-0.293,-0.098,-0.082,1.0198916,2.1770763,12.4152189,-44.9399986267,28.6115818024,6.85999965668,2.56653356552,-27.0465698242,14.1702270508,-5.70881319046,0.0817475691438,97648.9257812,15.7199993134,-151.077270508,True
79.9,-0.217,-0.074,-0.116,1.04931155,2.06920315,11.4541672,-44.9399986267,28.6115818024,6.7999997139,2.56653356552,-27.0465698242,14.3250684738,-5.42475509644,-0.0489566288888,97649.3408203,15.7299995422,-151.077270508,True
80.0,-0.284,-0.094,-0.125,0.83356525,2.0986231,10.79712165,-44.9300003052,28.6115818024,6.75,2.56653356552,-27.0465698242,14.4454278946,-5.17812108994,-0.141399949789,97646.3806152,15.7399997711,-158.335876465,True
80.10000000000001,-0.292,-0.14,-0.161,0.9218251,2.14765635,11.5522337,-44.9199981689,25.2782249451,6.71000003815,2.96457052231,-25.0259933472,14.5293455124,-4.98590087891,-0.223164588213,97646.4538574,15.7299995422,-158.335876465,True
80.2,-0.26,-0.145,-0.169,0.89240515,1.83384355,11.8856598,-44.9099998474,25.2782249451,6.58999967575,2.96457052231,-25.0259933472,14.6215305328,-4.73716926575,-0.397349327803,97649.1699219,15.7100000381,-165.343658447,True
80.30000000000001,-0.291,-0.135,-0.168,0.73549875,1.89268345,11.99353295,-44.8899993896,25.2782249451,6.42000007629,2.96457052231,-25.0259933472,14.6880788803,-4.49865961075,-0.574020802975,97644.0551758,15.6700000763,-165.343658447,True
80.4,-0.265,-0.031,-0.189,0.8629852,1.87307015,12.0621795,-44.8799972534,20.4526462555,6.17999982834,4.01871919632,-21.0872383118,14.7419071198,-4.23158121109,-0.831011652946,97645.7092285,15.6099996567,-169.721603394,True
80.5,-0.16,-0.057,-0.145,0.71588545,1.6279039,10.9049948,-44.8899993896,20.4526462555,5.90000009537,4.01871919632,-21.0872383118,14.7768287659,-4.0261220932,-0.970136642456,97647.7416992,15.5399999619,-169.721603394,True
80.60000000000001,-0.216,-0.027,-0.124,0.5295591,1.7848103,10.3362091,-44.8899993896,20.4526462555,5.60999965668,4.01871919632,-21.0872383118,14.7780599594,-3.89892196655,-1.03024172783,97644.6166992,15.4399995804,-162.769897461,True
80.7,-0.216,-0.027,-0.124,0.5295591,1.7848103,10.3362091,-44.8899993896,20.4526462555,5.33999967575,4.01871919632,-21.0872383118,14.7814531326,-3.80742716789,-1.05430591106,97644.6166992,15.2199993134,-164.680664062,True
80.80000000000001,-0.228,-0.091,-0.073,0.38245935,1.6082906,10.20872265,-44.8699989319,16.0385932922,5.08999967575,3.95971250534,-17.7752323151,14.7380714417,-3.60407352448,-1.11453473568,97640.0390625,15.2199993134,-164.680664062,True
80.9,-0.338,-0.042,-0.055,0.44129925,1.95152335,10.9049948,-44.8600006104,16.0385932922,4.80999994278,3.95971250534,-17.7752323151,14.6864862442,-3.50702142715,-1.19924557209,97638.671875,15.1099996567,-164.680664062,True
81.0,-0.37,-0.026,-0.075,0.34323275,1.91229675,10.71866845,-44.8499984741,16.0385932922,4.48999977112,3.95971250534,-17.7752323151,14.6207828522,-3.4236676693,-1.31432425976,97639.0808105,15.0,-151.446350098,True
81.10000000000001,-0.469,-0.052,-0.071,0.3530394,1.6671305,10.9638347,-44.8400001526,16.0385932922,4.13999986649,3.95971250534,-17.7752323151,14.5503816605,-3.37928986549,-1.40456330776,97637.2314453,14.8699998856,-151.446350098,True
81.2,-0.469,-0.052,-0.071,0.3530394,1.6671305,10.9638347,-44.8400001526,16.0385932922,3.74000000954,3.95971250534,-17.7752323151,14.4931135178,-3.35121965408,-1.47193086147,97637.2314453,14.7399997711,-138.258544922,True
81.30000000000001,-0.32,-0.021,-0.007,0.2353596,1.5494507,11.03248125,-44.8099975586,7.28347301483,3.29999995232,4.98339033127,-15.7067489624,14.3347434998,-3.32922339439,-1.64624047279,97627.4963379,14.5799999237,-138.258544922,True
81.4,-0.253,0.036,-0.003,0.18632635,1.55925735,10.18910935,-44.8299980164,7.28347301483,2.83999991417,4.98339033127,-15.7067489624,14.2093849182,-3.36349034309,-1.69122827053,97631.3781738,14.4200000763,-117.264938354,True
81.5,-0.25,-0.008,0.005,0.30400615,1.569064,11.28745415,-44.8299980164,3.76297187805,2.40999984741,4.82810258865,-15.6682252884,14.0234146118,-3.45598888397,-1.81957399845,97626.6357422,14.25,-117.264938354,True
81.60000000000001,-0.347,-0.008,0.033,0.1765197,1.32389775,9.93413645,-44.8299980164,3.76297187805,1.90999996662,4.82810258865,-15.6682252884,13.9393024445,-3.50463485718,-1.84586191177,97622.4609375,14.0699996948,-100.040245056,True
81.7,-0.218,0.082,0.014,0.1176798,1.2748645,9.60071035,-44.8499984741,3.76297187805,1.43999993801,4.82810258865,-15.6682252884,13.7634496689,-3.62848782539,-1.82485091686,97626.7883301,13.8800001144,-100.040245056,True
81.80000000000001,-0.007,0.068,0.015,0.1176798,1.1375714,9.46341725,-44.8699989319,3.76297187805,1.00999999046,4.82810258865,-15.6682252884,13.6557826996,-3.71891283989,-1.78608691692,97619.4213867,13.6899995804,-70.848274231,True
81.9,-0.007,0.068,0.015,0.1176798,1.1375714,9.46341725,-44.8799972534,3.76297187805,0.589999973774,4.82810258865,-15.6682252884,13.4665269852,-3.85647201538,-1.75208067894,97619.4213867,13.5099992752,-70.848274231,True
82.0,0.135,-0.068,0.09,0.196133,1.10815145,9.40457735,-44.8699989319,-0.027446154505,0.170000001788,4.06551408768,-16.581035614,13.395072937,-3.91414260864,-1.715949893,97616.1865234,13.3299999237,-44.5159912109,True
82.10000000000001,0.021,-0.07,0.131,0.2745862,1.2748645,9.38496405,-44.8400001526,-0.027446154505,-0.209999993443,4.06551408768,-16.581035614,13.2232027054,-4.03040361404,-1.61918473244,97611.4562988,13.1499996185,-44.5159912109,True
82.2,-0.127,-0.031,0.149,0.34323275,1.2552512,9.52225715,-44.8299980164,-0.027446154505,-0.579999983311,4.06551408768,-16.581035614,13.1733484268,-4.06456518173,-1.59441936016,97610.3271484,12.9799995422,-31.2782287598,True
82.30000000000001,-0.134,-0.011,0.139,0.34323275,1.3337044,9.36535075,-44.8199996948,-0.027446154505,-0.949999988079,4.06551408768,-16.581035614,13.016336441,-4.18371391296,-1.52268397808,97607.1044922,12.8199996948,-31.2782287598,True
82.4,-0.163,0.018,0.109,0.36284605,1.57887065,8.9436648,-44.8199996948,-0.0556401610374,-1.28999996185,5.09940671921,-19.3378391266,12.8807487488,-4.30641365051,-1.42443406582,97606.3659668,12.6700000763,-14.6772384644,True
82.5,-0.149,0.051,0.074,0.392266,1.372931,9.32612415,-44.8400001526,-0.0556401610374,-1.59999990463,5.09940671921,-19.3378391266,12.6892595291,-4.48872280121,-1.31731569767,97605.1635742,12.5199995041,-14.6772384644,True
82.60000000000001,-0.153,0.046,0.09,0.4314926,1.10815145,9.6497436,-44.8699989319,-0.0556401610374,-1.91999995708,5.09940671921,-19.3378391266,12.6126346588,-4.56189966202,-1.29052841663,97604.0710449,12.3699998856,5.54981231689,True
82.7,-0.073,0.089,0.12,0.3726527,1.04931155,9.26728425,-44.8799972534,-2.91369843483,-2.25,4.22785758972,-21.3317966461,12.5085811615,-4.6697678566,-1.25203621387,97600.213623,12.2299995422,5.54981231689,True
82.80000000000001,-0.172,0.143,0.152,0.30400615,1.24544455,8.32584585,-44.9199981689,-2.91369843483,-2.53999996185,4.22785758972,-21.3317966461,12.3570041656,-4.84347629547,-1.0951873064,97593.2922363,12.0999994278,23.1967926025,True
82.9,-0.204,0.181,0.145,0.2941995,1.26505785,8.11009955,-44.969997406,-2.91369843483,-2.73000001907,4.22785758972,-21.3317966461,12.2603130341,-4.97363424301,-0.950225651264,97597.8393555,11.8800001144,31.7638397217,True
83.0,-0.235,0.168,0.141,0.30400615,1.2552512,7.8257067,-44.9899978638,-2.91369843483,-2.86999988556,4.22785758972,-21.3317966461,12.0867872238,-5.26068592072,-0.595035493374,97593.1152344,11.8800001144,31.7638397217,True
83.10000000000001,-0.231,0.127,0.136,0.2353596,1.14737805,7.77667345,-44.9899978638,-2.91369843483,-2.95000004768,4.22785758972,-21.3317966461,11.9994945526,-5.41802120209,-0.394914448261,97595.7641602,11.7899999619,31.7638397217,True
83.2,-0.222,0.074,0.151,0.20593965,1.1964113,8.11009955,-44.9899978638,-7.40923309326,-2.9399998188,-0.138174295425,-24.789686203,11.8959817886,-5.63025379181,-0.15914081037,97595.8190918,11.7399997711,43.3594703674,True
83.30000000000001,-0.245,0.107,0.147,0.2745862,1.176798,8.6102387,-44.9799995422,-7.40923309326,-2.89999985695,-0.138174295425,-24.789686203,11.8068857193,-5.82078790665,-0.00605710130185,97590.9057617,11.6999998093,43.3594703674,True
83.4,-0.288,0.126,0.148,0.26477955,1.10815145,8.09048625,-44.9599990845,-7.40923309326,-2.79999995232,-0.138174295425,-24.789686203,11.7003831863,-6.07432413101,0.200094684958,97592.3522949,11.6999998093,43.7295913696,True
83.5,-0.331,0.099,0.157,0.1765197,0.99047165,7.9629998,-44.9300003052,-7.40923309326,-2.64999985695,-0.138174295425,-24.789686203,11.5675754547,-6.38483142853,0.476421445608,97596.2158203,11.7199993134,43.7295913696,True
83.60000000000001,-0.268,0.015,0.175,0.16671305,0.83356525,8.3160392,-44.8999977112,-13.0145397186,-2.44000005722,-3.11582422256,-27.846660614,11.5019693375,-6.54412746429,0.622780382633,97592.791748,11.8099994659,92.2303161621,True
83.7,-0.185,-0.01,0.218,0.2745862,0.81395195,9.022118,-44.8999977112,-13.0145397186,-2.20000004768,-3.11582422256,-27.846660614,11.3879032135,-6.83025455475,0.807947516441,97592.4987793,11.8099994659,92.2303161621,True
83.80000000000001,-0.274,-0.065,0.265,0.30400615,0.83356525,9.14960445,-44.8799972534,-13.0145397186,-1.89999997616,-3.11582422256,-27.846660614,11.206486702,-7.27438163757,1.03645694256,97596.270752,11.8999996185,92.2031402588,True
83.9,-0.244,-0.086,0.309,0.40207265,1.0198916,9.9635564,-44.8799972534,-16.6848011017,-1.62000000477,-4.13414573669,-31.4582080841,11.0813827515,-7.56304740906,1.12613618374,97594.354248,11.9899997711,92.2031402588,True
84.0,-0.251,-0.105,0.321,0.40207265,0.95124505,10.591182,-44.8600006104,-16.6848011017,-1.30999994278,-4.13414573669,-31.4582080841,10.8647031784,-8.04068851471,1.21615874767,97596.5209961,12.0999994278,74.2444992065,True
84.10000000000001,-0.25,-0.108,0.315,0.4903325,0.89240515,10.69905515,-44.8600006104,-16.6848011017,-1.01999998093,-4.13414573669,-31.4582080841,10.6479539871,-8.46381092072,1.26405966282,97599.9450684,12.2199993134,74.2444992065,True
84.2,-0.251,-0.163,0.339,0.59820565,0.9218251,10.99325465,-44.8600006104,-16.6848011017,-0.719999969006,-4.13414573669,-31.4582080841,10.462767601,-8.81330871582,1.28969228268,97602.3254395,12.3400001526,69.5717773438,True
84.30000000000001,-0.241,-0.209,0.373,0.55897905,0.8629852,11.4933938,-44.8799972534,-21.3479995728,-0.42999997735,-4.47585058212,-38.7538719177,10.064576149,-9.47603607178,1.28161895275,97602.0141602,12.4600000381,69.5717773438,True
84.4,-0.31,-0.19,0.39,0.7256921,1.1179581,11.8660465,-44.8899993896,-21.3479995728,-0.129999995232,-4.47585058212,-38.7538719177,9.72987556458,-9.97887420654,1.26220345497,97604.6203613,12.5900001526,49.8893737793,True
84.5,-0.31,-0.19,0.39,0.7256921,1.1179581,11.8660465,-44.8899993896,-21.3479995728,0.109999999404,-4.47585058212,-38.7538719177,9.5743932724,-10.1881904602,1.2522367239,97604.6203613,12.7100000381,49.8893737793,True
84.60000000000001,-0.316,-0.236,0.37,0.77472535,1.06892485,12.26811915,-44.8999977112,-21.3479995728,0.389999985695,-4.47585058212,-38.7538719177,9.23517894745,-10.6247673035,1.23223042488,97610.0585938,12.8299999237,35.7291221619,True
84.7,-0.229,-0.22,0.335,0.7256921,1.14737805,11.75817335,-44.8999977112,-27.7226390839,0.659999966621,-3.83381032944,-49.6472206116,8.57848358154,-11.3824262619,1.21836912632,97610.8154297,12.9399995804,35.7291221619,True
84.80000000000001,-0.22,-0.165,0.333,0.85317855,0.95124505,12.160246,-44.9099998474,-27.7226390839,0.959999978542,-3.83381032944,-49.6472206116,7.96770334244,-12.007109642,1.24691569805,97611.315918,13.0599994659,20.0435638428,True
84.9,-0.213,-0.191,0.34,0.77472535,0.89240515,11.69933345,-44.8999977112,-27.7226390839,1.27999997139,-3.83381032944,-49.6472206116,7.53414487839,-12.4084177017,1.28030109406,97612.5305176,13.1899995804,20.0435638428,True
85.0,-0.204,-0.27,0.349,0.75511205,0.89240515,11.9248864,-44.8999977112,-27.7226390839,1.62999999523,-3.83381032944,-49.6472206116,6.85361480713,-12.9932107925,1.35793566704,97621.1669922,13.3099994659,7.42511749268,True
85.10000000000001,-0.207,-0.314,0.367,0.8041453,0.9218251,12.0229529,-44.9199981689,-27.7226390839,2.00999999046,-3.83381032944,-49.6472206116,6.3537774086,-13.3702812195,1.40103197098,97615.5212402,13.4399995804,7.42511749268,True
85.2,-0.207,-0.314,0.367,0.8041453,0.9218251,12.0229529,-44.9399986267,-32.9605331421,2.40999984741,-3.53835654259,-61.1463127136,5.82409715652,-13.7456102371,1.42879247665,97615.5212402,13.5900001526,-13.745880127,True
85.30000000000001,-0.21,-0.362,0.423,0.99047165,0.8825985,13.1016844,-44.9500007629,-32.9605331421,2.77999997139,-3.53835654259,-61.1463127136,4.78178787231,-14.3824338913,1.42025732994,97622.0458984,13.7299995422,-13.745880127,True
85.4,-0.223,-0.379,0.441,0.99047165,0.9022118,13.4547238,-44.9599990845,-32.9605331421,3.16999983788,-3.53835654259,-61.1463127136,4.14042139053,-14.7209844589,1.40379810333,97626.8798828,13.8899993896,-33.9281082153,True
85.5,-0.225,-0.434,0.455,1.14737805,0.8629852,14.03331615,-44.969997406,-36.8070335388,3.55999994278,-2.34606742859,-72.7353820801,3.26751303673,-15.1125516891,1.3752553463,97631.6833496,14.0399999619,-33.9281082153,True
85.60000000000001,-0.211,-0.445,0.476,1.20621795,0.85317855,14.0431228,-44.9799995422,-36.8070335388,3.9399998188,-2.34606742859,-72.7353820801,2.3266313076,-15.4690694809,1.32622802258,97641.1682129,14.1999998093,-45.182800293,True
85.7,-0.209,-0.431,0.482,1.3533177,0.93163175,14.54326195,-44.9799995422,-36.8070335388,4.2999997139,-2.34606742859,-72.7353820801,1.52914226055,-15.7180767059,1.29260587692,97642.3034668,14.3499994278,-45.182800293,True
85.80000000000001,-0.195,-0.463,0.489,1.3925443,0.9218251,14.56287525,-44.9799995422,-36.8070335388,4.67999982834,-2.34606742859,-72.7353820801,0.488622248173,-15.9801025391,1.27214837074,97631.4208984,14.5,-80.2587509155,True
85.9,-0.209,-0.466,0.503,1.4513842,0.7453054,15.1218543,-44.9899978638,-41.3347549438,5.10999965668,-1.42974233627,-88.1321105957,-1.30492806435,-16.260931015,1.22182369232,97643.9208984,14.6599998474,-80.2587509155,True
86.0,-0.257,-0.476,0.503,1.3925443,0.6472389,14.36674225,-44.0200004578,-41.3347549438,5.51999998093,-1.42974233627,-88.1321105957,-2.18149375916,-16.3243522644,1.24749863148,97643.75,14.8199996948,-82.8470230103,True
86.10000000000001,-0.266,-0.588,0.531,1.59848395,1.1179581,16.26923235,-41.969997406,-41.3347549438,5.96999979019,-1.42974233627,-88.1321105957,-3.16725969315,-16.3362693787,1.24336457253,97648.7304688,14.9699993134,-82.8470230103,True
86.2,-0.311,-0.523,0.49,1.75539035,1.2356379,16.671305,-39.2000007629,-45.3319396973,6.40999984741,-1.23724889755,-100.014160156,-4.52046728134,-16.2672176361,1.18738019466,97650.8422852,15.1399993896,-104.487419128,True
86.30000000000001,-0.311,-0.523,0.49,1.75539035,1.2356379,16.671305,-35.8199996948,-45.3319396973,6.85999965668,-1.23724889755,-100.014160156,-6.12302207947,-16.0448608398,1.23157501221,97650.8422852,15.2899999619,-104.487419128,True
86.4,-0.146,-0.646,0.381,1.9024901,1.04931155,16.2201991,-31.8699989319,-45.3319396973,7.3799996376,-1.23724889755,-100.014160156,-7.44552326202,-15.7564058304,1.28895354271,97668.0419922,15.4699993134,-96.5726852417,True
86.5,-0.04,-0.663,0.367,2.16726965,0.9414384,17.6323567,-27.3299999237,-45.3319396973,7.8799996376,-1.23724889755,-100.014160156,-8.56439495087,-15.4285697937,1.31356453896,97668.0419922,15.6399993896,-96.5726852417,True
86.60000000000001,-0.04,-0.663,0.367,2.16726965,0.9414384,17.6323567,-21.6000003815,-49.7656402588,8.36999988556,0.79989784956,-117.928161621,-9.67868804932,-15.0304250717,1.3079739809,97668.0419922,15.8299999237,-124.137878418,True
86.7,0.024,-0.632,0.331,2.67721545,0.51975245,18.34824215,-15.3099994659,-49.7656402588,8.86999988556,0.79989784956,-117.928161621,-11.6420965195,-14.138502121,1.19469213486,97669.0856934,16.0299987793,-124.137878418,True
86.80000000000001,0.027,-0.644,0.345,2.4320492,0.6472389,17.21067075,-7.84999990463,-49.7656402588,9.30000019073,0.79989784956,-117.928161621,-12.673743248,-13.5627450943,1.14924573898,97674.7802734,16.2199993134,-143.305969238,True
86.9,-0.091,-0.731,0.319,2.52030905,0.46091255,17.95597615,-0.599999964237,-49.7656402588,9.80000019073,0.79989784956,-117.928161621,-14.1557855606,-12.5397644043,1.09336233139,97680.3833008,16.3999996185,-143.305969238,True
87.0,-0.091,-0.731,0.319,2.52030905,0.46091255,17.95597615,7.23000001907,-51.6935768127,10.3000001907,4.49604272842,-134.443359375,-15.3586425781,-11.5205011368,0.987456679344,97680.3833008,16.5799999237,-171.124649048,True
87.10000000000001,0.088,-0.715,0.271,2.9616083,-0.30400615,19.01509435,14.9499998093,-51.6935768127,10.7299995422,4.49604272842,-134.443359375,-16.4940757751,-10.3651094437,0.831133663654,97684.3078613,16.7399997711,-171.124649048,True
87.2,0.187,-0.619,0.301,2.87334845,-0.73549875,18.99548105,22.5199985504,-51.6935768127,11.0399999619,4.49604272842,-134.443359375,-17.3266830444,-9.38696670532,0.660295903683,97686.9140625,16.8999996185,-187.471954346,True
87.30000000000001,0.078,-0.552,0.364,2.61837555,-0.7256921,18.436502,28.9300003052,-51.6935768127,11.3199996948,4.49604272842,-134.443359375,-18.2150497437,-8.14949607849,0.478869497776,97685.333252,17.0299987793,-187.471954346,True
87.4,-0.088,-0.632,0.377,2.2947561,-0.75511205,17.1224109,34.2900009155,-51.6935768127,11.5699996948,4.49604272842,-134.443359375,-18.953710556,-6.92004537582,0.339569717646,97681.0058594,17.1299991608,-233.496856689,True
87.5,0.018,-0.579,0.362,2.02997655,-0.6864655,15.6121868,38.7000007629,-53.8902702332,11.8899993896,8.22137451172,-156.51512146,-19.6170520782,-5.48227405548,0.300454109907,97685.5834961,17.2199993134,-233.496856689,True
87.60000000000001,0.006,-0.67,0.353,2.0593965,-0.85317855,15.85735305,42.1299972534,-53.8902702332,12.1999998093,8.22137451172,-156.51512146,-19.9721298218,-4.53047513962,0.308192908764,97682.1472168,17.2799987793,-238.722045898,True
87.7,0.006,-0.67,0.353,2.0593965,-0.85317855,15.85735305,44.1399993896,-53.8902702332,12.4799995422,8.22137451172,-156.51512146,-20.2746715546,-3.45742297173,0.247938960791,97682.1472168,17.3400001526,-238.722045898,True
87.80000000000001,0.211,-0.659,0.289,2.1378497,-1.0002783,17.3969971,43.9500007629,-53.8902702332,12.5999994278,8.22137451172,-156.51512146,-20.6254272461,-1.53690087795,0.0784130468965,97682.989502,17.3899993896,-238.960449219,True
87.9,0.134,-0.613,0.315,2.16726965,-1.0198916,18.1619158,43.8499984741,-54.3986473083,12.6899995804,10.4418735504,-171.256759644,-20.7113513947,-0.415324419737,-0.0407335758209,97684.4909668,17.4200000763,-238.960449219,True
88.0,0.125,-0.621,0.31,2.1378497,-0.8825985,17.2400907,43.7599983215,-54.3986473083,12.6599998474,10.4418735504,-171.256759644,-20.7246704102,1.02060127258,-0.205333128572,97686.4196777,17.4200000763,-239.908981323,True
88.10000000000001,0.11,-0.633,0.274,2.20649625,-0.9022118,17.32835055,43.6499977112,-54.3986473083,12.6399993896,10.4418735504,-171.256759644,-20.6188335419,2.37502932549,-0.338469207287,97682.7392578,17.4099998474,-239.908981323,True
88.2,0.171,-0.639,0.238,2.2751428,-1.3140911,17.2989306,43.469997406,-54.155582428,12.5099992752,13.084197998,174.065109253,-20.3978023529,3.72374773026,-0.499162346125,97683.2397461,17.3699989319,-213.852874756,True
88.30000000000001,0.125,-0.628,0.284,2.30456275,-1.36312435,17.42641705,43.2999992371,-54.155582428,12.3499994278,13.084197998,174.065109253,-20.0561103821,5.03031873703,-0.689282536507,97677.4597168,17.3199996948,-213.852874756,True
88.4,0.155,-0.585,0.309,2.2359162,-1.08853815,17.24989735,43.1399993896,-54.155582428,12.0900001526,13.084197998,174.065109253,-19.6101207733,6.31968593597,-0.858784914017,97673.651123,17.2299995422,-208.273132324,True
88.5,0.235,-0.542,0.244,2.42224255,-1.5102241,16.42613875,43.0099983215,-54.155582428,11.8099994659,13.084197998,174.065109253,-18.9821548462,7.7422914505,-1.0320199728,97676.1779785,17.1399993896,-208.273132324,True
88.60000000000001,0.342,-0.489,0.272,2.2359162,-1.36312435,15.79851315,42.9099998474,-54.155582428,11.4099998474,13.084197998,174.065109253,-18.5010452271,8.63482189178,-1.16244804859,97669.8486328,17.0,-180.702789307,True
88.7,0.369,-0.47,0.312,2.2555295,-1.3925443,15.83773975,42.8499984741,-52.8948554993,10.9699993134,16.2173290253,156.582458496,-17.8704528809,9.62579345703,-1.31243109703,97667.1142578,16.8500003815,-180.702789307,True
88.80000000000001,0.507,-0.454,0.329,2.4516625,-1.40235095,16.1025193,42.7900009155,-52.8948554993,10.4299993515,16.2173290253,156.582458496,-17.1934146881,10.5496644974,-1.48072445393,97670.6787109,16.6700000763,-176.720046997,True
88.9,0.452,-0.443,0.362,2.353596,-1.1375714,15.81812645,42.7599983215,-52.8948554993,9.82999992371,16.2173290253,156.582458496,-16.4669151306,11.4002828598,-1.698751688,97670.6787109,16.4899997711,-176.720046997,True
89.0,0.309,-0.391,0.363,2.50069575,-0.93163175,16.082906,42.75,-52.8948554993,9.0999994278,16.2173290253,156.582458496,-15.6877269745,12.1938943863,-1.9345870018,97664.7094727,16.25,-128.542327881,True
89.10000000000001,0.33,-0.335,0.334,2.0986231,-0.95124505,14.77862155,42.7599983215,-46.9927330017,8.36999988556,16.8948669434,143.744506836,-14.7615938187,13.0070981979,-2.16960954666,97665.7470703,16.0200004578,-128.542327881,True
89.2,0.381,-0.323,0.31,1.81423025,-0.69627215,13.8077632,42.7599983215,-46.9927330017,7.5499997139,16.8948669434,143.744506836,-14.0165424347,13.5520629883,-2.30495667458,97665.7470703,15.7299995422,-139.337158203,True
89.30000000000001,0.442,-0.293,0.274,1.71616375,-0.7453054,13.2782041,42.7099990845,-46.9927330017,6.80999994278,16.8948669434,143.744506836,-13.2908935547,13.995885849,-2.40784263611,97647.3022461,15.4600000381,-139.337158203,True
89.4,0.387,-0.282,0.246,1.5494507,-0.95124505,13.44491715,42.6699981689,-46.9927330017,5.96999979019,16.8948669434,143.744506836,-12.6831378937,14.3092079163,-2.51830387115,97641.4123535,15.1499996185,-90.9732818604,True
89.5,0.306,-0.267,0.221,1.38273765,-0.79433865,12.99381125,42.5799980164,-40.316783905,5.13999986649,17.4519882202,132.598556519,-11.9462633133,14.5998620987,-2.66117525101,97638.6535645,14.8399991989,-90.9732818604,True
89.60000000000001,0.186,-0.23,0.224,1.176798,-0.6864655,11.93469305,42.4899978638,-40.316783905,4.21000003815,17.4519882202,132.598556519,-11.1005325317,14.8627052307,-2.76418566704,97629.9804688,14.5,-46.5215682983,True
89.7,0.152,-0.248,0.179,1.04931155,-0.67665885,11.8072066,42.3999977112,-40.316783905,3.37999987602,17.4519882202,132.598556519,-10.5575752258,14.9794826508,-2.78423810005,97619.9951172,14.1599998474,-46.5215682983,True
89.80000000000001,0.146,-0.157,0.184,1.06892485,-1.14737805,11.56204035,42.2999992371,-40.316783905,2.47000002861,17.4519882202,132.598556519,-9.90394687653,15.0785932541,-2.81272292137,97619.9951172,13.7999992371,-43.4041976929,True
89.9,0.172,-0.045,0.209,0.8825985,-1.1375714,10.1008495,42.3499984741,-37.2212753296,1.57999992371,18.8575267792,125.10055542,-9.20463180542,15.1339015961,-2.77939367294,97615.0512695,13.4399995804,-43.4041976929,True
90.0,0.19,-0.003,0.219,0.6864655,-1.0787315,8.46313895,42.5099983215,-37.2212753296,0.699999988079,18.8575267792,125.10055542,-8.83202457428,15.1363792419,-2.63919210434,97606.0424805,13.0699996948,-6.10008239746,True
90.10000000000001,0.217,0.017,0.241,0.57859235,-1.0002783,7.91396655,42.7299995422,-35.2545890808,-0.00999999977648,17.5238246918,122.526542664,-8.38932609558,15.0987796783,-2.32377934456,97603.6621094,12.7299995422,-6.10008239746,True
90.2,0.208,0.013,0.226,0.5099458,-1.0591182,7.84532,42.9599990845,-35.2545890808,-0.669999957085,17.5238246918,122.526542664,-8.0148897171,15.0707139969,-2.07620382309,97599.2614746,12.3999996185,31.2495231628,True
90.30000000000001,0.204,0.006,0.211,0.51975245,-0.784532,8.03164635,43.0900001526,-35.2545890808,-1.26999998093,17.5238246918,122.526542664,-7.73937416077,15.0358095169,-1.87035632133,97593.8171387,12.1099996567,31.2495231628,True
90.4,0.287,0.05,0.219,0.5099458,-1.1179581,8.0610663,43.2900009155,-35.2545890808,-1.80999994278,17.5238246918,122.526542664,-7.35054922104,14.9884061813,-1.58420038223,97583.972168,11.8400001526,58.7942123413,True
90.5,0.32,0.151,0.24,0.5099458,-0.980665,7.8649333,43.4899978638,-35.2545890808,-2.28999996185,17.5238246918,122.526542664,-7.10718154907,14.9442443848,-1.41330432892,97585.357666,11.6099996567,58.7942123413,True
90.60000000000001,0.281,0.156,0.262,0.4707192,-1.0787315,7.34518085,43.8199996948,-29.0811901093,-2.74000000954,13.2738037109,117.898002625,-6.91281175613,14.9009141922,-1.20796430111,97580.6335449,11.3899993896,92.3585891724,True
90.7,0.267,0.15,0.293,0.40207265,-0.99047165,7.28634095,44.0200004578,-29.0811901093,-3.09999990463,13.2738037109,117.898002625,-6.65357255936,14.8441324234,-0.865952908993,97580.2612305,11.1899995804,92.3585891724,True
90.80000000000001,0.253,0.114,0.288,0.36284605,-0.97085835,7.3353742,44.2399978638,-29.0811901093,-3.37999987602,13.2738037109,117.898002625,-6.41180515289,14.7951879501,-0.547163903713,97577.1484375,11.029999733,81.7291259766,True
90.9,0.253,0.114,0.288,0.36284605,-0.97085835,7.3353742,44.3699989319,-24.2068920135,-3.58999991417,8.5004196167,114.475624084,-6.26023387909,14.7667751312,-0.343299478292,97577.1484375,10.8899993896,81.7291259766,True
91.0,0.228,0.206,0.281,0.3138128,-0.63743225,6.95291485,44.5200004578,-24.2068920135,-3.73000001907,8.5004196167,114.475624084,-6.0930185318,14.7436256409,-0.0544418618083,97571.1608887,10.7899999619,95.2746429443,True
91.10000000000001,0.231,0.129,0.259,0.2745862,-0.48052585,7.1196279,44.6299972534,-24.2068920135,-3.77999997139,8.5004196167,114.475624084,-5.93147468567,14.7330703735,0.242678850889,97573.2727051,10.7199993134,95.2746429443,True
91.2,0.234,0.101,0.201,0.30400615,-0.4118793,7.95319315,44.6899986267,-19.9791049957,-3.76999998093,4.0649433136,111.042007446,-5.76475572586,14.7370233536,0.505760729313,97569.4580078,10.6799993515,104.821205139,True
91.30000000000001,0.282,0.026,0.149,0.4118793,-0.50013915,8.85540495,44.719997406,-19.9791049957,-3.74000000954,4.0649433136,111.042007446,-5.52228212357,14.7537174225,0.708880126476,97569.1772461,10.6599998474,104.821205139,True
91.4,0.282,0.026,0.149,0.4118793,-0.50013915,8.85540495,44.7299995422,-19.9791049957,-3.70999979973,4.0649433136,111.042007446,-5.34863615036,14.7763195038,0.762735247612,97569.1772461,10.6700000763,111.677841187,True
91.5,0.225,0.045,0.114,0.3138128,-0.3726527,8.6102387,44.7399978638,-14.6511363983,-3.72000002861,2.15865731239,108.240119934,-5.23532056808,14.7869739532,0.862918555737,97571.6674805,10.6899995804,111.677841187,True
91.60000000000001,0.216,0.087,0.081,0.3334261,-0.48052585,8.3356525,44.7599983215,-14.6511363983,-3.65999984741,2.15865731239,108.240119934,-5.09119796753,14.7998456955,1.04719746113,97574.0600586,10.7199993134,116.066650391,True
91.7,0.276,0.161,0.061,0.2941995,-0.50013915,8.2768126,44.7700004578,-14.6511363983,-3.53999996185,2.15865731239,108.240119934,-5.03990888596,14.8064060211,1.12911570072,97572.6745605,10.7600002289,116.066650391,True
91.80000000000001,0.295,0.12,0.057,0.28439285,-0.5099458,7.99241975,44.7700004578,-14.6511363983,-3.37999987602,2.15865731239,108.240119934,-4.97931146622,14.818444252,1.3076518774,97571.5759277,10.8199996948,108.335968018,True
91.9,0.255,0.062,0.055,0.2941995,-0.4903325,8.8455983,44.7700004578,-8.80536079407,-3.15999984741,-0.474991619587,107.264884949,-4.94944953918,14.8347024918,1.43841874599,97575.0976562,10.8899993896,108.335968018,True
92.0,0.218,0.077,0.057,0.2941995,-0.5687857,9.4339973,44.7599983215,-8.80536079407,-2.95000004768,-0.474991619587,107.264884949,-4.92147731781,14.8580150604,1.51947104931,97578.0700684,10.9799995422,106.071563721,True
92.10000000000001,0.206,0.042,0.056,0.3138128,-0.42168595,9.3947707,44.7599983215,-8.80536079407,-2.74000000954,-0.474991619587,107.264884949,-4.91469192505,14.9068174362,1.61881816387,97576.4404297,11.0799999237,106.071563721,True
92.2,0.207,-0.013,0.053,0.392266,-0.3530394,9.6301303,44.75,-3.88616037369,-2.50999999046,-1.754150033,106.247817993,-4.91886901855,14.9219465256,1.63732135296,97576.8127441,11.1999998093,99.0119934082,True
92.30000000000001,0.183,-0.046,0.049,0.392266,-0.30400615,9.9635564,44.7599983215,-3.88616037369,-2.26999998093,-1.754150033,106.247817993,-4.93301916122,14.9601774216,1.66276276112,97582.2387695,11.3199996948,99.0119934082,True
92.4,0.191,-0.038,0.033,0.4707192,-0.2941995,10.09104285,44.7599983215,-3.88616037369,-2.04999995232,-1.754150033,106.247817993,-4.96368694305,14.9943799973,1.64241087437,97582.2387695,11.4399995804,88.4482421875,True
92.5,0.213,0.003,0.021,0.44129925,-0.28439285,10.2381426,44.7599983215,-3.88616037369,-1.83999991417,-1.754150033,106.247817993,-5.00723743439,15.0281991959,1.59742724895,97583.7219238,11.5599994659,88.4482421875,True
92.60000000000001,0.224,0.031,0.001,0.46091255,-0.30400615,10.01258965,44.7599983215,-3.88616037369,-1.63999998569,-1.754150033,106.247817993,-5.07398891449,15.0596542358,1.5847645998,97589.9291992,11.6799993515,82.8716278076,True
92.7,0.15,-0.039,-0.017,0.51975245,-0.32361945,10.24794925,44.7599983215,2.13264894485,-1.42999994755,-1.47786998749,105.308616638,-5.16555547714,15.083899498,1.56062746048,97588.7878418,11.7899999619,82.8716278076,True
92.80000000000001,0.226,-0.061,-0.02,0.5295591,-0.3726527,11.179581,44.7599983215,2.13264894485,-1.22000002861,-1.47786998749,105.308616638,-5.28682374954,15.1067285538,1.50471925735,97590.9973145,11.9099998474,73.4251022339,True
92.9,0.24,-0.069,-0.013,0.42168595,-0.28439285,11.0619012,44.7700004578,2.13264894485,-1.06999993324,-1.47786998749,105.308616638,-5.51534080505,15.1142520905,1.34979307652,97593.3349609,12.0199995041,73.4251022339,True
93.0,0.284,-0.085,-0.014,0.5687857,-0.06864655,12.2583125,44.7700004578,6.47010946274,-0.919999957085,-0.536942780018,105.567909241,-5.60619306564,15.1163158417,1.23719775677,97593.8598633,12.1199998856,67.1208343506,True
93.10000000000001,0.177,-0.035,-0.027,0.63743225,0.02941995,12.64077185,44.7700004578,6.47010946274,-0.870000004768,-0.536942780018,105.567909241,-5.75633573532,15.1129665375,1.02669799328,97600.5432129,12.2199993134,67.1208343506,True
93.2,0.159,-0.027,-0.096,0.5295591,0.04903325,11.64049355,44.7700004578,6.47010946274,-0.930000007153,-0.536942780018,105.567909241,-6.02629899979,15.0838479996,0.730608761311,97597.3205566,12.279999733,57.1784973145,True
93.30000000000001,0.172,0.008,-0.142,0.4118793,0.14709975,11.15016105,44.7700004578,6.47010946274,-0.959999978542,-0.536942780018,105.567909241,-6.13985872269,15.0698776245,0.654709160328,97599.4750977,12.3299999237,57.1784973145,True
93.4,0.116,0.013,-0.192,0.392266,0.0392266,10.50292215,44.7700004578,10.2439241409,-0.979999959469,-0.107136957347,106.574417114,-6.33378696442,15.0357522964,0.58462625742,97601.1474609,12.3599996567,46.5381622314,True
93.5,0.063,-0.023,-0.218,0.42168595,-0.14709975,10.395049,44.7700004578,10.2439241409,-0.959999978542,-0.107136957347,106.574417114,-6.68557071686,14.9672193527,0.559143602848,97602.1362305,12.3899993896,46.5381622314,True
93.60000000000001,0.101,-0.11,-0.231,0.51975245,-0.20593965,10.67944185,44.7700004578,10.2439241409,-0.930000007153,-0.107136957347,106.574417114,-6.78239631653,14.9496355057,0.537655353546,97602.1362305,12.4099998474,49.0688323975,True
93.7,0.052,-0.121,-0.18,0.65704555,-0.196133,11.1011278,44.7700004578,10.2439241409,-0.930000007153,-0.107136957347,106.574417114,-7.05756378174,14.890045166,0.46873408556,97606.3659668,12.4399995804,49.0688323975,True
93.80000000000001,0.112,-0.081,-0.152,0.6080123,-0.2353596,11.2384209,44.7700004578,13.4516153336,-0.949999988079,-0.424827367067,111.151283264,-7.34343338013,14.8245582581,0.384460568428,97604.4616699,12.4699993134,39.8120880127,True
93.9,0.104,0.002,-0.12,0.53936575,0.00980665,10.42446895,44.7700004578,13.4516153336,-0.979999959469,-0.424827367067,111.151283264,-7.77390527725,14.7066078186,0.315896719694,97608.2397461,12.4899997711,39.8120880127,True
94.0,0.08,0.014,-0.147,0.50013915,-0.0784532,9.6889702,44.7700004578,13.4516153336,-0.979999959469,-0.424827367067,111.151283264,-7.92572116852,14.6620635986,0.341974258423,97601.6540527,12.5,35.2639198303,True
94.10000000000001,0.118,0.004,-0.167,0.4707192,-0.1176798,9.4732239,44.7700004578,13.4516153336,-0.909999966621,-0.424827367067,111.151283264,-8.28626060486,14.5592031479,0.445487976074,97604.1931152,12.5199995041,35.2639198303,True
94.2,0.181,-0.032,-0.18,0.48052585,-0.08825985,9.93413645,44.7700004578,13.4516153336,-0.799999952316,-0.424827367067,111.151283264,-8.50773334503,14.4911231995,0.499430388212,97605.7800293,12.5500001907,32.0425033569,True
94.30000000000001,0.215,-0.056,-0.198,0.4511059,-0.24516625,10.0812362,44.7700004578,17.8116874695,-0.680000007153,-0.879737555981,116.082809448,-8.87890625,14.3643894196,0.559780478477,97603.8574219,12.6300001144,86.7026367188,True
94.4,0.234,-0.021,-0.18,0.5295591,-0.24516625,10.1793027,44.7700004578,17.8116874695,-0.550000011921,-0.879737555981,116.082809448,-9.07982254028,14.2947025299,0.586811840534,97606.8115234,12.6300001144,86.7026367188,True
94.5,0.161,-0.014,-0.155,0.6472389,-0.1372931,10.99325465,44.7599983215,17.8116874695,-0.409999996424,-0.879737555981,116.082809448,-9.50713634491,14.1415691376,0.612238705158,97607.4035645,12.6799993515,86.7026367188,True
94.60000000000001,0.153,-0.061,-0.139,0.63743225,0.0588399,10.65982855,44.7599983215,17.8116874695,-0.289999991655,-0.879737555981,116.082809448,-9.95262336731,13.9767484665,0.610902011395,97609.3505859,12.7299995422,81.3041687012,True
94.7,0.148,-0.02,-0.167,0.5491724,0.1176798,9.73800345,44.7599983215,17.8116874695,-0.179999992251,-0.879737555981,116.082809448,-10.091094017,13.9203109741,0.641964972019,97610.6384277,12.7899999619,81.3041687012,True
94.80000000000001,0.148,-0.02,-0.167,0.5491724,0.1176798,9.73800345,44.7599983215,23.884267807,0.0,-1.63732969761,121.045654297,-10.503326416,13.7532806396,0.745231389999,97610.6384277,12.8400001526,78.709602356,True
94.9,0.066,-0.062,-0.257,0.57859235,0.08825985,10.69905515,44.75,23.884267807,0.179999992251,-1.63732969761,121.045654297,-10.8727741241,13.5965433121,0.770071566105,97615.0268555,12.9099998474,78.709602356,True
95.0,0.063,-0.052,-0.264,0.61781895,0.08825985,10.89518815,44.75,23.884267807,0.359999984503,-1.63732969761,121.045654297,-11.1849908829,13.4559164047,0.782416045666,97615.0268555,12.9799995422,68.5725250244,True
95.10000000000001,0.033,-0.104,-0.264,0.67665885,0.2157463,10.9638347,44.7399978638,23.884267807,0.519999980927,-1.63732969761,121.045654297,-11.8272514343,13.1494255066,0.77634203434,97612.7563477,13.0499992371,68.5725250244,True
95.2,0.091,-0.083,-0.286,0.6276256,0.0784532,11.03248125,44.7299995422,25.6589870453,0.669999957085,-2.47087192535,126.891693115,-12.1509037018,12.9785633087,0.783496797085,97613.7390137,13.1300001144,71.4405975342,True
95.30000000000001,0.143,-0.137,-0.309,0.588399,-0.0392266,10.52253545,44.7299995422,25.6589870453,0.8599999547,-2.47087192535,126.891693115,-12.4596300125,12.8038682938,0.819803774357,97614.6179199,13.1999998093,71.4405975342,True
95.4,0.092,-0.229,-0.308,0.7256921,0.30400615,11.13054775,44.7299995422,25.6589870453,1.07999992371,-2.47087192535,126.891693115,-12.8633518219,12.554646492,0.829652905464,97616.5771484,13.279999733,66.0528182983,True
95.5,0.092,-0.229,-0.308,0.7256921,0.30400615,11.13054775,44.7399978638,27.4556827545,1.26999998093,-2.48465585709,131.793502808,-13.1029129028,12.398109436,0.826549768448,97616.5771484,13.3599996567,66.0528182983,True
95.60000000000001,0.395,-0.239,-0.362,0.87279185,1.45317158648e-15,11.8660465,44.75,27.4556827545,1.48000001907,-2.48465585709,131.793502808,-13.6861286163,11.9710378647,0.81843817234,97622.9248047,13.4399995804,60.3127479553,True
95.7,0.082,-0.152,-0.264,0.67665885,-0.1569064,11.22861425,44.75,27.4556827545,1.65999996662,-2.48465585709,131.793502808,-14.1271390915,11.6085004807,0.83459508419,97621.3623047,13.5099992752,60.3127479553,True
95.80000000000001,0.069,-0.164,-0.235,0.73549875,0.04903325,11.3364874,44.75,27.4556827545,1.87000000477,-2.48465585709,131.793502808,-14.5446081161,11.2344646454,0.869930684566,97619.8730469,13.5900001526,48.3659744263,True
95.9,0.089,-0.263,-0.24,0.81395195,0.12748645,12.2190859,44.7599983215,31.4810695648,2.08999991417,-1.8710129261,140.510681152,-15.132484436,10.6564159393,0.830371260643,97616.9250488,13.6700000763,48.3659744263,True
96.0,0.168,-0.268,-0.262,1.01008495,0.1569064,13.1605243,44.7700004578,31.4810695648,2.25,-1.8710129261,140.510681152,-15.315785408,10.4640541077,0.786237597466,97630.7006836,13.75,61.7563247681,True
96.10000000000001,0.114,-0.288,-0.267,0.97085835,0.2157463,13.13110435,44.7700004578,31.4810695648,2.36999988556,-1.8710129261,140.510681152,-16.0201835632,9.63343048096,0.584561824799,97628.4729004,13.8199996948,61.7563247681,True
96.2,0.107,-0.312,-0.281,0.9610517,0.392266,13.0036179,44.7700004578,31.4810695648,2.42999982834,-1.8710129261,140.510681152,-16.3465957642,9.19064331055,0.488967478275,97621.7895508,13.8699998856,59.8410606384,True
96.30000000000001,0.103,-0.275,-0.317,0.97085835,0.4118793,12.77806495,44.7700004578,31.4810695648,2.49000000954,-1.8710129261,140.510681152,-16.6493320465,8.72405052185,0.405053108931,97619.921875,13.9200000763,59.8410606384,True
96.4,0.116,-0.301,-0.351,0.99047165,0.3530394,12.8270982,44.7700004578,35.2037277222,2.51999998093,0.711051642895,150.973709106,-17.0104026794,8.11843585968,0.310528278351,97628.2348633,13.9499998093,57.3014259338,True
96.5,0.139,-0.264,-0.381,1.0198916,0.3530394,12.79767825,44.7599983215,35.2037277222,2.54999995232,0.711051642895,150.973709106,-17.4000091553,7.34740257263,0.220542609692,97625.994873,13.9699993134,57.3014259338,True
96.60000000000001,0.192,-0.277,-0.391,1.02969825,0.30400615,12.83690485,44.7599983215,35.2037277222,2.53999996185,0.711051642895,150.973709106,-17.6379928589,6.81798410416,0.18894726038,97629.4067383,13.9699993134,64.765838623,True
96.7,0.221,-0.235,-0.412,1.0395049,0.18632635,12.30734575,44.7700004578,35.2037277222,2.56999993324,0.711051642895,150.973709106,-17.9074211121,6.13450479507,0.166190773249,97618.6523438,13.9799995422,64.765838623,True
96.80000000000001,0.276,-0.284,-0.401,1.0983448,0.10787315,12.32695905,44.7700004578,39.6710472107,2.6099998951,0.680787920952,161.660751343,-18.1634902954,5.42381811142,0.189965739846,97626.6174316,13.9699993134,71.3944396973,True
96.9,0.279,-0.344,-0.367,1.1571847,0.2941995,12.4152189,44.7700004578,39.6710472107,2.70000004768,0.680787920952,161.660751343,-18.3961200714,4.67664909363,0.234470278025,97632.421875,13.9799995422,71.3944396973,True
97.0,0.263,-0.357,-0.353,1.32389775,0.2941995,12.4348322,44.7700004578,39.6710472107,2.77999997139,0.680787920952,161.660751343,-18.6101398468,3.86675453186,0.274287164211,97627.5939941,13.9699993134,71.3270187378,True
97.10000000000001,0.263,-0.357,-0.353,1.32389775,0.2941995,12.4348322,44.7700004578,39.6710472107,2.88999986649,0.680787920952,161.660751343,-18.820766449,2.84790039062,0.330171048641,97627.5939941,13.9799995422,71.3270187378,True
97.2,0.137,-0.447,-0.35,1.5494507,0.4314926,13.24878415,44.7599983215,46.3181190491,3.00999999046,0.637847781181,173.316986084,-18.9981327057,1.74645888805,0.369345188141,97632.8796387,14.0,72.6463317871,True
97.30000000000001,0.031,-0.47,-0.34,1.569064,0.61781895,13.140911,44.75,46.3181190491,3.09999990463,0.637847781181,173.316986084,-19.0781879425,0.776066184044,0.398242563009,97635.7299805,14.029999733,72.6463317871,True
97.4,0.033,-0.435,-0.358,1.67693715,0.67665885,13.52337035,44.7399978638,46.3181190491,3.21000003815,0.637847781181,173.316986084,-19.1207389832,-0.174915954471,0.414250224829,97639.1052246,14.0599994659,62.4886512756,True
97.5,0.006,-0.484,-0.387,1.7848103,0.69627215,13.73911665,44.7399978638,48.4197044373,3.31999993324,1.78909409046,-175.33013916,-19.0920810699,-0.979586958885,0.411711156368,97640.7653809,14.0999994278,62.4886512756,True
97.60000000000001,0.009,-0.441,-0.416,1.89268345,0.7256921,14.1804159,44.7299995422,48.4197044373,3.42999982834,1.78909409046,-175.33013916,-19.0414199829,-1.79275810719,0.404152274132,97639.0319824,14.1399993896,73.3751296997,True
97.7,0.013,-0.394,-0.441,1.9221034,0.59820565,13.8862164,44.7399978638,48.4197044373,3.55999994278,1.78909409046,-175.33013916,-18.8443412781,-3.22768521309,0.412198066711,97638.5375977,14.1899995804,73.3751296997,True
97.80000000000001,0.068,-0.485,-0.429,1.9417167,0.6080123,14.1608026,44.7399978638,48.4197044373,3.6899998188,1.78909409046,-175.33013916,-18.7697696686,-3.63099575043,0.419561386108,97641.2658691,14.2299995422,74.6026992798,True
97.9,0.115,-0.491,-0.426,1.9417167,0.6276256,14.2392558,44.7399978638,50.4251708984,3.86999988556,1.70818471909,-160.905288696,-18.5315513611,-4.67517948151,0.423216581345,97643.1213379,14.279999733,74.6026992798,True
98.0,0.059,-0.539,-0.42,2.0593965,0.83356525,14.24906245,44.7399978638,50.4251708984,4.00999975204,1.70818471909,-160.905288696,-18.2104148865,-5.72842502594,0.436149269342,97641.6320801,14.3299999237,65.361114502,True
98.10000000000001,0.025,-0.52,-0.416,2.32417605,0.7256921,15.7298666,44.7299995422,50.4251708984,4.17999982834,1.70818471909,-160.905288696,-17.8029613495,-6.80180501938,0.429123073816,97645.4406738,14.3800001144,65.361114502,True
98.2,0.016,-0.525,-0.41,2.24572285,0.53936575,14.5530686,44.7299995422,50.4251708984,4.28999996185,1.70818471909,-160.905288696,-17.2013607025,-8.09781837463,0.405511617661,97647.1008301,14.4299993515,63.6367797852,True
98.30000000000001,0.012,-0.622,-0.392,2.3928226,0.69627215,14.85707475,44.7299995422,50.4251708984,4.46000003815,1.70818471909,-160.905288696,-16.7574672699,-8.91201972961,0.425050377846,97646.9909668,14.4799995422,63.6367797852,True
98.4,0.006,-0.644,-0.389,2.4320492,0.8825985,15.56315355,44.6899986267,52.8252830505,4.61999988556,2.23215436935,-144.232009888,-16.1079692841,-9.94446372986,0.416395992041,97650.9338379,14.529999733,38.0383491516,True
98.5,0.024,-0.64,-0.404,2.57914895,0.89240515,16.17116585,44.6800003052,52.8252830505,4.76999998093,2.23215436935,-144.232009888,-15.3690071106,-10.9336223602,0.377121329308,97652.9418945,14.5899991989,38.0383491516,True
98.60000000000001,0.064,-0.578,-0.425,2.745862,0.9414384,16.1613592,44.6699981689,52.8252830505,4.86999988556,2.23215436935,-144.232009888,-14.5155973434,-11.926908493,0.310136854649,97650.1647949,14.6399993896,24.5016098022,True
98.7,0.025,-0.525,-0.425,2.57914895,0.97085835,15.30818065,44.6699981689,54.3387451172,4.98999977112,3.46773099899,-131.94367981,-13.5808019638,-12.853682518,0.252894043922,97654.8583984,14.6899995804,24.5016098022,True
98.80000000000001,0.012,-0.45,-0.414,2.7066354,0.9022118,15.1414676,44.6899986267,54.3387451172,5.11999988556,3.46773099899,-131.94367981,-12.0296154022,-14.1560306549,0.268502146006,97655.3710938,14.7199993134,12.0040893555,True
98.9,0.013,-0.496,-0.472,2.4320492,0.980665,14.87668805,44.7099990845,54.3387451172,5.27999973297,3.46773099899,-131.94367981,-10.9965209961,-14.8646364212,0.317404508591,97652.0080566,14.7699995041,12.0040893555,True
99.0,0.017,-0.536,-0.475,2.48108245,0.8041453,14.60210185,44.7299995422,54.3387451172,5.44999980927,3.46773099899,-131.94367981,-10.1533946991,-15.3980875015,0.383179605007,97660.5285645,14.8099994659,-8.33129882812,True
99.10000000000001,0.056,-0.588,-0.469,2.38301595,0.83356525,15.46508705,44.7399978638,56.8853645325,5.69000005722,1.9750341177,-113.577728271,-9.25643634796,-15.8656082153,0.441263467073,97658.2214355,14.8699998856,-8.33129882812,True
99.2,0.033,-0.525,-0.465,2.34378935,0.69627215,14.93552795,44.75,56.8853645325,5.94999980927,1.9750341177,-113.577728271,-7.84043741226,-16.5138206482,0.555665194988,97653.0700684,14.9299993515,-48.3911514282,True
99.30000000000001,0.044,-0.599,-0.447,2.20649625,0.93163175,15.15127425,44.7599983215,56.8853645325,6.26999998093,1.9750341177,-113.577728271,-6.8539390564,-16.8569946289,0.637418806553,97649.7619629,15.0099992752,-48.3911514282,True
99.4,0.036,-0.617,-0.452,2.2163029,0.8629852,14.6119085,44.7599983215,56.8853645325,6.58999967575,1.9750341177,-113.577728271,-5.60124969482,-17.2148017883,0.755155622959,97661.151123,15.0999994278,-68.2001113892,True
99.5,0.053,-0.671,-0.435,2.4516625,0.71588545,16.34768555,44.7700004578,59.0083122253,6.98000001907,0.532945454121,-96.1094894409,-4.26153898239,-17.4863948822,0.864542007446,97655.6518555,15.1999998093,-68.2001113892,True
99.60000000000001,0.024,-0.703,-0.425,2.61837555,0.9610517,18.044236,44.7700004578,59.0083122253,7.36999988556,0.532945454121,-96.1094894409,-2.78393387794,-17.6728210449,0.906186938286,97647.5524902,15.3099994659,-88.8120651245,True
99.7,-0.003,-0.646,-0.423,2.5301157,1.06892485,18.2207557,44.7700004578,60.1895942688,7.71000003815,0.477302998304,-84.6924133301,-0.893634200096,-17.727180481,0.887194931507,97656.6467285,15.4399995804,-88.8120651245,True
99.80000000000001,0.117,-0.692,-0.473,2.36340265,0.9610517,17.95597615,44.7700004578,60.1895942688,8.01999950409,0.477302998304,-84.6924133301,0.724959313869,-17.6261348724,0.851994156837,97657.7575684,15.5499992371,-111.966896057,True
99.9,0.017,-0.774,-0.471,2.30456275,0.77472535,19.0445143,42.7999992371,60.1895942688,8.34000015259,0.477302998304,-84.6924133301,2.0382475853,-17.4144554138,0.850149393082,97657.4829102,15.6599998474,-111.966896057,True
100.0,-0.007,-0.745,-0.448,2.2163029,0.99047165,19.2014207,38.7000007629,60.1895942688,8.63000011444,0.477302998304,-84.6924133301,3.71234369278,-17.0184764862,0.83882778883,97661.6760254,15.7599992752,-130.40713501,True
100.10000000000001,-0.089,-0.786,-0.404,2.28494945,1.24544455,19.221034,33.75,60.1895942688,8.93999958038,0.477302998304,-84.6924133301,5.32388305664,-16.4734477997,0.81947094202,97663.0004883,15.8699998856,-130.40713501,True
100.2,-0.012,-0.758,-0.429,2.12804305,1.0787315,19.01509435,27.859998703,61.5483970642,9.21000003815,-0.125646457076,-61.607208252,6.85305547714,-15.797627449,0.787299752235,97669.3237305,15.9699993134,-157.141876221,True
100.30000000000001,0.056,-0.806,-0.381,2.2555295,1.0983448,19.2798739,21.1000003815,61.5483970642,9.52999973297,-0.125646457076,-61.607208252,8.34577846527,-14.9619350433,0.779981732368,97663.5498047,16.0799999237,-157.141876221,True
100.4,0.025,-0.78,-0.343,2.0593965,0.9414384,19.38774705,13.1700000763,61.5483970642,9.81999969482,-0.125646457076,-61.607208252,9.7637090683,-13.9823637009,0.754932284355,97662.713623,16.1800003052,-178.262908936,True
100.5,-0.019,-0.779,-0.256,2.26533615,1.26505785,20.005566,4.52999973297,61.5483970642,10.1499996185,-0.125646457076,-61.607208252,11.0953140259,-12.8628864288,0.735896885395,97662.713623,16.2799987793,-178.262908936,True
100.60000000000001,-0.026,-0.761,-0.231,2.16726965,1.5886773,19.5544601,-4.69999980927,61.5483970642,10.4299993515,-0.125646457076,-61.607208252,12.3344507217,-11.6244039536,0.682037711143,97669.7875977,16.3799991608,-206.282623291,True
100.7,0.012,-0.74,-0.182,2.1770763,1.87307015,19.5544601,-13.529999733,63.0409240723,10.7100000381,2.16085720062,-37.5855865479,13.2215099335,-10.5747518539,0.635695874691,97669.7875977,16.4699993134,-206.282623291,True
100.80000000000001,-0.094,-0.602,-0.177,2.0986231,2.32417605,18.632635,-21.8299999237,63.0409240723,10.9899997711,2.16085720062,-37.5855865479,14.2335958481,-9.18442249298,0.571839034557,97672.0703125,16.5599994659,-243.115814209,True
100.9,-0.177,-0.591,-0.18,1.97113665,2.1966896,16.7497582,-28.7199993134,63.0409240723,11.25,2.16085720062,-37.5855865479,15.2083330154,-7.59208726883,0.55990588665,97674.1760254,16.6499996185,-243.115814209,True
101.0,-0.331,-0.655,-0.206,1.8828768,2.30456275,16.87724465,-34.2599983215,63.0409240723,11.5599994659,2.16085720062,-37.5855865479,15.7228689194,-6.57082366943,0.566366255283,97667.8283691,16.7399997711,-274.14074707,True
101.10000000000001,-0.351,-0.593,-0.21,2.157463,2.6674088,17.1224109,-38.8299980164,61.4752807617,11.8299999237,5.50539541245,-20.1850719452,16.2742538452,-5.28338098526,0.538381040096,97674.7558594,16.8400001526,-274.14074707,True
101.2,-0.243,-0.498,-0.253,2.10842975,2.8047019,16.87724465,-42.7099990845,61.4752807617,12.0199995041,5.50539541245,-20.1850719452,16.7369346619,-3.96000337601,0.409518152475,97668.2739258,16.9200000763,-310.564819336,True
101.30000000000001,-0.103,-0.348,-0.342,1.83384355,2.73605535,14.3569356,-44.7000007629,61.4752807617,12.1599998474,5.50539541245,-20.1850719452,17.0734462738,-2.77018380165,0.327193498611,97673.2116699,17.0,-310.564819336,True
101.4,-0.246,-0.43,-0.367,1.6279039,2.71644205,13.8862164,-44.7599983215,58.8881988525,12.3599996567,5.52981138229,-10.5452508926,17.3934898376,-1.3294377327,0.344891935587,97668.0541992,17.0599994659,-341.558258057,True
101.5,-0.133,-0.471,-0.399,1.5494507,2.57914895,14.19022255,-44.7999992371,58.8881988525,12.5999994278,5.52981138229,-10.5452508926,17.5208473206,-0.539870142937,0.374158263206,97671.4294434,17.1299991608,-341.558258057,True
