t,p,q,r,ax,ay,az,roll_k,roll,pitch_k,pitch,yaw,vn,ve,vd,basinc,alt_hata,hiz_hata,ariza
0.1,0.85,-0.181,-0.121,-0.6276256,0.392266,11.9052731,44.6199989319,4.25686359406,-2.62999987602,7.26464557648,-82.1200256348,1.93582463264,-23.0822353363,-2.56675696373,97254.8400879,-0.649999976158,-1105.37915039,False
0.2,0.727,-0.141,-0.199,-0.89240515,0.2549729,10.79712165,44.5299987793,4.25686359406,-1.02999997139,7.26464557648,-82.1200256348,2.04676294327,-22.7695217133,-2.70314788818,97242.4804688,-0.919999957085,-1091.2421875,False
0.30000000000000004,0.877,-0.14,-0.167,-1.3533177,-0.20593965,12.0621795,44.4599990845,4.25686359406,0.42999997735,7.26464557648,-82.1200256348,2.30476546288,-22.3777675629,-2.92774629593,97243.8781738,-1.20999991894,-1081.2286377,False
0.4,0.777,-0.142,-0.126,-1.36312435,-0.2941995,13.1212977,44.3899993896,4.25686359406,1.79999995232,7.26464557648,-82.1200256348,2.65501570702,-21.9224720001,-3.14130806923,97237.6708984,-1.50999999046,-977.592468262,False
0.5,0.34,-0.153,0.002,-1.5298374,-0.6472389,11.6306869,44.2599983215,19.5960941315,4.38000011444,9.30533313751,-78.3868789673,3.05966186523,-21.4594554901,-3.23250126839,97229.3273926,-2.18000006676,-944.337280273,False
0.6000000000000001,0.95,-0.167,0.066,-1.81423025,-0.59820565,14.38635555,44.1399993896,19.5960941315,4.46000003815,9.30533313751,-78.3868789673,3.59951281548,-20.9034824371,-3.41501283646,97221.9177246,-2.18000006676,-944.337280273,False
0.7000000000000001,0.661,-0.141,0.141,-1.7455837,0.02941995,13.0624578,43.9599990845,19.5960941315,5.77999973297,9.30533313751,-78.3868789673,4.15781402588,-20.3383712769,-3.53359246254,97216.1560059,-2.53999996185,-936.410705566,False
0.8,0.424,-0.17,0.151,-1.7259704,0.71588545,10.93441475,43.7999992371,19.5960941315,7.06999969482,9.30533313751,-78.3868789673,4.52505922318,-19.9289894104,-3.46225357056,97207.8186035,-2.92999982834,-906.015380859,False
0.9,0.221,-0.192,0.019,-1.81423025,0.4511059,11.66010685,42.969997406,33.3435707092,8.36999988556,13.2787733078,-78.3540878296,5.00999879837,-19.3840770721,-3.40853977203,97206.2805176,-3.31999993324,-867.361450195,False
1.0,-0.019,-0.165,-0.127,-1.73577705,0.95124505,11.179581,40.7299995422,33.3435707092,9.6799993515,13.2787733078,-78.3540878296,5.61725378036,-18.7079925537,-3.31362438202,97197.8881836,-3.70999979973,-842.541320801,False
1.1,-0.044,-0.181,-0.207,-1.6867438,0.32361945,10.69905515,38.5499992371,33.3435707092,11.0199995041,13.2787733078,-78.3540878296,5.97632789612,-18.2603302002,-3.23404860497,97194.8364258,-4.09999990463,-816.327270508,False
1.2000000000000002,-0.038,-0.157,-0.303,-1.73577705,0.2941995,10.1204628,36.4599990845,33.3435707092,12.3899993896,13.2787733078,-78.3540878296,6.3796339035,-17.7402763367,-3.06774878502,97182.4401855,-4.48000001907,-788.319580078,False
1.3,0.04,-0.192,-0.34,-1.53964405,0.46091255,10.34601575,34.3999977112,35.4516410828,12.2599992752,14.0516786575,-72.6705932617,6.81002473831,-17.1956558228,-2.90225124359,97185.0769043,-4.84999990463,-750.336669922,False
1.4000000000000001,0.025,-0.198,-0.362,-1.5494507,-0.0784532,11.13054775,32.0599975586,35.4516410828,11.4899997711,14.0516786575,-72.6705932617,7.35230493546,-16.5138587952,-2.70977973938,97177.4841309,-5.21000003815,-718.346618652,False
1.5,-0.079,-0.164,-0.33,-1.42196425,-0.2549729,9.8458766,29.4899997711,35.4516410828,12.9799995422,14.0516786575,-72.6705932617,7.72314500809,-15.9982423782,-2.48617529869,97171.0144043,-5.8799996376,-639.252075195,False
1.6,-0.2,-0.144,-0.361,-1.4121576,0.18632635,9.0809579,27.1299991608,36.5365257263,14.5399999619,12.6462059021,-65.6997070312,8.03791427612,-15.4977712631,-2.21714019775,97166.973877,-5.8799996376,-639.252075195,False
1.7000000000000002,-0.091,-0.166,-0.365,-1.22583125,0.38245935,8.91424485,22.5199985504,36.5365257263,14.9899997711,12.6462059021,-65.6997070312,8.40281963348,-14.9214076996,-1.84835767746,97166.3513184,-6.46000003815,-559.32824707,False
1.8,-0.253,-0.195,-0.342,-1.3140911,0.00980665,8.71811185,22.5199985504,36.5365257263,14.9899997711,12.6462059021,-65.6997070312,8.40281963348,-14.9214076996,-1.84835767746,97163.7268066,-6.46000003815,-559.32824707,False
1.9000000000000001,-0.305,-0.213,-0.317,-1.02969825,0.1176798,9.65955025,20.1299991608,36.5365257263,13.9499998093,12.6462059021,-65.6997070312,8.92632293701,-13.9949922562,-1.44935190678,97157.019043,-6.69999980927,-522.507873535,False
2.0,-0.327,-0.192,-0.314,-0.79433865,0.59820565,10.81673495,17.4799995422,33.2484512329,13.0900001526,10.9304800034,-55.8912963867,9.22303676605,-13.4334955215,-1.41572928429,97154.1320801,-6.92000007629,-486.410522461,False
2.1,-0.275,-0.181,-0.32,-0.4118793,0.0196133,12.99381125,14.6399993896,33.2484512329,12.3299999237,10.9304800034,-55.8912963867,9.56801319122,-12.8222150803,-1.52899980545,97152.9663086,-7.1299996376,-464.858825684,False
2.2,-0.417,-0.166,-0.358,-0.24516625,-0.392266,13.8862164,7.91999959946,33.2484512329,11.0,10.9304800034,-55.8912963867,9.78473186493,-12.4399719238,-1.65609288216,97150.8422852,-7.56999969482,-428.671081543,False
2.3000000000000003,-0.434,-0.13,-0.352,-0.00980665,-0.28439285,13.3762706,7.92999982834,28.2539215088,10.9600000381,10.1635713577,-48.6495475769,10.2188806534,-11.5928726196,-1.96959555149,97146.3256836,-7.56999969482,-428.671081543,False
2.4000000000000004,-0.468,-0.095,-0.329,-0.1372931,-0.2353596,12.6113519,4.75,28.2539215088,10.25,10.1635713577,-48.6495475769,10.4479532242,-11.0428876877,-2.11152362823,97144.152832,-8.11999988556,-373.890106201,False
2.5,-0.513,-0.085,-0.276,-0.1569064,-0.8433719,12.77806495,1.92999994755,28.2539215088,9.31999969482,10.1635713577,-48.6495475769,10.6519079208,-10.5130252838,-2.2636525631,97145.8251953,-8.11999988556,-373.890106201,False
2.6,-0.394,-0.066,-0.212,-0.24516625,-1.1375714,11.62088025,-0.709999978542,28.2539215088,8.44999980927,10.1635713577,-48.6495475769,10.7717924118,-10.1383581161,-2.31046843529,97139.5996094,-8.4299993515,-344.39239502,False
2.7,-0.455,-0.064,-0.099,-0.32361945,-1.0395049,10.2773692,-2.86999988556,19.3057746887,7.39999961853,9.22424411774,-42.6047782898,10.8610534668,-9.73636054993,-2.27192616463,97140.1794434,-8.75,-295.491790771,False
2.8000000000000003,-0.305,-0.07,-0.023,-0.2157463,-1.0395049,10.8853815,-4.63000011444,19.3057746887,6.31999969482,9.22424411774,-42.6047782898,10.9417905807,-9.26525306702,-2.32246804237,97133.9172363,-9.38999938965,-222.807128906,False
2.9000000000000004,-0.267,-0.038,0.027,-0.1765197,-0.9022118,10.1793027,-6.25999975204,19.3057746887,5.30999994278,9.22424411774,-42.6047782898,10.9714794159,-8.99559593201,-2.32286882401,97131.1706543,-9.38999938965,-222.807128906,False
3.0,-0.305,-0.02,0.05,-0.0980665,-0.2745862,9.63993695,-7.55999994278,19.3057746887,4.13000011444,9.22424411774,-42.6047782898,10.9724960327,-8.76482582092,-2.30396151543,97128.3325195,-10.0100002289,-107.301712036,False
3.1,-0.44,0.051,0.042,0.0392266,0.61781895,8.99269805,-8.47000026703,11.6292076111,2.86999988556,9.59264755249,-42.5186843872,10.9176578522,-8.4852104187,-2.20813751221,97124.6826172,-10.0100002289,-107.301712036,False
3.2,-0.49,0.096,0.034,0.0196133,0.7256921,8.42391235,-9.06999969482,11.6292076111,1.57999992371,9.59264755249,-42.5186843872,10.8184480667,-8.23474884033,-2.0282971859,97125.0732422,-10.3199996948,-55.6852340698,False
3.3000000000000003,-0.441,0.119,-0.007,0.0,-0.28439285,8.5710121,-9.75,11.6292076111,-0.969999969006,9.59264755249,-42.5186843872,10.7451686859,-8.09331321716,-1.8692470789,97121.1608887,-10.8800001144,21.6485977173,False
3.4000000000000004,-0.421,0.165,-0.022,-0.0784532,-0.61781895,7.65899365,-9.76999950409,11.6292076111,-0.969999969006,9.59264755249,-42.5186843872,10.6633319855,-8.01267242432,-1.68796145916,97116.9921875,-11.1199998856,45.1766014099,False
3.5,-0.361,0.186,-0.019,-0.02941995,-0.53936575,7.5118939,-9.80999946594,11.6292076111,-2.06999993324,9.59264755249,-42.5186843872,10.5715532303,-7.94998884201,-1.46006345749,97118.347168,-11.1199998856,45.1766014099,False
3.6,-0.299,0.187,-0.011,0.02941995,-0.40207265,7.46286065,-9.71999931335,-0.741978645325,-3.05999994278,5.34650659561,-42.4632453918,10.4687404633,-7.92308044434,-1.18715107441,97113.5131836,-11.3400001526,89.387512207,False
3.7,-0.252,0.204,0.011,0.0784532,0.08825985,6.75678185,-9.46999931335,-0.741978645325,-3.99000000954,5.34650659561,-42.4632453918,10.4011945724,-7.91138124466,-0.943754673004,97112.8234863,-11.5199995041,122.343063354,False
3.8000000000000003,-0.252,0.204,0.011,0.0784532,0.08825985,6.75678185,-9.23999977112,-0.741978645325,-4.83999967575,5.34650659561,-42.4632453918,10.4011945724,-7.91138124466,-0.943754673004,97112.8234863,-11.6799993515,160.539428711,False
3.9000000000000004,-0.151,0.18,0.037,0.196133,-0.2157463,6.58026215,-8.89999961853,-0.741978645325,-5.56999969482,5.34650659561,-42.4632453918,10.2367687225,-7.94419431686,-0.302558869123,97112.7868652,-11.7899999619,188.92364502,False
4.0,-0.141,0.193,0.06,0.2745862,0.06864655,6.2566427,-8.52999973297,-5.54726171494,-6.23999977112,0.514464378357,-42.4840927124,10.2162218094,-7.95308113098,-0.172260403633,97114.2700195,-11.9099998474,234.587280273,False
4.1000000000000005,-0.127,0.184,0.082,0.40207265,0.1765197,6.75678185,-8.05000019073,-5.54726171494,-6.75999975204,0.514464378357,-42.4840927124,10.1040430069,-8.05079841614,0.335139274597,97112.5061035,-11.9099998474,234.587280273,False
4.2,-0.078,0.173,0.1,0.38245935,-0.00980665,7.03136805,-7.56999969482,-5.54726171494,-7.09999990463,0.514464378357,-42.4840927124,10.0476341248,-8.13393592834,0.624679744244,97111.9018555,-11.9099998474,248.401351929,False
4.3,0.002,0.18,0.116,0.42168595,-0.0196133,6.59987545,-7.09999990463,-5.54726171494,-7.21999979019,0.514464378357,-42.4840927124,9.99811172485,-8.22472953796,0.93388158083,97112.0605469,-11.8699998856,246.158309937,False
4.4,0.003,0.167,0.131,0.38245935,-0.18632635,6.63910205,-6.57999992371,-5.54726171494,-7.21000003815,0.514464378357,-42.4840927124,9.94905948639,-8.34892177582,1.30639910698,97114.9902344,-11.8099994659,250.169662476,False
4.5,0.031,0.122,0.155,0.4903325,0.18632635,7.30595425,-6.03999996185,-7.21897363663,-7.00999975204,-4.47372245789,-44.5029411316,9.90825653076,-8.47582912445,1.56828320026,97117.6757812,-11.7100000381,251.744659424,False
4.6000000000000005,0.021,0.108,0.168,0.46091255,0.22555295,7.5903471,-5.42999982834,-7.21897363663,-6.6299996376,-4.47372245789,-44.5029411316,9.87910747528,-8.58079433441,1.77265000343,97117.6940918,-11.5799999237,235.568145752,False
4.7,0.034,0.096,0.161,0.38245935,0.3334261,7.1980811,-4.77999973297,-7.21897363663,-6.1299996376,-4.47372245789,-44.5029411316,9.83357620239,-8.75524234772,2.08056116104,97117.6940918,-11.4200000763,221.705154419,False
4.800000000000001,0.159,0.016,0.119,0.42168595,0.06864655,8.36507245,-4.13999986649,-7.21897363663,-5.5,-4.47372245789,-44.5029411316,9.82833766937,-8.81506919861,2.14222884178,97122.833252,-11.2399997711,208.450134277,False
4.9,0.206,0.007,0.097,0.40207265,0.02941995,8.5317855,-2.82999992371,-5.38484525681,-3.99000000954,-6.87413978577,-47.6449394226,9.78814983368,-9.04403114319,2.33713245392,97125.9643555,-10.8199996948,163.327026367,False
5.0,0.27,0.008,0.086,0.40207265,0.1372931,8.6690786,-2.82999992371,-5.38484525681,-3.99000000954,-6.87413978577,-47.6449394226,9.78241729736,-9.19778060913,2.46118426323,97125.9643555,-10.8199996948,163.327026367,False
5.1000000000000005,0.199,-0.023,0.06,0.4903325,0.12748645,9.30651085,-2.24000000954,-5.38484525681,-3.25999999046,-6.87413978577,-47.6449394226,9.79107570648,-9.35886478424,2.48518943787,97129.1870117,-10.3699998856,128.57093811,False
5.2,0.131,-0.042,0.037,0.51975245,0.1765197,10.2185293,-1.70999991894,-5.38484525681,-2.5,-6.87413978577,-47.6449394226,9.81900024414,-9.5487909317,2.42020940781,97133.5449219,-10.3699998856,128.57093811,False
5.300000000000001,0.063,-0.065,0.017,0.5687857,0.1372931,11.2188076,-1.18999993801,-5.38484525681,-1.74000000954,-6.87413978577,-47.6449394226,9.82951068878,-9.58018398285,2.38979458809,97136.1633301,-10.1399993896,98.1107711792,False
5.4,-0.056,-0.062,-0.003,0.51975245,0.2941995,10.87557485,-0.689999997616,-1.04749941826,-0.939999997616,-6.60114908218,-49.0869636536,9.87506484985,-9.83886051178,2.16721487045,97138.8183594,-9.9299993515,65.4078521729,False
5.5,-0.055,-0.041,-0.006,0.3726527,0.55897905,10.4931155,-0.25,-1.04749941826,-0.389999985695,-6.60114908218,-49.0869636536,9.88145637512,-9.91766262054,2.12730240822,97139.8132324,-9.72999954224,50.5187034607,False
5.6000000000000005,-0.096,-0.078,-0.016,0.34323275,0.02941995,11.5914603,0.109999999404,-1.04749941826,0.129999995232,-6.60114908218,-49.0869636536,9.90139198303,-10.0261068344,2.02065229416,97142.0532227,-9.55000019073,31.1388969421,False
5.7,-0.039,-0.054,-0.023,0.2549729,0.73549875,10.89518815,0.740000009537,-1.04749941826,0.620000004768,-6.60114908218,-49.0869636536,9.87533187866,-10.2508392334,1.82042646408,97144.1955566,-9.38000011444,14.2496109009,False
5.800000000000001,-0.039,-0.039,-0.042,0.0980665,0.7649187,9.91452315,1.25999999046,-2.67993736267,0.849999964237,-5.3225107193,-48.6999969482,9.84323501587,-10.3562660217,1.77145779133,97148.2116699,-9.23999977112,15.0369644165,False
5.9,-0.186,-0.065,-0.089,-0.00980665,1.25861472944e-15,10.2773692,1.75,-2.67993736267,0.989999949932,-5.3225107193,-48.6999969482,9.79915237427,-10.4737949371,1.70586192608,97147.265625,-9.09000015259,15.7652854919,False
6.0,-0.134,-0.101,-0.091,0.08825985,-0.3138128,11.24822755,2.25,-2.67993736267,1.11000001431,-5.3225107193,-48.6999969482,9.76082611084,-10.5728883743,1.56410336494,97148.1994629,-8.96000003815,12.9062652588,False
6.1000000000000005,0.024,-0.078,-0.063,-0.00980665,-0.34323275,10.81673495,2.25,-4.6515879631,1.11000001431,-4.18534803391,-47.5597496033,9.75195503235,-10.5893611908,1.5406267643,97150.6225586,-8.82999992371,11.03515625,False
6.2,0.07,-0.081,-0.001,-0.0392266,-0.0784532,10.24794925,3.22000002861,-4.6515879631,1.09000003338,-4.18534803391,-47.5597496033,9.66503047943,-10.714969635,1.44508743286,97155.1513672,-8.60999965668,25.5911827087,False
6.300000000000001,0.038,-0.11,0.149,0.4118793,0.81395195,11.6895268,3.62999987602,-4.6515879631,1.02999997139,-4.18534803391,-47.5597496033,9.61106872559,-10.8039016724,1.33654797077,97156.4575195,-8.60999965668,25.5911827087,False
6.4,0.038,-0.11,0.149,0.4118793,0.81395195,11.6895268,4.15000009537,-4.6515879631,1.06999993324,-4.18534803391,-47.5597496033,9.56071090698,-10.8863830566,1.18249797821,97152.947998,-8.5,32.1378707886,False
6.5,0.14,-0.086,0.14,0.3530394,0.57859235,11.30706745,5.03999996185,-3.07739233971,1.03999996185,-2.23780846596,-49.2145233154,9.48617839813,-10.9848814011,0.955178201199,97157.2387695,-8.40999984741,31.0806274414,False
6.6000000000000005,0.036,-0.09,0.111,0.2941995,0.2941995,11.75817335,6.0,-3.07739233971,0.719999969006,-2.23780846596,-49.2145233154,9.42406272888,-11.0468463898,0.771033108234,97158.8012695,-8.27999973297,12.246799469,False
6.7,0.09,-0.074,0.084,0.34323275,0.4707192,11.75817335,6.0,-3.07739233971,0.719999969006,-2.23780846596,-49.2145233154,9.3633441925,-11.0972747803,0.584317803383,97160.6323242,-8.27999973297,12.246799469,False
6.800000000000001,0.127,-0.023,0.077,0.02941995,0.6080123,10.52253545,6.65999984741,-3.07739233971,0.649999976158,-2.23780846596,-49.2145233154,9.3105430603,-11.1204767227,0.497055739164,97161.8713379,-8.25,1.61476135254,False
6.9,-0.073,-0.05,0.027,0.196133,0.89240515,10.2185293,7.01999998093,-1.41682696342,0.519999980927,-1.1367816925,-51.0716934204,9.23115253448,-11.1492137909,0.471023142338,97164.9963379,-8.22999954224,3.87887954712,False
7.0,0.111,0.023,-0.028,0.0,0.4707192,8.09048625,7.69999980927,-1.41682696342,0.389999985695,-1.1367816925,-51.0716934204,9.18329906464,-11.1431865692,0.550888597965,97163.2507324,-8.22000026703,17.8840637207,False
7.1000000000000005,0.104,-0.032,-0.055,0.02941995,0.0784532,9.0613446,7.84999990463,-1.41682696342,0.209999993443,-1.1367816925,-51.0716934204,9.15881633759,-11.1223220825,0.553023517132,97163.9831543,-8.19999980927,22.9965209961,False
7.2,0.286,-0.072,-0.027,0.10787315,-0.61781895,11.0226746,7.84999990463,-1.41682696342,0.109999999404,-1.1367816925,-51.0716934204,9.15241336823,-11.0917387009,0.425683289766,97165.7348633,-8.17000007629,33.1462860107,False
7.300000000000001,0.351,-0.038,0.038,0.1569064,-0.42168595,10.787315,8.27999973297,1.56724393368,0.019999999553,-0.46157771349,-50.5885353088,9.16461086273,-11.0608377457,0.349141985178,97166.4123535,-8.13999938965,24.550151825,False
7.4,0.275,-0.028,0.086,0.2549729,0.40207265,10.99325465,8.05000019073,1.56724393368,-0.0899999961257,-0.46157771349,-50.5885353088,9.19432735443,-11.0270500183,0.280936509371,97167.779541,-8.11999988556,30.8638572693,False
7.5,0.224,-0.044,0.096,0.2745862,0.08825985,11.0226746,9.05999946594,1.56724393368,-0.0599999986589,-0.46157771349,-50.5885353088,9.2896194458,-10.9104547501,0.0914458781481,97165.6677246,-8.10999965668,21.8149185181,False
7.6000000000000005,0.205,-0.079,0.118,0.38245935,-0.196133,11.81701325,8.52999973297,1.56724393368,-0.019999999553,-0.46157771349,-50.5885353088,9.3510799408,-10.8440141678,-0.0950416997075,97163.2080078,-8.0999994278,9.09261703491,False
7.7,0.0,-0.052,0.126,0.4314926,0.7453054,11.375714,8.51000022888,6.92414665222,-0.0599999986589,0.63087439537,-52.4842338562,9.42912864685,-10.7603464127,-0.249281361699,97168.182373,-8.11999988556,14.1723632812,False
7.800000000000001,-0.055,-0.038,0.094,0.42168595,0.40207265,10.395049,8.51000022888,6.92414665222,-0.140000000596,0.63087439537,-52.4842338562,9.4503288269,-10.7102594376,-0.305101692677,97167.9992676,-8.14999961853,13.5880470276,False
7.9,-0.044,0.034,0.004,0.24516625,1.0002783,9.5712904,8.32999992371,6.92414665222,-0.34999999404,0.63087439537,-52.4842338562,9.44298362732,-10.6828298569,-0.274435639381,97165.7897949,-8.25,43.5717582703,False
8.0,0.014,0.073,-0.115,0.2549729,1.2552512,9.11037785,9.44999980927,6.14697313309,-0.629999995232,0.787062227726,-53.4120597839,9.4512014389,-10.6459598541,-0.234258309007,97167.2851562,-8.27999973297,50.9179115295,False
8.1,0.057,0.095,-0.199,0.1372931,0.85317855,7.97280645,9.22999954224,6.14697313309,-0.819999992847,0.787062227726,-53.4120597839,9.45191192627,-10.6102495193,-0.0851869061589,97163.3361816,-8.27999973297,50.9179115295,False
8.200000000000001,0.044,0.11,-0.266,-0.04903325,0.2549729,8.0022264,10.5,6.14697313309,-1.04999995232,0.787062227726,-53.4120597839,9.45168113708,-10.5640277863,0.0848247781396,97164.1723633,-8.30999946594,66.6419067383,False
8.3,0.133,0.101,-0.335,-0.16671305,-0.10787315,9.7870367,9.96999931335,6.14697313309,-0.889999985695,0.787062227726,-53.4120597839,9.48725509644,-10.514172554,0.14591999352,97165.1000977,-8.30999946594,12.0944976807,False
8.4,0.314,0.096,-0.265,-0.2745862,1.2748645,7.1392412,9.96999931335,6.14697313309,-0.879999995232,0.787062227726,-53.4120597839,9.50016593933,-10.4507684708,0.508364439011,97166.1254883,-8.30999946594,12.0944976807,False
8.5,0.22,0.087,-0.335,-0.3334261,0.7453054,4.97197155,14.8499994278,10.5442895889,-0.740000009537,-3.04310202599,-46.1290283203,9.47134780884,-10.4381809235,0.984337985516,97168.0358887,-8.27999973297,38.5727882385,False
8.6,0.094,0.054,-0.391,-0.40207265,0.81395195,5.3348176,14.8699998856,10.5442895889,-0.519999980927,-3.04310202599,-46.1290283203,9.48341369629,-10.4112863541,1.28856658936,97164.5629883,-8.21000003815,52.9413223267,False
8.700000000000001,0.343,-0.058,-0.539,-0.2549729,0.02941995,7.58054045,16.5599994659,10.5442895889,-0.119999997318,-3.04310202599,-46.1290283203,9.59724140167,-10.2872133255,1.54381477833,97171.295166,-8.09000015259,42.4878120422,False
8.8,0.317,-0.079,-0.47,-0.28439285,-0.36284605,8.1787461,15.7299995422,10.5442895889,0.280000001192,-3.04310202599,-46.1290283203,9.72201538086,-10.1513547897,1.76823878288,97170.1721191,-7.92999982834,46.3031768799,False
8.9,0.165,-0.103,-0.351,-0.12748645,0.2353596,9.4339973,14.779999733,15.1806182861,0.610000014305,-5.10181951523,-36.513507843,9.90919589996,-9.94969844818,1.84980213642,97170.7763672,-7.75,46.967124939,False
9.0,0.208,-0.123,-0.261,-0.1176798,1.1697430786999998e-15,9.5516771,15.5799999237,15.1806182861,1.06999993324,-5.10181951523,-36.513507843,10.1360902786,-9.71469497681,1.8832616806,97175.390625,-7.55999994278,29.7144889832,False
9.1,-0.132,-0.155,-0.23,0.14709975,-0.22555295,10.93441475,14.279999733,15.1806182861,1.52999997139,-5.10181951523,-36.513507843,10.3223686218,-9.53485202789,1.82009935379,97176.2817383,-7.35999965668,18.1314468384,False
9.200000000000001,-0.107,-0.139,-0.189,0.2157463,-0.30400615,10.8461549,12.6700000763,15.1806182861,2.01999998093,-5.10181951523,-36.513507843,10.4680757523,-9.37469768524,1.78706049919,97180.0292969,-7.15999984741,9.73262786865,False
9.3,0.101,-0.135,-0.077,0.2941995,-0.36284605,10.1793027,15.6199998856,14.9646110535,3.08999991417,-3.45496153831,-30.1497383118,10.8279304504,-8.96426582336,1.66816103458,97181.451416,-6.98000001907,-1.02462768555,False
9.4,0.165,-0.147,0.008,0.38245935,-0.3138128,11.6503002,14.0399999619,14.9646110535,2.78999996185,-3.45496153831,-30.1497383118,10.8778676987,-8.91100502014,1.64824867249,97183.9599609,-6.7999997139,-20.0127601624,False
9.5,0.132,-0.168,0.099,0.2745862,-0.1765197,10.83634825,15.4899997711,14.9646110535,3.14999985695,-3.45496153831,-30.1497383118,11.2119750977,-8.47216320038,1.57589364052,97185.4064941,-6.63999986649,-30.4135322571,False
9.600000000000001,-0.227,-0.17,0.165,0.38245935,0.00980665,10.5519554,15.4899997711,14.9646110535,3.13999986649,-3.45496153831,-30.1497383118,11.4240598679,-8.2030134201,1.56776118279,97184.942627,-6.48000001907,-1.79748535156,False
9.700000000000001,-0.296,-0.197,0.164,0.9414384,0.196133,12.24850585,14.1899995804,14.9750957489,3.19999980927,0.130722239614,-31.028924942,11.5109033585,-8.10783863068,1.48474121094,97186.3952637,-6.32999992371,15.5782699585,False
9.8,-0.44,-0.218,0.166,1.79461695,0.95124505,16.75956485,12.8099994659,14.9750957489,3.57999992371,0.130722239614,-31.028924942,11.831451416,-7.82466363907,0.692690074444,97189.3005371,-6.19000005722,-2.92301177979,False
9.9,-0.42,-0.077,0.03,1.176798,0.67665885,14.32751565,11.4399995804,14.9750957489,4.03999996185,0.130722239614,-31.028924942,11.9181280136,-7.72115421295,0.368518829346,97192.3400879,-6.10999965668,-55.2061080933,False
10.0,-0.456,0.02,-0.011,0.63743225,0.7649187,12.3171524,19.9499988556,14.9750957489,4.46000003815,0.130722239614,-31.028924942,12.0148992538,-7.55702543259,-0.0266575291753,97192.6879883,-6.09999990463,-68.1282958984,False
10.100000000000001,-0.244,0.033,-0.067,0.12748645,0.28439285,10.0616229,19.5,14.9750957489,3.5,0.130722239614,-31.028924942,12.0127687454,-7.490670681,0.0134083516896,97194.8669434,-6.09999990463,-68.1282958984,False
10.200000000000001,-0.133,0.001,-0.103,-0.0980665,0.42168595,9.09076455,23.4799995422,5.57499408722,2.39999985695,1.91856348515,-31.3853263855,11.9931964874,-7.45984697342,0.0472819581628,97195.1477051,-6.1299996376,-44.2156791687,False
10.3,0.009,-0.022,-0.189,0.08825985,0.7649187,8.2964259,23.4300003052,5.57499408722,2.81999993324,1.91856348515,-31.3853263855,11.9671192169,-7.44917821884,0.103850603104,97193.1091309,-6.15999984741,-11.3437652588,False
10.4,-0.071,-0.052,-0.237,0.22555295,0.44129925,10.44408225,23.3299999237,5.57499408722,2.72000002861,1.91856348515,-31.3853263855,11.9384565353,-7.40522050858,0.106906935573,97191.8518066,-6.15999984741,-11.3437652588,False
10.5,0.009,-0.071,-0.234,0.18632635,-0.1765197,10.002783,44.75,5.57499408722,2.71000003815,1.91856348515,-31.3853263855,11.9290056229,-7.3539557457,0.0724402293563,97191.9189453,-6.15999984741,-17.978477478,False
10.600000000000001,0.343,-0.059,-0.257,0.20593965,0.2745862,9.80665,44.7399978638,5.84105873108,2.58999991417,2.09143519402,-26.2668113708,11.9452381134,-7.22681999207,0.078327730298,97192.578125,-6.15999984741,-3.89709472656,False
10.700000000000001,0.766,-0.072,-0.222,0.1372931,-0.1765197,8.93385815,44.7399978638,5.84105873108,2.49000000954,2.09143519402,-26.2668113708,11.9664201736,-7.10752868652,0.222982704639,97189.9719238,-6.15999984741,-3.89709472656,False
10.8,0.825,-0.044,-0.12,0.10787315,0.3138128,7.69822025,44.7399978638,5.84105873108,2.16999983788,2.09143519402,-26.2668113708,11.9857587814,-7.02316617966,0.357029229403,97192.0898438,-6.15000009537,35.9402656555,False
10.9,0.587,-0.075,-0.098,0.28439285,0.85317855,8.1787461,44.7399978638,19.4476680756,1.9699999094,2.32208108902,-23.1219806671,12.0677881241,-6.70429563522,0.691021800041,97193.5302734,-6.10999965668,67.2914505005,False
11.0,0.553,-0.031,-0.157,0.30400615,0.8825985,6.99214145,44.7399978638,19.4476680756,1.75999999046,2.32208108902,-23.1219806671,12.1138687134,-6.55642938614,0.938263893127,97191.6320801,-6.05999994278,92.3856735229,False
11.100000000000001,0.41,-0.034,-0.267,0.40207265,0.784532,6.3154826,44.7599983215,19.4476680756,1.50999999046,2.32208108902,-23.1219806671,12.1998615265,-6.32529449463,1.34610319138,97197.3327637,-5.96999979019,128.47795105,False
11.200000000000001,0.377,-0.025,-0.353,0.40207265,0.8433719,6.0016698,44.7700004578,19.4476680756,1.31999993324,2.32208108902,-23.1219806671,12.2576684952,-6.16481971741,1.67700648308,97196.0205078,-5.84999990463,162.010009766,False
11.3,0.459,-0.037,-0.449,0.59820565,0.4707192,6.32528925,44.7700004578,30.2336654663,1.37999999523,-0.0680657178164,-16.8337612152,12.4214019775,-5.81480503082,2.08544445038,97201.4526367,-5.67999982834,169.016937256,False
11.4,0.601,-0.146,-0.47,0.980665,0.32361945,8.1395195,44.7700004578,30.2336654663,1.84999990463,-0.0680657178164,-16.8337612152,12.4989748001,-5.66159963608,2.20228743553,97202.4291992,-5.48000001907,156.48135376,False
11.5,0.68,-0.264,-0.403,1.65732385,0.1765197,10.32640245,44.7700004578,30.2336654663,2.75999999046,-0.0680657178164,-16.8337612152,12.8469552994,-4.9230761528,2.47068786621,97208.1298828,-5.23999977112,142.017456055,False
11.600000000000001,0.281,-0.314,-0.311,1.7848103,0.0588399,10.99325465,44.7700004578,30.2336654663,3.67999982834,-0.0680657178164,-16.8337612152,13.1159191132,-4.26991796494,2.60475921631,97215.045166,-4.96999979019,129.72088623,False
11.700000000000001,0.084,-0.364,-0.196,1.9221034,0.42168595,11.22861425,44.7700004578,40.2507400513,4.52999973297,-1.1301432848,-7.89893627167,13.3957433701,-3.57550001144,2.71249222755,97220.2392578,-4.69000005722,112.47177124,False
11.8,-0.028,-0.399,-0.153,2.1378497,0.4314926,11.964113,44.7700004578,40.2507400513,5.38999986649,-1.1301432848,-7.89893627167,13.6470060349,-2.86439418793,2.75444078445,97225.0183105,-4.38999986649,83.3104095459,False
11.9,-0.213,-0.342,-0.16,1.7848103,1.12776475,9.9831697,44.75,40.2507400513,6.13999986649,-1.1301432848,-7.89893627167,13.8435783386,-2.2257463932,2.87620234489,97228.2409668,-4.08999967575,52.9007911682,False
12.0,-0.048,-0.369,-0.22,1.81423025,0.9414384,11.0030613,44.7399978638,39.2620658875,6.71999979019,1.76481807232,-1.63565683365,13.9446125031,-1.86915898323,2.94170713425,97230.2185059,-3.76999998093,34.7950935364,False
12.100000000000001,-0.042,-0.357,-0.336,1.7848103,0.6276256,11.30706745,44.719997406,39.2620658875,7.38999986649,1.76481807232,-1.63565683365,14.1022968292,-0.907184362411,2.98709249496,97234.588623,-3.42999982834,17.8588867188,False
12.200000000000001,0.297,-0.407,-0.351,1.9809433,0.85317855,13.0036179,44.7000007629,39.2620658875,8.30999946594,1.76481807232,-1.63565683365,14.19485569,0.0786600485444,2.92979431152,97236.9567871,-3.08999991417,-25.4739761353,False
12.3,0.396,-0.447,-0.323,2.1770763,0.5295591,13.7685366,44.6699981689,43.4752883911,9.3499994278,3.45878648758,9.17850208282,14.2175388336,0.988153457642,2.85978531837,97240.9301758,-2.75,-49.0619659424,False
12.4,0.345,-0.464,-0.328,2.20649625,0.6276256,13.9842829,44.6499977112,43.4752883911,10.2399997711,3.45878648758,9.17850208282,14.1935892105,1.56613957882,2.80143332481,97243.9758301,-2.41999983788,-62.8847122192,False
12.5,0.221,-0.507,-0.278,2.36340265,0.85317855,14.85707475,44.5799980164,43.4752883911,11.0199995041,3.45878648758,9.17850208282,14.0550947189,3.04019927979,2.67340326309,97244.8425293,-2.09999990463,-71.076965332,False
12.600000000000001,0.053,-0.506,-0.248,2.50069575,1.0787315,14.75900825,44.5200004578,43.4752883911,11.779999733,3.45878648758,9.17850208282,13.8338060379,4.33504343033,2.54808878899,97250.6713867,-1.78999996185,-99.5740890503,False
12.700000000000001,0.044,-0.516,-0.256,2.6281822,0.93163175,14.7492016,44.4599990845,43.4752883911,12.4299993515,3.45878648758,9.17850208282,13.6470947266,5.14652013779,2.4907283783,97253.4667969,-1.49000000954,-94.6744918823,False
12.8,0.156,-0.508,-0.267,2.61837555,0.87279185,13.73911665,44.3899993896,49.3424072266,12.9200000763,6.92094326019,24.3725986481,13.374089241,6.10780525208,2.48458504677,97258.4350586,-1.19999992847,-98.2501983643,False
12.9,0.032,-0.502,-0.308,2.5889556,1.0395049,12.87613145,44.3499984741,49.3424072266,13.1899995804,6.92094326019,24.3725986481,13.1335630417,6.86017656326,2.52864408493,97256.4453125,-0.919999957085,-76.9134521484,False
13.0,-0.01,-0.474,-0.354,2.69682875,1.36312435,13.6116302,43.8499984741,49.3424072266,13.5499992371,6.92094326019,24.3725986481,13.0045194626,7.22076892853,2.52907967567,97263.1408691,-0.629999995232,-75.8264541626,False
13.100000000000001,-0.075,-0.494,-0.423,3.12832135,0.97085835,14.15099595,43.1699981689,49.3424072266,14.0799999237,6.92094326019,24.3725986481,12.2639474869,8.96605873108,2.50070691109,97272.7233887,-0.340000003576,-68.7648773193,False
13.200000000000001,-0.139,-0.479,-0.429,2.9616083,1.3337044,14.5922952,41.2000007629,50.6699523926,14.8599996567,7.01235437393,38.4015731812,11.9600439072,9.54242706299,2.45102453232,97261.0351562,0.219999998808,-69.5423126221,False
13.3,-0.176,-0.498,-0.448,3.2950344,0.7453054,14.4746154,41.2099990845,50.6699523926,14.8599996567,7.01235437393,38.4015731812,11.2735404968,10.6995983124,2.38958239555,97279.4494629,0.219999998808,-69.5423126221,False
13.4,-0.088,-0.531,-0.44,3.4127142,0.8041453,15.85735305,39.9399986267,50.6699523926,15.4699993134,7.01235437393,38.4015731812,10.7243642807,11.4912090302,2.28591585159,97267.8466797,0.5,-91.1136627197,False
13.5,-0.209,-0.557,-0.391,3.20677455,0.95124505,15.97503285,38.1699981689,50.6699523926,15.9499998093,7.01235437393,38.4015731812,9.79702472687,12.601111412,2.12209367752,97268.4570312,0.759999990463,-114.969825745,False
13.600000000000001,-0.182,-0.547,-0.366,3.1185147,1.1571847,15.5141203,36.2099990845,50.6699523926,16.1900005341,7.01235437393,38.4015731812,9.48678970337,12.9423265457,2.05754303932,97281.3964844,1.00999999046,-124.063301086,False
13.700000000000001,-0.192,-0.545,-0.354,3.1969679,0.99047165,15.298374,33.9799995422,48.7149810791,16.5299987793,7.53789901733,56.2144775391,8.29610157013,14.0524206161,1.83847260475,97287.2314453,1.23000001907,-131.876754761,False
13.8,-0.261,-0.533,-0.342,3.30484105,0.7649187,15.3768272,31.4499988556,48.7149810791,16.8199996948,7.53789901733,56.2144775391,7.43380832672,14.7522802353,1.71005141735,97283.3190918,1.62000000477,-143.555267334,False
13.9,-0.232,-0.569,-0.339,3.42252085,0.8237586,16.30845895,28.5599994659,48.7149810791,17.109998703,7.53789901733,56.2144775391,6.04345607758,15.6267967224,1.38454079628,97268.0114746,1.62000000477,-143.555267334,False
14.0,-0.311,-0.583,-0.33,3.44213415,0.8825985,16.6909183,25.0699996948,48.7149810791,17.4499988556,7.53789901733,56.2144775391,5.20824766159,16.0502128601,1.1560986042,97271.9665527,1.79999995232,-162.480545044,False
14.100000000000001,-0.455,-0.541,-0.32,3.14793465,0.6864655,16.09271265,21.0900001526,44.6480636597,17.5299987793,10.1941051483,70.9767379761,4.21290254593,16.461856842,0.906346976757,97276.6845703,1.92999994755,-174.105072021,False
14.200000000000001,-0.515,-0.512,-0.31,3.0008349,0.7453054,15.24934075,17.0,44.6480636597,17.4799995422,10.1941051483,70.9767379761,3.27761530876,16.7623119354,0.6813185215,97279.6325684,2.01999998093,-181.222351074,False
14.3,-0.613,-0.466,-0.296,2.79489525,0.61781895,14.2588691,12.9299993515,44.6480636597,17.3400001526,10.1941051483,70.9767379761,2.38819289207,16.9581890106,0.459075599909,97279.9438477,2.05999994278,-179.299346924,False
14.4,-0.549,-0.445,-0.272,2.745862,0.75511205,14.99436785,4.50999975204,35.7483100891,16.8899993896,13.5762434006,82.306060791,1.49975776672,17.0578765869,0.141277894378,97286.5844727,2.06999993324,-160.319137573,False
14.5,-0.573,-0.401,-0.232,2.97141495,0.46091255,15.0826277,4.50999975204,35.7483100891,16.8899993896,13.5762434006,82.306060791,1.1635415554,17.0587024689,-0.0160733796656,97293.359375,2.06999993324,-160.319137573,False
14.600000000000001,-0.454,-0.345,-0.201,2.67721545,0.9414384,14.62171515,0.379999995232,35.7483100891,16.6800003052,13.5762434006,82.306060791,-0.237105324864,16.9830474854,-0.653323292732,97280.5114746,2.01999998093,-160.417358398,False
14.700000000000001,-0.401,-0.328,-0.207,2.8243152,0.7453054,14.77862155,-3.4399998188,35.7483100891,16.1999988556,13.5762434006,82.306060791,-0.931914627552,16.8460140228,-1.00470924377,97281.4575195,1.81999993324,-128.051940918,False
14.8,-0.615,-0.301,-0.168,2.55953565,0.71588545,13.87640975,-7.05999994278,35.7483100891,15.8099994659,13.5762434006,82.306060791,-1.51253461838,16.6295204163,-1.35374081135,97277.9174805,1.64999997616,-125.59223175,False
14.9,-0.744,-0.236,-0.156,2.52030905,0.91201845,13.15071765,-10.1700000763,24.4592208862,15.1899995804,18.0904865265,91.5727157593,-1.89036607742,16.4526824951,-1.58726632595,97283.7768555,1.64999997616,-125.59223175,False
15.0,-0.81,-0.191,-0.176,2.6870221,0.5295591,12.58193195,-12.6700000763,24.4592208862,14.75,18.0904865265,91.5727157593,-2.3360016346,16.1843605042,-1.90198397636,97277.0935059,1.44999992847,-113.601303101,False
15.100000000000001,-0.683,-0.068,-0.144,2.44185585,0.6864655,9.46341725,-12.6700000763,24.4592208862,14.7399997711,18.0904865265,91.5727157593,-2.3937690258,16.1414718628,-1.93905079365,97280.7922363,1.20999991894,-93.479347229,False
15.200000000000001,-0.75,-0.071,-0.12,2.65760215,0.30400615,9.60071035,-16.2099990845,24.4592208862,13.5799999237,18.0904865265,91.5727157593,-2.62284326553,15.9396047592,-2.02555346489,97280.7922363,0.949999988079,-47.1920013428,False
15.3,-0.7,-0.038,-0.094,2.8439285,0.20593965,9.97336305,-17.2999992371,9.54612636566,13.0699996948,19.6259593964,96.2335739136,-2.79893445969,15.6665897369,-2.18661928177,97270.3735352,0.680000007153,-6.97021484375,False
15.4,-0.535,-0.037,-0.104,3.08909475,0.26477955,11.05209455,-18.1299991608,9.54612636566,12.5799999237,19.6259593964,96.2335739136,-2.83885669708,15.4882183075,-2.41630125046,97255.1208496,0.409999996424,20.0036048889,False
15.5,-0.631,-0.053,-0.005,3.2950344,-0.1372931,11.8660465,-18.7199993134,9.54612636566,12.1499996185,19.6259593964,96.2335739136,-2.81956863403,15.3585605621,-2.60913681984,97255.456543,0.129999995232,31.4675331116,False
15.600000000000001,-0.668,-0.008,0.118,3.1577413,0.10787315,10.6304086,-19.0200004578,9.54612636566,11.6300001144,19.6259593964,96.2335739136,-2.75776124001,15.2450199127,-2.76932787895,97250.5004883,-0.179999992251,44.9109077454,False
15.700000000000001,-0.466,-0.007,0.129,3.03025485,0.32361945,11.34629405,-19.0100002289,-6.03912639618,10.9399995804,20.0973396301,96.601890564,-2.65500235558,15.1099290848,-2.96526670456,97254.8034668,-0.519999980927,66.4883575439,False
15.8,-0.478,0.003,0.2,3.12832135,0.10787315,10.73828175,-18.7600002289,-6.03912639618,10.1899995804,20.0973396301,96.601890564,-2.42962503433,14.9678258896,-3.16039419174,97264.5751953,-0.889999985695,70.397567749,False
15.9,-0.326,0.002,0.182,3.1577413,0.22555295,9.7281968,-18.109998703,-6.03912639618,9.65999984741,20.0973396301,96.601890564,-2.039270401,14.8215742111,-3.28037190437,97251.4282227,-1.26999998093,73.5688171387,False
16.0,-0.27,0.005,0.174,2.93218835,0.51975245,10.24794925,-17.2199993134,-6.03912639618,9.19999980927,20.0973396301,96.601890564,-1.78033077717,14.7406778336,-3.39097070694,97240.2709961,-2.02999997139,73.1779098511,False
16.1,-0.105,-0.006,0.167,3.0400615,0.6276256,12.77806495,-17.2199993134,-6.03912639618,9.19999980927,20.0973396301,96.601890564,-1.62158370018,14.6786489487,-3.50997519493,97252.2338867,-2.02999997139,73.1779098511,False
16.2,-0.252,0.148,0.107,2.3143694,0.10787315,7.36479415,-14.9099998474,-16.733789444,7.96999979019,18.5733718872,92.0659332275,-1.1571264267,14.5777654648,-3.25975799561,97249.9755859,-2.41999983788,82.5674057007,False
16.3,0.043,0.128,0.142,2.16726965,-0.02941995,6.0212831,-14.1099996567,-16.733789444,7.23000001907,18.5733718872,92.0659332275,-1.00314855576,14.5799760818,-2.98095703125,97238.6413574,-2.79999995232,123.556518555,False
16.400000000000002,0.126,0.111,0.192,2.157463,0.16671305,5.2171378,-13.4399995804,-16.733789444,6.60999965668,18.5733718872,92.0659332275,-0.782836139202,14.5929412842,-2.60965490341,97235.5529785,-3.13999986649,167.367736816,False
16.5,-0.09,0.041,0.198,2.5105024,0.392266,7.63938035,-12.4799995422,-17.8129062653,6.17999982834,15.8460512161,90.3507843018,-0.476011812687,14.5759000778,-2.41320943832,97233.215332,-3.41999983788,199.83291626,False
16.6,-0.178,0.007,0.186,2.8439285,0.3138128,9.62032365,-11.0,-17.8129062653,5.90999984741,15.8460512161,90.3507843018,-0.0156682915986,14.5314064026,-2.38669323921,97224.4018555,-3.67999982834,206.68687439,False
16.7,-0.141,0.051,0.105,2.745862,0.02941995,8.1199062,-9.22000026703,-17.8129062653,5.73000001907,15.8460512161,90.3507843018,0.327429056168,14.5122880936,-2.28725075722,97213.7145996,-3.89999985695,205.243682861,False
16.8,0.103,0.084,0.118,2.36340265,0.16671305,6.4331624,-7.51999998093,-21.1454410553,5.38000011444,14.3654432297,88.1366195679,0.535170197487,14.519203186,-2.08815288544,97217.9748535,-4.34999990463,212.320129395,False
16.900000000000002,0.232,0.056,0.101,2.4320492,0.10787315,7.8257067,-6.11999988556,-21.1454410553,4.88000011444,14.3654432297,88.1366195679,0.771650254726,14.5147619247,-1.95797741413,97225.8789062,-4.34999990463,212.320129395,False
17.0,0.397,0.032,0.153,2.4516625,-0.32361945,8.05125965,-4.61000013351,-21.1454410553,4.63999986649,14.3654432297,88.1366195679,1.09487628937,14.5179948807,-1.74169111252,97219.9951172,-4.55999994278,209.060958862,False
17.1,0.422,0.03,0.203,2.50069575,-0.1765197,8.28661925,-3.31999993324,-21.1454410553,4.34999990463,14.3654432297,88.1366195679,1.30930769444,14.5354375839,-1.5947548151,97218.1335449,-4.73999977112,231.324386597,False
17.2,0.575,0.008,0.22,2.6674088,-0.2157463,9.3555441,-2.02999997139,-21.1454410553,4.15000009537,14.3654432297,88.1366195679,1.48111331463,14.532828331,-1.540979743,97209.387207,-4.90000009537,241.437347412,False
17.3,0.759,0.013,0.242,2.65760215,-0.08825985,9.1201845,-0.769999980927,-12.1065711975,4.0,12.2194423676,84.2230529785,1.68245744705,14.5236310959,-1.49194037914,97211.0656738,-5.0499997139,234.620574951,False
17.400000000000002,0.701,0.009,0.212,2.67721545,-0.00980665,9.218251,0.329999983311,-12.1065711975,3.92999982834,12.2194423676,84.2230529785,1.7338603735,14.5350799561,-1.47213840485,97203.7719727,-5.19000005722,220.269012451,False
17.5,0.349,0.076,0.268,2.30456275,0.10787315,8.5121722,1.22000002861,-12.1065711975,3.73000001907,12.2194423676,84.2230529785,1.82683777809,14.5192565918,-1.39727282524,97205.4870605,-5.32999992371,231.185821533,False
17.6,0.194,0.047,0.242,2.34378935,0.0196133,8.69849855,1.9699999094,-2.82410097122,3.53999996185,10.5478811264,78.9316711426,1.96252834797,14.5046358109,-1.26870441437,97203.5461426,-5.46999979019,218.174163818,False
17.7,0.069,0.002,0.25,2.55953565,-0.0392266,9.7085835,2.59999990463,-2.82410097122,3.57999992371,10.5478811264,78.9316711426,2.03143382072,14.4956073761,-1.30656158924,97203.302002,-5.59999990463,211.518005371,False
17.8,0.108,0.032,0.224,2.1966896,0.67665885,9.9635564,3.25999999046,-2.82410097122,3.73000001907,10.5478811264,78.9316711426,2.12357282639,14.4552459717,-1.32561576366,97187.5854492,-5.71999979019,178.33833313,False
17.900000000000002,-0.18,0.051,0.173,2.28494945,0.4118793,8.91424485,4.15000009537,-2.82410097122,3.65999984741,10.5478811264,78.9316711426,2.23130583763,14.4391403198,-1.26525223255,97200.8422852,-5.85999965668,169.279571533,False
18.0,-0.131,0.084,0.08,2.157463,0.83356525,8.8063717,5.07999992371,-3.87300872803,3.66999983788,9.56986808777,75.0350418091,2.37600564957,14.410528183,-1.18781030178,97186.2854004,-5.98999977112,182.085418701,False
18.1,0.124,0.14,-0.019,1.96133,0.83356525,7.5903471,6.11999988556,-3.87300872803,3.62999987602,9.56986808777,75.0350418091,2.52292466164,14.4071798325,-0.96383523941,97194.4274902,-6.1299996376,184.352401733,False
18.2,0.241,0.136,-0.092,1.85345685,0.8041453,7.3157609,7.10999965668,-3.87300872803,3.5,9.56986808777,75.0350418091,2.59817433357,14.4183292389,-0.796923935413,97190.6921387,-6.25,207.17791748,False
18.3,0.274,0.113,-0.112,2.08881645,0.32361945,7.1588545,8.01000022888,-3.87300872803,3.30999994278,9.56986808777,75.0350418091,2.66843390465,14.4631195068,-0.510701179504,97187.6403809,-6.34999990463,225.518798828,False
18.400000000000002,0.435,0.133,-0.156,1.85345685,0.4118793,6.48219565,8.64999961853,1.71696829796,3.29999995232,6.35924482346,76.9545135498,2.6876411438,14.5203142166,-0.214927062392,97182.8674316,-6.42999982834,218.663406372,False
18.5,0.334,0.078,-0.122,1.85345685,0.3530394,7.48247395,9.0999994278,1.71696829796,3.23000001907,6.35924482346,76.9545135498,2.69223403931,14.5620441437,-0.048232190311,97188.2507324,-6.46999979019,237.827774048,False
18.6,0.233,0.045,-0.101,2.0201699,-0.02941995,7.7668668,9.46999931335,1.71696829796,3.1099998951,6.35924482346,76.9545135498,2.64582061768,14.6449489594,0.160339444876,97189.4226074,-6.48999977112,251.274108887,False
18.7,0.262,0.059,-0.081,2.0593965,-0.02941995,6.97252815,9.60999965668,1.71696829796,3.0,6.35924482346,76.9545135498,2.56918740273,14.7459421158,0.405185043812,97185.1257324,-6.48999977112,260.82409668,False
18.8,0.261,0.069,-0.038,2.0986231,-0.00980665,7.01175475,9.57999992371,1.71696829796,3.04999995232,6.35924482346,76.9545135498,2.51921606064,14.8280687332,0.60280919075,97179.9926758,-6.46000003815,262.239349365,False
18.900000000000002,0.137,0.039,0.008,2.02997655,0.1765197,7.60015375,9.39999961853,8.1307516098,3.19999980927,4.6374502182,78.7895812988,2.39455676079,14.9682312012,0.83975481987,97187.9455566,-6.39999961853,261.371795654,False
19.0,0.125,0.041,0.04,2.1966896,0.5295591,7.4334407,9.32999992371,8.1307516098,3.31999993324,4.6374502182,78.7895812988,2.34725952148,15.0777339935,1.01486778259,97188.104248,-6.32999992371,250.45022583,False
19.1,-0.025,-0.005,0.011,2.46146915,0.1569064,7.8060934,9.26999950409,8.1307516098,3.77999997139,4.6374502182,78.7895812988,2.24197721481,15.2525634766,1.18752717972,97192.2607422,-6.23000001907,240.449234009,False
19.200000000000003,0.021,-0.032,-0.037,2.53992235,0.392266,9.65955025,9.0999994278,8.1307516098,4.17999982834,4.6374502182,78.7895812988,2.13657784462,15.4122076035,1.20070004463,97175.7629395,-6.11999988556,226.572998047,False
19.3,-0.067,0.008,-0.014,2.3928226,0.784532,9.4928372,8.82999992371,8.1307516098,4.51999998093,4.6374502182,78.7895812988,2.06707382202,15.5330114365,1.22895145416,97191.784668,-6.0,211.587997437,False
19.400000000000002,-0.149,0.013,-0.05,2.42224255,0.81395195,9.0613446,8.76999950409,9.32391738892,4.84999990463,4.14430427551,78.7093200684,2.00630426407,15.6998634338,1.26030349731,97202.6367188,-5.8799996376,192.506988525,False
19.5,-0.124,-0.017,-0.087,2.59876225,0.6864655,10.2185293,8.69999980927,9.32391738892,5.23000001907,4.14430427551,78.7093200684,1.92516231537,15.8819036484,1.13944864273,97206.5612793,-5.75999975204,184.235855103,False
19.6,-0.115,-0.053,-0.083,2.67721545,0.69627215,11.0422879,8.60999965668,9.32391738892,5.73000001907,4.14430427551,78.7093200684,1.87477695942,15.9980611801,1.00271344185,97203.6804199,-5.65000009537,157.486434937,False
19.700000000000003,-0.153,-0.079,-0.106,2.83412185,0.3530394,11.9052731,8.5,6.51174545288,6.25,4.45009708405,80.4825515747,1.78434932232,16.1739807129,0.704038619995,97198.2116699,-5.53999996185,115.917015076,False
19.8,-0.101,-0.09,-0.081,2.75566865,0.71588545,12.8074849,8.3499994278,6.51174545288,6.81999969482,4.45009708405,80.4825515747,1.74383342266,16.2669448853,0.406063765287,97185.5285645,-5.44999980927,85.7535400391,False
19.900000000000002,0.073,-0.079,-0.094,2.48108245,0.53936575,12.81729155,8.30000019073,6.51174545288,7.09999990463,4.45009708405,80.4825515747,1.66134643555,16.3687477112,0.0676734447479,97200.177002,-5.38999986649,60.5766296387,False
20.0,-0.005,-0.074,-0.083,2.2163029,0.55897905,12.356379,8.02999973297,6.51174545288,7.14999961853,4.45009708405,80.4825515747,1.56899392605,16.4455432892,-0.241607159376,97196.7468262,-5.38999986649,57.5686454773,False
20.1,0.008,-0.079,-0.058,2.0593965,0.57859235,12.26811915,7.67999982834,6.55429363251,7.11999988556,5.80008983612,82.606086731,1.45312094688,16.5032463074,-0.481582015753,97198.5778809,-5.42999982834,46.8297958374,False
20.200000000000003,-0.074,-0.03,0.001,1.8240369,0.6276256,10.4146623,7.34999990463,6.55429363251,6.90999984741,5.80008983612,82.606086731,1.37118887901,16.5411605835,-0.585030257702,97194.0551758,-5.48999977112,48.8874435425,False
20.3,-0.016,-0.044,-0.041,1.7455837,0.18632635,10.03220295,7.19000005722,6.55429363251,6.61999988556,5.80008983612,82.606086731,1.3084744215,16.5622901917,-0.641081154346,97191.1315918,-5.57999992371,55.7162284851,False
20.400000000000002,-0.028,-0.095,-0.027,1.71616375,0.4707192,11.44436055,6.98000001907,6.04035758972,6.42000007629,6.33354949951,83.0514221191,1.26073050499,16.5780525208,-0.747246980667,97193.3288574,-5.67000007629,58.9162826538,False
20.5,-0.223,-0.032,-0.025,1.5494507,0.7060788,10.9442214,6.69999980927,6.04035758972,6.1299996376,6.33354949951,83.0514221191,1.17950463295,16.5695114136,-0.961865305901,97187.0605469,-5.76999998093,63.7309074402,False
20.6,-0.165,-0.053,-0.054,1.61809725,0.16671305,11.07170785,6.61999988556,6.04035758972,5.86999988556,6.33354949951,83.0514221191,1.11028146744,16.5614833832,-1.11322629452,97188.4277344,-5.88999986649,54.4586181641,False
20.700000000000003,-0.16,-0.03,-0.069,1.4513842,0.3726527,10.787315,6.39999961853,6.04035758972,5.57999992371,6.33354949951,83.0514221191,1.10997509956,16.5489788055,-1.14531993866,97184.2224121,-6.02999973297,49.5002746582,False
20.8,-0.009,-0.05,-0.014,1.6082906,0.1372931,10.83634825,6.35999965668,6.04035758972,5.38000011444,6.33354949951,83.0514221191,1.06045973301,16.5425033569,-1.26731967926,97185.0708008,-6.17999982834,38.781452179,False
20.900000000000002,0.022,-0.052,0.025,1.5298374,0.18632635,10.46369555,6.17999982834,2.53712153435,5.09999990463,7.35913181305,84.2999191284,0.996781349182,16.4781188965,-1.46822452545,97186.8591309,-6.34999990463,39.234828949,False
21.0,0.042,-0.062,0.003,1.42196425,0.0980665,11.67972015,6.17000007629,2.53712153435,4.77999973297,7.35913181305,84.2999191284,0.979645431042,16.4688453674,-1.51722764969,97182.6904297,-6.52999973297,39.5414352417,False
21.1,-0.013,-0.009,0.03,1.42196425,0.0196133,9.65955025,5.94000005722,2.7357313633,4.40999984741,7.99167823792,84.1663742065,0.873626351357,16.3969669342,-1.60196197033,97179.8583984,-6.71999979019,46.6028213501,False
21.200000000000003,-0.009,-0.007,0.092,1.4121576,0.20593965,9.60071035,5.71999979019,2.7357313633,3.98000001907,7.99167823792,84.1663742065,0.844111442566,16.345746994,-1.64750814438,97178.1677246,-6.92000007629,72.7001190186,False
21.3,-0.058,-0.015,0.115,1.30428445,0.46091255,10.48330885,5.65000009537,2.7357313633,3.53999996185,7.99167823792,84.1663742065,0.829822421074,16.2937278748,-1.78895878792,97175.6408691,-7.11999988556,80.6369781494,False
21.400000000000002,-0.05,-0.013,0.071,1.63771055,0.34323275,11.1011278,5.67000007629,2.16897463799,3.15999984741,8.14400863647,82.6570739746,0.827028632164,16.2698917389,-1.89069104195,97177.4108887,-7.31999969482,76.6721725464,False
21.5,-0.014,0.016,0.044,1.5494507,0.46091255,10.93441475,5.67000007629,2.16897463799,2.81999993324,8.14400863647,82.6570739746,0.821516990662,16.1976852417,-2.0936486721,97174.0112305,-7.53999996185,76.8793106079,False
21.6,0.104,0.071,0.038,1.1571847,0.73549875,9.2967042,5.76999998093,2.16897463799,2.34999990463,8.14400863647,82.6570739746,0.838123679161,16.1557636261,-2.03900384903,97171.685791,-7.77999973297,78.4097671509,False
21.700000000000003,0.11,0.108,-0.082,1.1179581,0.6668522,7.85512665,5.98000001907,2.16897463799,1.81999993324,8.14400863647,82.6570739746,0.841507554054,16.1291065216,-1.85509037971,97163.3666992,-8.01000022888,93.7154769897,False
21.8,0.083,0.1,-0.13,0.9022118,0.61781895,9.11037785,5.98000001907,2.16897463799,1.81999993324,8.14400863647,82.6570739746,0.841507554054,16.1291065216,-1.85509037971,97164.1357422,-8.01000022888,93.7154769897,False
21.900000000000002,0.099,0.134,-0.151,0.9022118,0.32361945,7.7276402,6.11999988556,2.16897463799,0.969999969006,8.14400863647,82.6570739746,0.796362578869,16.0977020264,-1.69218611717,97162.6831055,-8.43999958038,115.430450439,False
22.0,0.257,0.066,-0.162,1.01008495,0.1176798,8.6102387,5.98000001907,4.53886461258,0.610000014305,5.48279285431,83.9810180664,0.697621047497,16.0815258026,-1.55260658264,97158.9355469,-8.63999938965,121.262168884,False
22.1,0.177,0.049,-0.089,0.97085835,0.38245935,9.42419065,5.65000009537,4.53886461258,0.370000004768,5.48279285431,83.9810180664,0.638395607471,16.0909938812,-1.54796695709,97159.2102051,-8.81999969482,123.028564453,False
22.200000000000003,0.07,0.019,-0.064,1.06892485,0.2745862,9.9635564,5.23999977112,4.53886461258,0.199999988079,5.48279285431,83.9810180664,0.565940618515,16.088394165,-1.56899869442,97160.4431152,-8.98999977112,115.312194824,False
22.3,0.02,0.061,-0.07,0.89240515,0.32361945,8.7475318,4.83999967575,4.53886461258,-0.149999991059,5.48279285431,83.9810180664,0.474594265223,16.0832061768,-1.50908207893,97156.4208984,-9.17000007629,132.364181519,False
22.400000000000002,-0.015,0.023,-0.081,0.83356525,0.2745862,9.28689755,4.34999990463,7.61415481567,-0.479999989271,3.94412136078,85.9495391846,0.381863564253,16.092634201,-1.48480820656,97155.2001953,-9.32999992371,133.484558105,False
22.5,-0.112,0.025,-0.071,0.95124505,0.06864655,8.9632781,3.84999990463,7.61415481567,-0.989999949932,3.94412136078,85.9495391846,0.19582426548,16.0840435028,-1.36346375942,97152.5268555,-9.48999977112,163.078018188,False
22.6,0.009,-0.012,-0.043,0.83356525,0.34323275,11.0030613,3.27999997139,7.61415481567,-1.40999996662,3.94412136078,85.9495391846,0.0858645439148,16.084859848,-1.40497839451,97147.4182129,-9.63999938965,170.346252441,False
22.700000000000003,-0.043,0.003,-0.05,0.99047165,1.2177818088299999e-15,9.9439431,2.67999982834,7.09811162949,-1.88999998569,3.17033433914,87.2229537964,0.00805458240211,16.0872612,-1.36500513554,97146.2036133,-9.78999996185,185.392288208,False
22.8,-0.139,0.047,-5.7558399559900005e-18,1.01008495,0.04903325,8.4925589,2.09999990463,7.09811162949,-2.56999993324,3.17033433914,87.2229537964,-0.0310740228742,16.0905380249,-1.33468055725,97146.9604492,-9.94999980927,223.916244507,False
22.900000000000002,-0.178,0.082,-0.006,0.93163175,0.3530394,8.5710121,1.68999993801,7.09811162949,-3.40999984741,3.17033433914,87.2229537964,-0.0989071428776,16.111158371,-1.25017464161,97147.0703125,-10.0999994278,268.563079834,False
23.0,-0.197,0.082,-0.012,1.04931155,0.26477955,8.4925589,1.4699999094,7.09811162949,-4.38000011444,3.17033433914,87.2229537964,-0.140547290444,16.1538677216,-1.04403173923,97145.3308105,-10.3599996567,348.883148193,False
23.1,-0.345,0.101,-0.052,1.04931155,0.61781895,8.7083052,1.4699999094,7.09811162949,-4.38000011444,3.17033433914,87.2229537964,-0.13245908916,16.1714305878,-0.972868680954,97145.9899902,-10.3599996567,348.883148193,False
23.200000000000003,-0.36,0.151,-0.096,1.2748645,0.2353596,7.6295737,1.36000001431,1.94168579578,-6.3799996376,1.17894029617,87.3393096924,-0.113988801837,16.2254371643,-0.84470140934,97143.6096191,-10.4699993134,390.439117432,False
23.3,-0.063,0.147,-0.098,1.2356379,-0.0392266,7.6884136,1.36000001431,1.94168579578,-7.55999994278,1.17894029617,87.3393096924,-0.133958846331,16.391544342,-0.447181373835,97145.7336426,-10.5500001907,443.59463501,False
23.400000000000002,0.04,0.178,-0.027,1.53964405,-0.00980665,6.95291485,1.23000001907,1.94168579578,-8.8499994278,1.17894029617,87.3393096924,-0.134814992547,16.4898777008,-0.232096537948,97143.5668945,-10.6199998856,497.585876465,False
23.5,0.088,0.176,0.029,1.5886773,0.12748645,6.99214145,1.16999995708,0.505656063557,-10.3299999237,1.17894029617,87.3393096924,-0.125177353621,16.5951709747,-0.0260476414114,97146.2219238,-10.6499996185,568.450195312,False
23.6,0.066,0.16,0.023,1.77500365,-0.08825985,6.91368825,1.15999996662,0.505656063557,-11.9299993515,-2.76444172859,88.5634460449,-0.144917204976,16.7275733948,0.214117750525,97150.0549316,-10.6499996185,618.241577148,False
23.700000000000003,0.063,0.202,0.089,1.93191005,0.392266,7.05098135,1.12999999523,0.505656063557,-13.7299995422,-2.76444172859,88.5634460449,-0.106888070703,17.0382232666,0.688628017902,97149.6704102,-10.6199998856,680.88684082,False
23.8,-0.023,0.243,0.034,2.2947561,0.392266,6.7862018,1.24000000954,1.19715499878,-15.3800001144,-5.93617296219,87.6614074707,-0.0725889280438,17.2877826691,1.04961967468,97164.453125,-10.5599994659,721.038513184,False
23.900000000000002,-0.009,0.28,0.034,2.6281822,0.7453054,7.73744685,1.39999997616,1.19715499878,-16.1800003052,-5.93617296219,87.6614074707,-0.0235395859927,17.5422859192,1.22010350227,97160.9985352,-10.4600000381,722.384277344,False
24.0,0.014,0.296,-0.005,2.6870221,0.73549875,7.649187,1.74000000954,1.19715499878,-16.1499996185,-5.93617296219,87.6614074707,0.0242805071175,17.7298145294,1.33643174171,97165.2526855,-10.3199996948,695.486755371,False
24.1,0.033,0.311,-0.056,2.7066354,0.6080123,6.14876955,2.12999987602,1.20087766647,-15.7899999619,-10.5347833633,87.6534576416,0.141942232847,18.2580471039,2.10944581032,97165.8081055,-10.1399993896,690.79284668,False
24.200000000000003,0.07,0.255,-0.118,3.04986815,0.63743225,4.0011132,2.48000001907,1.20087766647,-14.8399991989,-10.5347833633,87.6534576416,0.187014773488,18.516336441,2.54594612122,97170.8435059,-9.92000007629,682.183166504,False
24.3,0.032,0.178,-0.188,2.95180165,-0.6864655,4.91313165,2.69000005722,1.20087766647,-13.9600000381,-10.5347833633,87.6534576416,0.174718588591,18.7436656952,2.8528585434,97173.3642578,-9.63999938965,706.700134277,False
24.400000000000002,0.142,-0.035,-0.049,3.0204482,-0.55897905,7.12943455,2.54999995232,1.20087766647,-12.7399997711,-10.5347833633,87.6534576416,0.0972520038486,19.3053588867,3.52612829208,97181.2194824,-9.30999946594,682.904052734,False
24.5,0.153,-0.123,0.017,3.03025485,-0.3334261,9.3947707,2.26999998093,2.45447182655,-10.9799995422,-13.4848651886,90.5481872559,0.0403139442205,19.790977478,3.70059275627,97186.1755371,-8.89999961853,626.207824707,False
24.6,0.022,-0.172,0.078,3.1185147,-0.3530394,10.95402805,2.02999997139,2.45447182655,-8.78999996185,-13.4848651886,90.5481872559,-0.0319804288447,20.3229045868,3.67872714996,97193.8415527,-8.47999954224,549.949523926,False
24.700000000000003,-0.039,-0.206,0.118,2.6477955,0.36284605,12.4936721,1.79999995232,2.45447182655,-6.26999998093,-13.4848651886,90.5481872559,-0.048268314451,20.813747406,3.56501507759,97202.2216797,-8.03999996185,440.285766602,False
24.8,-0.051,-0.222,0.089,2.67721545,1.176798,13.8273765,1.76999998093,2.45447182655,-3.66999983788,-13.4848651886,90.5481872559,-0.0292678643018,21.0094852448,3.47383570671,97199.005127,-7.60999965668,323.723876953,False
24.900000000000002,-0.147,-0.267,-0.082,2.59876225,0.4511059,14.4746154,2.15999984741,2.45447182655,-1.13999998569,-13.4848651886,90.5481872559,0.0572035387158,21.7579421997,2.78603553772,97212.512207,-7.21999979019,228.363327026,False
25.0,0.108,-0.308,-0.115,2.0986231,0.1176798,16.26923235,2.41999983788,0.836255848408,0.949999988079,-8.54516124725,89.8160400391,0.0934392511845,22.1129417419,2.17888569832,97210.2172852,-6.86999988556,114.166351318,False
25.1,0.074,-0.371,-0.085,1.7063571,2.1028954114999996e-15,17.17144415,2.56999993324,0.836255848408,2.56999993324,-8.54516124725,89.8160400391,0.0919663831592,22.4048671722,1.41939067841,97208.5693359,-6.58999967575,13.0723953247,False
25.200000000000003,0.144,-0.377,-0.069,1.0198916,-0.0196133,17.07337765,2.64999985695,0.836255848408,3.9399998188,-8.54516124725,89.8160400391,0.0842308700085,22.5529212952,0.629937589169,97217.2302246,-6.3799996376,-84.9998474121,False
25.3,0.118,-0.379,-0.04,0.392266,0.0392266,15.91619295,2.67999982834,2.25926041603,4.86999988556,-1.39613223076,91.7634506226,0.0607998669147,22.579000473,0.112386241555,97202.520752,-6.25999975204,-146.058273315,False
25.400000000000002,0.047,-0.339,-0.057,-0.1176798,0.04903325,15.99464615,2.53999996185,2.25926041603,5.60999965668,-1.39613223076,91.7634506226,0.00368733610958,22.5274620056,-0.526333093643,97202.0202637,-6.19999980927,-199.186706543,False
25.5,0.0,-0.281,-0.006,-0.2157463,-0.46091255,15.26895405,2.33999991417,2.25926041603,6.06999969482,-1.39613223076,91.7634506226,-0.0664232596755,22.437833786,-1.03938007355,97199.8718262,-6.19999980927,-227.391998291,False
25.6,0.038,-0.261,0.03,-0.48052585,-0.3726527,14.906108,1.77999997139,2.25926041603,6.35999965668,-1.39613223076,91.7634506226,-0.123319193721,22.3456611633,-1.37057864666,97199.21875,-6.44000005722,-260.527038574,False
25.700000000000003,0.074,-0.233,0.105,-0.7453054,0.1176798,13.9450563,1.38999998569,3.54351186752,6.33999967575,5.3890414238,92.0918655396,-0.237460508943,22.0077362061,-2.10936760902,97191.8884277,-6.44000005722,-260.527038574,False
25.8,-0.039,-0.258,0.101,-0.9414384,0.3530394,14.87668805,1.07999992371,3.54351186752,6.17999982834,5.3890414238,92.0918655396,-0.260368525982,21.7403869629,-2.51554274559,97187.0117188,-6.63999986649,-268.905822754,False
25.900000000000002,-0.133,-0.182,0.036,-0.9218251,0.196133,13.7096967,0.899999976158,3.54351186752,5.85999965668,5.3890414238,92.0918655396,-0.271770983934,21.6257953644,-2.68092107773,97184.8754883,-6.89999961853,-279.761505127,False
26.0,-0.279,-0.133,-0.017,-0.85317855,0.48052585,14.3961622,0.849999964237,3.54351186752,5.55999994278,5.3890414238,92.0918655396,-0.249992221594,21.1353778839,-3.31707143784,97179.8950195,-7.19999980927,-278.456298828,False
26.1,-0.254,-0.078,-0.084,-1.0002783,0.40207265,12.4544455,0.969999969006,3.54351186752,5.08999967575,5.3890414238,92.0918655396,-0.210012093186,20.8854408264,-3.5422399044,97173.9929199,-7.5499997139,-270.623779297,False
26.200000000000003,-0.247,-0.057,-0.095,-1.0198916,0.3334261,12.1406327,1.20999991894,-1.6198502779,4.46999979019,9.22549343109,92.3298721313,-0.158140823245,20.6466426849,-3.69343781471,97166.1865234,-7.92999982834,-244.378845215,False
26.3,-0.013,-0.016,-0.127,-1.14737805,-0.20593965,9.95374975,1.55999994278,-1.6198502779,3.67999982834,9.22549343109,92.3298721313,-0.0802073702216,20.1864967346,-3.77471017838,97164.4226074,-8.34000015259,-212.887390137,False
26.400000000000002,0.235,-0.027,-0.093,-1.176798,-0.0392266,9.3555441,1.73000001907,-1.6198502779,2.72000002861,9.22549343109,92.3298721313,-0.0640152320266,19.9710178375,-3.68823313713,97160.8825684,-9.17000007629,-125.9973526,False
26.5,0.258,-0.007,-0.031,-1.04931155,-0.4511059,8.63965865,1.77999997139,-1.6198502779,1.63999998569,9.22549343109,92.3298721313,-0.0808406844735,19.7114334106,-3.57270312309,97155.456543,-9.17000007629,-125.9973526,False
26.6,0.289,-0.008,0.023,-0.89240515,-0.44129925,10.38524235,1.65999996662,1.41730797291,0.52999997139,9.44123363495,93.8904495239,-0.127487808466,19.430519104,-3.58491301537,97147.7172852,-9.55999946594,-86.1026763916,False
26.700000000000003,0.187,0.032,0.09,-0.8825985,-0.4903325,10.1204628,1.38999998569,1.41730797291,-0.560000002384,9.44123363495,93.8904495239,-0.173664152622,19.2647266388,-3.60764813423,97145.5627441,-9.94999980927,-63.4859085083,False
26.8,0.125,0.065,0.132,-0.7649187,0.196133,9.6497436,0.979999959469,1.41730797291,-1.62000000477,9.44123363495,93.8904495239,-0.240367606282,18.9099254608,-3.53713440895,97139.0625,-10.3400001526,-47.3621368408,False
26.900000000000002,-0.085,0.057,0.1,-0.71588545,0.57859235,10.52253545,0.709999978542,1.41730797291,-2.54999995232,9.44123363495,93.8904495239,-0.265341639519,18.7257499695,-3.51445698738,97138.8244629,-10.7199993134,-35.1818084717,False
27.0,-0.086,0.106,0.021,-0.53936575,0.6080123,8.1199062,0.550000011921,1.41730797291,-3.40999984741,9.44123363495,93.8904495239,-0.268459796906,18.4988250732,-3.30655860901,97130.5358887,-11.1099996567,-13.0815505981,False
27.1,0.017,0.094,-0.047,-0.51975245,0.3334261,9.1005712,0.479999989271,2.68130850792,-4.42999982834,7.40979385376,91.5880126953,-0.289453268051,18.2901058197,-3.17509794235,97125.6774902,-11.4699993134,32.6160430908,False
27.200000000000003,0.017,0.149,-0.082,-0.57859235,0.2353596,7.89435325,0.289999991655,2.68130850792,-5.31999969482,7.40979385376,91.5880126953,-0.321037352085,18.1778144836,-2.97146058083,97126.4953613,-11.8099994659,51.0056495667,False
27.3,-0.032,0.142,-0.059,-0.4118793,0.04903325,7.8649333,0.0399999991059,2.68130850792,-6.32999992371,7.40979385376,91.5880126953,-0.360398113728,18.0130825043,-2.77099919319,97123.840332,-12.1399993896,94.4481811523,False
27.400000000000002,0.295,0.158,-0.042,-0.4707192,0.18632635,6.58026215,-0.219999998808,2.68130850792,-7.35999965668,7.40979385376,91.5880126953,-0.402458399534,17.9354686737,-2.51589894295,97116.2719727,-12.4499998093,124.835395813,False
27.5,0.141,0.179,-0.043,-0.46091255,0.2745862,5.4721107,-0.550000011921,2.68130850792,-8.47999954224,7.40979385376,91.5880126953,-0.441354542971,17.8532295227,-2.05671668053,97111.9506836,-12.7199993134,175.08039856,False
27.6,-0.001,0.175,-0.057,-0.42168595,0.28439285,6.30567595,-0.839999973774,4.61817216873,-9.71999931335,3.03269839287,92.9027709961,-0.454855561256,17.8201313019,-1.91169548035,97107.3547363,-12.9600000381,228.896713257,False
27.700000000000003,-0.292,0.206,-0.047,-0.3726527,0.4707192,7.52170055,-1.17999994755,4.61817216873,-10.8999996185,3.03269839287,92.9027709961,-0.491116702557,17.6977367401,-1.64519166946,97107.5439453,-13.1599998474,262.108795166,False
27.8,-0.644,0.222,-0.059,-0.1372931,0.32361945,10.6500219,-1.30999994278,4.61817216873,-11.7899999619,3.03269839287,92.9027709961,-0.462153822184,17.6714897156,-1.65085291862,97105.078125,-13.3299999237,251.063919067,False
27.900000000000002,-0.471,0.269,-0.112,-0.06864655,0.00980665,7.34518085,-1.27999997139,4.61817216873,-12.4600000381,3.03269839287,92.9027709961,-0.416317105293,17.6615848541,-1.2861572504,97101.0620117,-13.5099992752,270.351501465,False
28.0,-0.281,0.289,-0.111,-0.14709975,-0.2549729,2.7066354,-1.12999999523,4.61817216873,-13.279999733,3.03269839287,92.9027709961,-0.407108157873,17.6552772522,-0.859495162964,97101.3122559,-13.6599998474,306.18649292,False
28.1,-0.072,0.205,-0.098,-0.10787315,-0.30400615,3.2165812,-1.24000000954,-5.85537004471,-14.4399995804,-3.71128582954,95.2699584961,-0.428995072842,17.6678695679,-0.171847879887,97102.4108887,-13.7899999619,380.832946777,False
28.200000000000003,0.131,0.195,-0.08,-0.10787315,-0.5295591,2.6085689,-1.35000002384,-5.85537004471,-15.7699995041,-3.71128582954,95.2699584961,-0.442148506641,17.6705780029,0.0950592309237,97098.828125,-13.8499994278,454.910186768,False
28.3,0.243,0.105,-0.027,0.196133,-1.08853815,5.6290171,-1.66999995708,-5.85537004471,-17.3099994659,-3.71128582954,95.2699584961,-0.509253501892,17.7165241241,0.829732179642,97100.958252,-13.8299999237,509.891235352,False
28.400000000000002,0.666,0.174,0.124,0.40207265,-0.8433719,7.3157609,-2.05999994278,-5.85537004471,-18.7199993134,-3.71128582954,95.2699584961,-0.537159979343,17.7387084961,0.958926320076,97099.5849609,-13.7699995041,528.247070312,False
28.5,0.666,0.174,0.124,0.40207265,-0.8433719,7.3157609,-2.56999993324,-1.41523456573,-19.8299999237,-7.73905086517,96.2154006958,-0.666823089123,17.9128265381,1.37849330902,97099.5849609,-13.6700000763,555.853088379,False
28.6,-0.16,0.261,0.34,0.59820565,-0.20593965,4.9425516,-3.00999999046,-1.41523456573,-20.75,-7.73905086517,96.2154006958,-0.697065472603,17.9825935364,1.67666578293,97107.0983887,-13.5499992371,584.189025879,False
28.700000000000003,-0.392,0.248,0.307,0.85317855,0.1765197,3.83440015,-3.26999998093,-1.41523456573,-21.5699996948,-7.73905086517,96.2154006958,-0.685045599937,18.162853241,2.56093096733,97109.1918945,-13.3800001144,631.187316895,False
28.8,-0.103,0.299,0.152,1.01008495,0.4314926,3.8442068,-3.25,-1.41523456573,-22.0599994659,-7.73905086517,96.2154006958,-0.639732122421,18.2769813538,3.09905195236,97114.0319824,-13.1599998474,645.961547852,False
28.900000000000002,-0.271,0.316,0.071,0.91201845,0.6472389,3.99130655,-3.02999997139,-3.06173372269,-21.6999988556,-13.9396295547,90.0926589966,-0.54887264967,18.4884719849,3.86343383789,97110.4187012,-12.8599996567,634.721374512,False
29.0,-0.124,0.323,-0.046,1.14737805,0.4511059,1.52003075,-2.71000003815,-3.06173372269,-21.2199993134,-13.9396295547,90.0926589966,-0.497283726931,18.6288642883,4.68246173859,97132.0373535,-12.5,648.727966309,False
29.1,0.033,0.192,-0.138,1.12776475,-0.34323275,2.4124359,-2.59999990463,-3.06173372269,-19.7799987793,-13.9396295547,90.0926589966,-0.537843883038,18.7918052673,5.56257200241,97139.0075684,-12.0599994659,625.826904297,False
29.200000000000003,-0.036,0.108,-0.061,1.8044236,-0.7256921,-0.7256921,-3.0,-3.06173372269,-17.4599990845,-13.9396295547,90.0926589966,-0.579285204411,18.8187866211,6.03908395767,97142.980957,-11.529999733,590.475952148,False
29.3,0.395,-0.043,0.003,1.67693715,-0.5491724,2.745862,-3.50999999046,-5.94895553589,-14.3699998856,-19.4272727966,91.6276321411,-0.694244742393,19.153591156,7.62303209305,97149.4018555,-10.8800001144,542.997253418,False
29.400000000000002,0.199,-0.14,0.027,1.67693715,-0.4314926,5.91340995,-3.8599998951,-5.94895553589,-11.0599994659,-19.4272727966,91.6276321411,-0.707511365414,19.4355869293,7.92663192749,97157.6477051,-10.1300001144,448.508361816,False
29.5,0.103,-0.252,0.094,1.57887065,-0.0784532,11.0619012,-3.98000001907,-5.94895553589,-7.73999977112,-19.4272727966,91.6276321411,-0.654081642628,19.908821106,7.76148843765,97172.2717285,-9.30999946594,343.909942627,False
29.6,0.059,-0.329,0.117,1.36312435,0.75511205,16.3967188,-3.8599998951,-5.94895553589,-4.67999982834,-19.4272727966,91.6276321411,-0.523560702801,20.5091266632,7.0798163414,97176.739502,-8.48999977112,197.532470703,False
29.700000000000003,0.342,-0.451,-0.026,2.1378497,0.36284605,27.2036471,-3.14999985695,-1.94360220432,-1.95999991894,-15.3274326324,90.3776245117,-0.427586942911,21.3672389984,5.34864902496,97194.4274902,-7.73000001907,-35.1737976074,False
29.8,0.007,-0.433,0.006,1.0787315,-0.69627215,22.97698095,-3.14999985695,-1.94360220432,-1.95999991894,-15.3274326324,90.3776245117,-0.427586942911,21.3672389984,5.34864902496,97202.0996094,-7.73000001907,-35.1737976074,False
29.900000000000002,0.005,-0.438,0.166,1.0198916,-0.6668522,24.36952525,-2.3599998951,-1.94360220432,2.63999986649,-15.3274326324,90.3776245117,-0.427588403225,22.1760292053,3.12173223495,97207.434082,-6.60999965668,-296.584899902,False
30.0,0.02,-0.397,0.242,0.4707192,0.44129925,23.732093,-2.19000005722,-0.0728601887822,4.67000007629,-7.08186006546,88.8199768066,-0.363819777966,22.4956111908,1.74601829052,97196.7407227,-6.26999998093,-389.975738525,False
30.1,-0.024,-0.273,0.067,-0.2745862,1.9809433,16.03387275,1.69999992847,-0.0728601887822,6.59999990463,-7.08186006546,88.8199768066,-0.100555330515,22.6457328796,0.95990383625,97193.5668945,-6.07999992371,-422.077362061,False
30.200000000000003,-0.264,-0.16,-0.19,-0.77472535,1.2160246,8.3356525,5.82999992371,-0.0728601887822,8.15999984741,-7.08186006546,88.8199768066,-0.0250077676028,22.6421756744,0.991199314594,97205.291748,-5.98000001907,-395.097259521,False
30.3,0.122,-0.209,-0.34,-1.372931,-0.12748645,8.62004535,6.73999977112,-0.0728601887822,9.01000022888,-7.08186006546,88.8199768066,0.0813937112689,22.5512733459,1.04269254208,97197.7172852,-5.90000009537,-376.126281738,False
30.400000000000002,0.476,-0.262,-0.277,-1.81423025,-0.59820565,12.0229529,7.19000005722,-0.0728601887822,8.97999954224,-7.08186006546,88.8199768066,0.0691974014044,22.5050926208,0.939399659634,97194.9829102,-5.82999992371,-359.263244629,False
30.5,0.471,-0.271,-0.147,-1.6671305,-0.59820565,13.60182355,15.2299995422,1.57738482952,8.73999977112,-0.930092394352,92.8874511719,-0.0454741679132,22.2808818817,0.424391150475,97199.5361328,-5.75999975204,-377.701965332,False
30.6,0.215,-0.229,-0.002,-1.83384355,-0.48052585,10.9638347,15.2699995041,1.57738482952,8.63000011444,-0.930092394352,92.8874511719,-0.131503239274,22.1229381561,0.221087276936,97194.8547363,-5.71000003815,-377.890197754,False
30.700000000000003,0.359,-0.235,0.02,-1.8044236,-0.53936575,12.2779258,24.2199993134,1.57738482952,8.28999996185,-0.930092394352,92.8874511719,-0.355356395245,21.7887001038,-0.116341196001,97191.4794922,-5.71000003815,-355.000671387,False
30.8,0.466,-0.24,0.074,-1.65732385,-0.12748645,16.1613592,23.9699993134,1.57738482952,7.98999977112,-0.930092394352,92.8874511719,-0.608620345592,21.5002670288,-0.758683204651,97190.9179688,-5.71999979019,-356.561645508,False
30.900000000000002,0.431,-0.221,0.095,-1.4906108,0.2941995,17.8284897,23.359998703,1.57738482952,7.73999977112,-0.930092394352,92.8874511719,-0.66776496172,21.437789917,-0.911597073078,97192.4194336,-5.77999973297,-379.109771729,False
31.0,0.106,-0.139,0.02,-1.52003075,0.8041453,13.7881499,28.7399997711,11.5594339371,7.44000005722,4.71280908585,93.1413192749,-1.09041678905,20.9251098633,-1.69929611683,97186.3098145,-5.90999984741,-396.604919434,False
31.1,0.392,-0.094,-0.091,-1.48080415,0.91201845,11.44436055,28.1999988556,11.5594339371,7.07999992371,4.71280908585,93.1413192749,-1.35002291203,20.5768127441,-1.90270316601,97184.5031738,-6.11999988556,-399.713317871,False
31.200000000000003,0.295,-0.111,-0.211,-1.48080415,0.5295591,11.1207411,27.7799987793,11.5594339371,6.78999996185,4.71280908585,93.1413192749,-1.55872857571,20.3481655121,-1.96064710617,97183.9904785,-6.33999967575,-381.028167725,False
31.3,0.352,-0.107,-0.278,-1.2944778,0.36284605,11.44436055,32.6399993896,11.5594339371,6.42999982834,4.71280908585,93.1413192749,-1.87808322906,20.050201416,-2.07317686081,97180.078125,-6.58999967575,-354.501708984,False
31.400000000000002,0.474,-0.114,-0.295,-1.14737805,0.1765197,11.30706745,31.9099998474,19.4975738525,6.03999996185,6.57330369949,96.6473846436,-2.33206725121,19.6925239563,-2.13978624344,97178.9367676,-6.84999990463,-332.921600342,False
31.5,0.366,-0.115,-0.255,-1.1375714,0.2353596,10.50292215,37.0999984741,19.4975738525,5.6299996376,6.57330369949,96.6473846436,-2.64372014999,19.4650840759,-2.11397004128,97171.3439941,-7.09999990463,-304.515258789,False
31.6,0.398,-0.104,-0.229,-0.89240515,0.0784532,10.4342756,36.3800010681,19.4975738525,5.07999992371,6.57330369949,96.6473846436,-3.06609869003,19.1750984192,-2.06484079361,97168.3410645,-7.35999965668,-267.992218018,False
31.700000000000003,0.357,-0.087,-0.213,-0.83356525,0.0588399,9.22805765,38.1199989319,19.4975738525,4.58999967575,6.57330369949,96.6473846436,-3.50762367249,18.882774353,-1.94370448589,97168.3410645,-7.60999965668,-248.463256836,False
31.8,0.421,-0.115,-0.18,-0.85317855,0.12748645,9.7674234,37.3099975586,29.8252677917,3.98000001907,6.1217751503,103.033584595,-3.97072434425,18.596988678,-1.79717302322,97163.1835938,-7.85999965668,-209.712219238,False
31.900000000000002,0.309,-0.115,-0.161,-0.8041453,0.12748645,9.9047165,36.2700004578,29.8252677917,3.40999984741,6.1217751503,103.033584595,-4.47869873047,18.2890110016,-1.67497479916,97159.9975586,-8.09000015259,-182.394592285,False
32.0,0.373,-0.131,-0.161,-0.6472389,0.30400615,10.5715687,40.0999984741,29.8252677917,2.9399998188,6.1217751503,103.033584595,-5.15026044846,17.9081802368,-1.54352009296,97158.4289551,-8.30000019073,-175.688354492,False
32.1,0.206,-0.1,-0.16,-0.44129925,0.3138128,9.7478101,39.0299987793,29.8252677917,2.54999995232,6.1217751503,103.033584595,-5.56557416916,17.6697692871,-1.39289689064,97156.1706543,-8.48999977112,-173.836517334,False
32.2,0.142,-0.093,-0.221,-0.40207265,0.2745862,9.1790244,42.1800003052,37.4700584412,2.18000006676,5.60807943344,107.71169281,-5.98437404633,17.4468326569,-1.23266124725,97158.8439941,-8.6799993515,-153.199951172,False
32.300000000000004,0.124,-0.104,-0.226,-0.48052585,0.51975245,9.5712904,41.4399986267,37.4700584412,1.87000000477,5.60807943344,107.71169281,-6.29227638245,17.2693061829,-1.09165680408,97155.9265137,-8.82999992371,-137.574584961,False
32.4,0.086,-0.111,-0.253,-0.3726527,0.59820565,9.8654899,40.6800003052,37.4700584412,1.62000000477,5.60807943344,107.71169281,-6.83932447433,16.9628829956,-0.914274692535,97156.7932129,-8.97000026703,-123.285484314,False
32.5,0.061,-0.126,-0.281,-0.26477955,0.6080123,9.75761675,40.8999977112,37.4700584412,1.44999992847,5.60807943344,107.71169281,-7.68352127075,16.4864730835,-0.537185370922,97153.4362793,-9.07999992371,-119.494438171,False
32.6,-0.013,-0.15,-0.311,-0.24516625,0.46091255,9.75761675,40.0599975586,40.1166725159,1.38999998569,3.58339095116,113.675300598,-8.33938789368,16.1142253876,-0.274472206831,97149.0661621,-9.15999984741,-106.902885437,False
32.7,0.048,-0.153,-0.308,0.04903325,0.26477955,9.2967042,43.0900001526,40.1166725159,1.43999993801,3.58339095116,113.675300598,-8.89405822754,15.794968605,-0.0789227336645,97152.520752,-9.22000026703,-100.875854492,False
32.800000000000004,0.166,-0.163,-0.326,0.0980665,0.1765197,9.38496405,42.4199981689,40.1166725159,1.39999997616,3.58339095116,113.675300598,-9.2232131958,15.5970172882,0.0513354502618,97149.6520996,-9.25,-88.7897491455,False
32.9,0.079,-0.178,-0.324,0.02941995,0.1765197,9.80665,41.6399993896,40.1166725159,1.48000001907,3.58339095116,113.675300598,-9.93056869507,15.1545448303,0.282343327999,97151.5991211,-9.26999950409,-82.6267242432,False
33.0,0.131,-0.186,-0.307,-0.02941995,0.26477955,10.16949605,42.6299972534,42.3183784485,1.49000000954,1.64017951488,121.120292664,-10.4166345596,14.8435878754,0.429492741823,97149.6398926,-9.26000022888,-74.7055053711,False
33.1,0.164,-0.262,-0.3,0.38245935,0.02941995,12.56231865,41.6399993896,42.3183784485,1.50999999046,1.64017951488,121.120292664,-10.6910486221,14.6568365097,0.473435163498,97150.8117676,-9.22999954224,-84.47265625,False
33.2,0.085,-0.257,-0.257,0.26477955,0.0588399,11.6503002,42.969997406,42.3183784485,2.77999997139,1.64017951488,121.120292664,-11.8421268463,13.8632516861,0.640663206577,97155.7861328,-9.18999958038,-97.1364974976,False
33.300000000000004,-0.024,-0.295,-0.205,0.38245935,0.36284605,11.26784085,41.8899993896,42.3183784485,2.25999999046,1.64017951488,121.120292664,-12.4820146561,13.3571157455,0.77968788147,97151.7578125,-9.13000011444,-96.0967102051,False
33.4,-0.039,-0.288,-0.25,0.196133,0.59820565,11.91507975,40.75,45.0453872681,2.41999983788,1.41579282284,129.316085815,-13.2146100998,12.7438497543,0.942336916924,97152.7160645,-9.05999946594,-102.040390015,False
33.5,-0.096,-0.27,-0.276,0.2157463,0.85317855,11.85623985,41.25,45.0453872681,2.0,1.41579282284,129.316085815,-13.6890058517,12.3026618958,1.00815105438,97152.7099609,-8.97999954224,-117.463973999,False
33.6,-0.094,-0.267,-0.336,0.2353596,0.63743225,11.7483667,40.1199989319,45.0453872681,3.05999994278,1.41579282284,129.316085815,-14.3908338547,11.6275672913,1.12141621113,97158.6242676,-8.88999938965,-124.703788757,False
33.7,-0.041,-0.256,-0.376,0.2941995,0.392266,11.6699135,41.4399986267,45.0453872681,3.4399998188,1.41579282284,129.316085815,-14.845744133,11.1580038071,1.20094943047,97153.9428711,-8.78999996185,-132.738876343,False
33.800000000000004,-0.055,-0.27,-0.355,0.10787315,0.50013915,11.1991943,40.2999992371,43.7961425781,3.79999995232,0.358980327845,139.162918091,-15.5743227005,10.2978992462,1.35936152935,97155.5603027,-8.6799993515,-137.953186035,False
33.9,0.018,-0.298,-0.346,0.38245935,0.32361945,12.18966595,38.9799995422,43.7961425781,4.19000005722,0.358980327845,139.162918091,-16.0330810547,9.71372032166,1.32948851585,97154.8828125,-8.55000019073,-152.312652588,False
34.0,-0.148,-0.32,-0.318,0.42168595,0.6472389,14.6511351,38.1800003052,43.7961425781,4.75,0.358980327845,139.162918091,-16.6064472198,8.91921424866,1.1908377409,97161.4379883,-8.4299993515,-181.410400391,False
34.1,-0.178,-0.315,-0.329,0.36284605,0.91201845,14.7884282,38.1800003052,43.7961425781,4.73999977112,0.358980327845,139.162918091,-16.7362995148,8.73981666565,1.14880275726,97159.8388672,-8.31999969482,-213.177490234,False
34.2,-0.126,-0.261,-0.383,0.14709975,0.8237586,13.13110435,34.8899993896,41.9174690247,6.42999982834,-0.139452189207,149.516235352,-17.6461372375,7.23059368134,0.95472240448,97163.0371094,-8.15999984741,-242.564300537,False
34.300000000000004,-0.012,-0.271,-0.433,-0.00980665,0.61781895,12.69961175,32.9500007629,41.9174690247,6.15999984741,-0.139452189207,149.516235352,-18.0182876587,6.47961091995,0.909518897533,97158.0200195,-8.15999984741,-242.564300537,False
34.4,-0.03,-0.283,-0.434,0.0,0.46091255,12.87613145,30.7999992371,41.9174690247,6.42999982834,-0.139452189207,149.516235352,-18.1585445404,6.17309141159,0.888607978821,97158.5266113,-8.09000015259,-241.6953125,False
34.5,-0.148,-0.318,-0.419,-0.06864655,0.3138128,13.09187775,28.4499988556,41.9174690247,6.02999973297,-0.139452189207,149.516235352,-18.6685562134,4.87803220749,0.762338578701,97155.46875,-8.02999973297,-249.342636108,False
34.6,-0.275,-0.335,-0.376,0.0,0.588399,13.34685065,25.75,41.9174690247,6.92999982834,-0.139452189207,149.516235352,-18.8731365204,4.22641992569,0.670662045479,97158.4899902,-7.98999977112,-252.167327881,False
34.7,-0.273,-0.299,-0.371,-0.00980665,0.53936575,13.54298365,22.8099994659,39.0108833313,7.03999996185,-1.69974982738,162.939834595,-18.9618358612,3.91548109055,0.642898142338,97158.6853027,-7.96000003815,-261.779968262,False
34.800000000000004,-0.292,-0.313,-0.35,-0.0784532,0.4511059,13.36646395,19.7700004578,39.0108833313,7.13999986649,-1.69974982738,162.939834595,-19.2081546783,2.84014439583,0.457855939865,97159.8937988,-7.94000005722,-264.106384277,False
34.9,-0.265,-0.292,-0.349,-0.1372931,0.44129925,14.11176935,16.4499988556,39.0108833313,7.08999967575,-1.69974982738,162.939834595,-19.328994751,1.90433704853,0.247975125909,97155.2490234,-7.94999980927,-266.217224121,False
35.0,-0.319,-0.293,-0.324,-0.392266,0.22555295,13.1605243,13.029999733,39.0108833313,6.98999977112,-1.69974982738,162.939834595,-19.3615055084,1.18725585938,0.119766905904,97156.4453125,-7.96999979019,-268.830505371,False
35.1,-0.335,-0.3,-0.28,-0.4118793,-0.2549729,13.09187775,9.52999973297,31.8362216949,6.75,-0.943642497063,174.107498169,-19.3444213867,0.506866812706,-0.02560178563,97157.6477051,-8.01000022888,-267.675018311,False
35.2,-0.368,-0.264,-0.228,-0.4511059,-0.0392266,12.22889255,6.15999984741,31.8362216949,6.42999982834,-0.943642497063,174.107498169,-19.298210144,0.0175382457674,-0.129175677896,97157.03125,-8.06999969482,-249.656295776,False
35.300000000000004,-0.457,-0.198,-0.185,-0.4903325,0.40207265,11.1011278,3.09999990463,31.8362216949,5.94000005722,-0.943642497063,174.107498169,-19.194852829,-0.524088084698,-0.21801482141,97155.7189941,-8.14999961853,-223.352050781,False
35.4,-0.459,-0.195,-0.181,-0.5687857,-0.2353596,11.11093445,0.239999994636,31.8362216949,5.31999969482,-0.943642497063,174.107498169,-19.0084323883,-1.1342509985,-0.308115124702,97153.125,-8.22999954224,-192.313766479,False
35.5,-0.478,-0.152,-0.155,-0.5295591,0.40207265,10.44408225,-2.11999988556,31.8362216949,4.57999992371,-0.943642497063,174.107498169,-18.8835086823,-1.43375825882,-0.334782153368,97152.9724121,-8.32999992371,-153.982925415,False
35.6,-0.521,-0.119,-0.169,-0.6276256,0.40207265,10.7480884,-4.32999992371,20.121723175,3.76999998093,1.5708001852,-177.871536255,-18.7418632507,-1.71245861053,-0.4049000144,97152.722168,-8.42000007629,-123.340415955,False
35.7,-0.595,-0.098,-0.149,-0.51975245,-0.06864655,11.01286795,-6.2999997139,20.121723175,2.99000000954,1.5708001852,-177.871536255,-18.5246276855,-2.031280756,-0.516929745674,97151.0437012,-8.52999973297,-102.163887024,False
35.800000000000004,-0.531,-0.081,-0.107,-0.46091255,-0.2353596,9.8654899,-7.92999982834,20.121723175,2.20000004768,1.5708001852,-177.871536255,-18.4218463898,-2.16352319717,-0.540710449219,97152.8015137,-8.64999961853,-68.076133728,False
35.9,-0.345,-0.046,-0.094,-0.2745862,0.04903325,9.9439431,-9.18999958038,9.29782962799,1.29999995232,2.41495728493,-174.306106567,-18.2086238861,-2.35855126381,-0.59174567461,97153.8024902,-8.76000022888,-23.7745285034,False
36.0,-0.36,-0.024,0.015,-0.2157463,-0.16671305,9.91452315,-10.3699998856,9.29782962799,0.459999978542,2.41495728493,-174.306106567,-18.1449680328,-2.41165471077,-0.620249330997,97153.7109375,-9.0,41.1004066467,False
36.1,-0.371,-0.018,0.068,-0.08825985,0.08825985,9.97336305,-11.3000001907,9.29782962799,-0.409999996424,2.41495728493,-174.306106567,-17.9540119171,-2.53787875175,-0.629643857479,97152.2155762,-9.0,41.1004066467,False
36.2,-0.413,-0.013,0.076,-0.0588399,0.08825985,9.9831697,-11.9200000763,9.29782962799,-1.36000001431,2.41495728493,-174.306106567,-17.748758316,-2.56735134125,-0.691415131092,97151.0375977,-9.11999988556,88.1644287109,False
36.300000000000004,-0.334,0.015,0.089,0.04903325,0.02941995,9.65955025,-12.3199996948,9.29782962799,-2.30999994278,2.41495728493,-174.306106567,-17.642490387,-2.53894090652,-0.668522953987,97150.7995605,-9.22999954224,126.271247864,False
36.4,-0.257,0.038,0.095,0.26477955,0.14709975,8.44352565,-12.4600000381,-1.4379196167,-3.32999992371,2.53577423096,-174.742858887,-17.5803947449,-2.48481154442,-0.583384394646,97149.4018555,-9.34000015259,167.790603638,False
36.5,-0.279,0.075,0.068,0.42168595,0.2745862,8.3160392,-12.3699998856,-1.4379196167,-4.36000013351,2.53577423096,-174.742858887,-17.4992275238,-2.33977365494,-0.445662796497,97153.125,-9.4299993515,214.513015747,False
36.6,-0.314,0.102,0.015,0.5295591,0.392266,9.1790244,-12.1399993896,-1.4379196167,-5.33999967575,2.53577423096,-174.742858887,-17.4713973999,-2.22710180283,-0.348044008017,97153.4362793,-9.51000022888,258.830749512,False
36.7,-0.375,0.105,-0.009,0.8041453,0.10787315,9.4928372,-11.6700000763,-1.4379196167,-6.25999975204,2.53577423096,-174.742858887,-17.4774913788,-2.05785775185,-0.219907358289,97154.9133301,-9.56999969482,290.530670166,False
36.800000000000004,-0.146,0.143,-0.011,0.97085835,-0.0784532,7.77667345,-11.2299995422,-1.4379196167,-6.94000005722,2.53577423096,-174.742858887,-17.4852771759,-2.00251817703,-0.148597791791,97156.7321777,-9.61999988556,311.944854736,False
36.9,-0.061,0.134,0.008,0.77472535,0.1372931,7.7080269,-10.6899995804,-8.95392513275,-7.63999986649,-0.192581027746,-174.756820679,-17.5319595337,-1.78061318398,0.157968059182,97156.036377,-9.63000011444,340.876098633,False
37.0,-0.069,0.142,0.037,1.02969825,0.1372931,7.1392412,-10.2699995041,-8.95392513275,-8.27999973297,-0.192581027746,-174.756820679,-17.6494998932,-1.58473432064,0.469840466976,97157.9772949,-9.61999988556,381.761535645,False
37.1,0.078,0.11,0.078,1.3337044,-0.196133,8.6102387,-9.69999980927,-10.0858259201,-8.89999961853,-1.94381248951,-174.631393433,-17.6980552673,-1.53237581253,0.528666853905,97155.1086426,-9.57999992371,418.264678955,False
37.2,-0.047,0.126,0.141,1.1964113,-0.26477955,7.60015375,-9.17000007629,-10.0858259201,-9.11999988556,-1.94381248951,-174.631393433,-17.812587738,-1.40196633339,0.668339073658,97160.4736328,-9.51000022888,406.287872314,False
37.300000000000004,-0.029,0.108,0.136,1.2552512,-0.3726527,6.28606265,-8.76999950409,-10.0858259201,-9.39999961853,-1.94381248951,-174.631393433,-17.9222602844,-1.30515766144,1.06155264378,97165.1489258,-9.4299993515,423.19744873,False
37.4,-0.047,0.074,0.164,1.2160246,0.02941995,8.1983594,-8.47000026703,-10.0858259201,-9.26999950409,-1.94381248951,-174.631393433,-18.1303157806,-1.10186052322,1.45962774754,97164.1357422,-9.30000019073,416.856567383,False
37.5,0.002,0.067,0.19,1.2160246,0.24516625,7.9433865,-7.89999961853,-10.0858259201,-8.81999969482,-1.94381248951,-174.631393433,-18.242898941,-0.937241733074,1.56606423855,97164.8132324,-9.13999938965,394.253448486,False
37.6,-0.069,0.038,0.127,1.40235095,0.0588399,9.65955025,-6.96000003815,-10.273651123,-8.05000019073,-5.23297071457,-177.976654053,-18.3305873871,-0.806777536869,1.62693583965,97172.9797363,-8.96000003815,345.969970703,False
37.7,0.065,0.028,0.106,1.176798,0.32361945,9.20844435,-6.0,-10.273651123,-6.71999979019,-5.23297071457,-177.976654053,-18.4774227142,-0.65229177475,1.64053916931,97165.3015137,-8.76999950409,294.412231445,False
37.800000000000004,0.063,-0.018,0.051,1.10815145,0.34323275,9.42419065,-5.02999973297,-10.273651123,-5.60999965668,-5.23297071457,-177.976654053,-18.6246871948,-0.440983444452,1.76311862469,97180.6152344,-8.56999969482,260.595214844,False
37.9,0.037,-0.068,0.035,1.20621795,-0.0784532,10.6892485,-4.00999975204,-10.273651123,-4.32999992371,-5.23297071457,-177.976654053,-18.918794632,-0.0641698986292,1.68379676342,97183.6242676,-8.36999988556,222.984695435,False
38.0,0.122,-0.086,0.042,0.83356525,0.3334261,10.93441475,-2.92999982834,-10.273651123,-3.1899998188,-5.23297071457,-177.976654053,-19.0241546631,0.0900568440557,1.63475227356,97175.0183105,-8.17000007629,178.558258057,False
38.1,-0.009,-0.094,0.035,0.7256921,0.2353596,10.8461549,-1.89999997616,-9.08934211731,-2.22000002861,-4.85538816452,-179.992828369,-19.1445159912,0.288986861706,1.52903354168,97181.4208984,-7.96999979019,147.606567383,False
38.2,0.512,-0.113,0.02,0.7453054,0.00980665,9.9439431,-0.870000004768,-9.08934211731,-1.25,-4.85538816452,-179.992828369,-19.2160205841,0.423932284117,1.48984062672,97185.6445312,-7.78999996185,113.928985596,False
38.300000000000004,0.523,-0.118,0.018,0.6864655,0.0588399,10.42446895,-0.0899999961257,-9.08934211731,-0.519999980927,-4.85538816452,-179.992828369,-19.3260383606,0.553663790226,1.29032993317,97179.4189453,-7.61999988556,100.217346191,False
38.400000000000006,0.214,-0.167,0.046,0.588399,-0.30400615,13.5724036,0.479999989271,-1.91638946533,0.0899999961257,-2.12057852745,178.978927612,-19.361207962,0.584599375725,1.08170092106,97183.1176758,-7.44999980927,82.6445617676,False
38.5,0.14,-0.11,0.086,0.5687857,-0.0392266,10.8265416,0.740000009537,-1.91638946533,0.659999966621,-2.12057852745,178.978927612,-19.4118690491,0.604445755482,0.952342987061,97184.7717285,-7.31999969482,52.0075798035,False
38.6,-0.171,-0.114,0.099,0.2353596,0.2745862,10.5127288,1.07999992371,-1.91638946533,0.879999995232,-2.12057852745,178.978927612,-19.4214496613,0.659284889698,0.839534819126,97179.1381836,-7.21000003815,68.6148681641,False
38.7,-0.1,-0.136,0.072,0.4707192,0.0784532,12.1994726,1.39999997616,-1.91638946533,0.979999959469,-2.12057852745,178.978927612,-19.425069809,0.735871076584,0.554029881954,97182.421875,-7.11999988556,61.8224143982,False
38.800000000000004,-0.074,-0.095,0.021,0.10787315,0.3138128,10.89518815,1.88999998569,-2.57408809662,1.14999997616,-0.0404749549925,177.363204956,-19.4028110504,0.803796350956,0.408152043819,97182.9528809,-7.05999994278,42.1464920044,False
38.900000000000006,-0.194,-0.094,0.024,0.02941995,0.6668522,10.9049948,2.30999994278,-2.57408809662,1.14999997616,-0.0404749549925,177.363204956,-19.3623962402,0.896274626255,0.301069766283,97186.0107422,-7.01999998093,43.5327529907,False
39.0,-0.255,-0.081,-0.047,0.16671305,0.16671305,12.9251647,2.96000003815,-2.57408809662,1.14999997616,-0.0404749549925,177.363204956,-19.312046051,1.01338803768,0.0908273607492,97189.0075684,-6.98999977112,39.6631240845,False
39.1,-0.07,-0.051,-0.042,0.2353596,-0.0196133,11.571847,3.63999986649,-5.87187004089,1.19999992847,1.47317588329,177.261535645,-19.2621631622,1.11532759666,-0.147977203131,97185.0341797,-6.98000001907,25.2269744873,False
39.2,-0.011,-0.032,-0.005,0.32361945,-0.1569064,10.6304086,4.26999998093,-5.87187004089,1.12000000477,1.47317588329,177.261535645,-19.2066478729,1.20794057846,-0.25667232275,97182.4829102,-6.98999977112,42.7844047546,False
39.300000000000004,-0.267,0.003,0.047,0.26477955,-0.1765197,8.7867584,4.84999990463,-5.87187004089,0.879999995232,1.47317588329,177.261535645,-19.1546192169,1.29256522655,-0.202892437577,97184.3322754,-7.01999998093,57.5464248657,False
39.400000000000006,-0.165,-0.089,0.049,0.46091255,-0.1372931,10.40485565,5.44000005722,-8.34234142303,0.399999976158,2.40300393105,176.774887085,-19.1209907532,1.36424183846,-0.218632414937,97177.3132324,-7.0499997139,96.4339294434,False
39.5,0.197,-0.044,0.04,0.36284605,-0.32361945,9.9439431,6.19000005722,-8.34234142303,-0.0899999961257,2.40300393105,176.774887085,-19.0642185211,1.4624273777,-0.226748153567,97181.1401367,-7.07999992371,123.733901978,False
39.6,0.496,-0.03,0.052,0.5491724,-0.1372931,8.69849855,6.8799996376,-8.34234142303,-0.649999976158,2.40300393105,176.774887085,-19.0092372894,1.5470430851,-0.204087033868,97179.8278809,-7.10999965668,138.474945068,False
39.7,0.528,-0.01,0.037,0.6472389,0.06864655,9.30651085,7.42999982834,-8.34234142303,-1.03999996185,2.40300393105,176.774887085,-18.9689445496,1.60520410538,-0.182147502899,97182.9589844,-7.13999986649,147.894958496,False
39.800000000000004,0.385,0.03,0.026,0.6668522,0.18632635,9.30651085,7.83999967575,-8.34234142303,-1.37999999523,2.40300393105,176.774887085,-18.9271068573,1.62572443485,-0.200417682528,97177.5756836,-7.17000007629,151.122756958,False
39.900000000000006,0.347,0.017,0.004,0.7649187,-0.14709975,9.8851032,7.83999967575,0.801180005074,-1.62999999523,2.56790137291,175.685058594,-18.9160633087,1.58668601513,-0.19919846952,97181.4147949,-7.19000005722,154.554458618,False
40.0,0.348,0.036,0.048,0.67665885,-0.18632635,7.93357985,7.63999986649,0.801180005074,-1.86000001431,2.56790137291,175.685058594,-18.914018631,1.44159042835,0.00902188476175,97179.8400879,-7.21000003815,157.102386475,False
40.1,0.269,0.013,0.066,0.7453054,-0.1765197,7.9237732,7.35999965668,0.801180005074,-1.81999993324,2.56790137291,175.685058594,-18.9278926849,1.35613155365,0.135750561953,97187.4450684,-7.21999979019,143.035598755,False
40.2,0.079,-0.008,0.059,0.87279185,-0.14709975,8.58081875,6.96999979019,6.01248121262,-1.61000001431,2.02581071854,174.840667725,-18.9347229004,1.32749474049,0.20843346417,97185.4492188,-7.21000003815,124.918937683,False
40.300000000000004,0.065,-0.002,0.043,0.9022118,-0.0196133,9.20844435,6.48999977112,6.01248121262,-1.26999998093,2.02581071854,174.840667725,-18.9786128998,1.12852299213,0.322665184736,97183.3435059,-7.19000005722,103.848266602,False
40.400000000000006,0.003,0.005,0.013,0.89240515,0.1765197,9.63993695,6.01999998093,6.01248121262,-0.919999957085,2.02581071854,174.840667725,-19.0077514648,1.01791894436,0.373721837997,97181.9641113,-7.13999986649,91.0512924194,False
40.5,-0.047,0.011,-0.039,0.7060788,0.28439285,9.7870367,5.60999965668,6.01248121262,-0.52999997139,2.02581071854,174.840667725,-19.0308952332,0.927611708641,0.405580937862,97185.3210449,-7.09999990463,75.5832672119,False
40.6,-0.039,0.049,-0.079,0.6668522,0.5491724,8.6102387,5.21999979019,6.40875291824,-0.140000000596,1.59712159634,174.292251587,-19.0567321777,0.840477824211,0.457974374294,97187.3657227,-7.0499997139,57.1922302246,False
40.7,-0.017,0.03,-0.094,0.59820565,0.50013915,9.01231135,4.73999977112,6.40875291824,0.199999988079,1.59712159634,174.292251587,-19.0808162689,0.764599502087,0.491444468498,97185.4492188,-6.94999980927,50.3054618835,False
40.800000000000004,0.029,-0.004,-0.122,0.48052585,0.2353596,9.6693569,4.73999977112,6.40875291824,0.199999988079,1.59712159634,174.292251587,-19.0896949768,0.712474882603,0.526851117611,97184.8876953,-6.94999980927,50.3054618835,False
40.900000000000006,0.029,-0.004,-0.122,0.48052585,0.2353596,9.6693569,3.86999988556,6.40875291824,0.789999961853,1.59712159634,174.292251587,-19.1230297089,0.576343894005,0.558611810207,97184.8876953,-6.88999986649,46.2336540222,False
41.0,0.011,0.006,-0.122,0.4314926,0.392266,9.32612415,3.25999999046,6.40875291824,1.02999997139,1.59712159634,174.292251587,-19.1517467499,0.445770293474,0.609890043736,97184.0515137,-6.82999992371,37.7289772034,False
41.1,-0.054,-0.043,-0.122,0.3138128,0.0980665,9.77723005,2.73000001907,6.59770679474,1.26999998093,0.74668431282,177.27973938,-19.16447258,0.339440137148,0.651735663414,97184.967041,-6.75999975204,35.6040000916,False
41.2,-0.024,-0.042,-0.097,0.5295591,0.00980665,9.50264385,2.05999994278,6.59770679474,1.40999996662,0.74668431282,177.27973938,-19.1766815186,0.236820951104,0.645047605038,97185.0341797,-6.69999980927,29.8971176147,False
41.300000000000004,-0.026,-0.037,-0.086,0.2745862,0.26477955,9.5516771,1.38999998569,6.59770679474,1.62000000477,0.74668431282,177.27973938,-19.1858921051,0.0755189210176,0.637393593788,97188.659668,-6.63999986649,29.4033050537,False
41.400000000000006,-0.087,-0.043,-0.069,0.4903325,-0.0196133,9.3751574,0.819999992847,6.59770679474,1.70999991894,0.74668431282,177.27973938,-19.1902160645,-0.00257750414312,0.674984276295,97185.3515625,-6.57999992371,30.8809280396,False
41.5,-0.076,-0.045,-0.04,0.36284605,0.14709975,9.38496405,0.179999992251,5.5939617157,1.78999996185,1.23367381096,179.479202271,-19.1968269348,-0.136528298259,0.677542448044,97184.8571777,-6.51999998093,26.014995575,False
41.6,-0.054,-0.056,-0.023,0.55897905,-0.14709975,9.67916355,-0.459999978542,5.5939617157,1.89999997616,1.23367381096,179.479202271,-19.1931819916,-0.238708615303,0.65962600708,97189.1845703,-6.46000003815,28.5104751587,False
41.7,-0.026,-0.076,-0.013,0.40207265,0.12748645,10.99325465,-0.769999980927,5.5939617157,1.93999993801,1.23367381096,179.479202271,-19.2021961212,-0.284845322371,0.628425776958,97186.9506836,-6.39999961853,30.1033973694,False
41.800000000000004,-0.163,-0.07,-0.003,0.50013915,0.0392266,11.2776475,-1.33999991417,5.5939617157,1.97999989986,1.23367381096,179.479202271,-19.1927604675,-0.378015160561,0.480937868357,97183.2946777,-6.34999990463,23.2178688049,False
41.900000000000006,-0.217,-0.035,-0.004,0.51975245,0.36284605,10.2185293,-1.76999998093,5.5939617157,2.02999997139,1.23367381096,179.479202271,-19.1772403717,-0.424428611994,0.373576641083,97190.0817871,-6.30999994278,20.7391738892,False
42.0,-0.171,-0.037,-0.022,0.55897905,0.0196133,9.9635564,-1.00999999046,2.0399017334,1.95999991894,2.45711660385,-179.889144897,-19.1615257263,-0.479674518108,0.394140690565,97188.8549805,-6.28999996185,19.827747345,False
42.1,-0.022,-0.013,-0.036,0.55897905,0.18632635,8.5513988,-1.25,2.0399017334,1.84999990463,2.45711660385,-179.889144897,-19.1522941589,-0.479174286127,0.398855179548,97191.0461426,-6.27999973297,37.2951507568,False
42.2,-0.01,-0.047,-0.036,0.4118793,0.10787315,10.8657682,-1.31999993324,2.0399017334,1.80999994278,2.45711660385,-179.889144897,-19.1285820007,-0.507384777069,0.352629393339,97187.3413086,-6.25,39.4529342651,False
42.300000000000004,-0.053,-0.019,-0.003,0.44129925,0.1176798,9.9439431,1.77999997139,2.0399017334,2.48000001907,2.45711660385,-179.889144897,-19.1176013947,-0.548719763756,0.319588363171,97193.5546875,-6.23000001907,41.9130325317,False
42.400000000000006,-0.069,-0.055,0.019,0.46091255,0.20593965,10.6304086,1.80999994278,0.749231755733,1.67999994755,2.91018748283,-179.376327515,-19.0897216797,-0.544867634773,0.258232682943,97187.7929688,-6.21000003815,46.3038444519,False
42.5,-0.025,-0.043,0.015,0.57859235,0.22555295,10.4735022,4.53999996185,0.749231755733,0.959999978542,2.91018748283,-179.376327515,-19.0772418976,-0.551417529583,0.17204362154,97193.9331055,-6.19999980927,39.0337944031,False
42.6,-0.022,-0.02,0.029,1.0002783,0.0980665,10.75789505,4.65999984741,0.749231755733,1.61000001431,2.91018748283,-179.376327515,-19.077413559,-0.575124084949,0.0283493027091,97186.4379883,-6.19000005722,39.9821281433,False
42.7,0.076,-0.001,0.031,0.8433719,0.22555295,11.1207411,9.96000003815,0.749231755733,1.76999998093,2.91018748283,-179.376327515,-19.0653743744,-0.577425777912,-0.204461038113,97189.0686035,-6.19000005722,34.7633361816,False
42.800000000000004,0.105,7.34788079488e-18,0.06,0.7060788,0.3138128,10.6500219,10.4299993515,0.749231755733,1.75,2.91018748283,-179.376327515,-19.0522136688,-0.576965749264,-0.260432928801,97195.2026367,-6.21000003815,19.6009635925,False
42.900000000000006,0.166,0.027,0.02,0.5295591,0.5491724,9.01231135,10.4299993515,0.749231755733,1.75,2.91018748283,-179.376327515,-19.0445251465,-0.573090672493,-0.255794763565,97193.4143066,-6.21000003815,19.6009635925,False
43.0,0.253,-0.002,-0.048,0.4511059,0.0980665,8.2964259,15.4200000763,1.80276584625,1.53999996185,3.34637784958,179.823226929,-19.0161876678,-0.59738856554,0.0165090113878,97192.8710938,-6.28999996185,26.2317657471,False
43.1,0.32,0.021,-0.088,0.3138128,0.50013915,7.01175475,15.9099998474,1.80276584625,1.55999994278,3.34637784958,179.823226929,-19.0153160095,-0.653223574162,0.278331071138,97191.5222168,-6.30999994278,35.577583313,False
43.2,0.4,0.017,-0.13,0.36284605,0.28439285,7.61976705,23.9499988556,1.80276584625,1.57999992371,3.34637784958,179.823226929,-19.0051174164,-0.72472089529,0.434339433908,97189.831543,-6.28999996185,38.2312774658,False
43.300000000000004,0.528,-0.021,-0.152,0.588399,-0.2745862,8.38468575,23.9499988556,1.80276584625,1.57999992371,3.34637784958,179.823226929,-18.9949188232,-0.777367115021,0.473857969046,97188.6230469,-6.28999996185,38.2312774658,False
43.400000000000006,0.519,-0.02,-0.112,0.5687857,-0.0980665,8.9828914,24.5799999237,12.3665628433,2.06999993324,2.61024141312,-177.476089478,-18.9876823425,-1.1545855999,0.750962674618,97196.496582,-6.19999980927,17.4946784973,False
43.5,0.415,-0.02,-0.081,0.67665885,0.18632635,8.38468575,31.2099990845,12.3665628433,2.5,2.61024141312,-177.476089478,-18.9896526337,-1.40856182575,0.893834412098,97194.9768066,-6.1299996376,-0.450706481934,False
43.6,0.503,-0.054,-0.093,0.5687857,0.16671305,9.30651085,31.3099994659,12.3665628433,3.04999995232,2.61024141312,-177.476089478,-18.9805583954,-1.65380585194,0.942032575607,97192.9138184,-6.03999996185,-30.0790786743,False
43.7,0.581,-0.083,-0.08,0.6080123,0.3726527,10.3754357,31.109998703,12.3665628433,3.6899998188,2.61024141312,-177.476089478,-18.9657402039,-2.03682613373,0.9337708354,97193.7255859,-5.94000005722,-53.920173645,False
43.800000000000004,0.416,-0.092,-0.07,0.588399,0.48052585,10.71866845,33.75,12.3665628433,5.00999975204,2.61024141312,-177.476089478,-18.9442005157,-2.44261145592,0.936419725418,97196.4050293,-5.83999967575,-88.9442443848,False
43.900000000000006,0.371,-0.097,-0.132,0.65704555,0.73549875,9.7478101,33.3600006104,12.3665628433,4.94000005722,2.61024141312,-177.476089478,-18.9247093201,-2.60726737976,0.925813257694,97194.7937012,-5.73999977112,-119.627853394,False
44.0,0.327,-0.107,-0.222,0.3726527,0.79433865,9.54187045,38.4399986267,25.8442783356,4.88999986649,3.15384244919,-174.552139282,-18.8492603302,-3.24123501778,1.06638860703,97193.182373,-5.65000009537,-146.810440063,False
44.1,0.069,-0.111,-0.293,0.5295591,0.73549875,10.7088618,38.219997406,25.8442783356,6.17999982834,3.15384244919,-174.552139282,-18.7992897034,-3.63930487633,1.07765781879,97196.4355469,-5.53999996185,-161.630828857,False
44.2,0.228,-0.136,-0.345,0.38245935,0.4118793,10.8853815,40.1399993896,25.8442783356,6.90999984741,3.15384244919,-174.552139282,-18.7081260681,-4.15627813339,1.08902800083,97195.3857422,-5.44000005722,-192.914581299,False
44.300000000000004,0.284,-0.174,-0.334,0.392266,0.61781895,11.3953273,39.6800003052,30.8966312408,7.63999986649,2.4094376564,-169.147399902,-18.5917205811,-4.72624921799,1.04616487026,97202.8564453,-5.33999967575,-227.890777588,False
44.400000000000006,0.121,-0.2,-0.363,0.2157463,0.7060788,12.56231865,42.3400001526,30.8966312408,8.34000015259,2.4094376564,-169.147399902,-18.4376983643,-5.34004545212,0.952570915222,97195.3735352,-5.23999977112,-266.139984131,False
44.5,0.129,-0.213,-0.376,0.2745862,0.6668522,12.54270535,41.6299972534,34.1044273376,9.06999969482,1.69798123837,-162.837463379,-18.1925888062,-6.15425157547,0.776526749134,97194.8242188,-5.15000009537,-295.641723633,False
44.6,0.136,-0.247,-0.392,0.0980665,0.4903325,13.3762706,40.7299995422,34.1044273376,9.75,1.69798123837,-162.837463379,-18.0967025757,-6.44082403183,0.720387279987,97197.9431152,-5.06999969482,-323.805999756,False
44.7,0.213,-0.286,-0.353,0.04903325,0.0980665,13.24878415,43.8499984741,34.1044273376,10.2699995041,1.69798123837,-162.837463379,-17.7001686096,-7.44664573669,0.606162071228,97195.8557129,-5.01999998093,-343.721588135,False
44.800000000000004,0.271,-0.301,-0.304,-0.16671305,0.24516625,13.42530385,42.8699989319,34.1044273376,10.7699995041,1.69798123837,-162.837463379,-17.3459873199,-8.19926738739,0.530013263226,97199.4140625,-4.98000001907,-368.112365723,False
44.900000000000006,0.22,-0.307,-0.232,-0.0980665,0.2745862,12.3367657,41.7099990845,39.6812133789,11.2100000381,2.0834300518,-152.465423584,-16.7979545593,-9.19230365753,0.471363395452,97196.4904785,-4.94999980927,-395.477661133,False
45.0,0.065,-0.329,-0.203,-0.14709975,0.67665885,13.2389775,42.6299972534,39.6812133789,11.5999994278,2.0834300518,-152.465423584,-16.4461593628,-9.76916313171,0.385127872229,97195.4589844,-4.92000007629,-411.372955322,False
45.1,-0.077,-0.292,-0.251,-0.10787315,0.71588545,13.337044,41.3199996948,39.6812133789,11.8999996185,2.0834300518,-152.465423584,-16.0646133423,-10.3348150253,0.268475800753,97196.9055176,-4.90999984741,-416.74041748,False
45.2,-0.182,-0.257,-0.298,-0.40207265,0.83356525,12.26811915,44.0999984741,39.6812133789,12.0199995041,2.0834300518,-152.465423584,-15.5246992111,-11.0236654282,0.2673420012,97194.0551758,-4.90999984741,-421.936798096,False
45.300000000000004,0.026,-0.233,-0.403,-0.4903325,0.4903325,10.5323421,43.3099975586,39.6812133789,12.0500001907,2.0834300518,-152.465423584,-15.3560085297,-11.2239179611,0.318472236395,97194.2077637,-4.92000007629,-418.864440918,False
45.400000000000006,0.105,-0.265,-0.421,-0.48052585,0.50013915,11.30706745,44.2299995422,39.5262527466,12.25,2.2079577446,-142.818893433,-14.5870332718,-12.0540189743,0.441098749638,97192.4926758,-4.92999982834,-416.477966309,False
45.5,0.104,-0.293,-0.406,-0.44129925,0.4511059,12.24850585,43.2999992371,39.5262527466,12.4200000763,2.2079577446,-142.818893433,-14.0278072357,-12.6043405533,0.486330211163,97192.2302246,-4.92999982834,-416.554443359,False
45.6,0.243,-0.325,-0.382,-0.36284605,0.196133,12.2779258,42.2099990845,39.5262527466,12.6199998856,2.2079577446,-142.818893433,-13.6715974808,-12.9380331039,0.523817300797,97192.3828125,-4.92000007629,-418.100341797,False
45.7,0.278,-0.356,-0.34,-0.196133,0.22555295,13.03303785,43.2900009155,42.9362449646,12.8999996185,1.26280963421,-133.665267944,-12.7399425507,-13.7357406616,0.523404538631,97188.0981445,-4.90999984741,-429.297241211,False
45.800000000000004,0.126,-0.385,-0.276,-0.08825985,0.196133,13.91563635,41.7999992371,42.9362449646,13.2100000381,1.26280963421,-133.665267944,-11.9732627869,-14.3369655609,0.470682948828,97190.4968262,-4.88999986649,-436.779785156,False
45.900000000000006,0.015,-0.379,-0.261,-0.02941995,0.4903325,13.9842829,41.3699989319,42.9362449646,14.1399993896,1.26280963421,-133.665267944,-11.1632566452,-14.9061546326,0.40746358037,97190.1245117,-4.88999986649,-450.134857178,False
46.0,-0.014,-0.368,-0.294,-0.14709975,0.6276256,13.9842829,39.5499992371,45.1473197937,13.5999994278,2.03875350952,-126.71672821,-10.8346796036,-15.1191186905,0.389569252729,97192.1936035,-4.88999986649,-461.220458984,False
46.1,-0.016,-0.362,-0.316,-0.1569064,0.3726527,13.11149105,37.5400009155,45.1473197937,13.7199993134,2.03875350952,-126.71672821,-9.53206348419,-15.8680763245,0.355080425739,97191.9616699,-4.90000009537,-474.992462158,False
46.2,-0.169,-0.357,-0.312,-0.10787315,0.392266,13.05265115,37.5099983215,45.1473197937,13.1300001144,2.03875350952,-126.71672821,-8.72751522064,-16.2626838684,0.34963580966,97194.0734863,-4.92000007629,-470.326324463,False
46.300000000000004,-0.161,-0.34,-0.357,-0.08825985,0.4707192,12.89574475,35.5099983215,45.1473197937,13.9099998474,2.03875350952,-126.71672821,-8.08182144165,-16.5432434082,0.333597958088,97187.2070312,-4.92999982834,-465.330505371,False
46.400000000000006,-0.043,-0.34,-0.358,0.1176798,0.8041453,13.62143685,33.9899978638,43.4886360168,14.0399999619,2.34001088142,-116.269187927,-7.59390830994,-16.7438964844,0.299229264259,97191.0217285,-4.94999980927,-465.594848633,False
46.5,-0.259,-0.245,-0.428,-0.3138128,0.85317855,10.6892485,31.7600002289,43.4886360168,14.1199998856,2.34001088142,-116.269187927,-6.65639209747,-17.0666732788,0.278506219387,97191.0217285,-4.96999979019,-457.739257812,False
46.6,-0.263,-0.26,-0.441,-0.3138128,0.26477955,10.34601575,29.8199996948,43.4886360168,13.9200000763,2.34001088142,-116.269187927,-6.11334514618,-17.2052364349,0.393436104059,97190.9423828,-4.98999977112,-443.854705811,False
46.7,-0.016,-0.315,-0.452,-0.24516625,-0.02941995,11.6699135,27.6899986267,43.4886360168,14.6199998856,2.34001088142,-116.269187927,-5.0542178154,-17.4309120178,0.495382457972,97188.4460449,-5.0,-431.784240723,False
46.800000000000004,0.045,-0.339,-0.405,-0.22555295,-0.32361945,12.36618565,24.9799995422,40.8435783386,14.0399999619,0.60944634676,-103.263877869,-4.26529359818,-17.5593757629,0.530575156212,97189.9108887,-5.00999975204,-434.915435791,False
46.900000000000006,-0.055,-0.327,-0.301,-0.2157463,0.46091255,11.42474725,22.0699996948,40.8435783386,13.4299993515,0.60944634676,-103.263877869,-3.45145273209,-17.6373119354,0.589385569096,97189.0197754,-5.0,-436.940093994,False
47.0,-0.239,-0.331,-0.249,-0.2549729,0.2745862,11.66010685,19.0299987793,40.8435783386,14.0900001526,0.60944634676,-103.263877869,-2.74533891678,-17.6614780426,0.653558969498,97192.6879883,-4.98000001907,-431.789581299,False
47.1,-0.31,-0.33,-0.26,-0.1372931,0.73549875,12.1014061,15.9899997711,40.8435783386,14.0900001526,0.60944634676,-103.263877869,-1.99120986462,-17.6564807892,0.641987264156,97189.3127441,-4.96000003815,-434.889984131,False
47.2,-0.426,-0.318,-0.26,0.00980665,0.44129925,12.9251647,12.6399993896,38.0506286621,14.1599998474,1.56078517437,-94.0001831055,-1.10322964191,-17.6118373871,0.495451003313,97189.8864746,-4.94000005722,-442.99105835,False
47.300000000000004,-0.411,-0.306,-0.305,0.14709975,0.50013915,13.7881499,9.03999996185,38.0506286621,14.2699995041,1.56078517437,-94.0001831055,-0.219064459205,-17.5166015625,0.193829923868,97192.96875,-4.92000007629,-454.075042725,False
47.400000000000006,-0.477,-0.259,-0.323,0.0980665,0.67665885,14.121576,5.38000011444,38.0506286621,14.3699998856,1.56078517437,-94.0001831055,0.17370569706,-17.4478206635,0.0765475779772,97195.2331543,-4.92999982834,-462.734222412,False
47.5,-0.488,-0.218,-0.366,-0.08825985,-0.0784532,12.83690485,2.01999998093,38.0506286621,14.279999733,1.56078517437,-94.0001831055,0.643126130104,-17.32695961,-0.0320621952415,97192.4255371,-4.96000003815,-468.389526367,False
47.6,-0.464,-0.226,-0.363,-0.0588399,-0.16671305,13.6116302,-0.979999959469,28.3011455536,14.2100000381,2.52736639977,-84.7943954468,1.27399873734,-17.1472740173,-0.287937790155,97190.612793,-5.00999975204,-462.140838623,False
47.7,-0.544,-0.229,-0.342,0.02941995,-0.14709975,13.9842829,-3.8599998951,28.3011455536,14.1499996185,2.52736639977,-84.7943954468,1.86243867874,-16.9280567169,-0.645397365093,97191.5039062,-5.07999992371,-452.570343018,False
47.800000000000004,-0.467,-0.18,-0.351,-0.1569064,-0.7256921,12.71922505,-6.65999984741,28.3011455536,14.0499992371,2.52736639977,-84.7943954468,2.28238916397,-16.7251167297,-0.891617178917,97191.5344238,-5.17999982834,-453.910644531,False
47.900000000000006,-0.409,-0.185,-0.312,-0.1372931,-0.3138128,12.3367657,-9.11999988556,18.1710319519,13.75,3.34865570068,-75.8199310303,2.57154631615,-16.5526332855,-1.07231521606,97189.2700195,-5.30999994278,-443.302154541,False
48.0,-0.329,-0.18,-0.276,-0.0392266,0.26477955,12.30734575,-9.11999988556,18.1710319519,13.75,3.34865570068,-75.8199310303,2.68939399719,-16.4751110077,-1.16023182869,97188.0310059,-5.30999994278,-443.302154541,False
48.1,-0.259,-0.18,-0.228,-0.0784532,-0.67665885,12.34657235,-13.2199993134,18.1710319519,13.25,3.34865570068,-75.8199310303,3.21126914024,-16.0517349243,-1.53871011734,97183.1726074,-5.6299996376,-421.261230469,False
48.2,-0.271,-0.132,-0.116,-0.196133,-0.61781895,11.50320045,-14.9299993515,18.1710319519,12.8199996948,3.34865570068,-75.8199310303,3.43266272545,-15.815372467,-1.66715204716,97182.8674316,-5.81999969482,-408.180053711,False
48.300000000000004,-0.324,-0.128,-0.042,-0.20593965,-0.20593965,11.09132115,-16.4300003052,11.6962890625,12.3699998856,5.37688112259,-70.3228225708,3.55921912193,-15.6261892319,-1.74277961254,97177.9052734,-6.02999973297,-389.488220215,False
48.400000000000006,-0.579,-0.096,0.009,-0.2549729,-0.2549729,10.2969825,-16.4300003052,11.6962890625,12.3599996567,5.37688112259,-70.3228225708,3.60700416565,-15.5360832214,-1.7499614954,97176.9226074,-6.02999973297,-389.488220215,False
48.5,-0.545,-0.075,0.008,-0.12748645,0.34323275,10.0616229,-18.4599990845,11.6962890625,11.2899999619,5.37688112259,-70.3228225708,3.67516756058,-15.327038765,-1.78222954273,97173.651123,-6.48000001907,-334.102050781,False
48.6,-0.336,-0.081,-0.026,0.00980665,1.3366776659099999e-15,10.91480145,-19.0399990082,11.6962890625,10.8499994278,5.37688112259,-70.3228225708,3.68639183044,-14.9894094467,-1.949234128,97172.3083496,-6.71000003815,-320.814147949,False
48.7,-0.373,-0.049,-0.024,0.0392266,-0.2353596,10.9638347,-19.4599990845,2.38505387306,10.4200000763,6.84534215927,-69.6881637573,3.64726686478,-14.8089904785,-2.04808330536,97168.5546875,-6.94999980927,-302.378265381,False
48.800000000000004,-0.324,-0.015,-0.018,0.0980665,-0.40207265,11.16977435,-19.7600002289,2.38505387306,9.88999938965,6.84534215927,-69.6881637573,3.61603331566,-14.7526512146,-2.08910655975,97168.8415527,-7.19000005722,-277.958679199,False
48.900000000000006,-0.393,-0.01,0.005,0.22555295,0.12748645,11.4149406,-19.859998703,2.38505387306,9.4299993515,6.84534215927,-69.6881637573,3.48450136185,-14.5284051895,-2.29257702827,97166.015625,-7.44999980927,-268.601409912,False
49.0,-0.522,0.036,0.015,0.00980665,-0.1176798,11.52281375,-19.7899990082,2.38505387306,8.88000011444,6.84534215927,-69.6881637573,3.42884516716,-14.4781522751,-2.28495788574,97165.1306152,-7.71999979019,-256.703948975,False
49.1,-0.815,0.021,0.008,0.0980665,-0.67665885,10.67944185,-19.4399986267,-7.79653453827,8.5,6.76055574417,-69.249458313,3.08842253685,-14.2763271332,-2.48634004593,97162.0422363,-8.0,-241.05166626,False
49.2,-0.74,0.038,0.019,0.1176798,-0.3334261,10.36562905,-18.8999996185,-7.79653453827,7.94000005722,6.76055574417,-69.249458313,2.89690685272,-14.2138729095,-2.54387879372,97159.2346191,-8.28999996185,-214.30682373,False
49.300000000000004,-0.172,0.045,0.086,-0.0196133,-0.392266,9.32612415,-18.1900005341,-7.79653453827,7.42999982834,6.76055574417,-69.249458313,2.54053854942,-14.0961771011,-2.58034038544,97156.1401367,-8.57999992371,-212.709991455,False
49.400000000000006,0.095,0.017,0.226,0.0392266,-0.6080123,11.01286795,-17.3400001526,-7.79653453827,6.94000005722,6.76055574417,-69.249458313,2.3191587925,-14.0390405655,-2.64703536034,97155.4382324,-8.88000011444,-203.606414795,False
49.5,0.03,0.041,0.279,0.02941995,-0.6276256,10.64021525,-16.3999996185,-7.79653453827,6.55999994278,6.76055574417,-69.249458313,2.21512413025,-14.004483223,-2.67238616943,97150.5065918,-9.17000007629,-195.907974243,False
49.6,-0.012,0.007,0.406,-0.10787315,0.0588399,10.1008495,-15.3599996567,-7.79653453827,6.15000009537,6.76055574417,-69.249458313,1.94233155251,-13.9396095276,-2.71858429909,97149.005127,-9.46999931335,-188.058654785,False
49.7,0.003,-0.01,0.396,-0.0784532,-0.2745862,10.44408225,-14.2899999619,-15.5469484329,5.71000003815,4.59805345535,-73.1560211182,1.64694321156,-13.8726701736,-2.73584079742,97144.6594238,-9.76999950409,-166.092300415,False
49.800000000000004,-0.113,-0.023,0.381,-0.1765197,-0.24516625,10.1793027,-12.9699993134,-15.5469484329,5.30999994278,4.59805345535,-73.1560211182,1.335916996,-13.8164520264,-2.74900078773,97141.1621094,-10.0799999237,-153.18927002,False
49.900000000000006,-0.114,-0.02,0.351,-0.30400615,-0.20593965,9.610517,-11.6300001144,-15.5469484329,4.78999996185,4.59805345535,-73.1560211182,0.834375560284,-13.6974258423,-2.64984846115,97139.6606445,-10.3800001144,-130.547912598,False
50.0,-0.048,-0.021,0.302,-0.26477955,0.22555295,8.7475318,-10.1599998474,-17.5367736816,4.23000001907,2.45277380943,-81.1223449707,0.518479466438,-13.6106843948,-2.53263020515,97139.0136719,-10.6799993515,-108.566665649,False
50.1,-0.01,-0.035,0.274,-0.34323275,-0.12748645,9.34573745,-8.64999961853,-17.5367736816,3.67999982834,2.45277380943,-81.1223449707,0.188130185008,-13.523724556,-2.42041516304,97134.8266602,-10.9600000381,-92.4463272095,False
50.2,0.037,-0.036,0.235,-0.2549729,-0.02941995,9.75761675,-7.0,-17.5367736816,3.1899998188,2.45277380943,-81.1223449707,-0.198603659868,-13.4248209,-2.33588314056,97130.4992676,-11.2199993134,-75.8253097534,False
50.300000000000004,0.067,-0.026,0.178,-0.1372931,0.3530394,9.2770909,-5.28999996185,-17.5367736816,2.65999984741,2.45277380943,-81.1223449707,-0.331959813833,-13.3881931305,-2.29235982895,97129.1687012,-11.4799995422,-55.8294296265,False
50.400000000000006,0.102,0.006,0.147,-0.12748645,0.3530394,8.97308475,-3.61999988556,-17.5367736816,2.0,2.45277380943,-81.1223449707,-0.749069213867,-13.2527866364,-2.13365578651,97123.614502,-11.7199993134,-28.3479690552,False
50.5,0.165,-0.017,0.138,-0.02941995,0.40207265,9.3555441,-1.89999997616,-16.915435791,1.42999994755,1.22095537186,-87.4073410034,-0.936890423298,-13.1973752975,-2.09829187393,97123.2971191,-11.9499998093,-10.6884002686,False
50.6,0.158,0.005,0.114,-0.0980665,0.4511059,9.18883105,-0.109999999404,-16.915435791,0.899999976158,1.22095537186,-87.4073410034,-1.18605434895,-13.1329669952,-2.04764580727,97119.4885254,-12.1700000763,-3.56731414795,False
50.7,0.186,0.007,0.071,-0.06864655,0.32361945,9.50264385,1.63999998569,-16.915435791,0.389999985695,1.22095537186,-87.4073410034,-1.63468194008,-12.9744920731,-1.93666744232,97116.5222168,-12.3899993896,-4.3586730957,False
50.800000000000004,0.218,0.014,0.048,-0.26477955,-0.06864655,9.218251,3.26999998093,-13.9722280502,-0.0399999991059,0.81972271204,-88.9479827881,-1.81698286533,-12.9019956589,-1.83756017685,97116.0217285,-12.5900001526,-2.93598175049,False
50.900000000000006,0.266,0.039,0.04,-0.28439285,0.00980665,8.75733845,4.69999980927,-13.9722280502,-0.550000011921,0.81972271204,-88.9479827881,-2.01126790047,-12.7795248032,-1.70611250401,97112.2558594,-12.7899999619,12.940120697,False
51.0,0.342,0.027,0.036,-0.3138128,-0.2157463,9.18883105,5.98000001907,-13.9722280502,-0.939999997616,0.81972271204,-88.9479827881,-2.17727565765,-12.6828269958,-1.57404363155,97111.9689941,-12.9799995422,14.4556045532,False
51.1,0.5,0.048,0.059,-0.2353596,0.0196133,8.4533323,7.06999969482,-13.9722280502,-1.26999998093,0.81972271204,-88.9479827881,-2.27331113815,-12.5928564072,-1.47845339775,97109.1552734,-13.1499996185,18.4936523438,False
51.2,0.481,0.051,0.072,-0.3138128,-0.0784532,8.4925589,7.94999980927,-13.9722280502,-1.4699999094,0.81972271204,-88.9479827881,-2.36575961113,-12.4929323196,-1.33277356625,97106.8786621,-13.3099994659,20.8206176758,False
51.300000000000004,0.275,0.046,0.1,-0.1569064,1.0796704597e-15,8.81617835,8.55000019073,-3.98663496971,-1.70999991894,-0.494075030088,-90.0473251343,-2.40275669098,-12.3863506317,-1.20790326595,97105.279541,-13.4600000381,26.083278656,False
51.400000000000006,0.223,0.059,0.128,-0.10787315,0.16671305,8.8063717,9.05999946594,-3.98663496971,-1.78999996185,-0.494075030088,-90.0473251343,-2.41947388649,-12.3255777359,-1.15283882618,97103.7414551,-13.5999994278,23.2662200928,False
51.5,0.222,0.059,0.097,-0.3334261,-0.0980665,8.75733845,9.48999977112,-3.98663496971,-1.86000001431,-0.494075030088,-90.0473251343,-2.4111571312,-12.2508249283,-1.02163660526,97100.2502441,-13.7299995422,16.8580055237,False
51.6,0.176,0.092,0.102,-0.32361945,0.2157463,7.6884136,9.75,-3.98663496971,-2.00999999046,-0.494075030088,-90.0473251343,-2.39468932152,-12.1808595657,-0.841394841671,97101.0742188,-13.8499994278,16.1322593689,False
51.7,0.1,0.075,0.107,-0.28439285,0.12748645,7.67860695,9.98999977112,1.18771481514,-2.00999999046,-2.12295675278,-92.6941680908,-2.38056969643,-12.1404056549,-0.73409897089,97098.3886719,-13.9600000381,12.2267723083,False
51.800000000000004,0.083,0.051,0.095,-0.14709975,0.2941995,8.6494653,10.2399997711,1.18771481514,-1.83999991417,-2.12295675278,-92.6941680908,-2.36707425117,-12.1093683243,-0.643283963203,97097.052002,-14.0499992371,-4.52442169189,False
51.900000000000006,-0.003,0.074,0.054,-0.20593965,0.4314926,8.8848249,10.4799995422,1.18771481514,-1.63999998569,-2.12295675278,-92.6941680908,-2.34637594223,-12.0711765289,-0.573740780354,97098.8830566,-14.1300001144,-11.5196228027,False
52.0,0.023,0.09,-1.10218211923e-17,-0.26477955,0.392266,8.433719,10.7199993134,2.19014620781,-1.5,-3.58228945732,-94.0656967163,-2.33292484283,-12.0607509613,-0.509098649025,97096.9299316,-14.1999998093,-15.799331665,False
52.1,-0.014,0.096,-0.04,-0.32361945,0.2941995,7.93357985,10.9200000763,2.19014620781,-1.42999994755,-3.58228945732,-94.0656967163,-2.29996442795,-12.0269889832,-0.275394171476,97097.4060059,-14.2599992752,-11.7052078247,False
52.2,0.034,0.068,-0.072,-0.34323275,1.00761236451e-15,8.22777935,11.1099996567,2.19014620781,-1.37000000477,-3.58228945732,-94.0656967163,-2.26784944534,-12.0248994827,-0.101812057197,97096.2097168,-14.3099994659,-8.0451965332,False
52.300000000000004,0.163,0.072,-0.095,-0.30400615,0.2549729,7.7668668,11.2199993134,2.19014620781,-1.37000000477,-3.58228945732,-94.0656967163,-2.23070669174,-12.021522522,0.0312696322799,97095.8740234,-14.3400001526,1.91917419434,False
52.400000000000006,0.137,0.014,-0.086,-0.196133,0.0980665,9.1790244,11.279999733,3.35577130318,-1.30999994278,-5.09163570404,-92.8086166382,-2.17843842506,-12.0419521332,0.137456908822,97096.3867188,-14.3499994278,-0.00457763671875,False
52.5,0.129,0.016,-0.095,-0.1372931,0.1765197,9.2770909,11.2399997711,3.35577130318,-1.13999998569,-5.09163570404,-92.8086166382,-2.09510612488,-12.0727052689,0.219860568643,97094.7814941,-14.3400001526,-14.7481918335,False
52.6,0.153,-0.002,-0.105,-0.1176798,0.0784532,9.7281968,11.1399993896,3.35577130318,-0.919999957085,-5.09163570404,-92.8086166382,-2.07734799385,-12.0818014145,0.218192011118,97096.5515137,-14.3299999237,-34.7787857056,False
52.7,0.22,-1.5797943709e-17,-0.129,-0.24516625,0.10787315,9.30651085,10.9499998093,3.35577130318,-0.620000004768,-5.09163570404,-92.8086166382,-1.90856122971,-12.1445808411,0.285863637924,97099.0112305,-14.3199996948,-61.4261627197,False
52.800000000000004,0.177,0.005,-0.14,-0.2941995,0.0588399,8.8848249,10.7299995422,7.09768390656,-0.319999992847,-5.91704750061,-90.0925369263,-1.84766876698,-12.163693428,0.354081869125,97094.2260742,-14.3099994659,-76.0862350464,False
52.900000000000006,-0.012,0.005,-0.128,-0.30400615,0.24516625,8.11009955,10.4099998474,7.09768390656,-0.149999991059,-5.91704750061,-90.0925369263,-1.69108581543,-12.1930732727,0.542218089104,97096.7529297,-14.279999733,-74.1121292114,False
53.0,-0.012,0.005,-0.128,-0.30400615,0.24516625,8.11009955,10.0699996948,7.09768390656,0.159999996424,-5.91704750061,-90.0925369263,-1.69108581543,-12.1930732727,0.542218089104,97096.7529297,-14.2399997711,-80.680847168,False
53.1,-0.322,-0.012,-0.106,-0.16671305,1.0988859517599999e-15,8.97308475,9.73999977112,7.09768390656,0.409999996424,-5.91704750061,-90.0925369263,-1.54458498955,-12.2563591003,0.63453489542,97095.6542969,-14.1899995804,-87.0573043823,False
53.2,-0.236,0.011,-0.108,-0.196133,0.08825985,8.36507245,9.46999931335,4.52883481979,0.509999990463,-6.15039968491,-87.5275192261,-1.46318590641,-12.3015604019,0.744050502777,97098.6694336,-14.1300001144,-82.9807281494,False
53.300000000000004,-0.192,-0.017,-0.092,-0.1176798,0.0980665,9.5516771,9.30999946594,4.52883481979,0.639999985695,-6.15039968491,-87.5275192261,-1.39429020882,-12.3505897522,0.814619481564,97098.3154297,-14.0699996948,-75.9075164795,False
53.400000000000006,-0.067,-0.027,-0.083,-0.0784532,1.19616438027e-15,9.7674234,9.22000026703,4.52883481979,0.839999973774,-6.15039968491,-87.5275192261,-1.31235194206,-12.4606924057,0.787107586861,97098.4680176,-14.0,-92.4938201904,False
53.5,0.049,-0.036,-0.069,-0.14709975,-0.0196133,9.97336305,9.09000015259,4.52883481979,0.989999949932,-6.15039968491,-87.5275192261,-1.27192294598,-12.5100698471,0.75549608469,97098.7304688,-13.9299993515,-105.792236328,False
53.6,0.11,-0.051,-0.061,-0.1569064,-0.16671305,10.20872265,9.0,4.52883481979,1.10000002384,-6.15039968491,-87.5275192261,-1.22736537457,-12.5634393692,0.740024149418,97100.6958008,-13.8599996567,-112.29057312,False
53.7,0.162,-0.029,-0.035,-0.0392266,-0.16671305,9.8654899,8.84000015259,2.74784946442,1.12999999523,-5.71562004089,-84.7803955078,-1.12258446217,-12.6245679855,0.747238755226,97101.9287109,-13.7999992371,-112.351036072,False
53.800000000000004,0.17,-0.058,-0.007,0.00980665,-0.0588399,10.4342756,8.57999992371,2.74784946442,1.20999991894,-5.71562004089,-84.7803955078,-1.04814171791,-12.6840162277,0.69212692976,97102.520752,-13.75,-109.903144836,False
53.900000000000006,0.067,-0.04,0.017,0.0196133,0.08825985,9.8851032,8.21000003815,2.74784946442,1.27999997139,-5.71562004089,-84.7803955078,-0.935976862907,-12.7497253418,0.639571785927,97102.3498535,-13.6899995804,-107.764434814,False
54.0,-0.144,-0.024,0.036,0.00980665,-0.0980665,10.01258965,7.8799996376,3.93880963326,1.12000000477,-5.19562721252,-84.7638320923,-0.889681220055,-12.7823123932,0.634661793709,97102.7709961,-13.6499996185,-96.2329864502,False
54.1,-0.188,-0.039,0.037,-0.0980665,-0.1569064,9.73800345,7.8799996376,3.93880963326,1.12000000477,-5.19562721252,-84.7638320923,-0.833408236504,-12.802075386,0.641331136227,97102.9724121,-13.5999994278,-86.873626709,False
54.2,0.047,-0.05,0.014,-0.0980665,-0.00980665,9.80665,7.38999986649,3.93880963326,0.669999957085,-5.19562721252,-84.7638320923,-0.776589334011,-12.837389946,0.670501589775,97105.7861328,-13.5599994659,-79.7546386719,False
54.300000000000004,0.148,-0.038,0.027,-0.02941995,-0.0588399,9.7478101,7.19000005722,3.93880963326,0.479999989271,-5.19562721252,-84.7638320923,-0.677112042904,-12.8883285522,0.621592283249,97105.9265137,-13.5199995041,-73.1815338135,False
54.400000000000006,0.157,-0.031,0.026,-0.0980665,-0.0196133,9.3555441,6.94999980927,3.57768726349,0.269999980927,-4.42728567123,-85.3514709473,-0.580639719963,-12.9122810364,0.624110341072,97104.8278809,-13.4699993134,-67.2691345215,False
54.5,0.071,-0.026,0.035,0.0,-0.18632635,9.58109705,6.57999992371,3.57768726349,0.0,-4.42728567123,-85.3514709473,-0.513194620609,-12.9239768982,0.653828680515,97105.859375,-13.4299993515,-53.4009933472,False
54.6,0.108,-0.008,0.044,-0.0392266,-0.0588399,9.0417313,6.21000003815,3.57768726349,-0.299999982119,-4.42728567123,-85.3514709473,-0.423065066338,-12.9424152374,0.690818607807,97106.4575195,-13.3800001144,-40.5590057373,False
54.7,0.242,-0.014,0.035,0.0196133,0.14709975,8.85540495,5.77999973297,3.57768726349,-0.52999997139,-4.42728567123,-85.3514709473,-0.33000344038,-12.9627428055,0.731244325638,97104.3579102,-13.3299999237,-29.1557312012,False
54.800000000000004,0.212,-0.014,0.031,0.0392266,0.20593965,9.24767095,5.27999973297,6.70354366302,-0.810000002384,-4.01670646667,-86.0366287231,-0.240260973573,-12.9805936813,0.76135456562,97108.1787109,-13.279999733,-10.3302001953,False
54.900000000000006,0.03,-0.012,0.019,-0.02941995,0.2353596,8.8848249,4.71999979019,6.70354366302,-1.14999997616,-4.01670646667,-86.0366287231,-0.0841917470098,-12.9885673523,0.882995843887,97109.6008301,-13.2199993134,4.74004745483,False
55.0,0.0,0.001,0.001,-0.06864655,0.0784532,8.50236555,4.15999984741,6.70354366302,-1.56999993324,-4.01670646667,-86.0366287231,-0.0182339902967,-12.9893217087,0.944394469261,97107.5622559,-13.1499996185,23.1808662415,False
55.1,-0.027,-0.004,-0.031,-0.10787315,0.08825985,9.0809579,3.55999994278,7.39367723465,-1.56999993324,-4.01670646667,-86.0366287231,0.0460340231657,-12.9824638367,1.02455794811,97110.9191895,-13.0799999237,32.2826385498,False
55.2,-0.027,-0.004,-0.031,-0.10787315,0.08825985,9.0809579,3.55999994278,7.39367723465,-1.88999998569,-4.15461397171,-85.8913192749,0.108675584197,-12.9785051346,1.10164880753,97110.9191895,-13.0799999237,32.2826385498,False
55.300000000000004,-0.035,0.012,-0.047,-0.06864655,0.2745862,7.8845466,2.55999994278,7.39367723465,-2.53999996185,-4.15461397171,-85.8913192749,0.257348120213,-12.9596376419,1.50567674637,97108.1726074,-12.8800001144,73.8957366943,False
55.400000000000006,-0.003,-0.004,-0.107,-0.1765197,0.3726527,7.9041599,2.19000005722,7.39367723465,-2.75,-4.15461397171,-85.8913192749,0.295124471188,-12.9580488205,1.61802399158,97110.748291,-12.75,86.2194976807,False
55.5,-0.143,0.015,-0.138,-0.2353596,0.30400615,8.1199062,1.73000001907,7.01047086716,-2.9399998188,-4.61761569977,-84.7568206787,0.403305143118,-12.9331111908,1.83514213562,97112.7807617,-12.5999994278,93.2778320312,False
55.6,-0.087,0.003,-0.158,-0.16671305,0.0784532,8.75733845,1.26999998093,7.01047086716,-2.98000001907,-4.61761569977,-84.7568206787,0.434969842434,-12.9312295914,1.87698185444,97116.3208008,-12.4399995804,86.9092941284,False
55.7,-0.111,0.004,-0.159,-0.1176798,0.20593965,8.5710121,0.810000002384,7.01047086716,-2.88999986649,-4.61761569977,-84.7568206787,0.490593224764,-12.9198169708,1.97449243069,97120.3552246,-12.2599992752,85.4265213013,False
55.800000000000004,-0.148,0.008,-0.163,-0.12748645,0.2941995,8.5121722,0.449999988079,7.01047086716,-2.73000001907,-4.61761569977,-84.7568206787,0.56393891573,-12.9287586212,2.12796187401,97117.9992676,-12.0699996948,90.6111755371,False
55.900000000000006,-0.152,-0.011,-0.215,-0.0196133,0.0196133,9.9047165,0.149999991059,7.01047086716,-2.5,-4.61761569977,-84.7568206787,0.605611979961,-12.9341363907,2.188341856,97121.9970703,-11.8800001144,84.4202041626,False
56.0,-0.117,0.029,-0.232,-0.55897905,-0.2157463,7.75706015,-0.119999997318,2.66060638428,-2.27999997139,-5.30809211731,-79.0051574707,0.635350167751,-12.9039344788,2.41153311729,97125.4882812,-11.6700000763,72.2731628418,False
56.1,0.07,-0.03,-0.183,-0.4511059,-0.0196133,8.56120545,-0.370000004768,2.66060638428,-2.07999992371,-5.30809211731,-79.0051574707,0.665523469448,-12.8784170151,2.5976998806,97128.4423828,-11.4499998093,75.0200271606,False
56.2,-0.137,-0.054,-0.149,-0.3530394,-0.00980665,9.03192465,-0.610000014305,2.66060638428,-1.51999998093,-5.30809211731,-79.0051574707,0.686011254787,-12.8755741119,2.69290471077,97132.1166992,-11.2100000381,61.2191200256,False
56.300000000000004,-0.108,-0.063,-0.151,-0.48052585,0.00980665,8.6494653,-0.77999997139,2.66060638428,-1.04999995232,-5.30809211731,-79.0051574707,0.686047077179,-12.8643627167,2.82663869858,97137.2558594,-10.9499998093,63.5934829712,False
56.400000000000006,-0.14,-0.064,-0.164,-0.2549729,0.2157463,8.79656505,-0.930000007153,1.20910489559,-0.740000009537,-4.97907066345,-75.0983581543,0.699643909931,-12.860417366,2.9123570919,97139.3798828,-10.6899995804,70.9681549072,False
56.5,-0.068,-0.089,-0.138,0.02941995,0.20593965,9.218251,-1.11000001431,1.20910489559,-0.289999991655,-4.97907066345,-75.0983581543,0.707848370075,-12.8668766022,2.94198846817,97140.2038574,-10.4099998474,68.1143798828,False
56.6,-0.368,-0.109,-0.07,0.20593965,-0.2745862,10.22833595,-1.32999992371,1.20910489559,0.239999994636,-4.97907066345,-75.0983581543,0.738994896412,-12.926399231,2.83252620697,97144.1833496,-10.1199998856,70.1911010742,False
56.7,-0.368,-0.109,-0.07,0.20593965,-0.2745862,10.22833595,-1.32999992371,1.20910489559,0.239999994636,-4.97907066345,-75.0983581543,0.738994896412,-12.926399231,2.83252620697,97144.1833496,-10.1199998856,70.1911010742,False
56.800000000000004,0.308,-0.103,0.09,0.5491724,-0.89240515,12.24850585,-1.67999994755,-2.62771320343,1.12999999523,-2.54032254219,-73.3433380127,0.780987083912,-13.0118770599,2.51781725883,97153.9123535,-9.57999992371,54.7174453735,False
56.900000000000006,0.268,-0.068,0.191,0.588399,0.1176798,12.05237285,-1.97999989986,-2.62771320343,1.48000001907,-2.54032254219,-73.3433380127,0.794061660767,-13.0806026459,2.21764421463,97157.3669434,-9.34000015259,50.2282142639,False
57.0,0.054,-0.088,0.262,0.42168595,-0.48052585,11.85623985,-2.14999985695,-2.62771320343,1.67999994755,-2.54032254219,-73.3433380127,0.805614709854,-13.0966043472,2.12663626671,97160.3027344,-9.11999988556,53.4099578857,False
57.1,-0.094,-0.111,0.287,0.34323275,0.5687857,11.3953273,-2.3599998951,0.124585613608,1.74000000954,-1.41637957096,-76.1961669922,0.810931563377,-13.1273460388,1.90824985504,97161.6516113,-8.9299993515,48.7739562988,False
57.2,-0.101,-0.109,0.246,0.2549729,0.5099458,11.24822755,-2.24000000954,0.124585613608,1.74000000954,-1.41637957096,-76.1961669922,0.731023609638,-13.1391916275,1.67133867741,97163.458252,-8.76000022888,46.081829071,False
57.300000000000004,-0.099,-0.101,0.186,0.0196133,-0.34323275,10.38524235,-2.09999990463,0.124585613608,1.70999991894,-1.41637957096,-76.1961669922,0.712185323238,-13.1305036545,1.64299154282,97168.0969238,-8.60999965668,38.0935668945,False
57.400000000000006,-0.155,-0.116,0.118,0.14709975,0.4707192,10.7284751,-1.82999992371,0.124585613608,1.68999993801,-1.41637957096,-76.1961669922,0.566103935242,-13.1117267609,1.46650505066,97167.3706055,-8.46000003815,44.7262763977,False
57.5,-0.049,-0.119,0.071,0.32361945,1.08853815,11.179581,-1.33999991417,-2.70665884018,1.80999994278,0.886401772499,-80.8683319092,0.466444790363,-13.1021270752,1.34375739098,97168.8415527,-8.31999969482,42.7839279175,False
57.6,-0.088,-0.138,0.038,0.6864655,1.1179581,12.552512,-1.33999991417,-2.70665884018,1.80999994278,0.886401772499,-80.8683319092,0.412240415812,-13.1030015945,1.25057935715,97173.7976074,-8.31999969482,42.7839279175,False
57.7,-0.012,-0.102,-0.006,0.48052585,1.0002783,11.60126695,-0.0799999982119,-2.70665884018,2.18000006676,0.886401772499,-80.8683319092,0.208853766322,-13.0726976395,0.89925557375,97177.545166,-8.09000015259,24.6759414673,False
57.800000000000004,0.264,-0.067,-0.069,0.44129925,0.8433719,10.7088618,0.489999979734,-2.70665884018,2.08999991417,0.886401772499,-80.8683319092,0.120770819485,-13.030880928,0.774929523468,97177.5817871,-8.01000022888,25.6971359253,False
57.900000000000006,0.388,-0.066,-0.087,0.32361945,0.5099458,9.3751574,0.849999964237,-2.70665884018,2.00999999046,0.886401772499,-80.8683319092,0.0722961574793,-12.9707183838,0.750416517258,97176.4892578,-7.92999982834,45.9501266479,False
58.0,0.315,-0.039,-0.069,0.20593965,0.2941995,8.62004535,1.03999996185,1.49330449104,1.63999998569,3.48212647438,-80.0227432251,0.0536603070796,-12.9008817673,0.828117847443,97174.4262695,-7.85999965668,79.3147125244,False
58.1,0.538,-0.042,-0.11,0.10787315,0.1372931,8.28661925,1.07999992371,1.49330449104,1.38999998569,3.48212647438,-80.0227432251,0.0638957619667,-12.8038511276,1.02757537365,97176.9104004,-7.77999973297,91.7849578857,False
58.2,0.299,-0.036,-0.08,0.0588399,0.1176798,7.453054,1.03999996185,1.49330449104,0.959999978542,3.48212647438,-80.0227432251,0.0805872753263,-12.7276268005,1.24425554276,97176.6784668,-7.67999982834,133.009155273,False
58.300000000000004,0.12,-0.054,-0.106,0.20593965,0.67665885,7.9041599,0.930000007153,1.49330449104,0.620000004768,3.48212647438,-80.0227432251,0.128022789955,-12.6615028381,1.36698806286,97180.4016113,-7.55999994278,158.918945312,False
58.400000000000006,-0.314,-0.044,-0.106,0.51975245,0.26477955,9.03192465,0.550000011921,7.98885297775,0.539999961853,3.99796032906,-78.0667953491,0.166303560138,-12.6062393188,1.4149428606,97181.25,-7.41999959946,163.24786377,False
58.5,-0.281,-0.01,-0.147,0.79433865,0.196133,10.5127288,0.280000001192,7.98885297775,0.740000009537,3.99796032906,-78.0667953491,0.234888732433,-12.538444519,1.3263553381,97185.8886719,-7.26999998093,149.185653687,False
58.6,-0.212,-0.006,-0.127,1.1571847,0.65704555,11.3953273,0.0299999993294,7.98885297775,1.0,3.99796032906,-78.0667953491,0.253627240658,-12.5213851929,1.21471726894,97186.6699219,-7.11999988556,136.340240479,False
58.7,-0.19,-0.013,-0.122,1.20621795,0.59820565,11.7483667,-0.0499999970198,2.8525993824,1.36000001431,4.07559490204,-75.4533157349,0.25216114521,-12.5182952881,0.981162965298,97191.4428711,-6.98000001907,118.406005859,False
58.800000000000004,-0.059,-0.018,-0.125,1.34351105,0.588399,12.2779258,-0.109999999404,2.8525993824,1.82999992371,4.07559490204,-75.4533157349,0.244469344616,-12.5271167755,0.834678053856,97192.388916,-6.86999988556,95.7156219482,False
58.900000000000006,-0.038,-0.002,-0.139,1.1571847,0.48052585,11.62088025,-0.0899999961257,2.8525993824,2.22000002861,4.07559490204,-75.4533157349,0.249387979507,-12.522108078,0.604235827923,97193.2312012,-6.76999998093,73.9466705322,False
59.0,0.038,-0.034,-0.101,0.8433719,0.3334261,10.71866845,-0.209999993443,1.89921653271,2.41999983788,4.10226964951,-72.8879013062,0.254232734442,-12.5103607178,0.553150773048,97193.7194824,-6.69999980927,66.7114257812,False
59.1,-0.011,-0.039,-0.064,0.8041453,-0.06864655,9.79684335,-0.299999982119,1.89921653271,2.40999984741,4.10226964951,-72.8879013062,0.288489550352,-12.4692687988,0.485960036516,97195.0317383,-6.63999986649,79.7634124756,False
59.2,0.016,-0.113,-0.008,1.28467115,0.1176798,12.69961175,-0.519999980927,1.89921653271,2.61999988556,4.10226964951,-72.8879013062,0.300183922052,-12.4575891495,0.389209538698,97196.4355469,-6.57999992371,76.8540344238,False
59.300000000000004,0.016,-0.113,-0.008,1.28467115,0.1176798,12.69961175,-0.729999959469,1.89921653271,2.88999986649,4.10226964951,-72.8879013062,0.327112525702,-12.443523407,0.211817920208,97196.4355469,-6.53999996185,62.4135017395,False
59.400000000000006,0.0,-0.081,0.08,1.10815145,0.10787315,11.99353295,-0.909999966621,1.45502686501,3.0,5.39370298386,-72.3975296021,0.354536503553,-12.4023294449,-0.168045401573,97198.4436035,-6.52999973297,47.6308822632,False
59.5,-0.063,-0.091,0.127,1.04931155,0.42168595,12.38579895,-0.969999969006,1.45502686501,2.91999983788,5.39370298386,-72.3975296021,0.329739481211,-12.3581705093,-0.472254633904,97193.4997559,-6.5499997139,46.8992233276,False
59.6,-0.178,-0.053,0.095,0.87279185,0.50013915,11.3364874,-0.870000004768,1.45502686501,2.74000000954,5.39370298386,-72.3975296021,0.281490564346,-12.2875213623,-0.701278209686,97192.1875,-6.58999967575,54.6248435974,False
59.7,-0.166,-0.068,0.073,0.93163175,0.3726527,11.6110736,-0.649999976158,1.45502686501,2.52999997139,5.39370298386,-72.3975296021,0.249714583158,-12.2670240402,-0.795780718327,97193.1640625,-6.64999961853,50.5572319031,False
59.800000000000004,0.007,-0.012,0.055,0.7256921,0.26477955,10.44408225,-0.370000004768,-1.35319447517,2.26999998093,6.77610063553,-74.6367263794,0.181301221251,-12.2113609314,-0.927914023399,97192.0654297,-6.73999977112,57.0470809937,False
59.900000000000006,-0.004,-0.001,0.046,0.7453054,0.6472389,10.40485565,0.0,-1.35319447517,1.93999993801,6.77610063553,-74.6367263794,0.0975899547338,-12.1559066772,-1.00495707989,97189.630127,-6.82999992371,70.9826507568,False
60.0,-0.06,0.004,0.022,0.6080123,0.2941995,9.9047165,0.389999985695,-1.35319447517,1.59999990463,6.77610063553,-74.6367263794,-0.0326705724001,-12.0679416656,-1.0202511549,97190.1062012,-6.94000005722,85.5498352051,False
60.1,-0.016,0.028,-0.012,0.59820565,0.3726527,9.7478101,0.799999952316,-1.35319447517,1.14999997616,6.77610063553,-74.6367263794,-0.121472589672,-12.0135011673,-0.974759221077,97186.895752,-7.03999996185,102.740859985,False
60.2,0.06,0.058,-0.028,0.44129925,0.0784532,7.77667345,1.25999999046,-1.75158560276,0.75,6.04101324081,-74.8961791992,-0.160439625382,-11.9834947586,-0.866243362427,97185.5895996,-7.13999986649,114.128494263,False
60.300000000000004,0.113,0.087,-0.051,0.3334261,0.1372931,6.01147645,1.62000000477,-1.75158560276,0.199999988079,6.04101324081,-74.8961791992,-0.212875068188,-11.9391136169,-0.547666966915,97183.4838867,-7.21999979019,154.813201904,False
60.400000000000006,0.133,0.071,-0.044,0.34323275,-0.00980665,6.6489087,1.88999998569,-1.75158560276,-0.389999985695,6.04101324081,-74.8961791992,-0.257219225168,-11.8900194168,-0.107995063066,97183.9294434,-7.25999975204,205.216796875,False
60.5,0.106,0.061,-0.03,0.5295591,-0.08825985,7.52170055,2.03999996185,-1.75158560276,-0.769999980927,6.04101324081,-74.8961791992,-0.283171385527,-11.8481550217,0.164950162172,97183.8012695,-7.26999998093,217.17767334,False
60.6,0.073,0.039,0.01,0.55897905,0.0784532,7.7276402,2.16999983788,0.826066970825,-0.959999978542,4.23854064941,-74.0149230957,-0.292748838663,-11.8314790726,0.276477456093,97184.6862793,-7.25,220.39050293,False
60.7,-0.086,0.085,0.008,0.71588545,0.1765197,7.4138274,2.28999996185,0.826066970825,-1.09000003338,4.23854064941,-74.0149230957,-0.303895562887,-11.8079299927,0.598035216331,97184.6862793,-7.19999980927,220.781326294,False
60.800000000000004,0.073,0.038,0.034,0.91201845,0.4118793,8.69849855,2.37999987602,0.826066970825,-0.930000007153,4.23854064941,-74.0149230957,-0.315714865923,-11.8067369461,0.653423905373,97184.4299316,-7.1299996376,210.40763855,False
60.900000000000006,0.096,0.046,0.007,1.176798,0.30400615,8.5906254,2.53999996185,1.03795480728,-0.709999978542,3.27143001556,-74.2818222046,-0.331642955542,-11.824596405,0.788744032383,97187.4572754,-7.0499997139,217.618179321,False
61.0,-0.042,0.051,0.025,1.2160246,0.2941995,8.6690786,2.64999985695,1.03795480728,-0.469999998808,3.27143001556,-74.2818222046,-0.34479534626,-11.8727445602,0.882882773876,97189.5202637,-6.94999980927,222.186187744,False
61.1,-0.121,0.021,0.017,1.38273765,0.57859235,10.20872265,2.77999997139,1.03795480728,-0.189999997616,3.27143001556,-74.2818222046,-0.366575568914,-11.9089584351,0.915621042252,97191.2780762,-6.84999990463,212.595367432,False
61.2,-0.035,0.005,-0.031,1.3140911,0.4707192,10.44408225,3.0,1.03795480728,0.340000003576,3.27143001556,-74.2818222046,-0.383984088898,-11.9855051041,0.861729860306,97192.364502,-6.73999977112,182.094192505,False
61.300000000000004,0.003,0.03,-0.038,1.40235095,0.16671305,9.69877685,3.11999988556,0.221173778176,0.689999997616,2.45351958275,-74.2964859009,-0.403829365969,-12.0906257629,0.843431770802,97192.6147461,-6.63999986649,175.685791016,False
61.400000000000006,0.003,-0.018,0.043,1.36312435,0.40207265,11.1207411,3.16999983788,0.221173778176,1.00999999046,2.45351958275,-74.2964859009,-0.397944509983,-12.1734361649,0.766111791134,97192.6147461,-6.53999996185,176.506988525,False
61.5,-0.014,-0.008,0.07,1.3925443,0.32361945,10.79712165,3.25,0.221173778176,1.40999996662,2.45351958275,-74.2964859009,-0.405114203691,-12.214384079,0.715799927711,97195.489502,-6.44999980927,160.055160522,False
61.6,-0.041,-0.007,0.041,1.28467115,0.1765197,10.18910935,3.50999999046,0.221173778176,1.63999998569,2.45351958275,-74.2964859009,-0.431072711945,-12.2700815201,0.65332865715,97197.9125977,-6.36999988556,139.392669678,False
61.7,0.054,-0.021,0.014,1.0591182,0.26477955,9.9047165,3.67999982834,0.00430659437552,1.92999994755,2.25105190277,-74.9024734497,-0.465990751982,-12.339099884,0.570733606815,97196.3195801,-6.2999997139,128.975097656,False
61.800000000000004,0.021,-0.021,0.029,0.93163175,0.2941995,9.3555441,3.84999990463,0.00430659437552,2.1099998951,2.25105190277,-74.9024734497,-0.48635545373,-12.3862695694,0.559754014015,97194.8791504,-6.23000001907,128.540039062,False
61.900000000000006,0.185,-0.025,-0.003,0.9414384,0.1765197,8.8848249,4.03999996185,0.00430659437552,2.21000003815,2.25105190277,-74.9024734497,-0.50380051136,-12.429189682,0.57567101717,97196.9848633,-6.17000007629,132.925994873,False
62.0,0.185,-0.025,-0.003,0.9414384,0.1765197,8.8848249,4.03999996185,0.00430659437552,2.21000003815,2.25105190277,-74.9024734497,-0.499802827835,-12.454331398,0.605179429054,97196.9848633,-6.17000007629,132.925994873,False
62.1,0.279,2.44929359829e-19,0.002,0.91201845,0.0980665,8.0806796,4.13000011444,0.00430659437552,2.27999997139,2.25105190277,-74.9024734497,-0.448718011379,-12.4997911453,0.807657122612,97195.7458496,-6.02999973297,154.892150879,False
62.2,0.279,2.44929359829e-19,0.002,0.91201845,0.0980665,8.0806796,4.00999975204,4.3615064621,2.22000002861,2.41936564445,-75.0238342285,-0.448718011379,-12.4997911453,0.807657122612,97195.7458496,-5.94999980927,174.900634766,False
62.300000000000004,0.103,0.01,0.014,0.93163175,0.0980665,7.71783355,3.81999993324,4.3615064621,2.12999987602,2.41936564445,-75.0238342285,-0.339299321175,-12.5347089767,1.14224207401,97200.5187988,-5.85999965668,187.074752808,False
62.400000000000006,-0.05,-0.015,1.83697019872e-18,1.01008495,0.3138128,8.3160392,3.56999993324,4.3615064621,2.12999987602,2.41936564445,-75.0238342285,-0.309736579657,-12.5442342758,1.21458363533,97199.1088867,-5.73999977112,194.212432861,False
62.5,-0.145,-0.035,0.019,1.06892485,0.3530394,8.5906254,3.21000003815,4.3615064621,2.20000004768,2.41936564445,-75.0238342285,-0.194897219539,-12.5875902176,1.41840445995,97200.0183105,-5.60999965668,201.066299438,False
62.6,-0.163,-0.021,0.03,1.42196425,0.04903325,9.1790244,2.86999988556,4.3615064621,2.36999988556,2.41936564445,-75.0238342285,-0.168953955173,-12.604552269,1.44835531712,97202.3132324,-5.46000003815,206.223388672,False
62.7,-0.141,-0.032,0.053,1.52003075,0.32361945,9.48303055,2.53999996185,4.02255773544,2.59999990463,2.62999415398,-75.4424057007,-0.0996143147349,-12.6749238968,1.48996853828,97202.2155762,-5.2999997139,180.933959961,False
62.800000000000004,-0.12,-0.048,0.047,1.67693715,0.20593965,9.9439431,2.3599998951,4.02255773544,3.07999992371,2.62999415398,-75.4424057007,-0.0560500882566,-12.7389125824,1.44368577003,97210.546875,-5.13999986649,161.046127319,False
62.900000000000006,-0.101,-0.056,0.056,1.73577705,0.28439285,10.1204628,2.14999985695,4.02255773544,3.54999995232,2.62999415398,-75.4424057007,-0.031795296818,-12.7865390778,1.40168476105,97212.3413086,-4.98999977112,136.050796509,False
63.0,-0.111,-0.109,0.059,1.8044236,0.2157463,11.2384209,1.99000000954,4.02255773544,4.00999975204,2.62999415398,-75.4424057007,0.00965098664165,-12.8768110275,1.24530208111,97217.6513672,-4.84999990463,123.726272583,False
63.1,-0.046,-0.092,0.063,1.77500365,0.02941995,10.93441475,1.88999998569,1.36183166504,4.33999967575,3.8560025692,-76.3719863892,0.00596963101998,-12.9271402359,1.17624986172,97215.826416,-4.71999979019,118.560501099,False
63.2,0.106,-0.097,0.086,1.6867438,0.10787315,10.87557485,1.87999999523,1.36183166504,4.63000011444,3.8560025692,-76.3719863892,0.0120038995519,-12.9855995178,1.07779788971,97217.1325684,-4.59999990463,100.778106689,False
63.300000000000004,0.055,-0.107,0.106,1.8044236,0.2941995,11.1207411,1.87000000477,1.36183166504,4.83999967575,3.8560025692,-76.3719863892,0.00336085213348,-13.066696167,0.895931243896,97212.5671387,-4.48999977112,100.612930298,False
63.400000000000006,-0.023,-0.058,0.09,1.48080415,0.4314926,9.87529655,1.92999994755,1.36183166504,5.05999994278,3.8560025692,-76.3719863892,-0.0123957199976,-13.0845737457,0.807111382484,97212.5671387,-4.38999986649,89.9543762207,False
63.5,-0.013,-0.067,0.079,1.61809725,0.20593965,10.09104285,2.00999999046,1.48010027409,5.11999988556,5.60377454758,-78.4633407593,-0.02145367302,-13.1201753616,0.711703658104,97218.8232422,-4.2999997139,93.2799377441,False
63.6,-0.015,-0.084,0.067,1.63771055,0.30400615,10.69905515,2.14999985695,1.48010027409,5.19000005722,5.60377454758,-78.4633407593,-0.0344965159893,-13.1276102066,0.636264920235,97221.9604492,-4.23000001907,90.7566070557,False
63.7,0.049,-0.105,0.038,1.81423025,0.1569064,11.01286795,2.29999995232,1.48010027409,5.25999975204,5.60377454758,-78.4633407593,-0.0721834674478,-13.1273565292,0.476912140846,97222.4731445,-4.17000007629,88.1642303467,False
63.800000000000004,0.051,-0.075,0.03,1.65732385,0.0588399,11.03248125,2.44000005722,1.54005455971,5.36999988556,7.09441137314,-79.5077285767,-0.0792261958122,-13.1167755127,0.332822144032,97222.3205566,-4.11999988556,74.0467071533,False
63.900000000000006,0.065,-0.051,0.084,1.3533177,0.5099458,10.2969825,2.49000000954,1.54005455971,5.40000009537,7.09441137314,-79.5077285767,-0.0811277553439,-13.1060762405,0.237613603473,97224.0661621,-4.07999992371,70.0007476807,False
64.0,-0.047,-0.068,0.079,1.75539035,0.392266,11.0619012,2.63999986649,1.54005455971,5.42000007629,7.09441137314,-79.5077285767,-0.128270491958,-13.0932359695,0.104608893394,97223.1750488,-4.05999994278,73.3088531494,False
64.10000000000001,-0.2,-0.003,0.06,1.50041745,0.6276256,9.4536106,2.63999986649,1.54005455971,5.42000007629,7.09441137314,-79.5077285767,-0.153220921755,-13.0867509842,0.0777171850204,97222.2961426,-4.03999996185,74.38621521,False
64.2,-0.118,0.005,-0.047,1.5298374,0.1765197,9.2574776,3.24000000954,0.0924426317215,5.30999994278,7.88619947433,-80.9141464233,-0.239918380976,-13.0734872818,0.0727215781808,97222.6257324,-4.02999973297,93.2291030884,False
64.3,0.248,-0.015,-0.101,1.57887065,-0.0980665,9.24767095,3.51999998093,0.0924426317215,5.25999975204,7.88619947433,-80.9141464233,-0.253423839808,-13.0639514923,0.0434934161603,97220.9716797,-4.01999998093,93.1379318237,False
64.4,0.371,-0.044,-0.015,1.7063571,-0.2549729,10.42446895,3.51999998093,0.0924426317215,5.28999996185,7.88619947433,-80.9141464233,-0.228802889585,-13.0673141479,0.0434355176985,97221.0754395,-4.00999975204,105.053039551,False
64.5,0.19,1.2613862031200001e-17,0.103,1.52003075,0.196133,9.65955025,3.3599998951,0.0924426317215,5.25,7.88619947433,-80.9141464233,-0.188057899475,-13.0559844971,0.00183377228677,97219.8791504,-4.0,106.183815002,False
64.60000000000001,0.028,-0.017,0.149,1.77500365,-0.0196133,9.46341725,3.1899998188,3.85932922363,5.08999967575,8.04999351501,-80.9717483521,-0.157073631883,-13.0517406464,0.00642690761015,97220.6787109,-3.99000000954,122.352127075,False
64.7,-0.179,0.024,0.186,1.61809725,0.5295591,8.7083052,2.99000000954,3.85932922363,4.90000009537,8.04999351501,-80.9717483521,-0.129942536354,-13.0531339645,0.0930785685778,97223.1933594,-3.99000000954,147.352218628,False
64.8,-0.269,0.049,0.169,1.7455837,0.9022118,8.6494653,3.17999982834,3.85932922363,4.78999996185,8.04999351501,-80.9717483521,-0.152879834175,-13.0865945816,0.20642696321,97221.8322754,-3.97000002861,159.103866577,False
64.9,-0.126,0.053,0.01,2.0593965,0.69627215,9.4536106,3.51999998093,3.85932922363,4.83999967575,8.04999351501,-80.9717483521,-0.237336859107,-13.122051239,0.246246948838,97224.810791,-3.9399998188,148.32963562,False
65.0,-0.056,0.068,-0.081,2.01036325,0.51975245,9.16921775,4.0,3.85932922363,5.00999975204,8.04999351501,-80.9717483521,-0.306850701571,-13.1751146317,0.264138400555,97224.1638184,-3.90999984741,132.640365601,False
65.10000000000001,0.131,0.046,-0.13,1.89268345,0.10787315,8.79656505,4.33999967575,0.0505229085684,5.27999973297,6.81665658951,-83.3456802368,-0.358661741018,-13.2667713165,0.33587244153,97226.5930176,-3.86999988556,108.723739624,False
65.2,0.167,-0.007,-0.114,1.9221034,-0.02941995,9.38496405,4.48999977112,0.0505229085684,5.53999996185,6.81665658951,-83.3456802368,-0.340950727463,-13.3142080307,0.356849789619,97224.4506836,-3.81999993324,102.191635132,False
65.3,0.148,-0.018,-0.011,1.73577705,0.0980665,9.0809579,4.40999984741,0.0505229085684,5.76999998093,6.81665658951,-83.3456802368,-0.299038559198,-13.3606147766,0.405769765377,97226.184082,-3.76999998093,95.630355835,False
65.4,-0.005,-0.058,0.039,1.7848103,-0.1176798,8.7671451,4.23000001907,2.93304204941,5.90000009537,6.38253641129,-81.6494369507,-0.266650527716,-13.3831977844,0.444310843945,97225.9460449,-3.72000002861,112.435150146,False
65.5,-0.019,-0.062,0.108,1.8632635,-0.0392266,8.2179727,3.94999980927,2.93304204941,5.8799996376,6.38253641129,-81.6494369507,-0.226628616452,-13.450838089,0.64991492033,97227.355957,-3.64999985695,137.256622314,False
65.60000000000001,-0.015,-0.047,0.106,1.9024901,0.3530394,8.2768126,3.87999987602,2.93304204941,5.88999986649,6.38253641129,-81.6494369507,-0.192904353142,-13.5140724182,0.793365895748,97229.7241211,-3.57999992371,142.893890381,False
65.7,0.015,-0.028,0.087,1.79461695,0.3334261,8.0806796,3.83999991417,2.93304204941,5.96999979019,6.38253641129,-81.6494369507,-0.183103188872,-13.5676460266,0.944994330406,97226.9348145,-3.48000001907,151.710418701,False
65.8,0.0,-0.001,0.082,1.96133,0.4903325,8.0806796,3.81999993324,2.45760273933,6.07999992371,7.34195995331,-83.5151062012,-0.18988353014,-13.5945472717,1.02749979496,97228.9489746,-3.36999988556,148.087020874,False
65.9,-0.1,-0.026,0.046,2.0986231,0.2941995,9.34573745,3.86999988556,2.45760273933,6.36999988556,7.34195995331,-83.5151062012,-0.190103769302,-13.6878938675,1.07650613785,97231.3415527,-3.25,144.703491211,False
66.0,-0.258,-0.029,0.067,2.4320492,0.32361945,9.16921775,3.97000002861,2.45760273933,6.6299996376,7.34195995331,-83.5151062012,-0.211077153683,-13.737827301,1.10544252396,97232.6293945,-3.12999987602,137.649719238,False
66.10000000000001,-0.169,0.011,0.017,2.157463,0.6276256,9.3359308,4.17999982834,2.45760273933,7.03999996185,7.34195995331,-83.5151062012,-0.237937435508,-13.7972297668,1.08875191212,97225.7080078,-3.0,118.680862427,False
66.2,-0.046,-0.036,-0.001,2.59876225,0.1569064,10.44408225,4.58999967575,2.45760273933,7.38999986649,7.34195995331,-83.5151062012,-0.309590876102,-13.8721761703,1.06373298168,97241.2963867,-2.87999987602,96.562286377,False
66.3,0.028,-0.02,0.017,2.42224255,0.57859235,11.0030613,4.84999990463,-0.751848399639,7.96000003815,7.74579715729,-84.7337188721,-0.403994202614,-13.9877767563,0.834122657776,97227.4902344,-2.76999998093,72.9891815186,False
66.4,0.037,-0.055,6.735557395310001e-18,2.55953565,0.32361945,11.05209455,5.31999969482,-0.751848399639,8.17000007629,7.74579715729,-84.7337188721,-0.443328231573,-14.0257673264,0.758163452148,97245.5444336,-2.66999983788,71.7490234375,False
66.5,0.027,-0.09,0.038,2.353596,0.38245935,11.8660465,5.55999994278,-0.751848399639,8.55000019073,7.74579715729,-84.7337188721,-0.493102729321,-14.0843496323,0.397583097219,97241.8395996,-2.58999991417,49.0475654602,False
66.60000000000001,0.112,-0.113,0.062,2.52030905,0.24516625,12.32695905,5.90000009537,-0.751848399639,8.63999938965,7.74579715729,-84.7337188721,-0.517601370811,-14.0953025818,0.293866306543,97241.5710449,-2.53999996185,35.4006767273,False
66.7,0.182,-0.091,0.088,2.3339827,0.51975245,11.2188076,6.15000009537,-0.751848399639,8.85999965668,7.74579715729,-84.7337188721,-0.56103926897,-14.1088819504,-0.0499866604805,97234.5825195,-2.51999998093,21.3893890381,False
66.8,0.1,-0.054,0.056,2.157463,0.85317855,10.50292215,6.48999977112,1.08424091339,8.76000022888,9.78770256042,-85.8332214355,-0.609236598015,-14.117357254,-0.188002169132,97241.1621094,-2.51999998093,33.8830947876,False
66.9,0.025,-0.019,2.3268289183800002e-18,2.2163029,0.8629852,10.16949605,6.98999977112,1.08424091339,8.65999984741,9.78770256042,-85.8332214355,-0.724347472191,-14.1418685913,-0.239982783794,97242.3706055,-2.53999996185,37.5816345215,False
67.0,0.13,0.048,-0.153,2.12804305,0.59820565,8.77695175,7.51999998093,1.08424091339,8.59000015259,9.78770256042,-85.8332214355,-0.758253753185,-14.1500844955,-0.216892033815,97236.4135742,-2.56999993324,46.9884872437,False
67.10000000000001,0.21,0.039,-0.197,2.06920315,0.46091255,8.36507245,7.77999973297,1.08424091339,8.55000019073,9.78770256042,-85.8332214355,-0.783582925797,-14.1778907776,-0.167428284883,97236.4562988,-2.58999991417,59.2447280884,False
67.2,0.179,0.016,-0.169,2.01036325,0.59820565,9.24767095,7.92999982834,3.9353826046,8.5,9.48258304596,-84.1872177124,-0.7634100914,-14.2268362045,-0.0633097365499,97239.3981934,-2.58999991417,83.3956756592,False
67.3,0.314,-0.026,-0.195,2.3339827,0.22555295,10.95402805,7.96999979019,3.9353826046,8.42000007629,9.48258304596,-84.1872177124,-0.675032436848,-14.2409124374,-0.205229476094,97244.7143555,-2.59999990463,81.724357605,False
67.4,0.319,-0.065,-0.166,2.57914895,0.196133,11.93469305,7.96999979019,3.9353826046,8.4299993515,9.48258304596,-84.1872177124,-0.628641068935,-14.2370605469,-0.299469083548,97232.6721191,-2.59999990463,68.1620635986,False
67.5,0.148,-0.052,-0.02,2.28494945,0.2745862,10.4146623,6.7999997139,3.9353826046,8.6799993515,9.48258304596,-84.1872177124,-0.395743727684,-14.2385034561,-0.543816864491,97233.1176758,-2.62999987602,56.0421943665,False
67.60000000000001,-0.094,-0.071,0.024,2.353596,-0.18632635,10.5715687,6.1299996376,3.9353826046,8.39999961853,9.48258304596,-84.1872177124,-0.301546633244,-14.2378082275,-0.574057340622,97248.5595703,-2.66999983788,69.1294708252,False
67.7,-0.007,-0.118,0.046,2.6674088,0.2549729,12.38579895,5.13999986649,9.72624874115,8.32999992371,10.0062618256,-81.1267242432,-0.100640378892,-14.215341568,-0.813941538334,97230.5236816,-2.73000001907,62.3661994934,False
67.8,0.184,-0.068,0.116,2.34378935,0.51975245,10.9246081,4.19999980927,9.72624874115,8.42000007629,10.0062618256,-81.1267242432,0.170708164573,-14.1880588531,-1.12123548985,97244.1772461,-2.81999993324,37.9837036133,False
67.9,0.212,-0.05,0.072,2.44185585,0.3334261,10.0616229,3.39999985695,9.72624874115,8.0999994278,10.0062618256,-81.1267242432,0.321904540062,-14.1766557693,-1.18439280987,97231.3903809,-2.91999983788,44.7937011719,False
68.0,0.07,-0.038,0.062,2.1966896,0.9218251,10.0812362,2.51999998093,9.72624874115,7.96999979019,10.0062618256,-81.1267242432,0.396309256554,-14.1507940292,-1.23913002014,97228.9794922,-3.02999997139,43.7382698059,False
68.10000000000001,-0.108,-0.02,0.004,2.18688295,0.6668522,9.87529655,1.79999995232,9.72624874115,7.67999982834,10.0062618256,-81.1267242432,0.566989600658,-14.1196155548,-1.28894710541,97233.9538574,-3.14999985695,51.3944625854,False
68.2,-0.271,0.013,-0.056,2.24572285,0.63743225,9.3751574,1.13999998569,10.839679718,7.41999959946,11.6668386459,-82.5684280396,0.673102378845,-14.1113643646,-1.29357302189,97231.3720703,-3.27999997139,52.3386001587,False
68.3,-0.394,0.05,-0.1,2.1182364,0.8041453,9.26728425,0.539999961853,10.839679718,7.2999997139,11.6668386459,-82.5684280396,0.736977458,-14.1091833115,-1.2803735733,97223.9746094,-3.40999984741,53.2774925232,False
68.4,-0.369,0.079,-0.134,1.9417167,0.79433865,8.8848249,0.0799999982119,10.839679718,7.17999982834,11.6668386459,-82.5684280396,0.754000723362,-14.1100740433,-1.25779294968,97224.7009277,-3.52999997139,60.5549812317,False
68.5,-0.454,0.097,-0.164,1.95152335,0.4511059,7.5903471,-0.189999997616,4.72341871262,7.02999973297,10.3408241272,-80.6830749512,0.793278813362,-14.1602725983,-1.07570159435,97226.5686035,-3.64999985695,74.8625793457,False
68.60000000000001,-0.533,0.074,-0.147,2.10842975,0.04903325,8.12971285,-0.25,4.72341871262,6.83999967575,10.3408241272,-80.6830749512,0.78933775425,-14.1978759766,-0.946071863174,97220.8129883,-3.75,96.9644546509,False
68.7,-0.331,0.085,-0.129,2.0790098,0.12748645,7.8845466,-0.329999983311,4.72341871262,6.73999977112,10.3408241272,-80.6830749512,0.776060640812,-14.2986850739,-0.743484675884,97219.140625,-3.83999991417,100.795936584,False
68.8,0.051,0.059,-0.066,2.02997655,0.28439285,8.4925589,0.0799999982119,4.72341871262,6.71000003815,10.3408241272,-80.6830749512,0.751624584198,-14.3273277283,-0.695826292038,97217.3950195,-3.89999985695,113.876724243,False
68.9,0.086,0.016,-0.02,2.02997655,0.28439285,9.3359308,0.199999988079,-0.731546938419,6.61999988556,8.31964588165,-77.9190444946,0.708672881126,-14.4224472046,-0.650055468082,97218.8171387,-3.95999979973,114.865493774,False
69.0,0.027,-0.002,0.056,2.14765635,0.26477955,10.2969825,0.359999984503,-0.731546938419,6.5,8.31964588165,-77.9190444946,0.691856563091,-14.483288765,-0.699936747551,97222.1313477,-4.01999998093,112.917236328,False
69.10000000000001,0.065,0.008,0.061,2.08881645,0.0980665,8.3552658,0.729999959469,-0.731546938419,6.50999975204,8.31964588165,-77.9190444946,0.667525351048,-14.5476293564,-0.601148843765,97213.3789062,-4.08999967575,96.312713623,False
69.2,0.004,0.057,0.062,1.71616375,0.36284605,7.01175475,0.769999980927,-0.731546938419,6.48999977112,8.31964588165,-77.9190444946,0.657594919205,-14.5821495056,-0.468296676874,97218.951416,-4.13999986649,88.8445892334,False
69.3,0.101,0.004,0.044,1.8828768,0.0196133,7.7668668,1.94999992847,-0.293859273195,6.44999980927,7.77651977539,-78.939994812,0.626898109913,-14.6776103973,-0.168861508369,97221.3500977,-4.19000005722,83.8705062866,False
69.4,0.119,0.015,0.035,1.7455837,0.50013915,8.2571993,2.07999992371,-0.293859273195,6.65999984741,7.77651977539,-78.939994812,0.608347594738,-14.693903923,-0.121886402369,97215.1123047,-4.21000003815,73.9266357422,False
69.5,0.027,-0.039,0.019,1.96133,0.5295591,9.3947707,2.34999990463,-0.293859273195,6.88999986649,7.77651977539,-78.939994812,0.55859798193,-14.7971715927,-0.0145953409374,97223.5839844,-4.21000003815,73.0125427246,False
69.60000000000001,0.085,-0.035,-0.017,2.0790098,0.14709975,9.67916355,4.90999984741,-0.293859273195,7.75999975204,7.77651977539,-78.939994812,0.535938382149,-14.8163900375,0.0047444216907,97213.1164551,-4.19999980927,72.1645355225,False
69.7,0.114,-0.047,-0.032,1.8632635,0.4903325,10.1204628,5.21999979019,-0.293859273195,7.21999979019,7.77651977539,-78.939994812,0.525230407715,-14.8668060303,-0.041355278343,97215.045166,-4.19000005722,65.7917022705,False
69.8,0.059,-0.082,-0.027,2.10842975,-0.0392266,11.0226746,5.52999973297,1.79245853424,7.31999969482,8.09016227722,-79.3445129395,0.530904471874,-14.8866271973,-0.129008039832,97221.0266113,-4.17999982834,54.9307823181,False
69.9,0.101,-0.077,0.043,1.9221034,-0.00980665,11.60126695,7.73999977112,1.79245853424,6.73999977112,8.09016227722,-79.3445129395,0.57787412405,-14.8742351532,-0.409976243973,97212.2314453,-4.19999980927,24.559211731,False
70.0,0.136,-0.062,0.084,2.02997655,0.1372931,10.9246081,7.76999998093,1.79245853424,7.5499997139,8.09016227722,-79.3445129395,0.583565235138,-14.8670110703,-0.463559865952,97213.9221191,-4.23000001907,5.96990585327,False
70.10000000000001,0.086,-0.053,0.114,1.8044236,0.42168595,10.73828175,10.2699995041,1.79245853424,7.71999979019,8.09016227722,-79.3445129395,0.632230579853,-14.8611345291,-0.611408233643,97213.0371094,-4.28999996185,-2.96688079834,False
70.2,0.122,-0.056,0.088,1.7259704,0.4118793,10.60098865,10.6300001144,3.80967974663,7.66999959946,9.60753059387,-80.5782241821,0.664172589779,-14.826215744,-0.747817099094,97218.0847168,-4.36000013351,-4.99362945557,False
70.3,0.154,-0.038,0.059,1.55925735,0.5687857,10.3362091,14.6399993896,3.80967974663,7.53999996185,9.60753059387,-80.5782241821,0.693108320236,-14.7790689468,-0.82841527462,97211.2548828,-4.44999980927,4.6329498291,False
70.4,0.201,-0.037,0.006,1.569064,0.73549875,10.2773692,15.0199995041,3.80967974663,7.38999986649,9.60753059387,-80.5782241821,0.722220957279,-14.7454023361,-0.884462714195,97207.7453613,-4.53999996185,6.69918060303,False
70.5,0.246,-0.004,-0.05,1.46119085,0.67665885,9.3555441,17.6599998474,6.23595523834,7.25,10.1984548569,-81.2823181152,0.759997367859,-14.7047920227,-0.930262863636,97207.6904297,-4.63999986649,3.61433029175,False
70.60000000000001,0.281,0.002,-0.082,1.3925443,0.73549875,8.52197885,18.0499992371,6.23595523834,7.09999990463,10.1984548569,-81.2823181152,0.860418319702,-14.6250391006,-0.846597611904,97202.2888184,-4.73999977112,-0.0110626220703,False
70.7,0.202,-0.027,-0.161,1.42196425,0.50013915,9.65955025,18.3500003815,6.23595523834,6.94000005722,10.1984548569,-81.2823181152,0.949623227119,-14.580124855,-0.829441547394,97203.2226562,-4.83999967575,17.6186561584,False
70.8,0.277,-0.021,-0.147,1.5494507,0.4903325,10.42446895,20.7299995422,6.23595523834,6.92999982834,10.1984548569,-81.2823181152,1.03098857403,-14.5450849533,-0.839473426342,97205.1391602,-4.94000005722,9.86909866333,False
70.9,0.309,-0.031,-0.15,1.6671305,0.4511059,10.95402805,20.6599998474,12.7987213135,6.88999986649,9.97247219086,-78.4571609497,1.21276676655,-14.4742145538,-0.93051815033,97202.2094727,-5.03999996185,14.107131958,False
71.0,0.216,-0.016,-0.14,1.7455837,0.44129925,10.7480884,23.4799995422,12.7987213135,6.86999988556,9.97247219086,-78.4571609497,1.42826485634,-14.3894910812,-1.04601871967,97199.7802734,-5.15000009537,6.90231323242,False
71.10000000000001,0.208,-0.005,-0.122,1.59848395,0.38245935,10.1793027,23.1599998474,12.7987213135,6.76999998093,9.97247219086,-78.4571609497,1.84923136234,-14.2575120926,-1.13011848927,97197.1374512,-5.26999998093,7.73620605469,False
71.2,0.197,-0.041,-0.105,1.57887065,0.06864655,10.99325465,23.1599998474,12.7987213135,6.77999973297,9.97247219086,-78.4571609497,1.95057928562,-14.2229604721,-1.14365553856,97197.2229004,-5.26999998093,7.73620605469,False
71.3,0.274,-0.01,-0.045,1.53964405,0.48052585,10.002783,24.1700000763,18.0988712311,6.59999990463,9.40701770782,-75.7271118164,2.44889640808,-14.0782213211,-1.20722639561,97196.5209961,-5.53999996185,-2.15435028076,False
71.4,0.245,0.001,-0.048,1.52003075,0.55897905,9.20844435,23.6399993896,18.0988712311,6.40999984741,9.40701770782,-75.7271118164,2.61625671387,-14.0230207443,-1.17335891724,97190.5029297,-5.67999982834,13.1501197815,False
71.5,0.196,-0.012,-0.069,1.38273765,0.67665885,9.0809579,23.1899986267,18.0988712311,6.19000005722,9.40701770782,-75.7271118164,3.04758024216,-13.9122943878,-1.08917188644,97190.838623,-5.81999969482,25.3945350647,False
71.60000000000001,0.099,-0.026,-0.098,1.4121576,0.51975245,9.36535075,25.5900001526,18.0988712311,6.6299996376,9.40701770782,-75.7271118164,3.35770797729,-13.8194093704,-1.0106357336,97192.1142578,-5.94999980927,33.9170455933,False
71.7,0.01,-0.017,-0.132,1.4513842,0.53936575,9.3751574,26.1999988556,18.0988712311,5.0,9.40701770782,-75.7271118164,3.59356451035,-13.7476673126,-0.952800512314,97188.7145996,-6.06999969482,40.6447410583,False
71.8,-0.129,-0.005,-0.174,1.48080415,0.89240515,9.44380395,25.75,23.0640411377,5.44000005722,8.61085319519,-73.2940444946,3.91748952866,-13.665471077,-0.923438608646,97188.7817383,-6.19000005722,45.3366279602,False
71.9,-0.009,0.011,-0.232,1.5886773,0.6864655,9.7478101,25.4699993134,23.0640411377,5.44999980927,8.61085319519,-73.2940444946,4.27783441544,-13.5933275223,-0.87182366848,97187.4694824,-6.2999997139,49.9255180359,False
72.0,0.099,0.028,-0.259,1.53964405,0.93163175,9.30651085,27.1800003052,23.0640411377,5.42999982834,8.61085319519,-73.2940444946,4.58048009872,-13.5492782593,-0.781187713146,97189.1784668,-6.39999961853,48.0903625488,False
72.10000000000001,0.103,0.013,-0.298,1.67693715,0.5687857,9.07115125,26.9799995422,23.0640411377,5.42999982834,8.61085319519,-73.2940444946,4.91684293747,-13.4896764755,-0.7060572505,97186.7370605,-6.48999977112,39.5407676697,False
72.2,0.146,-0.036,-0.313,1.55925735,0.34323275,9.54187045,28.6700000763,24.5393218994,5.40000009537,5.56932401657,-67.4495849609,5.18573617935,-13.4317541122,-0.626508176327,97184.2895508,-6.57999992371,50.8001327515,False
72.3,0.229,-0.045,-0.3,1.42196425,0.6668522,8.71811185,28.4799995422,24.5393218994,5.44000005722,5.56932401657,-67.4495849609,5.6164765358,-13.3489198685,-0.474003463984,97187.7624512,-6.64999961853,49.6203422546,False
72.4,0.186,-0.062,-0.304,1.5298374,0.42168595,8.9828914,29.9399986267,24.5393218994,5.42999982834,5.56932401657,-67.4495849609,5.92239093781,-13.2634019852,-0.376752912998,97179.9377441,-6.71000003815,46.2937355042,False
72.5,0.162,-0.093,-0.278,1.40235095,0.20593965,8.6690786,29.6599998474,24.5393218994,5.5,5.56932401657,-67.4495849609,6.06699180603,-13.2345342636,-0.301680654287,97181.5856934,-6.75,46.2069511414,False
72.60000000000001,0.152,-0.1,-0.263,1.2552512,0.5491724,7.79628675,29.1899986267,24.5393218994,5.46999979019,5.56932401657,-67.4495849609,6.4590549469,-13.1046495438,-0.149931520224,97178.2165527,-6.77999973297,46.9567298889,False
72.7,0.111,-0.125,-0.259,1.26505785,0.73549875,8.1395195,31.6899986267,30.0368289948,5.59999990463,3.55105757713,-59.4349250793,7.03809595108,-12.9308605194,0.215167015791,97180.7800293,-6.78999996185,47.908782959,False
72.8,0.075,-0.131,-0.268,1.46119085,0.6864655,8.69849855,31.3699989319,30.0368289948,5.78999996185,3.55105757713,-59.4349250793,7.44919586182,-12.7845315933,0.367581754923,97181.817627,-6.77999973297,40.1788711548,False
72.9,0.097,-0.171,-0.297,1.5298374,0.3726527,9.3751574,31.0299987793,30.0368289948,6.03999996185,3.55105757713,-59.4349250793,7.95052623749,-12.5893507004,0.530447363853,97182.9040527,-6.75999975204,35.7393264771,False
73.0,0.114,-0.158,-0.313,1.3533177,0.4314926,9.4536106,32.3199996948,30.0368289948,6.27999973297,3.55105757713,-59.4349250793,8.30596733093,-12.435333252,0.656835734844,97181.9763184,-6.71000003815,29.4332504272,False
73.10000000000001,0.109,-0.211,-0.25,1.52003075,0.392266,10.22833595,32.3199996948,32.3572845459,6.27999973297,2.92081904411,-52.7771568298,8.50979995728,-12.3427906036,0.703438341618,97178.1311035,-6.71000003815,29.4332504272,False
73.2,0.157,-0.212,-0.242,1.61809725,0.34323275,9.8262633,34.1699981689,32.3572845459,7.25999975204,2.92081904411,-52.7771568298,8.97133159637,-12.1169109344,0.81992149353,97183.5998535,-6.65999984741,23.784828186,False
73.3,0.132,-0.259,-0.235,1.4906108,0.42168595,10.58137535,33.1199989319,32.3572845459,7.08999967575,2.92081904411,-52.7771568298,9.71478843689,-11.6770801544,0.958663165569,97183.996582,-6.50999975204,4.00342941284,False
73.4,0.073,-0.246,-0.241,1.6867438,0.42168595,10.4146623,33.1599998474,32.3572845459,6.71000003815,2.92081904411,-52.7771568298,10.1825933456,-11.3695373535,1.03678441048,97183.9538574,-6.42000007629,-14.6821022034,False
73.5,0.08,-0.256,-0.249,1.8436502,0.67665885,10.4931155,32.3600006104,35.7836685181,7.73999977112,4.11391115189,-43.6812744141,10.7613515854,-10.9719266891,1.08947825432,97182.3791504,-6.32999992371,-23.5961914062,False
73.60000000000001,-0.229,-0.256,-0.249,1.96133,1.06892485,11.89546645,33.1399993896,35.7836685181,8.13000011444,4.11391115189,-43.6812744141,10.9592523575,-10.8206930161,1.06033468246,97186.4257812,-6.23000001907,-24.259185791,False
73.7,-0.257,-0.252,-0.264,2.04958985,0.784532,13.3762706,31.9899997711,35.7836685181,8.61999988556,4.11391115189,-43.6812744141,11.5007638931,-10.3780298233,0.849497199059,97189.6911621,-6.13999986649,-63.7952804565,False
73.8,0.022,-0.23,-0.31,1.6671305,0.97085835,12.4740588,30.7699985504,35.7836685181,8.90999984741,4.11391115189,-43.6812744141,11.9747533798,-9.94738197327,0.693829774857,97193.0847168,-6.06999969482,-93.9647674561,False
73.9,0.001,-0.213,-0.313,1.48080415,1.0198916,11.56204035,31.2999992371,33.5761833191,9.80999946594,4.82968378067,-36.9546508789,12.5634498596,-9.34170627594,0.549708902836,97196.5209961,-6.02999973297,-102.246665955,False
74.0,-0.027,-0.239,-0.343,1.6082906,0.7060788,12.0621795,30.1399993896,33.5761833191,9.15999984741,4.82968378067,-36.9546508789,13.0249404907,-8.77031803131,0.434804320335,97186.340332,-5.98999977112,-100.689224243,False
74.10000000000001,0.038,-0.243,-0.37,1.18660465,0.67665885,11.99353295,30.8999996185,33.5761833191,9.26000022888,4.82968378067,-36.9546508789,13.3663063049,-8.28392601013,0.38929438591,97189.7033691,-5.96000003815,-106.325439453,False
74.2,-0.096,-0.262,-0.371,1.1571847,0.79433865,12.42502555,29.7199993134,33.5761833191,9.23999977112,4.82968378067,-36.9546508789,13.617228508,-7.8628692627,0.295776695013,97188.8793945,-5.94000005722,-94.8693237305,False
74.3,-0.054,-0.248,-0.378,1.0983448,0.5687857,12.4348322,28.3400001526,33.9087295532,9.34000015259,4.46412992477,-25.8548545837,13.9992113113,-7.22132349014,0.205332234502,97187.0361328,-5.92999982834,-112.931915283,False
74.4,-0.019,-0.243,-0.364,1.28467115,0.42168595,11.46397385,27.8799991608,33.9087295532,8.76999950409,4.46412992477,-25.8548545837,14.1616487503,-6.88744211197,0.151344582438,97185.8154297,-5.92999982834,-124.216934204,False
74.5,-0.043,-0.272,-0.353,1.30428445,0.38245935,12.1994726,26.3499984741,33.9087295532,9.52999973297,4.46412992477,-25.8548545837,14.4709100723,-6.24610805511,0.0902207866311,97189.440918,-5.94000005722,-124.244689941,False
74.60000000000001,-0.149,-0.25,-0.327,1.0395049,0.57859235,11.4149406,25.6199989319,33.9087295532,10.3099994659,4.46412992477,-25.8548545837,14.6186342239,-5.92944478989,0.0803222134709,97189.0136719,-5.96000003815,-126.523971558,False
74.7,-0.121,-0.243,-0.325,1.08853815,0.24516625,10.87557485,24.1700000763,32.9730644226,9.48999977112,4.50072813034,-17.1804656982,14.8839912415,-5.19964838028,0.0912324860692,97189.0136719,-5.98000001907,-107.739929199,False
74.8,-0.099,-0.259,-0.285,0.8825985,0.44129925,11.13054775,22.7399997711,32.9730644226,8.60999965668,4.50072813034,-17.1804656982,14.9874277115,-4.85634803772,0.0595223084092,97183.984375,-6.0,-96.1829223633,False
74.9,-0.131,-0.271,-0.266,1.01008495,0.6276256,11.8856598,20.9399986267,32.9730644226,9.1799993515,4.50072813034,-17.1804656982,15.2034769058,-3.98447847366,-0.0519253127277,97185.9375,-6.02999973297,-104.786491394,False
75.0,-0.153,-0.256,-0.274,1.24544455,0.38245935,12.1014061,18.9799995422,32.9730644226,9.13000011444,4.50072813034,-17.1804656982,15.2809896469,-3.66366243362,-0.0772143751383,97183.4838867,-6.05999994278,-95.1519012451,False
75.10000000000001,-0.161,-0.257,-0.259,1.20621795,0.44129925,11.8660465,17.0,32.9730644226,8.92000007629,4.50072813034,-17.1804656982,15.3736219406,-2.97759389877,-0.23739348352,97179.7729492,-6.09999990463,-95.7389831543,False
75.2,-0.178,-0.268,-0.24,1.372931,0.3334261,12.7878716,16.9899997711,32.9730644226,8.92000007629,4.50072813034,-17.1804656982,15.4021100998,-2.73463511467,-0.311822265387,97184.9121094,-6.09999990463,-95.7389831543,False
75.3,-0.169,-0.25,-0.217,1.372931,0.40207265,12.64077185,12.1399993896,29.8429431915,8.80999946594,6.58176898956,-6.16279792786,15.4504919052,-1.7786860466,-0.667095541954,97183.6914062,-6.23000001907,-125.650787354,False
75.4,-0.162,-0.247,-0.172,1.1571847,0.4118793,12.9251647,9.53999996185,29.8429431915,8.67000007629,6.58176898956,-6.16279792786,15.4338035583,-1.22910571098,-0.844072043896,97180.9509277,-6.32999992371,-136.193267822,False
75.5,-0.244,-0.201,-0.175,1.176798,0.2941995,12.1994726,7.09999990463,29.8429431915,8.36999988556,6.58176898956,-6.16279792786,15.4171514511,-0.91889321804,-0.921000301838,97180.0231934,-6.44999980927,-129.566192627,False
75.60000000000001,-0.244,-0.201,-0.175,1.176798,0.2941995,12.1994726,4.75,26.6410808563,8.02999973297,8.76182556152,-0.333299398422,15.3709135056,-0.615170538425,-1.02344894409,97180.0231934,-6.58999967575,-117.603111267,False
75.7,-0.363,-0.163,-0.148,1.24544455,0.2157463,12.0229529,2.47000002861,26.6410808563,7.6299996376,8.76182556152,-0.333299398422,15.2091522217,0.183674588799,-1.24899590015,97175.8178711,-6.73999977112,-111.170578003,False
75.8,-0.436,-0.144,-0.139,1.26505785,0.3726527,12.2386992,0.319999992847,26.6410808563,7.36999988556,8.76182556152,-0.333299398422,15.1375732422,0.439053624868,-1.39749598503,97179.7790527,-6.90999984741,-109.913635254,False
75.9,-0.391,-0.088,-0.154,1.0983448,0.4511059,11.42474725,-1.64999997616,19.1592292786,6.96000003815,10.1020183563,3.84632158279,14.9222717285,0.964859306812,-1.66948270798,97172.7233887,-7.08999967575,-111.381721497,False
76.0,-0.369,-0.055,-0.175,0.8629852,0.7256921,11.34629405,-3.25,19.1592292786,6.5499997139,10.1020183563,3.84632158279,14.8689775467,1.06851494312,-1.70937407017,97169.8425293,-7.28999996185,-112.300109863,False
76.10000000000001,-0.376,-0.032,-0.197,0.85317855,0.73549875,11.0422879,-4.56999969482,19.1592292786,6.21000003815,10.1020183563,3.84632158279,14.7361755371,1.29733967781,-1.80860710144,97170.0500488,-7.50999975204,-108.781814575,False
76.2,-0.373,0.015,-0.232,0.75511205,0.36284605,9.5516771,-5.77999973297,19.1592292786,5.84999990463,10.1020183563,3.84632158279,14.6122312546,1.4883800745,-1.86359155178,97164.3188477,-7.73000001907,-92.9899215698,False
76.3,-0.385,0.019,-0.226,0.6668522,0.2549729,9.2967042,-6.73000001907,11.3720979691,5.38999986649,8.92402839661,8.51647472382,14.4238214493,1.70015060902,-1.84857153893,97166.1437988,-7.96000003815,-72.9202270508,False
76.4,-0.323,0.008,-0.225,0.7649187,0.22555295,9.40457735,-7.57999992371,11.3720979691,4.90000009537,8.92402839661,8.51647472382,14.3867044449,1.75057756901,-1.8333632946,97160.0158691,-8.1799993515,-39.8721694946,False
76.5,-0.356,0.015,-0.164,0.73549875,-0.10787315,9.11037785,-8.35999965668,11.3720979691,4.31999969482,8.92402839661,8.51647472382,14.2147283554,1.90431082249,-1.77762293816,97156.640625,-8.39999961853,-13.4433746338,False
76.60000000000001,-0.373,0.016,-0.09,0.7453054,-0.0588399,8.8063717,-8.35999965668,11.3720979691,4.30999994278,8.92402839661,8.51647472382,14.1893558502,1.91285717487,-1.77660953999,97154.4616699,-8.39999961853,-13.4433746338,False
76.7,-0.361,0.002,-0.047,0.67665885,0.20593965,9.5320638,-9.53999996185,11.3720979691,3.14999985695,8.92402839661,8.51647472382,14.0812835693,1.96089208126,-1.71898066998,97153.3935547,-8.82999992371,28.0415534973,False
76.80000000000001,-0.316,0.043,-0.018,0.71588545,-0.06864655,8.5513988,-9.88000011444,11.3720979691,2.63999986649,8.92402839661,8.51647472382,13.9667234421,1.9666595459,-1.66132843494,97153.3935547,-9.02999973297,32.0978164673,False
76.9,-0.252,0.049,-6.0007693158200006e-18,0.77472535,-0.0392266,8.54159215,-10.1300001144,1.78950595856,2.13999986649,7.70984840393,11.7246952057,13.9206676483,1.95673763752,-1.61738061905,97148.7609863,-9.22999954224,43.2735443115,False
77.0,-0.196,0.05,0.036,0.59820565,0.0588399,8.73772515,-10.2699995041,1.78950595856,1.68999993801,7.70984840393,11.7246952057,13.8592329025,1.93374180794,-1.50012004375,97151.7944336,-9.40999984741,47.2900390625,False
77.10000000000001,-0.128,0.054,0.06,0.8237586,-0.2157463,8.44352565,-10.3499994278,1.78950595856,1.28999996185,7.70984840393,11.7246952057,13.8066730499,1.89721381664,-1.37281441689,97147.4121094,-9.57999992371,68.575668335,False
77.2,-0.087,0.034,0.099,0.89240515,-0.1765197,8.8063717,-10.3699998856,1.78950595856,0.889999985695,7.70984840393,11.7246952057,13.7652177811,1.86070680618,-1.27359807491,97147.3083496,-9.73999977112,87.4865570068,False
77.30000000000001,-0.176,0.044,0.148,0.9022118,-0.12748645,8.8455983,-10.3499994278,-2.30555582047,0.550000011921,6.46815443039,10.7194871902,13.7173376083,1.78416764736,-1.18554711342,97148.1445312,-9.88000011444,90.3098144531,False
77.4,-0.212,0.05,0.179,0.69627215,0.14709975,8.4729456,-10.2600002289,-2.30555582047,0.25,6.46815443039,10.7194871902,13.6914834976,1.69553947449,-1.10123467445,97144.2810059,-10.0199995041,93.1201019287,False
77.5,-0.178,0.069,0.158,0.91201845,9.87195904201e-16,8.0610663,-10.0199995041,-2.30555582047,0.00999999977648,6.46815443039,10.7194871902,13.6794977188,1.59875881672,-0.947360575199,97144.0002441,-10.1399993896,103.365898132,False
77.60000000000001,-0.236,0.047,0.174,0.97085835,0.3138128,8.5513988,-9.69999980927,-2.30555582047,-0.259999990463,6.46815443039,10.7194871902,13.6705207825,1.49518167973,-0.818461179733,97141.3818359,-10.2399997711,122.774978638,False
77.7,-0.332,0.066,0.163,0.9610517,0.3334261,8.2768126,-9.10999965668,-7.32326316833,-0.359999984503,4.81147432327,7.13694858551,13.6823701859,1.33684003353,-0.669974029064,97140.3076172,-10.3299999237,119.5520401,False
77.80000000000001,-0.179,0.091,0.089,0.9022118,0.3334261,7.9041599,-8.27999973297,-7.32326316833,-0.379999995232,4.81147432327,7.13694858551,13.7030944824,1.14785027504,-0.504666447639,97136.0473633,-10.3899993896,108.832077026,False
77.9,-0.084,0.091,0.04,0.8237586,0.5099458,8.63965865,-7.41999959946,-7.32326316833,-0.329999983311,4.81147432327,7.13694858551,13.7267827988,0.945585608482,-0.333743363619,97141.2963867,-10.4499998093,116.402053833,False
78.0,-0.082,0.049,0.039,0.9218251,0.3334261,9.4339973,-6.53999996185,-11.2811126709,-0.379999995232,2.74544024467,5.55833959579,13.7908010483,0.614007353783,-0.143433719873,97141.2963867,-10.4899997711,132.089996338,False
78.10000000000001,-0.009,0.059,0.044,0.8825985,0.12748645,8.9828914,-5.5499997139,-11.2811126709,-0.310000002384,2.74544024467,5.55833959579,13.8181877136,0.433445692062,-0.0814391076565,97137.5915527,-10.5100002289,121.905326843,False
78.2,0.02,0.067,0.055,0.980665,1.08567530097e-15,8.8652116,-4.48000001907,-11.2811126709,-0.319999992847,2.74544024467,5.55833959579,13.8587589264,0.282080024481,0.0104904202744,97140.2404785,-10.5199995041,125.704864502,False
78.30000000000001,0.047,0.04,0.076,0.9414384,0.16671305,8.7671451,-3.37999987602,-11.2811126709,-0.379999995232,2.74544024467,5.55833959579,13.9110069275,0.00930810160935,0.219122469425,97137.4328613,-10.529999733,134.011367798,False
78.4,0.114,0.039,0.079,0.95124505,0.06864655,8.237586,-2.39999985695,-11.2811126709,-0.419999986887,2.74544024467,5.55833959579,13.9302501678,-0.0641743764281,0.287733107805,97137.0666504,-10.5199995041,139.800262451,False
78.5,0.109,0.024,0.092,0.97085835,0.10787315,8.6690786,-1.39999997616,-10.8450775146,-0.399999976158,0.966248631477,4.22138977051,13.9677352905,-0.247840166092,0.428670138121,97138.3728027,-10.5,141.23324585,False
78.60000000000001,0.204,-0.002,0.091,1.0002783,0.196133,9.62032365,-0.479999989271,-10.8450775146,-0.449999988079,0.966248631477,4.22138977051,14.0162601471,-0.454684823751,0.571969509125,97136.8652344,-10.4600000381,152.340988159,False
78.7,0.166,0.026,0.109,0.99047165,0.02941995,9.07115125,0.459999978542,-10.8450775146,-0.389999985695,0.966248631477,4.22138977051,14.0485649109,-0.576193869114,0.643175840378,97141.9189453,-10.4099998474,144.779205322,False
78.80000000000001,0.125,0.016,0.126,0.97085835,0.06864655,8.7671451,1.35000002384,-10.8450775146,-0.280000001192,0.966248631477,4.22138977051,14.0924348831,-0.737019479275,0.705373108387,97138.2507324,-10.3599996567,136.75994873,False
78.9,0.178,1.56754790291e-17,0.128,1.0591182,-0.0392266,10.1400761,2.26999998093,-6.93026828766,-0.109999999404,0.0610515400767,1.30281722546,14.1607780457,-0.950733184814,0.669740855694,97140.5456543,-10.3000001907,120.688720703,False
79.0,0.27,-0.02,0.148,1.02969825,-0.0196133,10.0420096,3.15999984741,-6.93026828766,0.170000001788,0.0610515400767,1.30281722546,14.1911993027,-1.02367925644,0.64631575346,97142.1081543,-10.2399997711,95.614151001,False
79.10000000000001,0.274,-0.03,0.16,0.8629852,0.1372931,10.11065615,3.89999985695,-6.93026828766,0.449999988079,0.0610515400767,1.30281722546,14.2386083603,-1.16466379166,0.558849811554,97145.6298828,-10.1999998093,78.346824646,False
79.2,0.244,0.007,0.15,0.77472535,-0.24516625,7.77667345,4.48000001907,-6.93026828766,0.680000007153,0.0610515400767,1.30281722546,14.2616224289,-1.18986141682,0.647983551025,97142.7062988,-10.1599998474,77.7087249756,False
79.30000000000001,0.302,-0.014,0.171,0.6864655,0.0784532,8.1199062,4.81999969482,-6.93026828766,0.639999985695,0.0610515400767,1.30281722546,14.2725820541,-1.2165197134,0.826262652874,97145.6176758,-10.1099996567,91.8902435303,False
79.4,0.153,-0.019,0.188,0.73549875,0.40207265,9.0025047,5.08999967575,-0.258985996246,0.649999976158,0.123529732227,-3.05015611649,14.281080246,-1.22553837299,0.900802493095,97146.2463379,-10.0500001907,103.217697144,False
79.5,0.076,0.018,0.166,0.67665885,0.2549729,7.3942141,5.42999982834,-0.258985996246,0.740000009537,0.123529732227,-3.05015611649,14.2990102768,-1.29053843021,1.07142925262,97145.0134277,-9.96999931335,104.529953003,False
79.60000000000001,0.107,-0.064,0.106,1.0787315,0.93163175,11.2776475,5.90000009537,-0.258985996246,0.989999949932,0.123529732227,-3.05015611649,14.3182668686,-1.30803239346,1.03463673592,97146.9909668,-9.86999988556,86.7168426514,False
79.7,0.003,-0.021,0.002,1.01008495,0.53936575,11.1403544,6.31999969482,-0.258985996246,1.36000001431,0.123529732227,-3.05015611649,14.3643865585,-1.35243976116,0.835678696632,97148.0163574,-9.77999973297,65.8034362793,False
79.80000000000001,0.041,0.001,-0.007,0.9022118,0.4118793,10.1204628,6.59999990463,-0.258985996246,1.56999993324,0.123529732227,-3.05015611649,14.4071559906,-1.36399769783,0.778670012951,97149.7802734,-9.69999980927,55.334186554,False
79.9,0.127,0.013,-0.035,0.95124505,0.30400615,9.2574776,6.81999969482,1.93912661076,1.67999994755,0.370852172375,-5.5019402504,14.4335689545,-1.36665201187,0.788931310177,97149.3347168,-9.63000011444,56.7831993103,False
80.0,0.223,-0.001,-0.046,0.83356525,0.53936575,9.5909037,6.81999969482,1.93912661076,1.67999994755,0.370852172375,-5.5019402504,14.4571142197,-1.36098754406,0.825327157974,97151.6357422,-9.56999969482,60.8695983887,False
80.10000000000001,0.239,0.017,-0.062,0.87279185,0.4118793,8.62004535,7.17999982834,1.93912661076,1.84999990463,0.370852172375,-5.5019402504,14.4821739197,-1.34733879566,0.87805891037,97147.3205566,-9.5,60.3154182434,False
80.2,0.09,0.023,-0.119,0.65704555,0.6276256,8.36507245,7.32999992371,1.93912661076,1.79999995232,0.370852172375,-5.5019402504,14.5091142654,-1.33750867844,0.974723398685,97152.7099609,-9.42000007629,76.6191482544,False
80.30000000000001,0.09,0.023,-0.119,0.65704555,0.6276256,8.36507245,7.32999992371,1.93912661076,1.79999995232,0.370852172375,-5.5019402504,14.5251560211,-1.29623520374,1.10789597034,97152.7099609,-9.42000007629,76.6191482544,False
80.4,0.056,-0.027,-0.197,0.8825985,0.02941995,10.8461549,7.23999977112,1.93912661076,1.89999997616,0.370852172375,-5.5019402504,14.5565738678,-1.23211884499,1.1169372797,97151.9042969,-9.22999954224,68.3508911133,False
80.5,0.083,-0.048,-0.152,0.87279185,-0.20593965,10.8461549,6.7999997139,6.43382883072,2.23000001907,-0.399882018566,-2.48211193085,14.5995788574,-1.07910847664,0.981882572174,97154.5776367,-9.13000011444,41.722202301,False
80.60000000000001,0.078,-0.085,-0.044,0.91201845,-0.0588399,12.32695905,6.17999982834,6.43382883072,2.54999995232,-0.399882018566,-2.48211193085,14.6426610947,-0.924312233925,0.775377571583,97157.800293,-9.03999996185,7.99160003662,False
80.7,0.109,-0.107,0.03,0.980665,1.4723870785299999e-15,12.0229529,5.38999986649,6.43382883072,2.96000003815,-0.399882018566,-2.48211193085,14.6805400848,-0.706164121628,0.519954621792,97160.9130859,-8.97999954224,-25.9206771851,False
80.80000000000001,0.056,-0.088,0.077,0.85317855,-0.00980665,11.60126695,4.56999969482,7.80511331558,3.22000002861,0.611900508404,-0.852279663086,14.6949357986,-0.533814489841,0.370787531137,97161.9506836,-8.9299993515,-34.6813201904,False
80.9,-0.037,-0.114,0.109,0.87279185,0.1176798,12.15043935,3.6899998188,7.80511331558,3.38999986649,0.611900508404,-0.852279663086,14.6924753189,-0.389057546854,0.189861238003,97159.6557617,-8.90999984741,-46.8776702881,False
81.0,0.022,-0.13,0.126,0.79433865,0.16671305,11.9248864,2.79999995232,7.80511331558,3.52999997139,0.611900508404,-0.852279663086,14.696762085,-0.245897844434,0.0262828543782,97161.2976074,-8.90999984741,-59.0412139893,False
81.10000000000001,-0.126,-0.102,0.104,0.77472535,0.3138128,12.07198615,1.95999991894,7.80511331558,3.58999991417,0.611900508404,-0.852279663086,14.6713638306,-0.0613865368068,-0.280878543854,97159.9731445,-8.9299993515,-61.7893218994,False
81.2,-0.111,-0.087,0.043,0.81395195,0.51975245,12.09159945,1.95999991894,7.88283061981,3.58999991417,3.12059903145,-2.71092867851,14.6450853348,0.0287707671523,-0.494723409414,97161.7736816,-8.97000026703,-60.5718612671,False
81.30000000000001,-0.16,-0.069,-0.008,0.6864655,0.7060788,12.0033396,0.669999957085,7.88283061981,3.31999993324,3.12059903145,-2.71092867851,14.5892457962,0.147125244141,-0.787084877491,97157.1594238,-9.03999996185,-59.6878051758,False
81.4,-0.17,-0.026,-0.05,0.63743225,0.57859235,11.30706745,0.199999988079,7.88283061981,3.09999990463,3.12059903145,-2.71092867851,14.5510616302,0.193718269467,-0.945347905159,97156.6223145,-9.13999938965,-58.7051391602,False
81.5,-0.205,0.017,-0.128,0.50013915,0.5295591,10.65982855,-0.0799999982119,4.83130073547,2.78999996185,4.21694087982,-2.61771297455,14.4653511047,0.258775293827,-1.11265408993,97154.2236328,-9.26000022888,-52.7671813965,False
81.60000000000001,-0.169,0.039,-0.161,0.34323275,0.24516625,9.9243298,-0.269999980927,4.83130073547,2.50999999046,4.21694087982,-2.61771297455,14.4039945602,0.272377282381,-1.18665528297,97151.9348145,-9.38999938965,-50.1247406006,False
81.7,-0.111,0.046,-0.19,0.18632635,0.0588399,9.2378643,-0.419999986887,4.83130073547,2.11999988556,4.21694087982,-2.61771297455,14.359869957,0.28594738245,-1.19562852383,97152.3132324,-9.52999973297,-38.0222320557,False
81.80000000000001,-0.123,0.01,-0.157,0.24516625,0.3334261,9.48303055,-0.599999964237,4.83130073547,1.67999994755,4.21694087982,-2.61771297455,14.2882108688,0.303998827934,-1.15402138233,97151.7944336,-9.67000007629,-29.2459487915,False
81.9,-0.115,-0.002,-0.129,0.18632635,0.28439285,9.65955025,-0.759999990463,4.83130073547,1.35000002384,4.21694087982,-2.61771297455,14.18060112,0.30939874053,-1.11201679707,97147.467041,-9.80000019073,-13.4901046753,False
82.0,-0.158,0.011,-0.111,0.0196133,-0.0196133,8.7083052,-0.839999973774,1.19537746906,1.03999996185,3.02943468094,1.78679215908,14.1519355774,0.319087713957,-1.09205365181,97149.6398926,-9.9299993515,-15.5778884888,False
82.10000000000001,-0.3,0.046,-0.063,0.0,0.1176798,6.2370294,-0.889999985695,1.19537746906,0.569999992847,3.02943468094,1.78679215908,14.0457210541,0.304109185934,-0.680508434772,97147.668457,-10.0500001907,5.75370788574,False
82.2,-0.198,0.024,-0.046,0.0196133,0.08825985,6.89407495,-0.879999995232,1.19537746906,0.209999993443,3.02943468094,1.78679215908,14.0152721405,0.28132262826,-0.509729802608,97147.3754883,-10.1499996185,29.3066978455,False
82.30000000000001,-0.147,0.064,-0.033,0.1176798,-0.08825985,5.52114395,-0.769999980927,1.19537746906,-0.189999997616,3.02943468094,1.78679215908,13.9632329941,0.262793838978,-0.148221969604,97142.8161621,-10.1999998093,67.8304672241,False
82.4,0.166,0.026,-0.001,0.1176798,-0.06864655,6.42335575,-0.769999980927,-3.15330672264,-0.599999964237,1.91899073124,3.34858798981,13.927324295,0.262943029404,0.253447562456,97142.4987793,-10.2199993134,98.6448287964,False
82.5,0.127,0.085,0.075,0.1372931,0.26477955,6.38412915,-0.709999978542,-3.15330672264,-0.949999988079,1.91899073124,3.34858798981,13.8743991852,0.221284434199,0.686145246029,97144.6289062,-10.1899995804,110.223297119,False
82.60000000000001,-0.002,0.043,0.065,0.2549729,0.08825985,6.8254284,-0.539999961853,-3.15330672264,-1.12999999523,1.91899073124,3.34858798981,13.8542356491,0.171319231391,0.977980494499,97145.098877,-10.1199998856,120.685577393,False
82.7,0.066,0.046,0.032,0.3334261,0.40207265,6.8450417,-0.269999980927,-1.89497411251,-1.07999992371,1.0379935503,2.48263859749,13.8394842148,0.116270586848,1.23964166641,97145.098877,-10.0199995041,113.604736328,False
82.80000000000001,0.066,0.046,0.032,0.3334261,0.40207265,6.8450417,-0.0399999991059,-1.89497411251,-0.839999973774,1.0379935503,2.48263859749,13.839132309,0.0943658798933,1.32547724247,97149.041748,-9.88999938965,103.057388306,False
82.9,-0.082,0.025,-3.06161699787e-18,0.6472389,0.3334261,8.3160392,-0.0399999991059,-1.89497411251,-0.839999973774,1.0379935503,2.48263859749,13.8545980453,0.0205809641629,1.40798640251,97149.1455078,-9.88999938965,103.057388306,False
83.0,-0.033,0.027,-0.031,0.75511205,0.16671305,8.79656505,0.319999992847,-1.89497411251,-0.409999996424,1.0379935503,2.48263859749,13.8947257996,-0.0497870855033,1.53652596474,97153.4973145,-9.57999992371,74.0966796875,False
83.10000000000001,0.037,0.019,-0.018,0.99047165,-0.08825985,8.65927195,0.989999949932,-2.43771314621,0.539999961853,0.437560498714,2.52595829964,13.9545459747,-0.12672662735,1.54966855049,97156.5551758,-9.42000007629,69.1260375977,False
83.2,0.097,0.006,0.007,0.784532,0.0980665,9.18883105,1.27999997139,-2.43771314621,0.919999957085,0.437560498714,2.52595829964,13.9937391281,-0.16448739171,1.59688341618,97156.842041,-9.26000022888,71.9924926758,False
83.30000000000001,0.36,-0.036,0.007,1.0787315,0.0196133,10.1204628,1.53999996185,-2.43771314621,1.25999999046,0.437560498714,2.52595829964,14.0548591614,-0.191135674715,1.65083885193,97158.59375,-9.0999994278,69.3798980713,False
83.4,0.449,-0.035,0.034,1.0591182,0.0392266,9.58109705,1.58999991417,-2.43771314621,1.67999994755,0.437560498714,2.52595829964,14.1143226624,-0.196298703551,1.67659604549,97159.362793,-8.9299993515,58.9505195618,False
83.5,0.53,-0.047,0.035,1.1571847,0.0784532,9.77723005,1.5,4.73229026794,2.00999999046,0.736043035984,2.27771782875,14.2087211609,-0.123322747648,1.6787211895,97160.4248047,-8.76999950409,55.7458877563,False
83.60000000000001,0.379,-0.053,0.063,1.04931155,0.38245935,10.05181625,1.25,4.73229026794,2.23000001907,0.736043035984,2.27771782875,14.2335128784,-0.0957323983312,1.67714393139,97164.3676758,-8.5999994278,62.6742362976,False
83.7,0.042,-0.016,0.055,0.89240515,0.71588545,8.8455983,0.879999995232,4.73229026794,2.38999986649,0.736043035984,2.27771782875,14.2696266174,-0.0454869940877,1.72241866589,97163.494873,-8.43999958038,66.0213470459,False
83.80000000000001,-0.169,-0.011,0.008,1.0983448,0.63743225,9.3751574,0.550000011921,4.73229026794,2.58999991417,0.736043035984,2.27771782875,14.3511972427,0.0407236628234,1.79437422752,97166.784668,-8.26000022888,74.8378753662,False
83.9,-0.29,0.003,-0.062,1.04931155,0.61781895,9.73800345,0.289999991655,5.76158475876,2.82999992371,1.13859224319,1.63288164139,14.3985061646,0.0824292674661,1.76015746593,97169.9401855,-8.09000015259,70.17993927,False
84.0,-0.531,-0.053,-0.086,1.6082906,-0.1765197,13.71950335,0.0299999993294,5.76158475876,3.04999995232,1.13859224319,1.63288164139,14.465259552,0.132338687778,1.63125836849,97169.7265625,-7.91999959946,54.4849395752,False
84.10000000000001,-0.316,-0.071,-0.041,1.3925443,0.12748645,14.6511351,-0.239999994636,5.76158475876,3.76999998093,1.13859224319,1.63288164139,14.5409402847,0.166340753436,1.16100871563,97175.4882812,-7.77999973297,-18.2662963867,False
84.2,-0.186,-0.075,0.063,1.1964113,0.30400615,12.6309652,-0.25,5.76158475876,4.27999973297,1.13859224319,1.63288164139,14.6314096451,0.148591950536,0.744155168533,97172.65625,-7.69000005722,-62.66040802,False
84.30000000000001,-0.064,-0.048,0.084,0.9218251,0.42168595,11.38552065,-0.0299999993294,-1.4693261385,4.55999994278,1.91014349461,1.77334415913,14.6690511703,0.0725151523948,0.564102530479,97179.0893555,-7.6299996376,-71.6432571411,False
84.4,0.026,-0.034,0.066,0.4903325,0.44129925,9.07115125,0.340000003576,-1.4693261385,4.56999969482,1.91014349461,1.77334415913,14.6769218445,0.0343041308224,0.557471930981,97177.0690918,-7.58999967575,-61.9337081909,False
84.5,0.104,-0.033,0.023,0.4511059,0.1765197,8.36507245,0.599999964237,-1.4693261385,4.5499997139,1.91014349461,1.77334415913,14.6699037552,-0.00853177439421,0.643860399723,97177.1850586,-7.55999994278,-46.8019485474,False
84.60000000000001,0.125,-0.074,0.018,0.392266,0.4511059,9.63993695,0.909999966621,-1.4693261385,4.57999992371,1.91014349461,1.77334415913,14.6553153992,-0.0685312822461,0.727662205696,97175.4333496,-7.50999975204,-51.6857147217,False
84.7,0.0,-0.085,0.007,0.5099458,0.3138128,10.9442214,1.29999995232,-0.514054059982,5.36999988556,2.50089263916,0.9164083004,14.6209526062,-0.114564888179,0.725094556808,97175.8239746,-7.44999980927,-59.7169876099,False
84.80000000000001,-0.083,-0.14,0.033,0.9218251,0.2549729,13.05265115,1.57999992371,-0.514054059982,4.98000001907,2.50089263916,0.9164083004,14.6068029404,-0.148433744907,0.56855493784,97180.456543,-7.38999986649,-77.1527252197,False
84.9,-0.068,-0.086,0.059,0.9218251,0.4903325,12.3956056,2.38999986649,-0.514054059982,5.28999996185,2.50089263916,0.9164083004,14.5760602951,-0.252096444368,0.152722612023,97180.456543,-7.34999990463,-92.8532562256,False
85.0,0.14,-0.084,0.006,0.91201845,0.44129925,12.356379,2.86999988556,-1.54524624348,5.34999990463,4.11509513855,0.334510743618,14.5557365417,-0.294141113758,0.022497555241,97178.7414551,-7.32999992371,-101.002792358,False
85.10000000000001,0.137,-0.054,0.02,0.79433865,0.14709975,10.65982855,3.24000000954,-1.54524624348,5.38999986649,4.11509513855,0.334510743618,14.5073137283,-0.351593106985,-0.200261384249,97173.840332,-7.34999990463,-110.546401978,False
85.2,0.165,-0.058,0.038,0.65704555,0.34323275,10.591182,4.78999996185,-1.54524624348,5.27999973297,4.11509513855,0.334510743618,14.4630556107,-0.385990411043,-0.291083872318,97177.6000977,-7.38999986649,-100.710205078,False
85.30000000000001,0.016,-0.014,0.013,0.7060788,0.38245935,9.3163175,5.15000009537,-1.54524624348,5.13000011444,4.11509513855,0.334510743618,14.3745040894,-0.443176537752,-0.365115433931,97173.3093262,-7.44000005722,-90.8827819824,False
85.4,0.126,-0.007,-0.03,0.61781895,0.4707192,9.7870367,6.67000007629,-1.54524624348,4.94999980927,4.11509513855,0.334510743618,14.3526439667,-0.447035372257,-0.358387500048,97175.1464844,-7.5,-79.3759307861,False
85.5,0.143,-0.028,-0.041,0.69627215,0.2353596,10.48330885,7.0,1.7544888258,4.71999979019,5.16350078583,-0.0244874749333,14.2747354507,-0.458672970533,-0.379717856646,97173.6022949,-7.5499997139,-75.0355682373,False
85.60000000000001,0.102,-0.031,-0.031,0.50013915,0.2549729,10.24794925,7.21000003815,1.7544888258,4.67000007629,5.16350078583,-0.0244874749333,14.2218723297,-0.453996658325,-0.465066760778,97175.0305176,-7.60999965668,-92.1652832031,False
85.7,0.063,0.001,-0.029,0.4118793,0.5687857,9.5320638,9.01000022888,1.7544888258,4.50999975204,5.16350078583,-0.0244874749333,14.1382246017,-0.454009354115,-0.493573904037,97171.7956543,-7.67999982834,-99.747177124,False
85.80000000000001,0.063,0.001,-0.029,0.4118793,0.5687857,9.5320638,9.31999969482,1.7544888258,4.42000007629,5.16350078583,-0.0244874749333,14.0880784988,-0.453675806522,-0.476476430893,97171.7956543,-7.73999977112,-96.65574646,False
85.9,-0.117,0.035,-0.12,0.4314926,0.2353596,7.649187,11.5099992752,2.39418029785,3.53999996185,5.11302137375,1.19527733326,13.9648237228,-0.454676121473,-0.227523654699,97173.1628418,-7.78999996185,-65.4765167236,False
86.0,-0.024,0.027,-0.147,0.40207265,8.49084555073e-16,6.93330155,11.9099998474,2.39418029785,3.95999979973,5.11302137375,1.19527733326,13.9228076935,-0.446772694588,-0.0446443594992,97169.2565918,-7.82999992371,-36.5942001343,False
86.10000000000001,0.049,0.004,-0.115,0.5099458,-0.0196133,8.0610663,15.25,2.39418029785,3.69999980927,5.11302137375,1.19527733326,13.8901281357,-0.438669145107,0.0916353836656,97172.4121094,-7.84999990463,-3.61194610596,False
86.2,0.211,0.009,-0.094,0.67665885,0.0588399,8.22777935,15.7299995422,2.39418029785,3.5,5.11302137375,1.19527733326,13.8424263,-0.413595318794,0.287879496813,97168.6279297,-7.83999967575,7.63969421387,False
86.30000000000001,0.199,-0.021,-0.073,0.85317855,-0.1372931,8.7475318,16.0699996948,3.98328948021,3.34999990463,4.53437042236,3.65344119072,13.8007354736,-0.347225964069,0.442109912634,97169.909668,-7.81999969482,21.6943740845,False
86.4,0.147,-0.048,-0.01,1.0983448,1.2442031103999998e-15,10.1596894,18.2700004578,3.98328948021,3.95999979973,4.53437042236,3.65344119072,13.7739477158,-0.287846267223,0.434485793114,97172.7416992,-7.77999973297,28.1422615051,False
86.5,0.317,-0.017,0.018,0.97085835,1.17814985647e-15,9.62032365,18.4400005341,3.98328948021,3.25,4.53437042236,3.65344119072,13.7433862686,-0.185499832034,0.409727334976,97172.5158691,-7.73999977112,21.8800544739,False
86.60000000000001,0.458,-0.005,0.04,1.12776475,0.24516625,8.9436648,18.5599994659,3.98328948021,3.1899998188,4.53437042236,3.65344119072,13.7228507996,-0.0768157169223,0.402745127678,97173.9990234,-7.71000003815,22.1440315247,False
86.7,0.301,-0.005,0.049,1.0002783,0.5295591,9.75761675,21.4899997711,3.98328948021,2.52999997139,4.53437042236,3.65344119072,13.7053003311,0.0652898102999,0.403689920902,97173.5534668,-7.66999959946,20.5982208252,False
86.80000000000001,0.312,0.009,0.009,1.20621795,0.48052585,9.0417313,21.5900001526,11.4533605576,3.11999988556,4.92252206802,3.4137544632,13.6932516098,0.215992972255,0.450125217438,97178.1677246,-7.63999986649,32.6893806458,False
86.9,0.381,0.003,-0.049,1.3140911,0.6080123,9.28689755,22.5399990082,11.4533605576,3.25999999046,4.92252206802,3.4137544632,13.6934804916,0.497775137424,0.466689646244,97175.5310059,-7.59999990463,27.6517868042,False
87.0,0.269,0.051,-0.117,1.16699135,0.73549875,8.3748791,22.5499992371,11.4533605576,3.36999988556,4.92252206802,3.4137544632,13.6976995468,0.573075532913,0.48843178153,97179.1870117,-7.55999994278,35.191822052,False
87.10000000000001,0.229,0.085,-0.203,0.8629852,0.91201845,7.36479415,24.3500003815,17.5419139862,3.37999987602,4.16030979156,4.37707042694,13.7127113342,0.794260025024,0.662181258202,97181.6589355,-7.50999975204,46.8150138855,False
87.2,0.168,0.056,-0.27,0.83356525,0.79433865,7.32556755,24.5199985504,17.5419139862,3.33999991417,4.16030979156,4.37707042694,13.7254743576,0.973745584488,0.89366465807,97179.8339844,-7.44999980927,56.2864303589,False
87.30000000000001,0.098,-0.009,-0.31,1.08853815,0.5687857,8.14932615,24.6199989319,17.5419139862,3.48000001907,4.16030979156,4.37707042694,13.7494249344,1.23876869678,1.18739044666,97179.8339844,-7.34999990463,75.1856842041,False
87.4,0.164,-0.016,-0.324,1.0002783,0.59820565,8.1002929,26.3099994659,17.5419139862,4.38999986649,4.16030979156,4.37707042694,13.7746772766,1.49483585358,1.3908560276,97183.6486816,-7.23000001907,83.4062576294,False
87.5,0.219,-0.03,-0.315,1.08853815,0.6668522,8.20816605,26.1999988556,21.3493728638,3.91999983788,1.32271003723,9.90089225769,13.7799797058,1.65437090397,1.48438847065,97181.2194824,-7.07999992371,87.5427246094,False
87.60000000000001,0.168,-0.066,-0.308,1.2356379,0.3334261,7.7864801,25.8899993896,21.3493728638,4.19999980927,1.32271003723,9.90089225769,13.7961378098,1.96304535866,1.64371728897,97186.4257812,-6.90999984741,84.6625366211,False
87.7,0.137,-0.105,-0.281,1.48080415,0.08825985,8.2179727,27.4499988556,21.3493728638,3.81999993324,1.32271003723,9.90089225769,13.8206043243,2.44374537468,1.93633937836,97189.8193359,-6.71999979019,90.7039642334,False
87.80000000000001,0.116,-0.146,-0.254,1.52003075,0.1569064,9.54187045,27.1399993896,21.3493728638,4.92000007629,1.32271003723,9.90089225769,13.837387085,2.81312060356,2.06971406937,97194.0979004,-6.51999998093,87.4894104004,False
87.9,0.17,-0.146,-0.214,1.83384355,0.55897905,9.5712904,29.2099990845,24.9724330902,5.46999979019,0.496688246727,16.4616718292,13.8489742279,3.16148209572,2.13462519646,97197.2961426,-6.2999997139,87.0535888672,False
88.0,0.061,-0.182,-0.18,1.9221034,0.40207265,10.36562905,28.7299995422,24.9724330902,5.96999979019,0.496688246727,16.4616718292,13.8494081497,3.53457045555,2.17360472679,97201.3000488,-6.06999969482,75.7224121094,False
88.10000000000001,0.089,-0.235,-0.148,2.0593965,0.57859235,11.77778665,28.8699989319,24.9724330902,6.51999998093,0.496688246727,16.4616718292,13.8106336594,4.24784755707,2.0555202961,97202.7648926,-5.82999992371,43.7831878662,False
88.2,0.148,-0.274,-0.144,2.36340265,0.87279185,13.18994425,27.9200000763,24.9724330902,7.25999975204,0.496688246727,16.4616718292,13.7683010101,4.60964202881,1.90678203106,97208.3984375,-5.60999965668,-0.653266906738,False
88.30000000000001,0.092,-0.283,-0.149,2.3339827,0.77472535,14.11176935,28.5900001526,28.3974971771,7.91999959946,3.4881746769,23.2552833557,13.6098041534,5.45702123642,1.47519874573,97211.9995117,-5.40000009537,-35.5871200562,False
88.4,0.055,-0.289,-0.135,2.3143694,1.2748645,15.0826277,27.1899986267,28.3974971771,8.48999977112,3.4881746769,23.2552833557,13.465587616,5.96616506577,1.13963961601,97208.7768555,-5.23000001907,-80.7355880737,False
88.5,-0.122,-0.265,-0.238,1.8240369,0.8433719,14.4157755,25.6800003052,28.3974971771,8.77999973297,3.4881746769,23.2552833557,13.2085027695,6.64657926559,0.78538185358,97208.7768555,-5.09999990463,-111.100769043,False
88.60000000000001,-0.129,-0.249,-0.268,1.65732385,0.7060788,13.99408955,26.3199996948,28.3974971771,8.97999954224,3.4881746769,23.2552833557,12.9542226791,7.15607738495,0.523540139198,97210.5895996,-5.0,-123.728370667,False
88.7,-0.073,-0.222,-0.308,1.2552512,0.67665885,12.26811915,24.9099998474,28.0724143982,9.01999950409,5.97392559052,30.3902397156,12.6382074356,7.70691633224,0.367351561785,97211.2426758,-4.92999982834,-130.016143799,False
88.80000000000001,0.135,-0.222,-0.316,1.18660465,0.6080123,12.0817928,25.6999988556,28.0724143982,9.81999969482,5.97392559052,30.3902397156,12.4614114761,7.97825670242,0.289318501949,97212.4450684,-4.88999986649,-127.101516724,False
88.9,0.04,-0.242,-0.308,1.34351105,0.40207265,11.99353295,25.6899986267,28.0724143982,9.84000015259,5.97392559052,30.3902397156,12.2635507584,8.24736881256,0.218182593584,97207.8857422,-4.88999986649,-127.101516724,False
89.0,-0.071,-0.233,-0.272,1.01008495,0.73549875,11.9444997,22.6999988556,28.0724143982,9.13000011444,5.97392559052,30.3902397156,11.7102546692,8.9523525238,0.00870662648231,97209.9060059,-4.83999967575,-111.109634399,False
89.10000000000001,-0.147,-0.202,-0.26,0.9022118,0.8041453,11.89546645,24.5499992371,28.0724143982,8.28999996185,5.97392559052,30.3902397156,11.3307781219,9.35227966309,-0.0930040031672,97210.3515625,-4.83999967575,-96.7698059082,False
89.2,0.113,-0.167,-0.312,1.06892485,0.12748645,9.9635564,23.1199989319,29.2510948181,8.75,7.00478553772,40.1049995422,11.129696846,9.5546913147,-0.0530983582139,97205.291748,-4.84999990463,-83.9122772217,False
89.30000000000001,0.217,-0.141,-0.282,0.9414384,0.4314926,8.5317855,23.0100002289,29.2510948181,9.30000019073,7.00478553772,40.1049995422,10.6776094437,10.0436525345,0.195383638144,97205.065918,-4.84999990463,-46.0224151611,False
89.4,0.036,-0.185,-0.23,1.1964113,0.1765197,7.9826131,21.9799995422,29.2510948181,8.35999965668,7.00478553772,40.1049995422,10.3405723572,10.3899707794,0.521095633507,97202.8808594,-4.83999967575,-4.18481826782,False
89.5,-0.389,-0.192,-0.164,1.12776475,0.7649187,8.97308475,23.2600002289,29.2510948181,7.31999969482,7.00478553772,40.1049995422,10.2058019638,10.5211238861,0.582319498062,97204.0771484,-4.7999997139,36.5216255188,False
89.60000000000001,-0.761,-0.206,-0.184,1.9024901,0.1765197,10.11065615,23.25,31.3145427704,7.25,7.0835981369,46.205493927,9.95219612122,10.7864875793,0.639086663723,97207.6599121,-4.7999997139,36.5216255188,False
89.7,-0.328,-0.196,-0.178,2.6674088,0.51975245,12.3759923,21.0399990082,31.3145427704,8.0,7.0835981369,46.205493927,9.37254619598,11.4538478851,0.345357000828,97213.7695312,-4.67999982834,41.6563987732,False
89.80000000000001,-0.171,-0.201,-0.163,3.12832135,1.02969825,14.5334553,22.9899997711,31.3145427704,8.35999965668,7.0835981369,46.205493927,9.09179973602,11.7352390289,-0.0271174516529,97209.375,-4.63000011444,24.7653007507,False
89.9,-0.043,-0.128,-0.2,2.71644205,1.176798,14.0431228,22.9799995422,31.3145427704,8.35999965668,7.0835981369,46.205493927,8.93920707703,11.8765439987,-0.206554174423,97219.8791504,-4.63000011444,24.7653007507,False
90.0,-0.048,-0.111,-0.26,2.61837555,0.83356525,13.4154972,22.7899990082,23.0449790955,8.13000011444,9.20140361786,52.6452407837,8.39506721497,12.3524799347,-0.759105324745,97219.9951172,-4.67000007629,-8.46176147461,False
90.10000000000001,-0.018,-0.1,-0.263,2.50069575,0.4314926,12.03275955,21.8099994659,23.0449790955,7.85999965668,9.20140361786,52.6452407837,8.26327228546,12.4484052658,-0.858301520348,97212.3657227,-4.75999975204,-5.00450134277,False
90.2,-0.075,-0.158,-0.218,2.46146915,0.2745862,13.6312435,20.6999988556,23.0449790955,7.65999984741,9.20140361786,52.6452407837,7.65111064911,12.9143733978,-1.31930649281,97212.097168,-4.85999965668,-2.35157012939,False
90.30000000000001,-0.148,-0.135,-0.186,2.28494945,0.2745862,12.9840046,21.2099990845,23.0449790955,8.05000019073,9.20140361786,52.6452407837,7.25618743896,13.1366500854,-1.56226611137,97210.4980469,-5.0,-5.30109405518,False
90.4,0.0,-0.093,-0.143,1.6475172,0.7060788,10.8265416,21.1999988556,23.0449790955,8.05000019073,9.20140361786,52.6452407837,7.13392877579,13.2045269012,-1.59081625938,97206.5979004,-5.0,-5.30109405518,False
90.5,0.015,-0.063,-0.192,1.34351105,0.784532,10.1400761,20.1700000763,22.5842971802,6.80999994278,9.4386472702,58.8702201843,6.66149711609,13.4046821594,-1.69561350346,97206.5979004,-5.15999984741,6.00156784058,False
90.60000000000001,0.006,-0.048,-0.224,1.26505785,0.73549875,8.63965865,21.1000003815,22.5842971802,6.19999980927,9.4386472702,58.8702201843,6.46246242523,13.4775867462,-1.71162700653,97200.7507324,-5.53999996185,21.6310501099,False
90.7,-0.009,-0.039,-0.23,1.34351105,0.5687857,7.9629998,19.6999988556,22.5842971802,5.28999996185,9.4386472702,58.8702201843,6.08134269714,13.6430339813,-1.49817025661,97200.5981445,-5.71999979019,40.6203269958,False
90.80000000000001,-0.074,-0.066,-0.237,1.4317709,0.2353596,8.8652116,20.0499992371,23.2326049805,4.19999980927,9.01671600342,63.5436134338,5.80927991867,13.7787265778,-1.32033634186,97197.6989746,-5.88999986649,71.8088150024,False
90.9,-0.04,-0.043,-0.222,1.6279039,0.4118793,8.6102387,19.4699993134,23.2326049805,4.59999990463,9.01671600342,63.5436134338,5.5224814415,13.8997449875,-1.17824316025,97198.8586426,-6.02999973297,86.8265151978,False
91.0,-0.069,-0.03,-0.211,1.87307015,0.1372931,8.6886919,19.3299999237,23.2326049805,5.15999984741,9.01671600342,63.5436134338,5.32271814346,14.0153226852,-1.05072963238,97199.2004395,-6.15999984741,90.7312393188,False
91.10000000000001,-0.069,-0.03,-0.211,1.87307015,0.1372931,8.6886919,18.7299995422,23.2326049805,4.26999998093,9.01671600342,63.5436134338,4.91971206665,14.2081460953,-0.799910902977,97199.2004395,-6.26999998093,105.598449707,False
91.2,-0.123,-0.018,-0.205,1.5886773,0.5687857,8.20816605,18.4499988556,23.2326049805,3.31999993324,9.01671600342,63.5436134338,4.78092718124,14.2879457474,-0.681969583035,97195.526123,-6.34999990463,106.441497803,False
91.30000000000001,-0.138,-0.012,-0.246,1.96133,0.4314926,8.9436648,18.0100002289,21.9410076141,3.91999983788,7.32007932663,69.3808670044,4.60641813278,14.3779306412,-0.558461844921,97194.3359375,-6.42000007629,107.439041138,False
91.4,-0.132,0.006,-0.255,1.91229675,0.48052585,8.75733845,17.4499988556,21.9410076141,4.05999994278,7.32007932663,69.3808670044,4.32582473755,14.5434103012,-0.43294095993,97190.8203125,-6.46000003815,110.706420898,False
91.5,-0.106,0.002,-0.258,1.8632635,0.53936575,8.7867584,16.8099994659,21.9410076141,4.06999969482,7.32007932663,69.3808670044,4.12212753296,14.6495628357,-0.36354970932,97191.3391113,-6.5,114.440444946,False
91.60000000000001,-0.106,0.002,-0.258,1.8632635,0.53936575,8.7867584,16.8199996948,21.9410076141,4.06999969482,7.32007932663,69.3808670044,3.93310904503,14.7636117935,-0.27093231678,97191.3391113,-6.5,114.440444946,False
91.7,-0.079,-0.023,-0.228,1.8044236,0.40207265,9.2378643,15.5699996948,19.7535266876,4.06999969482,5.06016349792,75.7800827026,3.52227377892,14.9855604172,-0.131325781345,97194.5495605,-6.53999996185,122.307876587,False
91.80000000000001,-0.068,-0.058,-0.221,2.01036325,0.1765197,10.30678915,14.7999992371,19.7535266876,4.19000005722,5.06016349792,75.7800827026,3.38058328629,15.061088562,-0.112533025444,97186.7919922,-6.5499997139,105.088233948,False
91.9,0.04,-0.05,-0.185,1.7848103,0.4118793,9.65955025,13.7399997711,19.7535266876,4.52999973297,5.06016349792,75.7800827026,3.06817555428,15.2035808563,-0.136924684048,97188.8122559,-6.5499997139,72.6210632324,False
92.0,-0.02,-0.079,-0.146,1.73577705,0.4118793,9.42419065,12.7899999619,19.7535266876,4.65000009537,5.06016349792,75.7800827026,2.79699587822,15.3297863007,-0.090461216867,97196.105957,-6.5499997139,76.598739624,False
92.10000000000001,-0.146,-0.047,-0.145,1.569064,0.7060788,8.95347145,11.9299993515,19.53881073,4.61000013351,4.64216566086,79.5452880859,2.50125861168,15.4417924881,-0.0180780049413,97190.1550293,-6.55999994278,89.9116516113,False
92.2,-0.178,-0.056,-0.192,1.6279039,0.53936575,9.85568325,10.9699993134,19.53881073,4.57999992371,4.64216566086,79.5452880859,2.29316020012,15.5259857178,0.0129021527246,97189.8620605,-6.5499997139,97.5885391235,False
92.30000000000001,-0.127,-0.072,-0.168,1.6671305,0.59820565,10.002783,9.90999984741,19.53881073,4.65000009537,4.64216566086,79.5452880859,2.02980303764,15.6163454056,0.0035337083973,97188.9099121,-6.5499997139,93.775177002,False
92.4,-0.121,-0.015,-0.187,1.5886773,0.55897905,8.42391235,8.97000026703,19.53881073,4.63999986649,4.64216566086,79.5452880859,1.80444574356,15.7012996674,0.0403328239918,97189.5202637,-6.53999996185,94.8451080322,False
92.5,-0.145,-0.038,-0.173,1.91229675,0.5687857,9.77723005,8.13999938965,16.4604167938,4.56999969482,4.43923997879,84.3896179199,1.56609523296,15.8062858582,0.160545021296,97184.9121094,-6.52999973297,117.601104736,False
92.60000000000001,-0.062,-0.063,-0.172,2.1966896,0.588399,11.7287534,7.14999961853,16.4604167938,4.77999973297,4.43923997879,84.3896179199,1.36772668362,15.8933086395,0.0609832219779,97192.9992676,-6.51999998093,100.317955017,False
92.7,-0.032,-0.094,-0.153,2.32417605,0.38245935,13.6116302,5.81999969482,16.4604167938,5.02999973297,4.43923997879,84.3896179199,1.06988763809,15.9842176437,-0.218820020556,97184.185791,-6.51999998093,62.389087677,False
92.80000000000001,0.056,-0.065,-0.097,1.85345685,0.196133,11.11093445,4.23999977112,16.4604167938,5.21000003815,4.43923997879,84.3896179199,0.749794125557,16.0623245239,-0.547989785671,97190.234375,-6.55999994278,32.0597648621,False
92.9,-0.169,-0.048,-0.083,1.2160246,0.83356525,9.022118,3.05999994278,15.4881334305,4.94000005722,4.86617994308,87.7646179199,0.436298340559,16.1204586029,-0.586517870426,97190.234375,-6.61999988556,39.288520813,False
93.0,-0.102,-0.015,-0.125,1.06892485,1.0198916,7.6884136,3.05999994278,15.4881334305,4.94000005722,4.86617994308,87.7646179199,0.349936068058,16.1412200928,-0.488483160734,97186.5966797,-6.69000005722,63.3972167969,False
93.10000000000001,-0.172,-0.012,-0.204,1.22583125,0.6472389,7.87473995,1.44999992847,15.4881334305,4.32999992371,4.86617994308,87.7646179199,0.246774867177,16.1414432526,-0.369124054909,97183.2397461,-6.75,69.6605682373,False
93.2,-0.227,-0.04,-0.254,1.38273765,0.32361945,9.2378643,0.689999997616,15.4881334305,4.23000001907,4.86617994308,87.7646179199,0.0164565853775,16.1676158905,-0.180072113872,97188.3117676,-6.78999996185,78.7796020508,False
93.30000000000001,-0.209,-0.043,-0.248,1.4513842,0.196133,9.414384,-0.209999993443,15.4881334305,4.19999980927,4.86617994308,87.7646179199,-0.159607544541,16.1642475128,-0.166434630752,97178.6254883,-6.81999969482,70.397567749,False
93.4,-0.239,-0.037,-0.217,1.2356379,0.2353596,9.28689755,-1.06999993324,11.0101032257,4.19000005722,4.37224960327,93.4200134277,-0.292147815228,16.1873435974,-0.0925491526723,97189.440918,-6.84999990463,82.6795578003,False
93.5,-0.235,-0.047,-0.177,1.4709975,0.1569064,9.18883105,-1.94999992847,11.0101032257,4.13000011444,4.37224960327,93.4200134277,-0.377627760172,16.1875076294,-0.0575799196959,97181.652832,-6.86999988556,78.4640350342,False
93.60000000000001,-0.267,-0.081,-0.128,1.44157755,1.29464377704e-15,10.5715687,-1.94999992847,11.0101032257,4.11999988556,4.37224960327,93.4200134277,-0.487888783216,16.197063446,-0.0578685104847,97184.4055176,-6.86999988556,78.4640350342,False
93.7,-0.267,-0.081,-0.128,1.44157755,1.29464377704e-15,10.5715687,-2.71000003815,11.0101032257,4.11000013351,4.37224960327,93.4200134277,-0.656936883926,16.2125720978,-0.154207482934,97184.4055176,-6.8799996376,80.073638916,False
93.80000000000001,-0.178,-0.078,0.002,1.63771055,0.1765197,10.30678915,-4.26999998093,11.0101032257,4.15000009537,4.37224960327,93.4200134277,-0.769047498703,16.2323951721,-0.268509328365,97183.2336426,-6.92000007629,62.0370864868,False
93.9,-0.158,-0.032,0.028,1.3337044,0.44129925,9.01231135,-4.26999998093,4.25666093826,4.15000009537,5.5198597908,96.966796875,-0.792777061462,16.2226238251,-0.28598600626,97181.7687988,-6.92000007629,62.0370864868,False
94.0,-0.261,-0.057,0.027,1.44157755,0.34323275,9.48303055,-5.01999998093,4.25666093826,3.86999988556,5.5198597908,96.966796875,-0.817631840706,16.242017746,-0.233530879021,97183.2214355,-7.0,79.998588562,False
94.10000000000001,-0.23,-0.037,-0.005,1.53964405,0.2941995,9.79684335,-5.25,4.25666093826,3.75999999046,5.5198597908,96.966796875,-0.824466049671,16.239484787,-0.286051213741,97183.9599609,-7.02999973297,74.1792678833,False
94.2,-0.23,-0.037,-0.005,1.53964405,0.2941995,9.79684335,-5.31999969482,4.25666093826,3.63999986649,5.5198597908,96.966796875,-0.799107909203,16.2618770599,-0.263618469238,97183.9599609,-7.06999969482,72.5209197998,False
94.30000000000001,-0.202,-0.016,-0.006,1.50041745,0.36284605,9.2574776,-5.26999998093,0.0288548283279,3.48000001907,6.17628097534,96.8625183105,-0.760480105877,16.2568130493,-0.241024062037,97186.315918,-7.10999965668,94.7657623291,False
94.4,-0.184,-0.015,1.83697019872e-18,1.50041745,0.38245935,9.414384,-5.23999977112,0.0288548283279,3.31999993324,6.17628097534,96.8625183105,-0.714542388916,16.2666950226,-0.237536862493,97175.7568359,-7.13999986649,94.7554626465,False
94.5,-0.018,-0.017,0.019,1.53964405,0.0980665,9.6301303,-5.05999994278,0.0288548283279,3.25999999046,6.17628097534,96.8625183105,-0.6617603302,16.2798786163,-0.257787376642,97176.7578125,-7.17000007629,95.9633789062,False
94.60000000000001,0.008,-0.045,0.047,1.7455837,-0.1176798,10.14988275,-4.94999980927,-2.62706303596,3.04999995232,6.46104335785,96.9399642944,-0.621042907238,16.3049221039,-0.262533485889,97178.6865234,-7.19999980927,118.32170105,False
94.7,-0.081,-0.03,0.088,1.7063571,-0.0392266,10.7284751,-4.94000005722,-2.62706303596,3.04999995232,6.46104335785,96.9399642944,-0.576243638992,16.3073501587,-0.324796915054,97182.3974609,-7.19999980927,118.32170105,False
94.80000000000001,-0.103,-0.013,0.158,1.87307015,0.06864655,10.38524235,-4.63999986649,-2.62706303596,2.70000004768,6.46104335785,96.9399642944,-0.471908122301,16.3292427063,-0.460994005203,97182.3974609,-7.2999997139,118.480209351,False
94.9,-0.09,-0.012,0.18,1.75539035,0.2157463,10.56176205,-4.34999990463,-2.62706303596,2.52999997139,6.46104335785,96.9399642944,-0.363376528025,16.3474025726,-0.579669833183,97174.6459961,-7.35999965668,119.524475098,False
95.0,-0.042,-0.013,0.173,1.8632635,0.12748645,10.002783,-4.34999990463,-2.62706303596,2.52999997139,6.46104335785,96.9399642944,-0.348717063665,16.3507194519,-0.598310410976,97176.2390137,-7.41999959946,125.135894775,False
95.10000000000001,-0.048,0.018,0.169,1.67693715,0.5491724,9.56148375,-3.30999994278,-5.20608043671,2.12999987602,6.59491252899,93.1033477783,-0.224545761943,16.3659820557,-0.648769795895,97175.7263184,-7.5,121.881866455,False
95.2,0.0,0.033,0.126,1.7455837,0.55897905,9.4536106,-3.31999993324,-5.20608043671,2.12999987602,6.59491252899,93.1033477783,-0.0517570413649,16.3906040192,-0.6562910676,97172.3266602,-7.57999992371,117.385009766,False
95.30000000000001,0.071,0.039,0.058,1.59848395,0.5491724,9.38496405,-1.90999996662,-5.20608043671,1.91999995708,6.59491252899,93.1033477783,0.1145747751,16.4218730927,-0.636312961578,97172.3266602,-7.65999984741,115.463829041,False
95.4,0.094,0.035,0.039,1.6671305,0.14709975,9.1397978,-1.20999991894,-5.09984207153,1.77999997139,5.8164768219,91.3695144653,0.235318437219,16.4576816559,-0.59580385685,97175.213623,-7.73999977112,123.890304565,False
95.5,0.061,0.034,0.034,1.65732385,0.20593965,8.87501825,-0.579999983311,-5.09984207153,1.58999991417,5.8164768219,91.3695144653,0.330674558878,16.4700737,-0.528809785843,97176.1474609,-7.80999994278,133.327957153,False
95.60000000000001,0.005,0.044,0.005,1.48080415,0.53936575,8.7083052,0.0399999991059,-5.09984207153,1.43999993801,5.8164768219,91.3695144653,0.511974394321,16.5142326355,-0.388968676329,97173.7304688,-7.8799996376,138.183685303,False
95.7,-0.009,0.031,-0.009,1.50041745,0.38245935,9.3555441,0.599999964237,-4.51761627197,1.27999997139,4.96998882294,91.1377029419,0.59906488657,16.5342178345,-0.361869186163,97171.7224121,-7.92999982834,145.040603638,False
95.80000000000001,-0.018,0.03,-0.008,1.75539035,0.2157463,9.56148375,1.25,-4.51761627197,1.17999994755,4.96998882294,91.1377029419,0.70352190733,16.5786094666,-0.365478128195,97169.9768066,-7.96999979019,143.184661865,False
95.9,0.021,0.047,-0.018,1.6867438,0.1372931,9.1986377,1.91999995708,-4.51761627197,1.20999991894,4.96998882294,91.1377029419,0.77531182766,16.6055431366,-0.358282089233,97170.4406738,-8.01000022888,132.494171143,False
96.0,0.115,0.021,0.048,1.67693715,-0.10787315,9.7085835,2.41999983788,-4.51761627197,1.27999997139,4.96998882294,91.1377029419,0.851800501347,16.6455898285,-0.34871250391,97172.2961426,-8.05000019073,122.041130066,False
96.10000000000001,0.23,0.024,0.068,1.4317709,0.2549729,9.6301303,2.90999984741,-3.81841516495,1.24000000954,4.14846754074,91.1019134521,0.922872424126,16.6692752838,-0.342437922955,97172.6928711,-8.0999994278,124.901199341,False
96.2,0.26,0.007,0.079,1.4709975,0.0980665,9.83606995,3.3599998951,-3.81841516495,1.18999993801,4.14846754074,91.1019134521,0.949646413326,16.6955413818,-0.32330685854,97168.4875488,-8.13999938965,124.275497437,False
96.30000000000001,0.287,0.018,0.079,1.5886773,0.34323275,9.4339973,3.67999982834,-3.81841516495,1.14999997616,4.14846754074,91.1019134521,1.01299273968,16.7230873108,-0.321120977402,97166.7724609,-8.1799993515,121.150779724,False
96.4,0.073,0.002,0.061,1.50041745,0.196133,10.11065615,4.02999973297,-3.81841516495,1.12999999523,4.14846754074,91.1019134521,1.03483605385,16.7608451843,-0.359583824873,97166.217041,-8.22000026703,116.15133667,False
96.5,-0.021,0.015,0.038,1.42196425,0.3138128,9.9243298,4.26999998093,0.731944799423,1.15999996662,3.55608582497,89.3565063477,1.06139993668,16.7868270874,-0.352452993393,97169.0002441,-8.26000022888,114.799308777,False
96.60000000000001,0.235,-4.041334437190001e-18,-0.033,1.569064,-0.0392266,10.16949605,4.26999998093,0.731944799423,1.15999996662,3.55608582497,89.3565063477,1.05356490612,16.8114624023,-0.370096832514,97164.0441895,-8.26000022888,114.799308777,False
96.7,0.235,-4.041334437190001e-18,-0.033,1.569064,-0.0392266,10.16949605,4.48999977112,0.731944799423,1.15999996662,3.55608582497,89.3565063477,1.02657938004,16.8592529297,-0.379045426846,97164.0441895,-8.35999965668,107.775970459,False
96.80000000000001,0.126,0.014,-0.001,1.3337044,0.32361945,8.40429905,4.42999982834,0.731944799423,0.899999976158,3.55608582497,89.3565063477,1.0123295784,16.8807144165,-0.310046046972,97166.7480469,-8.40999984741,127.210327148,False
96.9,0.016,0.006,-0.035,1.08853815,0.44129925,9.218251,4.44000005722,4.78699350357,0.669999957085,2.80915307999,89.4039077759,0.969228327274,16.9088802338,-0.20720128715,97161.3647461,-8.46000003815,139.116195679,False
97.0,-0.012,0.011,-0.072,1.18660465,0.36284605,9.2378643,4.30999994278,4.78699350357,0.519999980927,2.80915307999,89.4039077759,0.932920515537,16.9440116882,-0.161248713732,97159.4116211,-8.48999977112,133.757202148,False
97.10000000000001,0.038,0.055,-0.085,1.1571847,0.48052585,7.65899365,4.30999994278,4.78699350357,0.519999980927,2.80915307999,89.4039077759,0.882711589336,16.9741363525,-0.0567473210394,97161.9750977,-8.51999950409,137.789733887,False
97.2,0.057,0.022,-0.114,1.4317709,0.0980665,8.34545915,4.06999969482,4.78699350357,0.319999992847,2.80915307999,89.4039077759,0.839623868465,17.0317993164,0.150979012251,97161.9750977,-8.52999973297,153.399078369,False
97.30000000000001,0.128,0.013,-0.112,1.3533177,0.08825985,8.81617835,3.75,4.78699350357,0.299999982119,2.80915307999,89.4039077759,0.767409086227,17.0758323669,0.252470254898,97165.7897949,-8.52999973297,154.933258057,False
97.4,0.152,0.002,-0.109,1.3337044,0.1372931,8.95347145,3.47000002861,5.49212169647,0.329999983311,1.71743559837,91.391418457,0.651162683964,17.1664810181,0.385953813791,97160.1867676,-8.51999950409,141.361328125,False
97.5,0.159,0.001,-0.114,1.42196425,-0.0588399,9.022118,3.05999994278,5.49212169647,0.569999992847,1.71743559837,91.391418457,0.565187513828,17.2156219482,0.447966456413,97167.9260254,-8.48999977112,126.393798828,False
97.60000000000001,0.063,-0.006,-0.063,1.2748645,0.14709975,9.7870367,2.37999987602,7.63617706299,0.8599999547,1.30399680138,92.9352035522,0.450404405594,17.2719135284,0.45581972599,97165.5273438,-8.44999980927,105.548858643,False
97.7,0.094,-0.045,-0.01,1.4513842,0.00980665,11.16977435,1.50999999046,7.63617706299,1.12999999523,1.30399680138,92.9352035522,0.261929005384,17.3420181274,0.37900018692,97163.6779785,-8.42000007629,83.9416503906,False
97.80000000000001,0.038,-0.084,0.04,1.40235095,1.43155415792e-15,11.6895268,0.610000014305,7.63617706299,1.5,1.30399680138,92.9352035522,0.120206013322,17.3878955841,0.243401706219,97164.4287109,-8.38000011444,52.1179199219,False
97.9,0.071,-0.106,0.051,1.44157755,0.12748645,12.24850585,-0.310000002384,7.63617706299,1.79999995232,1.30399680138,92.9352035522,-0.10671505332,17.4313564301,-0.0203679651022,97164.5141602,-8.38000011444,36.8859291077,False
98.0,-0.147,-0.102,0.083,1.04931155,0.26477955,11.76798,-1.41999995708,7.63617706299,1.9699999094,1.30399680138,92.9352035522,-0.25277453661,17.4587440491,-0.197329774499,97159.765625,-8.38999938965,16.7831420898,False
98.10000000000001,-0.283,-0.078,0.105,0.8237586,0.2941995,11.571847,-2.5,8.60115814209,2.01999998093,3.04036569595,92.6056289673,-0.459269881248,17.4648246765,-0.416239708662,97166.7236328,-8.4299993515,9.24873352051,False
98.2,-0.326,-0.061,0.108,0.6276256,0.44129925,10.60098865,-3.33999991417,8.60115814209,1.91999995708,3.04036569595,92.6056289673,-0.567421555519,17.4493255615,-0.553772747517,97160.8886719,-8.5,4.93450164795,False
98.30000000000001,-0.189,-0.016,0.072,0.73549875,0.16671305,9.22805765,-3.90999984741,8.60115814209,1.69999992847,3.04036569595,92.6056289673,-0.651840567589,17.4057254791,-0.517112970352,97158.8745117,-8.57999992371,-0.175285339355,False
98.4,0.027,-0.034,0.025,0.7256921,0.46091255,10.4931155,-4.32999992371,8.60115814209,1.70999991894,3.04036569595,92.6056289673,-0.691573798656,17.3752269745,-0.540682256222,97155.8959961,-8.65999984741,-19.2457199097,False
98.5,0.033,-0.059,-0.021,0.57859235,0.55897905,11.4933938,-4.61999988556,3.93672943115,1.83999991417,3.95444345474,90.9782867432,-0.750707924366,17.3009605408,-0.768704295158,97159.4970703,-8.73999977112,-34.0860366821,False
98.60000000000001,0.04,-0.044,-0.043,0.6080123,0.44129925,11.50320045,-4.61999988556,3.93672943115,1.83999991417,3.95444345474,90.9782867432,-0.771050870419,17.2838726044,-0.828840017319,97156.7687988,-8.84000015259,-31.7325592041,False
98.7,-0.119,-0.025,-0.038,0.6668522,0.20593965,11.0422879,-5.51999998093,3.93672943115,1.74000000954,3.95444345474,90.9782867432,-0.847329556942,17.2122783661,-1.04045128822,97155.2490234,-8.96000003815,-26.6269683838,False
98.80000000000001,-0.205,-0.013,-0.027,0.40207265,0.10787315,10.6892485,-5.94999980927,3.93672943115,1.44999992847,3.95444345474,90.9782867432,-0.885662078857,17.1637001038,-1.12497091293,97154.9804688,-9.09000015259,-14.679145813,False
98.9,-0.172,-0.012,-0.006,0.53936575,-0.0392266,10.03220295,-6.35999965668,1.94656658173,1.04999995232,4.38555526733,91.7939300537,-0.944402933121,17.0636577606,-1.16786015034,97154.5837402,-9.22999954224,-6.37855529785,False
99.0,-0.204,-0.006,0.038,0.38245935,0.1372931,9.6693569,-6.35999965668,1.94656658173,1.04999995232,4.38555526733,91.7939300537,-0.952402293682,17.0401077271,-1.16917359829,97150.9643555,-9.38000011444,-4.31003570557,False
99.10000000000001,-0.216,0.008,0.056,0.4707192,0.12748645,9.5124505,-6.69999980927,1.94656658173,0.759999990463,4.38555526733,91.7939300537,-0.947454452515,16.9440460205,-1.12663626671,97149.6704102,-9.38000011444,-4.31003570557,False
99.2,-0.191,0.019,0.052,0.2745862,0.2941995,9.40457735,-6.94000005722,1.94656658173,0.0899999961257,4.38555526733,91.7939300537,-0.894260168076,16.868976593,-1.0738401413,97146.6308594,-9.65999984741,15.7314300537,False
99.30000000000001,-0.135,0.041,0.039,0.32361945,0.00980665,8.73772515,-6.82999992371,-2.32824444771,-0.280000001192,3.93283009529,90.965133667,-0.842015445232,16.810792923,-0.998545348644,97146.0205078,-9.80000019073,26.9496917725,False
99.4,-0.081,0.006,0.026,0.48052585,0.16671305,10.22833595,-6.67999982834,-2.32824444771,-0.560000002384,3.93283009529,90.965133667,-0.781892299652,16.7645168304,-0.999753713608,97145.7702637,-9.92000007629,28.1745910645,False
99.5,-0.117,0.029,0.04,0.5295591,-0.0196133,9.81645665,-6.46999979019,-2.32824444771,-0.77999997139,3.93283009529,90.965133667,-0.745663166046,16.7377796173,-1.01131141186,97142.8283691,-10.0500001907,28.9947509766,False
99.60000000000001,-0.058,0.018,0.062,0.48052585,0.28439285,10.4538889,-6.46999979019,-2.32824444771,-0.77999997139,3.93283009529,90.965133667,-0.63613730669,16.6759033203,-1.01167821884,97144.4885254,-10.0500001907,28.9947509766,False
99.7,-0.07,0.037,0.049,0.42168595,0.22555295,9.69877685,-6.19000005722,-4.57398509979,-1.00999999046,3.09261226654,89.9878997803,-0.530122220516,16.6308059692,-1.06322383881,97139.3127441,-10.3000001907,32.6700210571,False
99.80000000000001,-0.077,0.034,0.038,0.51975245,0.14709975,9.8458766,-5.2999997139,-4.57398509979,-1.5,3.09261226654,89.9878997803,-0.420294106007,16.6017246246,-1.0735398531,97140.1245117,-10.4200000763,43.8730239868,False
99.9,-0.168,0.06,0.037,0.32361945,0.0588399,8.48275225,-5.2999997139,-4.57398509979,-1.5,3.09261226654,89.9878997803,-0.327460169792,16.5626850128,-1.07209813595,97143.3349609,-10.4200000763,43.8730239868,False
100.0,-0.143,0.06,0.029,0.32361945,0.16671305,7.65899365,-4.73000001907,-4.57398509979,-1.75999999046,3.09261226654,89.9878997803,-0.209053784609,16.5271339417,-0.878517270088,97134.3811035,-10.6799993515,53.8955688477,False
100.10000000000001,0.145,0.028,0.001,0.3726527,1.0496462533699999e-15,8.5710121,-3.75999999046,-4.57398509979,-2.32999992371,3.09261226654,89.9878997803,-0.0629404261708,16.4844589233,-0.675838887691,97136.5600586,-10.7899999619,60.3267669678,False
100.2,0.14,0.048,0.03,0.26477955,-0.20593965,8.30623255,-3.28999996185,-6.38038158417,-2.53999996185,1.55622816086,89.2575531006,0.00816076528281,16.4657993317,-0.58790409565,97134.4421387,-10.8800001144,69.3798980713,False
100.30000000000001,0.113,0.079,0.084,0.1569064,0.16671305,6.75678185,-2.87999987602,-6.38038158417,-2.75,1.55622816086,89.2575531006,0.0897085219622,16.435874939,-0.388369619846,97136.0656738,-10.9499998093,73.9413299561,False
100.4,0.026,0.058,0.069,0.30400615,0.38245935,7.93357985,-2.44000005722,-6.38038158417,-3.01999998093,1.55622816086,89.2575531006,0.155441150069,16.4263858795,-0.164773359895,97132.3974609,-11.0,92.9137268066,False
100.5,0.09,0.028,0.01,0.3726527,0.00980665,8.91424485,-1.88999998569,-6.38038158417,-3.1099998951,1.55622816086,89.2575531006,0.27246761322,16.4099884033,-0.0736784189939,97131.3598633,-11.0199995041,93.68724823,False
100.60000000000001,-0.103,0.035,0.052,0.42168595,0.2745862,10.198916,-1.45999991894,-4.40156173706,-3.1899998188,0.0660454779863,88.239074707,0.337918907404,16.4130821228,-0.0312324557453,97130.6091309,-11.0399999619,91.3269958496,False
100.7,-0.083,0.058,0.051,0.3138128,0.5491724,10.11065615,-0.75,-4.40156173706,-3.13999986649,0.0660454779863,88.239074707,0.504749178886,16.408203125,-0.138582721353,97134.5703125,-11.0599994659,78.4461975098,False
100.80000000000001,-0.012,0.054,-0.02,0.51975245,0.16671305,9.81645665,0.0,-4.40156173706,-3.11999988556,0.0660454779863,88.239074707,0.643513977528,16.4282875061,-0.174810469151,97131.5368652,-11.0900001526,70.4730072021,False
100.9,-0.012,0.054,-0.02,0.51975245,0.16671305,9.81645665,0.0,-4.40156173706,-3.11999988556,0.0660454779863,88.239074707,0.6987631917,16.4269256592,-0.192049652338,97131.5368652,-11.0900001526,70.4730072021,False
101.0,0.031,0.036,-0.02,0.34323275,0.4511059,10.0420096,1.53999996185,-5.27245759964,-2.92999982834,-1.25418567657,88.1264648438,0.920797049999,16.4497623444,-0.165609449148,97134.4726562,-11.1599998474,55.8320045471,False
101.10000000000001,0.109,0.051,-0.05,0.1569064,0.36284605,9.4928372,1.53999996185,-5.27245759964,-2.9399998188,-1.25418567657,88.1264648438,0.957731127739,16.4502868652,-0.133894637227,97133.6608887,-11.1999998093,44.6533203125,False
101.2,0.28,0.038,-0.071,0.1765197,-0.20593965,7.7080269,2.81999993324,-5.27245759964,-2.89999985695,-1.25418567657,88.1264648438,1.05803668499,16.4633750916,0.093914873898,97133.9538574,-11.2299995422,56.4970970154,False
101.30000000000001,0.308,0.024,-0.01,0.04903325,-0.06864655,7.61976705,3.08999991417,-5.27245759964,-2.96000003815,-1.25418567657,88.1264648438,1.06474030018,16.4566230774,0.226383537054,97132.9101562,-11.2399997711,67.0666656494,False
101.4,0.325,0.038,0.014,0.0196133,-0.34323275,7.40402075,3.23000001907,-1.50194859505,-3.05999994278,-2.16398501396,89.0937957764,1.04227530956,16.4610557556,0.521551787853,97133.2885742,-11.2199993134,79.6309509277,False
101.5,0.074,-0.008,0.101,0.04903325,-0.08825985,8.71811185,3.25999999046,-1.50194859505,-3.11999988556,-2.16398501396,89.0937957764,1.03434467316,16.4652996063,0.571072757244,97133.807373,-11.1799993515,88.7947998047,False
101.60000000000001,0.074,-0.008,0.101,0.04903325,-0.08825985,8.71811185,3.25999999046,-1.50194859505,-3.11999988556,-2.16398501396,89.0937957764,1.01571035385,16.4682941437,0.633374512196,97133.807373,-11.1799993515,88.7947998047,False
101.7,-0.104,-0.01,0.103,0.2549729,0.26477955,10.2185293,3.49000000954,-1.50194859505,-2.96000003815,-2.16398501396,89.0937957764,1.03978097439,16.4988651276,0.590582609177,97134.2895508,-11.0599994659,65.419960022,False
101.80000000000001,-0.102,0.001,0.08,0.2549729,0.44129925,10.69905515,3.75,0.239494606853,-2.79999995232,-2.42279934883,86.9011154175,1.05863082409,16.5184860229,0.534150540829,97134.4116211,-11.0100002289,51.7251968384,False
101.9,0.034,0.026,0.038,0.196133,0.4903325,9.42419065,4.07999992371,0.239494606853,-2.65999984741,-2.42279934883,86.9011154175,1.1164675951,16.5449676514,0.50774282217,97135.6079102,-10.9600000381,46.4020729065,False
102.0,0.07,0.007,-0.043,0.1372931,0.4707192,8.69849855,4.48999977112,0.239494606853,-2.55999994278,-2.42279934883,86.9011154175,1.14271092415,16.5629119873,0.578572750092,97134.2468262,-10.9200000763,56.9543838501,False
102.10000000000001,0.037,-0.022,-0.068,0.18632635,-0.06864655,8.3552658,4.75,0.143890157342,-2.65999984741,-2.87509608269,86.5686264038,1.15136861801,16.5869579315,0.709013044834,97132.5317383,-10.8699998856,85.6756210327,False
102.2,-0.056,-0.036,-0.022,0.392266,0.12748645,10.1204628,4.90999984741,0.143890157342,-2.75,-2.87509608269,86.5686264038,1.15662622452,16.6292362213,0.728622913361,97136.2548828,-10.8099994659,90.5140838623,False
102.30000000000001,-0.107,-0.031,-0.007,0.38245935,0.40207265,11.38552065,5.21000003815,0.143890157342,-2.75,-2.87509608269,86.5686264038,1.18323600292,16.6712760925,0.614006698132,97138.0859375,-10.75,79.4936218262,False
102.4,-0.014,0.005,-0.032,0.30400615,0.12748645,10.46369555,5.50999975204,0.143890157342,-2.67999982834,-2.87509608269,86.5686264038,1.21867978573,16.7144355774,0.478426396847,97139.2028809,-10.6999998093,56.2706947327,False
102.5,0.087,0.011,-0.024,0.02941995,0.06864655,8.75733845,5.75,-0.358432739973,-2.57999992371,-2.59815430641,87.3568878174,1.23103833199,16.7276210785,0.451258003712,97139.7216797,-10.6700000763,31.7576408386,False
102.60000000000001,0.035,-0.026,0.001,0.0196133,0.12748645,8.9240515,5.94000005722,-0.358432739973,-2.49000000954,-2.59815430641,87.3568878174,1.23128569126,16.7461738586,0.531239390373,97139.3554688,-10.6399993896,36.3145828247,False
102.7,0.243,-0.02,-0.01,0.10787315,-0.34323275,8.36507245,6.0,-0.358432739973,-2.3599998951,-2.59815430641,87.3568878174,1.20752024651,16.74908638,0.682225942612,97141.5161133,-10.5999994278,33.9631080627,False
102.80000000000001,0.228,-0.013,0.088,0.0784532,-0.6080123,8.8455983,5.8799996376,-0.358432739973,-2.21000003815,-2.59815430641,87.3568878174,1.14043664932,16.7622680664,0.770959734917,97139.7888184,-10.5399999619,26.5216827393,False
102.9,0.172,-0.066,0.147,0.2157463,-0.1765197,9.79684335,5.56999969482,3.14833712578,-2.08999991417,-2.50097155571,86.76927948,1.03138315678,16.782453537,0.869330763817,97142.5476074,-10.4699993134,39.8031234741,False
103.0,0.16,-0.108,0.197,0.06864655,0.0392266,11.6110736,5.30999994278,3.14833712578,-2.0,-2.50097155571,86.76927948,0.972047388554,16.8025970459,0.803609669209,97144.7387695,-10.3899993896,35.9379768372,False
103.10000000000001,0.103,-0.06,0.176,0.22555295,1.36429993573e-15,11.1403544,4.98000001907,3.14833712578,-1.87999999523,-2.50097155571,86.76927948,0.838766038418,16.8299808502,0.591547191143,97144.2504883,-10.3299999237,19.0437316895,False
103.2,-0.218,-0.075,0.174,0.3530394,0.2745862,11.48358715,4.69000005722,3.14833712578,-1.75999999046,-2.50097155571,86.76927948,0.823480963707,16.8389282227,0.548775672913,97142.5048828,-10.2699995041,9.98601913452,False
103.30000000000001,-0.274,-0.042,0.133,0.51975245,0.588399,12.13082605,4.69000005722,3.14833712578,-1.75999999046,-2.50097155571,86.76927948,0.78746753931,16.8533039093,0.329753816128,97140.7775879,-10.2699995041,9.98601913452,False
103.4,-0.15,0.023,0.01,0.30400615,0.71588545,10.99325465,4.73000001907,3.47708034515,-1.35000002384,-0.860700726509,83.193107605,0.793550252914,16.878900528,0.0574966073036,97144.934082,-10.2299995422,-28.844833374,False
103.5,-0.059,0.057,-0.068,0.32361945,0.5687857,10.48330885,4.96999979019,3.47708034515,-1.25999999046,-0.860700726509,83.193107605,0.848352074623,16.8831501007,-0.110274329782,97146.4111328,-10.25,-27.2123336792,False
103.60000000000001,-0.011,0.047,-0.119,0.1176798,0.6668522,10.77750835,5.26999998093,3.47708034515,-1.27999997139,-0.860700726509,83.193107605,0.878162801266,16.8923282623,-0.178216710687,97143.7927246,-10.2899999619,-17.3513412476,False
103.7,-0.029,0.041,-0.154,0.0588399,0.46091255,10.54214875,5.57999992371,1.05708003044,-1.44999992847,-1.61006593704,83.6229934692,0.897009313107,16.8855743408,-0.230415090919,97141.7480469,-10.3299999237,-8.17756652832,False
103.80000000000001,-0.046,0.017,-0.149,-0.06864655,0.36284605,9.6889702,5.75999975204,1.05708003044,-1.59999990463,-1.61006593704,83.6229934692,0.909542918205,16.8722476959,-0.247739270329,97139.9169922,-10.3800001144,-11.2348556519,False
103.9,0.124,0.003,-0.153,-0.0392266,0.0980665,9.7281968,5.92999982834,1.05708003044,-1.76999998093,-1.61006593704,83.6229934692,0.898324549198,16.8581066132,-0.257159471512,97140.411377,-10.4299993515,-5.14621734619,False
104.0,0.124,0.003,-0.153,-0.0392266,0.0980665,9.7281968,5.82999992371,1.05708003044,-1.87999999523,-1.61006593704,83.6229934692,0.862086653709,16.8580169678,-0.266929268837,97140.411377,-10.4699993134,-8.55884552002,False
104.10000000000001,0.24,-0.015,-0.009,0.0,-0.14709975,10.4735022,5.59999990463,1.05708003044,-2.0,-1.61006593704,83.6229934692,0.782939136028,16.855594635,-0.371696263552,97140.6677246,-10.529999733,-8.5277557373,False
104.2,0.186,-0.025,0.052,-0.0392266,1.36429993573e-15,11.1403544,5.59999990463,4.03125476837,-2.0,-2.03625321388,86.8285903931,0.708677530289,16.8566799164,-0.464634776115,97141.6992188,-10.5799999237,-19.6702957153,False
104.30000000000001,-0.002,-0.01,0.07,-0.2353596,0.2353596,10.11065615,4.88000011444,4.03125476837,-2.24000000954,-2.03625321388,86.8285903931,0.619336783886,16.8334846497,-0.569805979729,97140.2404785,-10.6599998474,-24.2258071899,False
104.4,-0.077,-0.021,0.056,-0.1765197,0.53936575,10.1793027,4.67000007629,4.03125476837,-2.39999985695,-2.03625321388,86.8285903931,0.54212731123,16.8094425201,-0.618983566761,97141.0339355,-10.7299995422,-24.8592376709,False
104.5,-0.129,-1.95943487864e-18,-0.016,-0.14709975,0.6080123,9.75761675,4.67000007629,4.62513017654,-2.39999985695,-1.81993424892,85.7592849731,0.538095593452,16.7975101471,-0.632867395878,97138.9587402,-10.7299995422,-24.8592376709,False
104.60000000000001,-0.129,-1.95943487864e-18,-0.016,-0.14709975,0.6080123,9.75761675,4.55999994278,4.62513017654,-2.47000002861,-1.81993424892,85.7592849731,0.536111295223,16.7813167572,-0.650639653206,97138.9587402,-10.8199996948,-31.9982528687,False
104.7,-0.225,0.074,-0.177,-0.36284605,0.51975245,7.54131385,4.71999979019,4.62513017654,-2.70000004768,-1.81993424892,85.7592849731,0.556556940079,16.7416687012,-0.530157566071,97137.0666504,-10.9799995422,-14.3310546875,False
104.80000000000001,-0.1,0.067,-0.243,-0.42168595,0.16671305,6.6881353,4.92999982834,4.62513017654,-2.97000002861,-1.81993424892,85.7592849731,0.584488868713,16.7064151764,-0.21181973815,97134.5153809,-11.0399999619,4.128074646,False
104.9,0.011,0.049,-0.258,-0.4511059,-0.14709975,6.5312289,5.00999975204,0.999429166317,-3.32999992371,-3.26699399948,88.87059021,0.579561769962,16.6640224457,0.114192269742,97132.0373535,-11.0799999237,47.59349823,False
105.0,0.156,0.016,-0.208,-0.4707192,-0.1765197,7.79628675,5.00999975204,0.999429166317,-3.72000002861,-3.26699399948,88.87059021,0.561759769917,16.6417617798,0.332687079906,97131.1218262,-11.0799999237,68.2096481323,False
105.10000000000001,0.148,-0.001,-0.172,-0.38245935,-0.3334261,9.48303055,4.92999982834,0.999429166317,-4.07999992371,-3.26699399948,88.87059021,0.532523334026,16.615322113,0.415521502495,97134.197998,-11.0500001907,66.8564758301,False
105.2,0.234,-0.024,-0.073,-0.18632635,-0.0784532,11.0619012,4.61000013351,2.60057282448,-4.05999994278,-3.8163356781,92.4377670288,0.425169110298,16.6172657013,0.34716039896,97136.4990234,-11.0199995041,40.4269218445,False
105.30000000000001,0.072,-0.01,0.012,-0.36284605,-0.2745862,10.1596894,4.23000001907,2.60057282448,-3.87999987602,-3.8163356781,92.4377670288,0.345525413752,16.6054477692,0.294922947884,97136.4990234,-10.9899997711,5.90963363647,False
105.4,0.005,-0.047,0.07,-0.3726527,-0.38245935,11.28745415,3.63999986649,2.60057282448,-3.52999997139,-3.8163356781,92.4377670288,0.229394480586,16.594039917,0.191882804036,97141.1621094,-10.9699993134,-36.9611740112,False
105.5,0.127,-0.026,0.117,-0.392266,-0.0980665,10.73828175,3.02999997139,2.60057282448,-3.03999996185,-3.8163356781,92.4377670288,0.106161132455,16.578660965,0.0874874070287,97140.5517578,-10.9600000381,-69.2905426025,False
105.60000000000001,-0.121,-0.062,0.148,-0.50013915,0.4707192,8.83579165,2.56999993324,4.96965789795,-2.74000000954,-3.40006732941,91.5744628906,0.046542737633,16.5507087708,0.214278593659,97138.9892578,-10.9600000381,-59.5949172974,False
105.7,-0.059,-0.059,0.069,-0.59820565,0.6472389,9.6693569,2.56999993324,4.96965789795,-2.74000000954,-3.40006732941,91.5744628906,0.00979141891003,16.5165519714,0.344433039427,97139.6789551,-10.9600000381,-59.5949172974,False
105.80000000000001,-0.09,-0.039,0.005,-0.51975245,0.5295591,10.24794925,2.22000002861,4.96965789795,-2.38999986649,-3.40006732941,91.5744628906,-0.0297034401447,16.4643096924,0.363696187735,97140.612793,-10.9099998474,-63.7119293213,False
105.9,-0.085,-0.028,-0.058,-0.44129925,0.6276256,10.4931155,2.09999990463,4.96965789795,-2.08999991417,-3.40006732941,91.5744628906,-0.0341386906803,16.4424324036,0.316567957401,97139.5629883,-10.8800001144,-78.4885406494,False
106.0,-0.183,-0.022,-0.125,-0.46091255,0.2157463,10.0420096,1.97999989986,4.96965789795,-1.87999999523,-3.40006732941,91.5744628906,-0.0647384151816,16.4091968536,0.243171364069,97135.8581543,-10.8499994278,-76.6849517822,False
106.10000000000001,0.11,-0.038,-0.128,-0.2157463,0.34323275,11.2972608,1.83999991417,2.228703022,-1.68999993801,-2.53392386436,91.9109725952,-0.0742899477482,16.3899879456,0.16950032115,97134.3811035,-10.8299999237,-83.1262588501,False
106.2,0.307,-0.038,-0.126,-0.10787315,-0.1176798,12.5132854,1.55999994278,2.228703022,-1.41999995708,-2.53392386436,91.9109725952,-0.172039419413,16.3853206635,-0.171673819423,97136.7492676,-10.8199996948,-90.3520584106,False
106.30000000000001,0.381,-0.002,-0.092,-0.1176798,-0.67665885,12.38579895,1.55999994278,2.228703022,-1.41999995708,-2.53392386436,91.9109725952,-0.230367779732,16.3744468689,-0.268016129732,97136.5539551,-10.8199996948,-90.3520584106,False
106.4,-0.186,0.017,0.036,-0.3138128,0.04903325,8.65927195,0.219999998808,5.75453519821,-1.62000000477,-2.25624394417,93.6735229492,-0.412591576576,16.3368530273,-0.360767632723,97136.2060547,-10.8999996185,-57.9818725586,False
106.5,-0.414,0.087,0.105,-0.588399,-0.3726527,7.54131385,-0.259999990463,5.75453519821,-2.25999999046,-2.25624394417,93.6735229492,-0.437548935413,16.2956638336,-0.188858017325,97131.6589355,-10.9600000381,-12.6550674438,False
106.60000000000001,-0.19,0.066,0.063,-0.6080123,0.8237586,6.73716855,-0.409999996424,5.75453519821,-2.97000002861,-2.25624394417,93.6735229492,-0.441307872534,16.2560024261,0.101738244295,97132.7331543,-11.0,34.0493202209,False
106.7,-0.217,0.033,-0.017,-0.588399,1.07126368193e-15,8.7475318,-0.489999979734,5.75453519821,-3.52999997139,-2.25624394417,93.6735229492,-0.426381140947,16.1966838837,0.347210466862,97130.279541,-11.0100002289,54.4375419617,False
106.80000000000001,-0.104,0.069,-0.036,-0.6276256,0.71588545,7.65899365,-0.319999992847,5.75453519821,-4.00999975204,-2.25624394417,93.6735229492,-0.367252081633,16.16040802,0.497444093227,97132.6477051,-10.9899997711,53.714466095,False
106.9,0.047,0.037,-0.109,-0.4511059,0.14709975,8.16893945,-0.209999993443,-0.436313599348,-4.36000013351,-4.16871595383,92.7900543213,-0.326696485281,16.1177177429,0.663659393787,97139.0991211,-10.9600000381,56.3137054443,False
107.0,0.038,0.036,-0.143,-0.2941995,0.2353596,8.4141057,-0.0399999991059,-0.436313599348,-4.46000003815,-4.16871595383,92.7900543213,-0.306866973639,16.1134376526,0.745135605335,97134.185791,-10.9099998474,59.6105575562,False
107.10000000000001,0.101,0.045,-0.133,-0.40207265,0.08825985,7.3942141,-0.0399999991059,-0.436313599348,-4.46000003815,-4.16871595383,92.7900543213,-0.294206500053,16.0888519287,0.944361507893,97137.1826172,-10.8400001526,64.8555755615,False
107.2,0.101,0.045,-0.133,-0.40207265,0.08825985,7.3942141,-0.0299999993294,-0.436313599348,-4.59999990463,-4.16871595383,92.7900543213,-0.288664132357,16.0834789276,1.06477570534,97137.1826172,-10.8400001526,64.8555755615,False
107.30000000000001,0.024,-0.004,-0.068,-0.28439285,-0.18632635,8.52197885,-0.259999990463,1.19494330883,-4.48000001907,-5.00012683868,95.3505477905,-0.312410384417,16.0724716187,1.28765058517,97138.9038086,-10.6399993896,61.6300582886,False
107.4,-0.141,-0.021,-0.006,-0.08825985,0.08825985,9.75761675,-0.389999985695,1.19494330883,-4.25999975204,-5.00012683868,95.3505477905,-0.330039590597,16.1065330505,1.3309649229,97142.5598145,-10.5100002289,55.565071106,False
107.5,-0.009,0.002,-0.006,-0.0588399,0.02941995,8.62004535,-0.5,1.19494330883,-4.03999996185,-5.00012683868,95.3505477905,-0.333093196154,16.1243648529,1.41133666039,97142.5598145,-10.3800001144,55.6700706482,False
107.60000000000001,0.101,-0.008,0.016,-0.1372931,-0.32361945,8.1787461,-0.579999983311,1.19494330883,-3.89999985695,-5.00012683868,95.3505477905,-0.353327423334,16.1477222443,1.53291273117,97143.2495117,-10.2399997711,64.3375396729,False
107.7,0.177,-0.035,0.048,-0.2353596,-0.06864655,8.433719,-0.789999961853,0.625606477261,-3.78999996185,-4.95643663406,95.5031814575,-0.366447150707,16.1551532745,1.62711060047,97149.3469238,-10.0999994278,72.7841339111,False
107.80000000000001,0.177,-0.035,0.048,-0.2353596,-0.06864655,8.433719,-0.789999961853,0.625606477261,-3.78999996185,-4.95643663406,95.5031814575,-0.384896278381,16.1690406799,1.7870811224,97149.3469238,-9.93999958038,69.1146850586,False
107.9,0.16,-0.054,0.049,-0.04903325,0.1372931,7.9826131,-1.11000001431,0.625606477261,-3.50999999046,-4.95643663406,95.5031814575,-0.402541577816,16.1701393127,1.98009514809,97150.8361816,-9.76000022888,74.7759857178,False
108.0,0.16,-0.054,0.049,-0.04903325,0.1372931,7.9826131,-1.24000000954,0.625606477261,-3.22000002861,-4.95643663406,95.5031814575,-0.426567673683,16.2242565155,1.96811151505,97150.8361816,-9.55999946594,70.3493118286,False
108.10000000000001,0.022,-0.094,0.032,0.20593965,0.34323275,11.76798,-1.4699999094,0.625606477261,-2.86999988556,-4.95643663406,95.5031814575,-0.446372389793,16.2482872009,1.89857840538,97156.628418,-9.36999988556,61.9149208069,False
108.2,0.007,-0.018,0.01,0.0980665,0.18632635,9.67916355,-1.69999992847,2.75341200829,-2.54999995232,-3.637622118,94.4029464722,-0.477084994316,16.3052387238,1.75521481037,97155.4382324,-9.1799993515,45.8945274353,False
108.30000000000001,-0.091,-0.027,3.3065463577000003e-18,0.12748645,0.48052585,10.1008495,-1.87000000477,2.75341200829,-2.32999992371,-3.637622118,94.4029464722,-0.487522035837,16.3176345825,1.77990758419,97157.9833984,-9.0,40.9544944763,False
108.4,-0.141,-0.051,-0.051,0.1372931,0.392266,10.4146623,-2.0,2.75341200829,-2.00999999046,-3.637622118,94.4029464722,-0.49169549346,16.3507804871,1.72100806236,97164.8498535,-8.82999992371,34.6370697021,False
108.5,-0.167,-0.037,-0.064,0.24516625,0.12748645,10.14988275,-2.1099998951,2.75341200829,-1.67999994755,-3.637622118,94.4029464722,-0.485796630383,16.3891067505,1.5857231617,97167.0654297,-8.67000007629,28.6603927612,False
108.60000000000001,-0.113,-0.049,-0.07,0.2941995,0.1372931,10.2969825,-2.12999987602,0.43341460824,-1.45999991894,-2.68996977806,95.0959701538,-0.467598795891,16.4124851227,1.51249158382,97165.8874512,-8.51999950409,32.806968689,False
108.7,-0.02,-0.075,-0.057,0.2941995,0.2157463,11.38552065,-2.05999994278,0.43341460824,-1.49000000954,-2.68996977806,95.0959701538,-0.445288598537,16.4420032501,1.46389079094,97169.9401855,-8.36999988556,65.3635025024,False
108.80000000000001,0.0,-0.049,-0.04,0.2745862,0.16671305,10.75789505,-2.05999994278,0.43341460824,-1.49000000954,-2.68996977806,95.0959701538,-0.428976237774,16.4654750824,1.36942839622,97165.7470703,-8.36999988556,65.3635025024,False
108.9,0.033,-0.051,-0.017,0.3530394,-0.0588399,10.93441475,-1.95999991894,0.43341460824,-1.58999991417,-2.68996977806,95.0959701538,-0.410915493965,16.5062599182,1.17212617397,97171.6491699,-8.10999965668,80.1658630371,False
109.0,0.007,-0.061,0.032,0.46091255,-0.10787315,10.8853815,-1.95999991894,-0.645380139351,-1.69999992847,-1.59263467789,96.1476364136,-0.403358817101,16.525932312,1.05872488022,97171.7712402,-8.0,79.4651947021,False
109.10000000000001,0.06,-0.059,0.072,0.4903325,-0.10787315,10.91480145,-1.94999992847,-0.645380139351,-1.9699999094,-1.59263467789,96.1476364136,-0.392440080643,16.5322608948,0.961790323257,97173.2116699,-7.90999984741,95.6373214722,False
109.2,-0.017,-0.034,0.098,0.5099458,0.00980665,10.60098865,-1.94999992847,-0.645380139351,-1.9699999094,-1.59263467789,96.1476364136,-0.379305273294,16.5404376984,0.848616421223,97176.6174316,-7.82999992371,108.549972534,False
109.30000000000001,-0.167,-0.001,0.102,0.42168595,0.04903325,9.30651085,-1.27999997139,-0.517359018326,-2.59999990463,-0.73453271389,94.9642105103,-0.349304080009,16.5389156342,0.773948967457,97173.4191895,-7.76999998093,135.3621521,False
109.4,-0.161,-0.014,0.095,0.3138128,0.24516625,9.63993695,-0.680000007153,-0.517359018326,-3.75999999046,-0.73453271389,94.9642105103,-0.30849096179,16.5404376984,0.809968590736,97179.6630859,-7.69999980927,156.847671509,False
109.5,-0.109,8.20513355429e-18,0.067,0.46091255,0.26477955,9.3751574,-0.340000003576,-0.517359018326,-3.39999985695,-0.73453271389,94.9642105103,-0.220875114202,16.5374126434,0.853530526161,97181.6955566,-7.63999986649,172.24331665,False
109.60000000000001,-0.054,0.013,0.023,0.79433865,-0.0588399,8.1983594,2.62999987602,-0.517359018326,-3.72000002861,-0.73453271389,94.9642105103,-0.170773282647,16.5702476501,0.978751778603,97180.7739258,-7.55999994278,201.265045166,False
109.7,-0.054,0.013,0.023,0.79433865,-0.0588399,8.1983594,3.05999994278,-0.517359018326,-4.05999994278,-0.73453271389,94.9642105103,-0.111057639122,16.5931396484,1.10292673111,97180.7739258,-7.46999979019,229.525466919,False
109.80000000000001,0.058,-0.004,0.012,0.99047165,-0.1569064,8.629852,3.50999999046,-2.5949113369,-4.36999988556,-0.982549905777,93.5128173828,-0.0668053030968,16.6723232269,1.30512309074,97187.0666504,-7.35999965668,257.582366943,False
109.9,0.065,-0.005,0.017,1.176798,-0.2157463,8.60043205,5.98000001907,-2.5949113369,-4.67000007629,-0.982549905777,93.5128173828,-0.0416458286345,16.6911201477,1.36272966862,97188.0004883,-7.21999979019,275.496398926,False
110.0,0.224,0.008,0.016,1.30428445,0.04903325,8.69849855,5.98000001907,-2.5949113369,-4.67000007629,-0.982549905777,93.5128173828,-0.0300936680287,16.770986557,1.46914589405,97191.5710449,-7.06999969482,293.643371582,False
110.10000000000001,0.369,-0.003,0.037,1.3925443,-0.1372931,9.99297635,7.92999982834,0.00457793427631,-4.94000005722,-1.20467722416,93.2591705322,-0.0584196783602,16.924407959,1.51674067974,97193.2250977,-6.90999984741,296.652893066,False
110.2,0.325,0.02,0.096,1.5886773,0.196133,10.0223963,8.26000022888,0.00457793427631,-4.96999979019,-1.20467722416,93.2591705322,-0.0736881792545,16.9890193939,1.47952473164,97202.7404785,-6.75,298.09085083,False
110.30000000000001,0.144,0.038,0.097,1.69655045,0.06864655,8.7671451,13.029999733,0.00457793427631,-4.92000007629,-1.20467722416,93.2591705322,-0.119414970279,17.1072006226,1.5026563406,97202.7954102,-6.58999967575,306.485656738,False
110.4,-0.003,9.797174393180001e-18,0.08,1.99074995,0.18632635,10.52253545,13.029999733,0.00457793427631,-4.92000007629,-1.20467722416,93.2591705322,-0.160806298256,17.2195205688,1.49570727348,97196.4050293,-6.58999967575,306.485656738,False
110.5,0.154,0.012,0.042,1.96133,0.4511059,10.8853815,17.2199993134,3.90854620934,-3.92999982834,-1.35321247578,91.5071640015,-0.232282236218,17.3840751648,1.3322571516,97208.2702637,-6.25999975204,308.607116699,False
110.60000000000001,0.186,0.02,0.03,2.0986231,0.40207265,10.2577559,17.8899993896,3.90854620934,-4.27999973297,-1.35321247578,91.5071640015,-0.279682219028,17.5476741791,1.28395843506,97213.6779785,-6.10999965668,295.887664795,False
110.7,0.314,0.054,-0.066,1.73577705,0.9218251,10.20872265,21.9399986267,3.90854620934,-4.71999979019,-1.35321247578,91.5071640015,-0.355389267206,17.7655277252,1.17164969444,97205.3283691,-5.96999979019,265.426147461,False
110.80000000000001,0.396,0.074,-0.17,2.0593965,0.5295591,7.91396655,22.6800003052,3.90854620934,-3.5,-1.35321247578,91.5071640015,-0.415611803532,17.9292011261,1.25291264057,97217.6330566,-5.82999992371,256.602478027,False
110.9,0.504,0.042,-0.252,1.9221034,0.00980665,7.2765343,23.3199996948,3.90854620934,-2.79999995232,-1.35321247578,91.5071640015,-0.511025667191,18.0799369812,1.43716299534,97217.3034668,-5.67999982834,252.749053955,False
111.0,0.486,-0.008,-0.251,1.59848395,0.2353596,7.91396655,28.5699996948,11.7878684998,-2.27999997139,-2.83123207092,93.4716033936,-0.690021634102,18.2334117889,1.65073382854,97221.1120605,-5.50999975204,255.149368286,False
111.10000000000001,0.48,-0.068,-0.202,1.83384355,-0.32361945,8.46313895,28.8400001526,11.7878684998,-1.68999993801,-2.83123207092,93.4716033936,-0.938712358475,18.3758392334,1.83735239506,97222.3754883,-5.2999997139,236.896697998,False
111.2,0.372,-0.152,-0.125,1.9024901,-0.0588399,11.11093445,28.7199993134,11.7878684998,-1.07999992371,-2.83123207092,93.4716033936,-1.44530248642,18.568605423,1.863707304,97221.697998,-5.07999992371,225.813583374,False
111.30000000000001,0.462,-0.129,-0.072,1.7848103,0.2549729,10.18910935,33.0900001526,20.4206085205,0.379999995232,-2.59683179855,97.6023712158,-1.93195724487,18.7207336426,1.90914034843,97220.0927734,-4.84999990463,200.650695801,False
111.4,0.336,-0.128,-0.094,1.765197,-0.36284605,9.67916355,32.9199981689,20.4206085205,0.370000004768,-2.59683179855,97.6023712158,-2.32352495193,18.7850990295,1.92169559002,97226.3977051,-4.61999988556,185.442352295,False
111.5,0.495,-0.214,-0.024,1.96133,-0.22555295,11.93469305,35.2099990845,20.4206085205,0.289999991655,-2.59683179855,97.6023712158,-2.62763977051,18.8238277435,1.94607758522,97234.4177246,-4.38999986649,141.411972046,False
111.60000000000001,0.12,-0.186,0.01,1.96133,1.28503603102e-15,10.4931155,34.5599975586,20.4206085205,1.87999999523,-2.59683179855,97.6023712158,-3.29419064522,18.8818492889,1.88016569614,97231.1767578,-4.15999984741,106.988998413,False
111.7,-0.037,-0.222,-0.032,2.0005566,0.34323275,11.13054775,38.1699981689,28.3584308624,2.77999997139,0.447678983212,100.403785706,-3.71445918083,18.9309520721,1.9334038496,97236.0839844,-3.9399998188,70.0936279297,False
111.80000000000001,0.03,-0.198,-0.075,1.8436502,0.89240515,11.3561007,37.7799987793,28.3584308624,3.73000001907,0.447678983212,100.403785706,-4.35306501389,18.9543304443,1.80614590645,97239.9963379,-3.69999980927,19.3165779114,False
111.9,-0.041,-0.215,-0.165,1.9221034,0.93163175,13.83718315,37.3199996948,28.3584308624,4.55999994278,0.447678983212,100.403785706,-4.79530763626,18.9533309937,1.65887475014,97242.5476074,-3.49000000954,-12.0119094849,False
112.0,-0.098,-0.196,-0.237,1.57887065,1.0198916,14.54326195,41.6299972534,27.8951454163,5.2999997139,2.90072894096,103.641967773,-5.40460538864,18.8882350922,1.29189538956,97242.5231934,-3.28999996185,-72.6703643799,False
112.10000000000001,0.15,-0.192,-0.324,1.42196425,0.85317855,13.5724036,41.1299972534,27.8951454163,6.13999986649,2.90072894096,103.641967773,-5.86759853363,18.7970314026,1.00387871265,97237.4694824,-3.12999987602,-127.766418457,False
112.2,0.422,-0.199,-0.398,0.7649187,0.46091255,11.89546645,42.8999977112,27.8951454163,6.75999975204,2.90072894096,103.641967773,-6.41873598099,18.664276123,0.860498249531,97236.1083984,-3.0,-147.591217041,False
112.30000000000001,0.422,-0.199,-0.398,0.7649187,0.46091255,11.89546645,42.2599983215,27.8951454163,7.34999990463,2.90072894096,103.641967773,-6.8745508194,18.5116958618,0.782565057278,97236.1083984,-2.88999986649,-166.836166382,False
112.4,0.408,-0.283,-0.328,0.50013915,0.0588399,13.56259695,44.4599990845,35.6894493103,8.05999946594,3.14326763153,113.81187439,-8.15196228027,17.9683456421,0.528989493847,97226.2634277,-2.80999994278,-206.818008423,False
112.5,0.408,-0.336,-0.262,0.51975245,0.0392266,13.5527903,43.4500007629,35.6894493103,8.57999992371,3.14326763153,113.81187439,-8.57409286499,17.7506999969,0.470740944147,97239.8254395,-2.73000001907,-238.06552124,False
112.60000000000001,0.187,-0.357,-0.218,0.4707192,0.20593965,13.89602305,42.0999984741,35.6894493103,9.19999980927,3.14326763153,113.81187439,-9.3308801651,17.3247089386,0.348547279835,97230.670166,-2.66999983788,-267.443664551,False
112.7,0.026,-0.337,-0.219,0.32361945,0.50013915,13.20955755,43.8999977112,35.6894493103,9.76000022888,3.14326763153,113.81187439,-10.2429389954,16.74817276,0.221449509263,97234.9060059,-2.62999987602,-299.622924805,False
112.80000000000001,0.127,-0.344,-0.235,0.3334261,0.3334261,13.30762405,42.6499977112,35.6894493103,10.2399997711,3.14326763153,113.81187439,-10.9627752304,16.2353725433,0.161800697446,97234.9060059,-2.58999991417,-320.216949463,False
112.9,0.134,-0.345,-0.254,0.12748645,0.42168595,13.38607725,44.2299995422,42.4024887085,10.6499996185,5.77991962433,124.823989868,-11.6731071472,15.6649141312,0.110739298165,97234.2163086,-2.57999992371,-338.642883301,False
113.0,0.25,-0.395,-0.26,0.3334261,0.24516625,15.0826277,42.7900009155,42.4024887085,11.0399999619,5.77991962433,124.823989868,-12.4229259491,15.0141677856,0.0335478559136,97230.6335449,-2.56999993324,-364.043609619,False
113.10000000000001,-0.03,-0.413,-0.221,0.30400615,0.4707192,15.34740725,44.4199981689,42.4024887085,12.1999998093,5.77991962433,124.823989868,-13.0483675003,14.4185314178,-0.0820673257113,97233.7890625,-2.55999994278,-381.908233643,False
113.2,-0.177,-0.335,-0.245,0.196133,0.7453054,12.48386545,42.969997406,42.4024887085,11.6700000763,5.77991962433,124.823989868,-13.6700353622,13.7490472794,-0.0886923670769,97224.597168,-2.56999993324,-382.028289795,False
113.30000000000001,-0.169,-0.355,-0.273,0.4903325,0.7256921,14.6707484,41.4799995422,42.4024887085,11.8800001144,5.77991962433,124.823989868,-14.3240461349,12.993645668,-0.181586354971,97228.1921387,-2.58999991417,-382.770446777,False
113.4,-0.054,-0.341,-0.342,0.3334261,0.83356525,14.93552795,40.5400009155,43.5541992188,11.3699998856,7.87586450577,137.627532959,-14.8022327423,12.3933210373,-0.274189472198,97224.9572754,-2.61999988556,-394.384857178,False
113.5,-0.082,-0.307,-0.364,0.04903325,0.8433719,13.4743371,38.7900009155,43.5541992188,12.1199998856,7.87586450577,137.627532959,-15.4724702835,11.4508581161,-0.420109689236,97223.9196777,-2.66999983788,-394.934448242,False
113.60000000000001,-0.088,-0.261,-0.435,0.0196133,0.4314926,9.9635564,38.8299980164,43.5541992188,12.1099996567,7.87586450577,137.627532959,-15.8955307007,10.8018112183,-0.307182997465,97223.6022949,-2.66999983788,-394.934448242,False
113.7,-0.044,-0.355,-0.383,0.06864655,0.55897905,13.3566573,38.6899986267,43.5541992188,12.0799999237,7.87586450577,137.627532959,-16.3750152588,9.95004940033,-0.211037859321,97223.8830566,-2.77999997139,-358.879089355,False
113.80000000000001,-0.053,-0.304,-0.374,0.04903325,0.67665885,12.6701918,36.9399986267,43.4864616394,12.1199998856,6.69288063049,148.086837769,-16.6974086761,9.34599018097,-0.192151471972,97221.9909668,-2.81999993324,-363.127319336,False
113.9,-0.183,-0.334,-0.368,0.42168595,0.4903325,14.3373223,35.8600006104,43.4864616394,12.1499996185,6.69288063049,148.086837769,-17.1468315125,8.37787723541,-0.215771466494,97221.9909668,-2.8599998951,-361.005981445,False
114.0,-0.216,-0.295,-0.366,0.4903325,0.44129925,12.20927925,33.8199996948,43.4864616394,12.2199993134,6.69288063049,148.086837769,-17.4793949127,7.58892393112,-0.237628802657,97218.170166,-2.89999985695,-359.120758057,False
114.10000000000001,-0.234,-0.298,-0.354,0.34323275,0.71588545,13.22917085,32.4300003052,41.8376083374,12.2199993134,6.01436471939,156.594863892,-17.6408233643,7.1184463501,-0.251012653112,97217.1875,-2.95000004768,-353.505523682,False
114.2,-0.07,-0.288,-0.387,0.3530394,0.5687857,13.6116302,30.1299991608,41.8376083374,12.2599992752,6.01436471939,156.594863892,-17.9715080261,6.15090274811,-0.331774771214,97222.5708008,-3.00999999046,-357.053955078,False
114.30000000000001,-0.042,-0.316,-0.36,0.36284605,0.4903325,13.2193642,27.7199993134,41.8376083374,12.279999733,6.01436471939,156.594863892,-18.2773151398,4.98626232147,-0.402231991291,97215.8081055,-3.06999993324,-348.02722168,False
114.4,-0.093,-0.306,-0.334,0.24516625,0.51975245,12.7094184,24.859998703,41.8376083374,12.1700000763,6.01436471939,156.594863892,-18.3749427795,4.49981117249,-0.435685783625,97215.802002,-3.13999986649,-339.688873291,False
114.5,-0.259,-0.3,-0.311,0.2941995,0.06864655,12.0425662,21.8299999237,41.8376083374,11.9600000381,6.01436471939,156.594863892,-18.4843502045,3.69915509224,-0.41322094202,97215.802002,-3.22000002861,-334.292785645,False
114.60000000000001,-0.333,-0.335,-0.262,0.2745862,0.14709975,13.2193642,18.6599998474,40.3984909058,11.8199996948,5.70797252655,167.612625122,-18.5848178864,2.72744774818,-0.438441425562,97217.9504395,-3.28999996185,-341.704559326,False
114.7,-0.372,-0.324,-0.222,0.46091255,0.0392266,12.93497135,15.1399993896,40.3984909058,11.6899995804,5.70797252655,167.612625122,-18.5913238525,1.90640795231,-0.521547496319,97212.5915527,-3.37999987602,-339.262573242,False
114.80000000000001,-0.31,-0.286,-0.195,0.2549729,0.2941995,12.2190859,11.4600000381,40.3984909058,11.4899997711,5.70797252655,167.612625122,-18.5736484528,1.30488228798,-0.588945806026,97213.3178711,-3.47000002861,-331.60723877,False
114.9,-0.426,-0.259,-0.18,0.20593965,0.57859235,12.32695905,8.05000019073,40.3984909058,11.1199998856,5.70797252655,167.612625122,-18.4712028503,0.470151275396,-0.715531229973,97211.2304688,-3.56999993324,-308.544555664,False
115.0,-0.487,-0.234,-0.222,0.4511059,0.4314926,12.356379,4.69999980927,31.8956680298,10.7899999619,8.38996887207,177.036773682,-18.3629627228,-0.159917518497,-0.809440851212,97208.8317871,-3.6899998188,-297.128112793,False
115.10000000000001,-0.453,-0.193,-0.256,0.5687857,0.1176798,12.79767825,1.42999994755,31.8956680298,10.3299999237,8.38996887207,177.036773682,-18.2236995697,-0.645423054695,-0.919689774513,97205.480957,-3.81999993324,-274.488250732,False
115.2,-0.516,-0.171,-0.221,0.51975245,0.0784532,12.03275955,-1.69999992847,31.8956680298,9.96000003815,8.38996887207,177.036773682,-18.0168704987,-1.32147741318,-1.09054124355,97207.1228027,-3.95999979973,-255.285827637,False
115.30000000000001,-0.516,-0.156,-0.17,0.32361945,0.0784532,12.3171524,-4.61000013351,24.2186775208,9.40999984741,9.35633850098,-177.78868103,-17.8353004456,-1.71547019482,-1.20940291882,97205.4443359,-4.11999988556,-233.675964355,False
115.4,-0.456,-0.177,-0.107,0.4511059,0.2745862,13.73911665,-7.34999990463,24.2186775208,8.9299993515,9.35633850098,-177.78868103,-17.5566062927,-2.28703403473,-1.49856650829,97204.2541504,-4.30999994278,-215.719024658,False
115.5,-0.454,-0.133,-0.068,0.4903325,0.3726527,12.91535805,-10.0199995041,24.2186775208,8.36999988556,9.35633850098,-177.78868103,-17.3363647461,-2.60323357582,-1.72237622738,97202.2094727,-4.51999998093,-204.174041748,False
115.60000000000001,-0.582,-0.085,-0.059,0.6472389,0.28439285,11.62088025,-12.0099992752,24.2186775208,7.65999984741,9.35633850098,-177.78868103,-17.0850219727,-2.91924643517,-1.98075842857,97202.4902344,-4.75,-167.5027771,False
115.7,-0.582,-0.085,-0.059,0.6472389,0.28439285,11.62088025,-13.6300001144,13.069067955,6.78999996185,11.1280050278,-174.305023193,-16.7301635742,-3.17911529541,-2.17879009247,97202.4902344,-5.00999975204,-128.004455566,False
115.80000000000001,-0.599,0.029,-0.086,0.6276256,0.2353596,10.3165958,-14.7399997711,13.069067955,5.88999986649,11.1280050278,-174.305023193,-16.6044006348,-3.25365328789,-2.24265408516,97196.1242676,-5.28999996185,-74.6736526489,False
115.9,-0.516,0.035,-0.078,0.8825985,0.0196133,10.40485565,-15.5899991989,13.069067955,4.90000009537,11.1280050278,-174.305023193,-16.3769741058,-3.30169868469,-2.31671452522,97191.9799805,-5.56999969482,-27.1642684937,False
116.0,-0.481,0.025,-0.043,0.8825985,0.18632635,10.81673495,-16.1900005341,13.069067955,3.90999984741,11.1280050278,-174.305023193,-16.1853027344,-3.30725383759,-2.44359350204,97188.7084961,-5.84999990463,30.4948806763,False
116.10000000000001,-0.631,0.066,0.011,0.9218251,0.2549729,10.1596894,-16.4699993134,1.50658202171,2.81999993324,10.5795564651,-172.710861206,-16.0103549957,-3.25487709045,-2.57999205589,97182.8491211,-6.15000009537,85.782623291,False
116.2,-0.601,0.065,0.055,1.20621795,0.06864655,10.07142955,-16.4599990845,1.50658202171,1.51999998093,10.5795564651,-172.710861206,-15.9276924133,-3.17530941963,-2.57365441322,97185.2233887,-6.44999980927,157.727722168,False
116.30000000000001,-0.451,0.12,0.073,1.63771055,-0.0588399,9.4732239,-16.1800003052,1.50658202171,0.149999991059,10.5795564651,-172.710861206,-15.8111524582,-2.93455386162,-2.56776309013,97179.1564941,-6.75,211.124130249,False
116.4,-0.451,0.12,0.073,1.63771055,-0.0588399,9.4732239,-16.1999988556,1.50658202171,0.159999996424,10.5795564651,-172.710861206,-15.7839727402,-2.80794811249,-2.58940982819,97179.1564941,-6.75,211.124130249,False
116.5,-0.192,0.152,0.101,1.7848103,0.28439285,8.87501825,-14.8599996567,-11.5548171997,-2.50999999046,8.19357013702,-173.23538208,-15.7762374878,-2.52456331253,-2.54876589775,97177.9296875,-7.33999967575,312.921325684,False
116.60000000000001,-0.079,0.141,0.099,1.95152335,-0.12748645,8.46313895,-14.0,-11.5548171997,-3.8599998951,8.19357013702,-173.23538208,-15.8104553223,-2.29781699181,-2.42720413208,97188.0004883,-7.61999988556,347.874176025,False
116.7,-0.044,0.168,0.122,1.8632635,0.28439285,8.041453,-13.2399997711,-11.5548171997,-5.27999973297,8.19357013702,-173.23538208,-15.8998584747,-1.97907185555,-2.17700791359,97169.8791504,-7.8799996376,398.8387146,True
116.80000000000001,0.072,0.175,0.124,1.8436502,0.0196133,8.0806796,-12.3699998856,-11.5548171997,-6.60999965668,8.19357013702,-173.23538208,-15.9666814804,-1.76424098015,-1.99059820175,97187.7685547,-8.10999965668,427.795318604,True
116.9,0.19,0.197,0.17,1.2160246,0.0980665,6.8058151,-12.7100000381,-13.5292720795,-8.69999980927,3.9607796669,-174.638961792,-15.9769153595,-1.64823031425,-1.84248149395,97173.0773926,-8.30999946594,451.952178955,True
117.0,0.059,0.198,0.185,0.7256921,0.12748645,6.81562175,-11.9399995804,-13.5292720795,-12.1899995804,3.9607796669,-174.638961792,-15.9747600555,-1.40051162243,-1.49986803532,97173.0773926,-8.47999954224,485.016052246,True
117.10000000000001,0.174,0.243,0.135,0.06864655,0.20593965,5.8251501,-11.1899995804,-13.5292720795,-15.1799993515,3.9607796669,-174.638961792,-15.9340381622,-1.20577037334,-1.13476991653,97156.8908691,-8.5999994278,522.555664062,True
117.2,0.067,0.285,0.101,-0.12748645,0.34323275,5.3348176,-20.109998703,-13.5292720795,-18.8999996185,3.9607796669,-174.638961792,-15.8943252563,-1.07612681389,-0.789398908615,97152.8869629,-8.6799993515,578.807434082,True
117.30000000000001,-0.069,0.356,0.097,-0.42168595,0.28439285,4.9817782,-20.1000003815,-11.4007587433,-18.8999996185,-2.19506669044,-176.645828247,-15.8203811646,-0.921618878841,-0.308325767517,97152.5695801,-8.72000026703,619.33984375,True
117.4,-0.193,0.4,0.101,-0.5295591,0.6080123,4.65815875,-26.3499984741,-11.4007587433,-24.4200000763,-2.19506669044,-176.645828247,-15.7486286163,-0.777874350548,0.194183245301,97146.0632324,-8.72000026703,648.545837402,True
117.5,-0.193,0.4,0.101,-0.5295591,0.6080123,4.65815875,-26.0299987793,-11.4007587433,-24.1499996185,-2.19506669044,-176.645828247,-15.6799707413,-0.630594015121,0.722672343254,97146.0632324,-8.67000007629,686.302978516,True
117.60000000000001,-0.429,0.452,0.116,-0.784532,0.00980665,3.92266,-25.7899990082,-11.4007587433,-23.9099998474,-2.19506669044,-176.645828247,-15.6150751114,-0.506658136845,1.27783358097,97144.8364258,-8.57999992371,725.939575195,True
117.7,-0.43,0.403,0.099,-0.9022118,-0.12748645,3.50097405,-32.0499992371,-11.4007587433,-23.6499996185,-2.19506669044,-176.645828247,-15.5538425446,-0.352550953627,1.91407048702,97144.6716309,-8.4299993515,740.731140137,True
117.80000000000001,-0.468,0.326,0.107,-0.89240515,-0.1176798,3.334261,-29.1899986267,-20.8949871063,-23.25,-14.3007678986,-176.201187134,-15.4861240387,-0.2175924927,2.58110117912,97147.833252,-8.22000026703,766.261291504,True
117.9,-0.283,0.216,0.101,-1.0198916,-0.4314926,3.1185147,-27.4200000763,-20.8949871063,-22.859998703,-14.3007678986,-176.201187134,-15.4235134125,-0.0917814895511,3.27107262611,97151.8798828,-7.94999980927,676.757629395,True
118.0,-0.126,0.129,0.123,-0.97085835,-0.16671305,3.91285335,-26.8299999237,-20.8949871063,-22.6199989319,-14.3007678986,-176.201187134,-15.3677082062,0.0713634714484,4.05431556702,97154.107666,-7.6299996376,656.200317383,True
118.10000000000001,-0.076,0.068,0.142,-1.01008495,-0.196133,4.8640984,-26.8299999237,-20.8949871063,-22.5699996948,-14.3007678986,-176.201187134,-15.368013382,0.18374273181,4.3863401413,97157.9772949,-7.6299996376,656.200317383,True
118.2,-0.076,0.068,0.142,-1.01008495,-0.196133,4.8640984,-31.1299991608,-25.5142421722,-22.5399990082,-18.7434368134,-177.398971558,-15.4513807297,0.581148207188,5.05039262772,97157.9772949,-6.78999996185,571.896911621,True
118.30000000000001,0.035,-0.029,0.214,-0.9610517,-0.48052585,9.1397978,-31.1299991608,-25.5142421722,-22.6199989319,-18.7434368134,-177.398971558,-15.5075330734,0.716783463955,5.13702869415,97165.5029297,-6.78999996185,571.896911621,True
118.4,-0.261,0.028,0.261,-1.0787315,-0.18632635,7.6884136,-34.7599983215,-25.5142421722,-18.7600002289,-18.7434368134,-177.398971558,-15.698059082,1.24727857113,5.50844860077,97175.2685547,-5.81999969482,422.741027832,True
118.5,-0.261,0.028,0.261,-1.0787315,-0.18632635,7.6884136,-34.4199981689,-25.5142421722,-17.7399997711,-18.7434368134,-177.398971558,-15.7572793961,1.49468064308,5.79403924942,97175.2685547,-5.30999994278,404.025268555,True
118.60000000000001,-0.362,-0.129,0.302,-1.1964113,0.1176798,7.2373077,-34.0999984741,-27.0328865051,-14.6099996567,-20.9202232361,177.928894043,-15.8157615662,1.75787973404,6.05101060867,97187.6098633,-4.76999998093,274.690429688,True
118.7,-0.257,-0.247,0.281,-1.2160246,-0.196133,9.6497436,-33.6800003052,-27.0328865051,-11.7199993134,-20.9202232361,177.928894043,-15.938914299,2.26957297325,6.33160972595,97193.8110352,-4.19999980927,150.749206543,True
118.80000000000001,-0.257,-0.247,0.281,-1.2160246,-0.196133,9.6497436,-33.0999984741,-27.0328865051,-9.05999946594,-20.9202232361,177.928894043,-15.9884757996,2.4746992588,6.37993383408,97193.8110352,-3.6099998951,47.3718643188,True
118.9,-0.156,-0.313,0.232,-1.12776475,0.10787315,10.6304086,-32.2799987793,-30.427936554,-6.59999990463,-20.0166110992,170.892868042,-16.1776561737,3.39222693443,6.48263502121,97208.5510254,-2.99000000954,-31.3516616821,True
119.0,-0.156,-0.313,0.232,-1.12776475,0.10787315,10.6304086,-32.3800010681,-30.427936554,-6.58999967575,-20.0166110992,170.892868042,-16.2505168915,3.79331684113,6.4307808876,97208.5510254,-2.99000000954,-31.3516616821,True
119.10000000000001,-0.132,-0.312,0.204,-1.22583125,-0.22555295,12.7682583,-29.7299995422,-30.427936554,-2.13999986649,-20.0166110992,170.892868042,-16.3765792847,4.66657066345,6.25198316574,97220.9350586,-1.75999999046,-171.970657349,True
119.2,-0.146,-0.345,0.187,-1.04931155,-0.2745862,12.77806495,-28.1399993896,-30.427936554,-0.0799999982119,-20.0166110992,170.892868042,-16.4306583405,5.37431764603,6.13680839539,97228.338623,-1.15999996662,-210.655883789,True
119.30000000000001,0.03,-0.366,0.207,-0.980665,-0.10787315,14.13138265,-26.1899986267,-30.427936554,1.88999998569,-20.0166110992,170.892868042,-16.460729599,6.12038040161,5.95082092285,97233.7341309,-0.579999983311,-245.433807373,True
119.4,-0.03,-0.37,0.197,-1.176798,-0.3138128,13.7489233,-23.9099998474,-30.1461391449,3.80999994278,-15.2952795029,161.655349731,-16.4471931458,6.85501432419,5.74691438675,97243.8110352,-0.019999999553,-275.601776123,True
119.5,-0.074,-0.381,0.189,-1.1571847,-0.3138128,13.7685366,-21.3899993896,-30.1461391449,4.40999984741,-15.2952795029,161.655349731,-16.3547916412,7.7213807106,5.47320985794,97243.8110352,0.509999990463,-303.59173584,True
119.60000000000001,0.155,-0.388,0.177,-1.12776475,-0.0196133,14.15099595,-18.5799999237,-30.1461391449,5.36999988556,-15.2952795029,161.655349731,-16.2343559265,8.40999507904,5.26061534882,97254.9987793,1.02999997139,-315.88861084,True
119.7,0.243,-0.378,0.178,-0.91201845,0.02941995,14.89630135,-15.3299999237,-30.1461391449,4.2999997139,-15.2952795029,161.655349731,-16.0611915588,9.12128067017,4.9118103981,97263.4338379,1.51999998093,-242.146209717,True
119.80000000000001,0.171,-0.369,0.194,-0.95124505,0.1569064,14.71978165,-11.8400001526,-26.6932411194,3.40999984741,-9.65747356415,153.203369141,-15.8631696701,9.80434799194,4.51522541046,97267.2973633,1.9699999094,-182.973190308,True
119.9,0.311,-0.353,0.181,-0.93163175,0.08825985,14.6119085,-8.21000003815,-26.6932411194,1.43999993801,-9.65747356415,153.203369141,-15.6515254974,10.2889041901,4.18599081039,97272.8637695,2.36999988556,-139.071563721,True
120.0,0.472,-0.325,0.17,-0.75511205,-0.2745862,14.8668814,-4.65000009537,-26.6932411194,1.18999993801,-9.65747356415,153.203369141,-15.3480634689,10.9312143326,3.67742490768,97274.7558594,2.73000001907,-79.0283203125,True
120.10000000000001,0.538,-0.256,0.21,-0.75511205,-0.02941995,14.22944915,-4.65999984741,-26.6932411194,1.15999996662,-9.65747356415,153.203369141,-15.1764421463,11.1775960922,3.40130972862,97280.1391602,3.03999996185,25.1601219177,True
120.2,0.636,-0.201,0.248,-0.69627215,0.06864655,14.2588691,1.4699999094,-26.6932411194,-3.25999999046,-9.65747356415,153.203369141,-14.8563127518,11.5975675583,2.89594888687,97284.387207,3.30999994278,118.47038269,True
120.30000000000001,0.646,-0.16,0.265,-0.6864655,0.3334261,14.36674225,3.99000000954,-26.6932411194,-5.69999980927,-9.65747356415,153.203369141,-14.5822992325,11.8398714066,2.41716241837,97284.7717285,3.50999999046,165.804000854,True
120.4,0.47,-0.066,0.203,-0.93163175,0.10787315,13.07226445,6.0499997139,-11.5044822693,-8.28999996185,-3.88055157661,143.817245483,-14.2990856171,12.0074357986,1.93150115013,97284.7717285,3.66999983788,222.871307373,True
120.5,0.47,-0.066,0.203,-0.93163175,0.10787315,13.07226445,7.60999965668,-11.5044822693,-11.0100002289,-3.88055157661,143.817245483,-14.100859642,12.0346498489,1.6876193285,97288.3361816,3.77999997139,262.244506836,True
120.60000000000001,0.384,0.074,0.091,-1.1964113,0.2157463,9.7870367,8.72000026703,-11.5044822693,-13.9200000763,-3.88055157661,143.817245483,-13.8940820694,12.0092773438,1.55310463905,97287.6953125,3.86999988556,307.663635254,True
120.7,0.249,0.097,0.052,-1.24544455,1.10128788826e-15,8.99269805,9.51000022888,-11.5044822693,-16.9699993134,-3.88055157661,143.817245483,-13.7014274597,11.9258203506,1.5216203928,97291.0583496,3.9399998188,350.083648682,True
120.80000000000001,0.203,0.193,-0.005,-1.1375714,0.57859235,7.1196279,10.029999733,-0.917307436466,-20.2099990845,-4.53730869293,139.419845581,-13.5014123917,11.8026895523,1.72019660473,97290.020752,4.01999998093,410.060119629,True
120.9,0.113,0.269,-0.074,-1.1571847,0.59820565,6.0408964,10.4399995804,-0.917307436466,-23.6199989319,-4.53730869293,139.419845581,-13.3740463257,11.7001199722,1.90265679359,97292.0227051,4.11999988556,457.020080566,True
121.0,0.185,0.328,-0.141,-1.2552512,0.196133,5.0210048,10.7600002289,-0.917307436466,-24.9899997711,-4.53730869293,139.419845581,-13.2132453918,11.5557050705,2.34515166283,97295.5078125,4.25,519.311828613,True
121.10000000000001,0.359,0.371,-0.171,-1.2944778,-0.22555295,3.89324005,10.8899993896,-0.917307436466,-24.9699993134,-4.53730869293,139.419845581,-13.1285715103,11.4277563095,2.73351120949,97296.7407227,4.42999982834,571.013061523,True
121.2,0.359,0.371,-0.171,-1.2944778,-0.22555295,3.89324005,10.8499994278,-0.917307436466,-24.9399986267,-4.53730869293,139.419845581,-13.0709457397,11.3329792023,3.08268523216,97296.7407227,4.42999982834,571.013061523,True
121.30000000000001,0.456,0.329,-0.104,-1.30428445,-0.10787315,4.01091985,10.7399997711,5.47853469849,-24.8099994659,-12.4865608215,141.286270142,-12.9712181091,11.1019897461,3.89767789841,97302.520752,4.98000001907,651.260009766,True
121.4,0.321,0.288,-0.076,-1.176798,0.196133,4.2560861,16.6000003815,5.47853469849,-24.6700000763,-12.4865608215,141.286270142,-12.9430437088,10.9548330307,4.39520311356,97306.3110352,5.34999990463,662.137023926,True
121.5,0.319,0.227,-0.038,-1.30428445,0.0784532,4.7464186,17.1999988556,5.47853469849,-24.4699993134,-12.4865608215,141.286270142,-12.9460821152,10.7996692657,4.8751540184,97311.4135742,5.76999998093,655.164978027,True
121.60000000000001,0.226,0.176,-0.027,-1.30428445,0.26477955,4.81506515,26.6599998474,12.0255527496,-24.3799991608,-17.4740371704,141.440872192,-12.9748411179,10.6473560333,5.32391738892,97317.5292969,6.25,641.207214355,True
121.7,0.534,0.124,-0.048,-1.38273765,0.3334261,5.6094038,27.1800003052,12.0255527496,-24.0299987793,-17.4740371704,141.440872192,-13.0674419403,10.4447965622,5.89551639557,97323.260498,6.77999973297,617.256347656,True
121.80000000000001,0.541,0.023,-0.084,-1.46119085,0.10787315,8.44352565,33.5299987793,12.0255527496,-23.6399993896,-17.4740371704,141.440872192,-13.1981229782,10.3258666992,6.07418107986,97329.9499512,7.32999992371,568.781494141,True
121.9,0.666,-0.044,-0.134,-1.4121576,0.0392266,11.22861425,34.4799995422,12.0255527496,-23.2399997711,-17.4740371704,141.440872192,-13.4330711365,10.1663513184,6.13998842239,97335.8337402,7.90999984741,503.931518555,True
122.0,0.653,-0.042,-0.133,-1.50041745,0.1569064,9.7085835,34.25,12.0255527496,-22.6499996185,-17.4740371704,141.440872192,-13.7829475403,9.92005634308,6.1626830101,97341.9372559,8.5,439.117706299,True
122.10000000000001,0.405,-0.09,-0.17,-1.4317709,0.65704555,7.3157609,34.2099990845,12.0255527496,-22.1000003815,-17.4740371704,141.440872192,-14.0114660263,9.71998977661,6.32446479797,97350.0671387,8.5,439.117706299,True
122.2,0.337,-0.162,-0.219,-1.4709975,0.55897905,8.4925589,39.5099983215,27.6547832489,-18.1900005341,-19.9783554077,143.24446106,-14.3560438156,9.39870834351,6.58550262451,97357.5744629,9.71000003815,341.923522949,True
122.30000000000001,0.299,-0.204,-0.265,-1.3337044,0.61781895,9.11037785,42.2000007629,27.6547832489,-15.6700000763,-19.9783554077,143.24446106,-14.8365411758,8.95881175995,6.83250188828,97363.7573242,10.3499994278,298.343078613,True
122.4,0.278,-0.283,-0.263,-1.20621795,0.8041453,11.34629405,42.2799987793,27.6547832489,-13.2399997711,-19.9783554077,143.24446106,-15.1260614395,8.7001619339,6.82058048248,97369.6411133,11.0,242.265029907,True
122.5,0.124,-0.295,-0.283,-1.2748645,0.6472389,12.7290317,42.4300003052,32.7788963318,-10.4399995804,-18.9194946289,150.745010376,-15.735657692,8.15857315063,6.71121406555,97377.2705078,11.6700000763,167.201416016,True
122.60000000000001,0.124,-0.295,-0.283,-1.2748645,0.6472389,12.7290317,42.4899978638,32.7788963318,-10.4399995804,-18.9194946289,150.745010376,-15.9489545822,7.95124435425,6.65538692474,97377.2705078,11.6700000763,167.201416016,True
122.7,0.275,-0.357,-0.351,-1.2552512,0.55897905,13.40569055,42.6499977112,32.7788963318,-5.5499997139,-18.9194946289,150.745010376,-16.6620063782,7.17876720428,6.44786453247,97396.1486816,12.9499998093,16.3045883179,True
122.80000000000001,0.374,-0.369,-0.356,-1.32389775,0.2549729,13.58221025,42.7799987793,32.7788963318,-4.32999992371,-18.9194946289,150.745010376,-17.1660308838,6.53474235535,6.27783536911,97401.4221191,13.5699996948,-52.8027534485,True
122.9,0.283,-0.412,-0.296,-1.3140911,0.3138128,13.7881499,42.9399986267,35.3501396179,-2.05999994278,-17.1279850006,160.263656616,-17.6658344269,5.794090271,6.10092496872,97409.3200684,14.1799993515,-113.590049744,True
123.0,0.329,-0.452,-0.256,-1.2160246,-0.0196133,16.1613592,43.1499977112,35.3501396179,0.109999999404,-17.1279850006,160.263656616,-18.1463298798,4.9679646492,5.87045717239,97417.2424316,14.779999733,-168.90296936,True
123.10000000000001,0.307,-0.45,-0.214,-1.18660465,0.32361945,15.22972745,43.3499984741,35.3501396179,0.149999991059,-17.1279850006,160.263656616,-18.5784435272,4.16886615753,5.54996442795,97427.331543,15.3399991989,-258.883850098,True
123.2,0.307,-0.45,-0.214,-1.18660465,0.32361945,15.22972745,43.6399993896,35.3501396179,3.69999980927,-17.1279850006,160.263656616,-19.1053237915,2.90852928162,5.2676949501,97427.331543,15.8800001144,-298.050872803,True
123.30000000000001,-0.248,-0.462,-0.202,-1.3140911,-0.10787315,14.513842,43.8499984741,38.2992515564,5.17999982834,-12.6879463196,171.499145508,-19.4025611877,2.01924371719,5.08279895782,97435.0708008,16.3999996185,-327.326385498,True
123.4,-0.126,-0.457,-0.213,-1.1571847,0.18632635,15.2003075,44.0400009155,38.2992515564,4.69999980927,-12.6879463196,171.499145508,-19.6542205811,1.12959122658,4.83997821808,97439.9963379,16.8999996185,-353.627593994,True
123.5,-0.04,-0.418,-0.223,-1.1179581,0.16671305,14.28828905,44.1599998474,38.2992515564,6.52999973297,-12.6879463196,171.499145508,-19.8035030365,0.401170372963,4.64189052582,97446.9299316,17.3899993896,-377.491394043,True
123.60000000000001,0.436,-0.451,-0.216,-0.8433719,0.14709975,16.9262779,44.3099975586,38.2992515564,6.46999979019,-12.6879463196,171.499145508,-19.9853630066,-0.753716409206,4.24566984177,97452.8625488,17.8500003815,-405.386932373,True
123.7,0.436,-0.451,-0.216,-0.8433719,0.14709975,16.9262779,44.4399986267,38.2992515564,7.36999988556,-12.6879463196,171.499145508,-20.0514163971,-1.56083703041,3.97786283493,97452.8625488,18.2700004578,-433.247741699,True
123.80000000000001,0.072,-0.42,-0.199,-1.14737805,0.2549729,15.4356671,44.5399971008,38.6089134216,6.67999982834,-7.0202960968,-177.313369751,-20.0547161102,-2.50634670258,3.74611926079,97459.9975586,18.6599998474,-435.165222168,True
123.9,-0.03,-0.421,-0.223,-1.04931155,0.36284605,15.38663385,44.6299972534,38.6089134216,7.50999975204,-7.0202960968,-177.313369751,-19.9585418701,-3.67513632774,3.45400881767,97466.7785645,19.0200004578,-432.417480469,True
124.0,0.006,-0.409,-0.255,-1.0002783,0.73549875,15.6514134,44.6699981689,38.6089134216,7.55999994278,-7.0202960968,-177.313369751,-19.8471660614,-4.45610237122,3.22081112862,97468.4143066,19.359998703,-459.398834229,True
124.10000000000001,0.006,-0.409,-0.255,-1.0002783,0.73549875,15.6514134,44.7000007629,38.5725517273,7.5499997139,-4.09530448914,-170.035125732,-19.6727180481,-5.24857854843,2.972178936,97468.4143066,19.359998703,-459.398834229,True
124.2,0.143,-0.402,-0.308,-1.12776475,0.30400615,14.91591465,44.7299995422,38.5725517273,8.34000015259,-4.09530448914,-170.035125732,-19.358505249,-6.32578325272,2.68935894966,97476.4404297,19.6700000763,-469.235809326,True
124.30000000000001,0.063,-0.377,-0.319,-1.06892485,0.28439285,15.26895405,44.75,38.5725517273,7.78999996185,-4.09530448914,-170.035125732,-19.0078830719,-7.22367954254,2.43407177925,97478.4423828,20.1899986267,-488.013641357,True
124.4,0.057,-0.362,-0.32,-1.0787315,0.18632635,15.11204765,44.7599983215,38.5725517273,7.88999986649,-4.09530448914,-170.035125732,-18.6191768646,-8.09778690338,2.1993124485,97481.5124512,20.4200000763,-493.651000977,True
124.5,0.099,-0.351,-0.335,-1.12776475,0.6276256,13.85679645,44.7700004578,39.5192489624,7.63999986649,-1.74692225456,-159.590606689,-18.0653152466,-9.0657787323,2.00387573242,97481.5002441,20.6199989319,-493.298919678,True
124.60000000000001,-0.125,-0.374,-0.309,-0.8237586,0.8629852,16.2201991,44.7700004578,39.5192489624,7.57999992371,-1.74692225456,-159.590606689,-17.6773490906,-9.66735363007,1.91427731514,97485.4614258,20.8099994659,-497.660827637,True
124.7,-0.125,-0.374,-0.309,-0.8237586,0.8629852,16.2201991,44.7700004578,39.5192489624,7.56999969482,-1.74692225456,-159.590606689,-17.3370552063,-10.1791238785,1.70825123787,97485.4614258,20.8099994659,-497.660827637,True
124.80000000000001,-0.244,-0.334,-0.338,-0.71588545,0.97085835,15.7102533,44.7700004578,39.4882736206,7.91999959946,-0.907300114632,-151.705291748,-16.7509498596,-11.003455162,1.35230338573,97488.3972168,20.9699993134,-522.776977539,True
124.9,0.07,-0.314,-0.438,-1.0002783,0.06864655,13.9450563,44.7700004578,39.4882736206,7.67999982834,-0.907300114632,-151.705291748,-15.9213590622,-11.9422836304,1.05242753029,97488.848877,21.1999988556,-510.595123291,True
125.0,0.125,-0.328,-0.402,-0.97085835,0.14709975,13.5920169,44.7700004578,39.4882736206,7.69999980927,-0.907300114632,-151.705291748,-15.4379758835,-12.4212703705,0.977736949921,97488.2080078,21.1999988556,-510.595123291,True
125.10000000000001,0.103,-0.329,-0.34,-0.7649187,0.2157463,13.75872995,44.7700004578,38.5129013062,7.98999977112,-0.880642712116,-140.942703247,-14.764421463,-13.0281190872,0.842707574368,97487.713623,21.3500003815,-483.528137207,True
125.2,0.083,-0.334,-0.31,-0.91201845,0.18632635,13.2978174,44.7700004578,38.5129013062,7.98999977112,-0.880642712116,-140.942703247,-14.0867395401,-13.5823717117,0.736363530159,97488.5925293,21.3500003815,-483.528137207,True
125.30000000000001,0.02,-0.319,-0.287,-0.8629852,0.2745862,12.81729155,44.7700004578,38.5129013062,6.3799996376,-0.880642712116,-140.942703247,-13.3766422272,-14.0829439163,0.669059097767,97488.684082,21.4499988556,-459.321960449,True
125.4,0.02,-0.319,-0.287,-0.8629852,0.2745862,12.81729155,44.7700004578,38.5129013062,6.63999986649,-0.880642712116,-140.942703247,-12.363401413,-14.7466630936,0.583967328072,97488.684082,21.4799995422,-448.874847412,True
125.5,-0.027,-0.305,-0.269,-0.91201845,0.08825985,12.552512,44.7700004578,39.5862464905,6.94000005722,0.187744826078,-129.389877319,-11.4567060471,-15.2091207504,0.546053171158,97488.7939453,21.5100002289,-442.20199585,True
125.60000000000001,-0.027,-0.305,-0.269,-0.91201845,0.08825985,12.552512,44.7700004578,39.5862464905,5.23000001907,0.187744826078,-129.389877319,-11.0411376953,-15.4086866379,0.554240763187,97488.7939453,21.5399990082,-436.135681152,True
125.7,-0.062,-0.275,-0.278,-0.83356525,-0.0392266,11.95430635,44.7700004578,39.5862464905,5.46000003815,0.187744826078,-129.389877319,-10.3051052094,-15.7013492584,0.574032068253,97489.5385742,21.5699996948,-425.419433594,True
125.80000000000001,-0.024,-0.274,-0.279,-0.83356525,0.06864655,11.7091401,44.7599983215,39.5862464905,5.15999984741,0.187744826078,-129.389877319,-9.3195104599,-16.0498313904,0.621408224106,97491.0522461,21.609998703,-411.720458984,True
125.9,-0.009,-0.238,-0.299,-0.73549875,0.59820565,10.983448,44.7599983215,38.6996574402,5.73000001907,1.00991165638,-119.516563416,-9.02042007446,-16.1317481995,0.626541018486,97488.5681152,21.6399993896,-408.945281982,True
126.0,-0.045,-0.24,-0.329,-0.7256921,0.588399,10.8461549,44.7599983215,38.6996574402,4.03999996185,1.00991165638,-119.516563416,-8.19315624237,-16.3542804718,0.701006114483,97488.2629395,21.6899986267,-396.536254883,True
126.10000000000001,-0.045,-0.24,-0.329,-0.7256921,0.588399,10.8461549,44.7700004578,38.6996574402,4.03999996185,1.00991165638,-119.516563416,-7.62811994553,-16.4674224854,0.750617027283,97488.2629395,21.6899986267,-396.536254883,True
126.2,0.085,-0.238,-0.389,-0.784532,0.3334261,10.787315,44.7700004578,38.6996574402,4.36999988556,1.00991165638,-119.516563416,-6.8146777153,-16.6189365387,0.852700889111,97488.9404297,21.8099994659,-384.616668701,True
126.30000000000001,0.085,-0.238,-0.389,-0.784532,0.3334261,10.787315,44.7700004578,38.6996574402,4.36000013351,1.00991165638,-119.516563416,-6.11295795441,-16.7175140381,0.953373789787,97488.9404297,21.8799991608,-388.032531738,True
126.4,0.033,-0.191,-0.395,-0.8629852,0.36284605,9.2770909,44.7700004578,39.0604057312,4.38999986649,-0.110971361399,-108.255134583,-5.48203372955,-16.7673873901,1.14481508732,97489.9658203,21.9599990845,-380.489929199,True
126.5,0.145,-0.239,-0.362,-0.9414384,-0.1569064,10.36562905,44.7700004578,39.0604057312,5.02999973297,-0.110971361399,-108.255134583,-4.79808282852,-16.7833003998,1.34346663952,97493.1640625,22.0699996948,-386.020843506,True
126.60000000000001,0.145,-0.239,-0.362,-0.9414384,-0.1569064,10.36562905,44.7700004578,39.0604057312,5.0499997139,-0.110971361399,-108.255134583,-4.40685033798,-16.7895145416,1.47298157215,97493.1640625,22.0699996948,-386.020843506,True
126.7,0.126,-0.297,-0.276,-0.7649187,0.00980665,11.6503002,44.7700004578,41.6240005493,4.96999979019,-0.937402069569,-99.2562866211,-3.08403038979,-16.845041275,1.56131410599,97496.9970703,22.3400001526,-413.382720947,True
126.80000000000001,0.126,-0.297,-0.276,-0.7649187,0.00980665,11.6503002,44.7700004578,41.6240005493,5.23000001907,-0.937402069569,-99.2562866211,-2.45560979843,-16.8424530029,1.65074658394,97496.9970703,22.5100002289,-422.38369751,True
126.9,-0.056,-0.294,-0.272,-0.7060788,0.2353596,11.30706745,44.7700004578,41.6240005493,5.5499997139,-0.937402069569,-99.2562866211,-1.5439825058,-16.7892036438,1.80479943752,97499.0539551,22.6800003052,-423.695739746,True
127.0,0.016,-0.28,-0.305,-0.7060788,0.16671305,11.36590735,44.7700004578,41.6240005493,5.77999973297,-0.937402069569,-99.2562866211,-0.935951352119,-16.7425327301,1.91147875786,97500.5432129,22.859998703,-423.516845703,True
127.10000000000001,0.104,-0.241,-0.319,-0.7256921,0.57859235,8.69849855,44.7700004578,41.6240005493,5.77999973297,-0.937402069569,-99.2562866211,-0.329063862562,-16.6703453064,2.03038024902,97501.8188477,23.0699996948,-413.212005615,True
127.2,0.104,-0.241,-0.319,-0.7256921,0.57859235,8.69849855,44.7700004578,42.1976585388,5.69999980927,-1.07152855396,-88.0793228149,0.259603619576,-16.5651817322,2.32559657097,97501.8188477,23.2999992371,-379.596710205,True
127.30000000000001,-0.344,-0.214,-0.354,-0.588399,0.59820565,10.2185293,44.7299995422,42.1976585388,5.48000001907,-1.07152855396,-88.0793228149,1.12070322037,-16.3850574493,2.61824250221,97505.5908203,23.5499992371,-360.467529297,True
127.4,-0.293,-0.211,-0.409,-0.55897905,0.4707192,11.2580342,43.2599983215,42.1976585388,5.17000007629,-1.07152855396,-88.0793228149,1.64280772209,-16.2724590302,2.69318389893,97508.4838867,23.8299999237,-376.134307861,True
127.5,-0.337,-0.203,-0.44,-0.392266,0.75511205,11.71894675,43.25,42.1976585388,5.13000011444,-1.07152855396,-88.0793228149,2.15551614761,-16.1377372742,2.7363140583,97512.8479004,24.109998703,-384.975616455,True
127.60000000000001,-0.117,-0.198,-0.499,-0.6276256,0.5099458,11.2188076,41.6199989319,35.1125221252,4.94000005722,-3.06483960152,-77.6885528564,2.79400396347,-15.9702205658,2.7325797081,97515.9118652,24.3999996185,-407.350341797,True
127.7,-0.019,-0.232,-0.538,-0.59820565,0.4118793,11.9052731,38.1599998474,35.1125221252,4.98999977112,-3.06483960152,-77.6885528564,3.39058303833,-15.7808647156,2.7591855526,97517.7062988,24.6899986267,-417.47265625,True
127.80000000000001,-0.019,-0.232,-0.538,-0.59820565,0.4118793,11.9052731,38.1499977112,35.1125221252,5.0,-3.06483960152,-77.6885528564,4.12037038803,-15.5390968323,2.75848245621,97517.7062988,24.6899986267,-417.47265625,True
127.9,-0.046,-0.248,-0.54,-0.61781895,0.18632635,10.8265416,34.1899986267,35.1125221252,5.40999984741,-3.06483960152,-77.6885528564,4.73616790771,-15.2946691513,2.79318881035,97526.2573242,25.2600002289,-427.94418335,True
128.0,-0.149,-0.254,-0.487,-0.4903325,0.26477955,10.79712165,32.0200004578,34.1559104919,5.38999986649,-5.74994373322,-65.006401062,5.42070531845,-14.9947652817,2.87247157097,97526.6479492,25.5499992371,-423.297485352,True
128.1,-0.135,-0.249,-0.446,-0.4314926,0.22555295,11.0030613,29.7799987793,34.1559104919,5.6299996376,-5.74994373322,-65.006401062,5.87730789185,-14.7627315521,2.90314626694,97530.5114746,25.8499984741,-411.625671387,True
128.20000000000002,-0.28,-0.24,-0.415,-0.5491724,-0.0392266,10.8461549,27.4899997711,34.1559104919,5.33999967575,-5.74994373322,-65.006401062,6.51369762421,-14.4280357361,2.953966856,97532.8308105,26.1499996185,-395.233154297,True
128.3,-0.28,-0.24,-0.415,-0.5491724,-0.0392266,10.8461549,24.3400001526,34.1559104919,5.17999982834,-5.74994373322,-65.006401062,7.00363636017,-14.1188955307,3.03990030289,97532.8308105,26.4599990845,-376.539611816,True
128.4,0.125,-0.247,-0.306,-0.392266,-0.14709975,11.13054775,20.7700004578,29.3599071503,4.78999996185,-6.33591794968,-53.6124305725,7.38639116287,-13.8753423691,3.07942271233,97535.6384277,26.7699985504,-362.403106689,True
128.5,0.002,-0.246,-0.259,-0.2941995,-0.0196133,11.1011278,16.859998703,29.3599071503,4.55999994278,-6.33591794968,-53.6124305725,7.87285804749,-13.534031868,3.1087436676,97543.2312012,27.0900001526,-349.190704346,True
128.6,-0.157,-0.258,-0.222,-0.2549729,0.0392266,12.0033396,12.5900001526,29.3599071503,4.36999988556,-6.33591794968,-53.6124305725,8.34458255768,-13.1890640259,3.11200070381,97544.6228027,27.4099998474,-325.687805176,True
128.70000000000002,-0.157,-0.258,-0.222,-0.2549729,0.0392266,12.0033396,7.98000001907,29.3599071503,3.74000000954,-6.33591794968,-53.6124305725,8.91146945953,-12.7445058823,3.02287459373,97544.6228027,27.7299995422,-314.929016113,True
128.8,-0.667,-0.21,-0.21,0.0588399,0.1372931,12.75845165,3.32999992371,29.3599071503,3.28999996185,-6.33591794968,-53.6124305725,9.25566864014,-12.4701280594,2.91019201279,97552.9846191,28.0399990082,-293.903533936,True
128.9,-0.617,-0.191,-0.232,0.1372931,0.12748645,13.72931,-1.28999996185,24.3606700897,2.51999998093,-4.24475669861,-45.1064758301,9.66456127167,-12.1369638443,2.6646194458,97558.581543,28.3199996948,-280.732147217,True
129.0,-0.384,-0.141,-0.285,0.00980665,0.0980665,12.8859381,-5.83999967575,24.3606700897,2.12999987602,-4.24475669861,-45.1064758301,10.0353603363,-11.8488502502,2.3306491375,97559.4299316,28.5799999237,-279.947662354,True
129.1,-0.344,-0.089,-0.277,-0.4707192,0.0588399,11.1403544,-9.68999958038,24.3606700897,1.04999995232,-4.24475669861,-45.1064758301,10.2708473206,-11.5821657181,2.17861199379,97562.713623,28.7999992371,-259.890380859,True
129.20000000000002,-0.53,-0.146,-0.284,-0.0784532,-0.10787315,13.0428445,-9.68999958038,15.7954530716,1.02999997139,-3.30177354813,-39.9505767822,10.42537117,-11.390080452,2.06645393372,97565.8874512,28.7999992371,-259.890380859,True
129.3,-0.53,-0.146,-0.284,-0.0784532,-0.10787315,13.0428445,-16.109998703,15.7954530716,-0.149999991059,-3.30177354813,-39.9505767822,10.684510231,-11.0897064209,1.71529865265,97565.8874512,29.1799983978,-235.028076172,True
129.4,-0.428,-0.064,-0.257,-0.40207265,-0.0784532,10.99325465,-18.75,15.7954530716,-0.909999966621,-3.30177354813,-39.9505767822,10.747300148,-10.9851531982,1.64768075943,97568.1152344,29.3400001526,-212.383651733,True
129.5,-0.159,-0.07,-0.229,-0.2745862,-0.2941995,11.48358715,-21.0699996948,15.7954530716,-1.4699999094,-3.30177354813,-39.9505767822,10.8545198441,-10.7926998138,1.4725600481,97573.0285645,29.4799995422,-188.546173096,True
129.6,-0.159,-0.07,-0.229,-0.2745862,-0.2941995,11.48358715,-23.1599998474,5.45482349396,-2.31999993324,-2.32009196281,-32.4768066406,10.8922843933,-10.7100877762,1.43113648891,97573.0285645,29.5999984741,-143.065063477,True
129.70000000000002,-0.304,-0.014,-0.113,-0.2549729,-0.30400615,10.14988275,-25.0100002289,5.45482349396,-3.1899998188,-2.32009196281,-32.4768066406,10.9556655884,-10.5346794128,1.41391384602,97572.9919434,29.7299995422,-97.5675582886,True
129.8,-0.386,0.026,-0.045,-0.4511059,-0.34323275,9.4732239,-26.6899986267,5.45482349396,-4.26999998093,-2.32009196281,-32.4768066406,10.9788646698,-10.4189739227,1.4138468504,97574.9267578,29.8499984741,-62.8967285156,True
129.9,-0.446,0.033,0.016,-0.50013915,-0.2941995,9.1790244,-28.0900001526,5.45482349396,-5.33999967575,-2.32009196281,-32.4768066406,10.9578104019,-10.3487462997,1.47766876221,97574.6398926,29.9799995422,-32.8422546387,True
130.0,-0.507,0.032,0.058,-0.40207265,-0.2353596,9.07115125,-29.2600002289,5.45482349396,-6.1299996376,-2.32009196281,-32.4768066406,10.9244022369,-10.3327741623,1.53093779087,97577.6000977,30.109998703,-14.3630981445,True
130.1,-0.456,0.001,0.073,-0.28439285,-0.44129925,10.38524235,-29.2600002289,-4.67178678513,-6.11999988556,-2.95832324028,-31.0881118774,10.8775320053,-10.3449420929,1.53395807743,97579.6630859,30.25,-10.1133346558,True
130.20000000000002,-0.428,0.05,0.097,-0.392266,-0.1765197,9.14960445,-31.1399993896,-4.67178678513,-6.8799996376,-2.95832324028,-31.0881118774,10.7831678391,-10.4416532516,1.49537336826,97579.6630859,30.3899993896,2.854347229,True
130.3,-0.401,0.072,0.122,-0.5491724,-0.3726527,8.5513988,-31.8400001526,-4.67178678513,-7.07999992371,-2.95832324028,-31.0881118774,10.6979103088,-10.5039196014,1.57654643059,97579.8095703,30.5299987793,17.2867774963,True
130.4,-0.401,0.072,0.122,-0.5491724,-0.3726527,8.5513988,-32.3899993896,-11.6493625641,-7.14999961853,-3.79197597504,-32.3338699341,10.5785427094,-10.5969171524,1.7449477911,97579.8095703,30.6700000763,30.7462692261,True
130.5,-0.429,0.076,0.169,-0.69627215,-0.16671305,7.52170055,-32.7999992371,-11.6493625641,-7.07999992371,-3.79197597504,-32.3338699341,10.4977626801,-10.6579017639,1.870875597,97584.7412109,30.8400001526,46.0518836975,True
130.6,-0.323,-0.012,0.2,-0.6080123,-0.28439285,8.7475318,-33.1399993896,-11.6493625641,-6.7999997139,-3.79197597504,-32.3338699341,10.2475919724,-10.8818235397,2.24242591858,97586.706543,31.0299987793,52.5590896606,True
130.70000000000002,-0.178,-0.026,0.195,-0.57859235,-0.22555295,8.71811185,-33.3400001526,-11.6493625641,-6.36999988556,-3.79197597504,-32.3338699341,10.0674524307,-11.0787601471,2.41061520576,97590.637207,31.25,56.3444137573,True
130.8,-0.104,-0.044,0.18,-0.55897905,-0.26477955,8.7867584,-33.5099983215,-19.6514358521,-5.94000005722,-5.96728754044,-36.2524032593,9.92022037506,-11.2420043945,2.55384969711,97592.4377441,31.4899997711,62.0345115662,True
130.9,-0.065,-0.061,0.166,-0.4511059,-0.42168595,9.5909037,-33.6100006104,-19.6514358521,-5.31999969482,-5.96728754044,-36.2524032593,9.72551345825,-11.4759883881,2.67870259285,97595.6848145,31.75,52.6558876038,True
131.0,-0.152,-0.04,0.193,-0.6276256,-0.32361945,8.3160392,-33.7000007629,-19.6514358521,-4.75,-5.96728754044,-36.2524032593,9.52895832062,-11.6932582855,2.84897875786,97597.8942871,32.0099983215,55.2150726318,True
131.1,-0.223,-0.048,0.204,-0.5295591,-0.18632635,7.97280645,-33.7599983215,-22.1912231445,-4.27999973297,-6.60917615891,-36.2524032593,9.33132839203,-11.8933906555,3.06923913956,97598.0041504,32.2999992371,72.2582855225,True
131.20000000000002,-0.19,-0.071,0.209,-0.6472389,-0.2745862,7.46286065,-33.7599983215,-22.1912231445,-4.26999998093,-6.60917615891,-40.3169708252,9.17223072052,-12.0454645157,3.26391148567,97603.918457,32.2999992371,72.2582855225,True
131.3,-0.232,-0.095,0.233,-0.4118793,-0.38245935,8.71811185,-33.7999992371,-22.1912231445,-3.27999997139,-6.60917615891,-40.3169708252,8.86276435852,-12.3465604782,3.56143569946,97606.4575195,32.9300003052,87.2643432617,True
131.4,-0.232,-0.095,0.233,-0.4118793,-0.38245935,8.71811185,-33.8099975586,-22.1912231445,-3.26999998093,-6.60917615891,-40.3169708252,8.76003551483,-12.4691638947,3.5831143856,97606.4575195,32.9300003052,87.2643432617,True
131.5,-0.18,-0.133,0.251,-0.24516625,-0.36284605,9.89490985,-33.4199981689,-22.1912231445,-1.87000000477,-6.60917615891,-40.3169708252,8.3278055191,-12.9467153549,3.685079813,97612.5854492,33.6300010681,78.0430755615,True
131.6,-0.172,-0.136,0.276,-0.20593965,-0.34323275,10.09104285,-33.1199989319,-26.3711051941,-1.24000000954,-6.65565824509,-47.2137298584,8.03777313232,-13.2549800873,3.72970676422,97618.0908203,33.9799995422,81.5844573975,True
131.70000000000002,-0.237,-0.165,0.298,-0.00980665,-0.6668522,11.44436055,-32.6599998474,-26.3711051941,-0.610000014305,-6.65565824509,-47.2137298584,7.63887929916,-13.6765508652,3.69652080536,97623.6206055,34.3400001526,78.2738647461,True
131.8,-0.167,-0.148,0.33,-0.08825985,-0.51975245,10.9049948,-32.0900001526,-26.3711051941,0.070000000298,-6.65565824509,-47.2137298584,7.42604970932,-13.8910198212,3.66502737999,97625.9216309,34.6899986267,69.2874908447,True
131.9,-0.094,-0.148,0.375,-0.12748645,-0.59820565,10.8657682,-31.3899993896,-26.3711051941,0.620000004768,-6.65565824509,-47.2137298584,7.05318450928,-14.2206687927,3.65117144585,97629.7729492,35.0299987793,60.3099822998,True
132.0,0.002,-0.184,0.408,0.02941995,-0.5491724,11.38552065,-30.5599994659,-26.3711051941,1.24000000954,-6.65565824509,-47.2137298584,6.65822172165,-14.5651731491,3.60455584526,97629.7729492,35.3600006104,55.6392669678,True
132.1,0.0,-0.164,0.432,-0.08825985,-0.4511059,10.8657682,-30.5499992371,-29.1397666931,1.24000000954,-7.20569658279,-56.6341056824,6.32593727112,-14.8400640488,3.56277275085,97639.1723633,35.7000007629,55.0868034363,True
132.20000000000002,-0.011,-0.167,0.447,-0.14709975,-0.53936575,10.77750835,-29.5699996948,-29.1397666931,-2.24000000954,-7.20569658279,-56.6341056824,5.91175460815,-15.1507263184,3.5297293663,97641.1682129,36.0200004578,54.2370796204,True
132.3,0.165,-0.169,0.47,-0.38245935,-0.48052585,10.14988275,-0.209999993443,-29.1397666931,-2.25,-7.20569658279,-56.6341056824,5.42116546631,-15.4546833038,3.57994413376,97646.1547852,36.3400001526,61.1004829407,True
