t,p,q,r,ax,ay,az,roll_k,roll,pitch_k,pitch,yaw,vn,ve,vd,basinc,alt_hata,hiz_hata,ariza
0.1,0.532,-0.036,-0.125,0.6668522,0.38245935,8.65927195,34.1399993896,11.3023757935,-1.67999994755,-4.06257486343,-98.1391830444,2.61970925331,-16.9157409668,0.998515725136,96836.3891602,0.449999988079,-7.33509063721,False
0.2,0.532,-0.036,-0.125,0.6668522,0.38245935,8.65927195,36.6499977112,11.3023757935,-1.29999995232,-4.06257486343,-98.1391830444,2.90570402145,-17.0720500946,1.14418673515,96836.3891602,0.550000011921,-29.6237945557,False
0.30000000000000004,0.452,-0.096,-0.102,0.89240515,0.588399,9.022118,41.8799972534,23.4277076721,-3.83999991417,-3.93370223045,-95.0587768555,3.23859214783,-17.2279777527,1.22373402119,96840.826416,0.669999957085,-47.2507476807,False
0.4,0.394,-0.148,-0.137,0.8041453,0.65704555,10.6304086,41.4500007629,23.4277076721,-6.32999992371,-3.93370223045,-95.0587768555,3.72183585167,-17.437538147,1.22758686543,96841.3818359,0.810000002384,13.4537696838,False
0.5,0.359,-0.131,-0.148,1.34351105,0.7256921,10.9246081,40.969997406,23.4277076721,-8.73999977112,-3.93370223045,-95.0587768555,4.07882404327,-17.6111469269,1.2351924181,96841.3818359,0.949999988079,-28.7010192871,False
0.6000000000000001,0.444,-0.09,-0.223,2.02997655,0.50013915,11.46397385,40.4300003052,23.4277076721,-11.0900001526,-3.93370223045,-95.0587768555,4.42185878754,-17.7926902771,1.20786559582,96849.2370605,1.09000003338,-72.2717285156,False
0.7000000000000001,0.386,-0.059,-0.199,3.01064155,0.4118793,12.36618565,39.8899993896,31.5589466095,-10.0799999237,-3.73799467087,-91.1891555786,4.99954509735,-18.1150493622,1.14774310589,96860.7116699,1.23000001907,-128.146179199,False
0.8,0.459,-0.046,-0.166,2.08881645,1.10815145,11.2776475,39.1699981689,31.5589466095,-9.23999977112,-3.73799467087,-91.1891555786,5.84991359711,-18.4982051849,1.14048218727,96876.0864258,1.37000000477,-175.417907715,False
0.9,0.155,-0.097,-0.236,1.67693715,0.44129925,12.3367657,38.2599983215,31.5589466095,-8.86999988556,-3.73799467087,-91.1891555786,6.27486896515,-18.6116828918,1.10218048096,96869.6838379,1.51999998093,-229.532623291,False
1.0,0.177,-0.136,-0.272,1.0002783,0.2941995,11.4345539,36.9399986267,38.1706924438,-6.77999973297,-5.28554677963,-85.9096679688,7.24333333969,-18.7624797821,1.26446068287,96869.6838379,1.66999995708,-271.419921875,False
1.1,0.264,-0.167,-0.229,0.4903325,-0.04903325,10.3558224,36.9300003052,38.1706924438,-6.76999998093,-5.28554677963,-85.9096679688,7.6564078331,-18.7760829926,1.30419301987,96870.5200195,1.83999991417,-298.782348633,False
1.2000000000000002,-0.18,-0.206,-0.144,0.10787315,-0.12748645,7.8060934,33.9099998474,38.1706924438,-2.77999997139,-5.28554677963,-85.9096679688,8.38648223877,-18.7419528961,1.75308859348,96858.2641602,2.02999997139,-304.507446289,False
1.3,-0.228,-0.237,-0.139,-0.46091255,1.08853815,6.2958693,32.8600006104,38.1706924438,-0.8599999547,-5.28554677963,-85.9096679688,8.73311138153,-18.6620769501,2.10505914688,96858.2641602,2.24000000954,-302.023132324,False
1.4000000000000001,-0.071,-0.189,-0.387,-0.87279185,1.0002783,9.97336305,31.6700000763,36.2701301575,-1.02999997139,-4.52302885056,-80.6279525757,9.13330554962,-18.5315055847,2.3046195507,96858.6608887,2.48000001907,-306.582641602,False
1.5,-0.071,-0.189,-0.387,-0.87279185,1.0002783,9.97336305,30.0399990082,36.2701301575,-1.24000000954,-4.52302885056,-80.6279525757,9.6840763092,-18.3390102386,2.29875874519,96858.6608887,2.73000001907,-330.579376221,False
1.6,0.108,-0.26,-0.463,-1.24544455,-0.02941995,12.9251647,27.7399997711,36.2701301575,-1.32999992371,-4.52302885056,-80.6279525757,10.3214149475,-18.0856704712,2.20562934875,96856.817627,2.98000001907,-363.804626465,False
1.7000000000000002,0.108,-0.26,-0.463,-1.24544455,-0.02941995,12.9251647,25.0499992371,36.2701301575,-1.28999996185,-4.52302885056,-80.6279525757,10.9903869629,-17.7782287598,2.10972213745,96852.9602051,3.21000003815,-389.20211792,False
1.8,0.267,-0.284,-0.297,-1.12776475,-0.75511205,15.4356671,21.6599998474,36.0388183594,-1.09000003338,-6.05620574951,-69.5112838745,11.8529138565,-17.3712520599,1.88923823833,96855.7189941,3.41999983788,-434.156433105,False
1.9000000000000001,0.015,-0.27,-0.144,-1.12776475,-0.7453054,14.2980957,17.4599990845,36.0388183594,-0.729999959469,-6.05620574951,-69.5112838745,12.7028617859,-16.906375885,1.70887207985,96859.2407227,3.58999991417,-452.004638672,False
2.0,-0.198,-0.268,-0.058,-1.32389775,-0.6276256,12.60154525,13.0900001526,36.0388183594,-0.799999952316,-6.05620574951,-69.5112838745,13.4282369614,-16.4304256439,1.62590348721,96859.2407227,3.73000001907,-460.280212402,False
2.1,-0.198,-0.268,-0.058,-1.32389775,-0.6276256,12.60154525,9.07999992371,36.7610397339,-1.16999995708,-4.06322813034,-63.0697402954,14.1708307266,-15.8551931381,1.49046468735,96861.0290527,3.84999990463,-454.364196777,False
2.2,-0.334,-0.285,-0.001,-1.372931,1.0395049,12.79767825,5.13000011444,36.7610397339,-1.69999992847,-4.06322813034,-63.0697402954,14.623465538,-15.4634408951,1.35225331783,96861.2548828,3.94999980927,-445.416625977,False
2.3000000000000003,-0.591,-0.211,-0.058,-1.4513842,0.1372931,10.7677017,1.48000001907,36.7610397339,-2.40999984741,-4.06322813034,-63.0697402954,14.9623155594,-15.103600502,1.3102864027,96863.2629395,4.03999996185,-436.626251221,False
2.4000000000000004,-0.689,-0.13,-0.162,-1.3533177,1.12776475,11.20900095,-1.45999991894,36.7610397339,-3.25999999046,-4.06322813034,-63.0697402954,15.2743682861,-14.6740894318,1.22260868549,96863.6901855,4.09999990463,-421.253204346,False
2.5,-0.689,-0.13,-0.162,-1.3533177,1.12776475,11.20900095,-3.87999987602,24.8598556519,-4.11999988556,-1.0996992588,-58.5588951111,15.4929361343,-14.3597326279,1.12111449242,96863.6901855,4.15999984741,-401.498413086,False
2.6,-0.572,-0.061,-0.243,-1.372931,0.57859235,10.62060195,-5.98999977112,24.8598556519,-5.00999975204,-1.0996992588,-58.5588951111,15.7343435287,-13.8572540283,1.02146017551,96866.0461426,4.19999980927,-389.722045898,False
2.7,-0.51,-0.019,-0.263,-1.4513842,0.0784532,10.52253545,-7.78999996185,24.8598556519,-5.83999967575,-1.0996992588,-58.5588951111,15.8397865295,-13.5989160538,1.01868546009,96868.0847168,4.25,-380.165466309,False
2.8000000000000003,-0.539,-0.016,-0.245,-1.4317709,0.34323275,10.0420096,-9.23999977112,24.8598556519,-6.67000007629,-1.0996992588,-58.5588951111,15.8710079193,-13.4722852707,1.01203525066,96867.0043945,4.2999997139,-359.217071533,False
2.9000000000000004,-0.52,0.002,-0.204,-1.4121576,0.22555295,9.2574776,-10.3899993896,12.6490821838,-7.61999988556,-2.37703037262,-52.6815948486,15.9533395767,-13.0347080231,1.08626139164,96867.0043945,4.36000013351,-328.702545166,False
3.0,-0.461,0.03,-0.182,-1.3925443,0.0392266,8.7671451,-11.279999733,12.6490821838,-8.63000011444,-2.37703037262,-52.6815948486,15.9442710876,-12.8497686386,1.14592456818,96867.0043945,4.42000007629,-303.437805176,False
3.1,-0.391,0.026,-0.143,-1.3337044,-0.196133,8.8652116,-12.0500001907,12.6490821838,-9.71999931335,-2.37703037262,-52.6815948486,15.9370546341,-12.5551395416,1.2169367075,96868.2861328,4.5,-272.576141357,False
3.2,-0.214,0.051,-0.02,-1.372931,-0.53936575,8.85540495,-12.6499996185,4.99103546143,-10.7899999619,-3.48930454254,-49.6110992432,15.9027700424,-12.3803749084,1.29994750023,96868.4814453,4.57999992371,-251.769256592,False
3.3000000000000003,-0.214,0.051,-0.02,-1.372931,-0.53936575,8.85540495,-13.0799999237,4.99103546143,-11.9600000381,-3.48930454254,-49.6110992432,15.9027700424,-12.3803749084,1.29994750023,96868.4814453,4.57999992371,-251.769256592,False
3.4000000000000004,-0.267,0.058,0.085,-1.36312435,0.04903325,8.7083052,-13.3499994278,4.99103546143,-13.1499996185,-3.48930454254,-49.6110992432,15.8122425079,-12.1571922302,1.45946013927,96874.5300293,4.78999996185,-194.851104736,False
3.5,-0.318,0.101,0.13,-1.26505785,-0.14709975,8.7867584,-13.4600000381,1.74017238617,-14.2999992371,-4.37600708008,-49.8577613831,15.7041006088,-12.0282964706,1.57680881023,96872.5830078,4.90000009537,-172.883224487,False
3.6,-0.318,0.101,0.13,-1.26505785,-0.14709975,8.7867584,-13.3400001526,1.74017238617,-15.2999992371,-4.37600708008,-49.8577613831,15.6143445969,-11.9926300049,1.62329113483,96872.5830078,5.02999973297,-163.942138672,False
3.7,-0.184,0.126,0.109,-1.26505785,1.02562688831e-15,8.3748791,-13.0099992752,1.74017238617,-16.1499996185,-4.37600708008,-49.8577613831,15.4717178345,-11.9732074738,1.71243166924,96876.8432617,5.17000007629,-161.573028564,False
3.8000000000000003,-0.184,0.126,0.109,-1.26505785,1.02562688831e-15,8.3748791,-12.529999733,1.74017238617,-16.8999996185,-4.37600708008,-49.8577613831,15.3053531647,-11.9794197083,1.89648199081,96876.4587402,5.31999969482,-149.055862427,False
3.9000000000000004,-0.239,0.161,0.084,-1.3925443,-0.28439285,7.0411747,-12.0599994659,1.74017238617,-17.6900005341,-4.37600708008,-49.8577613831,15.2417669296,-11.9774742126,2.04729914665,96881.4331055,5.48000001907,-129.2552948,False
4.0,-0.303,0.124,0.098,-1.40235095,0.08825985,6.75678185,-11.5799999237,-5.53342247009,-18.4499988556,-7.77303123474,-52.490322113,15.1026620865,-12.0159711838,2.42671895027,96883.4106445,5.67000007629,-103.097343445,False
4.1000000000000005,-0.303,0.124,0.098,-1.40235095,0.08825985,6.75678185,-11.0500001907,-5.53342247009,-19.2099990845,-7.77303123474,-52.490322113,15.0469427109,-12.0515451431,2.5885848999,96883.4106445,5.90999984741,-77.5981903076,False
4.2,-0.029,0.153,0.073,-1.4317709,-0.04903325,6.8450417,-10.3299999237,-5.53342247009,-19.7799987793,-7.77303123474,-52.490322113,14.893409729,-12.1634950638,2.97589802742,96886.9567871,6.17999982834,-73.677444458,False
4.3,-0.029,0.153,0.073,-1.4317709,-0.04903325,6.8450417,-9.60999965668,-9.70058631897,-20.2899990082,-11.385725975,-53.6786613464,14.7846736908,-12.2708187103,3.26088762283,96886.9567871,6.48000001907,-62.4084472656,False
4.4,-0.157,0.127,0.08,-1.42196425,0.22555295,6.8058151,-8.81999969482,-9.70058631897,-20.6800003052,-11.385725975,-53.6786613464,14.6747379303,-12.3843450546,3.55891108513,96894.934082,6.80999994278,-55.3798675537,False
4.5,-0.01,0.124,0.064,-1.4906108,0.1176798,7.060788,-8.06999969482,-9.70058631897,-20.9499988556,-11.385725975,-53.6786613464,14.5938167572,-12.474354744,3.82696986198,96899.9328613,7.17999982834,-50.5107879639,False
4.6000000000000005,0.064,0.14,0.032,-1.50041745,0.14709975,6.472389,-7.14999961853,-9.70058631897,-20.9300003052,-11.385725975,-53.6786613464,14.4699745178,-12.6082754135,4.1159954071,96904.3029785,7.57999992371,-62.9180908203,False
4.7,0.173,0.095,0.016,-1.4709975,0.40207265,6.8058151,-6.23000001907,-11.4044103622,-20.8699989319,-14.8772583008,-54.0808944702,14.336482048,-12.7768268585,4.46792793274,96909.6923828,8.0,-67.3477172852,False
4.800000000000001,0.083,0.069,0.01,-1.6475172,0.2745862,7.32556755,-5.31999969482,-11.4044103622,-20.5200004578,-14.8772583008,-54.0808944702,14.2217206955,-12.9179649353,4.75349092484,96914.9047852,8.47000026703,-85.7892990112,False
4.9,0.083,0.069,0.01,-1.6475172,0.2745862,7.32556755,-4.52999973297,-11.4044103622,-20.0900001526,-14.8772583008,-54.0808944702,14.1339683533,-13.0178852081,5.13988494873,96914.9047852,8.97000026703,-93.1436538696,False
5.0,0.228,0.053,0.02,-1.6082906,-0.46091255,6.32528925,-3.8599998951,-9.28423118591,-19.5399990082,-17.1954441071,-53.4328651428,14.065952301,-13.1220006943,5.49505472183,96925.2380371,9.51999950409,-104.151725769,False
5.1000000000000005,0.34,0.016,0.085,-1.65732385,-0.0980665,8.07087295,-3.11999988556,-9.28423118591,-18.9200000763,-17.1954441071,-53.4328651428,14.0132379532,-13.2566699982,5.75617456436,96927.5390625,10.1099996567,-118.728637695,False
5.2,0.34,0.016,0.085,-1.65732385,-0.0980665,8.07087295,-2.45000004768,-9.28423118591,-18.1800003052,-17.1954441071,-53.4328651428,13.9951095581,-13.3553905487,5.82213640213,96927.5390625,10.7199993134,-141.120727539,False
5.300000000000001,0.35,0.009,0.128,-1.7063571,-0.2353596,9.30651085,-1.82999992371,-9.28423118591,-17.3099994659,-17.1954441071,-53.4328651428,13.9897155762,-13.4628801346,5.87303733826,96937.3596191,11.3599996567,-171.468170166,False
5.4,0.225,-0.006,0.17,-1.69655045,0.0196133,7.56092715,-1.31999993324,-2.74824380875,-16.4400005341,-18.2937774658,-54.6357078552,13.9807415009,-13.6929607391,6.0659403801,96950.6530762,11.9799995422,-191.999053955,False
5.5,0.216,-0.029,0.161,-1.7259704,-0.0980665,9.71839015,-0.810000002384,-2.74824380875,-15.5799999237,-18.2937774658,-54.6357078552,14.0218572617,-13.957988739,5.95305871964,96950.6530762,12.6399993896,-210.571289062,False
5.6000000000000005,0.181,-0.067,0.131,-1.6671305,-0.0784532,11.6503002,-0.219999998808,-2.74824380875,-14.5599994659,-18.2937774658,-54.6357078552,14.0498514175,-14.0846004486,5.84911298752,96958.9111328,13.279999733,-252.18447876,False
5.7,0.147,-0.095,0.08,-1.7455837,0.1372931,10.9442214,0.239999994636,0.516818523407,-13.6799993515,-17.5324707031,-56.1626663208,14.0970230103,-14.2613391876,5.76083707809,96969.7875977,13.8899993896,-278.275878906,False
5.800000000000001,0.232,-0.07,0.059,-1.8240369,0.22555295,8.4141057,0.699999988079,0.516818523407,-13.0,-17.5324707031,-56.1626663208,14.0829381943,-14.3669509888,5.92202806473,96969.7875977,14.5,-282.756988525,False
5.9,0.08,-0.092,-0.019,-1.7848103,0.18632635,7.77667345,1.10000002384,0.516818523407,-12.529999733,-17.5324707031,-56.1626663208,14.0974645615,-14.491232872,6.1277012825,96979.7546387,15.1300001144,-272.14642334,False
6.0,0.079,-0.107,-0.052,-1.73577705,-0.16671305,9.52225715,1.32999992371,0.516818523407,-12.1999998093,-17.5324707031,-56.1626663208,14.1295480728,-14.5438184738,6.15292787552,96987.7563477,15.75,-270.711517334,False
6.1000000000000005,0.026,-0.096,-0.049,-1.83384355,-0.0392266,9.83606995,2.63999986649,2.09151029587,-11.9699993134,-16.3376121521,-55.1090927124,14.1904935837,-14.61951828,6.1338095665,96987.7563477,16.3799991608,-279.101928711,False
6.2,0.07,-0.13,-0.024,-1.8044236,0.22555295,10.05181625,2.77999997139,2.09151029587,-11.7399997711,-16.3376121521,-55.1090927124,14.2448987961,-14.7182340622,6.12821912766,97003.1555176,17.0100002289,-293.898590088,False
6.300000000000001,0.1,-0.13,-0.038,-1.6671305,-0.02941995,11.5326204,2.8599998951,2.77695059776,-11.5500001907,-15.1488332748,-54.0475387573,14.3278036118,-14.7793035507,6.03847742081,97010.3210449,17.6399993896,-296.33807373,False
6.4,0.142,-0.121,-0.019,-1.65732385,-0.5295591,11.7091401,2.73000001907,2.77695059776,-11.3099994659,-15.1488332748,-54.0475387573,14.4524145126,-14.8374757767,5.83832740784,97014.3554688,18.25,-309.559051514,False
6.5,0.077,-0.118,0.02,-1.65732385,-0.53936575,12.3759923,2.46000003815,2.77695059776,-11.0399999619,-15.1488332748,-54.0475387573,14.5869445801,-14.882692337,5.59268331528,97022.4609375,18.8500003815,-329.09375,False
6.6000000000000005,0.157,-0.12,0.067,-1.6867438,-0.10787315,13.0624578,6.44000005722,2.77695059776,-10.7699995041,-15.1488332748,-54.0475387573,14.6991701126,-14.9145517349,5.35329914093,97028.9978027,19.3999996185,-352.684783936,False
6.7,0.157,-0.12,0.067,-1.6867438,-0.10787315,13.0624578,6.08999967575,2.77695059776,-10.4399995804,-15.1488332748,-54.0475387573,14.8240861893,-14.9383249283,5.11670827866,97028.9978027,19.9399986267,-375.136383057,False
6.800000000000001,0.017,-0.106,0.061,-1.6867438,0.4707192,12.07198615,7.48000001907,5.25091123581,-10.2199993134,-12.5999984741,-53.3567733765,14.9883527756,-14.9392080307,4.76788139343,97038.092041,20.4300003052,-385.578552246,False
6.9,0.017,-0.106,0.061,-1.6867438,0.4707192,12.07198615,7.13999986649,5.25091123581,-10.0799999237,-12.5999984741,-53.3567733765,15.1008234024,-14.9311599731,4.5440158844,97038.092041,20.8899993896,-389.423950195,False
7.0,0.018,-0.107,0.027,-1.67693715,0.53936575,11.7091401,6.76999998093,5.25091123581,-10.0100002289,-12.5999984741,-53.3567733765,15.1641674042,-14.923995018,4.38777256012,97045.9960938,21.3299999237,-391.206176758,False
7.1000000000000005,0.006,-0.082,-0.023,-1.71616375,0.12748645,10.8265416,6.76999998093,5.57021760941,-10.0100002289,-11.0021495819,-53.1954460144,15.2173128128,-14.9088363647,4.30781650543,97048.2543945,21.75,-382.449523926,False
7.2,-0.036,-0.087,-0.059,-1.71616375,-0.10787315,11.2384209,13.0499992371,5.57021760941,-10.3800001144,-11.0021495819,-53.1954460144,15.3075580597,-14.8669528961,4.10461378098,97055.3100586,22.1399993896,-369.614990234,False
7.300000000000001,-0.004,-0.079,-0.093,-1.71616375,0.7060788,10.89518815,18.5200004578,5.57021760941,-10.6499996185,-11.0021495819,-53.1954460144,15.3894777298,-14.8172769547,3.92019128799,97063.28125,22.5299987793,-365.705871582,False
7.4,-0.026,-0.07,-0.129,-1.6867438,-0.2157463,11.60126695,18.2199993134,5.57021760941,-10.7199993134,-11.0021495819,-53.1954460144,15.4490699768,-14.7684202194,3.75163722038,97063.28125,22.8899993896,-356.149871826,False
7.5,0.027,-0.035,-0.117,-1.7063571,-0.1176798,10.4931155,20.859998703,5.09750699997,-10.3699998856,-9.88539791107,-50.5708618164,15.5185728073,-14.7031774521,3.61302947998,97070.4833984,23.2399997711,-347.093017578,False
7.6000000000000005,0.283,-0.047,-0.083,-1.63771055,0.18632635,10.09104285,20.3400001526,5.09750699997,-10.1099996567,-9.88539791107,-50.5708618164,15.5892162323,-14.6112184525,3.57991886139,97068.7805176,23.5699996948,-330.326080322,False
7.7,0.283,-0.047,-0.083,-1.63771055,0.18632635,10.09104285,19.8299999237,5.09750699997,-9.82999992371,-9.88539791107,-50.5708618164,15.7158536911,-14.4943122864,3.44094824791,97068.7805176,23.8999996185,-317.285736084,False
7.800000000000001,0.605,-0.044,-0.059,-1.569064,0.2549729,11.4737805,30.9399986267,9.09846115112,-9.46000003815,-9.69028377533,-48.2392425537,15.8736839294,-14.3444633484,3.2741253376,97075.6713867,24.2099990845,-324.300567627,False
7.9,0.444,-0.025,-0.013,-1.6475172,0.3530394,10.9638347,30.1999988556,9.09846115112,-9.11999988556,-9.69028377533,-48.2392425537,15.9932584763,-14.1838502884,3.25096225739,97077.6000977,24.5,-329.009429932,False
8.0,0.35,-0.018,-0.045,-1.8240369,0.40207265,8.3160392,41.0599975586,9.09846115112,-8.81999969482,-9.69028377533,-48.2392425537,16.0458850861,-14.0815753937,3.29199361801,97083.8439941,24.7899990082,-319.043151855,False
8.1,0.317,-0.064,-0.105,-1.765197,0.2745862,10.787315,41.0599975586,15.767821312,-8.80999946594,-9.65889453888,-46.8932533264,16.182718277,-13.9221096039,3.23079276085,97085.0891113,25.0799999237,-317.077270508,False
8.200000000000001,0.389,-0.082,-0.192,-1.71616375,0.6472389,10.7480884,44.25,15.767821312,-7.92999982834,-9.65889453888,-46.8932533264,16.5107421875,-13.5170021057,3.08336114883,97090.020752,25.3500003815,-329.901489258,False
8.3,0.585,-0.085,-0.205,-1.6671305,0.4903325,9.7281968,44.2399978638,15.767821312,-7.36999988556,-9.65889453888,-46.8932533264,16.733127594,-13.2338209152,3.06334447861,97096.5515137,25.6299991608,-333.762176514,False
8.4,0.515,-0.126,-0.267,-1.5494507,0.26477955,10.7088618,44.2399978638,25.0687408447,-6.7999997139,-9.79978370667,-42.0225524902,16.9196357727,-12.9936656952,3.05161714554,97096.6796875,25.8899993896,-323.385040283,False
8.5,0.515,-0.126,-0.267,-1.5494507,0.26477955,10.7088618,44.219997406,25.0687408447,-6.27999973297,-9.79978370667,-42.0225524902,17.2108898163,-12.6443357468,3.03238749504,97096.6796875,26.1499996185,-318.432037354,False
8.6,0.392,-0.139,-0.323,-1.50041745,0.30400615,9.50264385,44.1800003052,25.0687408447,-5.77999973297,-9.79978370667,-42.0225524902,17.5259475708,-12.2300415039,3.06697010994,97100.5187988,26.4099998474,-304.420288086,False
8.700000000000001,0.289,-0.152,-0.332,-1.569064,0.6472389,8.63965865,44.1199989319,25.0687408447,-5.40999984741,-9.79978370667,-42.0225524902,17.8362789154,-11.7590589523,3.25470042229,97101.2268066,26.6800003052,-281.253417969,False
8.8,0.289,-0.152,-0.332,-1.569064,0.6472389,8.63965865,44.0599975586,25.0687408447,-5.26999998093,-9.79978370667,-42.0225524902,18.0299015045,-11.4234724045,3.3983464241,97101.2268066,26.9599990845,-254.363250732,False
8.9,0.206,-0.192,-0.366,-1.5494507,0.53936575,9.63993695,44.0,33.9545021057,-5.13000011444,-11.2543878555,-33.1174964905,18.3798770905,-10.8470115662,3.51641726494,97106.3110352,27.2600002289,-238.696670532,False
9.0,0.283,-0.23,-0.371,-1.67693715,0.5687857,10.2185293,43.9500007629,33.9545021057,-4.92999982834,-11.2543878555,-33.1174964905,18.6606864929,-10.3002109528,3.59406423569,97116.6564941,27.5599994659,-238.366317749,False
9.1,0.268,-0.271,-0.337,-1.59848395,0.2353596,10.9049948,43.9199981689,33.9545021057,-4.75,-11.2543878555,-33.1174964905,18.9403305054,-9.70881462097,3.704662323,97116.2475586,27.8799991608,-223.809234619,False
9.200000000000001,0.276,-0.295,-0.304,-1.63771055,0.00980665,11.0815145,43.9300003052,33.9545021057,-4.5499997139,-11.2543878555,-33.1174964905,19.2193393707,-9.04696941376,3.78146314621,97122.7722168,28.1999988556,-204.343414307,False
9.3,0.294,-0.316,-0.245,-1.5102241,0.2745862,12.36618565,43.969997406,38.7365264893,-4.42999982834,-11.9052658081,-21.213514328,19.4510879517,-8.47855567932,3.81409621239,97125.5065918,28.5399990082,-186.871520996,False
9.4,0.293,-0.339,-0.238,-1.53964405,-0.196133,12.6309652,44.0599975586,38.7365264893,-4.31999969482,-11.9052658081,-21.213514328,19.7497501373,-7.6704416275,3.79021477699,97125.5065918,28.8699989319,-173.122406006,False
9.5,0.134,-0.353,-0.218,-1.57887065,0.392266,12.552512,44.1199989319,38.7365264893,-4.25,-11.9052658081,-21.213514328,19.9855365753,-6.89274215698,3.83120822906,97132.8735352,29.2199993134,-164.857666016,False
9.600000000000001,0.061,-0.331,-0.241,-1.569064,0.34323275,11.89546645,44.2000007629,38.7365264893,-4.19000005722,-11.9052658081,-21.213514328,20.1966667175,-6.0734796524,3.83065319061,97137.0849609,29.5499992371,-155.024139404,False
9.700000000000001,0.061,-0.331,-0.241,-1.569064,0.34323275,11.89546645,44.2700004578,41.7760734558,-4.07999992371,-10.136548996,-12.2511720657,20.4360923767,-4.91347408295,3.7992041111,97137.0849609,29.8899993896,-154.987915039,False
9.8,-0.045,-0.311,-0.304,-1.61809725,0.24516625,12.7094184,44.2999992371,41.7760734558,-3.75999999046,-10.136548996,-12.2511720657,20.5536880493,-4.0948472023,3.77385997772,97142.1569824,30.2299995422,-164.0546875,False
9.9,-0.045,-0.311,-0.304,-1.61809725,0.24516625,12.7094184,44.3099975586,41.7760734558,-3.4399998188,-10.136548996,-12.2511720657,20.6403369904,-3.41208410263,3.7002260685,97145.2636719,30.5699996948,-164.809799194,False
10.0,-0.014,-0.338,-0.296,-1.5102241,0.89240515,13.05265115,44.3400001526,39.7175445557,-3.03999996185,-9.27719974518,-4.58505725861,20.6728954315,-2.93612456322,3.67317414284,97149.0783691,30.8899993896,-171.438598633,False
10.100000000000001,0.076,-0.316,-0.351,-1.569064,0.83356525,11.66010685,44.3299980164,39.7175445557,-2.67999982834,-9.27719974518,-4.58505725861,20.6852073669,-2.36700463295,3.68838310242,97154.8828125,31.2099990845,-167.506027222,False
10.200000000000001,0.251,-0.348,-0.4,-1.5298374,-0.26477955,11.52281375,44.3299980164,39.7175445557,-2.22000002861,-9.27719974518,-4.58505725861,20.6550502777,-0.87199896574,3.70052027702,97154.2663574,31.5299987793,-149.031448364,False
10.3,0.531,-0.394,-0.376,-1.30428445,-0.1176798,14.19022255,44.3600006104,43.373752594,-1.57999992371,-9.22491550446,5.46763324738,20.5851554871,0.0832033157349,3.69169902802,97160.7543945,31.8499984741,-158.744812012,False
10.4,0.28,-0.415,-0.189,-1.16699135,-0.6080123,13.5135637,44.4099998474,43.373752594,-1.05999994278,-9.22491550446,5.46763324738,20.4929866791,0.86615049839,3.72881484032,97168.5241699,32.1599998474,-155.543899536,False
10.5,0.249,-0.448,-0.111,-1.0198916,0.1765197,14.0038962,44.5200004578,43.373752594,-0.519999980927,-9.22491550446,5.46763324738,20.2942409515,2.07966732979,3.74171924591,97168.5241699,32.4899978638,-152.648742676,False
10.600000000000001,0.187,-0.47,-0.097,-1.08853815,-0.0784532,14.0823494,44.6399993896,43.373752594,-0.00999999977648,-9.22491550446,5.46763324738,20.1095085144,2.9104578495,3.71035838127,97178.3813477,32.8099975586,-154.688446045,False
10.700000000000001,0.121,-0.467,-0.139,-0.85317855,1.3533177,13.8862164,44.7399978638,43.373752594,0.340000003576,-9.22491550446,5.46763324738,19.8579902649,3.88111972809,3.65899968147,97183.6303711,33.1399993896,-164.011383057,False
10.8,0.121,-0.467,-0.139,-0.85317855,1.3533177,13.8862164,44.7899971008,48.4710006714,0.709999978542,-4.32596969604,17.8699111938,19.5163841248,4.98908233643,3.6135661602,97183.6303711,33.469997406,-162.027923584,False
10.9,-0.009,-0.452,-0.274,-0.63743225,1.4121576,13.6704701,44.7999992371,48.4710006714,1.11000001431,-4.32596969604,17.8699111938,19.3916683197,5.33944225311,3.61934494972,97186.0351562,33.7900009155,-143.68019104,False
11.0,-0.28,-0.426,-0.41,-0.30400615,1.04931155,13.7096967,44.7999992371,48.4710006714,1.41999995708,-4.32596969604,17.8699111938,18.9432258606,6.58162641525,3.53841781616,97192.8405762,34.0999984741,-121.870803833,False
11.100000000000001,-0.044,-0.404,-0.469,-0.36284605,0.53936575,13.0428445,44.7799987793,45.654083252,1.70999991894,-4.0423002243,26.6367092133,18.5779743195,7.4125585556,3.50350308418,97198.7426758,34.4199981689,-118.713760376,False
11.200000000000001,0.091,-0.423,-0.467,-0.30400615,0.83356525,13.5724036,44.7599983215,45.654083252,3.25999999046,-4.0423002243,26.6367092133,18.1901702881,8.21357822418,3.45327210426,97204.4372559,34.7299995422,-104.212188721,False
11.3,0.091,-0.423,-0.467,-0.30400615,0.83356525,13.5724036,44.75,45.654083252,2.33999991417,-4.0423002243,26.6367092133,17.7130813599,9.01304721832,3.38655233383,97204.4372559,35.0299987793,-100.166511536,False
11.4,0.027,-0.473,-0.428,-0.392266,0.3726527,13.54298365,44.75,45.654083252,2.33999991417,-4.0423002243,26.6367092133,17.7130813599,9.01304721832,3.38655233383,97212.7075195,35.0299987793,-100.166511536,False
11.5,0.015,-0.509,-0.381,-0.1176798,0.6080123,15.30818065,44.7700004578,45.654083252,2.87999987602,-4.0423002243,26.6367092133,16.6131496429,10.5786876678,3.15841269493,97217.7429199,35.6300010681,-103.940391541,False
11.600000000000001,0.033,-0.524,-0.35,0.16671305,0.26477955,16.60265845,44.7999992371,44.9387130737,3.24000000954,-4.33929157257,43.0934829712,15.9511985779,11.37196064,2.97482991219,97220.0439453,35.9099998474,-99.761390686,False
11.700000000000001,0.041,-0.521,-0.304,0.2353596,0.24516625,16.0436794,44.8299980164,44.9387130737,3.65999984741,-4.33929157257,43.0934829712,15.1936435699,12.1668100357,2.73513317108,97226.348877,36.1800003052,-121.717262268,False
11.8,0.041,-0.521,-0.304,0.2353596,0.24516625,16.0436794,44.8600006104,44.9387130737,4.06999969482,-4.33929157257,43.0934829712,14.560341835,12.7640686035,2.54020571709,97226.348877,36.4199981689,-135.328674316,False
11.9,-0.089,-0.526,-0.24,0.34323275,0.61781895,16.81840475,44.8799972534,44.9387130737,4.42999982834,-4.33929157257,43.0934829712,13.553360939,13.5839662552,2.21100640297,97231.8237305,36.6399993896,-144.554901123,False
12.0,-0.089,-0.526,-0.24,0.34323275,0.61781895,16.81840475,44.8799972534,43.8733978271,4.65000009537,-0.417825996876,57.2767829895,12.6966056824,14.19617939,1.94656479359,97232.2875977,36.8400001526,-144.918243408,False
12.100000000000001,-0.024,-0.467,-0.274,0.1176798,0.8237586,14.87668805,44.8799972534,43.8733978271,4.77999973297,-0.417825996876,57.2767829895,11.8681058884,14.6767845154,1.75890004635,97235.9069824,37.0200004578,-139.77432251,False
12.200000000000001,0.006,-0.434,-0.286,0.10787315,0.77472535,14.4746154,44.8600006104,43.8733978271,4.78999996185,-0.417825996876,57.2767829895,11.0497713089,15.1094875336,1.57910645008,97239.8498535,37.1699981689,-121.992492676,False
12.3,-0.064,-0.416,-0.31,0.2549729,0.79433865,14.0823494,44.8400001526,43.8733978271,4.69999980927,-0.417825996876,57.2767829895,10.2022762299,15.4941682816,1.41981947422,97240.020752,37.3199996948,-107.926368713,False
12.4,-0.064,-0.416,-0.31,0.2549729,0.79433865,14.0823494,44.8400001526,43.7332382202,4.56999969482,2.25074839592,68.356262207,9.7269411087,15.6814613342,1.34269917011,97240.020752,37.4500007629,-84.9445343018,False
12.5,-0.028,-0.423,-0.341,0.3138128,0.9022118,13.85679645,44.8299980164,43.7332382202,4.56999969482,2.25074839592,68.356262207,8.88477325439,15.9625053406,1.21155452728,97238.7878418,37.4500007629,-84.9445343018,False
12.600000000000001,0.0,-0.385,-0.367,0.4118793,0.9022118,13.4154972,44.8099975586,43.7332382202,4.17000007629,2.25074839592,68.356262207,7.7655043602,16.2809772491,1.06897163391,97242.8039551,37.6800003052,-30.6898117065,False
12.700000000000001,0.0,-0.385,-0.367,0.4118793,0.9022118,13.4154972,44.8099975586,43.7332382202,3.9399998188,2.25074839592,68.356262207,7.27697277069,16.3946838379,1.015452981,97242.8039551,37.7700004578,-20.3653335571,False
12.8,-0.152,-0.404,-0.388,0.6080123,0.77472535,13.79795655,44.8099975586,43.7332382202,3.81999993324,2.25074839592,68.356262207,6.47254276276,16.557674408,0.936389625072,97245.9838867,37.8600006104,-5.87673187256,False
12.9,-0.03,-0.392,-0.374,0.89240515,0.4903325,14.28828905,44.8099975586,42.3617706299,3.72000002861,2.98087716103,84.6231613159,5.28609323502,16.7423400879,0.777972459793,97247.2229004,37.9500007629,8.25672149658,False
13.0,0.081,-0.408,-0.323,1.30428445,0.36284605,14.50403535,44.7999992371,42.3617706299,3.74000000954,2.98087716103,84.6231613159,4.4346575737,16.8242473602,0.633532702923,97248.5351562,38.0299987793,17.6554679871,False
13.100000000000001,0.081,-0.408,-0.323,1.30428445,0.36284605,14.50403535,44.7700004578,42.3617706299,3.67999982834,2.98087716103,84.6231613159,3.38163948059,16.9005813599,0.511103272438,97248.5351562,38.1100006104,19.5939064026,False
13.200000000000001,0.02,-0.414,-0.29,1.30428445,0.34323275,14.13138265,44.7599983215,42.3617706299,3.51999998093,2.98087716103,84.6231613159,2.87886929512,16.9006099701,0.46133556962,97257.8491211,38.1800003052,40.0033950806,False
13.3,0.137,-0.41,-0.275,1.28467115,0.83356525,14.50403535,44.7299995422,42.3617706299,3.46000003815,2.98087716103,84.6231613159,1.98914587498,16.8521900177,0.374072730541,97257.208252,38.2399978638,37.9063606262,False
13.4,0.06,-0.42,-0.284,1.6475172,0.7649187,14.7884282,44.6100006104,44.2896270752,3.61999988556,4.37986373901,95.6970672607,1.07696664333,16.8014259338,0.234260722995,97257.208252,38.2999992371,15.3586387634,False
13.5,0.06,-0.42,-0.284,1.6475172,0.7649187,14.7884282,44.5900001526,44.2896270752,3.62999987602,4.37986373901,95.6970672607,0.311678618193,16.7060108185,0.12792763114,97261.3891602,38.2999992371,15.3586387634,False
13.600000000000001,-0.05,-0.387,-0.329,1.2748645,0.95124505,14.4353888,40.6899986267,44.2896270752,3.94999980927,4.37986373901,95.6970672607,-0.957186758518,16.4862270355,-0.0497425869107,97263.1164551,38.3999977112,-14.3665313721,False
13.700000000000001,0.038,-0.399,-0.353,1.46119085,0.97085835,14.66094175,38.3699989319,44.2896270752,4.19999980927,4.37986373901,95.6970672607,-1.83900618553,16.2545490265,-0.16835179925,97263.6291504,38.4399986267,-22.6331710815,False
13.8,0.038,-0.399,-0.353,1.46119085,0.97085835,14.66094175,35.8600006104,46.4743347168,4.50999975204,5.72797441483,109.698699951,-2.81164526939,15.9647483826,-0.265146493912,97263.6291504,38.4799995422,-36.5430831909,False
13.9,-0.239,-0.347,-0.441,1.0787315,1.46119085,13.50375705,33.2299995422,46.4743347168,4.63000011444,5.72797441483,109.698699951,-3.44517707825,15.7218360901,-0.298760503531,97267.755127,38.5099983215,-37.23487854,False
14.0,-0.361,-0.342,-0.454,1.0787315,0.7649187,14.2196425,30.2799987793,46.4743347168,4.81999969482,5.72797441483,109.698699951,-4.08432435989,15.4759244919,-0.352326005697,97263.8183594,38.5400009155,-49.5321273804,False
14.100000000000001,-0.361,-0.342,-0.454,1.0787315,0.7649187,14.2196425,26.6299991608,46.4743347168,5.09999990463,5.72797441483,109.698699951,-4.7229347229,15.1660995483,-0.448506146669,97263.8183594,38.5599975586,-56.9173812866,False
14.200000000000001,-0.349,-0.372,-0.418,1.01008495,0.588399,14.6511351,22.6499996185,46.4743347168,5.42999982834,5.72797441483,109.698699951,-5.77982759476,14.6216020584,-0.639632582664,97262.8234863,38.5799980164,-81.2473297119,False
14.3,-0.353,-0.391,-0.356,0.5295591,0.46091255,14.73939495,18.3899993896,40.7298202515,5.48999977112,4.33399868011,123.157119751,-6.33577632904,14.2317686081,-0.774078309536,97257.7331543,38.5799980164,-88.5536193848,False
14.4,-0.431,-0.342,-0.308,0.57859235,0.3334261,14.2000292,13.9899997711,40.7298202515,5.42999982834,4.33399868011,123.157119751,-6.99601745605,13.7581605911,-0.94007730484,97258.4838867,38.5699996948,-96.1282730103,False
14.5,-0.491,-0.304,-0.256,0.20593965,0.57859235,13.0036179,9.43999958038,40.7298202515,5.40999984741,4.33399868011,123.157119751,-7.65637683868,13.1489591599,-1.1393443346,97258.4838867,38.5299987793,-106.188392639,False
14.600000000000001,-0.491,-0.304,-0.256,0.20593965,0.57859235,13.0036179,5.25,35.2037124634,5.15999984741,5.39279031754,130.624176025,-7.98208618164,12.7880582809,-1.21456217766,97255.670166,38.4899978638,-93.9586639404,False
14.700000000000001,-0.759,-0.226,-0.205,0.2941995,0.48052585,13.34685065,1.37999999523,35.2037124634,4.77999973297,5.39279031754,130.624176025,-8.43177890778,12.2349615097,-1.41549873352,97256.3720703,38.4199981689,-71.8215942383,False
14.8,-0.714,-0.179,-0.196,0.3530394,0.26477955,12.6113519,-2.34999990463,35.2037124634,4.44000005722,5.39279031754,130.624176025,-8.66645336151,11.9042339325,-1.58193421364,97248.3520508,38.3299980164,-69.6538925171,False
14.9,-0.714,-0.179,-0.196,0.3530394,0.26477955,12.6113519,-5.44999980927,35.2037124634,3.9399998188,5.39279031754,130.624176025,-8.869556427,11.514298439,-1.7797627449,97248.3520508,38.219997406,-50.0860214233,False
15.0,-0.663,-0.152,-0.169,-0.00980665,0.53936575,12.20927925,-8.02999973297,35.2037124634,3.33999991417,5.39279031754,130.624176025,-9.00177764893,11.1781978607,-1.9303548336,97250.4211426,38.0900001526,-15.5391693115,False
15.100000000000001,-0.604,-0.035,-0.157,0.06864655,0.3138128,9.8654899,-10.2600002289,16.1932086945,2.54999995232,7.60602331161,138.421188354,-9.03098011017,11.016169548,-1.9063615799,97247.9736328,37.9300003052,26.6935348511,False
15.200000000000001,-0.544,-0.031,-0.148,0.2941995,0.196133,10.4931155,-11.8899993896,16.1932086945,1.62000000477,7.60602331161,138.421188354,-9.03445911407,10.8477163315,-1.86856949329,97241.4245605,37.7700004578,83.3423614502,False
15.3,-0.544,-0.031,-0.148,0.2941995,0.196133,10.4931155,-13.4699993134,16.1932086945,0.769999980927,7.60602331161,138.421188354,-9.01702308655,10.7592439651,-1.81456911564,97241.4245605,37.6199989319,128.559585571,False
15.4,-0.555,0.01,-0.068,0.53936575,-0.04903325,9.5712904,-14.7299995422,16.1932086945,-0.229999989271,7.60602331161,138.421188354,-8.95865440369,10.6931238174,-1.73216450214,97236.2060547,37.469997406,169.157699585,False
15.5,-0.467,0.05,-0.017,0.99047165,-0.18632635,9.54187045,-15.9499998093,2.79343318939,-1.12999999523,6.61033248901,141.152877808,-8.90961742401,10.6704368591,-1.70762252808,97235.0280762,37.3199996948,216.382125854,False
15.600000000000001,-0.496,0.047,0.03,1.1375714,-0.30400615,9.80665,-17.1599998474,2.79343318939,-1.97999989986,6.61033248901,141.152877808,-8.86721229553,10.7209978104,-1.67801272869,97236.9445801,37.1800003052,250.112823486,False
15.700000000000001,-0.496,0.047,0.03,1.1375714,-0.30400615,9.80665,-18.109998703,2.79343318939,-2.83999991417,6.61033248901,141.152877808,-8.81258296967,10.7879476547,-1.64896893501,97236.9445801,37.0299987793,280.211639404,False
15.8,-0.44,0.064,0.095,1.04931155,0.08825985,9.5909037,-19.0299987793,2.79343318939,-3.53999996185,6.61033248901,141.152877808,-8.74921703339,10.9020061493,-1.61962461472,97232.9650879,36.8999977112,301.282684326,False
15.9,-0.424,0.093,0.112,1.22583125,-0.18632635,7.4922806,-19.8500003815,-6.16570091248,-4.21999979019,5.08102369308,140.334564209,-8.62482643127,11.141503334,-1.47182929516,97238.5620117,36.7599983215,321.436798096,False
16.0,-0.417,0.105,0.13,1.01008495,0.32361945,7.30595425,-20.5799999237,-6.16570091248,-5.13000011444,5.08102369308,140.334564209,-8.55571556091,11.3239107132,-1.22625303268,97235.0585938,36.6399993896,362.204162598,False
16.1,-0.294,0.092,0.123,1.44157755,-0.06864655,8.2571993,-21.1599998474,-6.16570091248,-5.82999992371,5.08102369308,140.334564209,-8.44717979431,11.6157217026,-1.00060939789,97235.0585938,36.5499992371,382.923614502,False
16.2,-0.294,0.092,0.123,1.44157755,-0.06864655,8.2571993,-21.8500003815,-15.1358852386,-6.08999967575,1.89615654945,137.69619751,-8.40668678284,11.7257738113,-0.922850131989,97237.713623,36.4799995422,387.574279785,False
16.3,-0.295,0.079,0.133,1.4513842,0.02941995,8.36507245,-22.1299991608,-15.1358852386,-6.32999992371,1.89615654945,137.69619751,-8.28844070435,12.0506401062,-0.680514991283,97238.4765625,36.4300003052,386.876403809,False
16.400000000000002,-0.101,0.067,0.143,1.63771055,-0.12748645,7.7864801,-22.7299995422,-15.1358852386,-6.3799996376,1.89615654945,137.69619751,-8.18405723572,12.4073095322,-0.350519150496,97230.7250977,36.4099998474,391.685852051,False
16.5,0.032,0.061,0.147,1.81423025,0.04903325,7.0215614,-23.2399997711,-15.1358852386,-6.19000005722,1.89615654945,137.69619751,-8.08009052277,12.7069540024,-0.0558586642146,97233.3740234,36.4199981689,387.825500488,False
16.6,0.11,0.055,0.144,1.67693715,0.5099458,6.6881353,-23.5,-18.0344562531,-5.08999967575,-0.896992862225,135.242477417,-8.00896644592,12.970705986,0.243804648519,97234.9914551,36.4500007629,381.573394775,False
16.7,0.045,0.039,0.085,1.40235095,0.69627215,7.60015375,-23.8799991608,-18.0344562531,-5.38000011444,-0.896992862225,135.242477417,-7.91577529907,13.3094167709,0.548482298851,97243.3776855,36.5200004578,372.471801758,False
16.8,0.045,0.039,0.085,1.40235095,0.69627215,7.60015375,-19.3099994659,-18.0344562531,-5.10999965668,-0.896992862225,135.242477417,-7.81192970276,13.7124471664,0.69610118866,97243.3776855,36.6199989319,362.92276001,False
16.900000000000002,-0.102,-0.042,0.064,1.4513842,0.5295591,10.62060195,-20.859998703,-18.0344562531,-4.46000003815,-0.896992862225,135.242477417,-7.66806936264,14.2062606812,0.741435885429,97242.2302246,36.7299995422,323.039825439,False
17.0,-0.218,-0.034,0.067,1.75539035,-0.12748645,9.63993695,-21.3699989319,-18.0344562531,-3.42999982834,-0.896992862225,135.242477417,-7.54036998749,14.6074485779,0.83329731226,97232.9528809,36.8499984741,288.871856689,False
17.1,-0.1,-0.037,0.089,1.38273765,1.15893436442e-15,9.46341725,-23.3699989319,-19.4297904968,-2.71000003815,-2.1510913372,133.055389404,-7.43320274353,14.9944858551,0.880265712738,97239.2272949,36.9799995422,260.236541748,False
17.2,-0.011,-0.174,0.157,1.4317709,-0.3334261,10.8657682,-23.5699996948,-19.4297904968,-2.00999999046,-2.1510913372,133.055389404,-7.28716802597,15.3861732483,0.939711928368,97239.9841309,37.0999984741,235.480880737,False
17.3,-0.011,-0.174,0.157,1.4317709,-0.3334261,10.8657682,-19.6800003052,-19.4297904968,-1.88999998569,-2.1510913372,133.055389404,-7.18070173264,15.6158657074,0.929135918617,97239.9841309,37.2299995422,217.02355957,False
17.400000000000002,0.063,-0.166,0.177,1.372931,-0.10787315,11.2384209,-19.0299987793,-19.4297904968,-0.579999983311,-2.1510913372,133.055389404,-6.89488554001,16.1723861694,0.891279757023,97241.8701172,37.3600006104,199.857330322,False
17.5,0.07,-0.176,0.172,1.01008495,-0.1569064,12.38579895,-18.3699989319,-20.02161026,0.00999999977648,-1.19740688801,128.265487671,-6.64646291733,16.5602073669,0.774846315384,97241.8701172,37.469997406,183.297058105,False
17.6,0.07,-0.176,0.172,1.01008495,-0.1569064,12.38579895,-15.9299993515,-20.02161026,0.389999985695,-1.19740688801,128.265487671,-6.48110151291,16.785074234,0.673299312592,97244.0917969,37.5699996948,162.661560059,False
17.7,0.085,-0.178,0.196,0.81395195,0.0588399,11.79739995,-14.7100000381,-20.02161026,0.479999989271,-1.19740688801,128.265487671,-6.1246547699,17.1758270264,0.495229065418,97236.0656738,37.6499977112,153.264038086,False
17.8,0.123,-0.187,0.195,1.0395049,-0.3530394,12.2190859,-5.75,-19.0702362061,0.789999961853,-0.0358562506735,124.741371155,-5.8355345726,17.4888305664,0.294248312712,97236.0656738,37.7099990845,145.37411499,False
17.900000000000002,0.494,-0.184,0.2,0.8629852,-0.20593965,12.62115855,-3.73000001907,-19.0702362061,0.8599999547,-0.0358562506735,124.741371155,-5.38160800934,17.8519287109,-0.0547886677086,97238.7268066,37.75,126.274581909,False
18.0,0.494,-0.184,0.2,0.8629852,-0.20593965,12.62115855,2.42999982834,-19.0702362061,0.949999988079,-0.0358562506735,124.741371155,-5.27683401108,17.9305362701,-0.180214196444,97238.7268066,37.75,113.810440063,False
18.1,0.698,-0.204,0.164,0.8041453,-0.02941995,13.73911665,4.58999967575,-19.0702362061,0.8599999547,-0.0358562506735,124.741371155,-4.87652826309,18.1492385864,-0.700662434101,97247.0397949,37.719997406,99.1596221924,False
18.2,0.58,-0.103,0.118,0.59820565,0.40207265,11.85623985,6.13999986649,-7.27931261063,0.639999985695,2.69070100784,118.684371948,-4.73850059509,18.208694458,-0.873002827168,97241.7480469,37.6499977112,111.194137573,False
18.3,0.448,-0.089,0.063,0.59820565,0.20593965,11.40513395,15.7899999619,-7.27931261063,0.310000002384,2.69070100784,118.684371948,-4.59492063522,18.238073349,-1.07993364334,97241.1376953,37.5599975586,132.144927979,False
18.400000000000002,0.477,-0.037,0.04,0.61781895,0.12748645,9.87529655,17.0699996948,-7.27931261063,-0.159999996424,2.69070100784,118.684371948,-4.51489830017,18.2210884094,-1.15797972679,97239.9658203,37.4300003052,148.14453125,False
18.5,0.458,-0.015,-0.009,0.73549875,0.44129925,9.6693569,21.7700004578,-7.27931261063,-0.149999991059,2.69070100784,118.684371948,-4.45260047913,18.1857528687,-1.14844810963,97239.5263672,37.3099975586,175.970748901,False
18.6,0.509,-0.006,-0.101,0.3726527,0.4118793,9.58109705,22.7099990845,3.39914751053,-1.38999998569,3.57908606529,117.212913513,-4.44389486313,18.1231422424,-1.14055812359,97239.5263672,37.1699981689,187.418075562,False
18.7,0.451,-0.003,-0.142,0.7060788,0.0980665,9.77723005,23.3799991608,3.39914751053,-1.99000000954,3.57908606529,117.212913513,-4.49007606506,18.0310821533,-1.13702440262,97231.9091797,37.0499992371,197.26210022,False
18.8,0.451,-0.003,-0.142,0.7060788,0.0980665,9.77723005,28.7799987793,3.39914751053,-3.00999999046,3.57908606529,117.212913513,-4.57741260529,17.9395694733,-1.12215149403,97231.9091797,36.9199981689,206.005950928,False
18.900000000000002,0.57,0.033,-0.139,0.87279185,-0.0784532,8.87501825,29.0399990082,3.39914751053,-2.63999986649,3.57908606529,117.212913513,-4.78291320801,17.8170928955,-1.00635969639,97231.842041,36.8099975586,205.313018799,False
19.0,0.544,0.051,-0.103,0.6864655,0.32361945,7.79628675,34.4899978638,15.2400541306,-2.78999996185,2.5136384964,119.6042099,-5.0037689209,17.6855278015,-0.867958009243,97227.520752,36.7000007629,221.363449097,False
19.1,0.646,0.012,-0.137,0.73549875,0.0196133,8.9632781,34.5999984741,15.2400541306,-3.12999987602,2.5136384964,119.6042099,-5.25640583038,17.5705070496,-0.629853785038,97227.520752,36.6100006104,249.728302002,False
19.200000000000003,0.646,0.012,-0.137,0.73549875,0.0196133,8.9632781,35.6399993896,15.2400541306,-3.25,2.5136384964,119.6042099,-5.46078920364,17.465631485,-0.563522160053,97230.1147461,36.5400009155,244.070724487,False
19.3,0.496,-1.5063155629500002e-17,-0.123,0.8237586,0.3726527,8.825985,35.2799987793,25.0498027802,-3.49000000954,1.20829105377,121.181121826,-5.94234037399,17.2341022491,-0.352411329746,97230.1147461,36.4899978638,251.980010986,False
19.400000000000002,0.269,-0.028,-0.133,1.24544455,0.50013915,9.218251,34.8699989319,25.0498027802,-3.5,1.20829105377,121.181121826,-6.32112169266,17.0761489868,-0.180024877191,97235.7971191,36.469997406,253.812988281,False
19.5,0.269,-0.028,-0.133,1.24544455,0.50013915,9.218251,39.1599998474,25.0498027802,-3.28999996185,1.20829105377,121.181121826,-6.57838010788,16.9728374481,-0.142427071929,97235.7971191,36.4599990845,248.157409668,False
19.6,0.249,-0.047,-0.197,1.2356379,0.67665885,9.218251,38.6899986267,25.0498027802,-3.08999991417,1.20829105377,121.181121826,-7.31452894211,16.6848144531,0.0501496456563,97232.3730469,36.469997406,231.560043335,False
19.700000000000003,0.249,-0.047,-0.197,1.2356379,0.67665885,9.218251,40.3899993896,30.7231292725,-2.83999991417,0.183513626456,124.194831848,-7.57838344574,16.5837478638,0.149899810553,97225.9887695,36.4899978638,215.575317383,False
19.8,0.233,-0.095,-0.266,1.30428445,0.1765197,8.54159215,40.0799980164,30.7231292725,-2.27999997139,0.183513626456,124.194831848,-8.09383487701,16.3620014191,0.406355172396,97225.9887695,36.5299987793,208.418563843,False
19.900000000000002,0.233,-0.095,-0.266,1.30428445,0.1765197,8.54159215,40.0799980164,30.7231292725,-2.27999997139,0.183513626456,124.194831848,-8.09383487701,16.3620014191,0.406355172396,97232.1533203,36.5299987793,208.418563843,False
20.0,-0.021,-0.197,-0.239,1.52003075,0.3530394,11.4737805,42.1800003052,34.819694519,-1.54999995232,-0.948054611683,128.86138916,-9.15866470337,15.8573169708,0.672114491463,97237.5305176,36.6800003052,188.541320801,False
20.1,-0.021,-0.197,-0.239,1.52003075,0.3530394,11.4737805,41.5200004578,34.819694519,-0.8599999547,-0.948054611683,128.86138916,-9.60662174225,15.6119747162,0.682555019855,97237.5305176,36.7700004578,169.28729248,False
20.200000000000003,0.131,-0.214,-0.249,1.12776475,0.51975245,11.22861425,43.5799980164,34.819694519,-0.209999993443,-0.948054611683,128.86138916,-10.3076038361,15.2191944122,0.753129303455,97242.7246094,36.8699989319,138.688659668,False
20.3,0.095,-0.186,-0.257,1.20621795,0.51975245,8.48275225,42.9799995422,34.819694519,0.159999996424,-0.948054611683,128.86138916,-10.7559146881,14.9346208572,0.947691082954,97230.090332,36.9799995422,108.469863892,False
20.400000000000002,0.008,-0.285,-0.259,1.20621795,0.57859235,13.2193642,42.5599975586,36.4129981995,0.799999952316,-0.912404835224,135.381896973,-11.3128986359,14.5259542465,0.92654633522,97238.1591797,37.0900001526,109.52091217,False
20.5,0.084,-0.267,-0.268,1.04931155,0.980665,12.9643913,44.0200004578,36.4129981995,2.15999984741,-0.912404835224,135.381896973,-11.9128541946,14.0286598206,0.793032705784,97238.1591797,37.2099990845,67.7302398682,False
20.6,0.084,-0.267,-0.268,1.04931155,0.980665,12.9643913,43.0599975586,36.4129981995,2.0,-0.912404835224,135.381896973,-12.2456846237,13.728099823,0.73601937294,97241.7236328,37.3199996948,36.5929603577,False
20.700000000000003,0.131,-0.288,-0.298,0.87279185,0.6864655,11.54242705,43.5400009155,36.4129981995,1.66999995708,-0.912404835224,135.381896973,-12.9248332977,13.0121603012,0.818798840046,97245.3979492,37.4199981689,30.9468269348,False
20.8,0.14,-0.309,-0.318,1.01008495,0.08825985,12.11121275,42.5099983215,38.4993362427,2.89999985695,0.0288850832731,143.891403198,-13.2490968704,12.6156988144,0.783677756786,97238.4521484,37.5200004578,22.3331451416,False
20.900000000000002,0.164,-0.322,-0.275,0.9022118,0.3334261,13.46453045,40.9799995422,38.4993362427,3.40999984741,0.0288850832731,143.891403198,-14.0138988495,11.4959115982,0.695694863796,97236.8041992,37.6199989319,-15.181350708,False
21.0,0.165,-0.316,-0.214,0.7256921,0.95124505,12.48386545,41.2299995422,38.4993362427,3.75,0.0288850832731,143.891403198,-14.1412353516,11.2668008804,0.684802234173,97231.3781738,37.7000007629,-34.1276168823,False
21.1,-0.041,-0.283,-0.32,0.4511059,1.01008495,12.44463885,39.9799995422,41.0770988464,4.19999980927,1.27450203896,151.581573486,-14.7087812424,10.1796283722,0.705230295658,97231.3781738,37.7799987793,-55.0233840942,False
21.200000000000003,-0.041,-0.283,-0.32,0.4511059,1.01008495,12.44463885,39.9799995422,41.0770988464,4.19999980927,1.27450203896,151.581573486,-14.7087812424,10.1796283722,0.705230295658,97240.7775879,37.7799987793,-55.0233840942,False
21.3,-0.053,-0.344,-0.382,0.30400615,0.51975245,13.89602305,38.0699996948,41.0770988464,4.94999980927,1.27450203896,151.581573486,-15.2361888885,8.85650920868,0.692132711411,97240.6005859,37.9199981689,-110.133934021,False
21.400000000000002,-0.015,-0.345,-0.343,0.42168595,0.4118793,14.60210185,36.0400009155,41.0770988464,5.56999969482,1.27450203896,151.581573486,-15.5799398422,7.78877544403,0.480032444,97239.8864746,37.9899978638,-140.418426514,False
21.5,-0.015,-0.345,-0.343,0.42168595,0.4118793,14.60210185,33.8099975586,41.0770988464,6.82999992371,1.27450203896,151.581573486,-15.7143964767,7.28410291672,0.437226474285,97239.8864746,38.0400009155,-184.063903809,False
21.6,-0.225,-0.34,-0.313,0.1372931,0.89240515,12.95458465,31.5599994659,40.4034690857,6.42999982834,1.45543527603,162.870407104,-15.9400482178,6.15101671219,0.277900397778,97242.0654297,38.0799980164,-192.814926147,False
21.700000000000003,-0.217,-0.377,-0.304,0.28439285,0.2745862,15.17088755,29.0599994659,40.4034690857,6.1299996376,1.45543527603,162.870407104,-16.0082206726,5.76054763794,0.169992610812,97236.3586426,38.1100006104,-213.894180298,False
21.8,-0.031,-0.34,-0.285,-0.06864655,0.32361945,15.50431365,25.6399993896,40.4034690857,7.1299996376,1.45543527603,162.870407104,-16.161775589,4.39018297195,-0.288115411997,97237.6831055,38.0999984741,-247.261428833,False
21.900000000000002,-0.031,-0.34,-0.285,-0.06864655,0.32361945,15.50431365,22.109998703,38.2238311768,7.46000003815,3.07727122307,172.237503052,-16.1902084351,3.44685792923,-0.523691236973,97237.6831055,38.0599975586,-276.090423584,False
22.0,-0.193,-0.356,-0.165,-0.2745862,0.53936575,15.17088755,18.1499996185,38.2238311768,7.48999977112,3.07727122307,172.237503052,-16.1634235382,2.53949022293,-0.775264263153,97235.3088379,37.9799995422,-283.678833008,False
22.1,-0.496,-0.302,-0.126,-0.3334261,0.97085835,14.03331615,14.3999996185,38.2238311768,7.34999990463,3.07727122307,172.237503052,-16.0803794861,1.73160839081,-1.02487659454,97231.8481445,37.8799972534,-272.183044434,False
22.200000000000003,-0.523,-0.25,-0.193,-0.48052585,0.69627215,13.7096967,11.0,38.2238311768,7.00999975204,3.07727122307,172.237503052,-15.954703331,1.03367245197,-1.23618340492,97224.0966797,37.7399978638,-263.194274902,False
22.3,-0.458,-0.176,-0.22,-0.42168595,0.75511205,12.40541225,7.83999967575,30.5203380585,6.56999969482,6.38650989532,179.368530273,-15.7478294373,0.335273981094,-1.48667860031,97224.0966797,37.5799980164,-242.591674805,False
22.400000000000002,-0.458,-0.176,-0.22,-0.42168595,0.75511205,12.40541225,5.19000005722,30.5203380585,5.94000005722,6.38650989532,179.368530273,-15.6794643402,0.13893738389,-1.55514538288,97224.621582,37.3800010681,-226.160049438,False
22.5,-0.317,-0.146,-0.29,-0.51975245,0.83356525,11.6699135,2.8599998951,30.5203380585,5.27999973297,6.38650989532,179.368530273,-15.3589468002,-0.54071867466,-1.78473496437,97214.5263672,37.1699981689,-200.986099243,False
22.6,-0.81,-0.119,-0.254,-0.40207265,0.1765197,12.54270535,0.819999992847,30.5203380585,4.53999996185,6.38650989532,179.368530273,-15.186753273,-0.871676802635,-1.98599541187,97210.5224609,36.9199981689,-155.150604248,False
22.700000000000003,-0.81,-0.119,-0.254,-0.40207265,0.1765197,12.54270535,-1.24000000954,30.5203380585,3.69999980927,6.38650989532,179.368530273,-14.9405145645,-1.252374053,-2.2805325985,97210.5224609,36.6599998474,-115.578842163,False
22.8,-0.453,-0.068,-0.193,-0.26477955,0.14709975,12.160246,-2.83999991417,16.3292598724,2.70000004768,6.6494011879,-173.034591675,-14.786687851,-1.45170724392,-2.45177054405,97203.6010742,36.3499984741,-78.8917541504,False
22.900000000000002,-0.342,-0.026,-0.068,-0.2941995,-0.0980665,9.79684335,-4.17000007629,16.3292598724,1.5,6.6494011879,-173.034591675,-14.5699920654,-1.65454208851,-2.58170962334,97201.2817383,36.0400009155,-20.6951141357,False
23.0,-0.342,-0.026,-0.068,-0.2941995,-0.0980665,9.79684335,-5.06999969482,16.3292598724,0.0799999982119,6.6494011879,-173.034591675,-14.5086736679,-1.69790148735,-2.58071994781,97201.2817383,35.6899986267,41.6401863098,False
23.1,-0.332,0.061,-0.008,-0.1569064,9.84793967694e-16,8.041453,-5.65999984741,16.3292598724,-1.61000001431,6.6494011879,-173.034591675,-14.3924055099,-1.76279222965,-2.48651456833,97197.3632812,35.3499984741,109.774398804,False
23.200000000000003,-0.282,0.089,0.001,-0.0784532,-0.06864655,7.63938035,-5.96000003815,7.74755954742,-3.29999995232,6.0886425972,-171.462112427,-14.1931114197,-1.83423733711,-2.26829862595,97197.3632812,35.0200004578,174.060348511,False
23.3,-0.227,0.083,0.021,-0.0196133,0.14709975,8.42391235,-6.32999992371,7.74755954742,-4.85999965668,6.0886425972,-171.462112427,-14.1077518463,-1.84877383709,-2.2002196312,97191.2780762,34.719997406,207.566833496,False
23.400000000000002,-0.304,0.146,0.086,0.588399,0.0784532,8.89463155,-6.53999996185,7.74755954742,-6.2999997139,6.0886425972,-171.462112427,-14.0515861511,-1.83625459671,-2.16862273216,97189.1296387,34.4300003052,235.816482544,False
23.5,-0.261,0.203,0.1,0.8041453,-0.02941995,7.6099604,-6.59999990463,1.24063146114,-7.46999979019,4.07712888718,-172.732894897,-14.0149421692,-1.77979445457,-2.0765235424,97189.9536133,34.1499977112,260.092834473,False
23.6,-0.235,0.257,0.105,0.8041453,0.4511059,5.38385085,-6.46000003815,1.24063146114,-8.67000007629,4.07712888718,-172.732894897,-14.0490760803,-1.67253959179,-1.65817439556,97189.9536133,33.8800010681,283.166320801,False
23.700000000000003,-0.392,0.278,0.034,0.65704555,1.08853815,5.3152043,-5.98000001907,1.24063146114,-9.65999984741,4.07712888718,-172.732894897,-14.0876674652,-1.54186344147,-1.34161674976,97189.9658203,33.6399993896,326.226043701,False
23.8,-0.392,0.278,0.034,0.65704555,1.08853815,5.3152043,-5.17999982834,1.24063146114,-10.5900001526,4.07712888718,-172.732894897,-14.1493597031,-1.44343066216,-1.09194886684,97189.9658203,33.4500007629,366.725524902,False
23.900000000000002,-0.208,0.309,-0.085,0.77472535,0.9022118,5.85457005,-4.40000009537,1.24063146114,-11.3099994659,4.07712888718,-172.732894897,-14.2746562958,-1.24087250233,-0.535954713821,97187.512207,33.3199996948,381.651306152,False
24.0,-0.088,0.264,-0.156,1.06892485,-0.4707192,3.6873004,-3.77999997139,-5.92879390717,-11.8199996948,-2.86534333229,-172.551391602,-14.3688287735,-1.14735543728,0.0150188608095,97179.510498,33.2399978638,395.144927979,False
24.1,-0.022,0.152,-0.062,0.81395195,-0.44129925,4.4522191,-3.63999986649,-5.92879390717,-12.0199995041,-2.86534333229,-172.551391602,-14.500834465,-1.11284077168,0.721998631954,97179.510498,33.219997406,428.212921143,False
24.200000000000003,0.158,0.17,0.008,1.1571847,-1.01008495,3.7069137,-3.42999982834,-5.92879390717,-12.6099996567,-2.86534333229,-172.551391602,-14.600610733,-1.11648213863,1.22413218021,97181.842041,33.2700004578,471.761322021,False
24.3,0.158,0.17,0.008,1.1571847,-1.01008495,3.7069137,-3.41999983788,-5.92879390717,-12.6199998856,-2.86534333229,-172.551391602,-14.6249570847,-1.13221514225,1.32220315933,97181.842041,33.2700004578,471.761322021,False
24.400000000000002,0.183,0.076,0.2,1.14737805,-0.5099458,7.6688003,-3.59999990463,-5.4105091095,-12.4499998093,-7.3193116188,-171.234649658,-14.9207286835,-1.11370122433,1.99891245365,97183.8745117,33.5400009155,450.186737061,False
24.5,0.183,0.076,0.2,1.14737805,-0.5099458,7.6688003,-3.61999988556,-5.4105091095,-11.3699998856,-7.3193116188,-171.234649658,-15.0863199234,-1.1095250845,2.21158075333,97183.8745117,33.7299995422,387.97644043,False
24.6,0.147,0.067,0.245,1.4709975,-0.2941995,7.5315072,-3.39999985695,-5.4105091095,-9.76999950409,-7.3193116188,-171.234649658,-15.3596458435,-1.03528356552,2.50512003899,97185.3881836,33.9500007629,351.307189941,False
24.700000000000003,0.019,0.025,0.224,1.10815145,0.3138128,7.4922806,-3.25,-2.61350846291,-8.43999958038,-9.03129291534,-175.02432251,-15.4988880157,-1.00574946404,2.62544512749,97198.034668,34.2000007629,317.237670898,False
24.8,-0.063,-0.033,0.177,1.16699135,0.3530394,9.28689755,-2.78999996185,-2.61350846291,-7.00999975204,-9.03129291534,-175.02432251,-15.6620492935,-0.947152078152,2.72266316414,97207.7697754,34.4599990845,269.654846191,False
24.900000000000002,-0.027,-0.037,0.108,1.06892485,0.4707192,10.2185293,-2.08999991417,-2.61350846291,-5.34999990463,-9.03129291534,-175.02432251,-15.9914073944,-0.748838305473,2.7484691143,97205.9509277,34.7299995422,205.867004395,False
25.0,-0.061,-0.095,0.009,0.83356525,0.392266,11.67972015,-1.19999992847,-3.11718297005,-3.70999979973,-8.86935043335,-177.663635254,-16.2855033875,-0.556390464306,2.60315799713,97205.9509277,35.0,135.931015015,False
25.1,0.051,-0.116,-0.032,0.5687857,0.55897905,11.16977435,-0.409999996424,-3.11718297005,-2.24000000954,-8.86935043335,-177.663635254,-16.451259613,-0.429811626673,2.49070739746,97214.8803711,35.25,76.9336700439,False
25.200000000000003,-0.015,-0.144,-0.078,0.14709975,0.69627215,11.64049355,0.579999983311,-3.11718297005,-1.20999991894,-8.86935043335,-177.663635254,-16.6718845367,-0.232070922852,2.26362490654,97211.4196777,35.4799995422,38.9114379883,False
25.3,-0.006,-0.174,-0.088,0.06864655,-0.00980665,11.91507975,1.17999994755,-3.11718297005,-0.149999991059,-8.86935043335,-177.663635254,-16.7873783112,-0.155445039272,2.0674200058,97212.5183105,35.7000007629,13.5144233704,False
25.400000000000002,0.416,-0.192,0.046,-0.3334261,0.0588399,14.2196425,1.75999999046,-1.31329023838,0.659999966621,-5.51150655746,-176.772781372,-16.9879016876,-0.060646161437,1.4187707901,97218.4997559,35.8699989319,-26.9342422485,False
25.5,0.416,-0.192,0.046,-0.3334261,0.0588399,14.2196425,2.09999990463,-1.31329023838,1.25,-5.51150655746,-176.772781372,-17.0286521912,-0.0328877195716,1.09796202183,97218.4997559,36.0,-64.7369384766,False
25.6,0.211,-0.235,0.091,-0.392266,-0.2941995,14.19022255,2.22000002861,-1.31329023838,1.7199999094,-5.51150655746,-176.772781372,-17.1069717407,-0.0726298168302,0.375671207905,97216.2231445,36.0599975586,-94.4477081299,False
25.700000000000003,0.048,-0.201,0.137,-0.5099458,-0.12748645,13.09187775,2.13999986649,-1.31329023838,1.88999998569,-5.51150655746,-176.772781372,-17.0740089417,-0.113525375724,0.102021440864,97215.7714844,36.0699996948,-111.371803284,False
25.8,0.048,-0.201,0.137,-0.5099458,-0.12748645,13.09187775,2.07999992371,3.45135641098,1.92999994755,-0.924388170242,-178.951324463,-17.0250320435,-0.108493514359,-0.32169008255,97215.7714844,36.0299987793,-124.338150024,False
25.900000000000002,-0.343,-0.113,0.042,-0.9414384,0.40207265,12.4544455,2.30999994278,3.45135641098,1.92999994755,-0.924388170242,-178.951324463,-16.9400901794,-0.0593861043453,-0.643146038055,97214.2456055,35.9599990845,-135.626403809,False
26.0,-0.241,-0.139,-0.005,-0.9218251,0.3138128,12.67999845,2.66999983788,3.45135641098,1.76999998093,-0.924388170242,-178.951324463,-16.8198757172,0.0256967041641,-1.03907680511,97210.8276367,35.8400001526,-132.110778809,False
26.1,-0.241,-0.139,-0.005,-0.9218251,0.3138128,12.67999845,3.16999983788,3.45135641098,1.56999993324,-0.924388170242,-178.951324463,-16.7509212494,0.0581425614655,-1.22875392437,97210.8276367,35.7000007629,-130.416107178,False
26.200000000000003,0.08,-0.106,-0.013,-0.73549875,0.2941995,12.75845165,3.65999984741,-0.932095229626,1.25999999046,1.34481441975,-179.812454224,-16.614276886,0.150061309338,-1.57733356953,97212.1459961,35.5200004578,-124.638366699,False
26.3,0.046,-0.067,-0.021,-1.0198916,-0.0196133,10.28717585,4.11999988556,-0.932095229626,0.639999985695,1.34481441975,-179.812454224,-16.4312915802,0.213460758328,-1.69078123569,97208.5083008,35.3199996948,-104.570770264,False
26.400000000000002,0.026,-0.051,-0.015,-0.87279185,0.0196133,10.32640245,4.53999996185,-0.932095229626,-0.00999999977648,1.34481441975,-179.812454224,-16.3167686462,0.250000447035,-1.73106193542,97206.2927246,35.0999984741,-73.991394043,False
26.5,0.16,-0.028,-0.017,-1.0002783,-0.0588399,9.97336305,4.78999996185,-0.932095229626,-0.699999988079,1.34481441975,-179.812454224,-16.1463317871,0.279127776623,-1.76717460155,97200.2258301,34.8899993896,-51.0934829712,False
26.6,0.158,-0.024,0.006,-0.79433865,-0.12748645,10.1204628,5.02999973297,0.889972627163,-1.40999996662,2.60662484169,-179.700958252,-15.9173870087,0.303711682558,-1.82375264168,97198.4130859,34.6699981689,-29.4414520264,False
26.700000000000003,0.158,-0.024,0.006,-0.79433865,-0.12748645,10.1204628,5.15000009537,0.889972627163,-2.19000005722,2.60662484169,-179.700958252,-15.8224630356,0.30494260788,-1.83835589886,97198.4130859,34.4599990845,-7.67402648926,False
26.8,0.04,0.02,0.023,-0.7256921,-0.0588399,10.38524235,5.26999998093,0.889972627163,-2.98000001907,2.60662484169,-179.700958252,-15.6678571701,0.302740097046,-1.92756676674,97191.9494629,34.25,11.0857963562,False
26.900000000000002,0.074,0.054,0.018,-0.7453054,0.4511059,8.93385815,5.40000009537,2.36314344406,-3.6899998188,2.44432139397,179.642456055,-15.4771490097,0.320827096701,-1.93339371681,97190.7348633,34.0299987793,23.8207817078,False
27.0,0.074,0.054,0.018,-0.7453054,0.4511059,8.93385815,5.61999988556,2.36314344406,-4.42000007629,2.44432139397,179.642456055,-15.3953733444,0.340061634779,-1.8940538168,97190.7348633,33.7999992371,52.6473999023,False
27.1,0.066,0.089,-0.06,-0.4314926,0.28439285,7.9826131,5.7999997139,2.36314344406,-5.19000005722,2.44432139397,179.642456055,-15.2554941177,0.345062613487,-1.79676473141,97184.967041,33.5900001526,82.6432189941,False
27.200000000000003,0.044,0.079,-0.072,-0.4707192,0.392266,8.3944924,5.92999982834,3.12397646904,-6.05999994278,1.13295662403,179.979385376,-15.1644153595,0.359970957041,-1.61943840981,97182.2814941,33.3899993896,120.17640686,False
27.3,0.044,0.079,-0.072,-0.4707192,0.392266,8.3944924,6.05999994278,3.12397646904,-6.94000005722,1.13295662403,179.979385376,-15.12870121,0.353868126869,-1.51632976532,97182.2814941,33.2000007629,153.231903076,False
27.400000000000002,0.063,0.137,-0.103,-0.44129925,0.1372931,6.7273619,6.07999992371,3.12397646904,-7.76999998093,1.13295662403,179.979385376,-15.0466680527,0.336610525846,-1.16203248501,97179.9804688,33.0299987793,185.308929443,False
27.5,0.063,0.137,-0.103,-0.44129925,0.1372931,6.7273619,6.00999975204,3.12397646904,-8.6799993515,1.13295662403,179.979385376,-15.0196552277,0.299290210009,-0.971408307552,97179.9804688,32.8999977112,216.06741333,False
27.6,0.095,0.131,-0.06,0.0784532,-0.16671305,7.1784678,5.94000005722,4.49882125854,-9.31999969482,-1.88638317585,-178.454498291,-14.9990158081,0.255844920874,-0.645719766617,97176.5136719,32.7999992371,230.103012085,False
27.700000000000003,0.074,0.11,-0.031,0.08825985,-0.20593965,7.3746008,5.71000003815,4.49882125854,-9.8499994278,-1.88638317585,-178.454498291,-15.0026597977,0.1970885396,-0.363560140133,97176.7456055,32.719997406,245.536804199,False
27.8,0.085,0.108,-1.3226185430800001e-17,0.2745862,-0.12748645,7.5118939,5.40000009537,4.49882125854,-10.3099994659,-1.88638317585,-178.454498291,-15.025229454,0.121313624084,-0.0989427641034,97176.8188477,32.6800003052,267.958557129,False
27.900000000000002,0.061,0.129,-1.5797943709e-17,-0.28439285,0.1372931,7.42363405,5.02999973297,4.49882125854,-10.6899995804,-1.88638317585,-178.454498291,-15.0549116135,0.0723963454366,0.089941509068,97180.0842285,32.6599998474,282.46661377,False
28.0,0.061,0.129,-1.5797943709e-17,-0.28439285,0.1372931,7.42363405,4.73999977112,4.49882125854,-10.9799995422,-1.88638317585,-178.454498291,-15.0813560486,0.0226414036006,0.225139826536,97180.0842285,32.6699981689,276.510528564,False
28.1,-0.099,0.106,0.083,-0.0980665,0.1765197,7.58054045,4.09999990463,5.96801137924,-10.9099998474,-5.42095470428,-178.679916382,-15.1906824112,-0.148587301373,0.485646516085,97175.378418,32.7000007629,261.073120117,False
28.200000000000003,0.026,0.094,0.077,0.0980665,0.0980665,6.7862018,3.79999995232,5.96801137924,-10.5999994278,-5.42095470428,-178.679916382,-15.2517776489,-0.205871030688,0.680485963821,97175.6408691,32.75,247.314361572,False
28.3,0.192,0.11,0.063,0.30400615,0.10787315,5.491724,3.34999990463,5.96801137924,-10.1599998474,-5.42095470428,-178.679916382,-15.3229570389,-0.25975382328,1.06818628311,97181.3171387,32.8199996948,240.403076172,False
28.400000000000002,0.192,0.11,0.063,0.30400615,0.10787315,5.491724,3.05999994278,5.96801137924,-9.6799993515,-5.42095470428,-178.679916382,-15.3761529922,-0.286174207926,1.29474782944,97181.3171387,32.9099998474,233.710861206,False
28.5,-0.048,0.053,-0.049,0.1765197,-0.02941995,7.1980811,2.86999988556,6.13336801529,-9.22999954224,-7.87595176697,179.506896973,-15.5139055252,-0.345640599728,1.74526166916,97182.8857422,33.0400009155,242.171661377,False
28.6,-0.048,0.053,-0.049,0.1765197,-0.02941995,7.1980811,2.86999988556,6.13336801529,-9.22999954224,-7.87595176697,179.506896973,-15.5435848236,-0.352333694696,1.8495554924,97182.8857422,33.0400009155,242.171661377,False
28.700000000000003,-0.032,-0.014,-0.029,0.22555295,0.2157463,9.2574776,2.19000005722,6.13336801529,-8.14999961853,-7.87595176697,179.506896973,-15.7106733322,-0.447113543749,2.15210604668,97191.0888672,33.4099998474,225.48828125,False
28.8,-0.032,-0.014,-0.029,0.22555295,0.2157463,9.2574776,1.84999990463,6.13336801529,-7.3799996376,-7.87595176697,179.506896973,-15.7776861191,-0.483943879604,2.18045020103,97191.0888672,33.6300010681,188.454818726,False
28.900000000000002,-0.157,-0.027,-0.058,0.1569064,0.04903325,9.414384,1.84999990463,6.13336801529,-7.3799996376,-7.87595176697,179.506896973,-15.896736145,-0.523464441299,2.25920987129,97191.6748047,33.8499984741,177.465530396,False
29.0,-0.349,-0.058,0.006,-0.0784532,-0.14709975,9.7870367,1.24000000954,4.49724149704,-6.05999994278,-8.69207668304,-179.742477417,-16.0649604797,-0.597833752632,2.42785072327,97196.496582,34.0900001526,179.238510132,False
29.1,-0.26,-0.101,0.034,0.0784532,-0.4118793,9.83606995,1.01999998093,4.49724149704,-5.44000005722,-8.69207668304,-179.742477417,-16.1832523346,-0.645089447498,2.44391131401,97202.746582,34.3299980164,162.321563721,False
29.200000000000003,-0.15,-0.099,0.099,0.20593965,-0.3334261,11.50320045,0.699999988079,4.49724149704,-4.92999982834,-8.69207668304,-179.742477417,-16.3173542023,-0.664207577705,2.40093636513,97205.1513672,34.5799980164,161.098480225,False
29.3,0.035,-0.065,0.09,0.1176798,-0.2157463,10.4146623,0.639999985695,-1.62458825111,-4.46000003815,-7.55473899841,179.795501709,-16.4365367889,-0.624913871288,2.28384566307,97205.1513672,34.8199996948,146.120452881,False
29.400000000000002,0.023,-0.075,0.091,0.0588399,0.18632635,10.5323421,0.789999961853,-1.62458825111,-4.08999967575,-7.55473899841,179.795501709,-16.5473823547,-0.567660808563,2.19913697243,97208.5998535,35.0400009155,130.697341919,False
29.5,0.119,-0.059,0.036,0.0980665,0.7453054,10.1204628,1.09000003338,-1.62458825111,-3.49000000954,-7.55473899841,179.795501709,-16.6496486664,-0.475618481636,2.13819360733,97210.2172852,35.2599983215,92.7700958252,False
29.6,-0.002,-0.068,-0.024,0.0588399,0.2549729,11.64049355,1.53999996185,-1.03807663918,-2.91999983788,-6.65086698532,178.438522339,-16.7829971313,-0.356222689152,1.95293712616,97212.0422363,35.4500007629,81.498046875,False
29.700000000000003,-0.002,-0.068,-0.024,0.0588399,0.2549729,11.64049355,2.00999999046,-1.03807663918,-2.37999987602,-6.65086698532,178.438522339,-16.8383407593,-0.324048995972,1.82477450371,97212.0422363,35.6199989319,49.7727394104,False
29.8,0.146,-0.079,-0.06,-0.08825985,0.08825985,10.1204628,2.38999986649,-1.03807663918,-1.89999997616,-6.65086698532,178.438522339,-16.9543647766,-0.218414366245,1.78709197044,97216.8945312,35.7900009155,38.2363319397,False
29.900000000000002,0.034,-0.11,-0.107,-0.3726527,0.5099458,11.26784085,2.72000002861,-1.03807663918,-1.49000000954,-6.65086698532,178.438522339,-17.0480766296,-0.144119277596,1.59322535992,97215.6066895,35.9599990845,31.5075874329,False
30.0,0.21,-0.09,-0.148,-0.40207265,0.46091255,10.38524235,3.19999980927,0.0551094599068,-1.10000002384,-4.86578369141,-179.95463562,-17.0915412903,-0.101108700037,1.52531862259,97220.1599121,36.1100006104,20.2820777893,False
30.1,0.226,-0.111,-0.112,-0.0196133,-0.4314926,10.48330885,3.48000001907,0.0551094599068,-0.839999973774,-4.86578369141,-179.95463562,-17.1280193329,-0.100946456194,1.43399453163,97220.3979492,36.25,17.162322998,False
30.200000000000003,0.202,-0.104,-0.045,-0.48052585,-0.1372931,10.44408225,3.30999994278,0.0551094599068,-0.689999997616,-4.86578369141,-179.95463562,-17.1913261414,-0.157102093101,1.33994853497,97224.2370605,36.3800010681,20.5399513245,False
30.3,0.138,-0.105,-0.006,-0.3334261,-0.28439285,10.9442214,3.69999980927,3.11372113228,-0.649999976158,-3.56451702118,-178.341278076,-17.2091197968,-0.21680366993,1.23731660843,97222.5585938,36.5,26.7455101013,False
30.400000000000002,0.02,-0.17,0.072,0.0,-0.7453054,12.20927925,3.29999995232,3.11372113228,-0.539999961853,-3.56451702118,-178.341278076,-17.2178955078,-0.32501450181,1.08659482002,97222.5585938,36.6100006104,17.3098564148,False
30.5,0.052,-0.168,0.124,0.08825985,-0.4903325,13.62143685,3.41999983788,3.11372113228,-0.509999990463,-3.56451702118,-178.341278076,-17.2347126007,-0.435031622648,0.795310914516,97227.2338867,36.7000007629,19.544506073,False
30.6,0.376,-0.088,0.175,0.10787315,-0.04903325,12.69961175,2.76999998093,3.11372113228,-0.419999986887,-3.56451702118,-178.341278076,-17.2649002075,-0.602780580521,0.352647185326,97229.4677734,36.7599983215,-12.3064041138,False
30.700000000000003,0.305,-0.109,0.124,0.0392266,0.38245935,12.40541225,2.30999994278,7.32155370712,-0.269999980927,-0.873152077198,179.429656982,-17.2682285309,-0.672096192837,0.144821822643,97229.9926758,36.7999992371,-29.2373657227,False
30.8,0.305,-0.109,0.124,0.0392266,0.38245935,12.40541225,5.03999996185,7.32155370712,-0.179999992251,-0.873152077198,179.429656982,-17.2635726929,-0.721562564373,-0.00608965428546,97229.9926758,36.7900009155,-29.2331695557,False
30.900000000000002,-0.063,-0.034,-0.032,0.02941995,0.8041453,10.5715687,4.63000011444,7.32155370712,-0.239999994636,-0.873152077198,179.429656982,-17.2505760193,-0.889489293098,-0.250534564257,97225.9033203,36.7700004578,-18.4511184692,False
31.0,-0.212,-0.044,-0.102,0.0392266,0.2353596,11.22861425,5.34999990463,7.32155370712,-0.439999997616,-0.873152077198,179.429656982,-17.2403736115,-0.971397578716,-0.343335956335,97226.8493652,36.7299995422,-7.95764923096,False
31.1,-0.212,-0.044,-0.102,0.0392266,0.2353596,11.22861425,5.0,7.97969532013,-0.680000007153,0.0633291974664,179.345718384,-17.2125015259,-1.04597342014,-0.396740049124,97228.1555176,36.6800003052,-2.42881774902,False
31.200000000000003,-0.093,-0.013,-0.121,0.0784532,-0.1176798,8.65927195,4.77999973297,7.97969532013,-0.899999976158,0.0633291974664,179.345718384,-17.1744499207,-1.15319907665,-0.418214678764,97225.6530762,36.6300010681,13.2155418396,False
31.3,-0.141,-0.013,-0.059,-0.2353596,0.16671305,8.56120545,10.279999733,7.97969532013,-1.18999993801,0.0633291974664,179.345718384,-17.1639614105,-1.26131570339,-0.321135282516,97226.0375977,36.5799980164,28.7950515747,False
31.400000000000002,-0.141,-0.013,-0.059,-0.2353596,0.16671305,8.56120545,10.3800001144,6.0810008049,-1.56999993324,-0.300824046135,-178.648788452,-17.1292819977,-1.36007273197,-0.187511593103,97226.0375977,36.5299987793,56.9013595581,False
31.5,0.101,-0.007,-0.078,0.00980665,-0.20593965,8.95347145,10.3800001144,6.0810008049,-1.56999993324,-0.300824046135,-178.648788452,-17.1292819977,-1.36007273197,-0.187511593103,97223.9440918,36.5299987793,56.9013595581,False
31.6,0.198,-0.021,-0.01,-0.0196133,0.0784532,10.13026945,11.6599998474,6.0810008049,-2.29999995232,-0.300824046135,-178.648788452,-17.1216278076,-1.66483533382,-0.199271008372,97227.7038574,36.4799995422,84.126373291,False
31.700000000000003,0.105,-0.026,0.011,0.24516625,-0.2353596,9.7674234,11.3899993896,6.0810008049,-2.53999996185,-0.300824046135,-178.648788452,-17.1198234558,-1.75236320496,-0.144454747438,97227.7038574,36.4599990845,91.2860870361,False
31.8,0.112,-0.003,0.056,0.3138128,0.06864655,8.8652116,18.3299999237,8.79255199432,-2.78999996185,-0.205783352256,-178.429840088,-17.1232891083,-1.81479775906,-0.106889106333,97225.8789062,36.4500007629,107.152084351,False
31.900000000000002,0.053,0.008,0.01,0.46091255,0.24516625,9.81645665,18.6399993896,8.79255199432,-2.99000000954,-0.205783352256,-178.429840088,-17.1443386078,-1.93226897717,-0.0727520734072,97226.7089844,36.4500007629,115.654182434,False
32.0,0.345,0.015,-0.072,0.3726527,0.28439285,9.0417313,22.0299987793,8.79255199432,-3.19999980927,-0.205783352256,-178.429840088,-17.1907176971,-2.12671208382,-0.0109745152295,97227.0812988,36.4399986267,116.336730957,False
32.1,0.345,0.015,-0.072,0.3726527,0.28439285,9.0417313,22.2999992371,11.3000659943,-3.27999997139,-0.686951637268,-178.145080566,-17.2159194946,-2.28245568275,0.139723151922,97223.6450195,36.4500007629,127.231506348,False
32.2,0.293,0.031,-0.148,0.38245935,0.20593965,8.79656505,22.609998703,11.3000659943,-3.36999988556,-0.686951637268,-178.145080566,-17.2526950836,-2.42866587639,0.235044881701,97229.8278809,36.4599990845,129.838851929,False
32.300000000000004,0.293,0.031,-0.148,0.38245935,0.20593965,8.79656505,27.3400001526,11.3000659943,-2.53999996185,-0.686951637268,-178.145080566,-17.2526950836,-2.42866587639,0.235044881701,97229.8278809,36.4799995422,103.460021973,False
32.4,0.414,-0.005,-0.22,0.02941995,0.06864655,8.05125965,27.8299999237,11.3000659943,-2.83999991417,-0.686951637268,-178.145080566,-17.3140201569,-2.76845836639,0.770547688007,97237.9455566,36.5299987793,85.2573394775,False
32.5,0.414,-0.005,-0.22,0.02941995,0.06864655,8.05125965,27.9399986267,18.1718463898,-2.29999995232,-2.58437156677,-175.156982422,-17.3234901428,-3.12625789642,0.881071269512,97237.9455566,36.6100006104,58.211517334,False
32.6,0.695,-0.092,-0.143,0.3334261,-0.196133,9.50264385,33.1599998474,18.1718463898,-2.25999999046,-2.58437156677,-175.156982422,-17.3382358551,-3.45953512192,0.911672770977,97232.0617676,36.719997406,13.6141777039,False
32.7,0.523,-0.098,-0.087,0.14709975,0.5295591,8.93385815,32.9500007629,18.1718463898,-0.52999997139,-2.58437156677,-175.156982422,-17.3455219269,-3.86703419685,1.0323112011,97241.6564941,36.8299980164,-18.5802459717,False
32.800000000000004,0.523,-0.098,-0.087,0.14709975,0.5295591,8.93385815,34.0299987793,18.1718463898,0.340000003576,-2.58437156677,-175.156982422,-17.3487701416,-4.10194206238,1.13651061058,97241.6564941,36.9500007629,-52.6887893677,False
32.9,0.31,-0.15,-0.129,0.14709975,0.4118793,9.4536106,34.0299987793,18.1718463898,0.340000003576,-2.58437156677,-175.156982422,-17.3380031586,-4.34038209915,1.21523880959,97227.4414062,36.9500007629,-52.6887893677,False
33.0,0.328,-0.182,-0.169,0.12748645,0.18632635,10.85596155,37.9500007629,29.3387908936,3.01999998093,-2.34213066101,-171.37046814,-17.2355041504,-5.44211053848,1.28170621395,97236.5783691,37.2399978638,-125.659179688,False
33.1,0.243,-0.23,-0.15,0.0,0.3530394,12.1406327,37.3600006104,29.3387908936,3.22000002861,-2.34213066101,-171.37046814,-17.1412773132,-5.94532060623,1.25836658478,97231.4758301,37.3899993896,-165.042205811,False
33.2,0.243,-0.23,-0.15,0.0,0.3530394,12.1406327,36.5799980164,34.0797805786,3.99000000954,-1.03625941277,-167.215621948,-17.0181522369,-6.46073436737,1.19007754326,97237.1643066,37.5299987793,-204.748825073,False
33.300000000000004,0.239,-0.23,-0.267,-0.4903325,0.7060788,11.3561007,38.0299987793,34.0797805786,4.0,-1.03625941277,-167.215621948,-16.8241252899,-7.1824016571,1.13658797741,97240.2099609,37.6599998474,-230.462738037,False
33.4,0.208,-0.236,-0.277,-0.32361945,0.40207265,11.81701325,37.25,34.0797805786,5.34999990463,-1.03625941277,-167.215621948,-16.5914745331,-7.81831693649,1.15486037731,97235.6567383,37.7700004578,-242.054367065,False
33.5,0.208,-0.236,-0.277,-0.32361945,0.40207265,11.81701325,40.6199989319,34.0797805786,6.75,-1.03625941277,-167.215621948,-16.4448642731,-8.22459697723,1.15703868866,97235.6567383,37.8999977112,-268.371002197,False
33.6,-0.033,-0.326,-0.23,-0.42168595,0.3726527,12.5917386,39.6899986267,38.1209487915,6.63999986649,-0.233999937773,-160.582748413,-15.939740181,-9.29572105408,1.11235594749,97239.0319824,38.0099983215,-290.464111328,False
33.7,-0.033,-0.326,-0.23,-0.42168595,0.3726527,12.5917386,38.5999984741,38.1209487915,7.1299996376,-0.233999937773,-160.582748413,-15.7322940826,-9.69613456726,1.08589661121,97239.0319824,38.1199989319,-307.006744385,False
33.800000000000004,-0.086,-0.286,-0.276,-0.51975245,0.8237586,13.97447625,39.6199989319,38.1209487915,6.80999994278,-0.233999937773,-160.582748413,-15.1472959518,-10.6383695602,0.878619253635,97234.9365234,38.219997406,-323.37008667,False
33.9,-0.15,-0.281,-0.295,-0.2353596,0.65704555,14.34712895,38.3299980164,38.1209487915,7.8799996376,-0.233999937773,-160.582748413,-14.7748441696,-11.2030858994,0.686401367188,97234.387207,38.2999992371,-342.429168701,False
34.0,-0.051,-0.288,-0.332,-0.30400615,0.40207265,14.3765489,40.1599998474,36.9801712036,8.22999954224,1.44031906128,-150.738677979,-14.1936426163,-11.9678401947,0.423562914133,97234.387207,38.3400001526,-358.031860352,False
34.1,-0.018,-0.308,-0.306,-0.63743225,0.5491724,13.8862164,38.9399986267,36.9801712036,8.47999954224,1.44031906128,-150.738677979,-13.7773523331,-12.437379837,0.286299586296,97237.4023438,38.3699989319,-366.140380859,False
34.2,0.025,-0.285,-0.304,-0.59820565,0.4118793,13.4154972,37.5499992371,36.9801712036,8.63000011444,1.44031906128,-150.738677979,-13.2150449753,-13.0364923477,0.0882164239883,97236.4196777,38.3600006104,-368.694488525,False
34.300000000000004,-0.022,-0.319,-0.277,-0.7060788,0.55897905,13.6508568,38.25,36.9801712036,8.63000011444,1.44031906128,-150.738677979,-12.6338758469,-13.5601186752,-0.0568690523505,97236.4196777,38.3299980164,-370.787231445,False
34.4,0.0,-0.322,-0.274,-0.63743225,0.30400615,13.9842829,36.7099990845,36.6139373779,8.67000007629,2.54419159889,-139.547485352,-11.8727931976,-14.2108097076,-0.281650930643,97232.1594238,38.2799987793,-370.999145508,False
34.5,-0.043,-0.304,-0.233,-0.79433865,0.57859235,13.09187775,37.9300003052,36.6139373779,8.5999994278,2.54419159889,-139.547485352,-11.3548231125,-14.5798120499,-0.382120281458,97231.6223145,38.219997406,-371.02355957,False
34.6,-0.014,-0.27,-0.241,-0.59820565,0.06864655,12.71922505,36.3600006104,36.6139373779,8.42000007629,2.54419159889,-139.547485352,-10.702794075,-15.0004444122,-0.49056404829,97229.5593262,38.1299972534,-371.350097656,False
34.7,-0.087,-0.273,-0.208,-0.59820565,0.28439285,12.71922505,34.7299995422,36.6139373779,8.22999954224,2.54419159889,-139.547485352,-10.0503549576,-15.3869419098,-0.572852194309,97227.722168,38.0400009155,-361.372741699,False
34.800000000000004,-0.013,-0.246,-0.215,-0.55897905,0.38245935,11.16977435,35.9300003052,36.2554779053,8.02999973297,4.1630525589,-131.55229187,-9.39629077911,-15.7060260773,-0.625118672848,97225.3234863,37.9300003052,-350.545898438,False
34.9,-0.008,-0.221,-0.245,-0.6668522,0.34323275,9.30651085,34.5,36.2554779053,7.71000003815,4.1630525589,-131.55229187,-8.77429485321,-15.9400348663,-0.43216457963,97225.6408691,37.8099975586,-330.222320557,False
35.0,-0.203,-0.247,-0.251,-0.53936575,0.46091255,11.8856598,34.2399978638,36.2554779053,7.30999994278,4.1630525589,-131.55229187,-8.32602500916,-16.0747966766,-0.322054833174,97219.732666,37.7000007629,-302.057647705,False
35.1,-0.212,-0.242,-0.239,-0.30400615,0.5491724,14.26867575,32.8199996948,35.6765899658,6.96999979019,4.85379314423,-126.194190979,-7.49497413635,-16.3715953827,-0.486904263496,97219.3969727,37.5999984741,-285.402099609,False
35.2,-0.089,-0.19,-0.254,-0.30400615,0.392266,13.1605243,30.7699985504,35.6765899658,6.78999996185,4.85379314423,-126.194190979,-6.77397966385,-16.5721054077,-0.692230463028,97219.3969727,37.4899978638,-302.433197021,False
35.300000000000004,-0.089,-0.19,-0.254,-0.30400615,0.392266,13.1605243,29.4099998474,35.6765899658,6.61999988556,4.85379314423,-126.194190979,-6.50885152817,-16.6536140442,-0.744227945805,97224.4445801,37.3600006104,-315.798583984,False
35.4,0.047,-0.21,-0.276,-0.4314926,0.4314926,12.18966595,27.4099998474,35.6765899658,6.42999982834,4.85379314423,-126.194190979,-5.7131819725,-16.8237133026,-0.852448582649,97221.5698242,37.2099990845,-304.607788086,False
35.5,-0.076,-0.208,-0.244,-0.28439285,0.3530394,12.1798593,25.5,34.0465965271,6.23000001907,5.40398025513,-117.534469604,-4.82571315765,-16.9856319427,-0.892372667789,97218.963623,37.0599975586,-288.751220703,False
35.6,-0.163,-0.21,-0.209,-0.2745862,0.42168595,11.73856005,23.359998703,34.0465965271,5.94999980927,5.40398025513,-117.534469604,-4.31568908691,-17.0486354828,-0.908598601818,97220.2453613,36.8999977112,-279.808410645,False
35.7,-0.148,-0.192,-0.193,-0.0588399,0.6080123,13.15071765,21.1199989319,34.0465965271,5.69999980927,5.40398025513,-117.534469604,-3.67435932159,-17.1232204437,-0.980874896049,97215.8569336,36.75,-271.350097656,False
35.800000000000004,-0.253,-0.128,-0.197,0.0196133,0.46091255,12.4152189,18.5200004578,34.0465965271,5.48999977112,5.40398025513,-117.534469604,-2.89096450806,-17.193977356,-1.14070463181,97215.8569336,36.5799980164,-269.866760254,False
35.9,-0.253,-0.128,-0.197,0.0196133,0.46091255,12.4152189,15.9299993515,34.0465965271,5.17999982834,5.40398025513,-117.534469604,-2.54145526886,-17.20429039,-1.18489646912,97212.5061035,36.4099998474,-258.572570801,False
36.0,-0.318,-0.072,-0.21,-0.2157463,0.26477955,9.3359308,13.6899995804,29.7745227814,4.71000003815,5.86530733109,-110.459121704,-1.88505911827,-17.1784591675,-1.03179788589,97214.1052246,36.219997406,-227.493865967,False
36.1,-0.274,-0.084,-0.193,-0.26477955,0.50013915,9.3947707,11.779999733,29.7745227814,4.21000003815,5.86530733109,-110.459121704,-1.55736732483,-17.1474704742,-0.951199471951,97204.9743652,36.0499992371,-201.436233521,False
36.2,-0.239,-0.04,-0.203,-0.22555295,0.3334261,8.629852,9.98999977112,29.7745227814,3.73000001907,5.86530733109,-110.459121704,-1.17674279213,-17.0760345459,-0.829919934273,97207.0129395,35.8899993896,-167.027664185,False
36.300000000000004,-0.382,-0.011,-0.202,-0.28439285,0.30400615,8.73772515,8.27999973297,29.7745227814,3.14999985695,5.86530733109,-110.459121704,-0.754266560078,-16.9797210693,-0.724515020847,97206.2316895,35.7399978638,-139.209365845,False
36.4,-0.382,-0.011,-0.202,-0.28439285,0.30400615,8.73772515,6.63999986649,22.6163253784,2.62999987602,4.57499408722,-104.999778748,-0.626934826374,-16.9486656189,-0.678883135319,97206.2316895,35.6100006104,-128.607559204,False
36.5,-0.446,-0.028,-0.191,-0.2157463,0.48052585,9.87529655,5.09999990463,22.6163253784,2.25,4.57499408722,-104.999778748,-0.255059689283,-16.8459205627,-0.651315689087,97201.2268066,35.4799995422,-120.316505432,False
36.6,-0.391,0.032,-0.183,-0.1176798,0.46091255,9.36535075,3.63999986649,22.6163253784,1.91999995708,4.57499408722,-104.999778748,0.0462622866035,-16.7262897491,-0.659038066864,97201.3366699,35.3600006104,-114.727592468,False
36.7,-0.391,0.032,-0.183,-0.1176798,0.46091255,9.36535075,2.53999996185,22.6163253784,1.62000000477,4.57499408722,-104.999778748,0.246787473559,-16.5946121216,-0.508889019489,97201.3366699,35.25,-115.459060669,False
36.800000000000004,-0.311,0.055,-0.209,-0.10787315,0.42168595,8.62004535,1.65999996662,13.9652862549,1.43999993801,2.72052669525,-100.562919617,0.341595232487,-16.5306797028,-0.465291410685,97200.7629395,35.1300010681,-108.414840698,False
36.9,-0.194,0.021,-0.216,-0.02941995,-0.10787315,8.9828914,0.819999992847,13.9652862549,1.31999993324,2.72052669525,-100.562919617,0.518037497997,-16.4389839172,-0.347410112619,97196.4294434,35.0400009155,-93.1623458862,False
37.0,-0.194,0.021,-0.216,-0.02941995,-0.10787315,8.9828914,-0.00999999977648,13.9652862549,1.20999991894,2.72052669525,-100.562919617,0.618345618248,-16.3926849365,-0.307872653008,97196.4294434,34.9599990845,-79.726600647,False
37.1,-0.053,0.017,-0.165,0.0,-0.38245935,9.16921775,-1.0,13.9652862549,1.12999999523,2.72052669525,-100.562919617,0.786150157452,-16.3385410309,-0.285330712795,97195.7214355,34.8800010681,-80.736541748,False
37.2,-0.129,-0.001,-0.022,0.0196133,-0.08825985,9.28689755,-1.9699999094,9.72977638245,0.989999949932,1.0973559618,-95.8045959473,1.03290343285,-16.2317714691,-0.25439658761,97194.7692871,34.8099975586,-68.8205718994,False
37.300000000000004,-0.168,0.011,0.029,0.1176798,0.3334261,8.5710121,-2.8599998951,9.72977638245,0.789999961853,1.0973559618,-95.8045959473,1.11653256416,-16.1845703125,-0.199775114655,97194.7387695,34.7399978638,-49.2746353149,False
37.4,-0.201,0.052,0.007,-0.04903325,0.5295591,7.30595425,-3.5,9.72977638245,0.479999989271,1.0973559618,-95.8045959473,1.17821097374,-16.1262683868,0.0101544205099,97192.4987793,34.6899986267,-25.3164291382,False
37.5,-0.342,0.047,-0.011,-0.1372931,0.42168595,8.20816605,-3.9399998188,6.4322052002,0.019999999553,0.358884811401,-95.7898864746,1.21958982944,-16.0680599213,0.246762737632,97194.2138672,34.6499977112,18.5242652893,False
37.6,-0.342,0.047,-0.011,-0.1372931,0.42168595,8.20816605,-4.30999994278,6.4322052002,-0.379999995232,0.358884811401,-95.7898864746,1.24499547482,-16.0098724365,0.407131850719,97194.2138672,34.6300010681,33.4215164185,False
37.7,-0.305,0.052,-0.021,-0.0980665,0.22555295,7.97280645,-4.57999992371,6.4322052002,-0.659999966621,0.358884811401,-95.7898864746,1.23746359348,-15.9512119293,0.568020403385,97195.2575684,34.6399993896,40.7055854797,False
37.800000000000004,-0.305,0.052,-0.021,-0.0980665,0.22555295,7.97280645,-4.67000007629,0.904021978378,-0.829999983311,-0.818374872208,-95.1709671021,1.20322906971,-15.920416832,0.694101214409,97195.2575684,34.6599998474,45.2063560486,False
37.9,-0.28,0.04,-0.017,0.0980665,0.02941995,8.32584585,-4.65000009537,0.904021978378,-0.829999983311,-0.818374872208,-95.1709671021,1.15811085701,-15.9010829926,0.77532017231,97201.0131836,34.7000007629,46.0429191589,False
38.0,-0.28,0.04,-0.017,0.0980665,0.02941995,8.32584585,-4.46000003815,0.904021978378,-0.819999992847,-0.818374872208,-95.1709671021,1.10955286026,-15.8943719864,0.92209148407,97201.0131836,34.7599983215,51.4246940613,False
38.1,-0.106,0.014,0.006,0.1765197,0.04903325,8.48275225,-4.46000003815,0.904021978378,-0.819999992847,-0.818374872208,-95.1709671021,1.08754837513,-15.8979196548,0.998539328575,97197.833252,34.8400001526,74.9925613403,False
38.2,-0.115,0.016,0.051,0.3726527,-0.10787315,8.6886919,-4.02999973297,-3.71836996078,-0.870000004768,-1.77579367161,-94.7321777344,0.951903879642,-15.8905363083,1.14471304417,97203.6682129,34.9300003052,75.1917877197,False
38.300000000000004,-0.115,0.016,0.051,0.3726527,-0.10787315,8.6886919,-3.70999979973,-3.71836996078,-0.789999961853,-1.77579367161,-94.7321777344,0.895879149437,-15.8887233734,1.20725083351,97203.6682129,35.0299987793,72.9383468628,False
38.400000000000006,-0.007,-0.017,0.106,0.57859235,-0.26477955,9.11037785,-3.26999998093,-3.71836996078,-0.629999995232,-1.77579367161,-94.7321777344,0.756504952908,-15.9024019241,1.29589700699,97206.3171387,35.1499977112,72.2266235352,False
38.5,-0.007,-0.017,0.106,0.57859235,-0.26477955,9.11037785,-2.83999991417,-3.71836996078,-0.469999998808,-1.77579367161,-94.7321777344,0.643613696098,-15.9261379242,1.35922026634,97206.3171387,35.2700004578,78.1285247803,False
38.6,0.055,-0.057,0.145,0.65704555,-0.16671305,9.3555441,-2.36999988556,-4.3455119133,-0.289999991655,-1.77170324326,-96.9713287354,0.583085954189,-15.9271860123,1.41739273071,97208.3007812,35.3999977112,74.877456665,False
38.7,-0.003,-0.055,0.162,0.7256921,-0.0392266,9.67916355,-1.87999999523,-4.3455119133,-0.0899999961257,-1.77170324326,-96.9713287354,0.451285749674,-15.961681366,1.49675583839,97208.8806152,35.5400009155,72.2108840942,False
38.800000000000004,0.03,-0.079,0.129,0.59820565,0.0588399,10.71866845,-1.24000000954,-4.3455119133,0.189999997616,-1.77170324326,-96.9713287354,0.301105260849,-15.9965324402,1.44210326672,97211.4196777,35.6899986267,61.4782333374,False
38.900000000000006,0.004,-0.073,0.134,0.85317855,1.3042515230699999e-15,10.6500219,-0.610000014305,-4.3455119133,0.539999961853,-1.77170324326,-96.9713287354,0.162990421057,-16.012348175,1.38317275047,97215.3625488,35.8400001526,48.609828949,False
39.0,0.004,-0.073,0.134,0.85317855,1.3042515230699999e-15,10.6500219,0.0799999982119,-4.3455119133,0.810000002384,-1.77170324326,-96.9713287354,0.098021812737,-16.0059661865,1.35330319405,97215.3625488,35.969997406,45.8099365234,False
39.1,0.052,-0.098,0.133,0.57859235,0.18632635,11.9444997,0.849999964237,-4.27232074738,1.20999991894,-1.08673715591,-99.8403320312,-0.154915899038,-16.0279808044,1.06291604042,97219.6411133,36.0999984741,18.5394287109,False
39.2,0.172,-0.079,0.113,0.8629852,0.42168595,11.6895268,1.83999991417,-4.27232074738,1.55999994278,-1.08673715591,-99.8403320312,-0.268278151751,-16.0441207886,0.929762303829,97219.4091797,36.2099990845,-1.73988342285,False
39.300000000000004,0.05,-0.08,0.022,0.18632635,0.392266,11.3561007,2.71000003815,-4.27232074738,1.78999996185,-1.08673715591,-99.8403320312,-0.393795073032,-16.0335197449,0.766486167908,97217.4194336,36.2999992371,-12.2928619385,False
39.400000000000006,0.089,-0.067,0.032,0.5491724,0.0196133,10.8069283,3.38999986649,-4.27232074738,2.04999995232,-1.08673715591,-99.8403320312,-0.496073842049,-15.9983463287,0.643095433712,97222.9248047,36.3800010681,-35.1404190063,False
39.5,0.036,-0.061,0.033,0.4707192,-0.0784532,10.2185293,3.99000000954,-2.15963792801,2.24000000954,0.251953303814,-101.697784424,-0.571648895741,-15.9747028351,0.593409836292,97221.685791,36.4399986267,-38.4796142578,False
39.6,0.097,-0.06,0.053,0.00980665,0.22555295,10.01258965,4.46999979019,-2.15963792801,2.41999983788,0.251953303814,-101.697784424,-0.63297778368,-15.9358549118,0.565732955933,97225.6286621,36.4899978638,-34.6422195435,False
39.7,0.097,-0.06,0.053,0.00980665,0.22555295,10.01258965,4.90000009537,-2.15963792801,2.45000004768,0.251953303814,-101.697784424,-0.698731005192,-15.8769397736,0.503678441048,97225.6286621,36.5400009155,-25.8714675903,False
39.800000000000004,0.167,-0.092,0.058,0.08825985,0.2549729,10.50292215,5.26999998093,-2.15963792801,2.48000001907,0.251953303814,-101.697784424,-0.735069453716,-15.8410511017,0.398775458336,97223.5351562,36.5799980164,-27.6014328003,False
39.900000000000006,-0.106,-0.11,0.089,0.2549729,0.77472535,11.3953273,5.67999982834,-0.13761934638,2.5,1.5229126215,-102.600242615,-0.816673219204,-15.7771492004,0.234257981181,97225.3051758,36.6199989319,-19.9256896973,False
40.0,-0.128,-0.057,0.03,0.5687857,0.53936575,11.375714,6.27999973297,-0.13761934638,2.50999999046,1.5229126215,-102.600242615,-0.89275342226,-15.7313785553,0.142682209611,97221.7529297,36.6499977112,-18.0898666382,False
40.1,-0.128,-0.057,0.03,0.5687857,0.53936575,11.375714,6.96999979019,-0.13761934638,2.3599998951,1.5229126215,-102.600242615,-0.938439130783,-15.7047214508,0.099774107337,97221.7529297,36.6599998474,-3.66630554199,False
40.2,-0.028,-0.041,-0.052,0.392266,0.77472535,11.1599677,7.75,-0.13761934638,2.19000005722,1.5229126215,-102.600242615,-1.08521664143,-15.610118866,-0.0466763749719,97221.4660645,36.6599998474,-3.24420928955,False
40.300000000000004,0.141,-0.019,-0.122,0.3334261,0.67665885,10.42446895,8.48999977112,-0.13761934638,2.04999995232,1.5229126215,-102.600242615,-1.21358001232,-15.5405187607,-0.282030075788,97227.4719238,36.6399993896,2.78854370117,False
40.400000000000006,0.247,-0.022,-0.081,0.3334261,0.2941995,10.7480884,9.01999950409,-0.898205757141,1.93999993801,2.61966991425,-101.709686279,-1.2452917099,-15.4887657166,-0.451794743538,97226.5136719,36.5999984741,2.8528213501,False
40.5,0.193,-0.034,-0.054,0.4707192,-0.06864655,9.7674234,9.3499994278,-0.898205757141,1.75,2.61966991425,-101.709686279,-1.23977696896,-15.4695720673,-0.46454513073,97221.307373,36.5499992371,6.57844543457,False
40.6,0.43,-0.012,-0.015,0.24516625,0.1765197,10.03220295,9.39999961853,-0.898205757141,1.45999991894,2.61966991425,-101.709686279,-1.19490408897,-15.4231042862,-0.477346479893,97220.1904297,36.5,21.7341423035,False
40.7,0.43,-0.012,-0.015,0.24516625,0.1765197,10.03220295,9.28999996185,-0.898205757141,1.23000001907,2.61966991425,-101.709686279,-1.07773840427,-15.3949337006,-0.676007568836,97220.1904297,36.4399986267,16.2797927856,False
40.800000000000004,0.214,-0.031,0.088,0.73549875,-0.14709975,11.58165365,8.82999992371,6.96017885208,1.27999997139,2.93223690987,-100.452949524,-0.950302481651,-15.3803224564,-0.843346714973,97221.887207,36.3699989319,-8.22448730469,False
40.900000000000006,0.214,-0.031,0.088,0.73549875,-0.14709975,11.58165365,8.1799993515,6.96017885208,1.18999993801,2.93223690987,-100.452949524,-0.823703944683,-15.387005806,-0.885577380657,97221.887207,36.2700004578,-20.1677322388,False
41.0,-0.285,-0.006,0.14,0.5295591,0.1765197,8.38468575,7.58999967575,6.96017885208,0.949999988079,2.93223690987,-100.452949524,-0.686321854591,-15.3579893112,-0.712728857994,97221.9726562,36.1699981689,1.75075531006,False
41.1,-0.164,-0.037,0.104,0.69627215,0.2745862,10.0420096,7.19999980927,6.208319664,0.789999961853,3.07905912399,-102.155670166,-0.623880207539,-15.3524112701,-0.671017467976,97217.4987793,36.0799980164,16.5453910828,False
41.2,-0.017,0.042,0.037,0.6080123,0.50013915,8.67888525,6.96000003815,6.208319664,0.689999997616,3.07905912399,-102.155670166,-0.560873031616,-15.329750061,-0.685179114342,97216.1071777,36.0099983215,19.8806762695,False
41.300000000000004,-0.014,0.04,-0.028,0.57859235,0.3138128,8.28661925,6.82999992371,6.208319664,0.359999984503,3.07905912399,-102.155670166,-0.541926085949,-15.3179311752,-0.58185583353,97217.2729492,35.9399986267,42.8569793701,False
41.400000000000006,0.195,0.054,-0.074,0.6668522,0.10787315,7.9041599,6.75999975204,6.208319664,-0.019999999553,3.07905912399,-102.155670166,-0.49525219202,-15.2895545959,-0.354118525982,97214.7094727,35.8699989319,74.4220733643,False
41.5,0.195,0.054,-0.074,0.6668522,0.10787315,7.9041599,6.55999994278,6.12814426422,-0.299999982119,2.08971762657,-102.37802124,-0.448633641005,-15.300069809,-0.0732899680734,97214.7094727,35.8299980164,88.5353088379,False
41.6,0.055,0.034,-0.079,0.3726527,0.50013915,9.50264385,6.40999984741,6.12814426422,-0.639999985695,2.08971762657,-102.37802124,-0.420995533466,-15.2777719498,0.0982657894492,97216.619873,35.8099975586,109.578994751,False
41.7,0.055,0.034,-0.079,0.3726527,0.50013915,9.50264385,6.15999984741,6.12814426422,-0.599999964237,2.08971762657,-102.37802124,-0.35249876976,-15.3046531677,0.140044957399,97216.619873,35.8199996948,86.1756286621,False
41.800000000000004,0.142,0.032,-0.082,0.9218251,0.0392266,7.9433865,5.67999982834,6.12814426422,-0.469999998808,2.08971762657,-102.37802124,-0.220151856542,-15.3518819809,0.347223371267,97217.9382324,35.8299980164,77.6090621948,False
41.900000000000006,0.029,0.055,-0.044,0.7256921,0.48052585,8.03164635,5.21999979019,8.68028831482,-0.319999992847,0.61657834053,-100.431892395,-0.128843829036,-15.3954143524,0.510692059994,97212.1765137,35.8699989319,78.4858703613,False
42.0,-0.066,0.012,-0.055,0.4707192,0.40207265,8.42391235,4.61000013351,8.68028831482,-0.00999999977648,0.61657834053,-100.431892395,-0.0119348531589,-15.476020813,0.611023664474,97220.8984375,35.9199981689,64.0113830566,False
42.1,-0.086,0.013,-0.061,0.91201845,1.0184210787899999e-15,8.3160392,4.17999982834,8.68028831482,0.229999989271,0.61657834053,-100.431892395,0.067685469985,-15.5399837494,0.78121638298,97218.3288574,35.9799995422,74.2010116577,False
42.2,-0.064,0.01,-0.054,0.69627215,0.44129925,9.14960445,3.67999982834,8.170753479,0.389999985695,-0.228568017483,-99.4831924438,0.148311957717,-15.5907449722,0.849914669991,97218.6523438,36.0599975586,69.6625671387,False
42.300000000000004,-0.064,0.01,-0.054,0.69627215,0.44129925,9.14960445,3.11999988556,8.170753479,0.669999957085,-0.228568017483,-99.4831924438,0.263215154409,-15.6899766922,0.841905832291,97218.6523438,36.1499977112,66.3734436035,False
42.400000000000006,-0.01,0.009,-0.032,0.8629852,0.1569064,8.9044382,2.56999993324,8.170753479,1.05999994278,-0.228568017483,-99.4831924438,0.364689648151,-15.7702417374,0.902139902115,97224.9755859,36.25,43.5824394226,False
42.5,-0.165,-0.006,-0.033,0.784532,0.3334261,8.6102387,2.11999988556,7.18980026245,1.28999996185,-0.565740585327,-98.4023132324,0.404843658209,-15.8041582108,0.983331382275,97221.484375,36.3400001526,33.3190917969,False
42.6,-0.138,-0.007,-0.056,0.36284605,0.42168595,8.14932615,1.70999991894,7.18980026245,1.62999999523,-0.565740585327,-98.4023132324,0.455445498228,-15.8708934784,1.12587165833,97225.3234863,36.4500007629,30.8637619019,False
42.7,-0.138,-0.007,-0.056,0.36284605,0.42168595,8.14932615,1.4699999094,7.18980026245,1.9699999094,-0.565740585327,-98.4023132324,0.473927229643,-15.9012308121,1.22051000595,97225.3234863,36.5699996948,17.7097320557,False
42.800000000000004,-0.117,-0.029,-0.081,0.50013915,0.40207265,8.95347145,1.4699999094,7.18980026245,1.9699999094,-0.565740585327,-98.4023132324,0.496265262365,-15.9279823303,1.29377675056,97230.645752,36.5699996948,17.7097320557,False
42.900000000000006,-0.126,-0.063,-0.045,0.36284605,0.3334261,9.8654899,0.769999980927,3.99404191971,2.71000003815,-0.584943175316,-96.7744064331,0.581100463867,-15.9946870804,1.26598274708,97233.5144043,36.8400001526,-17.6122665405,False
43.0,-0.066,-0.069,-0.013,0.44129925,0.2353596,10.1008495,0.409999996424,3.99404191971,3.21000003815,-0.584943175316,-96.7744064331,0.632542729378,-16.0378761292,1.20347857475,97233.5144043,36.9799995422,-36.2562179565,False
43.1,-0.062,-0.113,0.008,0.69627215,-0.24516625,11.1403544,0.140000000596,3.99404191971,3.65999984741,-0.584943175316,-96.7744064331,0.673822820187,-16.0798206329,1.13017129898,97231.5612793,37.1100006104,-51.5338897705,False
43.2,-0.071,-0.111,0.051,0.75511205,-0.18632635,11.4345539,-0.189999997616,2.30942988396,3.95999979973,0.630478203297,-96.1901702881,0.706681787968,-16.0952835083,0.983720064163,97230.1635742,37.2299995422,-52.8230667114,False
43.300000000000004,-0.071,-0.111,0.051,0.75511205,-0.18632635,11.4345539,-0.519999980927,2.30942988396,4.21999979019,0.630478203297,-96.1901702881,0.74876666069,-16.1158847809,0.767216801643,97230.1635742,37.3400001526,-60.2739334106,False
43.400000000000006,-0.066,-0.126,0.107,0.40207265,0.10787315,11.81701325,-0.759999990463,2.30942988396,4.32999992371,0.630478203297,-96.1901702881,0.754186928272,-16.1006755829,0.630472242832,97236.0656738,37.4300003052,-55.0468444824,False
43.5,-0.052,-0.088,0.12,0.65704555,0.2157463,11.38552065,-0.979999959469,2.30942988396,4.33999967575,0.630478203297,-96.1901702881,0.752956211567,-16.0835418701,0.462597966194,97231.4575195,37.4899978638,-56.3215255737,False
43.6,-0.052,-0.088,0.12,0.65704555,0.2157463,11.38552065,-1.03999996185,2.30942988396,4.31999969482,0.630478203297,-96.1901702881,0.749166429043,-16.0709247589,0.37753713131,97231.4575195,37.5400009155,-54.0361404419,False
43.7,-0.103,-0.094,0.061,0.32361945,0.44129925,10.13026945,-0.969999969006,-0.3272126019,4.17999982834,2.91653084755,-98.4836425781,0.682243287563,-16.0091819763,0.295648932457,97231.7138672,37.5699996948,-40.828704834,False
43.800000000000004,-0.103,-0.094,0.061,0.32361945,0.44129925,10.13026945,-0.799999952316,-0.3272126019,4.01999998093,2.91653084755,-98.4836425781,0.604042470455,-15.9631280899,0.324389100075,97231.7138672,37.5799980164,-27.0011901855,False
43.900000000000006,-0.136,-0.022,-0.025,0.4707192,0.40207265,8.6494653,-0.52999997139,-0.3272126019,3.77999997139,2.91653084755,-98.4836425781,0.560212254524,-15.9404230118,0.399951517582,97236.7797852,37.6100006104,1.12075805664,False
44.0,-0.08,0.011,-0.019,0.48052585,0.63743225,7.9433865,-0.259999990463,-0.3272126019,3.54999995232,2.91653084755,-98.4836425781,0.477831304073,-15.9153327942,0.541778624058,97233.4289551,37.6399993896,25.0165939331,False
44.1,-0.08,0.011,-0.019,0.48052585,0.63743225,7.9433865,0.129999995232,-3.5413479805,3.38999986649,3.27866148949,-98.5227432251,0.314990371466,-15.8708219528,0.723448634148,97233.4289551,37.6899986267,48.3174324036,False
44.2,0.048,0.002,-0.042,1.01008495,0.83356525,9.69877685,0.789999961853,-3.5413479805,3.33999991417,3.27866148949,-98.5227432251,0.244373574853,-15.8729896545,0.718624651432,97237.5671387,37.75,53.8047790527,False
44.300000000000004,0.012,0.017,-0.057,1.2552512,0.22555295,8.825985,1.40999996662,-3.5413479805,3.37999987602,3.27866148949,-98.5227432251,0.111365653574,-15.8840990067,0.723789513111,97243.347168,37.8199996948,61.6549491882,False
44.400000000000006,-0.043,-0.002,-0.054,1.4906108,0.9022118,12.36618565,1.99000000954,-3.5413479805,3.25999999046,3.27866148949,-98.5227432251,0.00367756211199,-15.9088687897,0.780387103558,97242.5354004,37.8999977112,79.3766021729,False
44.5,0.088,-0.032,0.009,1.65732385,1.36312435,14.17060925,2.79999995232,-3.5413479805,3.49000000954,3.27866148949,-98.5227432251,-0.192606210709,-15.9532670975,0.338183999062,97239.8742676,37.969997406,55.3304672241,False
44.6,0.104,-0.018,-0.123,1.8044236,0.8041453,12.9251647,3.94999980927,-3.67348694801,3.8599998951,3.31969213486,-97.1009521484,-0.418667912483,-15.9686822891,-0.08276630193,97249.1210938,38.0099983215,5.26733398438,False
44.7,0.15,-0.006,-0.145,1.4513842,0.392266,11.8072066,4.96999979019,-3.67348694801,4.06999969482,3.31969213486,-97.1009521484,-0.596877753735,-16.007724762,-0.422995626926,97249.7070312,38.0099983215,-21.7372894287,False
44.800000000000004,0.091,-0.012,-0.113,1.0198916,-0.08825985,10.87557485,5.69000005722,-3.67348694801,3.95999979973,3.31969213486,-97.1009521484,-0.651187002659,-16.0157165527,-0.578917086124,97245.2575684,37.9599990845,-24.9746322632,False
44.900000000000006,0.281,-0.042,-0.035,0.93163175,-0.38245935,11.0815145,6.0,-3.67348694801,3.87999987602,3.31969213486,-97.1009521484,-0.67484998703,-16.0001678467,-0.720336973667,97241.619873,37.8999977112,-48.7110137939,False
45.0,0.026,-0.114,0.045,0.71588545,0.2549729,12.48386545,6.09999990463,0.416959822178,3.82999992371,3.71375489235,-94.4653778076,-0.683317482471,-15.9888305664,-0.870541214943,97243.1518555,37.8299980164,-51.0618209839,False
45.1,0.097,-0.093,0.065,0.71588545,0.4511059,11.6110736,6.28999996185,0.416959822178,3.92999982834,3.71375489235,-94.4653778076,-0.690009057522,-15.9456481934,-1.21920442581,97244.8425293,37.7299995422,-65.5981063843,False
45.2,0.154,-0.047,0.074,0.392266,0.42168595,9.8458766,6.32999992371,0.416959822178,3.90999984741,3.71375489235,-94.4653778076,-0.673685073853,-15.9215164185,-1.29912006855,97235.0158691,37.6100006104,-71.6186523438,False
45.300000000000004,0.059,-0.016,0.04,0.30400615,0.38245935,8.40429905,6.5,0.416959822178,3.67999982834,3.71375489235,-94.4653778076,-0.683867931366,-15.8684511185,-1.21602809429,97232.4890137,37.4799995422,-56.4783096313,False
45.400000000000006,0.059,-0.016,0.04,0.30400615,0.38245935,8.40429905,6.55999994278,0.416959822178,3.27999997139,3.71375489235,-94.4653778076,-0.676794052124,-15.8204841614,-1.01640760899,97232.4890137,37.3400001526,-24.0301132202,False
45.5,0.293,0.006,-0.035,0.3334261,0.1372931,8.3944924,6.59999990463,2.81047964096,2.97000002861,4.60627031326,-95.6034317017,-0.658725082874,-15.767203331,-0.832105457783,97226.6479492,37.2299995422,-8.57315063477,False
45.6,0.41,-0.016,-0.062,0.63743225,-0.12748645,8.7475318,6.53999996185,2.81047964096,2.81999993324,4.60627031326,-95.6034317017,-0.597276628017,-15.7247028351,-0.706279993057,97227.1484375,37.1300010681,-10.4387283325,False
45.7,-0.005,0.002,-0.006,0.48052585,-0.3530394,8.34545915,6.21999979019,2.81047964096,2.63999986649,4.60627031326,-95.6034317017,-0.490574866533,-15.6914978027,-0.566083133221,97225.7568359,37.0499992371,1.04951858521,False
45.800000000000004,-0.006,0.008,0.042,0.8041453,-0.53936575,8.3748791,5.56999969482,2.81047964096,2.44000005722,4.60627031326,-95.6034317017,-0.351787924767,-15.6665353775,-0.399585872889,97224.9816895,36.9899978638,22.4894523621,False
45.900000000000006,0.066,-0.011,0.1,0.588399,0.50013915,9.71839015,4.94999980927,6.69432830811,2.28999996185,3.93835163116,-95.3456954956,-0.216915205121,-15.6456832886,-0.358801305294,97228.6376953,36.9399986267,39.7924423218,False
46.0,-0.005,0.009,0.075,1.0198916,-0.08825985,8.4729456,4.44000005722,6.69432830811,2.26999998093,3.93835163116,-95.3456954956,-0.149230986834,-15.650144577,-0.300627440214,97228.1921387,36.8999977112,18.5202598572,False
46.1,-0.404,0.022,0.054,0.67665885,0.10787315,7.5707338,3.99000000954,6.69432830811,2.1099998951,3.93835163116,-95.3456954956,-0.0474296808243,-15.6697616577,-0.0864211171865,97224.8779297,36.8600006104,45.8987236023,False
46.2,-0.416,0.04,0.092,1.176798,0.48052585,7.71783355,3.58999991417,3.88891768456,1.9699999094,3.73853778839,-96.3896713257,-0.0198993589729,-15.7010746002,0.117508329451,97225.567627,36.8499984741,80.0970077515,False
46.300000000000004,-0.416,0.04,0.092,1.176798,0.48052585,7.71783355,3.47000002861,3.88891768456,1.73000001907,3.73853778839,-96.3896713257,-0.0439546480775,-15.7110004425,0.159322947264,97225.567627,36.8499984741,106.070709229,False
46.400000000000006,-0.278,0.034,-0.015,1.16699135,0.12748645,9.48303055,3.73000001907,3.88891768456,1.50999999046,3.73853778839,-96.3896713257,-0.0885733440518,-15.7546873093,0.120382227004,97226.7272949,36.8600006104,127.729988098,False
46.5,0.022,0.007,0.059,1.4317709,0.6276256,11.9248864,4.0,3.88891768456,1.43999993801,3.73853778839,-96.3896713257,-0.166186839342,-15.7919178009,0.00635463604704,97225.6958008,36.8800010681,112.861541748,False
46.6,0.254,0.026,0.024,1.2160246,0.5491724,10.75789505,4.53999996185,-3.05506539345,1.42999994755,2.99505209923,-97.2226791382,-0.270283430815,-15.8357381821,-0.124696746469,97233.0627441,36.8899993896,90.4899597168,False
46.7,0.071,0.031,0.029,1.3140911,0.22555295,9.2574776,5.00999975204,-3.05506539345,1.54999995232,2.99505209923,-97.2226791382,-0.3643232584,-15.8653707504,-0.134072706103,97232.8796387,36.8800010681,71.9432830811,False
46.800000000000004,0.208,0.064,0.009,1.24544455,0.69627215,7.91396655,5.40999984741,-3.05506539345,1.52999997139,2.99505209923,-97.2226791382,-0.428520828485,-15.90924263,-0.0145055968314,97233.6303711,36.8600006104,71.5729675293,False
46.900000000000006,0.208,0.064,0.009,1.24544455,0.69627215,7.91396655,5.40999984741,-3.05506539345,1.52999997139,2.99505209923,-97.2226791382,-0.460917919874,-15.935956955,0.0454876460135,97233.6303711,36.8600006104,77.9967346191,False
47.0,0.227,-0.028,-0.057,0.95124505,0.36284605,11.2188076,6.2999997139,0.86071485281,1.66999995708,1.78273117542,-97.3192749023,-0.526694595814,-16.0138835907,0.0521381422877,97233.0993652,36.8699989319,70.3121185303,False
47.1,0.227,-0.028,-0.057,0.95124505,0.36284605,11.2188076,6.48000001907,0.86071485281,2.05999994278,1.78273117542,-97.3192749023,-0.526918530464,-16.0706386566,-0.117424830794,97233.0993652,36.8899993896,25.8437156677,False
47.2,0.021,-0.027,0.003,1.0395049,0.51975245,10.1400761,6.5,0.86071485281,2.47000002861,1.78273117542,-97.3192749023,-0.522104561329,-16.0915813446,-0.187107682228,97233.7890625,36.8899993896,0.154209136963,False
47.300000000000004,-0.021,-0.04,0.006,1.02969825,0.51975245,10.8461549,6.5499997139,0.86071485281,2.69000005722,1.78273117542,-97.3192749023,-0.522133886814,-16.133392334,-0.315416842699,97231.2072754,36.8800010681,-6.65817260742,False
47.400000000000006,0.04,-0.05,-0.075,0.57859235,0.3138128,10.4538889,6.67000007629,2.8985388279,2.87999987602,2.03330421448,-96.5411453247,-0.51863026619,-16.1719894409,-0.43904992938,97231.9885254,36.8600006104,-26.9903182983,False
47.5,0.035,-0.038,-0.098,0.42168595,0.4903325,9.9047165,6.80999994278,2.8985388279,2.96000003815,2.03330421448,-96.5411453247,-0.512919425964,-16.1647968292,-0.477825939655,97227.935791,36.8199996948,-40.4512405396,False
47.6,0.035,-0.038,-0.098,0.42168595,0.4903325,9.9047165,6.71000003815,2.8985388279,3.15999984741,2.03330421448,-96.5411453247,-0.493687450886,-16.1652965546,-0.491672754288,97227.935791,36.7700004578,-41.5029525757,False
47.7,-0.084,-0.05,-0.037,0.196133,0.20593965,10.1204628,6.61999988556,2.8985388279,3.04999995232,2.03330421448,-96.5411453247,-0.421862125397,-16.1754512787,-0.463300555944,97226.9287109,36.719997406,-22.4935531616,False
47.800000000000004,-0.223,-0.061,7.4703454748e-18,0.28439285,0.14709975,10.24794925,6.44999980927,2.8985388279,2.88999986649,2.03330421448,-96.5411453247,-0.366867780685,-16.1524963379,-0.553427100182,97221.2097168,36.6699981689,-3.73554229736,False
47.900000000000006,-0.312,-0.037,0.038,0.34323275,0.00980665,9.24767095,6.25,1.84415924549,2.72000002861,2.74214625359,-94.6490249634,-0.349090874195,-16.1367492676,-0.580011367798,97218.6950684,36.6100006104,2.99825668335,False
48.0,-0.422,-0.066,0.077,0.61781895,-0.22555295,9.46341725,6.13999986649,1.84415924549,2.48000001907,2.74214625359,-94.6490249634,-0.332839131355,-16.1224346161,-0.555475592613,97219.2871094,36.5499992371,14.7783279419,False
48.1,-0.313,-0.026,0.092,0.7649187,0.06864655,9.36535075,6.25999975204,1.84415924549,2.1099998951,2.74214625359,-94.6490249634,-0.37567487359,-16.1065654755,-0.489945083857,97218.4997559,36.4799995422,35.6335639954,False
48.2,0.0,-0.037,0.036,0.7649187,1.12650822158e-15,9.1986377,6.64999961853,1.84415924549,1.73000001907,2.74214625359,-94.6490249634,-0.461559772491,-16.0735855103,-0.408107042313,97216.973877,36.4199981689,57.3273658752,False
48.300000000000004,0.0,-0.037,0.036,0.7649187,1.12650822158e-15,9.1986377,7.23000001907,-3.87621688843,1.26999998093,2.99827408791,-95.9076004028,-0.510843098164,-16.0508365631,-0.344779193401,97216.973877,36.3600006104,88.5936737061,False
48.400000000000006,0.288,0.011,-0.031,0.77472535,0.06864655,8.237586,7.65999984741,-3.87621688843,0.829999983311,2.99827408791,-95.9076004028,-0.605005979538,-16.0301055908,-0.11961479485,97222.5830078,36.3099975586,108.210662842,False
48.5,0.44,0.029,-0.049,1.0395049,-0.0784532,8.1002929,8.02999973297,-3.87621688843,0.620000004768,2.99827408791,-95.9076004028,-0.633686423302,-16.0769939423,0.109134241939,97219.5129395,36.2900009155,125.105857849,False
48.6,0.263,0.01,-0.012,1.3337044,-0.32361945,8.9240515,8.02999973297,-3.87621688843,0.479999989271,2.99827408791,-95.9076004028,-0.616469919682,-16.1118888855,0.174521192908,97217.2485352,36.2900009155,127.092933655,False
48.7,0.149,-0.001,0.043,1.4709975,-0.18632635,9.3947707,7.96000003815,3.39866948128,0.459999978542,2.17106437683,-95.1943130493,-0.564170062542,-16.174036026,0.223624274135,97221.7163086,36.2999992371,122.147369385,False
48.800000000000004,-0.008,-0.021,0.077,1.32389775,-0.2941995,10.85596155,7.76999998093,3.39866948128,0.539999961853,2.17106437683,-95.1943130493,-0.472650945187,-16.2568264008,0.157842308283,97221.1303711,36.3099975586,112.27016449,False
48.900000000000006,0.095,-0.024,0.151,1.32389775,-0.3726527,11.2972608,7.41999959946,3.39866948128,0.629999995232,2.17106437683,-95.1943130493,-0.380645602942,-16.3193798065,0.0888336151838,97222.088623,36.3199996948,92.3486709595,False
49.0,0.038,-0.063,0.211,1.52003075,0.0980665,12.9055514,6.89999961853,3.39866948128,0.919999957085,2.17106437683,-95.1943130493,-0.291589856148,-16.4009609222,-0.146969124675,97224.3469238,36.3199996948,50.7829666138,False
49.1,-0.002,-0.037,0.182,1.22583125,0.53936575,12.18966595,6.5499997139,5.00792741776,1.36000001431,2.64241957664,-98.3828887939,-0.225678429008,-16.4657363892,-0.505974411964,97229.2175293,36.2999992371,12.7111434937,False
49.2,-0.008,-0.03,0.139,0.8825985,1.02969825,11.9052731,6.36999988556,5.00792741776,1.59999990463,2.64241957664,-98.3828887939,-0.19616766274,-16.4909763336,-0.722894251347,97226.5625,36.25,-14.0245437622,False
49.300000000000004,0.199,-0.022,-0.017,0.46091255,0.7060788,10.81673495,6.31999969482,5.00792741776,1.70999991894,2.64241957664,-98.3828887939,-0.173342362046,-16.5168151855,-0.914864242077,97226.5625,36.1800003052,-27.8793334961,False
49.400000000000006,0.126,0.071,-0.072,0.22555295,0.69627215,7.22750105,6.19000005722,5.00792741776,1.70999991894,2.64241957664,-98.3828887939,-0.154928699136,-16.5056476593,-0.892208993435,97220.7763672,36.0799980164,-34.6654891968,False
49.5,0.249,0.043,-0.126,-0.1765197,0.588399,6.22722275,6.17000007629,5.00792741776,1.57999992371,2.64241957664,-98.3828887939,-0.127076685429,-16.4861431122,-0.567939698696,97216.2841797,35.9899978638,-18.3954238892,False
49.6,0.339,-0.011,-0.155,-0.0392266,0.2941995,7.8845466,6.02999973297,7.35062837601,1.55999994278,1.98553562164,-98.5395584106,-0.0493307821453,-16.4659481049,-0.273142248392,97215.5456543,35.9199981689,-19.3519592285,False
49.7,0.21,-0.012,-0.133,-0.04903325,0.04903325,8.44352565,5.63999986649,7.35062837601,1.68999993801,1.98553562164,-98.5395584106,0.0396481752396,-16.4503250122,-0.135967552662,97214.9841309,35.8800010681,-13.8324737549,False
49.800000000000004,0.21,-0.012,-0.133,-0.04903325,0.04903325,8.44352565,4.96000003815,7.35062837601,1.79999995232,1.98553562164,-98.5395584106,0.13586384058,-16.4504261017,-0.0442856810987,97214.9841309,35.8600006104,-25.2159118652,False
49.900000000000006,0.023,-0.033,-0.048,0.2941995,-0.2353596,8.95347145,4.05999994278,11.3117742538,2.08999991417,1.43671655655,-96.1849212646,0.364381432533,-16.4331111908,0.140953764319,97214.4714355,35.8600006104,-45.6750869751,False
50.0,-0.033,-0.044,-0.002,0.00980665,0.06864655,8.62004535,3.11999988556,11.3117742538,2.30999994278,1.43671655655,-96.1849212646,0.5430098176,-16.4313659668,0.246179178357,97216.0217285,35.8600006104,-41.4789199829,False
50.1,-0.033,-0.044,-0.002,0.00980665,0.06864655,8.62004535,2.14999985695,11.3117742538,2.47000002861,1.43671655655,-96.1849212646,0.672626495361,-16.4238090515,0.341945946217,97216.0217285,35.8800010681,-43.7612533569,False
50.2,-0.076,-0.033,0.001,0.30400615,0.3138128,8.99269805,1.27999997139,11.3117742538,2.57999992371,1.43671655655,-96.1849212646,0.854706943035,-16.4144096375,0.511778235435,97210.3210449,35.9099998474,-34.5703125,False
50.300000000000004,-0.097,0.011,-0.05,0.0392266,0.79433865,7.9826131,0.519999980927,10.3603315353,2.65999984741,1.76773333549,-95.7237625122,0.930540084839,-16.4183387756,0.651953041553,97211.6455078,35.9500007629,-29.0338516235,False
50.400000000000006,-0.29,0.006,-0.087,0.26477955,0.5099458,8.93385815,-0.129999995232,10.3603315353,2.67999982834,1.76773333549,-95.7237625122,1.02222621441,-16.4174423218,0.74461132288,97213.684082,36.0099983215,-9.51519012451,False
50.5,-0.213,-0.011,-0.1,0.2549729,0.4118793,9.30651085,-0.810000002384,10.3603315353,2.80999994278,1.76773333549,-95.7237625122,1.11800813675,-16.4247074127,0.786024808884,97215.9729004,36.0799980164,-13.5187149048,False
50.6,-0.182,-0.043,-0.072,0.6864655,0.1765197,9.44380395,-1.4699999094,6.70972681046,2.84999990463,1.38059389591,-94.0647201538,1.2098852396,-16.4240341187,0.808987557888,97211.2182617,36.1399993896,-11.6296768188,False
50.7,-0.165,-0.058,-0.061,0.59820565,1.21658084058e-15,9.93413645,-2.03999996185,6.70972681046,2.95000004768,1.38059389591,-94.0647201538,1.26684832573,-16.4477596283,0.845565438271,97217.0043945,36.219997406,-11.240196228,False
50.800000000000004,-0.114,-0.057,-0.032,0.4707192,0.10787315,10.1793027,-2.57999992371,6.70972681046,2.9399998188,1.38059389591,-94.0647201538,1.35849285126,-16.4657344818,0.811584293842,97216.1376953,36.2900009155,2.84795761108,False
50.900000000000006,-0.114,-0.034,0.018,0.75511205,0.1176798,9.83606995,-3.17999982834,6.70972681046,2.91999983788,1.38059389591,-94.0647201538,1.38509356976,-16.4678497314,0.811608850956,97218.2006836,36.3600006104,11.6152763367,False
51.0,-0.114,-0.034,0.018,0.75511205,0.1176798,9.83606995,-3.66999983788,6.70972681046,2.88999986649,1.38059389591,-94.0647201538,1.40584266186,-16.476102829,0.679027915001,97218.2006836,36.4199981689,6.49995803833,False
51.1,-0.202,-0.06,0.017,0.79433865,0.24516625,11.179581,-3.91999983788,1.83554637432,2.95000004768,2.05765509605,-93.193397522,1.39812123775,-16.4968681335,0.588743269444,97219.7387695,36.4799995422,-0.780296325684,False
51.2,-0.144,-0.051,0.005,0.9610517,-0.04903325,10.81673495,-4.07999992371,1.83554637432,3.00999999046,2.05765509605,-93.193397522,1.3843203783,-16.5128860474,0.468456685543,97219.7387695,36.5200004578,-20.7059860229,False
51.300000000000004,-0.144,-0.051,0.005,0.9610517,-0.04903325,10.81673495,-4.05999994278,1.83554637432,3.12999987602,2.05765509605,-93.193397522,1.3450949192,-16.5236377716,0.341782540083,97225.5554199,36.5499992371,-14.4186019897,False
51.400000000000006,-0.039,-0.074,0.028,0.4511059,0.1176798,9.9831697,-4.21000003815,1.83554637432,3.15999984741,2.05765509605,-93.193397522,1.32337641716,-16.5215263367,0.292300820351,97225.4577637,36.5699996948,-33.1209182739,False
51.5,-0.244,-0.083,0.059,0.69627215,0.24516625,10.9442214,-4.13999986649,-1.01470291615,3.12999987602,3.04312372208,-93.4540405273,1.25939667225,-16.524564743,0.194638967514,97225.4577637,36.5799980164,-21.3386535645,False
51.6,-0.228,-0.055,0.053,0.5099458,0.5099458,11.07170785,-4.07999992371,-1.01470291615,3.1099998951,3.04312372208,-93.4540405273,1.18481612206,-16.5068740845,0.0804440304637,97222.7416992,36.5900001526,-25.5020141602,False
51.7,-0.126,-0.021,0.025,0.87279185,0.12748645,9.5712904,-3.72000002861,-1.01470291615,3.09999990463,3.04312372208,-93.4540405273,1.06959247589,-16.4908065796,0.0287766139954,97227.3132324,36.5900001526,-15.3427124023,False
51.800000000000004,-0.096,-0.008,0.008,0.87279185,0.14709975,9.7478101,-3.25999999046,-1.01470291615,2.79999995232,3.04312372208,-93.4540405273,0.947618305683,-16.4579944611,0.0429399013519,97220.4772949,36.5799980164,0.923347473145,False
51.900000000000006,-0.075,-0.039,-0.002,0.7060788,0.32361945,11.3561007,-2.83999991417,-1.01470291615,2.75,3.04312372208,-93.4540405273,0.822214066982,-16.4588356018,-0.0315495803952,97220.8679199,36.5699996948,3.60879898071,False
52.0,-0.075,-0.039,-0.002,0.7060788,0.32361945,11.3561007,-2.11999988556,-5.44275188446,2.79999995232,3.22606945038,-93.8799972534,0.692662060261,-16.4342937469,-0.174788638949,97220.8679199,36.5499992371,0.014591217041,False
52.1,-0.316,0.007,0.02,0.50013915,0.18632635,9.73800345,-1.48000001907,-5.44275188446,2.64999985695,3.22606945038,-93.8799972534,0.524121403694,-16.4249343872,-0.316684901714,97218.4753418,36.5200004578,-9.80892181396,False
52.2,-0.316,-0.05,0.058,0.89240515,-0.42168595,9.63993695,-0.759999990463,-5.44275188446,2.50999999046,3.22606945038,-93.8799972534,0.373735427856,-16.3952922821,-0.250486582518,97220.9899902,36.4799995422,12.3634338379,False
52.300000000000004,-0.316,-0.05,0.058,0.89240515,-0.42168595,9.63993695,-0.0999999940395,-5.44275188446,2.21000003815,3.22606945038,-93.8799972534,0.186268031597,-16.3732337952,-0.247361540794,97220.9899902,36.4399986267,37.6289367676,False
52.400000000000006,0.075,-0.057,0.074,0.95124505,-0.3334261,10.5323421,0.799999952316,-9.22576141357,1.88999998569,3.48965120316,-94.9405059814,-0.0127607304603,-16.3526611328,-0.352201730013,97221.5759277,36.3899993896,54.0940284729,False
52.5,0.287,-0.089,0.096,0.95124505,-0.20593965,11.4149406,1.69999992847,-9.22576141357,1.67999994755,3.48965120316,-94.9405059814,-0.110481970012,-16.3374595642,-0.401958137751,97219.7998047,36.3499984741,56.4126968384,False
52.6,0.223,-0.002,0.156,0.784532,0.2745862,10.2969825,2.57999992371,-9.22576141357,1.29999995232,3.48965120316,-94.9405059814,-0.274183511734,-16.3305797577,-0.483376979828,97219.7387695,36.2900009155,78.8144073486,False
52.7,0.241,0.018,0.136,0.7060788,0.2745862,9.1201845,3.41999983788,-9.22576141357,1.07999992371,3.48965120316,-94.9405059814,-0.406572580338,-16.3149776459,-0.503408551216,97219.128418,36.2399978638,65.5688323975,False
52.800000000000004,0.288,-0.009,0.116,0.8433719,0.36284605,8.7279185,4.11999988556,-4.27154064178,0.879999995232,3.32745265961,-97.7638778687,-0.525692284107,-16.2980251312,-0.436445444822,97221.9421387,36.1699981689,67.5673522949,False
52.900000000000006,0.275,0.024,0.11,0.99047165,0.40207265,8.24739265,4.65999984741,-4.27154064178,0.620000004768,3.32745265961,-97.7638778687,-0.603296279907,-16.2978668213,-0.318843066692,97224.0539551,36.1199989319,97.6100006104,False
53.0,0.275,0.024,0.11,0.99047165,0.40207265,8.24739265,4.65999984741,-4.27154064178,0.620000004768,3.32745265961,-97.7638778687,-0.617912888527,-16.3170528412,-0.256146550179,97224.0539551,36.0799980164,111.750701904,False
53.1,0.233,0.022,0.027,1.176798,0.24516625,9.4732239,5.53999996185,-4.27154064178,0.119999997318,3.32745265961,-97.7638778687,-0.719834923744,-16.3263492584,-0.240309074521,97223.449707,36.0499992371,120.226760864,False
53.2,0.169,0.047,0.014,1.14737805,0.57859235,9.0025047,5.86999988556,-4.27154064178,0.0299999993294,3.32745265961,-97.7638778687,-0.728571712971,-16.3602714539,-0.203784883022,97220.4406738,36.0299987793,110.942550659,False
53.300000000000004,0.105,0.064,0.013,0.9218251,0.8041453,9.63993695,6.11999988556,1.59378433228,0.0299999993294,2.48975086212,-99.39478302,-0.757230758667,-16.4149436951,-0.291802465916,97220.4406738,36.0099983215,105.876159668,False
53.400000000000006,0.105,0.064,0.013,0.9218251,0.8041453,9.63993695,6.34999990463,1.59378433228,0.159999996424,2.48975086212,-99.39478302,-0.799021184444,-16.4199924469,-0.228980496526,97223.1628418,35.9899978638,81.2906265259,False
53.5,0.236,0.095,-0.143,1.1179581,0.51975245,8.89463155,6.75,1.59378433228,0.299999982119,2.48975086212,-99.39478302,-0.863506019115,-16.4800262451,-0.05141126737,97223.9746094,35.969997406,76.6458511353,False
53.6,0.236,0.095,-0.143,1.1179581,0.51975245,8.89463155,7.05999994278,1.59378433228,0.550000011921,2.48975086212,-99.39478302,-0.853660106659,-16.5176105499,-0.0263583641499,97223.9746094,35.969997406,65.9674682617,False
53.7,-0.259,0.043,-0.122,0.8433719,0.588399,8.3356525,7.27999973297,4.29816961288,0.889999985695,0.550273418427,-97.6249084473,-0.828458845615,-16.6249694824,0.171467095613,97219.0612793,35.969997406,53.6131858826,False
53.800000000000004,-0.105,0.054,-0.129,1.0198916,0.3530394,9.14960445,7.39999961853,4.29816961288,1.12000000477,0.550273418427,-97.6249084473,-0.860840082169,-16.6841926575,0.299658745527,97219.0612793,35.9899978638,64.0455245972,False
53.900000000000006,0.194,0.081,-0.143,0.6276256,0.9610517,8.48275225,8.4299993515,4.29816961288,1.32999992371,0.550273418427,-97.6249084473,-0.886520266533,-16.7332248688,0.353077441454,97214.8193359,36.0299987793,56.6994667053,False
54.0,0.165,0.012,-0.197,1.0198916,0.34323275,8.9828914,8.80999946594,2.80598139763,1.62999999523,-0.711171686649,-95.3104400635,-0.926355600357,-16.8240222931,0.50096821785,97218.0358887,36.0799980164,45.2777862549,False
54.1,0.222,-2.70646942612e-17,-0.221,0.9610517,0.20593965,8.89463155,10.0199995041,2.80598139763,1.86000001431,-0.711171686649,-95.3104400635,-0.918372094631,-16.8848686218,0.582059323788,97214.9108887,36.1300010681,46.6731071472,False
54.2,0.238,-0.029,-0.195,0.6864655,0.77472535,9.1397978,10.25,2.80598139763,2.03999996185,-0.711171686649,-95.3104400635,-0.872795939445,-16.9588260651,0.679305315018,97213.8671875,36.1899986267,40.0745391846,False
54.300000000000004,0.238,-0.029,-0.195,0.6864655,0.77472535,9.1397978,10.3299999237,2.80598139763,2.41999983788,-0.711171686649,-95.3104400635,-0.833184242249,-17.0400676727,0.572405219078,97213.8671875,36.25,17.3398971558,False
54.400000000000006,0.171,-0.06,-0.194,0.99047165,0.5687857,10.5519554,12.7399997711,7.46823549271,3.50999999046,-1.03330361843,-90.1837158203,-0.67518311739,-17.1537094116,0.0634151548147,97219.9523926,36.3099975586,-12.4423980713,False
54.5,0.242,-0.195,-0.221,1.1179581,0.26477955,15.6514134,12.3599996567,7.46823549271,3.63999986649,-1.03330361843,-90.1837158203,-0.552038490772,-17.2018432617,-0.175428882241,97220.880127,36.3299980164,-95.8972015381,False
54.6,0.129,-0.108,-0.067,0.40207265,0.73549875,11.83662655,11.6700000763,7.46823549271,3.80999994278,-1.03330361843,-90.1837158203,-0.347635269165,-17.2452545166,-0.415895938873,97217.5476074,36.2999992371,-109.56678772,False
54.7,0.149,-0.09,-0.116,0.22555295,0.784532,11.20900095,14.9899997711,11.2981557846,3.28999996185,0.311577647924,-87.7381668091,-0.189476162195,-17.2549514771,-0.607499718666,97221.661377,36.25,-123.38609314,False
54.800000000000004,0.149,-0.09,-0.116,0.22555295,0.784532,11.20900095,14.5699996948,11.2981557846,4.11999988556,0.311577647924,-87.7381668091,-0.0839459002018,-17.249370575,-0.703462600708,97221.661377,36.1699981689,-137.763031006,False
54.900000000000006,0.215,-0.089,-0.151,0.14709975,0.42168595,10.983448,17.0299987793,11.2981557846,4.2999997139,0.311577647924,-87.7381668091,0.202713474631,-17.2350578308,-0.918512701988,97216.8579102,36.0699996948,-148.783493042,False
55.0,0.117,-0.091,-0.124,-0.14709975,-0.04903325,9.9047165,16.4699993134,11.2981557846,4.28999996185,0.311577647924,-87.7381668091,0.394011676311,-17.206035614,-0.982948362827,97216.3391113,35.9599990845,-138.28717041,False
55.1,0.279,-0.134,-0.076,-0.2157463,-0.196133,11.60126695,20.4699993134,13.6218299866,4.15000009537,1.12395107746,-84.8500976562,0.662990450859,-17.1499786377,-1.01826691628,97206.7504883,35.8499984741,-142.21534729,False
55.2,0.429,-0.118,-0.025,-0.1176798,-0.16671305,10.77750835,19.7099990845,13.6218299866,3.95999979973,1.12395107746,-84.8500976562,0.97438287735,-17.0617313385,-1.06268382072,97209.4177246,35.719997406,-144.139282227,False
55.300000000000004,0.429,-0.118,-0.025,-0.1176798,-0.16671305,10.77750835,18.75,13.6218299866,3.76999998093,1.12395107746,-84.8500976562,1.32473444939,-16.9529705048,-1.12547254562,97209.4177246,35.5900001526,-137.746810913,False
55.400000000000006,0.168,-0.13,0.074,-0.14709975,0.0196133,10.2185293,20.5900001526,13.6218299866,3.56999993324,1.12395107746,-84.8500976562,1.72570121288,-16.8280315399,-1.21229791641,97206.817627,35.4599990845,-146.652801514,False
55.5,0.168,-0.13,0.074,-0.14709975,0.0196133,10.2185293,19.4200000763,20.5488491058,3.31999993324,3.22935819626,-83.5568313599,2.21298003197,-16.6599502563,-1.14417922497,97206.817627,35.3099975586,-144.702529907,False
55.6,0.042,-0.093,0.077,-0.22555295,0.24516625,9.4536106,22.8799991608,20.5488491058,3.0,3.22935819626,-83.5568313599,2.53229832649,-16.5241031647,-1.09901642799,97203.692627,35.1699981689,-132.684707642,False
55.7,-0.081,-0.065,0.04,-0.22555295,0.53936575,9.75761675,22.0900001526,20.5488491058,2.75999999046,3.22935819626,-83.5568313599,2.82845783234,-16.3815135956,-1.09408760071,97204.0588379,35.0299987793,-141.786376953,False
55.800000000000004,-0.038,-0.043,-0.119,-0.196133,0.89240515,9.7674234,21.3199996948,20.5488491058,2.55999994278,3.22935819626,-83.5568313599,2.99308228493,-16.3029994965,-1.06589472294,97201.9714355,34.8999977112,-137.164123535,False
55.900000000000006,-0.1,-0.003,-0.176,-0.14709975,0.65704555,8.825985,25.0,20.7116947174,2.36999988556,4.7982635498,-83.4832992554,3.25066256523,-16.1714057922,-1.01048159599,97200.1953125,34.7799987793,-133.295623779,False
56.0,0.086,0.01,-0.253,-0.32361945,0.65704555,8.75733845,24.609998703,20.7116947174,2.15999984741,4.7982635498,-83.4832992554,3.52917456627,-16.0208911896,-0.867428839207,97196.0144043,34.6599998474,-117.095756531,False
56.1,0.086,0.01,-0.253,-0.32361945,0.65704555,8.75733845,24.6199989319,20.7116947174,2.16999983788,4.7982635498,-83.4832992554,3.63189935684,-15.9731960297,-0.814951121807,97196.0144043,34.6599998474,-117.095756531,False
56.2,0.333,-0.049,-0.291,-0.2941995,-0.06864655,8.1787461,26.5399990082,20.7116947174,2.06999993324,4.7982635498,-83.4832992554,4.02217102051,-15.8062953949,-0.520625531673,97193.6096191,34.4500007629,-109.11932373,False
56.300000000000004,0.27,-0.036,-0.182,-0.2549729,-0.1765197,7.30595425,26.0,24.5464229584,1.91999995708,2.2666451931,-77.8528289795,4.38895988464,-15.6672382355,-0.13033567369,97192.779541,34.3800010681,-74.3840179443,False
56.400000000000006,0.191,-0.064,-0.135,-0.1176798,-0.0784532,8.041453,25.4300003052,24.5464229584,1.75,2.2666451931,-77.8528289795,4.65007162094,-15.5626974106,0.087024025619,97192.4987793,34.3499984741,-56.2970161438,False
56.5,0.149,-0.084,-0.09,0.0784532,0.26477955,9.4339973,29.9799995422,24.5464229584,1.01999998093,2.2666451931,-77.8528289795,5.00487375259,-15.436044693,0.309221804142,97190.3320312,34.3499984741,-60.4683876038,False
56.6,0.027,-0.128,-0.085,0.5099458,0.40207265,12.8859381,30.5,24.5464229584,1.7199999094,2.2666451931,-77.8528289795,5.44992780685,-15.2954301834,0.31240350008,97192.3950195,34.3699989319,-52.2626876831,False
56.7,0.085,-0.117,-0.118,0.2745862,0.3530394,12.8270982,29.5,27.9985046387,2.1099998951,2.13204312325,-75.1179275513,6.00871419907,-15.1471061707,0.104442961514,97192.1630859,34.3899993896,-90.4565811157,False
56.800000000000004,-0.011,-0.111,-0.081,0.3334261,0.79433865,12.79767825,28.3199996948,27.9985046387,2.25999999046,2.13204312325,-75.1179275513,6.54730081558,-14.9561786652,-0.0741183385253,97194.9401855,34.3800010681,-121.705818176,False
56.900000000000006,-0.241,-0.093,-0.136,0.0588399,1.06892485,11.71894675,30.8299999237,27.9985046387,3.26999998093,2.13204312325,-75.1179275513,7.07106733322,-14.7757568359,-0.27885773778,97198.3825684,34.3600006104,-161.226654053,False
57.0,-0.009,-0.044,-0.241,0.1765197,0.8237586,10.5127288,30.0799999237,28.1936950684,2.82999992371,2.79971623421,-72.5467605591,7.49700212479,-14.6133832932,-0.352568954229,97197.8881836,34.3099975586,-172.951034546,False
57.1,-0.034,-0.045,-0.318,-0.0196133,0.81395195,10.30678915,31.9499988556,28.1936950684,2.28999996185,2.79971623421,-72.5467605591,7.91905879974,-14.4406681061,-0.317076206207,97196.0510254,34.25,-172.685714722,False
57.2,-0.048,-0.064,-0.337,-0.1176798,0.55897905,10.58137535,31.6399993896,28.1936950684,3.0,2.79971623421,-72.5467605591,8.28896999359,-14.27531147,-0.282088905573,97192.9199219,34.1899986267,-149.933807373,False
57.300000000000004,0.169,-0.085,-0.326,-0.32361945,0.7060788,8.1983594,31.1999988556,28.1936950684,3.08999991417,2.79971623421,-72.5467605591,8.56884384155,-14.150932312,-0.197933629155,97194.2932129,34.1300010681,-148.512268066,False
57.400000000000006,0.328,-0.078,-0.382,-0.3530394,0.3138128,7.9041599,34.4599990845,27.1813049316,3.01999998093,0.492930799723,-66.8084945679,8.84491920471,-14.0015182495,0.00463011208922,97193.2922363,34.0900001526,-121.404075623,False
57.5,0.41,-0.144,-0.367,-0.3334261,0.4314926,9.2574776,34.3299980164,27.1813049316,2.92999982834,0.492930799723,-66.8084945679,9.16716384888,-13.8287792206,0.233432844281,97188.3483887,34.0699996948,-96.8803405762,False
57.6,0.61,-0.214,-0.358,-0.14709975,0.196133,10.56176205,36.0699996948,27.1813049316,3.03999996185,0.492930799723,-66.8084945679,9.69322776794,-13.5465154648,0.376508116722,97189.3981934,34.0699996948,-106.04839325,False
57.7,0.61,-0.214,-0.358,-0.14709975,0.196133,10.56176205,35.3899993896,27.1813049316,3.26999998093,0.492930799723,-66.8084945679,10.2787904739,-13.2230806351,0.365599215031,97189.3981934,34.0900001526,-120.638465881,False
57.800000000000004,0.057,-0.282,-0.198,-0.0980665,0.55897905,13.68027675,37.1599998474,36.979133606,3.56999993324,-1.46308970451,-57.4091758728,11.0913047791,-12.7235269547,0.199310943484,97190.9362793,34.1100006104,-144.257537842,False
57.900000000000006,-0.08,-0.286,-0.211,0.14709975,-0.0392266,13.7685366,35.9899978638,36.979133606,3.72000002861,-1.46308970451,-57.4091758728,11.6534929276,-12.3439683914,0.0911994725466,97194.1101074,34.1199989319,-166.269500732,False
58.0,-0.037,-0.254,-0.15,-0.10787315,-0.22555295,10.9638347,34.4799995422,36.979133606,3.90999984741,-1.46308970451,-57.4091758728,12.3993186951,-11.7892541885,0.0606491304934,97194.1101074,34.1100006104,-183.103759766,False
58.1,-0.037,-0.254,-0.15,-0.10787315,-0.22555295,10.9638347,35.25,37.3319511414,3.82999992371,0.101536206901,-51.5368499756,12.9376449585,-11.3397912979,0.142621278763,97187.6831055,34.0900001526,-168.29510498,False
58.2,0.382,-0.321,-0.075,0.1765197,0.42168595,12.62115855,34.0299987793,37.3319511414,3.78999996185,0.101536206901,-51.5368499756,13.5031423569,-10.8388471603,0.156199321151,97193.1335449,34.0799980164,-162.377929688,False
58.300000000000004,0.382,-0.321,-0.075,0.1765197,0.42168595,12.62115855,35.3099975586,37.3319511414,3.75999999046,0.101536206901,-51.5368499756,13.9277505875,-10.4357566833,0.182042628527,97193.1335449,34.0599975586,-141.454498291,False
58.400000000000006,0.299,-0.291,-0.116,0.0,1.79461695,11.1403544,34.1199989319,41.7207527161,3.49000000954,2.70643043518,-47.3194465637,14.379029274,-9.95335483551,0.195595011115,97187.9882812,34.0499992371,-138.653381348,False
58.5,0.021,-0.171,-0.383,-0.392266,1.2552512,8.5710121,33.0499992371,41.7207527161,3.33999991417,2.70643043518,-47.3194465637,14.8501701355,-9.39213943481,0.34672549367,97189.9963379,34.0499992371,-124.849700928,False
58.6,0.021,-0.171,-0.383,-0.392266,1.2552512,8.5710121,34.5200004578,41.7207527161,2.88999986649,2.70643043518,-47.3194465637,15.1450204849,-8.99036407471,0.702300548553,97189.9963379,34.0499992371,-101.268577576,False
58.7,-0.158,-0.224,-0.47,-0.0980665,0.9022118,8.54159215,33.9199981689,41.7207527161,2.65999984741,2.70643043518,-47.3194465637,15.3989439011,-8.67143726349,0.965927541256,97189.666748,34.0699996948,-73.1092453003,False
58.800000000000004,-0.184,-0.2,-0.46,0.06864655,1.36312435,9.63993695,33.1699981689,43.0577430725,2.59999990463,0.20307944715,-38.212600708,15.7731428146,-8.17713356018,1.24824655056,97189.666748,34.1399993896,-49.8491287231,False
58.900000000000006,-0.184,-0.2,-0.46,0.06864655,1.36312435,9.63993695,32.7999992371,43.0577430725,2.78999996185,0.20307944715,-38.212600708,16.1446342468,-7.71233034134,1.33401167393,97191.217041,34.219997406,-38.9350891113,False
59.0,-0.014,-0.265,-0.545,0.32361945,1.12776475,11.8072066,31.6499996185,43.0577430725,3.0,0.20307944715,-38.212600708,16.4597492218,-7.27868700027,1.35261750221,97198.3276367,34.3299980164,-53.208732605,False
59.1,0.101,-0.317,-0.55,0.3530394,0.71588545,12.50347875,31.0999984741,43.0577430725,3.36999988556,0.20307944715,-38.212600708,16.8924446106,-6.66797161102,1.33181166649,97197.6745605,34.4399986267,-56.1668395996,False
59.2,0.015,-0.387,-0.471,0.6472389,0.4118793,12.95458465,29.3400001526,40.9730987549,3.48000001907,-4.1094288826,-23.5896205902,17.2942695618,-6.02256679535,1.32483959198,97199.1638184,34.5599975586,-36.4833831787,False
59.300000000000004,0.015,-0.387,-0.471,0.6472389,0.4118793,12.95458465,27.3799991608,40.9730987549,3.56999993324,-4.1094288826,-23.5896205902,17.6041107178,-5.47849607468,1.33540534973,97199.1638184,34.6800003052,-28.4631729126,False
59.400000000000006,0.058,-0.425,-0.309,0.4511059,0.4511059,12.60154525,25.1299991608,40.9730987549,3.61999988556,-4.1094288826,-23.5896205902,18.0873985291,-4.42701482773,1.34593093395,97198.4191895,34.7999992371,-17.0520782471,False
59.5,0.058,-0.425,-0.309,0.4511059,0.4511059,12.60154525,22.3999996185,41.3777732849,3.58999991417,-3.62269043922,-14.5714845657,18.2202644348,-4.11216306686,1.32320868969,97198.4191895,34.9199981689,-4.94556427002,False
59.6,-0.01,-0.443,-0.272,0.93163175,0.55897905,13.20955755,19.2999992371,41.3777732849,3.5,-3.62269043922,-14.5714845657,18.5690727234,-3.17313575745,1.24423491955,97205.279541,35.0400009155,5.37767410278,False
59.7,-0.028,-0.406,-0.301,0.8433719,0.5295591,12.22889255,16.1599998474,41.3777732849,3.32999992371,-3.62269043922,-14.5714845657,18.8626441956,-2.12371206284,1.21074450016,97209.6801758,35.1399993896,8.30364227295,False
59.800000000000004,-0.285,-0.421,-0.296,0.95124505,0.6472389,11.85623985,12.8400001526,41.3777732849,3.15999984741,-3.62269043922,-14.5714845657,19.0044631958,-1.41597783566,1.24295091629,97208.4411621,35.25,5.20668029785,False
59.900000000000006,-0.43,-0.388,-0.274,0.81395195,1.10815145,12.4936721,9.43999958038,41.3777732849,2.95000004768,-3.62269043922,-14.5714845657,19.0922260284,-0.838559031487,1.18324446678,97209.979248,35.3600006104,20.8445549011,False
60.0,-0.629,-0.366,-0.285,1.0198916,0.784532,14.3569356,5.75999975204,37.1106948853,2.96000003815,-0.496703267097,-1.89355194569,19.202123642,-0.0526197366416,0.980042994022,97213.8183594,35.469997406,10.7851982117,False
60.1,-0.69,-0.342,-0.288,1.0787315,0.65704555,15.83773975,1.91999995708,37.1106948853,2.87999987602,-0.496703267097,-1.89355194569,19.2677459717,0.84178841114,0.570564806461,97213.8183594,35.5599975586,2.20785140991,False
60.2,-0.69,-0.342,-0.288,1.0787315,0.65704555,15.83773975,-2.1099998951,37.1106948853,2.99000000954,-0.496703267097,-1.89355194569,19.2841644287,1.11898326874,0.409569531679,97211.7492676,35.6100006104,-40.5874252319,False
60.300000000000004,-0.727,-0.227,-0.182,0.9022118,0.2941995,14.2588691,-5.71000003815,23.6315345764,3.04999995232,1.74183452129,5.53071641922,19.2520580292,2.05943179131,-0.242897897959,97216.8273926,35.6199989319,-82.1588516235,False
60.400000000000006,-0.589,-0.174,-0.135,0.5099458,0.53936575,12.1014061,-8.67000007629,23.6315345764,3.11999988556,1.74183452129,5.53071641922,19.1953201294,2.35619902611,-0.453075349331,97213.7145996,35.5799980164,-117.852020264,False
60.5,-0.309,-0.103,-0.179,0.28439285,0.24516625,10.54214875,-10.7299995422,23.6315345764,3.05999994278,1.74183452129,5.53071641922,19.1386375427,2.648198843,-0.609538853168,97212.713623,35.5099983215,-118.517303467,False
60.6,-0.348,-0.168,-0.163,0.38245935,0.1765197,12.160246,-12.4899997711,23.6315345764,2.96000003815,1.74183452129,5.53071641922,19.0354194641,2.94927668571,-0.800187885761,97210.8520508,35.4099998474,-112.377166748,False
60.7,-0.591,-0.174,-0.11,0.3334261,-0.50013915,12.54270535,-14.1300001144,12.5262708664,2.79999995232,3.68606615067,10.0632829666,18.9200496674,3.21164298058,-1.07359480858,97208.1237793,35.3099975586,-93.1032180786,False
60.800000000000004,-0.591,-0.174,-0.11,0.3334261,-0.50013915,12.54270535,-15.7999992371,12.5262708664,2.45000004768,3.68606615067,10.0632829666,18.8596286774,3.28982448578,-1.13252389431,97208.1237793,35.1800003052,-98.1023788452,False
60.900000000000006,-0.53,-0.088,0.094,0.00980665,-0.3138128,9.6693569,-17.0,12.5262708664,1.90999996662,3.68606615067,10.0632829666,18.6886520386,3.44881629944,-1.10657894611,97203.90625,35.0400009155,-70.6768035889,False
61.0,-0.563,-0.044,0.142,0.0,0.0392266,9.610517,-17.7099990845,3.34466338158,1.39999997616,5.1774187088,10.0544948578,18.5730571747,3.45642971992,-1.13735544682,97199.2492676,34.8999977112,-48.9185333252,False
61.1,-0.658,-0.054,0.16,0.0784532,0.6080123,10.67944185,-18.0100002289,3.34466338158,0.889999985695,5.1774187088,10.0544948578,18.4529647827,3.37124657631,-1.1667277813,97199.7802734,34.7599983215,-39.0802383423,False
61.2,-0.605,0.004,0.105,0.1372931,0.392266,10.8461549,-17.859998703,3.34466338158,0.509999990463,5.1774187088,10.0544948578,18.3332939148,3.14510941505,-1.31401026249,97198.9196777,34.6199989319,-32.8927993774,False
61.300000000000004,-0.605,0.004,0.105,0.1372931,0.392266,10.8461549,-17.3099994659,-8.41738986969,0.209999993443,5.3551659584,7.80474710464,18.2595443726,2.91547250748,-1.3297945261,97198.9196777,34.4599990845,-32.2587966919,False
61.400000000000006,-0.283,0.074,0.008,0.10787315,0.0980665,8.3160392,-16.4899997711,-8.41738986969,-0.109999999404,5.3551659584,7.80474710464,18.2088794708,2.66971635818,-1.23913562298,97192.8039551,34.2999992371,-9.81311798096,False
61.5,-0.287,0.089,0.029,0.0784532,-0.1372931,7.54131385,-15.7899999619,-8.41738986969,-0.649999976158,5.3551659584,7.80474710464,18.1649684906,2.49114155769,-1.04428231716,97191.6137695,34.1499977112,36.9687080383,False
61.6,-0.216,0.042,0.076,0.26477955,0.20593965,8.56120545,-14.8999996185,-8.41738986969,-1.26999998093,5.3551659584,7.80474710464,18.1262531281,2.22574067116,-0.86578565836,97190.6677246,34.0200004578,64.6249771118,False
61.7,-0.09,0.043,0.086,0.34323275,0.06864655,8.48275225,-13.7899999619,-8.41738986969,-1.79999995232,5.3551659584,7.80474710464,18.1009063721,1.92294049263,-0.719018995762,97195.0500488,33.9099998474,89.387802124,False
61.800000000000004,-0.09,0.043,0.086,0.34323275,0.06864655,8.48275225,-12.4899997711,-16.2821083069,-2.26999998093,3.2184112072,7.16125106812,18.0882854462,1.79734575748,-0.65568625927,97195.0500488,33.8199996948,109.219070435,False
61.900000000000006,-0.076,0.023,0.104,0.36284605,0.2549729,8.63965865,-11.2199993134,-16.2821083069,-2.64999985695,3.2184112072,7.16125106812,18.0804443359,1.26536071301,-0.394129544497,97190.5029297,33.75,122.936538696,False
62.0,-0.076,0.023,0.104,0.36284605,0.2549729,8.63965865,-9.76999950409,-16.2821083069,-3.02999997139,3.2184112072,7.16125106812,18.0864582062,1.14403617382,-0.335168808699,97190.5029297,33.7000007629,136.784942627,False
62.1,0.077,0.036,0.141,0.38245935,0.1372931,7.6884136,-8.40999984741,-16.2821083069,-3.28999996185,3.2184112072,7.16125106812,18.106338501,0.678982496262,-0.0527925975621,97190.5273438,33.6599998474,148.37322998,False
62.2,0.077,0.036,0.141,0.38245935,0.1372931,7.6884136,-7.07999992371,-17.6058368683,-3.52999997139,1.43862450123,5.09315776825,18.1152992249,0.575635492802,0.0550408549607,97190.5273438,33.6399993896,160.695648193,False
62.300000000000004,0.138,0.044,0.148,0.4118793,0.1569064,7.3549875,-5.81999969482,-17.6058368683,-3.80999994278,1.43862450123,5.09315776825,18.1447048187,0.286195248365,0.389497548342,97190.8630371,33.6499977112,176.683990479,False
62.400000000000006,-0.009,0.043,0.154,0.8237586,1.00761236451e-15,8.22777935,-4.51999998093,-17.6058368683,-3.80999994278,1.43862450123,5.09315776825,18.1900653839,-0.0664264708757,0.666946768761,97193.2189941,33.6899986267,190.11630249,False
62.5,0.058,0.033,0.209,1.10815145,-0.1569064,8.5317855,-3.19999980927,-16.6085586548,-3.75,-0.111082352698,2.74142885208,18.245092392,-0.26645937562,0.762391030788,97196.1791992,33.75,188.724136353,False
62.6,0.166,0.041,0.218,1.0591182,-0.2941995,8.40429905,-1.80999994278,-16.6085586548,-3.66999983788,-0.111082352698,2.74142885208,18.2951393127,-0.503309190273,0.930578172207,97197.1374512,33.8299980164,187.368484497,False
62.7,0.261,0.02,0.25,1.01008495,-0.0392266,8.12971285,-0.539999961853,-16.6085586548,-3.39999985695,-0.111082352698,2.74142885208,18.3512878418,-0.72084915638,1.12126719952,97199.0966797,33.9300003052,169.944473267,False
62.800000000000004,0.261,0.02,0.25,1.01008495,-0.0392266,8.12971285,0.729999959469,-16.6085586548,-3.04999995232,-0.111082352698,2.74142885208,18.3764514923,-0.853062927723,1.24626612663,97199.0966797,34.0499992371,166.999816895,False
62.900000000000006,0.386,-0.037,0.243,0.8433719,0.2549729,8.9436648,2.07999992371,-12.8067407608,-2.66999983788,-1.78876471519,-1.81138455868,18.4843711853,-1.21766841412,1.45401573181,97200.8544922,34.1899986267,156.825439453,False
63.0,0.374,-0.048,0.211,0.97085835,0.392266,9.58109705,3.47000002861,-12.8067407608,-2.28999996185,-1.78876471519,-1.81138455868,18.562330246,-1.44085776806,1.4794563055,97200.8544922,34.3400001526,154.513641357,False
63.1,0.153,-0.016,0.152,1.20621795,0.6864655,10.1400761,4.88000011444,-12.8067407608,-1.75999999046,-1.78876471519,-1.81138455868,18.6331214905,-1.61789751053,1.42355191708,97202.9174805,34.5,140.517608643,False
63.2,0.247,-0.022,0.079,1.26505785,0.6864655,9.79684335,6.30999994278,-12.8067407608,-1.30999994278,-1.78876471519,-1.81138455868,18.7004737854,-1.84396338463,1.37669968605,97206.5185547,34.6499977112,119.551559448,False
63.300000000000004,0.395,0.007,-0.013,1.16699135,0.6864655,9.62032365,7.73999977112,-5.84211397171,-0.819999992847,-1.92019367218,-6.22321033478,18.7603912354,-2.07479047775,1.40107607841,97206.5185547,34.7999992371,96.7746734619,False
63.400000000000006,0.23,0.001,-0.068,0.67665885,0.61781895,9.26728425,8.96000003815,-5.84211397171,-0.469999998808,-1.92019367218,-6.22321033478,18.8059902191,-2.18765664101,1.39564049244,97208.0993652,34.9300003052,92.1177825928,False
63.5,0.339,-0.013,-0.075,0.75511205,0.16671305,9.2770909,9.92000007629,-5.84211397171,-0.159999996424,-1.92019367218,-6.22321033478,18.8532466888,-2.27297353745,1.42122137547,97208.0993652,35.0699996948,89.551071167,False
63.6,0.399,-0.065,-0.016,0.7453054,0.18632635,10.54214875,10.6099996567,-5.84211397171,0.0999999940395,-1.92019367218,-6.22321033478,18.9082660675,-2.30664277077,1.40398287773,97209.4421387,35.219997406,88.4186706543,False
63.7,0.399,-0.065,-0.016,0.7453054,0.18632635,10.54214875,11.0799999237,-5.84211397171,0.439999997616,-1.92019367218,-6.22321033478,18.9466018677,-2.31164741516,1.34143698215,97209.4421387,35.3600006104,74.3756256104,False
63.800000000000004,0.248,-0.011,0.059,0.8433719,-0.00980665,9.01231135,11.3299999237,3.17208075523,0.689999997616,-1.0958545208,-5.55509328842,19.0118598938,-2.2640068531,1.33722448349,97212.5671387,35.5,68.8448944092,False
63.900000000000006,0.231,-0.058,0.101,1.0787315,0.34323275,11.15016105,11.4099998474,3.17208075523,0.839999973774,-1.0958545208,-5.55509328842,19.0655384064,-2.20861339569,1.31013190746,97212.5671387,35.6300010681,71.1724243164,False
64.0,0.103,-0.062,0.083,0.8825985,0.7060788,11.3364874,11.5099992752,3.17208075523,1.13999998569,-1.0958545208,-5.55509328842,19.1204853058,-2.16494989395,1.15165543556,97213.9587402,35.7599983215,56.2938690186,False
64.10000000000001,0.136,-0.029,-0.005,0.87279185,0.6080123,10.5519554,11.6700000763,5.99767827988,1.43999993801,-0.392027139664,-6.85641050339,19.138633728,-2.13731408119,1.09855425358,97224.0905762,35.8800010681,32.0344924927,False
64.2,-0.015,0.006,-0.102,0.51975245,0.38245935,8.4729456,11.7299995422,5.99767827988,1.57999992371,-0.392027139664,-6.85641050339,19.1523036957,-2.07834434509,1.10192286968,97222.5036621,35.9799995422,27.4522781372,False
64.3,0.128,-0.04,-0.116,0.6472389,0.36284605,9.32612415,11.6899995804,5.99767827988,1.67999994755,-0.392027139664,-6.85641050339,19.1532669067,-2.00007224083,1.19534265995,97222.5036621,36.0900001526,28.9786338806,False
64.4,0.144,-0.1,-0.142,0.4118793,0.63743225,10.81673495,11.5699996948,7.4675526619,1.88999998569,-0.0770146548748,-5.43163728714,19.1766624451,-1.89988136292,1.11271512508,97226.9348145,36.2099990845,19.9953079224,False
64.5,0.085,-0.104,-0.136,0.77472535,0.42168595,11.42474725,11.3499994278,7.4675526619,2.23000001907,-0.0770146548748,-5.43163728714,19.1821861267,-1.8070909977,0.979962587357,97226.2878418,36.3299980164,5.15775680542,False
64.60000000000001,0.003,-0.12,-0.118,0.63743225,0.6080123,12.7094184,10.9399995804,7.4675526619,2.57999992371,-0.0770146548748,-5.43163728714,19.2035484314,-1.60637319088,0.638036370277,97225.958252,36.4300003052,-13.117980957,False
64.7,0.147,-0.135,-0.13,1.0198916,0.2941995,13.8469898,10.4399995804,9.23188686371,2.82999992371,1.46208620071,-2.79875874519,19.217212677,-1.42311728001,0.297433197498,97232.2692871,36.5200004578,-28.9434432983,False
64.8,-0.152,-0.089,-0.085,0.38245935,0.50013915,10.42446895,9.69999980927,9.23188686371,3.12999987602,1.46208620071,-2.79875874519,19.2169742584,-1.31265151501,0.149642333388,97230.5908203,36.5699996948,-59.0469360352,False
64.9,-0.107,-0.064,-0.099,0.51975245,0.28439285,9.60071035,9.02999973297,9.23188686371,3.11999988556,1.46208620071,-2.79875874519,19.1798858643,-1.18586087227,0.108570627868,97228.5705566,36.5900001526,-58.8737487793,False
65.0,-0.061,-0.1,-0.13,0.26477955,0.2745862,10.18910935,8.53999996185,9.23188686371,2.95000004768,1.46208620071,-2.79875874519,19.1305618286,-1.07388937473,0.141437888145,97230.5297852,36.5999984741,-35.3607177734,False
65.10000000000001,0.002,-0.07,-0.118,0.30400615,0.04903325,9.46341725,8.05999946594,9.23188686371,2.88999986649,1.46208620071,-2.79875874519,19.0915317535,-0.965487420559,0.131180867553,97229.284668,36.6100006104,-31.6091537476,False
65.2,0.105,-0.104,-0.088,0.51975245,0.196133,11.2188076,7.35999965668,8.06580448151,2.80999994278,3.11706566811,0.397385776043,19.0467987061,-0.808767914772,0.109469749033,97226.4099121,36.6300010681,-22.9700088501,False
65.3,0.019,-0.11,-0.06,0.38245935,0.44129925,11.1991943,6.71999979019,8.06580448151,2.70000004768,3.11706566811,0.397385776043,18.9717292786,-0.626277089119,-0.0498777851462,97229.2724609,36.6499977112,-22.1870422363,False
65.4,-0.12,-0.071,-0.048,0.2941995,0.392266,10.56176205,5.90999984741,8.06580448151,2.75,3.11706566811,0.397385776043,18.9180240631,-0.504019737244,-0.145672783256,97229.2724609,36.6499977112,-29.2959213257,False
65.5,-0.055,-0.044,-0.041,0.53936575,0.3530394,10.48330885,5.19000005722,8.06580448151,2.51999998093,3.11706566811,0.397385776043,18.8294181824,-0.303873330355,-0.292652159929,97228.6621094,36.6499977112,-19.3426132202,False
65.60000000000001,-0.021,-0.044,-0.048,0.4903325,0.50013915,10.4342756,4.51999998093,8.06580448151,2.42999982834,3.11706566811,0.397385776043,18.7533912659,-0.186977639794,-0.39372831583,97227.2888184,36.6300010681,-15.9023284912,False
65.7,-0.065,-0.031,-0.056,0.77472535,0.3138128,10.38524235,3.82999992371,7.96536493301,2.36999988556,4.72895002365,2.2616341114,18.6905841827,-0.0553669333458,-0.50494158268,97229.284668,36.5999984741,-17.9357528687,False
65.8,-0.065,-0.031,-0.056,0.77472535,0.3138128,10.38524235,3.07999992371,7.96536493301,2.18000006676,4.72895002365,2.2616341114,18.6178417206,0.0870099291205,-0.65712583065,97229.284668,36.5599975586,-9.45663452148,False
65.9,-0.217,0.001,-0.052,0.6080123,0.55897905,10.1793027,2.48000001907,7.96536493301,1.90999996662,4.72895002365,2.2616341114,18.5803279877,0.137839570642,-0.728826165199,97227.520752,36.5099983215,7.04584121704,False
66.0,-0.235,0.009,-0.064,0.4314926,0.40207265,9.24767095,1.99000000954,7.96536493301,1.68999993801,4.72895002365,2.2616341114,18.5329551697,0.213591471314,-0.782184064388,97225.994873,36.4399986267,17.1041488647,False
66.10000000000001,-0.129,0.049,-0.076,0.34323275,0.40207265,8.42391235,1.58999991417,4.24642419815,1.28999996185,4.7680273056,3.82467842102,18.4685783386,0.273874610662,-0.694691777229,97223.8952637,36.3600006104,32.8364372253,False
66.2,-0.003,0.041,-0.073,0.7060788,0.02941995,8.629852,1.18999993801,4.24642419815,0.939999997616,4.7680273056,3.82467842102,18.4285030365,0.324541091919,-0.580305278301,97225.994873,36.2900009155,46.6481208801,False
66.3,-0.003,0.041,-0.073,0.7060788,0.02941995,8.629852,0.789999961853,4.24642419815,0.629999995232,4.7680273056,3.82467842102,18.3961238861,0.389258772135,-0.516760349274,97225.994873,36.2299995422,61.9025230408,False
66.4,-0.001,0.01,-0.033,0.6080123,-0.02941995,9.1397978,0.34999999404,3.86362290382,0.389999985695,4.114839077,4.75889348984,18.38372612,0.415592253208,-0.48063325882,97225.7385254,36.1800003052,75.146484375,False
66.5,-0.021,0.048,0.041,0.8433719,-0.0784532,7.81590005,0.0899999961257,3.86362290382,0.119999997318,4.114839077,4.75889348984,18.3628120422,0.515378952026,-0.263923674822,97222.833252,36.1499977112,92.8069152832,False
66.60000000000001,-0.031,0.036,0.078,0.784532,0.2941995,8.1199062,-0.340000003576,3.86362290382,-0.109999999404,4.114839077,4.75889348984,18.3740234375,0.570455253124,-0.159570395947,97220.9289551,36.1199989319,110.962677002,False
66.7,-0.057,0.018,0.072,1.20621795,-0.1372931,8.8063717,0.159999996424,3.86362290382,0.370000004768,4.114839077,4.75889348984,18.3846569061,0.596958398819,-0.0306335948408,97223.5534668,36.1199989319,125.147438049,False
66.8,-0.057,0.018,0.072,1.20621795,-0.1372931,8.8063717,-0.179999992251,2.60920333862,-0.399999976158,3.28760266304,3.66285967827,18.3986816406,0.624781548977,0.0400454103947,97223.5534668,36.1199989319,122.699928284,False
66.9,-0.164,0.032,0.079,1.176798,0.2353596,8.99269805,-0.379999995232,2.60920333862,-0.42999997735,3.28760266304,3.66285967827,18.4382343292,0.641147494316,0.217362239957,97226.5808105,36.1399993896,122.747612,False
67.0,-0.111,0.063,0.04,0.91201845,0.7649187,8.4533323,0.729999959469,2.60920333862,-1.09000003338,3.28760266304,3.66285967827,18.4795093536,0.618695914745,0.307318717241,97226.8188477,36.1800003052,113.39969635,False
67.10000000000001,-0.08,0.077,-0.013,1.18660465,0.5099458,8.2179727,0.949999988079,2.60920333862,-0.140000000596,3.28760266304,3.66285967827,18.5351886749,0.580674767494,0.45590493083,97229.1870117,36.2299995422,112.920188904,False
67.2,-0.079,0.062,-0.023,0.99047165,0.57859235,8.18855275,1.12000000477,0.305382370949,0.140000000596,1.71951580048,2.48398828506,18.6060810089,0.544124722481,0.589310050011,97229.8950195,36.2900009155,108.143997192,False
67.3,-0.009,0.031,-0.032,1.14737805,0.0980665,8.5121722,6.83999967575,0.305382370949,1.09000003338,1.71951580048,2.48398828506,18.6910495758,0.50791311264,0.760524392128,97230.5114746,36.3699989319,107.862182617,False
67.4,0.161,-0.008,-0.013,1.1964113,-0.0588399,8.9240515,7.23999977112,0.305382370949,0.599999964237,1.71951580048,2.48398828506,18.7469539642,0.492164760828,0.843005418777,97233.5205078,36.469997406,106.414985657,False
67.5,0.161,-0.008,-0.013,1.1964113,-0.0588399,8.9240515,9.1799993515,0.305382370949,0.109999999404,1.71951580048,2.48398828506,18.8291683197,0.492909699678,0.904289722443,97233.5205078,36.5799980164,102.338317871,False
67.60000000000001,0.168,-0.012,1.4695761589800001e-18,0.97085835,0.28439285,9.24767095,9.61999988556,0.769439995289,1.11000001431,0.945942044258,3.00611376762,18.8682403564,0.495227515697,0.933755517006,97228.2165527,36.6899986267,103.247924805,False
67.7,0.249,-0.02,0.037,1.12776475,-0.0588399,9.36535075,9.96000003815,0.769439995289,1.49000000954,0.945942044258,3.00611376762,18.9955291748,0.539907038212,1.01106929779,97232.4523926,36.8099975586,96.720413208,False
67.8,0.301,-0.055,0.061,1.18660465,0.38245935,10.58137535,17.8500003815,0.769439995289,1.65999996662,0.945942044258,3.00611376762,19.061252594,0.563740849495,1.00532317162,97233.6303711,36.9300003052,87.1695556641,False
67.9,0.435,-0.059,-0.006,1.1375714,0.4118793,11.5130071,18.4799995422,5.81770706177,1.97999989986,1.17164778709,2.33462166786,19.1477527618,0.640969634056,0.894267618656,97237.5854492,37.0499992371,69.7067260742,False
68.0,0.421,-0.061,-0.039,0.93163175,0.67665885,10.591182,22.8099994659,5.81770706177,3.08999991417,1.17164778709,2.33462166786,19.2057819366,0.742822885513,0.775033891201,97237.5427246,37.1499977112,43.1455612183,False
68.10000000000001,0.368,-0.092,-0.078,0.85317855,0.32361945,10.8461549,23.2099990845,5.81770706177,2.77999997139,1.17164778709,2.33462166786,19.2434558868,0.865438938141,0.709801197052,97236.9812012,37.25,24.0970611572,False
68.2,0.412,-0.073,-0.076,0.8825985,0.7060788,10.3362091,28.7299995422,12.298456192,2.31999993324,1.84329473972,3.20221972466,19.2621898651,1.07143425941,0.619366109371,97237.9333496,37.3299980164,14.1798019409,False
68.3,0.437,-0.073,-0.102,0.87279185,0.67665885,10.26756255,28.9399986267,12.298456192,3.32999992371,1.84329473972,3.20221972466,19.2891788483,1.26536631584,0.579053759575,97237.9333496,37.4099998474,2.60562896729,False
68.4,0.355,-0.075,-0.11,0.980665,0.4314926,9.7281968,28.9599990845,12.298456192,3.6899998188,1.84329473972,3.20221972466,19.3151302338,1.56705021858,0.576204478741,97241.5222168,37.469997406,-1.02157592773,False
68.5,0.432,-0.123,-0.13,1.0002783,0.392266,10.83634825,33.6699981689,12.298456192,3.83999991417,1.84329473972,3.20221972466,19.322435379,1.87603163719,0.563215792179,97240.3076172,37.5400009155,3.78017425537,False
68.60000000000001,0.522,-0.15,-0.157,0.784532,0.588399,11.375714,33.5599975586,12.298456192,3.97000002861,1.84329473972,3.20221972466,19.3101673126,2.16642522812,0.50169980526,97242.7490234,37.5999984741,-1.54666900635,False
68.7,0.471,-0.109,-0.19,0.87279185,1.06892485,10.20872265,37.5400009155,24.1088352203,4.15999984741,2.95091485977,7.03859424591,19.2798023224,2.54516482353,0.461941063404,97243.8232422,37.6499977112,3.63130569458,False
68.8,0.412,-0.15,-0.227,1.24544455,0.42168595,11.0815145,37.2999992371,24.1088352203,4.36000013351,2.95091485977,7.03859424591,19.2432117462,3.08243441582,0.453900039196,97240.1794434,37.7099990845,1.38959884644,False
68.9,0.44,-0.203,-0.237,1.28467115,0.3530394,11.44436055,36.8099975586,24.1088352203,4.55999994278,2.95091485977,7.03859424591,19.1887397766,3.62832999229,0.403639674187,97241.7175293,37.7599983215,-6.09455108643,False
69.0,0.44,-0.203,-0.237,1.28467115,0.3530394,11.44436055,41.1699981689,31.9778251648,4.75999975204,3.24871063232,11.5921382904,19.1593952179,3.87800455093,0.385649681091,97241.7175293,37.8099975586,-4.83741760254,False
69.10000000000001,0.37,-0.21,-0.227,1.26505785,0.50013915,10.7480884,40.6100006104,31.9778251648,4.92999982834,3.24871063232,11.5921382904,19.0161457062,4.80423545837,0.413129746914,97245.5444336,37.8600006104,-6.89163208008,False
69.2,0.237,-0.227,-0.234,1.1179581,0.79433865,9.89490985,39.9399986267,31.9778251648,5.0,3.24871063232,11.5921382904,18.9130916595,5.38574409485,0.508801162243,97243.9819336,37.8999977112,10.7765197754,False
69.3,0.031,-0.228,-0.247,1.24544455,0.65704555,10.32640245,42.8600006104,31.9778251648,4.85999965668,3.24871063232,11.5921382904,18.8311004639,5.82615470886,0.60727417469,97243.4326172,37.9599990845,38.3197784424,False
69.4,-0.004,-0.208,-0.321,1.44157755,1.0395049,11.01286795,42.3899993896,38.2907104492,4.78999996185,3.75186228752,18.511806488,18.6688308716,6.4981803894,0.705416500568,97250.1647949,38.0200004578,57.6378822327,False
69.5,-0.022,-0.213,-0.36,1.6867438,0.65704555,10.9049948,44.0599975586,38.2907104492,4.73000001907,3.75186228752,18.511806488,18.5212097168,7.10632133484,0.763601899147,97247.7783203,38.0999984741,57.6935768127,False
69.60000000000001,0.037,-0.238,-0.386,1.89268345,0.588399,11.7091401,43.6100006104,38.2907104492,5.07999992371,3.75186228752,18.511806488,18.3791885376,7.61901664734,0.78566634655,97262.3901367,38.1800003052,44.3959236145,False
69.7,0.037,-0.238,-0.386,1.89268345,0.588399,11.7091401,44.8199996948,38.2907104492,5.48999977112,3.75186228752,18.511806488,18.2495708466,8.03548622131,0.763438999653,97262.3901367,38.2700004578,15.2980804443,False
69.8,0.143,-0.327,-0.351,1.5102241,0.4707192,13.83718315,44.8199996948,38.2907104492,5.8799996376,3.75186228752,18.511806488,17.7755870819,9.30238819122,0.624335944653,97260.2722168,38.3600006104,-12.2852325439,False
69.9,0.292,-0.399,-0.261,1.8240369,0.0196133,15.102241,44.8099975586,40.6695404053,6.19999980927,2.7186589241,31.3733406067,17.3704738617,10.1892938614,0.494671791792,97261.5844727,38.4500007629,-39.8790359497,False
70.0,0.193,-0.43,-0.176,1.6867438,0.51975245,15.03359445,44.7700004578,40.6695404053,7.53999996185,2.7186589241,31.3733406067,17.0000343323,10.8670768738,0.386830657721,97250.5432129,38.5299987793,-69.6146011353,False
70.10000000000001,0.109,-0.438,-0.153,1.4709975,0.7453054,15.11204765,44.7099990845,40.6695404053,7.21000003815,2.7186589241,31.3733406067,16.4758796692,11.6975488663,0.227428674698,97267.1142578,38.5999984741,-90.7969512939,False
70.2,-0.242,-0.396,-0.2,1.30428445,1.42196425,14.2784824,44.6299972534,44.2200737,7.2999997139,5.6138048172,39.9425849915,15.7757349014,12.6253767014,0.0379698090255,97267.1142578,38.6499977112,-108.898071289,False
70.3,-0.41,-0.357,-0.244,1.53964405,1.20621795,14.52364865,44.5799980164,44.2200737,7.32999992371,5.6138048172,39.9425849915,15.2205810547,13.274096489,-0.107687957585,97256.5185547,38.6800003052,-116.722396851,False
70.4,-0.098,-0.313,-0.352,1.2748645,0.77472535,11.9444997,44.5699996948,44.2200737,7.48000001907,5.6138048172,39.9425849915,14.7847089767,13.7619371414,-0.182074636221,97265.045166,38.6899986267,-114.88218689,False
70.5,-0.098,-0.313,-0.352,1.2748645,0.77472535,11.9444997,44.5999984741,44.2200737,6.80999994278,5.6138048172,39.9425849915,14.5291404724,14.0269699097,-0.0954356715083,97265.045166,38.6899986267,-104.298492432,False
70.60000000000001,-0.064,-0.232,-0.458,1.0002783,0.8629852,10.8069283,44.6599998474,44.2200737,7.13999986649,5.6138048172,39.9425849915,13.9710226059,14.5756874084,0.105609543622,97250.1831055,38.7000007629,-61.5940093994,False
70.7,0.082,-0.266,-0.469,1.2160246,0.73549875,12.15043935,44.7299995422,40.7731819153,7.23000001907,5.22843170166,50.7100868225,13.3699626923,15.0809841156,0.16255453229,97250.1831055,38.719997406,-45.2512741089,False
70.8,0.069,-0.329,-0.438,1.176798,0.55897905,13.81756985,44.75,40.7731819153,7.25,5.22843170166,50.7100868225,12.8861684799,15.4706850052,0.114985473454,97247.7233887,38.7399978638,-44.5335388184,False
70.9,0.134,-0.36,-0.41,1.10815145,0.7649187,13.4154972,44.7700004578,40.7731819153,7.48999977112,5.22843170166,50.7100868225,12.0421199799,16.0539836884,0.0135062607005,97257.0678711,38.7599983215,-64.0287399292,False
71.0,0.056,-0.389,-0.365,1.2160246,0.55897905,12.81729155,44.7700004578,40.7731819153,8.26000022888,5.22843170166,50.7100868225,11.4862995148,16.4047164917,-0.0138544654474,97247.5341797,38.7700004578,-80.5282592773,False
71.10000000000001,0.149,-0.455,-0.324,1.38273765,1.73179622124e-15,14.1411893,44.7000007629,40.7731819153,7.71000003815,5.22843170166,50.7100868225,10.7051429749,16.8408966064,-0.0610493980348,97260.6933594,38.7700004578,-77.1616973877,False
71.2,0.186,-0.488,-0.239,1.6279039,0.0784532,14.75900825,44.0299987793,44.4774169922,7.17999982834,4.31067562103,67.1577377319,9.8090877533,17.2817001343,-0.144708409905,97255.2490234,38.7599983215,-82.0260009766,False
71.3,-0.01,-0.463,-0.172,1.73577705,0.51975245,13.20955755,42.219997406,44.4774169922,8.06999969482,4.31067562103,67.1577377319,8.88760185242,17.6852359772,-0.234670042992,97254.8400879,38.7399978638,-90.3881072998,False
71.4,-0.14,-0.455,-0.177,1.7063571,0.83356525,13.77834325,40.3600006104,44.4774169922,8.1799993515,4.31067562103,67.1577377319,8.03776073456,17.990852356,-0.269679009914,97254.8400879,38.719997406,-83.5746765137,False
71.5,-0.213,-0.441,-0.253,1.69655045,0.980665,14.52364865,38.7900009155,44.4774169922,8.01000022888,4.31067562103,67.1577377319,7.18126249313,18.2432174683,-0.35212790966,97266.217041,38.6899986267,-85.8808517456,False
71.60000000000001,-0.215,-0.403,-0.324,1.6279039,0.77472535,15.494507,36.6899986267,45.8152122498,7.89999961853,7.49871253967,76.3156204224,6.02683067322,18.4677677155,-0.574907898903,97266.217041,38.6599998474,-96.7292785645,False
71.7,-0.211,-0.377,-0.351,1.4121576,0.7060788,14.73939495,34.0799980164,45.8152122498,7.88999986649,7.49871253967,76.3156204224,5.26627588272,18.5636558533,-0.708478689194,97261.4562988,38.6100006104,-124.555778503,False
71.8,-0.211,-0.377,-0.351,1.4121576,0.7060788,14.73939495,31.3499984741,45.8152122498,7.73999977112,7.49871253967,76.3156204224,3.96505904198,18.6096515656,-0.954052090645,97261.4562988,38.5400009155,-133.857345581,False
71.9,-0.249,-0.314,-0.368,1.01008495,0.93163175,13.05265115,28.4599990845,45.8152122498,7.48999977112,7.49871253967,76.3156204224,3.49046897888,18.5909137726,-1.01467335224,97247.3510742,38.469997406,-138.341522217,False
72.0,-0.316,-0.292,-0.366,0.63743225,0.95124505,12.1798593,25.8499984741,41.1955909729,7.44000005722,8.05276870728,89.845161438,2.56766462326,18.5180740356,-1.05422604084,97251.4953613,38.3699989319,-140.425689697,False
72.10000000000001,-0.242,-0.316,-0.359,0.8433719,0.196133,13.07226445,23.1800003052,41.1955909729,7.17999982834,8.05276870728,89.845161438,1.82985210419,18.4190597534,-1.10287296772,97236.1206055,38.25,-135.409729004,False
72.2,-0.249,-0.305,-0.325,0.9610517,0.28439285,12.5721253,20.1899986267,41.1955909729,7.06999969482,8.05276870728,89.845161438,1.41019523144,18.3284111023,-1.14657795429,97241.8029785,38.1299972534,-119.742393494,False
72.3,-0.553,-0.312,-0.24,1.14737805,0.46091255,14.9845612,17.1800003052,41.1955909729,6.75,8.05276870728,89.845161438,0.196597188711,18.0309581757,-1.43153762817,97241.4978027,38.0,-105.603599548,False
72.4,-0.528,-0.265,-0.209,0.93163175,0.34323275,14.28828905,13.7199993134,41.1955909729,6.5499997139,8.05276870728,89.845161438,-0.122361391783,17.9204368591,-1.56382107735,97235.7421875,37.8499984741,-117.112541199,False
72.5,-0.568,-0.23,-0.185,0.7060788,0.69627215,13.8666031,10.1899995804,33.9712181091,6.1299996376,8.80376911163,100.103515625,-0.779996335506,17.6459674835,-1.83866810799,97232.8552246,37.6699981689,-125.031089783,False
72.60000000000001,-0.568,-0.23,-0.185,0.7060788,0.69627215,13.8666031,7.05999994278,33.9712181091,5.61999988556,8.80376911163,100.103515625,-1.32502281666,17.3549880981,-2.08635783195,97232.8552246,37.4500007629,-128.881072998,False
72.7,-0.527,-0.094,-0.174,0.3138128,0.7060788,10.3558224,4.48999977112,33.9712181091,4.96000003815,8.80376911163,100.103515625,-1.81780457497,17.0362606049,-2.20134019852,97226.2878418,37.2099990845,-110.303497314,False
72.8,-0.511,-0.054,-0.198,0.0588399,0.91201845,9.79684335,2.65999984741,33.9712181091,4.26999998093,8.80376911163,100.103515625,-2.11871266365,16.7483692169,-2.19447255135,97224.5849609,36.9500007629,-73.9711761475,False
72.9,-0.577,-0.069,-0.226,0.44129925,0.32361945,11.6110736,1.22000002861,20.0788516998,3.48000001907,9.69782352448,106.846183777,-2.35017085075,16.5087413788,-2.27362585068,97224.5849609,36.6800003052,-36.9016647339,False
73.0,-0.577,-0.069,-0.226,0.44129925,0.32361945,11.6110736,-0.259999990463,20.0788516998,2.73000001907,9.69782352448,106.846183777,-2.43444824219,16.4027233124,-2.34536147118,97218.0297852,36.4099998474,-2.13241577148,False
73.10000000000001,-0.373,-0.004,-0.145,0.36284605,0.22555295,10.9442214,-1.87000000477,20.0788516998,2.01999998093,9.69782352448,106.846183777,-2.72029161453,16.0529346466,-2.63906025887,97210.9436035,36.1300010681,16.3766860962,False
73.2,-0.429,0.042,-0.083,0.4511059,0.16671305,9.01231135,-3.01999998093,20.0788516998,1.06999993324,9.69782352448,106.846183777,-2.84861850739,15.8211584091,-2.68104219437,97203.1616211,35.8199996948,46.6474533081,False
73.3,-0.429,0.042,-0.083,0.4511059,0.16671305,9.01231135,-3.90999984741,20.0788516998,-0.019999999553,9.69782352448,106.846183777,-2.8959710598,15.7567844391,-2.6423535347,97203.1616211,35.5099983215,92.1181640625,False
73.4,-0.31,0.043,-0.002,0.784532,0.1569064,10.3165958,-4.42000007629,7.80417776108,-1.09000003338,8.4274930954,110.376625061,-2.94032073021,15.5289230347,-2.6534485817,97198.0285645,35.1899986267,120.646194458,False
73.5,-0.429,0.086,0.002,0.42168595,0.3530394,9.03192465,-5.0,7.80417776108,-1.99000000954,8.4274930954,110.376625061,-2.93068599701,15.4380664825,-2.65140891075,97202.7770996,34.8699989319,137.661743164,False
73.60000000000001,-0.36,0.154,-0.016,0.79433865,0.12748645,6.5900688,-5.09999990463,7.80417776108,-2.91999983788,8.4274930954,110.376625061,-2.86947488785,15.3656311035,-2.46297860146,97197.9614258,34.5599975586,164.10017395,False
73.7,-0.301,0.145,-0.022,0.4314926,0.2745862,6.276256,-5.36999988556,7.80417776108,-3.86999988556,8.4274930954,110.376625061,-2.81338143349,15.3438692093,-2.07893657684,97193.2861328,34.2700004578,200.941467285,False
73.8,-0.216,0.184,-0.048,0.5687857,0.67665885,5.6094038,-5.27999973297,0.44521805644,-4.86999988556,5.91358327866,110.435112,-2.71887946129,15.346452713,-1.68742001057,97193.2861328,34.0200004578,240.567596436,False
73.9,-0.216,0.184,-0.048,0.5687857,0.67665885,5.6094038,-5.21000003815,0.44521805644,-5.61999988556,5.91358327866,110.435112,-2.64223003387,15.3797369003,-1.26944279671,97192.0532227,33.8099975586,281.483642578,False
74.0,-0.055,0.189,-0.062,0.93163175,0.0588399,5.4524974,-5.26999998093,0.44521805644,-6.39999961853,5.91358327866,110.435112,-2.59705400467,15.4227275848,-0.860323667526,97188.5314941,33.6499977112,313.027191162,False
74.10000000000001,-0.055,0.189,-0.062,0.93163175,0.0588399,5.4524974,-5.33999967575,-2.77252674103,-7.11999988556,2.60669994354,111.588531494,-2.60141420364,15.4500951767,-0.707408547401,97189.4897461,33.5400009155,345.620361328,False
74.2,-0.096,0.168,-2.0574066225700002e-17,1.02969825,0.24516625,6.69794195,-5.35999965668,-2.77252674103,-7.65999984741,2.60669994354,111.588531494,-2.51371788979,15.5869293213,-0.114377327263,97182.6782227,33.469997406,362.10736084,False
74.3,-0.077,0.196,0.002,1.38273765,0.04903325,6.0605097,-5.48999977112,-2.77252674103,-7.96000003815,2.60669994354,111.588531494,-2.4436237812,15.7015199661,0.240393325686,97185.4064941,33.4500007629,371.191986084,False
74.4,-0.041,0.159,-0.008,1.18660465,7.54208063064e-16,6.1585762,-5.48999977112,-2.77252674103,-8.06999969482,2.60669994354,111.588531494,-2.43832755089,15.799161911,0.53530985117,97183.8256836,33.4599990845,384.716308594,False
74.5,0.024,0.145,0.026,1.2356379,0.22555295,6.6292954,-5.69999980927,-4.57002496719,-8.21000003815,-2.10125160217,112.227348328,-2.4071688652,15.9207954407,0.863699257374,97183.8256836,33.5099983215,396.564483643,False
74.60000000000001,-0.018,0.1,0.065,1.4906108,0.0392266,7.50208725,-5.7999997139,-4.57002496719,-8.15999984741,-2.10125160217,112.227348328,-2.37327980995,16.1192913055,1.1559214592,97189.3798828,33.5900001526,392.773803711,False
74.7,-0.024,0.105,0.076,1.5494507,0.02941995,7.58054045,-6.00999975204,-4.57002496719,-7.73000001907,-2.10125160217,112.227348328,-2.37302827835,16.2709655762,1.31864619255,97200.9216309,33.7000007629,384.422790527,False
74.8,-0.066,0.05,0.097,1.569064,0.46091255,10.91480145,-6.27999973297,-4.57002496719,-7.30999994278,-2.10125160217,112.227348328,-2.35978627205,16.4977779388,1.44679772854,97200.604248,33.8299980164,387.123596191,False
74.9,0.012,0.019,0.08,1.69655045,-0.4118793,11.5130071,-6.5,-5.2494301796,-6.94000005722,-4.63214921951,110.844810486,-2.3471429348,16.7545375824,1.3219448328,97196.9909668,33.9799995422,373.688018799,False
75.0,0.026,-0.003,0.196,1.59848395,-0.77472535,9.60071035,-6.89999961853,-5.2494301796,-6.30999994278,-4.63214921951,110.844810486,-2.37747979164,16.971868515,1.27579450607,97188.7817383,34.1300010681,341.264251709,False
75.10000000000001,0.073,-0.014,0.275,1.4709975,-0.4314926,8.1983594,-7.32999992371,-5.2494301796,-5.6299996376,-4.63214921951,110.844810486,-2.37193775177,17.1680622101,1.36769413948,97199.7802734,34.2599983215,310.947418213,False
75.2,-0.086,-0.052,0.256,1.3925443,0.46091255,9.48303055,-7.57999992371,-5.2494301796,-4.90000009537,-4.63214921951,110.844810486,-2.31643104553,17.3728656769,1.44986748695,97205.1513672,34.3899993896,287.902832031,False
75.3,-0.365,-0.057,0.173,1.38273765,0.91201845,11.93469305,-7.3799996376,-5.2494301796,-4.19999980927,-4.63214921951,110.844810486,-2.11745667458,17.6673336029,1.30001652241,97209.0209961,34.5200004578,258.236694336,False
75.4,-0.287,-0.02,0.035,1.14737805,0.87279185,10.75789505,-6.69999980927,-6.72334623337,-3.29999995232,-5.22356891632,105.202583313,-1.95084762573,17.8608951569,1.20054614544,97213.28125,34.6499977112,201.42755127,False
75.5,-0.066,-0.036,-0.119,0.51975245,0.36284605,9.95374975,-5.92999982834,-6.72334623337,-2.5,-5.22356891632,105.202583313,-1.67617332935,18.1279449463,1.15781199932,97205.670166,34.7700004578,159.496124268,False
75.60000000000001,0.0,-0.152,-0.098,0.7256921,-0.36284605,11.93469305,-5.13000011444,-6.72334623337,-1.89999997616,-5.22356891632,105.202583313,-1.59509468079,18.197057724,1.12417185307,97205.670166,34.8800010681,128.752044678,False
75.7,0.076,-0.139,-0.027,0.73549875,-0.32361945,11.89546645,-4.56999969482,-6.72334623337,-1.11000001431,-5.22356891632,105.202583313,-1.41725575924,18.3873882294,0.875553369522,97214.6850586,34.9799995422,108.322998047,False
75.8,0.034,-0.157,0.089,0.5491724,0.04903325,12.40541225,-3.84999990463,-6.72334623337,-0.669999957085,-5.22356891632,105.202583313,-1.29953503609,18.5152740479,0.667266130447,97200.6774902,35.0599975586,87.3191833496,False
75.9,0.166,-0.166,0.139,0.59820565,-0.02941995,13.5527903,-3.12999987602,-8.67392063141,-0.280000001192,-2.94105672836,105.895591736,-1.13237607479,18.6409320831,0.33383628726,97207.4645996,35.1199989319,66.4921722412,False
76.0,0.182,-0.173,0.171,0.4903325,-0.36284605,13.93524965,-2.30999994278,-8.67392063141,-0.0499999970198,-2.94105672836,105.895591736,-0.891807615757,18.746383667,-0.144053652883,97206.1096191,35.1300010681,50.1502990723,False
76.10000000000001,0.182,-0.173,0.171,0.4903325,-0.36284605,13.93524965,-1.56999993324,-8.67392063141,-0.019999999553,-2.94105672836,105.895591736,-0.698588252068,18.8027763367,-0.524836182594,97206.1096191,35.0900001526,28.0203819275,False
76.2,0.113,-0.136,0.162,-0.00980665,0.2549729,12.6309652,-0.689999997616,-6.49521493912,-0.199999988079,-0.314082622528,102.444374084,-0.59656971693,18.806224823,-0.684930801392,97200.6591797,35.0200004578,32.8442573547,False
76.3,0.127,-0.079,0.13,0.0196133,0.4118793,10.9442214,0.0799999982119,-6.49521493912,-0.42999997735,-0.314082622528,102.444374084,-0.382329821587,18.7843208313,-0.98182362318,97203.2897949,34.9199981689,34.5018386841,False
76.4,0.206,-0.104,0.099,-0.1569064,0.0784532,10.34601575,0.939999997616,-6.49521493912,-0.759999990463,-0.314082622528,102.444374084,-0.247346892953,18.7411766052,-1.08126986027,97202.9663086,34.7799987793,41.8095588684,False
76.5,0.244,-0.075,0.082,-0.04903325,0.00980665,11.0422879,1.53999996185,-6.49521493912,-1.23000001907,-0.314082622528,102.444374084,-0.1489520818,18.6765537262,-1.16757285595,97194.8974609,34.6399993896,62.1055603027,False
76.60000000000001,0.164,-0.003,0.116,-0.16671305,0.2941995,8.5121722,2.00999999046,-6.49521493912,-1.79999995232,-0.314082622528,102.444374084,-0.0766782537103,18.5966320038,-1.19810962677,97193.1335449,34.4899978638,78.5549163818,False
76.7,0.012,0.011,0.119,-0.18632635,1.4121576,7.81590005,2.39999985695,-2.23772764206,-2.47000002861,1.61728596687,98.8972244263,0.0486655011773,18.5199394226,-1.04960525036,97193.1091309,34.3400001526,103.487205505,False
76.80000000000001,0.012,0.011,0.119,-0.18632635,1.4121576,7.81590005,3.17999982834,-2.23772764206,-3.02999997139,1.61728596687,98.8972244263,0.259249806404,18.4490394592,-0.746263742447,97193.1091309,34.2000007629,129.756835938,False
76.9,-0.153,0.104,-0.244,0.0392266,1.01008495,6.9823348,4.06999969482,-2.23772764206,-3.62999987602,1.61728596687,98.8972244263,0.410637676716,18.4171333313,-0.448233872652,97189.6789551,34.0799980164,157.045455933,False
77.0,0.006,0.121,-0.336,-0.0392266,0.6472389,7.3746008,4.88999986649,-3.09166002274,-4.11999988556,-0.0645540356636,100.632156372,0.500043809414,18.4005203247,-0.208573177457,97189.6789551,34.0099983215,186.471374512,False
77.10000000000001,0.167,0.1,-0.339,0.4903325,-0.38245935,6.95291485,5.55999994278,-3.09166002274,-4.56999969482,-0.0645540356636,100.632156372,0.557740926743,18.3866462708,0.075881101191,97187.487793,33.9599990845,193.650527954,False
77.2,0.323,0.063,-0.285,0.55897905,-0.63743225,7.36479415,5.69000005722,-3.09166002274,-4.82999992371,-0.0645540356636,100.632156372,0.540139496326,18.3816833496,0.278392374516,97193.2373047,33.9500007629,204.649353027,False
77.30000000000001,0.383,0.062,-0.155,0.32361945,-0.6472389,7.1196279,5.65999984741,-3.09166002274,-5.13000011444,-0.0645540356636,100.632156372,0.45213085413,18.3649578094,0.583150625229,97193.2373047,33.9599990845,218.335540771,False
77.4,0.383,0.062,-0.155,0.32361945,-0.6472389,7.1196279,5.23000001907,1.98007905483,-5.27999973297,-1.86872696877,106.378166199,0.410456955433,18.3681697845,0.701513409615,97191.3330078,34.0099983215,238.470169067,False
77.5,0.27,0.014,0.114,0.99047165,-1.18660465,9.2574776,4.40000009537,1.98007905483,-5.31999969482,-1.86872696877,106.378166199,0.165128529072,18.3910636902,0.92314851284,97189.4287109,34.0699996948,248.911865234,False
77.60000000000001,0.066,-0.012,0.249,1.0198916,-0.83356525,11.1207411,3.41999983788,1.98007905483,-5.27999973297,-1.86872696877,106.378166199,-0.031628087163,18.3990287781,0.868996739388,97201.9226074,34.1599998474,239.402954102,False
77.7,-0.127,-0.049,0.317,0.91201845,0.0196133,11.91507975,2.41999983788,1.98007905483,-5.15999984741,-1.86872696877,106.378166199,-0.219893738627,18.4483184814,0.687096714973,97194.317627,34.2399978638,204.979705811,False
77.80000000000001,-0.153,-0.021,0.271,0.8237586,0.5491724,10.6892485,1.5,1.98007905483,-4.84999990463,-1.86872696877,106.378166199,-0.299761682749,18.4891605377,0.561395525932,97198.8708496,34.2999992371,167.510131836,False
77.9,-0.322,-0.012,0.178,0.67665885,0.7256921,11.16977435,1.07999992371,4.3446097374,-4.46999979019,-1.56000602245,100.865188599,-0.360088586807,18.5585613251,0.433227568865,97204.0771484,34.3600006104,147.040847778,False
78.0,-0.193,0.017,0.052,0.67665885,0.20593965,10.1793027,0.810000002384,4.3446097374,-4.09999990463,-1.56000602245,100.865188599,-0.35162204504,18.6221694946,0.249561846256,97194.0307617,34.3899993896,124.531364441,False
78.10000000000001,-0.164,0.02,-0.014,0.51975245,0.4118793,9.1594111,0.639999985695,4.3446097374,-3.63999986649,-1.56000602245,100.865188599,-0.358872771263,18.6568222046,0.222761869431,97205.9143066,34.3999977112,104.689598083,False
78.2,-0.167,0.009,-0.043,0.51975245,0.48052585,10.0616229,0.639999985695,4.3446097374,-3.41999983788,-1.56000602245,100.865188599,-0.336451470852,18.7138195038,0.216545984149,97202.4719238,34.4099998474,97.7512359619,False
78.30000000000001,-0.003,0.006,-0.084,0.2941995,0.55897905,10.591182,0.77999997139,4.3446097374,-3.05999994278,-1.56000602245,100.865188599,-0.289616316557,18.7681026459,0.13611087203,97198.9990234,34.4199981689,86.0992431641,False
78.4,-0.003,0.006,-0.084,0.2941995,0.55897905,10.591182,0.8599999547,-0.764167904854,-2.74000000954,-2.08400392532,99.7997817993,-0.25464707613,18.8161964417,0.0258712694049,97198.9990234,34.4300003052,70.7719802856,False
78.5,0.134,-0.037,-0.04,0.1569064,-0.51975245,10.67944185,0.75,-0.764167904854,-2.57999992371,-2.08400392532,99.7997817993,-0.292769372463,18.8598804474,-0.0808456614614,97199.6276855,34.4199981689,64.6117248535,False
78.60000000000001,0.163,-0.048,0.026,0.20593965,-0.51975245,10.46369555,0.620000004768,-0.764167904854,-2.5,-2.08400392532,99.7997817993,-0.309844762087,18.8573093414,-0.138030976057,97196.7102051,34.3999977112,56.7029953003,False
78.7,0.163,-0.048,0.026,0.20593965,-0.51975245,10.46369555,0.219999998808,-0.764167904854,-2.50999999046,-2.08400392532,99.7997817993,-0.346628278494,18.854724884,-0.194080233574,97196.7102051,34.3800010681,63.4562492371,False
78.80000000000001,0.067,-0.076,0.122,-0.28439285,-0.0980665,11.73856005,-0.0999999940395,-0.764167904854,-2.58999991417,-2.08400392532,99.7997817993,-0.40904161334,18.8469791412,-0.301098108292,97193.8903809,34.3400001526,66.0559692383,False
78.9,0.032,-0.042,0.149,0.04903325,0.0784532,10.50292215,-0.42999997735,2.09034633636,-2.70000004768,-1.4738522768,99.9110641479,-0.485978454351,18.8339653015,-0.510582149029,97192.3278809,34.2900009155,50.6521224976,False
79.0,-0.145,-0.031,0.103,0.0,0.1765197,9.95374975,-0.709999978542,2.09034633636,-2.83999991417,-1.4738522768,99.9110641479,-0.465036690235,18.8032512665,-0.589780211449,97190.4602051,34.219997406,54.350566864,False
79.10000000000001,-0.143,-0.009,0.047,-0.04903325,0.3334261,8.67888525,-0.77999997139,2.09034633636,-3.02999997139,-1.4738522768,99.9110641479,-0.440150409937,18.7770862579,-0.493097066879,97194.6594238,34.1399993896,52.912902832,False
79.2,-0.115,-0.002,-0.001,-0.4314926,0.6472389,7.91396655,-0.740000009537,2.09034633636,-3.28999996185,-1.4738522768,99.9110641479,-0.410585165024,18.7546081543,-0.418700039387,97195.9533691,34.0599975586,72.5073852539,False
79.30000000000001,-0.239,0.003,-0.038,-0.0980665,0.38245935,9.14960445,-0.589999973774,-0.0677359476686,-3.55999994278,-1.07696378231,97.7638015747,-0.330973178148,18.7279529572,-0.238963887095,97190.234375,33.9899978638,90.6203308105,False
79.4,-0.053,0.044,-0.105,-0.30400615,0.3334261,9.05153795,-0.34999999404,-0.0677359476686,-3.82999992371,-1.07696378231,97.7638015747,-0.274304419756,18.7031555176,-0.217605561018,97193.7561035,33.9399986267,100.752449036,False
79.5,-0.034,0.011,-0.08,0.0,-0.1569064,9.75761675,-0.140000000596,-0.0677359476686,-4.13000011444,-1.07696378231,97.7638015747,-0.252350002527,18.6944961548,-0.217816844583,97191.3574219,33.8999977112,95.090675354,False
79.60000000000001,0.047,0.015,-0.072,0.0,-0.06864655,8.6886919,0.070000000298,-0.0677359476686,-4.21999979019,-1.07696378231,97.7638015747,-0.187472805381,18.6700229645,-0.152629181743,97191.3574219,33.8600006104,82.9831085205,False
79.7,0.047,0.015,-0.072,0.0,-0.06864655,8.6886919,0.329999983311,-0.0677359476686,-4.25999975204,-1.07696378231,97.7638015747,-0.171494811773,18.6625938416,-0.093448959291,97191.3574219,33.8299980164,74.4869232178,False
79.80000000000001,0.129,-0.006,-0.021,0.1176798,-0.4903325,9.32612415,0.340000003576,-1.57492721081,-4.19000005722,-1.63754999638,99.7947540283,-0.142223209143,18.6461677551,-0.0111412536353,97194.7021484,33.8099975586,75.6244659424,False
79.9,0.129,-0.006,-0.021,0.1176798,-0.4903325,9.32612415,0.289999991655,-1.57492721081,-4.21000003815,-1.63754999638,99.7947540283,-0.149814024568,18.6356773376,0.0267761349678,97194.7021484,33.7999992371,86.6793670654,False
80.0,0.064,-0.028,0.076,-0.32361945,-0.14709975,8.77695175,0.119999997318,-1.57492721081,-4.30999994278,-1.63754999638,99.7947540283,-0.213076338172,18.6231555939,0.199923485518,97194.5617676,33.7900009155,94.3903961182,False
80.10000000000001,0.064,-0.028,0.076,-0.32361945,-0.14709975,8.77695175,-0.0899999961257,0.888900101185,-4.42999982834,-1.56096827984,99.868850708,-0.221207544208,18.6082267761,0.247541278601,97194.5617676,33.7900009155,92.2413787842,False
80.2,0.074,-0.012,0.084,-0.34323275,-0.42168595,9.6889702,-0.519999980927,0.888900101185,-4.44999980927,-1.56096827984,99.868850708,-0.329592823982,18.5816669464,0.244382113218,97192.8100586,33.8099975586,89.9487457275,False
80.30000000000001,-0.041,-0.014,0.185,-0.14709975,0.6276256,10.73828175,-1.01999998093,0.888900101185,-4.33999967575,-1.56096827984,99.868850708,-0.386583656073,18.5972595215,0.195663750172,97191.5344238,33.8299980164,91.198348999,False
80.4,-0.166,0.007,0.129,0.16671305,0.8433719,10.5127288,-1.16999995708,0.888900101185,-4.46999979019,-1.56096827984,99.868850708,-0.348094910383,18.6039295197,0.134437710047,97189.3432617,33.8499984741,106.600860596,False
80.5,-0.166,0.007,0.129,0.16671305,0.8433719,10.5127288,-1.07999992371,0.888900101185,-4.59999990463,-1.56096827984,99.868850708,-0.304542541504,18.6108627319,0.120700210333,97189.3432617,33.8499984741,102.402305603,False
80.60000000000001,-0.342,0.057,-0.102,-0.1372931,0.7256921,10.14988275,-0.699999988079,0.595764935017,-4.58999967575,-1.79306077957,96.6551513672,-0.1670358181,18.6734275818,0.0270659085363,97193.9575195,33.8499984741,96.166229248,False
80.7,-0.019,0.083,-0.185,0.1569064,0.04903325,9.42419065,-0.129999995232,0.595764935017,-4.56999969482,-1.79306077957,96.6551513672,-0.0496148020029,18.7047138214,0.0235624108464,97193.1945801,33.8400001526,83.4984741211,False
80.80000000000001,0.105,0.054,-0.148,-0.28439285,-0.0980665,8.3944924,0.209999993443,-3.24924087524,-4.40999984741,-3.02607226372,98.6540603638,-0.0302056819201,18.7354507446,0.0719347372651,97196.7468262,33.8299980164,75.3975830078,False
80.9,0.181,0.002,-0.046,-0.1569064,-0.3530394,9.07115125,0.419999986887,-3.24924087524,-4.38000011444,-3.02607226372,98.6540603638,-0.00582147203386,18.7516822815,0.171455278993,97196.5209961,33.8199996948,84.7033538818,False
81.0,0.181,0.002,-0.046,-0.1569064,-0.3530394,9.07115125,0.389999985695,-3.24924087524,-4.44999980927,-3.02607226372,98.6540603638,0.00937798526138,18.7862319946,0.218505233526,97196.5209961,33.8299980164,92.6401138306,False
81.10000000000001,0.099,-0.038,0.034,0.12748645,-0.392266,9.7085835,0.459999978542,-3.24924087524,-4.40999984741,-3.02607226372,98.6540603638,0.0267208125442,18.7881698608,0.225886374712,97194.0917969,33.8400001526,87.8449401855,False
81.2,0.04,-0.005,0.082,-0.16671305,0.32361945,10.0812362,0.489999979734,-3.24924087524,-4.48999977112,-3.02607226372,98.6540603638,0.0233828537166,18.8450431824,0.1136110425,97191.6137695,33.8600006104,92.5446472168,False
81.30000000000001,0.238,0.034,0.06,-0.44129925,0.51975245,7.12943455,0.589999973774,-0.257254868746,-4.57999992371,-3.27826285362,98.8647994995,0.053640909493,18.8629360199,0.207226544619,97192.2241211,33.8699989319,95.3674316406,False
81.4,0.238,0.034,0.06,-0.44129925,0.51975245,7.12943455,0.740000009537,-0.257254868746,-4.65999984741,-3.27826285362,98.8647994995,0.0602871403098,18.8790454865,0.327607423067,97192.2241211,33.8800010681,93.2059326172,False
81.5,0.107,-0.009,-0.029,-0.14709975,0.4707192,7.26672765,0.769999980927,-0.257254868746,-4.76999998093,-3.27826285362,98.8647994995,0.079480715096,18.8885746002,0.682822227478,97192.9016113,33.9099998474,118.987564087,False
81.60000000000001,-0.116,0.011,-0.038,-0.18632635,0.38245935,6.0408964,0.680000007153,2.33806538582,-4.78999996185,-3.67555069923,98.6275253296,0.0682212486863,18.9263248444,1.00018143654,97193.8964844,33.969997406,135.503967285,False
81.7,-0.051,-0.023,-0.1,0.10787315,-0.38245935,9.05153795,0.789999961853,2.33806538582,-4.88999986649,-3.67555069923,98.6275253296,0.0819252133369,18.9357452393,1.18885135651,97195.5993652,34.0599975586,156.235412598,False
81.80000000000001,-0.051,-0.023,-0.1,0.10787315,-0.38245935,9.05153795,0.519999980927,2.33806538582,-4.94000005722,-3.67555069923,98.6275253296,0.0126919681206,18.9924163818,1.43859732151,97195.5993652,34.1800003052,149.501037598,False
81.9,-0.065,0.002,0.02,0.20593965,0.588399,7.67860695,0.379999995232,2.33806538582,-4.7999997139,-3.67555069923,98.6275253296,-0.012203508988,19.0735797882,1.61120438576,97199.7741699,34.3099975586,151.447006226,False
82.0,0.026,-0.025,-0.034,0.34323275,-0.26477955,9.4536106,0.25,0.597889780998,-4.69000005722,-3.67555069923,98.6275253296,0.00293721351773,19.1044921875,1.69584882259,97200.0,34.4599990845,146.081069946,False
82.10000000000001,0.114,-0.03,-0.021,0.55897905,-0.26477955,9.414384,0.159999996424,0.597889780998,-4.38000011444,-4.19875526428,99.5817871094,-0.0272616073489,19.1792602539,1.7335318327,97203.6987305,34.6300010681,132.751647949,False
82.2,0.114,-0.03,-0.021,0.55897905,-0.26477955,9.414384,-0.0299999993294,0.597889780998,-3.99000000954,-4.19875526428,99.5817871094,-0.0569408684969,19.2188491821,1.74143111706,97203.6987305,34.7999992371,130.524536133,False
82.30000000000001,0.094,-0.027,3.3065463577000003e-18,0.42168595,0.30400615,10.5715687,-0.140000000596,1.63947570324,-3.57999992371,-4.19875526428,99.5817871094,-0.0843583419919,19.3627109528,1.6844727993,97208.190918,34.9799995422,118.501953125,False
82.4,0.094,-0.027,3.3065463577000003e-18,0.42168595,0.30400615,10.5715687,-0.229999989271,1.63947570324,-3.22000002861,-4.00220298767,99.7647857666,-0.126164227724,19.4513931274,1.59941780567,97208.190918,35.1399993896,98.4412231445,False
82.5,0.033,-0.033,0.063,0.44129925,-0.196133,10.0420096,-0.699999988079,1.63947570324,-2.8599998951,-4.00220298767,99.7647857666,-0.237381309271,19.5947055817,1.47811388969,97214.2944336,35.2999992371,99.53565979,False
82.60000000000001,0.085,-0.018,0.077,0.42168595,0.6080123,8.7475318,-1.09000003338,1.63947570324,-2.54999995232,-4.00220298767,99.7647857666,-0.238160893321,19.6697330475,1.55909276009,97218.8598633,35.4399986267,87.4568023682,False
82.7,-0.1,0.005,-0.011,0.3726527,1.0198916,8.7671451,-1.14999997616,1.63947570324,-2.27999997139,-4.00220298767,99.7647857666,-0.18859398365,19.7300395966,1.62309849262,97219.9584961,35.5799980164,86.865524292,False
82.80000000000001,-0.1,0.005,-0.011,0.3726527,1.0198916,8.7671451,-0.939999997616,3.03308153152,-1.94999992847,-3.82119202614,99.1333847046,-0.180819645524,19.8101921082,1.6347823143,97219.9584961,35.7299995422,75.652885437,False
82.9,-0.143,-0.003,-0.171,0.2353596,0.44129925,9.7478101,-0.75,3.03308153152,-1.51999998093,-3.82119202614,99.1333847046,-0.140552267432,19.9029254913,1.6265463829,97221.0998535,35.8899993896,57.6146125793,False
83.0,-0.143,-0.003,-0.171,0.2353596,0.44129925,9.7478101,-0.77999997139,3.03308153152,-1.01999998093,-3.82119202614,99.1333847046,-0.11552529037,19.9694900513,1.63668751717,97221.0998535,36.0599975586,43.2933807373,False
83.10000000000001,-0.019,-0.069,-0.112,0.36284605,-0.0196133,11.3953273,-0.799999952316,3.03308153152,-0.479999989271,-3.82119202614,99.1333847046,-0.143400192261,20.0737838745,1.56122148037,97221.5820312,36.219997406,25.0729560852,False
83.2,0.029,-0.076,-0.037,0.1372931,0.00980665,11.60126695,-0.849999964237,0.246522411704,-0.140000000596,-3.62582135201,102.554748535,-0.181862309575,20.1776065826,1.35113561153,97222.253418,36.3800010681,16.9821739197,False
83.30000000000001,0.056,-0.107,0.025,0.1372931,-0.0392266,11.52281375,-1.09000003338,0.246522411704,0.229999989271,-3.62582135201,102.554748535,-0.221123382449,20.2528762817,1.18766176701,97222.253418,36.5200004578,-6.69803619385,False
83.4,0.082,-0.106,0.053,0.4118793,-0.2157463,11.26784085,-1.36000001431,0.246522411704,0.659999966621,-3.62582135201,102.554748535,-0.222828701138,20.2989826202,1.06188428402,97229.901123,36.6399993896,-23.2892990112,False
83.5,-0.004,-0.112,0.085,0.3334261,0.1372931,11.6895268,-1.65999996662,0.246522411704,0.949999988079,-3.62582135201,102.554748535,-0.255215674639,20.3627223969,0.786125063896,97229.309082,36.7399978638,-32.1975708008,False
83.60000000000001,0.076,-0.095,0.081,0.04903325,0.14709975,10.3165958,-1.66999995708,0.932369709015,1.16999995708,-1.855001688,101.906860352,-0.285414844751,20.3898715973,0.651822805405,97231.6101074,36.8199996948,-45.0462341309,False
83.7,0.122,-0.097,0.074,0.0588399,0.2157463,9.99297635,-1.82999992371,0.932369709015,1.23000001907,-1.855001688,101.906860352,-0.283614784479,20.3963489532,0.58940166235,97230.1086426,36.8800010681,-46.7958450317,False
83.80000000000001,0.096,-0.124,0.054,0.10787315,-0.0784532,11.7091401,-1.97999989986,0.932369709015,1.20999991894,-1.855001688,101.906860352,-0.289545983076,20.3877658844,0.492199778557,97231.6162109,36.9300003052,-46.1324691772,False
83.9,-0.023,-0.12,0.033,-0.04903325,0.04903325,11.4541672,-2.14999985695,0.932369709015,1.22000002861,-1.855001688,101.906860352,-0.334984093904,20.37433815,0.262347042561,97234.576416,36.969997406,-57.9908370972,False
84.0,-0.116,-0.094,0.029,-0.2157463,0.2549729,11.2972608,-2.27999997139,2.16547703743,1.23000001907,0.35585796833,100.423400879,-0.336903899908,20.3517169952,0.163715466857,97228.3569336,36.9899978638,-60.591506958,False
84.10000000000001,-0.081,-0.055,-0.001,0.0588399,0.24516625,10.44408225,-2.24000000954,2.16547703743,1.28999996185,0.35585796833,100.423400879,-0.312059044838,20.3038654327,0.0314313210547,97230.6396484,37.0099983215,-62.2652053833,False
84.2,-0.029,-0.046,-0.019,0.0784532,0.3138128,9.80665,-2.31999993324,2.16547703743,1.24000000954,0.35585796833,100.423400879,-0.298709183931,20.2647151947,-0.0278156604618,97233.6303711,37.0099983215,-59.2464447021,False
84.30000000000001,-0.029,-0.046,-0.019,0.0784532,0.3138128,9.80665,-2.31999993324,2.16547703743,1.24000000954,0.35585796833,100.423400879,-0.298709183931,20.2647151947,-0.0278156604618,97233.6303711,37.0099983215,-59.2464447021,False
84.4,-0.178,-0.033,-0.045,0.196133,0.2157463,11.01286795,-2.07999992371,-0.0886439532042,0.939999997616,1.44294154644,100.701187134,-0.217810615897,20.1923866272,-0.189173966646,97229.3395996,36.9899978638,-39.8069381714,False
84.5,-0.107,-0.023,-0.033,-0.0196133,0.42168595,10.69905515,-1.86000001431,-0.0886439532042,0.889999985695,1.44294154644,100.701187134,-0.180227518082,20.1678371429,-0.315744280815,97229.4067383,36.969997406,-42.5117492676,False
84.60000000000001,-0.04,-0.023,-0.017,-0.0980665,0.40207265,10.4735022,-1.62000000477,-0.0886439532042,0.799999952316,1.44294154644,100.701187134,-0.112233623862,20.1298732758,-0.426075041294,97230.9997559,36.8899993896,-49.1571426392,False
84.7,0.023,-0.027,-0.01,0.20593965,0.0392266,10.20872265,-1.37000000477,-0.0886439532042,0.719999969006,1.44294154644,100.701187134,-0.0347602665424,20.0895004272,-0.49529761076,97228.7780762,36.8899993896,-49.1571426392,False
84.80000000000001,0.0,-0.052,-0.009,0.02941995,-0.10787315,10.50292215,-1.04999995232,-1.76538252831,0.579999983311,1.87757968903,101.220252991,0.00986569654197,20.0619754791,-0.545433282852,97233.9172363,36.8299980164,-41.1596298218,False
84.9,0.007,-0.049,-0.001,0.18632635,-0.2745862,10.50292215,-0.759999990463,-1.76538252831,0.409999996424,1.87757968903,101.220252991,0.0863716751337,20.0174713135,-0.591324746609,97232.3364258,36.7599983215,-34.6179962158,False
85.0,0.02,-0.046,0.015,0.196133,-0.3726527,10.34601575,-0.5,-1.76538252831,0.239999994636,1.87757968903,101.220252991,0.123047880828,19.9848842621,-0.638524830341,97225.1647949,36.7000007629,-33.3574295044,False
85.10000000000001,0.024,-0.03,0.051,-0.12748645,-0.0980665,10.16949605,-0.219999998808,-1.76538252831,0.0599999986589,1.87757968903,101.220252991,0.142209202051,19.9310150146,-0.693734943867,97227.4597168,36.6300010681,-27.9905319214,False
85.2,-0.048,-0.002,0.106,-0.02941995,-0.14709975,8.1591328,-0.0399999991059,-1.57069146633,-0.129999995232,2.3789639473,100.92376709,0.157151013613,19.8823070526,-0.651129424572,97226.9714355,36.5599975586,-19.8354721069,False
85.30000000000001,0.081,-0.046,0.134,0.16671305,0.04903325,9.610517,0.0599999986589,-1.57069146633,-0.359999984503,2.3789639473,100.92376709,0.170383900404,19.8483276367,-0.59349912405,97223.6022949,36.4899978638,4.04024124146,False
85.4,0.122,-0.024,0.122,0.3334261,-0.34323275,10.2773692,0.239999994636,-1.57069146633,-0.569999992847,2.3789639473,100.92376709,0.205309420824,19.8116817474,-0.596938312054,97226.3244629,36.4300003052,6.39228820801,False
85.5,0.076,0.013,0.124,0.0196133,0.26477955,10.14988275,0.399999976158,-1.57674872875,-0.819999992847,2.46936273575,99.2921066284,0.259911894798,19.7540397644,-0.655862867832,97224.1516113,36.3600006104,9.17367935181,False
85.60000000000001,-0.092,1.39609735103e-17,0.114,0.2353596,0.4903325,10.5323421,0.659999966621,-1.57674872875,-0.979999959469,2.46936273575,99.2921066284,0.316523104906,19.7194213867,-0.701249063015,97227.1362305,36.2999992371,5.73949813843,False
85.7,-0.023,0.01,0.073,0.0196133,0.8825985,10.2969825,1.02999997139,-1.13900303841,-1.09000003338,2.25007343292,97.4516448975,0.396004229784,19.6909503937,-0.796009719372,97221.270752,36.2299995422,2.47278213501,False
85.80000000000001,-0.116,0.051,-0.007,0.2549729,0.95124505,10.11065615,1.57999992371,-1.13900303841,-1.12999999523,2.25007343292,97.4516448975,0.527400910854,19.6688938141,-0.857066333294,97225.0671387,36.1499977112,-5.03311157227,False
85.9,-0.088,0.071,-0.121,0.2549729,0.34323275,9.28689755,2.3599998951,-1.13900303841,-1.15999996662,2.25007343292,97.4516448975,0.692356646061,19.6528682709,-0.858283758163,97221.7651367,36.0699996948,-18.5531616211,False
86.0,0.162,0.038,-0.163,0.2549729,-0.30400615,9.5909037,3.13999986649,-1.13900303841,-1.11000001431,2.25007343292,97.4516448975,0.762412786484,19.6278324127,-0.826619505882,97221.7895508,35.9799995422,-22.2679138184,False
86.10000000000001,0.162,0.038,-0.163,0.2549729,-0.30400615,9.5909037,3.53999996185,-1.91832435131,-1.12000000477,0.939998924732,98.8705825806,0.767440021038,19.6184177399,-0.833869338036,97221.7895508,35.8899993896,-17.0658111572,False
86.2,0.328,0.007,-0.042,0.0784532,-0.85317855,8.0806796,3.67999982834,-1.91832435131,-1.23000001907,0.939998924732,98.8705825806,0.736182391644,19.5953540802,-0.5668181777,97219.3908691,35.8099975586,8.2667350769,False
86.30000000000001,0.286,0.013,0.089,0.1176798,-0.73549875,8.18855275,3.64999985695,-1.91832435131,-1.45999991894,0.939998924732,98.8705825806,0.688070237637,19.5459403992,-0.390639901161,97217.1325684,35.7599983215,34.7129821777,False
86.4,0.25,-0.003,0.151,0.18632635,-0.6080123,9.28689755,3.34999990463,-1.91832435131,-1.75,0.939998924732,98.8705825806,0.633185148239,19.5217666626,-0.277143597603,97212.8051758,35.719997406,56.9839477539,False
86.5,0.089,-0.008,0.197,-0.0588399,0.2157463,9.24767095,3.14999985695,2.94346094131,-2.03999996185,0.42346021533,98.0041885376,0.54451996088,19.4970684052,-0.285283744335,97214.2272949,35.6899986267,54.8356056213,False
86.60000000000001,-0.066,0.023,0.171,0.08825985,0.69627215,8.1983594,2.97000002861,2.94346094131,-2.18000006676,0.42346021533,98.0041885376,0.518084108829,19.4803504944,-0.16546857357,97209.576416,35.6699981689,60.0406646729,False
86.7,-0.128,0.004,0.099,0.04903325,0.63743225,10.1596894,3.03999996185,2.94346094131,-1.61000001431,0.42346021533,98.0041885376,0.50663214922,19.4777889252,-0.112772621214,97213.9038086,35.6599998474,64.5250320435,False
86.80000000000001,-0.128,0.004,0.099,0.04903325,0.63743225,10.1596894,3.03999996185,2.94346094131,-2.36999988556,0.42346021533,98.0041885376,0.513161420822,19.4783573151,-0.112718954682,97213.9038086,35.6399993896,64.8632049561,False
86.9,-0.041,0.047,0.017,0.32361945,0.50013915,8.5317855,3.44999980927,2.50916218758,-3.14999985695,0.203508362174,95.2265625,0.532624542713,19.4785461426,-0.0568822920322,97212.0910645,35.6300010681,55.6810379028,False
87.0,0.027,0.1,-0.099,0.24516625,0.7453054,5.8643767,3.63999986649,2.50916218758,-2.3599998951,0.203508362174,95.2265625,0.565993964672,19.512336731,0.221372365952,97212.7685547,35.6100006104,53.8478851318,False
87.10000000000001,-0.009,0.084,-0.143,0.40207265,0.3726527,7.24711435,3.90999984741,2.50916218758,-2.16999983788,0.203508362174,95.2265625,0.59968239069,19.5714569092,0.598235845566,97211.2854004,35.6300010681,69.3790435791,False
87.2,-0.009,0.084,-0.143,0.40207265,0.3726527,7.24711435,5.23000001907,2.50916218758,-1.99000000954,0.203508362174,95.2265625,0.620110034943,19.5954265594,0.790766954422,97211.2854004,35.6800003052,73.4643936157,False
87.30000000000001,0.22,0.016,-0.137,0.42168595,-0.08825985,7.99241975,5.34999990463,1.7708594799,-1.82999992371,-1.88260650635,97.0188064575,0.594115972519,19.6388988495,1.0662971735,97221.2463379,35.75,72.5902557373,False
87.4,0.222,-0.011,-0.108,0.392266,-0.10787315,8.75733845,5.44999980927,1.7708594799,-1.54999995232,-1.88260650635,97.0188064575,0.535791814327,19.6786746979,1.15591204166,97221.2463379,35.8499984741,55.0616264343,False
87.5,0.113,-0.044,-0.054,0.2157463,-0.2353596,10.52253545,8.98999977112,1.7708594799,-1.28999996185,-1.88260650635,97.0188064575,0.425635665655,19.7246723175,1.19046080112,97219.4824219,35.969997406,56.6700935364,False
87.60000000000001,0.174,-0.036,-0.01,0.4314926,-0.3530394,10.8069283,8.72999954224,1.7708594799,-1.00999999046,-1.88260650635,97.0188064575,0.347116082907,19.7429904938,1.13528740406,97225.0305176,36.0999984741,49.7736930847,False
87.7,0.189,-0.031,0.03,0.26477955,0.08825985,10.6892485,12.8299999237,6.25621700287,-0.659999966621,-2.12249517441,99.4594421387,0.202317774296,19.7747001648,0.982360243797,97229.8278809,36.219997406,20.1949119568,False
87.80000000000001,0.2,-0.042,0.016,0.1569064,0.34323275,10.5127288,12.7899999619,6.25621700287,-0.280000001192,-2.12249517441,99.4594421387,0.0704264119267,19.7956790924,0.857785761356,97229.8278809,36.3199996948,-8.91799926758,False
87.9,0.221,-0.085,-0.004,0.196133,0.00980665,11.71894675,18.1599998474,6.25621700287,0.0999999940395,-2.12249517441,99.4594421387,-0.100554138422,19.8252010345,0.731385290623,97222.9797363,36.4199981689,-24.0163803101,False
88.0,0.342,-0.099,-0.002,0.2941995,-0.14709975,11.5914603,18.0100002289,6.25621700287,0.539999961853,-2.12249517441,99.4594421387,-0.23991176486,19.8240280151,0.613889575005,97224.0966797,36.5,-36.7349624634,False
88.10000000000001,0.553,-0.081,-0.016,0.34323275,0.06864655,10.62060195,17.6999988556,11.9792480469,0.909999966621,-1.01579082012,99.3859863281,-0.443523675203,19.8078308105,0.483030498028,97232.9772949,36.5599975586,-54.3682098389,False
88.2,0.553,-0.081,-0.016,0.34323275,0.06864655,10.62060195,25.2999992371,11.9792480469,1.24000000954,-1.01579082012,99.3859863281,-0.605280280113,19.8062858582,0.414837092161,97232.9772949,36.5999984741,-70.0477600098,False
88.30000000000001,0.68,-0.053,-0.08,0.04903325,0.0392266,7.9041599,25.0199985504,11.9792480469,1.50999999046,-1.01579082012,99.3859863281,-1.00234627724,19.7174377441,0.489513665438,97227.3498535,36.6399993896,-82.6135635376,False
88.4,0.68,-0.053,-0.08,0.04903325,0.0392266,7.9041599,24.6299991608,11.9792480469,1.65999996662,-1.01579082012,99.3859863281,-1.27696418762,19.6624717712,0.706366896629,97227.3498535,36.6800003052,-63.9625549316,False
88.5,0.025,-0.11,-0.11,-0.2353596,0.77472535,10.18910935,27.9799995422,11.9792480469,1.79999995232,-1.01579082012,99.3859863281,-1.61359071732,19.5819072723,0.747033417225,97222.9187012,36.7399978638,-54.767036438,False
88.60000000000001,-0.034,-0.083,-0.174,-0.1569064,0.99047165,10.7088618,27.4699993134,23.2037620544,1.83999991417,-0.156495854259,101.560752869,-1.93903422356,19.4845924377,0.743436336517,97225.9765625,36.8099975586,-55.1942825317,False
88.7,-0.034,-0.083,-0.174,-0.1569064,0.99047165,10.7088618,32.0400009155,23.2037620544,2.12999987602,-0.156495854259,101.560752869,-2.08816289902,19.4509449005,0.723552465439,97225.9765625,36.8800010681,-76.0953903198,False
88.80000000000001,0.231,-0.104,-0.25,0.2745862,0.24516625,10.983448,31.5499992371,23.2037620544,2.44000005722,-0.156495854259,101.560752869,-2.62003159523,19.3093109131,0.654295384884,97231.2927246,36.9399986267,-88.9190673828,False
88.9,0.198,-0.117,-0.255,0.0196133,0.6080123,11.2384209,30.9099998474,23.2037620544,2.76999998093,-0.156495854259,101.560752869,-3.10417246819,19.1681346893,0.565424263477,97228.8391113,37.0,-104.729652405,False
89.0,0.198,-0.117,-0.255,0.0196133,0.6080123,11.2384209,34.9399986267,25.9040431976,3.08999991417,-0.421211510897,107.589012146,-3.29876184464,19.1247291565,0.53805398941,97228.8391113,37.0499992371,-115.709495544,False
89.10000000000001,0.298,-0.159,-0.24,0.1569064,-0.12748645,10.7088618,34.1699981689,25.9040431976,3.32999992371,-0.421211510897,107.589012146,-4.02445697784,18.868806839,0.4770373106,97229.2114258,37.0999984741,-114.607620239,False
89.2,0.253,-0.175,-0.193,0.10787315,-0.1765197,10.62060195,37.5799980164,25.9040431976,3.52999997139,-0.421211510897,107.589012146,-4.51249647141,18.6780014038,0.522133409977,97229.2114258,37.1399993896,-111.460113525,False
89.30000000000001,0.253,-0.175,-0.193,0.10787315,-0.1765197,10.62060195,36.8099975586,25.9040431976,3.6099998951,-0.421211510897,107.589012146,-4.71373510361,18.5846138,0.526553630829,97229.2236328,37.1800003052,-106.517982483,False
89.4,0.363,-0.198,-0.16,0.0196133,0.59820565,11.73856005,40.7299995422,32.735824585,3.70999979973,0.532173037529,113.882049561,-5.26526737213,18.3435745239,0.494389891624,97234.362793,37.219997406,-107.72151947,False
89.5,0.306,-0.207,-0.169,0.0588399,0.36284605,11.5522337,39.8400001526,32.735824585,3.81999993324,0.532173037529,113.882049561,-6.06469774246,17.9754581451,0.44809025526,97228.7780762,37.2599983215,-112.689208984,False
89.60000000000001,0.172,-0.218,-0.186,0.20593965,1.38273765,12.6505785,38.8999977112,32.735824585,3.89999985695,0.532173037529,113.882049561,-6.76384162903,17.6067829132,0.348125129938,97228.7780762,37.2999992371,-109.162139893,False
89.7,0.003,-0.206,-0.254,0.4903325,0.95124505,13.0428445,40.0999984741,32.735824585,4.11999988556,0.532173037529,113.882049561,-7.2581448555,17.3525028229,0.233204379678,97233.0078125,37.3299980164,-132.233612061,False
89.80000000000001,-0.021,-0.195,-0.325,0.55897905,0.65704555,12.69961175,38.8699989319,36.2205924988,4.2999997139,1.21738040447,119.940361023,-7.86681985855,17.0037555695,0.0885377898812,97236.0107422,37.3400001526,-142.632110596,False
89.9,0.07,-0.193,-0.37,0.48052585,0.46091255,12.7878716,41.1699981689,36.2205924988,4.53999996185,1.21738040447,119.940361023,-8.43692874908,16.6552810669,0.00366193871014,97236.0107422,37.3400001526,-151.630981445,False
90.0,0.075,-0.21,-0.361,0.38245935,0.5491724,12.4740588,40.1499977112,36.2205924988,4.71999979019,1.21738040447,119.940361023,-9.16876029968,16.1791725159,-0.116639278829,97233.8623047,37.3299980164,-156.97517395,False
90.10000000000001,0.089,-0.259,-0.352,0.2941995,0.2549729,11.8856598,38.9599990845,36.2205924988,4.88999986649,1.21738040447,119.940361023,-9.63953971863,15.8395519257,-0.15980926156,97230.3466797,37.3099975586,-165.191070557,False
90.2,0.345,-0.297,-0.335,0.24516625,0.08825985,12.1994726,41.0900001526,37.475440979,5.03999996185,-0.0490791797638,128.39074707,-10.3206768036,15.309264183,-0.147226408124,97234.967041,37.2799987793,-169.470794678,False
90.30000000000001,0.395,-0.343,-0.32,0.18632635,0.2157463,12.83690485,39.9099998474,37.475440979,5.15000009537,-0.0490791797638,128.39074707,-10.7656974792,14.907450676,-0.153401106596,97226.9836426,37.25,-173.178283691,False
90.4,0.199,-0.309,-0.266,0.1176798,0.50013915,11.11093445,41.6800003052,37.475440979,5.26999998093,-0.0490791797638,128.39074707,-11.317024231,14.3617811203,-0.10290633142,97228.3203125,37.219997406,-167.812927246,False
90.5,0.021,-0.354,-0.246,0.3530394,0.2745862,12.56231865,40.4799995422,42.5457763672,5.23000001907,0.293689280748,135.656661987,-11.8286085129,13.8203611374,-0.0218103937805,97229.8034668,37.1899986267,-154.472351074,False
90.60000000000001,-0.01,-0.357,-0.24,0.30400615,0.18632635,12.8663248,38.9300003052,42.5457763672,5.17999982834,0.293689280748,135.656661987,-12.3966617584,13.1698284149,-0.0116628780961,97228.2165527,37.1699981689,-154.117202759,False
90.7,-0.081,-0.358,-0.236,0.12748645,0.53936575,13.03303785,40.8400001526,42.5457763672,5.8799996376,0.293689280748,135.656661987,-12.9256057739,12.4961557388,-0.0266634710133,97232.421875,37.1499977112,-170.765106201,False
90.80000000000001,0.067,-0.367,-0.245,0.40207265,0.6080123,13.6900834,39.2599983215,42.5457763672,5.30999994278,0.293689280748,135.656661987,-13.5067958832,11.6376457214,-0.106020860374,97232.421875,37.1300010681,-188.19418335,False
90.9,0.017,-0.341,-0.251,0.59820565,0.75511205,14.4157755,38.969997406,42.8425216675,4.76999998093,2.11206650734,145.002807617,-13.9083814621,11.0039873123,-0.205853119493,97231.640625,37.1100006104,-199.800201416,False
91.0,-0.173,-0.284,-0.266,0.5099458,0.8041453,13.34685065,36.9899978638,42.8425216675,5.57999992371,2.11206650734,145.002807617,-14.3550634384,10.238451004,-0.332276970148,97228.527832,37.0699996948,-205.023376465,False
91.10000000000001,-0.272,-0.269,-0.28,0.30400615,0.2157463,12.0621795,35.0,42.8425216675,5.60999965668,2.11206650734,145.002807617,-14.7478408813,9.50241565704,-0.367890268564,97231.8969727,37.0200004578,-200.647354126,False
91.2,-0.18,-0.26,-0.263,-0.08825985,0.59820565,11.15016105,34.8699989319,40.7015609741,5.40000009537,2.69619107246,152.400085449,-15.1080322266,8.68238735199,-0.277727812529,97226.3122559,36.9599990845,-192.667388916,False
91.30000000000001,-0.103,-0.272,-0.265,0.26477955,0.3138128,11.8072066,33.3099975586,40.7015609741,5.21000003815,2.69619107246,152.400085449,-15.3451833725,8.01873207092,-0.221445336938,97224.2004395,36.9099998474,-181.652832031,False
91.4,-0.005,-0.297,-0.273,0.28439285,0.196133,12.42502555,32.1800003052,40.7015609741,5.05999994278,2.69619107246,152.400085449,-15.609875679,7.16423749924,-0.22138401866,97224.2004395,36.8600006104,-175.588989258,False
91.5,-0.005,-0.297,-0.273,0.28439285,0.196133,12.42502555,30.2299995422,40.7015609741,4.90999984741,2.69619107246,152.400085449,-15.7909679413,6.40807580948,-0.256253868341,97221.4416504,36.8199996948,-172.278778076,False
91.60000000000001,-0.165,-0.284,-0.22,0.4707192,0.4118793,12.66038515,27.9200000763,39.1783905029,4.76999998093,3.58253073692,161.553604126,-15.8927259445,5.97696018219,-0.290194779634,97216.8518066,36.7700004578,-169.583709717,False
91.7,-0.386,-0.232,-0.208,0.2157463,0.87279185,12.3956056,26.1199989319,39.1783905029,4.65000009537,3.58253073692,161.553604126,-16.0513496399,5.09937810898,-0.364313989878,97216.8518066,36.719997406,-159.20010376,False
91.80000000000001,-0.367,-0.207,-0.234,-0.0196133,0.87279185,11.60126695,23.7799987793,39.1783905029,4.40000009537,3.58253073692,161.553604126,-16.1338596344,4.44023990631,-0.427206367254,97221.8078613,36.6499977112,-153.578186035,False
91.9,-0.367,-0.207,-0.234,-0.0196133,0.87279185,11.60126695,21.7600002289,39.1783905029,4.00999975204,3.58253073692,161.553604126,-16.1365623474,4.23292779922,-0.407693505287,97221.8078613,36.5799980164,-148.395355225,False
92.0,-0.371,-0.133,-0.301,-0.02941995,0.71588545,10.58137535,19.8199996948,39.1783905029,3.69999980927,3.58253073692,161.553604126,-16.1378479004,3.49252009392,-0.355888366699,97222.7416992,36.4300003052,-135.450744629,False
92.10000000000001,-0.337,-0.147,-0.309,0.26477955,0.14709975,10.5715687,17.9899997711,29.7336158752,3.55999994278,3.64979362488,171.113601685,-16.115064621,3.01045393944,-0.317304491997,97215.5517578,36.4300003052,-135.450744629,False
92.2,-0.288,-0.104,-0.278,0.2549729,0.10787315,9.89490985,16.2199993134,29.7336158752,3.36999988556,3.64979362488,171.113601685,-16.0685195923,2.56994795799,-0.262704193592,97213.092041,36.3699989319,-122.482872009,False
92.30000000000001,-0.064,-0.108,-0.259,0.2941995,-0.0196133,9.8458766,14.4399995804,29.7336158752,3.08999991417,3.64979362488,171.113601685,-16.02302742,2.14696073532,-0.165516704321,97212.8051758,36.3099975586,-93.4782028198,False
92.4,0.042,-0.11,-0.212,0.3334261,1.28743796752e-15,10.5127288,12.7299995422,29.7336158752,2.82999992371,3.64979362488,171.113601685,-15.9869375229,1.80580198765,-0.122484743595,97213.458252,36.25,-73.8737106323,False
92.5,0.042,-0.11,-0.212,0.3334261,1.28743796752e-15,10.5127288,12.7299995422,29.7336158752,2.82999992371,3.64979362488,171.113601685,-15.9572906494,1.5282715559,-0.129231125116,97213.458252,36.25,-73.8737106323,False
92.60000000000001,0.052,-0.125,-0.149,0.42168595,-0.00980665,10.2969825,8.82999992371,26.5669803619,2.32999992371,2.94847917557,177.143997192,-15.8372163773,0.831783652306,-0.127659931779,97213.482666,36.1499977112,-58.3612442017,False
92.7,-0.279,-0.1,-0.1,0.2549729,0.6472389,10.1008495,6.71999979019,26.5669803619,2.09999990463,2.94847917557,177.143997192,-15.7468080521,0.338406324387,-0.156253755093,97211.1450195,36.0999984741,-52.3738861084,False
92.80000000000001,-0.481,-0.079,-0.105,0.65704555,0.5099458,10.0616229,4.85999965668,26.5669803619,1.81999993324,2.94847917557,177.143997192,-15.7056016922,0.11678814888,-0.152369961143,97213.7451172,36.0400009155,-30.4105758667,False
92.9,-0.676,-0.052,-0.128,0.392266,0.784532,10.54214875,3.15999984741,22.4031906128,1.43999993801,3.77876114845,-179.030944824,-15.591006279,-0.312901288271,-0.170597225428,97212.7502441,35.9899978638,-20.7859039307,False
93.0,-0.625,-0.003,-0.155,0.44129925,0.79433865,10.13026945,1.88999998569,22.4031906128,1.22000002861,3.77876114845,-179.030944824,-15.5759010315,-0.424216598272,-0.21405659616,97210.723877,35.9399986267,-14.4166946411,False
93.10000000000001,-0.35,0.011,-0.193,0.59820565,0.0980665,10.1008495,0.709999978542,22.4031906128,1.01999998093,3.77876114845,-179.030944824,-15.5105571747,-0.60411965847,-0.212232857943,97213.8000488,35.8800010681,-6.25915527344,False
93.2,-0.35,0.011,-0.193,0.59820565,0.0980665,10.1008495,-0.239999994636,22.4031906128,0.649999976158,3.77876114845,-179.030944824,-15.4191732407,-0.839716792107,-0.269487559795,97213.8000488,35.8199996948,15.7564163208,False
93.30000000000001,-0.248,-0.042,-0.083,0.83356525,-0.32361945,11.52281375,-1.16999995708,22.4031906128,0.479999989271,3.77876114845,-179.030944824,-15.3892059326,-0.961248219013,-0.350902616978,97211.6516113,35.7599983215,17.4710273743,False
93.4,-0.313,-0.018,0.008,0.2941995,-0.0196133,10.4342756,-2.28999996185,10.8585939407,0.149999991059,2.53747296333,-174.809921265,-15.3186740875,-1.14147698879,-0.450864195824,97207.4523926,35.6899986267,28.8595199585,False
93.5,-0.313,-0.018,0.008,0.2941995,-0.0196133,10.4342756,-3.00999999046,10.8585939407,-0.179999992251,2.53747296333,-174.809921265,-15.2441968918,-1.25256359577,-0.521672010422,97207.4523926,35.6199989319,25.0797271729,False
93.60000000000001,-0.318,0.017,0.064,0.69627215,0.4707192,9.3751574,-3.53999996185,10.8585939407,-0.469999998808,2.53747296333,-174.809921265,-15.2094612122,-1.26573824883,-0.521715223789,97209.9975586,35.5299987793,44.4302558899,False
93.7,-0.318,0.017,0.026,0.38245935,0.5687857,9.05153795,-3.84999990463,4.66367387772,-0.829999983311,2.58261108398,-174.986984253,-15.1783838272,-1.26252770424,-0.490477353334,97209.9487305,35.4399986267,54.7060966492,False
93.80000000000001,-0.318,0.017,0.026,0.38245935,0.5687857,9.05153795,-3.78999996185,4.66367387772,-1.19999992847,2.58261108398,-174.986984253,-15.1552286148,-1.21402192116,-0.419657617807,97209.9487305,35.3600006104,68.4946060181,False
93.9,-0.294,0.059,-0.055,0.65704555,0.14709975,8.26700595,-3.6099998951,4.66367387772,-1.41999995708,2.58261108398,-174.986984253,-15.1517543793,-1.13870811462,-0.259693592787,97206.0546875,35.2799987793,87.5409088135,False
94.0,-0.294,0.059,-0.055,0.65704555,0.14709975,8.26700595,-3.6099998951,4.66367387772,-1.41999995708,2.58261108398,-174.986984253,-15.1517543793,-1.13870811462,-0.259693592787,97206.0546875,35.2799987793,87.5409088135,False
94.10000000000001,-0.04,0.031,0.04,0.6864655,0.3138128,9.5320638,-3.30999994278,-1.55178797245,-2.05999994278,1.53327429295,-174.489974976,-15.1603107452,-1.02573907375,-0.318428069353,97203.4729004,35.1800003052,113.53302002,False
94.2,-0.007,0.033,0.1,0.8433719,0.4707192,8.87501825,-3.04999995232,-1.55178797245,-2.23000001907,1.53327429295,-174.489974976,-15.1822891235,-0.970586836338,-0.295099645853,97205.7495117,35.1399993896,117.231941223,False
94.30000000000001,-0.007,0.033,0.1,0.8433719,0.4707192,8.87501825,-2.71000003815,-1.55178797245,-2.46000003815,1.53327429295,-174.489974976,-15.2115497589,-0.81556391716,-0.181678533554,97205.7495117,35.0900001526,128.507522583,False
94.4,-0.201,0.094,0.01,0.8237586,0.79433865,7.52170055,-2.18000006676,-2.2187268734,-2.69000005722,0.926308453083,-175.370773315,-15.2688846588,-0.648549675941,-0.0474341437221,97205.8105469,35.0499992371,137.801071167,False
94.5,-0.05,0.087,-0.067,0.9218251,0.2941995,7.95319315,-1.48000001907,-2.2187268734,-2.98000001907,0.926308453083,-175.370773315,-15.2948455811,-0.578884899616,0.051890976727,97205.8105469,35.0200004578,162.118530273,False
94.60000000000001,-0.044,0.079,-0.085,0.784532,0.2745862,7.7472535,-0.819999992847,-2.2187268734,-3.21000003815,0.926308453083,-175.370773315,-15.3463335037,-0.488711893559,0.184741899371,97206.9274902,35.0200004578,173.201171875,False
94.7,0.056,0.049,-0.072,0.9218251,-0.42168595,7.84532,-0.359999984503,-4.5280418396,-3.28999996185,-0.577769994736,-174.62638855,-15.4413156509,-0.356325268745,0.455571293831,97208.1237793,35.0299987793,173.091415405,False
94.80000000000001,0.107,0.011,0.007,1.01008495,-0.34323275,9.3163175,-0.070000000298,-4.5280418396,-3.25999999046,-0.577769994736,-174.62638855,-15.4852237701,-0.312878906727,0.504815876484,97206.8908691,35.0699996948,171.292694092,False
94.9,0.141,0.026,0.056,0.95124505,-0.2157463,9.34573745,0.209999993443,-4.5280418396,-3.13999986649,-0.577769994736,-174.62638855,-15.5595645905,-0.242718666792,0.55230820179,97214.831543,35.1199989319,162.605667114,False
95.0,0.141,0.026,0.056,0.95124505,-0.2157463,9.34573745,0.509999990463,-4.5280418396,-2.95000004768,-0.577769994736,-174.62638855,-15.6070728302,-0.231883719563,0.542408704758,97214.831543,35.1699981689,142.994506836,False
95.10000000000001,0.026,-0.011,0.128,0.91201845,-0.12748645,10.36562905,0.769999980927,-2.60267281532,-2.71000003815,-1.37587571144,-174.600814819,-15.6909532547,-0.158158928156,0.511013746262,97212.5732422,35.2299995422,125.76675415,False
95.2,-0.037,-0.02,0.123,0.8629852,0.02941995,10.54214875,1.06999993324,-2.60267281532,-2.30999994278,-1.37587571144,-174.600814819,-15.7853832245,-0.0524416528642,0.418783515692,97209.8754883,35.2900009155,105.94997406,False
95.30000000000001,-0.053,-0.007,0.076,0.81395195,0.2745862,9.6497436,1.4699999094,-2.60267281532,-1.94999992847,-1.37587571144,-174.600814819,-15.8274269104,0.0298341922462,0.403921276331,97216.1071777,35.3400001526,86.2367630005,False
95.4,-0.028,-0.025,0.066,0.53936575,0.48052585,9.7870367,1.95999991894,-2.60267281532,-1.61000001431,-1.37587571144,-174.600814819,-15.8864545822,0.0800329148769,0.369140535593,97214.630127,35.3800010681,79.394241333,False
95.5,0.016,-0.039,0.044,0.69627215,0.30400615,10.30678915,2.41999983788,-2.92776632309,-1.28999996185,-1.51035320759,-177.25604248,-15.9347496033,0.168165549636,0.362281858921,97214.465332,35.4199981689,64.7188186646,False
95.60000000000001,0.06,-0.015,-0.004,0.3726527,0.4314926,9.56148375,3.00999999046,-2.92776632309,-1.0,-1.51035320759,-177.25604248,-16.0081768036,0.318834096193,0.333067297935,97219.9401855,35.4599990845,59.919834137,False
95.7,0.037,-0.039,-0.015,0.4118793,0.1569064,9.8851032,3.49000000954,-2.92776632309,-0.829999983311,-1.51035320759,-177.25604248,-16.0424976349,0.381803512573,0.34949362278,97215.6005859,35.4899978638,55.8782577515,False
95.80000000000001,0.037,-0.039,-0.015,0.4118793,0.1569064,9.8851032,4.02999973297,-2.92776632309,-0.649999976158,-1.51035320759,-177.25604248,-16.0683135986,0.414886295795,0.376390755177,97215.6005859,35.5299987793,58.5186004639,False
95.9,0.035,-0.045,-0.016,0.67665885,-0.2353596,9.95374975,4.46999979019,-2.92776632309,-0.620000004768,-1.51035320759,-177.25604248,-16.1246776581,0.51959246397,0.389198750257,97213.0432129,35.5799980164,70.6748962402,False
96.0,0.095,-0.041,5.0210518765e-18,0.5687857,-0.1765197,10.16949605,4.71000003815,-2.27604603767,-0.629999995232,-1.29084038734,-177.253356934,-16.1544380188,0.545756936073,0.373567342758,97211.0351562,35.6199989319,71.6213226318,False
96.10000000000001,0.127,-0.037,0.021,0.2549729,0.06864655,9.9831697,5.09999990463,-2.27604603767,-0.699999988079,-1.29084038734,-177.253356934,-16.1668872833,0.601866781712,0.347398519516,97211.114502,35.6599998474,71.8592681885,False
96.2,0.115,-0.028,0.041,0.63743225,0.0392266,10.22833595,5.38000011444,-2.27604603767,-0.659999966621,-1.29084038734,-177.253356934,-16.1923274994,0.625758647919,0.315118342638,97211.2060547,35.6899986267,72.142791748,False
96.30000000000001,0.133,-0.057,0.05,0.5295591,-0.1569064,10.97364135,5.46999979019,-2.27604603767,-0.659999966621,-1.29084038734,-177.253356934,-16.2261314392,0.616622507572,0.213154599071,97218.0114746,35.719997406,64.4749603271,False
96.4,0.12,-0.053,0.078,0.5491724,0.30400615,10.40485565,5.5,0.584140121937,-0.699999988079,-0.599072754383,-177.990280151,-16.2516212463,0.626011967659,0.148569360375,97210.5285645,35.7299995422,57.7286720276,False
96.5,0.104,-0.025,0.001,0.46091255,0.38245935,9.36535075,5.77999973297,0.584140121937,-0.659999966621,-0.599072754383,-177.990280151,-16.2737464905,0.65723335743,0.173997893929,97216.2719727,35.7399978638,51.7521858215,False
96.60000000000001,0.096,-0.028,-0.037,0.1176798,0.588399,10.2577559,5.96000003815,0.584140121937,-0.589999973774,-0.599072754383,-177.990280151,-16.2744922638,0.666304767132,0.151473104954,97214.3676758,35.75,44.9208259583,False
96.7,0.052,-0.018,-0.05,0.14709975,0.51975245,9.77723005,6.07999992371,2.31649446487,-0.519999980927,-0.390540033579,-178.021331787,-16.2748966217,0.656708717346,0.126357540488,97219.7631836,35.75,29.2083740234,False
96.80000000000001,0.077,-0.041,-0.051,0.1765197,0.50013915,10.34601575,6.09999990463,2.31649446487,-0.379999995232,-0.390540033579,-178.021331787,-16.2829990387,0.634699583054,0.0838850662112,97219.2932129,35.7599983215,22.3172187805,False
96.9,0.077,-0.041,-0.051,0.1765197,0.50013915,10.34601575,6.05999994278,2.31649446487,-0.199999988079,-0.390540033579,-178.021331787,-16.2953872681,0.614103913307,0.0338497199118,97219.2932129,35.7599983215,12.9781723022,False
97.0,0.125,-0.049,-0.049,0.50013915,-0.10787315,10.58137535,5.86999988556,2.31649446487,-0.0499999970198,-0.390540033579,-178.021331787,-16.2899093628,0.554754853249,-0.116336300969,97218.5241699,35.7599983215,2.00891494751,False
97.10000000000001,0.132,-0.052,-0.028,0.0,0.40207265,10.60098865,5.60999965668,4.02546024323,-0.019999999553,0.220220983028,-176.873001099,-16.2769069672,0.502808392048,-0.167749747634,97218.6828613,35.75,-2.89840698242,False
97.2,0.143,-0.041,-0.022,0.40207265,0.12748645,10.5127288,5.40000009537,4.02546024323,-0.019999999553,0.220220983028,-176.873001099,-16.2417163849,0.42118576169,-0.279157936573,97216.8945312,35.7299995422,-2.25582122803,False
97.30000000000001,0.166,-0.051,-0.012,-0.00980665,0.196133,10.0812362,4.92999982834,4.02546024323,0.0,0.220220983028,-176.873001099,-16.2262516022,0.333155333996,-0.337661772966,97213.873291,35.7000007629,-2.29377746582,False
97.4,0.153,-0.039,-0.012,0.3726527,0.0196133,10.05181625,4.46999979019,6.33315324783,-0.159999996424,0.747380971909,-176.383331299,-16.1823635101,0.214555934072,-0.360493570566,97210.4614258,35.6699981689,-0.412750244141,False
97.5,0.131,-0.024,-0.015,0.32361945,0.30400615,9.54187045,3.81999993324,6.33315324783,-0.219999998808,0.747380971909,-176.383331299,-16.1337718964,0.0780350342393,-0.398952126503,97210.4614258,35.6300010681,4.43172454834,False
97.60000000000001,-0.005,-0.037,-0.007,0.3138128,0.2353596,9.62032365,3.29999995232,6.33315324783,-0.319999992847,0.747380971909,-176.383331299,-16.115196228,-0.0257516168058,-0.386996358633,97207.4401855,35.5799980164,7.68613815308,False
97.7,-0.125,0.009,-0.038,0.20593965,0.51975245,8.91424485,2.59999990463,8.23464584351,-0.569999992847,1.03156960011,-176.099014282,-16.0828609467,-0.105278737843,-0.362554132938,97209.753418,35.5299987793,23.063659668,False
97.80000000000001,-0.283,-0.025,-0.068,0.0784532,0.46091255,9.54187045,2.01999998093,8.23464584351,-0.699999988079,1.03156960011,-176.099014282,-16.0615749359,-0.199363991618,-0.324322730303,97213.5498047,35.4899978638,32.2637557983,False
97.9,-0.303,0.015,-0.068,0.20593965,0.4118793,9.1397978,1.56999993324,8.23464584351,-0.930000007153,1.03156960011,-176.099014282,-16.0279426575,-0.286491900682,-0.318415671587,97208.8439941,35.4399986267,40.9618377686,False
98.0,-0.126,-0.008,-0.059,0.3530394,-0.1372931,10.07142955,0.810000002384,8.23464584351,-1.05999994278,1.03156960011,-176.099014282,-16.0051250458,-0.38797429204,-0.278925567865,97212.7319336,35.4099998474,43.5460090637,False
98.10000000000001,-0.076,-0.002,-0.029,0.20593965,0.0392266,8.8455983,0.439999997616,3.64736461639,-1.25999999046,0.619681596756,-174.694061279,-16.0006408691,-0.424042910337,-0.230599507689,97207.4768066,35.3699989319,41.1260604858,False
98.2,-0.068,-0.002,-0.017,0.196133,0.24516625,9.38496405,-0.00999999977648,3.64736461639,-1.35000002384,0.619681596756,-174.694061279,-16.0000648499,-0.477286875248,-0.158398076892,97212.2497559,35.3099975586,42.2833442688,False
98.30000000000001,-0.097,0.017,-0.034,0.2157463,0.50013915,8.9044382,-0.239999994636,3.64736461639,-1.4699999094,0.619681596756,-174.694061279,-15.9962129593,-0.498285353184,-0.123829260468,97207.9406738,35.3099975586,42.2833442688,False
98.4,-0.131,0.01,-0.022,0.392266,0.28439285,9.022118,-0.449999988079,3.64736461639,-1.38999998569,0.619681596756,-174.694061279,-15.9883012772,-0.501787304878,-0.0522321686149,97211.3342285,35.2900009155,45.6571578979,False
98.5,-0.131,0.01,-0.022,0.392266,0.28439285,9.022118,-0.740000009537,1.55948758125,-1.42999994755,0.191670686007,-174.077377319,-16.0075550079,-0.527457535267,-0.0590939037502,97211.3342285,35.2799987793,45.5527305603,False
98.60000000000001,-0.176,0.003,0.007,0.26477955,0.4511059,9.40457735,-0.8599999547,1.55948758125,-1.49000000954,0.191670686007,-174.077377319,-16.0253582001,-0.498429894447,-0.0269486624748,97205.6518555,35.2700004578,42.2855377197,False
98.7,-0.158,0.013,0.004,0.3138128,0.36284605,9.1397978,-0.849999964237,1.55948758125,-1.39999997616,0.191670686007,-174.077377319,-16.0412273407,-0.469688415527,-0.00241058063693,97209.4909668,35.2700004578,40.5424118042,False
98.80000000000001,-0.085,-0.02,0.002,0.18632635,0.2157463,9.67916355,-0.849999964237,1.55948758125,-1.40999996662,0.191670686007,-174.077377319,-16.0616645813,-0.435780853033,-0.0063214218244,97213.4643555,35.2599983215,41.9325828552,False
98.9,0.025,-0.008,0.008,0.28439285,0.392266,9.4536106,-0.639999985695,-2.59397554398,-1.42999994755,-0.0368097051978,-173.877761841,-16.081155777,-0.396009862423,0.00242697703652,97209.4848633,35.2599983215,42.5617218018,False
99.0,0.035,-0.013,0.016,0.65704555,-0.14709975,9.5320638,-0.469999998808,-2.59397554398,-1.44999992847,-0.0368097051978,-173.877761841,-16.104724884,-0.321880370378,0.0316149517894,97212.5671387,35.2599983215,57.0321083069,False
99.10000000000001,0.035,-0.013,0.016,0.65704555,-0.14709975,9.5320638,-0.399999976158,-2.59397554398,-1.57999992371,-0.0368097051978,-173.877761841,-16.1135559082,-0.293613702059,0.0367943532765,97212.5671387,35.2599983215,65.2067184448,False
99.2,0.181,0.004,0.033,0.18632635,0.2941995,8.9828914,-0.25,-2.59397554398,-1.79999995232,-0.0368097051978,-173.877761841,-16.1452484131,-0.282054126263,0.0819779485464,97211.0656738,35.2700004578,78.1155548096,False
99.30000000000001,0.084,-0.01,0.062,0.3726527,0.0784532,9.5320638,-0.140000000596,-2.59397554398,-1.91999995708,-0.0368097051978,-173.877761841,-16.1480464935,-0.228133782744,0.140229478478,97212.2253418,35.2799987793,83.4140777588,False
99.4,-0.321,-0.016,0.048,0.6668522,0.34323275,10.4342756,-0.0399999991059,-0.776860952377,-2.0,-0.280789196491,-174.630554199,-16.2032165527,-0.146310046315,0.0792574211955,97211.3342285,35.2900009155,75.6562194824,False
99.5,-0.462,0.024,0.009,0.4707192,0.3334261,10.34601575,0.399999976158,-0.776860952377,-1.99000000954,-0.280789196491,-174.630554199,-16.2383918762,-0.0525695979595,0.0665347874165,97208.5754395,35.2999992371,74.9523162842,False
99.60000000000001,-0.229,0.018,-0.026,0.4314926,0.2941995,10.75789505,1.00999999046,-0.776860952377,-1.89999997616,-0.280789196491,-174.630554199,-16.30169487,0.0993171557784,-0.056156411767,97211.7919922,35.2999992371,66.5445327759,False
99.7,-0.219,0.038,-0.027,0.50013915,-0.3530394,9.42419065,1.7199999094,-0.776860952377,-1.75,-0.280789196491,-174.630554199,-16.3480510712,0.187237292528,-0.052543092519,97214.6606445,35.2999992371,52.6943206787,False
99.80000000000001,0.322,0.001,0.014,0.40207265,-0.4903325,9.22805765,2.24000000954,-7.37558984756,-1.68999993801,-1.1474442482,-174.587677002,-16.3898944855,0.281637847424,0.05824771896,97212.2253418,35.2900009155,48.4234809875,False
99.9,0.495,-0.005,0.07,0.2941995,-0.61781895,9.2770909,2.57999992371,-7.37558984756,-1.70999991894,-1.1474442482,-174.587677002,-16.4314346313,0.308466613293,0.0710409209132,97209.8754883,35.2900009155,59.926700592,False
100.0,0.485,-0.014,0.176,0.20593965,-0.08825985,9.7870367,2.66999983788,-7.37558984756,-1.65999996662,-1.1474442482,-174.587677002,-16.4487361908,0.291773736477,0.0647709667683,97210.7788086,35.2999992371,51.3919830322,False
100.10000000000001,0.058,-0.071,0.219,0.53936575,0.1176798,12.2386992,2.75,-1.20898342133,-1.58999991417,-1.07551217079,-175.988952637,-16.4746208191,0.329099982977,-0.0661198273301,97213.1164551,35.2999992371,47.4756240845,False
100.2,0.159,-0.086,0.16,0.2941995,0.5295591,12.6898051,2.9399998188,-1.20898342133,-1.56999993324,-1.07551217079,-175.988952637,-16.5325641632,0.389334797859,-0.407605677843,97209.3444824,35.2900009155,30.9445381165,False
100.30000000000001,0.252,-0.032,0.088,0.53936575,0.5295591,10.65982855,3.28999996185,-1.20898342133,-1.44999992847,-1.07551217079,-175.988952637,-16.5718994141,0.426566451788,-0.619984269142,97213.4338379,35.2599983215,16.7398452759,False
100.4,0.057,-0.03,0.046,0.3334261,0.1372931,10.93441475,3.47000002861,-1.20898342133,-0.740000009537,-1.07551217079,-175.988952637,-16.5760612488,0.440666973591,-0.696033298969,97209.0759277,35.1899986267,15.3975486755,False
100.5,0.061,-0.019,0.02,0.2745862,-0.02941995,9.5909037,3.53999996185,-1.20898342133,-1.73000001907,-1.07551217079,-175.988952637,-16.5859165192,0.42034342885,-0.749783813953,97204.8706055,35.1100006104,31.5061569214,False
100.60000000000001,-0.011,0.01,0.016,0.08825985,0.38245935,9.1594111,3.48000001907,1.98102915287,-2.01999998093,-0.303044617176,-178.824386597,-16.569065094,0.42038923502,-0.73697334528,97204.2419434,35.0200004578,41.7869567871,False
100.7,-0.023,-0.015,-0.025,0.2353596,0.0588399,8.93385815,4.0499997139,1.98102915287,-3.03999996185,-0.303044617176,-178.824386597,-16.5430278778,0.418721497059,-0.625836133957,97203.3752441,34.9399986267,46.8963623047,False
100.80000000000001,-0.023,-0.015,-0.025,0.2353596,0.0588399,8.93385815,4.11999988556,1.98102915287,-2.6099998951,-0.303044617176,-178.824386597,-16.5447940826,0.437530338764,-0.614135682583,97203.3752441,34.8499984741,55.28383255,False
100.9,-0.123,0.091,-0.05,0.1765197,0.77472535,8.28661925,5.05999994278,1.98102915287,-1.95999991894,-0.303044617176,-178.824386597,-16.5592708588,0.463053286076,-0.582620203495,97200.6164551,34.7799987793,48.2265472412,False
101.0,-0.008,0.012,-0.122,0.196133,0.3334261,10.16949605,5.44999980927,0.445854246616,-2.61999988556,-0.741987645626,-178.64944458,-16.544708252,0.546152889729,-0.508775770664,97206.5368652,34.7099990845,35.5979919434,False
101.10000000000001,0.078,0.031,-0.143,0.0196133,0.1765197,8.433719,5.90999984741,0.445854246616,-2.67999982834,-0.741987645626,-178.64944458,-16.5448265076,0.574046611786,-0.386072963476,97199.1882324,34.6499977112,29.5557022095,False
101.2,0.129,0.052,-0.106,0.196133,-0.26477955,7.9629998,8.17000007629,0.445854246616,-3.44999980927,-0.741987645626,-178.64944458,-16.55377388,0.564742147923,-0.212366908789,97199.1882324,34.5999984741,44.5721626282,False
101.30000000000001,0.286,0.042,-0.086,0.0588399,-0.0196133,7.9237732,8.30999946594,0.445854246616,-2.78999996185,-0.741987645626,-178.64944458,-16.5541114807,0.529410839081,-0.0379793532193,97196.2463379,34.5699996948,52.9897689819,False
101.4,0.188,-0.015,-0.031,-0.0196133,-0.2157463,9.9439431,10.3199996948,2.32629132271,-2.74000000954,-2.40382361412,-175.65524292,-16.5799655914,0.481105238199,0.00300680450164,97200.6225586,34.5599975586,59.0545654297,False
101.5,0.188,-0.015,-0.031,-0.0196133,-0.2157463,9.9439431,10.3000001907,2.32629132271,-2.77999997139,-2.40382361412,-175.65524292,-16.5873737335,0.433067321777,0.0137170478702,97200.6225586,34.5499992371,55.6944847107,False
101.60000000000001,0.298,-0.021,0.025,-0.1372931,1.17094404695e-15,9.56148375,10.0999994278,2.32629132271,-2.81999993324,-2.40382361412,-175.65524292,-16.6103363037,0.299349576235,0.0276989229023,97198.0163574,34.5499992371,53.5395622253,False
101.7,0.255,-0.004,0.042,0.0196133,0.1569064,8.81617835,13.8400001526,2.32629132271,-2.75999999046,-2.40382361412,-175.65524292,-16.6081027985,0.158990263939,0.155252680182,97202.1484375,34.5499992371,45.9699630737,False
101.80000000000001,0.192,-0.004,-0.005,-0.26477955,0.50013915,8.9240515,13.8800001144,8.3535785675,-2.79999995232,-2.57532668114,-175.845077515,-16.6194210052,0.0555008724332,0.294625997543,97200.3173828,34.5499992371,44.8466300964,False
101.9,0.284,-0.01,-0.063,0.0,0.3138128,8.32584585,18.2999992371,8.3535785675,-2.82999992371,-2.57532668114,-175.845077515,-16.6145420074,-0.0455633327365,0.386442214251,97199.6765137,34.5599975586,49.6590614319,False
102.0,0.261,-0.051,-0.062,-0.0784532,0.34323275,9.8654899,18.1599998474,8.3535785675,-2.65999984741,-2.57532668114,-175.845077515,-16.6406955719,-0.249760851264,0.422105908394,97202.935791,34.5900001526,52.4540901184,False
102.10000000000001,0.217,-0.019,-0.06,0.00980665,0.4511059,9.05153795,20.9300003052,8.3535785675,-1.79999995232,-2.57532668114,-175.845077515,-16.6633872986,-0.487968802452,0.500397205353,97202.935791,34.6300010681,52.1256446838,False
102.2,0.323,-0.054,-0.095,0.14709975,-0.5099458,9.52225715,20.8199996948,13.8342599869,-2.42999982834,-2.61050796509,-174.737197876,-16.6816043854,-0.765053331852,0.520017743111,97201.348877,34.6699981689,54.3885231018,False
102.30000000000001,0.382,-0.028,-0.029,0.0,-0.3530394,9.414384,20.1800003052,13.8342599869,-2.3599998951,-2.61050796509,-174.737197876,-16.6671466827,-1.04079067707,0.548924148083,97201.0681152,34.719997406,37.0278358459,False
102.4,0.199,-0.075,0.082,-0.12748645,1.08853815,10.60098865,23.8500003815,13.8342599869,-2.8599998951,-2.61050796509,-174.737197876,-16.6715602875,-1.40886151791,0.533840596676,97203.6437988,34.7700004578,38.5969161987,False
102.5,0.029,-0.008,0.003,0.04903325,1.40235095,9.42419065,23.5699996948,19.508058548,-1.99000000954,-1.97875618935,-174.287368774,-16.6774730682,-1.58620107174,0.563905596733,97206.3659668,34.8199996948,21.1444854736,False
102.60000000000001,0.023,-0.015,-0.135,0.3138128,0.57859235,10.34601575,26.1599998474,19.508058548,-1.68999993801,-1.97875618935,-174.287368774,-16.6878395081,-1.86189842224,0.531564712524,97209.7167969,34.8699989319,8.81748199463,False
102.7,0.079,-0.018,-0.208,-0.1765197,0.91201845,9.71839015,25.8400001526,19.508058548,-1.40999996662,-1.97875618935,-174.287368774,-16.6971931458,-2.16442155838,0.550909638405,97205.6396484,34.9099998474,-22.5538253784,False
102.80000000000001,0.153,-0.027,-0.24,-0.0392266,0.59820565,9.5909037,29.609998703,20.1040267944,-0.930000007153,-2.75109767914,-171.722457886,-16.6803417206,-2.44294762611,0.576176047325,97206.9519043,34.9599990845,-39.2370223999,False
102.9,0.302,-0.053,-0.261,-0.392266,0.6864655,9.01231135,29.4099998474,20.1040267944,-0.449999988079,-2.75109767914,-171.722457886,-16.6623249054,-2.83513116837,0.669474542141,97209.6557617,35.0200004578,-51.9739151001,False
103.0,0.286,-0.08,-0.272,-0.04903325,0.2941995,8.6886919,29.2199993134,20.1040267944,-0.0799999982119,-2.75109767914,-171.722457886,-16.6344108582,-3.08079338074,0.782836675644,97206.7260742,35.0699996948,-57.0003509521,False
103.10000000000001,0.286,-0.08,-0.272,-0.04903325,0.2941995,8.6886919,31.4499988556,20.1040267944,0.209999993443,-2.75109767914,-171.722457886,-16.5523471832,-3.62216949463,0.859590113163,97206.7260742,35.1399993896,-63.5362625122,False
103.2,0.243,-0.137,-0.264,-0.48052585,0.57859235,10.395049,30.9699993134,20.1040267944,0.629999995232,-2.75109767914,-171.722457886,-16.4952831268,-3.97706103325,0.836860716343,97208.0444336,35.219997406,-79.768371582,False
103.30000000000001,0.183,-0.197,-0.267,-0.3530394,0.5099458,11.9248864,30.1899986267,26.1275234222,1.07999992371,-3.64922833443,-164.646224976,-16.4398460388,-4.28980445862,0.759266138077,97208.0444336,35.2999992371,-91.4628982544,False
103.4,0.193,-0.223,-0.223,0.1176798,-0.0392266,12.97419795,33.1199989319,26.1275234222,2.14999985695,-3.64922833443,-164.646224976,-16.2923984528,-4.91687774658,0.641175925732,97205.8105469,35.3800010681,-98.8248825073,False
103.5,0.285,-0.22,-0.178,-0.1569064,0.18632635,11.73856005,32.1300010681,26.1275234222,1.81999993324,-3.64922833443,-164.646224976,-16.0966262817,-5.58505249023,0.563598632812,97209.197998,35.4399986267,-114.845367432,False
103.60000000000001,0.408,-0.237,-0.188,-0.2549729,0.0980665,10.9638347,35.6800003052,26.1275234222,1.30999994278,-3.64922833443,-164.646224976,-15.8978948593,-6.13415670395,0.542448103428,97211.8408203,35.4799995422,-140.569595337,False
103.7,0.191,-0.25,-0.167,-0.08825985,0.1569064,10.89518815,34.8800010681,26.1275234222,2.32999992371,-3.64922833443,-164.646224976,-15.7138910294,-6.59069681168,0.538598775864,97211.8408203,35.5200004578,-150.657470703,False
103.80000000000001,0.125,-0.274,-0.125,-0.4314926,0.6276256,11.64049355,34.9099998474,34.2352600098,2.61999988556,-1.5721257925,-156.071990967,-15.4575891495,-7.1931142807,0.530844509602,97209.2651367,35.5599975586,-142.880249023,False
103.9,0.006,-0.254,-0.159,-0.02941995,0.6080123,11.83662655,33.7599983215,34.2352600098,2.73000001907,-1.5721257925,-156.071990967,-15.1897411346,-7.76794290543,0.512880325317,97210.2539062,35.5999984741,-148.653411865,False
104.0,-0.024,-0.228,-0.208,-0.30400615,0.4707192,10.87557485,32.5799980164,34.2352600098,2.75,-1.5721257925,-156.071990967,-14.8980703354,-8.31084156036,0.537796080112,97210.7788086,35.6399993896,-143.981933594,False
104.10000000000001,0.038,-0.233,-0.224,-0.392266,0.57859235,12.13082605,36.0200004578,35.0428962708,3.46000003815,-0.169108226895,-151.124572754,-14.4225740433,-9.12100601196,0.480917096138,97211.2731934,35.6800003052,-146.880722046,False
104.2,0.031,-0.243,-0.221,-0.24516625,0.46091255,12.46425215,34.8400001526,35.0428962708,2.88999986649,-0.169108226895,-151.124572754,-14.2713527679,-9.36920070648,0.448356479406,97210.5163574,35.7099990845,-155.009368896,False
104.30000000000001,0.031,-0.243,-0.221,-0.24516625,0.46091255,12.46425215,34.6300010681,35.0428962708,2.28999996185,-0.169108226895,-151.124572754,-13.9595556259,-9.82909488678,0.387546241283,97210.5163574,35.7399978638,-163.384536743,False
104.4,0.05,-0.21,-0.248,-0.04903325,0.4903325,11.95430635,33.3600006104,35.0428962708,3.04999995232,-0.169108226895,-151.124572754,-13.481795311,-10.4972248077,0.317349433899,97212.2802734,35.75,-163.63772583,False
104.5,-0.002,-0.204,-0.264,-0.18632635,0.83356525,11.5130071,32.0200004578,35.0428962708,3.15999984741,-0.169108226895,-151.124572754,-13.0149555206,-11.1306934357,0.303489089012,97214.1235352,35.7700004578,-165.873336792,False
104.60000000000001,-0.085,-0.198,-0.273,-0.08825985,0.5099458,11.30706745,35.4899978638,36.212890625,3.08999991417,0.607915520668,-142.039108276,-12.5079536438,-11.7089643478,0.293151885271,97211.3037109,35.7700004578,-157.851409912,False
104.7,-0.096,-0.207,-0.296,0.00980665,0.46091255,11.01286795,34.3800010681,36.212890625,3.07999992371,0.607915520668,-142.039108276,-12.1049222946,-12.1643848419,0.30428981781,97213.9892578,35.7799987793,-159.895141602,False
104.80000000000001,-0.136,-0.215,-0.266,-0.24516625,0.4511059,11.1599677,35.4500007629,36.212890625,3.03999996185,0.607915520668,-142.039108276,-11.8058729172,-12.4562644958,0.393691301346,97212.1948242,35.7900009155,-151.739685059,False
104.9,-0.264,-0.235,-0.262,-0.20593965,0.980665,12.3956056,34.7000007629,36.212890625,3.03999996185,0.607915520668,-142.039108276,-11.2621393204,-12.9819364548,0.308334082365,97214.8986816,35.8099975586,-146.692077637,False
105.0,-0.06,-0.167,-0.282,-0.2745862,0.9022118,11.32668075,36.7799987793,32.7220611572,3.12999987602,0.467888653278,-133.463485718,-10.8026075363,-13.388666153,0.157971665263,97213.7390137,35.8199996948,-162.016296387,False
105.10000000000001,0.146,-0.208,-0.334,-0.1765197,0.6276256,12.2779258,35.969997406,32.7220611572,3.15999984741,0.467888653278,-133.463485718,-10.4549636841,-13.6793432236,0.131503760815,97215.7653809,35.8199996948,-162.769699097,False
105.2,0.146,-0.208,-0.334,-0.1765197,0.6276256,12.2779258,35.0699996948,32.7220611572,3.23000001907,0.467888653278,-133.463485718,-10.1716880798,-13.9017324448,0.0966241359711,97215.7653809,35.8099975586,-163.843353271,False
105.30000000000001,0.292,-0.262,-0.28,-0.2353596,0.2353596,11.1599677,34.6100006104,32.7220611572,3.92999982834,0.467888653278,-133.463485718,-9.32598209381,-14.5280284882,0.159815475345,97213.671875,35.7999992371,-138.498504639,False
105.4,0.067,-0.282,-0.223,-0.0196133,0.18632635,12.2583125,33.4300003052,32.7220611572,3.16999983788,0.467888653278,-133.463485718,-8.74332046509,-14.904378891,0.191531762481,97212.1520996,35.7900009155,-126.784606934,False
105.5,-0.086,-0.28,-0.176,0.06864655,0.44129925,12.38579895,33.6300010681,38.8303527832,3.06999993324,0.240579858422,-123.438346863,-8.10786533356,-15.303694725,0.157576426864,97209.5153809,35.7900009155,-136.705108643,False
105.60000000000001,-0.128,-0.25,-0.162,0.22555295,0.5687857,12.160246,32.0299987793,38.8303527832,3.06999993324,0.240579858422,-123.438346863,-7.43766546249,-15.6827468872,0.0714460089803,97210.6201172,35.7900009155,-143.957046509,False
105.7,-0.128,-0.25,-0.162,0.22555295,0.5687857,12.160246,30.2999992371,38.8303527832,3.13999986649,0.240579858422,-123.438346863,-7.18977451324,-15.8208198547,0.0608480721712,97210.6201172,35.7799987793,-155.106445312,False
105.80000000000001,-0.282,-0.261,-0.195,0.38245935,0.50013915,12.4152189,28.9300003052,36.9445037842,2.36999988556,1.96157574654,-117.536323547,-6.35775470734,-16.2270641327,0.0208956673741,97213.6047363,35.7599983215,-146.333404541,False
105.9,-0.459,-0.216,-0.218,0.26477955,1.04931155,13.24878415,27.1800003052,36.9445037842,2.86999988556,1.96157574654,-117.536323547,-5.7162976265,-16.5170631409,-0.167557194829,97213.3422852,35.7399978638,-140.544509888,False
106.0,-0.376,-0.155,-0.273,0.36284605,0.51975245,12.2779258,25.5799999237,36.9445037842,2.83999991417,1.96157574654,-117.536323547,-5.14034891129,-16.7439022064,-0.294564545155,97211.7248535,35.7000007629,-152.875137329,False
106.10000000000001,-0.376,-0.155,-0.273,0.36284605,0.51975245,12.2779258,23.9200000763,36.9445037842,2.65999984741,1.96157574654,-117.536323547,-4.80074262619,-16.855802536,-0.374661624432,97211.7248535,35.6499977112,-146.422195435,False
106.2,-0.211,-0.132,-0.27,0.14709975,0.392266,11.6699135,22.1800003052,29.6696853638,2.46000003815,2.14865803719,-110.771125793,-4.10044717789,-17.0571784973,-0.47984841466,97208.4716797,35.5799980164,-140.624053955,False
106.30000000000001,-0.211,-0.132,-0.27,0.14709975,0.392266,11.6699135,20.6299991608,29.6696853638,2.20000004768,2.14865803719,-110.771125793,-3.72940063477,-17.1477432251,-0.497612923384,97208.4716797,35.5,-128.991119385,False
106.4,-0.3,-0.124,-0.252,0.22555295,0.6668522,12.8467115,19.2099990845,29.6696853638,1.94999992847,2.14865803719,-110.771125793,-3.11251044273,-17.2955226898,-0.639875233173,97209.197998,35.4199981689,-109.055900574,False
106.5,-0.152,-0.039,-0.293,0.08825985,0.61781895,10.1793027,17.6700000763,29.6696853638,1.76999998093,2.14865803719,-110.771125793,-2.74463677406,-17.3480892181,-0.692979037762,97206.2805176,35.3299980164,-110.752677917,False
106.60000000000001,-0.166,-0.082,-0.315,-0.16671305,0.5491724,9.28689755,16.3500003815,24.9499073029,1.42999994755,1.14234030247,-104.625488281,-2.46592354774,-17.3869380951,-0.666034519672,97208.3679199,35.2399978638,-103.276443481,False
106.7,-0.101,-0.077,-0.313,-0.0588399,0.40207265,9.3359308,15.2100000381,24.9499073029,1.13999998569,1.14234030247,-104.625488281,-2.09421348572,-17.4217758179,-0.516990303993,97206.0668945,35.1499977112,-81.2168121338,False
106.80000000000001,-0.141,-0.053,-0.281,-0.20593965,0.1569064,8.5513988,14.1300001144,24.9499073029,0.699999988079,1.14234030247,-104.625488281,-1.80637550354,-17.4172744751,-0.38794875145,97202.7770996,35.0599975586,-62.5068664551,False
106.9,-0.115,-0.077,-0.29,-0.1569064,-0.0588399,9.7085835,13.029999733,24.9499073029,0.42999997735,1.14234030247,-104.625488281,-1.5540510416,-17.4210109711,-0.289851635695,97204.6081543,35.0,-56.3459396362,False
107.0,-0.065,-0.072,-0.223,-0.42168595,-0.53936575,7.09020795,11.7299995422,21.9106121063,0.289999991655,-0.538159072399,-97.1017303467,-1.23109471798,-17.4094810486,-0.112973868847,97203.2714844,34.9500007629,-64.6701812744,False
107.10000000000001,-0.043,-0.143,-0.115,-0.40207265,-0.4118793,8.77695175,10.4699993134,21.9106121063,0.0899999961257,-0.538159072399,-97.1017303467,-0.905871987343,-17.4000968933,0.133688569069,97202.3864746,34.9199981689,-48.1956481934,False
107.2,-0.19,-0.162,0.033,-0.22555295,-0.12748645,10.3558224,8.92000007629,21.9106121063,-0.0599999986589,-0.538159072399,-97.1017303467,-0.464513003826,-17.3880310059,0.203390568495,97200.3051758,34.9199981689,-36.0137939453,False
107.30000000000001,-0.302,-0.118,0.078,0.0196133,1.2982466817999999e-15,10.60098865,7.21999979019,21.9106121063,-0.159999996424,-0.538159072399,-97.1017303467,-0.187943160534,-17.3770122528,0.199996560812,97200.6530762,34.9300003052,-38.2942199707,False
107.4,-0.351,-0.103,0.081,0.10787315,1.32226604687e-15,10.79712165,5.59999990463,21.9106121063,-0.310000002384,-0.538159072399,-97.1017303467,0.109096512198,-17.3381328583,0.158965170383,97203.9978027,34.9399986267,-39.9967193604,False
107.5,-0.377,-0.071,0.084,0.0,0.7256921,10.9246081,4.15999984741,16.9826278687,-0.42999997735,1.93746089935,-95.57472229,0.386398673058,-17.3095397949,0.0226695630699,97203.1616211,34.9399986267,-39.6928787231,False
107.60000000000001,-0.454,-0.018,0.009,0.42168595,0.6668522,10.9246081,2.90999984741,16.9826278687,-0.509999990463,1.93746089935,-95.57472229,0.587268948555,-17.2470245361,-0.131857722998,97205.2429199,34.9399986267,-45.1663970947,False
107.7,-0.454,-0.018,0.009,0.42168595,0.6668522,10.9246081,2.06999993324,16.9826278687,-0.620000004768,1.93746089935,-95.57472229,0.66594517231,-17.2253608704,-0.210501849651,97205.2429199,34.9099998474,-43.6008453369,False
107.80000000000001,-0.296,0.058,-0.146,0.0196133,0.38245935,9.4928372,1.56999993324,16.9826278687,-0.680000007153,1.93746089935,-95.57472229,0.75343978405,-17.1675739288,-0.166909590364,97205.065918,34.8800010681,-36.9543075562,False
107.9,-0.165,0.015,-0.144,-0.2941995,0.24516625,8.36507245,1.12999999523,6.52958106995,-0.769999980927,1.58362472057,-94.4211425781,0.830654799938,-17.0897941589,-0.064751856029,97205.065918,34.8499984741,-37.8545761108,False
108.0,0.087,-0.003,-0.146,-0.1569064,0.2157463,10.28717585,0.799999952316,6.52958106995,-0.909999966621,1.58362472057,-94.4211425781,0.861428320408,-17.0613479614,0.00297883478925,97205.1635742,34.8099975586,-21.8946456909,False
108.10000000000001,0.033,-0.028,-0.1,0.2549729,-0.22555295,12.09159945,0.379999995232,6.52958106995,-0.8599999547,1.58362472057,-94.4211425781,0.978765130043,-17.0120983124,-0.180464476347,97199.9755859,34.8099975586,-21.8946456909,False
108.2,0.003,-0.002,-0.013,-0.12748645,-0.0196133,10.36562905,-0.219999998808,6.52958106995,-0.829999983311,1.58362472057,-94.4211425781,1.07265865803,-16.9797420502,-0.301678925753,97206.9091797,34.7900009155,-33.4594726562,False
108.30000000000001,0.036,-0.012,0.042,0.196133,-0.30400615,10.50292215,-0.939999997616,6.52958106995,-0.829999983311,1.58362472057,-94.4211425781,1.19997882843,-16.9317150116,-0.393589615822,97206.9091797,34.75,-33.5359573364,False
108.4,0.036,-0.012,0.042,0.196133,-0.30400615,10.50292215,-1.59999990463,6.48224782944,-0.879999995232,1.17046225071,-92.4507369995,1.23620414734,-16.9174060822,-0.418074727058,97203.5217285,34.7000007629,-42.2580718994,False
108.5,-0.113,-0.029,0.086,0.18632635,-0.0196133,10.1596894,-2.19000005722,6.48224782944,-0.889999985695,1.17046225071,-92.4507369995,1.35569131374,-16.8570690155,-0.408281743526,97202.2216797,34.6499977112,-30.0155639648,False
108.60000000000001,-0.248,0.004,0.093,-0.2549729,0.38245935,8.42391235,-2.58999991417,6.48224782944,-1.15999996662,1.17046225071,-92.4507369995,1.36737346649,-16.8202114105,-0.325668513775,97201.2084961,34.5999984741,-9.86881256104,False
108.7,-0.223,-0.008,0.043,0.0392266,0.2157463,9.7870367,-2.79999995232,3.28640651703,-1.55999994278,1.15547478199,-93.8729934692,1.36390972137,-16.7769966125,-0.2879319489,97201.0925293,34.5599975586,15.6846046448,False
108.80000000000001,-0.088,0.035,0.011,-0.18632635,0.4511059,7.8257067,-2.91999983788,3.28640651703,-1.70999991894,1.15547478199,-93.8729934692,1.34983241558,-16.727399826,-0.188426986337,97200.6408691,34.5299987793,20.4889297485,False
108.9,-0.13,0.049,-0.047,0.06864655,0.28439285,8.18855275,-2.89999985695,3.28640651703,-2.04999995232,1.15547478199,-93.8729934692,1.30980825424,-16.6783008575,-0.0369955338538,97200.4516602,34.5099983215,43.8697814941,False
109.0,-0.095,0.048,-0.057,0.196133,0.14709975,8.3748791,-2.86999988556,3.28640651703,-2.26999998093,1.15547478199,-93.8729934692,1.27066636086,-16.6528186798,0.075162962079,97197.9614258,34.5099983215,59.2021942139,False
109.10000000000001,-0.026,0.046,-0.047,0.2353596,0.0980665,8.5513988,-2.82999992371,0.533740162849,-2.49000000954,0.398909837008,-93.5858688354,1.21718430519,-16.6112918854,0.253995418549,97200.0671387,34.5200004578,73.2794799805,False
109.2,-0.023,0.031,-0.033,0.2353596,0.24516625,9.12999115,-2.77999997139,0.533740162849,-2.71000003815,0.398909837008,-93.5858688354,1.18021953106,-16.6006088257,0.289525479078,97200.3112793,34.5400009155,84.0039215088,False
109.30000000000001,0.031,0.013,-0.015,0.6080123,-0.0392266,10.13026945,-2.69000005722,0.533740162849,-2.80999994278,0.398909837008,-93.5858688354,1.14918756485,-16.6088829041,0.304875433445,97202.8625488,34.5699996948,83.194442749,False
109.4,-0.047,-0.028,0.002,0.5687857,0.0196133,10.983448,-2.62999987602,0.533740162849,-2.74000000954,0.398909837008,-93.5858688354,1.12061834335,-16.6260299683,0.239923596382,97203.1433105,34.6100006104,79.3203353882,False
109.5,-0.072,-0.004,0.046,0.4314926,0.02941995,10.5127288,-2.62999987602,-0.565069258213,-2.63999986649,-0.294668018818,-92.7896347046,1.08528220654,-16.6322956085,0.181035414338,97202.8259277,34.6399993896,64.589881897,False
109.60000000000001,-0.164,0.009,0.093,0.2745862,1.1156995073e-15,9.11037785,-2.67999982834,-0.565069258213,-2.61999988556,-0.294668018818,-92.7896347046,1.04316198826,-16.6807422638,0.224271029234,97202.4169922,34.6599998474,73.4675445557,False
109.7,-0.092,0.036,0.127,0.61781895,0.26477955,8.7671451,-2.62999987602,-0.565069258213,-2.80999994278,-0.294668018818,-92.7896347046,0.974041521549,-16.6823253632,0.288613468409,97201.2817383,34.6800003052,103.063201904,False
109.80000000000001,-0.038,0.016,0.073,0.44129925,0.53936575,8.9828914,-2.34999990463,-0.565069258213,-2.97000002861,-0.294668018818,-92.7896347046,0.901241123676,-16.7023468018,0.331031143665,97202.9724121,34.7099990845,110.276603699,False
109.9,-0.063,0.066,0.039,0.65704555,0.9022118,8.2964259,-1.91999995708,-0.565069258213,-3.11999988556,-0.294668018818,-92.7896347046,0.741045236588,-16.7138118744,0.484266728163,97202.0080566,34.7399978638,118.861297607,False
110.0,-0.171,0.058,-0.027,0.18632635,1.1179581,8.2768126,-1.28999996185,-2.89422988892,-3.26999998093,-1.30567467213,-94.7265014648,0.626484692097,-16.7340927124,0.562715053558,97206.9580078,34.7799987793,128.106018066,False
110.10000000000001,-0.117,0.103,-0.148,0.4314926,1.01008495,8.16893945,-0.560000002384,-2.89422988892,-3.22000002861,-1.30567467213,-94.7265014648,0.453017771244,-16.7535629272,0.743929326534,97206.451416,34.8400001526,118.154335022,False
110.2,0.066,0.082,-0.241,0.6668522,0.5491724,10.6304086,0.389999985695,-2.89422988892,-2.96000003815,-1.30567467213,-94.7265014648,0.234846785665,-16.7903156281,0.80684876442,97207.2143555,34.9199981689,106.291389465,False
110.30000000000001,0.066,0.082,-0.241,0.6668522,0.5491724,10.6304086,1.29999995232,-2.89422988892,-2.55999994278,-1.30567467213,-94.7265014648,0.121167778969,-16.8623447418,0.631230056286,97207.2143555,35.0,66.3784942627,False
110.4,0.276,0.009,-0.085,0.5295591,-0.48052585,9.9635564,1.67999994755,-4.5866522789,-1.97999989986,-2.91887974739,-91.1633987427,0.0854786634445,-16.915019989,0.558821201324,97214.5996094,35.0799980164,37.1350288391,False
110.5,0.336,-0.032,0.069,0.28439285,-0.1765197,11.375714,1.84999990463,-4.5866522789,-1.49000000954,-2.91887974739,-91.1633987427,0.0861686766148,-16.981962204,0.484701931477,97213.8122559,35.1499977112,24.8392105103,False
110.60000000000001,0.15,-0.079,0.157,0.12748645,0.0392266,10.8853815,1.9699999094,-4.5866522789,-1.12999999523,-2.91887974739,-91.1633987427,0.0758739486337,-17.0593280792,0.274429708719,97209.4482422,35.2000007629,13.712978363,False
110.7,0.053,-0.022,0.2,0.12748645,0.91201845,10.34601575,1.97999989986,-0.363059729338,-0.930000007153,-2.54300498962,-91.2127380371,0.0414143987,-17.0776386261,0.323162913322,97210.9741211,35.2399978638,17.4366950989,False
110.80000000000001,0.053,-0.022,0.2,0.12748645,0.91201845,10.34601575,2.24000000954,-0.363059729338,-1.0,-2.54300498962,-91.2127380371,-0.0183138139546,-17.1127662659,0.0293990895152,97210.9741211,35.2799987793,19.7045326233,False
110.9,0.144,-0.083,0.055,0.2941995,0.00980665,12.99381125,2.40999984741,-0.363059729338,-0.629999995232,-2.54300498962,-91.2127380371,-0.00635365396738,-17.1329784393,-0.188076481223,97213.7634277,35.2999992371,-26.6212463379,False
111.0,0.164,-0.1,0.085,0.1569064,0.1372931,12.4152189,2.26999998093,-0.363059729338,-0.370000004768,-2.54300498962,-91.2127380371,0.0202246885747,-17.1420688629,-0.555021822453,97211.730957,35.2900009155,-53.0704498291,False
111.10000000000001,-0.001,-0.083,0.07,-0.32361945,0.42168595,9.9047165,2.15999984741,1.96470582485,-0.209999993443,-1.15780413151,-93.814994812,0.0387361943722,-17.1209373474,-0.711009204388,97211.9140625,35.2399978638,-72.912979126,False
111.2,0.035,-0.012,0.034,-0.196133,0.392266,7.6688003,2.04999995232,1.96470582485,-0.229999989271,-1.15780413151,-93.814994812,0.0448673442006,-17.0678691864,-0.594228029251,97210.8154297,35.1699981689,-69.3109512329,False
111.30000000000001,-0.073,-0.054,-0.037,-0.2157463,0.50013915,9.6889702,2.01999998093,1.96470582485,-0.34999999404,-1.15780413151,-93.814994812,0.0437855608761,-17.0051326752,-0.504322290421,97210.8154297,35.0900001526,-58.1018447876,False
111.4,-0.118,-0.007,-0.083,-0.2941995,0.34323275,8.2571993,1.99000000954,1.96470582485,-0.34999999404,-1.15780413151,-93.814994812,0.0367671437562,-16.9605846405,-0.500171601772,97209.8876953,35.0299987793,-52.4255752563,False
111.5,-0.003,-0.021,-0.125,-0.22555295,0.1176798,9.9047165,2.0,1.2845569849,-0.5,-0.473087072372,-93.9309234619,0.043415337801,-16.8898448944,-0.385104835033,97206.854248,34.9799995422,-45.2363967896,False
111.60000000000001,0.191,-0.07,-0.113,-0.3138128,0.1569064,10.7284751,1.92999994755,1.2845569849,-0.589999973774,-0.473087072372,-93.9309234619,0.0685049444437,-16.8409137726,-0.493222475052,97205.4382324,34.9399986267,-40.2183532715,False
111.7,0.151,-0.042,-0.065,-0.44129925,-0.0196133,9.60071035,1.67999994755,1.2845569849,-0.649999976158,-0.473087072372,-93.9309234619,0.128321439028,-16.7831401825,-0.477048695087,97202.6367188,34.8899993896,-44.7633743286,False
111.80000000000001,0.151,-0.042,-0.065,-0.44129925,-0.0196133,9.60071035,1.25,1.2845569849,-0.930000007153,-0.473087072372,-93.9309234619,0.199680581689,-16.7306652069,-0.38599267602,97202.6367188,34.8499984741,-25.7287979126,False
111.9,-0.115,-0.015,0.122,-0.40207265,-0.71588545,7.05098135,0.589999973774,1.35024940968,-1.27999997139,-0.00987677369267,-92.4061965942,0.343221157789,-16.6586017609,-0.0886946171522,97202.6367188,34.8199996948,9.24015045166,False
112.0,-0.115,-0.015,0.122,-0.40207265,-0.71588545,7.05098135,-0.00999999977648,1.35024940968,-1.70999991894,-0.00987677369267,-92.4061965942,0.394185364246,-16.6113319397,-0.00487238168716,97202.6367188,34.7999992371,41.3581848145,False
112.10000000000001,-0.017,-0.013,0.234,-0.1176798,-0.1765197,8.20816605,-0.449999988079,1.35024940968,-2.08999991417,-0.00987677369267,-92.4061965942,0.460830956697,-16.5197658539,0.111299231648,97200.4577637,34.7900009155,49.6740341187,False
112.2,-0.161,-0.011,0.208,0.14709975,0.12748645,7.40402075,-0.680000007153,1.35024940968,-2.42999982834,-0.00987677369267,-92.4061965942,0.460473775864,-16.4605407715,0.371178239584,97201.2695312,34.7999992371,55.9507369995,False
112.30000000000001,0.161,0.02,0.134,-0.0392266,0.588399,8.3748791,-0.709999978542,1.35024940968,-2.62999987602,-0.00987677369267,-92.4061965942,0.440109491348,-16.4241790771,0.54085123539,97204.699707,34.8299980164,71.8843460083,False
112.4,0.062,-0.009,0.096,0.00980665,0.8041453,9.3751574,-0.669999957085,-0.471461117268,-2.69000005722,-0.0288002397865,-97.3271865845,0.381246864796,-16.3789997101,0.550790965557,97204.7607422,34.8800010681,73.2546844482,False
112.5,0.02,0.017,-0.018,0.22555295,0.61781895,9.50264385,-0.459999978542,-0.471461117268,-2.69000005722,-0.0288002397865,-97.3271865845,0.315074652433,-16.3679237366,0.60185277462,97204.7607422,34.9300003052,64.3514633179,False
112.60000000000001,0.02,0.017,-0.018,0.22555295,0.61781895,9.50264385,-0.299999982119,-0.471461117268,-2.54999995232,-0.0288002397865,-97.3271865845,0.298042923212,-16.37865448,0.606236279011,97207.5439453,35.0,66.6492462158,False
112.7,-0.043,0.055,-0.067,0.69627215,0.08825985,8.825985,-0.119999997318,-0.471461117268,-2.42999982834,-0.0288002397865,-97.3271865845,0.231584057212,-16.3892440796,0.747305750847,97207.1044922,35.0599975586,67.5458908081,False
112.80000000000001,0.009,0.046,-0.056,0.6080123,0.20593965,9.7870367,0.0,-0.729683876038,-2.27999997139,-1.16693437099,-97.1984786987,0.199106276035,-16.4061698914,0.781086206436,97209.5458984,35.1399993896,71.0796356201,False
112.9,-0.039,0.049,-0.045,0.38245935,0.4511059,9.36535075,0.179999992251,-0.729683876038,-2.1099998951,-1.16693437099,-97.1984786987,0.134675145149,-16.4334106445,0.772684633732,97213.4765625,35.219997406,66.8184280396,False
113.0,-0.082,0.029,-0.033,0.1372931,0.588399,9.8851032,0.409999996424,-0.729683876038,-1.87999999523,-1.16693437099,-97.1984786987,0.0837956368923,-16.4705657959,0.758567214012,97213.3544922,35.2900009155,56.8818092346,False
113.10000000000001,0.031,0.009,-0.044,0.22555295,0.4314926,9.83606995,0.719999969006,-1.43055021763,-1.66999995708,-1.96277546883,-96.2166900635,0.0242252256721,-16.4956321716,0.763005912304,97211.9567871,35.3699989319,43.9473152161,False
113.2,0.023,0.018,-0.065,0.4707192,0.2353596,8.77695175,1.05999994278,-1.43055021763,-1.4699999094,-1.96277546883,-96.2166900635,-0.0340503752232,-16.5211181641,0.800346434116,97217.6147461,35.4500007629,43.7808036804,False
113.30000000000001,0.136,-0.033,-0.048,0.4118793,-0.10787315,9.5320638,1.24000000954,-1.43055021763,-1.30999994278,-1.96277546883,-96.2166900635,-0.0659475177526,-16.5469417572,0.911353051662,97215.0390625,35.5299987793,46.1744308472,False
113.4,0.074,-0.02,-0.007,0.04903325,0.2353596,8.54159215,1.32999992371,-1.43055021763,-1.15999996662,-1.96277546883,-96.2166900635,-0.0662506595254,-16.5909614563,0.993731021881,97217.4133301,35.6199989319,48.0781555176,False
113.5,0.028,-0.013,0.023,0.00980665,0.4118793,8.7083052,1.35000002384,-1.43055021763,-1.00999999046,-1.96277546883,-96.2166900635,-0.0789421051741,-16.5985012054,1.04392492771,97219.1711426,35.719997406,50.1906394958,False
113.60000000000001,0.013,-0.01,0.016,0.4511059,0.2745862,9.71839015,1.40999996662,0.195737719536,-0.889999985695,-2.23057150841,-95.1121902466,-0.0979003757238,-16.6335964203,1.04053068161,97216.6687012,35.8299980164,45.6048965454,False
113.7,0.006,0.002,-2.44929359829e-19,0.2745862,0.46091255,8.99269805,1.54999995232,0.195737719536,-0.599999964237,-2.23057150841,-95.1121902466,-0.138887166977,-16.6641483307,1.060303092,97218.1152344,35.9399986267,35.3391647339,False
113.80000000000001,0.039,-0.022,-0.015,0.02941995,0.5295591,9.63993695,1.69999992847,0.195737719536,-0.340000003576,-2.23057150841,-95.1121902466,-0.152347013354,-16.7042312622,1.08201229572,97222.4975586,36.0499992371,31.2019348145,False
113.9,0.039,-0.022,-0.015,0.02941995,0.5295591,9.63993695,1.87000000477,0.517444610596,-0.119999997318,-2.09297132492,-95.0123062134,-0.170481339097,-16.7411308289,1.0790977478,97222.4975586,36.1599998474,18.7405586243,False
114.0,0.114,-0.038,-0.039,0.51975245,-0.10787315,10.0616229,1.93999993801,0.517444610596,0.129999995232,-2.09297132492,-95.0123062134,-0.185198649764,-16.7513408661,1.08564472198,97222.2167969,36.2700004578,9.17997360229,False
114.10000000000001,0.087,-0.037,-0.011,0.2941995,0.1569064,9.2967042,1.87999999523,0.517444610596,0.449999988079,-2.09297132492,-95.0123062134,-0.161271989346,-16.7978458405,1.06834244728,97228.3813477,36.3899993896,4.76741790771,False
114.2,-0.021,-0.063,0.01,0.14709975,0.2353596,10.20872265,1.77999997139,0.517444610596,0.659999966621,-2.09297132492,-95.0123062134,-0.131151095033,-16.824634552,1.03755068779,97226.7700195,36.5,8.97083282471,False
114.30000000000001,0.016,-0.094,0.042,0.3138128,-0.08825985,10.787315,1.66999995708,1.74997103214,0.839999973774,-1.53397083282,-94.5159835815,-0.106688261032,-16.8562202454,0.975781977177,97224.432373,36.6100006104,3.37886810303,False
114.4,0.016,-0.094,0.042,0.3138128,-0.08825985,10.787315,1.42999994755,1.74997103214,1.02999997139,-1.53397083282,-94.5159835815,-0.0823677703738,-16.8759670258,0.919517815113,97224.432373,36.7099990845,-5.19504547119,False
114.5,0.047,-0.078,0.069,0.30400615,0.5295591,10.9246081,1.19999992847,1.74997103214,1.27999997139,-1.53397083282,-94.5159835815,-0.025795282796,-16.9189395905,0.696450054646,97231.652832,36.7999992371,-21.8027114868,False
114.60000000000001,-0.04,-0.077,0.065,0.0392266,0.4511059,10.7480884,1.09000003338,2.27834916115,1.5,-0.203608155251,-95.39037323,-0.00481703970581,-16.921333313,0.538206994534,97232.1594238,36.8800010681,-34.4955444336,False
114.7,-0.015,-0.058,0.022,0.3334261,0.3726527,10.30678915,0.979999959469,2.27834916115,1.57999992371,-0.203608155251,-95.39037323,-0.00576997641474,-16.9081745148,0.482454389334,97231.0913086,36.9300003052,-52.8495788574,False
114.80000000000001,-0.085,-0.07,-0.005,0.38245935,0.0784532,10.6107953,0.829999983311,2.27834916115,1.75,-0.203608155251,-95.39037323,0.00844172015786,-16.8957920074,0.388786017895,97231.5185547,36.9799995422,-53.893661499,False
114.9,-0.085,-0.07,-0.005,0.38245935,0.0784532,10.6107953,0.729999959469,2.27834916115,1.88999998569,-0.203608155251,-95.39037323,0.0367924645543,-16.8742485046,0.335115760565,97231.5185547,37.0200004578,-57.4045181274,False
115.0,-0.071,-0.043,0.027,0.00980665,0.46091255,9.4732239,0.639999985695,2.27834916115,1.88999998569,-0.203608155251,-95.39037323,0.0225871447474,-16.8503742218,0.341987371445,97231.7565918,37.0499992371,-51.2775421143,False
115.10000000000001,-0.073,-0.054,0.012,0.08825985,0.4903325,9.97336305,0.689999997616,0.570231378078,1.93999993801,1.23018360138,-95.7502059937,-0.0075979870744,-16.7964878082,0.260139495134,97233.4533691,37.0900001526,-48.3194351196,False
115.2,-0.069,-0.046,-0.002,-0.08825985,0.5295591,9.44380395,0.839999973774,0.570231378078,1.88999998569,1.23018360138,-95.7502059937,-0.030561260879,-16.757648468,0.245708495378,97233.203125,37.1199989319,-34.1630935669,False
115.30000000000001,-0.043,-0.022,-0.027,0.3138128,0.44129925,8.75733845,0.989999949932,-0.490753948689,1.7199999094,1.80626189709,-95.805557251,-0.0694417059422,-16.7188301086,0.280814319849,97232.03125,37.1399993896,-22.2616195679,False
115.4,0.022,-0.043,-0.046,0.34323275,0.2549729,9.9439431,1.20999991894,-0.490753948689,1.63999998569,1.80626189709,-95.805557251,-0.111912727356,-16.686208725,0.334913104773,97230.6091309,37.1699981689,-17.9916381836,False
115.5,0.069,-0.013,-0.077,0.38245935,-0.0392266,10.6500219,1.38999998569,-0.490753948689,1.67999994755,1.80626189709,-95.805557251,-0.158908709884,-16.6417064667,0.28318041563,97234.4177246,37.2099990845,-26.1880874634,False
115.60000000000001,0.169,-0.045,-0.022,0.6864655,-0.26477955,10.2969825,1.48000001907,-0.358480066061,1.75999999046,2.13393592834,-94.9267044067,-0.129066199064,-16.6148986816,0.14464263618,97236.706543,37.2399978638,-39.4155502319,False
115.7,0.28,-0.051,0.018,0.50013915,0.02941995,10.93441475,1.45999991894,-0.358480066061,1.87999999523,2.13393592834,-94.9267044067,-0.110041975975,-16.592124939,0.0543727166951,97234.6618652,37.2599983215,-37.8944396973,False
115.80000000000001,0.072,-0.038,0.077,0.26477955,0.38245935,10.58137535,1.17999994755,-0.358480066061,1.93999993801,2.13393592834,-94.9267044067,-0.0620168186724,-16.5930099487,-0.0470013208687,97237.9821777,37.2700004578,-33.9387893677,False
115.9,-0.026,-0.043,0.057,0.34323275,0.12748645,10.2969825,1.09000003338,-0.358480066061,1.86000001431,2.13393592834,-94.9267044067,-0.0409116782248,-16.5603637695,-0.118641451001,97236.0778809,37.2700004578,-24.3894577026,False
116.0,0.004,-0.021,0.049,0.4314926,0.4903325,9.58109705,0.839999973774,2.37610387802,1.75999999046,2.79270982742,-95.5491409302,-0.0154835041612,-16.5251541138,-0.163708433509,97236.0778809,37.2599983215,-17.9622650146,False
116.10000000000001,-0.053,-0.029,0.034,0.7649187,0.08825985,9.69877685,0.77999997139,2.37610387802,1.65999996662,2.79270982742,-95.5491409302,-0.00599554507062,-16.5148391724,-0.158386021852,97234.2895508,37.25,-15.3814315796,False
116.2,-0.092,-0.018,0.004,0.73549875,0.0980665,9.89490985,0.680000007153,2.37610387802,1.49000000954,2.79270982742,-95.5491409302,-0.00860458705574,-16.4840602875,-0.15562056005,97234.185791,37.2299995422,-4.07772064209,False
116.30000000000001,-0.092,-0.018,0.004,0.73549875,0.0980665,9.89490985,0.669999957085,2.37610387802,1.43999993801,2.79270982742,-95.5491409302,0.00462935166433,-16.487663269,-0.172694891691,97234.185791,37.219997406,6.1803817749,False
116.4,-0.131,0.016,-1.95943487864e-18,0.59820565,0.55897905,9.63993695,0.719999969006,2.37610387802,1.23000001907,2.79270982742,-95.5491409302,-0.0215240977705,-16.4688816071,-0.167199909687,97235.760498,37.1899986267,28.7776947021,False
116.5,-0.011,0.009,-0.007,0.784532,0.00980665,9.77723005,0.740000009537,0.149541765451,1.12000000477,2.72760224342,-95.7983551025,-0.0409188307822,-16.4689273834,-0.158398717642,97234.1247559,37.1899986267,28.7776947021,False
116.60000000000001,-0.011,0.042,-0.018,0.392266,0.2941995,8.3944924,0.829999983311,0.149541765451,0.909999966621,2.72760224342,-95.7983551025,-0.0516692698002,-16.4698066711,-0.12354619801,97235.7421875,37.1699981689,27.9246330261,False
116.7,0.102,0.025,0.009,0.59820565,0.4314926,8.73772515,0.949999988079,0.149541765451,0.839999973774,2.72760224342,-95.7983551025,-0.0696564093232,-16.4541893005,-0.0142460903153,97236.2304688,37.1599998474,34.0084075928,False
116.80000000000001,-0.021,1.3471114790600001e-18,0.011,0.8433719,-0.0980665,9.7870367,1.00999999046,0.149541765451,0.819999992847,2.72760224342,-95.7983551025,-0.0923907533288,-16.4636154175,-0.0140101090074,97237.1398926,37.1699981689,32.5287818909,False
116.9,-0.021,1.3471114790600001e-18,0.011,0.8433719,-0.0980665,9.7870367,1.00999999046,0.149541765451,0.889999985695,2.72760224342,-95.7983551025,-0.0852327719331,-16.4666023254,0.000728970568161,97237.1398926,37.1699981689,22.6165771484,False
117.0,0.039,0.009,0.026,0.53936575,0.30400615,9.1986377,0.989999949932,0.24821318686,0.909999966621,2.02131557465,-95.5556182861,-0.105164401233,-16.478313446,0.120320893824,97236.3647461,37.1899986267,36.6938591003,False
117.10000000000001,-0.021,0.008,0.036,0.7256921,0.42168595,9.18883105,1.09000003338,0.24821318686,0.959999978542,2.02131557465,-95.5556182861,-0.143395587802,-16.4880485535,0.17810177803,97236.2609863,37.2099990845,24.6124267578,False
117.2,-0.049,-0.01,-0.029,0.3726527,0.2549729,10.4931155,1.33999991417,0.24821318686,1.10000002384,2.02131557465,-95.5556182861,-0.182716012001,-16.4961414337,0.217324703932,97233.5266113,37.2399978638,8.95023345947,True
117.30000000000001,0.078,-0.04,-0.028,0.32361945,0.08825985,11.99353295,1.62000000477,-0.297200858593,1.25999999046,1.57952487469,-95.7766189575,-0.223393827677,-16.460269928,0.0618546009064,97234.9609375,37.2799987793,-7.10296630859,True
117.4,0.078,-0.04,-0.028,0.32361945,0.08825985,11.99353295,1.86000001431,-0.297200858593,1.40999996662,1.57952487469,-95.7766189575,-0.238026544452,-16.3585453033,-0.00738917430863,97234.9609375,37.2999992371,-50.9273529053,True
117.5,0.159,-0.007,-0.029,-0.4707192,-0.02941995,8.4729456,1.90999996662,-0.297200858593,1.30999994278,1.57952487469,-95.7766189575,-0.229263916612,-16.2946166992,0.023185312748,97227.4353027,37.2999992371,-50.9273529053,True
117.60000000000001,0.215,-0.065,0.011,-0.83356525,0.14709975,9.77723005,1.76999998093,-0.297200858593,1.25,1.57952487469,-95.7766189575,-0.192096918821,-16.1729393005,0.0754898488522,97226.6784668,37.2999992371,-50.1113891602,True
117.7,0.073,-0.056,0.05,-0.65704555,1.3931231738099998e-15,11.375714,1.58999991417,-0.297200858593,1.19999992847,1.57952487469,-95.7766189575,-0.151867941022,-16.0373287201,0.0350260548294,97220.3125,37.2999992371,-41.1653518677,True
117.80000000000001,0.104,-0.034,0.029,-0.71588545,1.01008495,12.09159945,1.48000001907,3.06388282776,1.23000001907,2.45093536377,-95.4118652344,-0.127314895391,-15.8955364227,-0.23721010983,97219.3359375,37.2999992371,-38.53931427,True
117.9,-0.029,0.019,-2.3268289183800002e-18,-0.99047165,0.8433719,10.36562905,1.32999992371,3.06388282776,1.09000003338,2.45093536377,-95.4118652344,-0.0922577306628,-15.7386379242,-0.413990169764,97217.2851562,37.2599983215,-36.9884490967,True
118.0,-0.029,0.019,-2.3268289183800002e-18,-0.99047165,0.8433719,10.36562905,1.12999999523,3.06388282776,0.75,2.45093536377,-95.4118652344,-0.0922577306628,-15.7386379242,-0.413990169764,97217.2851562,37.1899986267,-23.070526123,True
118.10000000000001,-0.262,0.041,-0.057,-1.04931155,0.2549729,8.6886919,0.889999985695,3.06388282776,0.340000003576,2.45093536377,-95.4118652344,-0.0206293445081,-15.4744939804,-0.168570026755,97214.6484375,37.1199989319,10.503578186,True
118.2,-0.332,0.019,-0.058,-0.7060788,0.57859235,11.5130071,0.899999976158,1.58628451824,0.239999994636,1.63980746269,-94.8082504272,-0.0912631675601,-15.2076969147,-0.337797701359,97212.677002,37.0599975586,32.8632354736,True
118.30000000000001,-0.268,0.103,-0.21,-0.8237586,0.1765197,10.38524235,1.17999994755,1.58628451824,0.0999999940395,1.63980746269,-94.8082504272,-0.168097406626,-15.0912151337,-0.443443417549,97212.677002,36.9899978638,23.6857414246,True
118.4,-0.121,0.092,-0.241,-0.8237586,0.04903325,9.8851032,1.62999999523,1.58628451824,-0.129999995232,1.63980746269,-94.8082504272,-0.207620382309,-15.0151700974,-0.474378317595,97210.3027344,36.8999977112,30.7589530945,True
118.5,0.159,0.118,-0.243,-0.91201845,-0.1569064,8.433719,1.99000000954,-2.85888361931,-0.439999997616,0.139147385955,-91.7241897583,-0.278667896986,-14.8750734329,-0.42293381691,97207.8674316,36.8099975586,59.1125488281,True
118.60000000000001,0.214,0.122,-0.206,-0.980665,-0.4118793,6.7862018,2.22000002861,-2.85888361931,-0.889999985695,0.139147385955,-91.7241897583,-0.284456074238,-14.7260971069,-0.119277618825,97205.5664062,36.7099990845,95.9169387817,True
118.7,0.214,0.122,-0.206,-0.980665,-0.4118793,6.7862018,2.26999998093,-2.85888361931,-1.55999994278,0.139147385955,-91.7241897583,-0.266481727362,-14.6428222656,0.176524490118,97205.5664062,36.6300010681,153.066543579,True
118.80000000000001,0.395,0.082,-0.093,-0.87279185,-0.36284605,6.83523505,2.20000004768,0.242725923657,-2.24000000954,-1.75294566154,-88.4314804077,-0.233086764812,-14.5654792786,0.411970198154,97206.4819336,36.5799980164,200.222198486,True
118.9,0.215,0.115,0.008,-0.83356525,-0.6080123,7.1000146,1.89999997616,0.242725923657,-2.8599998951,-1.75294566154,-88.4314804077,-0.155583739281,-14.4820556641,0.675392150879,97206.9641113,36.5599975586,222.665985107,True
119.0,-0.035,0.127,0.119,-0.6864655,-0.16671305,6.71755525,1.38999998569,0.242725923657,-3.40999984741,-1.75294566154,-88.4314804077,-0.0526560246944,-14.4081115723,0.962317764759,97204.8339844,36.5900001526,257.02456665,True
119.10000000000001,-0.035,0.127,0.119,-0.6864655,-0.16671305,6.71755525,0.899999976158,0.242725923657,-3.92999982834,-1.75294566154,-88.4314804077,0.0179932750762,-14.3623180389,1.15277433395,97204.8339844,36.6399993896,286.477935791,True
119.2,0.036,0.147,0.183,-0.9022118,-0.2549729,6.5312289,0.370000004768,0.242725923657,-4.40999984741,-1.75294566154,-88.4314804077,0.121721915901,-14.281545639,1.51325142384,97205.6213379,36.719997406,300.836090088,True
119.30000000000001,-0.048,0.075,0.192,-0.7453054,0.392266,7.256921,-0.070000000298,4.04755449295,-4.73000001907,-5.37129259109,-91.0323028564,0.199262395501,-14.2125062943,1.87759482861,97205.6213379,36.8299980164,307.68536377,True
119.4,-0.156,0.076,0.173,-0.6276256,0.51975245,7.46286065,-0.409999996424,4.04755449295,-4.82999992371,-5.37129259109,-91.0323028564,0.233571887016,-14.1871585846,2.04078865051,97211.0351562,36.9599990845,316.042602539,True
119.5,-0.298,0.108,0.11,-0.73549875,0.44129925,8.1983594,-0.659999966621,4.04755449295,-4.80999994278,-5.37129259109,-91.0323028564,0.232785895467,-14.1788549423,2.12144398689,97214.8620605,37.1199989319,323.710266113,True
119.60000000000001,-0.265,0.125,0.022,-0.75511205,0.67665885,7.4726673,-0.709999978542,4.04755449295,-4.59999990463,-5.37129259109,-91.0323028564,0.20585924387,-14.1635322571,2.27659130096,97214.7644043,37.2900009155,314.577087402,True
119.7,-0.157,0.079,-0.039,-0.8237586,0.61781895,7.30595425,-0.560000002384,0.162229716778,-4.27999973297,-7.26929616928,-93.6548995972,0.145338043571,-14.1489152908,2.48258757591,97216.5039062,37.4799995422,308.632659912,True
119.80000000000001,-0.178,0.036,-0.142,-0.9022118,0.30400615,7.91396655,-0.259999990463,0.162229716778,-3.89999985695,-7.26929616928,-93.6548995972,0.0785340815783,-14.1381235123,2.71186137199,97218.4265137,37.6899986267,312.97644043,True
119.9,-0.065,0.008,-0.166,-0.79433865,0.12748645,8.2179727,0.00999999977648,0.162229716778,-3.41999983788,-7.26929616928,-93.6548995972,0.0230374522507,-14.139538765,2.89554619789,97222.076416,37.9099998474,312.860687256,True
120.0,-0.049,-0.013,-0.147,-0.69627215,0.14709975,8.65927195,0.239999994636,0.162229716778,-2.8599998951,-7.26929616928,-93.6548995972,-0.0486247912049,-14.1718854904,3.01108884811,97222.8515625,38.1599998474,306.334777832,True
120.10000000000001,0.092,-1.5797943709e-17,-0.129,-0.8825985,0.24516625,8.54159215,0.569999992847,-3.35808396339,-2.16999983788,-8.69092464447,-90.8173141479,-0.114121429622,-14.1960802078,3.0603928566,97227.8991699,38.4199981689,279.273223877,True
120.2,0.085,-0.024,-0.112,-0.91201845,0.0196133,9.26728425,0.919999957085,-3.35808396339,-1.45999991894,-8.69092464447,-90.8173141479,-0.172200381756,-14.2192001343,3.11118626595,97232.8674316,38.6800003052,254.758361816,True
120.30000000000001,-0.069,-0.106,-0.063,-0.6864655,0.04903325,10.38524235,1.25,-3.35808396339,-0.680000007153,-8.69092464447,-90.8173141479,-0.243626758456,-14.2709674835,3.08472251892,97235.2966309,38.9500007629,237.51020813,True
120.4,0.089,-0.109,-0.089,-0.75511205,-0.44129925,9.80665,1.63999998569,-3.35808396339,0.119999997318,-8.69092464447,-90.8173141479,-0.29270914197,-14.3126106262,3.04977917671,97240.4907227,39.219997406,230.543426514,True
120.5,0.599,-0.084,-0.051,-0.4511059,-0.588399,11.2384209,1.87000000477,-3.20378947258,0.699999988079,-7.56592178345,-88.6410217285,-0.29289034009,-14.3703546524,3.01649665833,97243.0847168,39.4899978638,226.081375122,True
120.60000000000001,0.544,-0.055,-0.009,-0.53936575,-0.4314926,10.0812362,1.83999991417,-3.20378947258,1.31999993324,-7.56592178345,-88.6410217285,-0.255939662457,-14.4224357605,2.95061349869,97244.0734863,39.75,228.722000122,True
120.7,0.362,-0.089,0.053,-0.22555295,-0.77472535,13.03303785,1.57999992371,-3.20378947258,1.79999995232,-7.56592178345,-88.6410217285,-0.151200294495,-14.5043525696,2.76861476898,97248.5473633,40.0,238.649841309,True
120.80000000000001,0.267,-0.07,0.145,-0.0784532,-0.67665885,13.24878415,0.8599999547,-3.20378947258,2.42999982834,-7.56592178345,-88.6410217285,0.0807009041309,-14.6474246979,2.32214546204,97250.9460449,40.2399978638,207.20300293,True
120.9,-0.106,-0.063,0.248,-0.53936575,-0.3334261,11.24822755,-0.149999991059,6.3673582077,2.95000004768,-5.92383670807,-89.4922027588,0.216285407543,-14.7042694092,2.16657352448,97255.8105469,40.4399986267,181.056030273,True
121.0,-0.118,-0.051,0.282,-0.8433719,0.2157463,10.09104285,-1.03999996185,6.3673582077,3.02999997139,-5.92383670807,-89.4922027588,0.36590975523,-14.7238607407,2.08190488815,97260.5285645,40.5999984741,177.10256958,True
121.10000000000001,-0.159,-0.125,0.252,-0.6472389,0.40207265,10.58137535,-1.66999995708,6.3673582077,3.15999984741,-5.92383670807,-89.4922027588,0.424727231264,-14.7329273224,1.99572610855,97260.5285645,40.7700004578,160.545059204,True
121.2,-0.556,-0.135,0.175,-0.79433865,0.50013915,10.13026945,-2.07999992371,4.56637096405,3.48000001907,-4.65304994583,-93.4101028442,0.459025323391,-14.7285585403,1.89396584034,97264.9719238,40.9199981689,148.034576416,True
121.30000000000001,-0.458,-0.096,0.076,-0.71588545,0.59820565,9.54187045,-2.24000000954,4.56637096405,3.6099998951,-4.65304994583,-93.4101028442,0.417316406965,-14.6942710876,1.85025691986,97265.5761719,41.0699996948,158.829498291,True
121.4,-0.445,-0.137,-0.002,-0.38245935,0.42168595,12.3759923,-2.01999998093,4.56637096405,3.81999993324,-4.65304994583,-93.4101028442,0.33999183774,-14.6862859726,1.67860245705,97268.6645508,41.219997406,158.3046875,True
121.5,-0.394,-0.128,-0.044,-0.4511059,0.0196133,11.8268199,-1.51999998093,-3.67037129402,4.21000003815,-2.67412734032,-95.1192398071,0.177721560001,-14.6693916321,1.38912141323,97268.6645508,41.3499984741,145.122238159,True
121.60000000000001,-0.231,-0.189,-0.028,0.0588399,0.26477955,14.2980957,-0.77999997139,-3.67037129402,4.38000011444,-2.67412734032,-95.1192398071,0.0249257218093,-14.6626434326,1.17072093487,97274.3347168,41.5699996948,115.671920776,True
121.7,-0.015,-0.107,-0.066,-0.26477955,0.3726527,12.2975391,0.299999982119,-3.67037129402,4.76999998093,-2.67412734032,-95.1192398071,-0.251781225204,-14.6313781738,0.796457827091,97272.2839355,41.5699996948,115.671920776,True
121.80000000000001,-0.015,-0.107,-0.066,-0.26477955,0.3726527,12.2975391,1.56999993324,-3.67037129402,4.73000001907,-2.67412734032,-95.1192398071,-0.493929982185,-14.5538339615,0.541188716888,97272.2839355,41.6299972534,115.736198425,True
121.9,0.13,-0.065,-0.073,-0.61781895,0.02941995,10.22833595,2.67999982834,-7.43441057205,4.65999984741,-0.0831338614225,-93.9745407104,-0.629379034042,-14.4880018234,0.453799337149,97275.8483887,41.6699981689,114.044281006,True
122.0,0.322,-0.071,-0.074,-0.57859235,-0.1176798,8.9044382,3.69999980927,-7.43441057205,4.42999982834,-0.0831338614225,-93.9745407104,-0.773914277554,-14.3753042221,0.428994327784,97275.8483887,41.6899986267,136.620239258,True
122.10000000000001,0.371,-0.092,-0.033,-0.63743225,-0.32361945,10.1596894,4.42999982834,-7.43441057205,4.13999986649,-0.0831338614225,-93.9745407104,-0.817519783974,-14.3125534058,0.442655533552,97276.4221191,41.7099990845,161.72543335,True
122.2,0.272,-0.113,0.045,-0.4707192,-0.1765197,11.56204035,4.94999980927,-7.43441057205,3.83999991417,-0.0831338614225,-93.9745407104,-0.876705288887,-14.2094621658,0.339570730925,97275.0,41.7299995422,183.15171814,True
122.30000000000001,0.099,-0.037,0.073,-0.5099458,0.0392266,11.0619012,5.38000011444,-1.46807765961,3.65999984741,1.69437885284,-93.3163223267,-0.915475070477,-14.1012954712,0.185436293483,97278.0822754,41.7399978638,192.077255249,True
122.4,0.099,-0.037,0.073,-0.5099458,0.0392266,11.0619012,5.75,-1.46807765961,3.36999988556,1.69437885284,-93.3163223267,-0.940259873867,-14.0312185287,0.14309604466,97278.0822754,41.75,193.747329712,True
122.5,-0.017,-0.083,0.073,-0.34323275,0.2353596,11.6306869,6.19999980927,-1.46807765961,3.1899998188,1.69437885284,-93.3163223267,-1.02366435528,-13.8752012253,-0.0840550139546,97276.0192871,41.75,198.591705322,True
122.60000000000001,-0.017,-0.083,0.073,-0.34323275,0.2353596,11.6306869,6.69999980927,-1.46807765961,3.03999996185,1.69437885284,-93.3163223267,-1.07322084904,-13.7832870483,-0.1722432971,97276.0192871,41.7299995422,198.441131592,True
122.7,0.196,-0.008,-0.044,-0.67665885,0.06864655,9.40457735,7.14999961853,-0.878085851669,2.75,2.48800492287,-94.7029876709,-1.13561117649,-13.6034507751,-0.191390320659,97275.5615234,41.6899986267,205.704208374,True
122.80000000000001,0.318,-0.013,-0.079,-0.7256921,-0.0196133,8.71811185,7.51999998093,-0.878085851669,2.48000001907,2.48800492287,-94.7029876709,-1.14406859875,-13.4981489182,-0.0871122330427,97277.0385742,41.6599998474,215.217300415,True
122.9,0.331,-0.025,-0.094,-0.59820565,-0.26477955,8.5710121,7.65999984741,-0.878085851669,2.11999988556,2.48800492287,-94.7029876709,-1.09578430653,-13.3497209549,0.0796512141824,97273.8830566,41.6299972534,252.154922485,True
123.0,0.331,-0.025,-0.094,-0.59820565,-0.26477955,8.5710121,7.52999973297,-0.878085851669,1.91999995708,2.48800492287,-94.7029876709,-1.04083669186,-13.2826576233,0.135986730456,97273.8830566,41.6299972534,285.34765625,True
123.10000000000001,0.247,-0.009,-0.018,-0.392266,-0.28439285,9.6301303,7.14999961853,6.27785968781,1.91999995708,2.48800492287,-94.7029876709,-0.932071685791,-13.1854991913,0.193289235234,97275.1281738,41.6299972534,285.34765625,True
123.2,0.132,0.009,0.024,-0.2157463,1.17814985647e-15,9.62032365,6.64999961853,6.27785968781,1.67999994755,2.10981631279,-93.2255630493,-0.751030266285,-13.0634250641,0.258380830288,97273.4802246,41.6499977112,290.851318359,True
123.30000000000001,-0.041,0.037,0.046,-0.40207265,0.1176798,9.218251,6.06999969482,6.27785968781,1.62999999523,2.10981631279,-93.2255630493,-0.591801404953,-12.968331337,0.303893387318,97273.4802246,41.6699981689,298.760223389,True
123.4,-0.07,0.021,0.026,-0.2353596,0.14709975,9.1594111,5.48000001907,6.27785968781,1.54999995232,2.10981631279,-93.2255630493,-0.524930357933,-12.9234199524,0.347787469625,97276.6296387,41.6899986267,303.537658691,True
123.5,0.0,0.039,-0.022,-0.2745862,0.06864655,9.2574776,4.96999979019,6.27785968781,1.50999999046,2.10981631279,-93.2255630493,-0.417711883783,-12.8567285538,0.432238280773,97275.2868652,41.719997406,314.283477783,True
123.60000000000001,-0.004,0.089,-0.044,-0.40207265,0.24516625,7.6688003,4.42000007629,6.96159076691,1.50999999046,1.09973204136,-93.8775558472,-0.285272240639,-12.7822732925,0.565614998341,97277.4536133,41.7599983215,320.3097229,True
123.7,-0.063,0.096,-0.047,-0.50013915,0.50013915,7.1000146,3.90999984741,6.96159076691,1.45999991894,1.09973204136,-93.8775558472,-0.192908331752,-12.7054281235,0.829267084599,97279.0161133,41.8099975586,341.762817383,True
123.80000000000001,-0.355,0.026,-0.05,-0.08825985,0.5687857,9.7281968,3.64999985695,6.96159076691,1.38999998569,1.09973204136,-93.8775558472,-0.14499925077,-12.6652441025,0.938554823399,97279.0161133,41.8699989319,358.641540527,True
123.9,-0.307,-0.016,-0.083,-0.00980665,0.10787315,11.40513395,3.36999988556,6.96159076691,1.63999998569,1.09973204136,-93.8775558472,-0.0975385531783,-12.6561288834,0.875269770622,97279.3579102,41.9599990845,350.0027771,True
124.0,-0.288,0.07,-0.142,-0.50013915,1.0364356025899999e-15,8.46313895,3.03999996185,3.0487818718,2.16999983788,-0.878896355629,-92.3538360596,-0.0452010557055,-12.6278076172,0.898267388344,97280.3466797,42.0499992371,308.253204346,True
124.10000000000001,-0.288,0.07,-0.142,-0.50013915,1.0364356025899999e-15,8.46313895,3.03999996185,3.0487818718,2.16999983788,-0.878896355629,-92.3538360596,-0.0251764990389,-12.6005067825,1.02544331551,97280.3466797,42.0499992371,308.253204346,True
124.2,-0.044,0.028,-0.093,-0.48052585,-0.32361945,7.7472535,2.88999986649,3.0487818718,2.25,-0.878896355629,-92.3538360596,0.0304029081017,-12.5330982208,1.45662260056,97281.5856934,42.25,369.345855713,True
124.30000000000001,0.139,0.006,-0.05,-0.4903325,-0.2549729,7.6099604,2.73000001907,3.0487818718,2.41999983788,-0.878896355629,-92.3538360596,0.064548805356,-12.505361557,1.68458509445,97280.8959961,42.3799972534,378.934295654,True
124.4,0.082,-0.026,0.001,-0.24516625,-0.3726527,9.22805765,2.77999997139,1.35008871555,2.59999990463,-2.39410257339,-90.2168960571,0.0795922204852,-12.4979228973,1.73962593079,97284.0515137,42.5400009155,401.179229736,True
124.5,-0.142,-0.031,0.07,-0.16671305,-0.12748645,8.93385815,2.56999993324,1.35008871555,2.90999984741,-2.39410257339,-90.2168960571,0.128974348307,-12.4968452454,1.80989897251,97284.5214844,42.7099990845,398.715118408,True
124.60000000000001,-0.004,-0.018,0.087,-0.30400615,-0.10787315,8.18855275,3.01999998093,1.35008871555,3.25,-2.39410257339,-90.2168960571,0.155897125602,-12.4874200821,1.90734016895,97287.3779297,42.8899993896,383.865844727,True
124.7,0.143,-0.041,0.095,-0.26477955,-0.30400615,9.2967042,3.66999983788,1.35008871555,3.54999995232,-2.39410257339,-90.2168960571,0.19666017592,-12.4771232605,1.97505092621,97290.6433105,43.0799980164,375.476257324,True
124.80000000000001,0.133,-0.043,0.127,-0.22555295,-0.2549729,8.95347145,3.55999994278,1.06035625935,3.98000001907,-2.07976412773,-91.4756546021,0.259151339531,-12.4691419601,2.01685571671,97292.7734375,43.2700004578,364.77230835,True
124.9,0.097,-0.07,0.169,-0.1765197,-0.06864655,9.3947707,3.36999988556,1.06035625935,4.36000013351,-2.07976412773,-91.4756546021,0.319732993841,-12.4642000198,2.01820230484,97297.3815918,43.469997406,365.328033447,True
125.0,0.022,-0.111,0.188,-0.1569064,-0.18632635,10.1204628,3.69999980927,1.06035625935,5.48000001907,-2.07976412773,-91.4756546021,0.379619300365,-12.4555120468,2.01261997223,97296.5820312,43.6599998474,358.409881592,True
125.10000000000001,-0.053,-0.115,0.19,-0.04903325,0.1372931,9.65955025,3.53999996185,1.06035625935,5.21000003815,-2.07976412773,-91.4756546021,0.419700175524,-12.4487771988,1.99604511261,97298.4680176,43.8699989319,350.953308105,True
125.2,-0.024,-0.133,0.174,0.0784532,0.22555295,10.54214875,5.25999975204,2.42795777321,4.90000009537,-0.0933606848121,-95.6458892822,0.45333468914,-12.4350185394,1.92610692978,97302.557373,44.0599975586,346.120178223,True
125.30000000000001,0.05,-0.132,0.126,0.0784532,0.1372931,11.1991943,5.42999982834,2.42795777321,5.92000007629,-0.0933606848121,-95.6458892822,0.468562841415,-12.4194526672,1.87877929211,97304.6569824,44.25,347.663391113,True
125.4,-0.022,-0.111,0.09,0.10787315,0.3138128,9.93413645,5.57999992371,2.42795777321,6.17999982834,-0.0933606848121,-95.6458892822,0.490867227316,-12.3887042999,1.7619638443,97305.5236816,44.4300003052,355.247589111,True
125.5,-0.022,-0.111,0.09,0.10787315,0.3138128,9.93413645,6.48000001907,2.37722754478,7.11999988556,1.5740404129,-97.4767837524,0.497052967548,-12.3748435974,1.73263287544,97305.5236816,44.7599983215,352.484405518,True
125.60000000000001,0.014,-0.099,0.031,0.22555295,0.02941995,10.89518815,6.71000003815,2.37722754478,6.64999961853,1.5740404129,-97.4767837524,0.530158400536,-12.319486618,1.61355137825,97312.0666504,44.7599983215,352.484405518,True
125.7,-0.125,-0.102,0.038,0.4511059,0.30400615,10.9049948,6.88999986649,2.37722754478,6.86999988556,1.5740404129,-97.4767837524,0.548504471779,-12.288269043,1.5167735815,97311.4807129,44.9099998474,352.275085449,True
125.80000000000001,-0.171,-0.104,0.048,0.5491724,0.36284605,12.0033396,9.53999996185,2.37722754478,6.44000005722,1.5740404129,-97.4767837524,0.530730426311,-12.2382297516,1.26266276836,97313.671875,45.0499992371,341.264160156,True
125.9,-0.083,-0.042,-0.02,0.3138128,0.44129925,11.05209455,10.1300001144,0.154928565025,7.34999990463,3.62022137642,-98.2809829712,0.483262300491,-12.1813163757,1.10543096066,97315.7409668,45.1800003052,341.208557129,True
126.0,0.069,0.007,-0.1,0.196133,0.30400615,9.71839015,12.2899999619,0.154928565025,7.36999988556,3.62022137642,-98.2809829712,0.438804030418,-12.1137866974,1.04443335533,97315.5151367,45.2799987793,347.678283691,True
126.10000000000001,0.069,0.007,-0.1,0.196133,0.30400615,9.71839015,12.9799995422,0.154928565025,7.40999984741,3.62022137642,-98.2809829712,0.403913527727,-12.0344057083,1.02638494968,97315.5151367,45.3699989319,347.339630127,True
126.2,0.062,-0.046,-0.125,0.3726527,0.04903325,11.03248125,13.6300001144,0.154928565025,7.46000003815,3.62022137642,-98.2809829712,0.396352738142,-12.0012760162,0.984125554562,97319.6838379,45.4599990845,372.704711914,True
126.30000000000001,0.097,-0.059,-0.123,0.392266,1.32586895163e-15,10.8265416,14.9499998093,0.154928565025,7.60999965668,3.62022137642,-98.2809829712,0.391355097294,-11.9516868591,0.913900256157,97319.6838379,45.5499992371,377.91784668,True
126.4,0.274,-0.027,-0.131,0.2157463,-0.02941995,9.93413645,15.4600000381,1.37104046345,7.69000005722,3.76270890236,-95.3210983276,0.428133755922,-11.8668117523,0.893252193928,97322.4304199,45.6299972534,380.297271729,True
126.5,0.491,-0.029,-0.114,0.28439285,1.20697309455e-15,9.85568325,17.8400001526,1.37104046345,8.39999961853,3.76270890236,-95.3210983276,0.449561744928,-11.8438062668,0.896175146103,97317.980957,45.7099990845,380.840026855,True
126.60000000000001,0.452,-0.033,-0.099,0.24516625,0.196133,9.58109705,18.2099990845,1.37104046345,7.83999967575,3.76270890236,-95.3210983276,0.554922044277,-11.7765426636,0.902082741261,97321.9970703,45.7899971008,387.907684326,True
126.7,0.44,-0.031,-0.087,0.2549729,0.0392266,9.2574776,18.3500003815,9.91002178192,7.96000003815,3.80711364746,-92.8186569214,0.71902513504,-11.7126693726,0.943936288357,97322.7661133,45.8799972534,400.815490723,True
126.80000000000001,0.424,-0.023,-0.082,0.2353596,0.34323275,9.05153795,18.9499988556,9.91002178192,7.98999977112,3.80711364746,-92.8186569214,0.819472014904,-11.6812038422,0.985052704811,97322.052002,46.0499992371,428.428161621,True
126.9,0.32,-0.044,-0.091,0.22555295,0.20593965,9.36535075,18.8199996948,9.91002178192,8.11999988556,3.80711364746,-92.8186569214,1.0111027956,-11.6337041855,1.05490517616,97325.2380371,46.0499992371,428.428161621,True
127.0,0.257,-0.061,-0.101,0.2941995,0.2745862,9.56148375,19.1700000763,9.91002178192,8.25,3.80711364746,-92.8186569214,1.32808041573,-11.5654802322,1.17133247852,97325.4089355,46.1499977112,436.024291992,True
127.10000000000001,0.074,-0.059,-0.12,0.28439285,0.3726527,9.5320638,18.7999992371,17.0801906586,8.43999958038,3.82548904419,-90.5489273071,1.57323646545,-11.5168991089,1.25157463551,97328.6010742,46.2599983215,434.045043945,True
127.2,0.074,-0.059,-0.12,0.28439285,0.3726527,9.5320638,20.2099990845,17.0801906586,8.72999954224,3.82548904419,-90.5489273071,1.67194628716,-11.499080658,1.27434623241,97328.6010742,46.3799972534,424.725524902,True
127.30000000000001,-0.061,-0.083,-0.162,0.48052585,0.4118793,9.9831697,19.859998703,17.0801906586,9.02999973297,3.82548904419,-90.5489273071,1.93232250214,-11.4562597275,1.30963027477,97331.036377,46.5,434.597503662,True
127.4,-0.173,-0.051,-0.201,0.44129925,0.46091255,9.3359308,20.0900001526,16.1862926483,8.59000015259,3.85184621811,-87.4325561523,2.36510801315,-11.3769731522,1.39944028854,97332.0068359,46.6299972534,432.534118652,True
127.5,-0.097,-0.006,-0.261,0.42168595,0.22555295,8.9632781,19.8799991608,16.1862926483,9.59000015259,3.85184621811,-87.4325561523,2.50441908836,-11.3476400375,1.44618296623,97334.1796875,46.7700004578,432.556060791,True
127.60000000000001,0.012,-0.021,-0.288,0.36284605,0.0392266,9.09076455,19.6499996185,16.1862926483,9.93999958038,3.85184621811,-87.4325561523,2.73743724823,-11.3024330139,1.52706456184,97335.2661133,47.0599975586,446.987731934,True
127.7,0.126,-0.068,-0.275,0.392266,0.14709975,9.414384,20.0399990082,16.1862926483,10.9899997711,3.85184621811,-87.4325561523,3.01962685585,-11.2444505692,1.60902929306,97337.6220703,47.0599975586,446.987731934,True
127.80000000000001,0.126,-0.068,-0.275,0.392266,0.14709975,9.414384,19.7799987793,16.1862926483,10.6899995804,3.85184621811,-87.4325561523,3.32297587395,-11.1844873428,1.68020939827,97337.6220703,47.219997406,446.231658936,True
127.9,0.176,-0.132,-0.256,0.5491724,-0.00980665,9.7674234,19.4200000763,16.7757453918,11.0699996948,2.6685833931,-80.2808532715,3.60183954239,-11.1281814575,1.74901616573,97335.1623535,47.3799972534,455.435180664,True
128.0,0.183,-0.126,-0.248,0.5687857,0.0392266,9.14960445,20.9799995422,16.7757453918,10.7399997711,2.6685833931,-80.2808532715,3.77246022224,-11.0914802551,1.80046224594,97341.7785645,47.5499992371,462.290466309,True
128.1,0.116,-0.122,-0.207,0.6472389,0.0980665,9.65955025,20.6399993896,16.7757453918,11.8000001907,2.6685833931,-80.2808532715,4.12642765045,-11.0115184784,1.90079498291,97344.3908691,47.7299995422,478.756988525,True
128.20000000000002,0.096,-0.129,-0.191,0.6668522,0.1176798,9.4732239,20.859998703,16.7757453918,12.1599998474,2.6685833931,-80.2808532715,4.36952829361,-10.9536600113,1.9604049921,97343.2739258,47.9199981689,490.786468506,True
128.3,-0.053,-0.127,-0.187,0.7060788,0.30400615,9.1397978,20.4200000763,16.7757453918,12.529999733,2.6685833931,-80.2808532715,4.67611312866,-10.8732252121,2.03502130508,97348.2421875,48.1100006104,495.047576904,True
128.4,-0.228,-0.101,-0.195,0.588399,0.2549729,9.1397978,19.9499988556,20.2243556976,12.8899993896,3.47292661667,-73.2397918701,4.96682262421,-10.7854671478,2.12177586555,97349.8046875,48.3099975586,500.053131104,True
128.5,-0.272,-0.065,-0.221,0.5099458,0.1372931,8.32584585,21.5399990082,20.2243556976,13.2100000381,3.47292661667,-73.2397918701,5.27572345734,-10.6726360321,2.26987934113,97349.9206543,48.5200004578,516.15447998,True
128.6,-0.21,-0.045,-0.228,0.4903325,-0.00980665,8.62004535,21.3500003815,20.2243556976,16.7399997711,3.47292661667,-73.2397918701,5.50623703003,-10.5782394409,2.43246722221,97350.7629395,48.7399978638,540.040039062,True
128.70000000000002,-0.152,-0.09,-0.207,0.46091255,0.1765197,8.09048625,22.3799991608,16.076084137,17.4699993134,3.33525085449,-68.46043396,5.71048879623,-10.4839048386,2.61035585403,97355.1452637,48.9799995422,-116.022583008,True
128.8,-0.129,-0.098,-0.191,0.6080123,0.1569064,8.7475318,22.3699989319,16.076084137,17.4599990845,3.33525085449,-68.46043396,5.87248754501,-10.4108018875,2.71387290955,97356.1706543,49.2299995422,-92.772102356,True
128.9,-0.165,-0.129,-0.141,0.8237586,0.08825985,9.3947707,22.3500003815,16.076084137,17.4499988556,3.33525085449,-68.46043396,6.10874223709,-10.3022851944,2.82500505447,97359.7961426,49.4899978638,-80.6260070801,True
129.0,-0.255,-0.128,-0.096,1.0002783,0.1765197,10.0223963,23.0100002289,16.076084137,17.4400005341,3.33525085449,-68.46043396,6.26629781723,-10.2295894623,2.8197388649,97364.5751953,49.7599983215,-63.7066841125,True
129.1,-0.262,-0.046,-0.099,0.8825985,0.20593965,9.54187045,23.0499992371,16.076084137,17.4200000763,3.33525085449,-68.46043396,6.46633434296,-10.1314334869,2.7870259285,97370.0927734,50.0399971008,-61.2603187561,True
129.20000000000002,-0.156,0.042,-0.1,0.9414384,0.2745862,9.12999115,25.0199985504,11.2182073593,17.4099998474,4.55951929092,-64.0217437744,6.56608629227,-10.0768909454,2.83375906944,97373.1567383,50.2999992371,-44.9040412903,True
129.3,-0.073,0.203,-0.098,0.8433719,0.1765197,9.1201845,25.4499988556,11.2182073593,17.4099998474,4.55951929092,-64.0217437744,6.67608308792,-10.031291008,2.87991452217,97375.8972168,50.5699996948,-25.7662773132,True
129.4,0.056,0.292,-0.135,0.7649187,0.3138128,7.95319315,25.9699993134,11.2182073593,17.4099998474,4.55951929092,-64.0217437744,6.78795337677,-9.9982881546,3.02974319458,97376.1047363,50.8400001526,12.1562004089,True
129.5,0.056,0.292,-0.135,0.7649187,0.3138128,7.95319315,27.1199989319,9.99760437012,17.4099998474,0.791484117508,-62.5856323242,6.8275809288,-9.9921207428,3.07885313034,97376.1047363,51.1199989319,40.3134346008,True
129.6,0.138,0.292,-0.118,0.46091255,0.61781895,8.1983594,27.7699985504,9.99760437012,17.4200000763,0.791484117508,-62.5856323242,7.05132913589,-9.99477005005,3.35423851013,97383.9599609,51.4199981689,38.9201164246,True
129.70000000000002,0.138,0.292,-0.118,0.46091255,0.61781895,8.1983594,28.4799995422,9.99760437012,17.4300003052,0.791484117508,-62.5856323242,7.21397209167,-10.0129861832,3.49149703979,97383.9599609,51.7399978638,25.2439498901,True
129.8,0.31,0.111,-0.104,0.4314926,0.53936575,8.58081875,28.25,9.99760437012,17.4400005341,0.791484117508,-62.5856323242,7.35828399658,-10.0264148712,3.57270002365,97393.0236816,52.0799980164,2.18448638916,True
129.9,0.216,-0.286,-0.145,0.83356525,0.5491724,10.6500219,29.2099990845,13.9978885651,17.4599990845,-4.50535917282,-60.7609405518,7.64356040955,-10.0501966476,3.5565404892,97396.0205078,52.4300003052,-18.9690589905,True
130.0,0.329,-0.441,-0.208,0.89240515,0.44129925,11.0422879,30.4499988556,13.9978885651,17.4699993134,-4.50535917282,-60.7609405518,7.75149059296,-10.0448379517,3.52471494675,97409.1247559,52.7799987793,-27.9404640198,True
130.1,0.358,-0.486,-0.233,1.02969825,0.61781895,11.18938765,33.0499992371,13.9978885651,17.5100002289,-4.50535917282,-60.7609405518,8.19946670532,-9.94013404846,3.34321069717,97409.1247559,53.1299972534,-77.7367553711,True
130.20000000000002,0.364,-0.482,-0.245,1.04931155,0.5491724,11.83662655,33.7299995422,13.9978885651,17.5200004578,-4.50535917282,-60.7609405518,8.32155990601,-9.89146137238,3.28196334839,97411.2609863,53.4599990845,-106.739425659,True
130.3,0.061,-0.413,-0.26,1.12776475,0.7256921,11.67972015,33.7000007629,19.9700489044,17.5499992371,1.64303672314,-54.670665741,8.62565231323,-9.72734546661,3.12747883797,97411.2609863,53.7799987793,-125.204376221,True
130.4,-0.052,-0.343,-0.255,1.176798,0.63743225,11.44436055,33.5299987793,19.9700489044,17.5599994659,1.64303672314,-54.670665741,9.09982395172,-9.37410545349,2.88713717461,97416.015625,54.0900001526,-118.056396484,True
130.5,-0.114,-0.219,-0.28,1.06892485,0.44129925,11.1011278,34.3600006104,19.9700489044,17.5499992371,1.64303672314,-54.670665741,9.36064338684,-9.13034152985,2.77892923355,97418.7866211,54.3899993896,-119.305801392,True
130.6,-0.069,-0.102,-0.277,1.08853815,0.51975245,11.24822755,34.1399993896,19.9700489044,17.5399990082,1.64303672314,-54.670665741,9.60232639313,-8.87382125854,2.66755747795,97421.5209961,54.9300003052,-110.442062378,True
130.70000000000002,-0.074,-0.044,-0.284,0.91201845,0.38245935,11.07170785,34.3899993896,20.9276561737,17.5399990082,5.76229572296,-44.6508216858,9.84730625153,-8.611328125,2.55608534813,97427.4169922,54.9300003052,-110.442062378,True
130.8,0.095,0.01,-0.29,0.95124505,0.5687857,11.97391965,34.1800003052,20.9276561737,17.5399990082,5.76229572296,-44.6508216858,10.0358877182,-8.39762973785,2.44105315208,97429.6325684,55.1899986267,-98.3633041382,True
130.9,0.05,-0.022,-0.245,0.83356525,0.6472389,11.7287534,34.1100006104,20.9276561737,17.5599994659,5.76229572296,-44.6508216858,10.17091465,-8.23351192474,2.3538749218,97432.5927734,55.4300003052,-134.040649414,True
131.0,0.227,-0.109,-0.308,0.79433865,0.392266,10.95402805,33.8299980164,20.9276561737,17.5599994659,5.76229572296,-44.6508216858,10.4521818161,-7.88818836212,2.23246765137,97434.6984863,55.6599998474,-163.273147583,True
131.1,0.258,-0.329,-0.272,0.7453054,0.32361945,12.01314625,33.3400001526,23.12566185,17.6000003815,4.0958442688,-39.2630462646,10.7125101089,-7.53598022461,2.10914587975,97438.0187988,55.8799972534,-196.79536438,True
131.20000000000002,0.237,-0.456,-0.248,0.7453054,0.3334261,11.4933938,32.9899978638,23.12566185,17.6299991608,4.0958442688,-39.2630462646,11.0110120773,-7.07603883743,1.97612524033,97440.1123047,56.0900001526,-222.217651367,True
131.3,0.231,-0.529,-0.255,1.0198916,0.6472389,12.64077185,32.1800003052,23.12566185,17.6499996185,4.0958442688,-39.2630462646,11.1473140717,-6.82275485992,1.90188574791,97441.8945312,56.2899971008,-241.713043213,True
131.4,0.15,-0.56,-0.257,1.1179581,0.5295591,12.40541225,30.9399986267,28.9906597137,17.6999988556,9.26594734192,-30.4964351654,11.5082759857,-6.02955961227,1.65321409702,97444.0673828,56.4899978638,-249.668212891,True
131.5,-0.211,-0.493,-0.251,1.2356379,0.6080123,12.60154525,29.6799983978,28.9906597137,17.6999988556,9.26594734192,-30.4964351654,11.5762710571,-5.81788492203,1.59635043144,97448.5046387,56.6800003052,-243.367095947,True
131.6,-0.237,-0.319,-0.261,1.08853815,0.4511059,10.81673495,28.1299991608,28.9906597137,17.6800003052,9.26594734192,-30.4964351654,11.7597932816,-5.08254718781,1.45008051395,97449.0905762,56.8400001526,-231.340606689,True
131.70000000000002,-0.282,-0.195,-0.262,0.97085835,0.2745862,9.97336305,26.7299995422,28.9906597137,17.6599998474,9.26594734192,-30.4964351654,11.8008375168,-4.80721282959,1.44339978695,97451.0986328,57.0,-212.121002197,True
131.8,0.067,-0.055,-0.349,0.89240515,0.28439285,10.2773692,25.5100002289,28.9906597137,17.6399993896,9.26594734192,-30.4964351654,11.8590202332,-4.365442276,1.46073496342,97450.2319336,57.1499977112,-176.612472534,True
131.9,0.043,-0.079,-0.318,0.99047165,0.81395195,11.03248125,24.3799991608,26.7267494202,17.6599998474,12.9628753662,-21.043132782,11.9023838043,-3.92481374741,1.5015232563,97453.4301758,57.3099975586,-166.12348938,True
132.0,-0.085,-0.146,-0.294,1.0395049,0.61781895,10.65982855,23.0799999237,26.7267494202,17.6700000763,12.9628753662,-21.043132782,11.9573564529,-3.21919369698,1.53819167614,97454.7302246,57.469997406,-135.788543701,True
132.1,-0.377,-0.066,-0.308,1.01008495,0.85317855,9.62032365,21.7299995422,26.7267494202,17.6499996185,12.9628753662,-21.043132782,11.9699964523,-2.97745108604,1.55798268318,97457.8735352,57.6299972534,-103.576950073,True
132.20000000000002,-0.524,0.072,-0.361,0.75511205,0.5099458,8.4533323,20.5799999237,26.1884555817,17.609998703,11.3269309998,-14.5064888,11.972905159,-2.65236711502,1.68401265144,97460.1379395,57.7899971008,-64.0727996826,True
132.3,-0.413,0.188,-0.402,0.32361945,0.3530394,6.5312289,19.7799987793,26.1884555817,17.5499992371,11.3269309998,-14.5064888,11.954621315,-2.36431074142,2.02907514572,97460.1379395,57.969997406,-13.445186615,True
132.4,-0.464,0.144,-0.384,0.50013915,0.2941995,7.16866115,19.2700004578,26.1884555817,17.5200004578,11.3269309998,-14.5064888,11.940662384,-2.17808389664,2.3258125782,97460.5529785,58.1699981689,21.4754104614,True
132.5,-0.423,0.057,-0.378,0.51975245,0.30400615,7.649187,18.7899990082,26.1884555817,17.4899997711,11.3269309998,-14.5064888,11.9378633499,-2.02464866638,2.52756142616,97460.7971191,58.3999977112,49.1518974304,True
132.6,-0.556,-0.127,-0.366,0.9022118,0.7060788,8.93385815,18.2799987793,26.1884555817,17.4599990845,11.3269309998,-14.5064888,11.9462718964,-1.85041868687,2.68497872353,97464.6606445,58.6699981689,67.3442840576,True
132.70000000000002,-0.583,-0.194,-0.365,1.0395049,0.2549729,9.1397978,17.7799987793,14.6587228775,17.4300003052,5.2192940712,-5.53014564514,11.9526948929,-1.6947697401,2.76913523674,97469.2871094,58.9499969482,75.8530578613,True
132.8,-0.583,-0.194,-0.365,1.0395049,0.2549729,9.1397978,17.3999996185,14.6587228775,12.779999733,5.2192940712,-5.53014564514,11.9594593048,-1.58756542206,2.78183317184,97469.2871094,59.25,96.2288818359,True
