t,p,q,r,ax,ay,az,roll_k,roll,pitch_k,pitch,yaw,vn,ve,vd,basinc,alt_hata,hiz_hata,ariza
0.1,1.044,0.037,-0.252,0.1372931,-0.26477955,6.81562175,37.1199989319,-1.5184623003,-4.08999967575,-0.561371147633,-84.7684860229,0.105450287461,-20.4026222229,-0.843720734119,97579.1442871,-0.34999999404,-430.68560791,False
0.2,1.299,0.028,-0.203,-0.36284605,-0.26477955,6.5704555,37.1100006104,-1.5184623003,-4.03999996185,-0.561371147633,-84.7684860229,0.204480931163,-20.3547592163,-0.590479671955,97573.5656738,-0.34999999404,-430.68560791,False
0.30000000000000004,0.992,0.001,-0.087,-0.79433865,-0.5491724,9.44380395,38.9599990845,14.2209310532,-3.95999979973,-2.18193817139,-80.4045944214,0.450232505798,-20.2477798462,-0.408762395382,97562.3168945,-0.42999997735,-460.105133057,False
0.4,0.802,-0.052,0.042,-0.980665,-0.42168595,10.7677017,44.8600006104,14.2209310532,-5.94999980927,-2.18193817139,-80.4045944214,0.992936432362,-20.0313186646,-0.319313466549,97556.5368652,-0.519999980927,-440.271575928,False
0.5,0.72,-0.101,0.092,-1.0787315,-0.20593965,10.198916,44.8799972534,27.9854393005,-7.92999982834,-1.47332894802,-80.3796615601,1.37049305439,-19.8792076111,-0.28058886528,97548.5595703,-0.569999992847,-340.271575928,False
0.6000000000000001,0.63,-0.088,0.14,-1.0002783,0.24516625,11.60126695,44.7700004578,27.9854393005,-9.9299993515,-1.47332894802,-80.3796615601,2.12488627434,-19.5922279358,-0.278174072504,97545.7458496,-0.629999995232,-306.554229736,False
0.7000000000000001,0.699,-0.075,0.082,-0.8825985,0.63743225,11.73856005,44.7700004578,27.9854393005,-11.9600000381,-1.47332894802,-80.3796615601,2.12488627434,-19.5922279358,-0.278174072504,97545.0622559,-0.699999988079,-306.554229736,False
0.8,0.398,0.033,0.052,-0.97085835,0.71588545,11.4737805,44.7700004578,27.9854393005,-13.9899997711,-1.47332894802,-80.3796615601,3.0469455719,-19.2551193237,-0.165161773562,97548.0895996,-0.789999961853,-284.120544434,False
0.9,0.214,0.047,-0.019,-0.99047165,1.01008495,9.16921775,44.7700004578,38.5702133179,-15.8599996567,-0.179027363658,-81.618522644,3.59974336624,-19.0266952515,0.109277956188,97544.3115234,-0.870000004768,-284.120544434,False
1.0,0.083,0.067,-0.12,-0.99047165,1.14737805,8.237586,44.7599983215,38.5702133179,-15.8499994278,-0.179027363658,-81.618522644,3.68375778198,-18.9907646179,0.165932774544,97542.96875,-0.870000004768,-284.120544434,False
1.1,0.218,0.066,-0.243,-0.980665,1.20621795,5.81534345,44.719997406,38.5702133179,-17.4300003052,-0.179027363658,-81.618522644,4.22320461273,-18.6964645386,0.907045900822,97540.6677246,-0.949999988079,-260.239013672,False
1.2000000000000002,0.01,-0.003,-0.377,-1.0787315,1.12776475,6.08992965,44.6800003052,38.5702133179,-17.4300003052,-0.179027363658,-81.618522644,4.391102314,-18.5997123718,1.17302513123,97541.1315918,-0.939999997616,-240.422058105,False
1.3,-0.019,0.143,-0.445,-1.2160246,1.22583125,5.4328841,44.4300003052,41.8600692749,-16.1000003815,-5.3615527153,-77.9072265625,4.68294000626,-18.3682193756,1.90929341316,97538.104248,-0.870000004768,-240.422058105,False
1.4000000000000001,0.111,0.07,-0.511,-1.40235095,0.8237586,4.22666615,44.1800003052,41.8600692749,-15.1399993896,-5.3615527153,-77.9072265625,4.87449502945,-18.1998882294,2.48986387253,97539.9536133,-0.75,-227.615539551,False
1.5,0.075,-0.062,-0.526,-1.36312435,0.588399,5.57998385,43.9300003052,41.8600692749,-14.0900001526,-5.3615527153,-77.9072265625,5.20856046677,-18.0135612488,2.95445370674,97540.234375,-0.560000002384,-227.615539551,False
1.6,-0.044,-0.095,-0.482,-1.4121576,0.5295591,8.01203305,43.719997406,41.8600692749,-14.0999994278,-5.3615527153,-77.9072265625,5.48472070694,-17.8884372711,3.15621995926,97541.4733887,-0.560000002384,-227.615539551,False
1.7000000000000002,0.143,-0.162,-0.391,-1.4317709,0.2157463,9.24767095,43.5900001526,42.0561676025,-12.0599994659,-12.7886314392,-69.1414794922,6.14785909653,-17.6010990143,3.45885109901,97544.5373535,-0.070000000298,-206.725692749,False
1.8,0.178,-0.175,-0.314,-1.2944778,0.0980665,11.54242705,43.5,42.0561676025,-11.1199998856,-12.7886314392,-69.1414794922,6.85618162155,-17.3249397278,3.57100272179,97545.4284668,0.209999993443,-199.454116821,False
1.9000000000000001,0.134,-0.18,-0.242,-1.20621795,0.2745862,12.62115855,43.469997406,43.3619537354,-11.1099996567,-14.1652708054,-63.8873405457,7.46577692032,-17.0797996521,3.62301111221,97552.3254395,0.209999993443,-199.454116821,False
2.0,0.058,-0.238,-0.171,-1.1964113,0.4903325,12.0425662,43.5299987793,43.3619537354,-9.35999965668,-14.1652708054,-63.8873405457,8.49009513855,-16.6265983582,3.7093038559,97558.3557129,0.799999952316,-209.52166748,False
2.1,0.079,-0.254,-0.185,-1.2356379,0.4511059,12.99381125,43.5799980164,43.3619537354,-8.51000022888,-14.1652708054,-63.8873405457,9.28037548065,-16.2532043457,3.69797873497,97563.9526367,1.10000002384,-209.52166748,False
2.2,0.175,-0.291,-0.181,-1.10815145,0.73549875,14.44519545,43.6299972534,43.3619537354,-7.71999979019,-14.1652708054,-63.8873405457,9.94005393982,-15.9257440567,3.64317369461,97568.2250977,1.38999998569,-212.013824463,False
2.3000000000000003,-0.067,-0.271,-0.213,-1.0198916,0.89240515,13.34685065,43.6699981689,43.3619537354,-6.96999979019,-14.1652708054,-63.8873405457,10.726266861,-15.4965391159,3.6000957489,97578.0151367,1.67999994755,-212.013824463,False
2.4000000000000004,-0.066,-0.258,-0.248,-0.99047165,0.9218251,12.5917386,43.6899986267,43.9450187683,-6.21000003815,-13.0158405304,-55.0482177734,11.5787620544,-14.986448288,3.59299254417,97578.0151367,1.9699999094,-212.013824463,False
2.5,-0.084,-0.246,-0.303,-1.0198916,0.6472389,12.9840046,43.6599998474,43.9450187683,-5.44000005722,-13.0158405304,-55.0482177734,12.2517843246,-14.5330047607,3.61832213402,97584.6008301,2.25999999046,-232.613555908,False
2.6,-0.022,-0.311,-0.288,-0.9610517,0.6080123,12.1798593,43.6800003052,43.9450187683,-5.44999980927,-13.0158405304,-55.0482177734,12.6270036697,-14.2616872787,3.64611387253,97589.9902344,2.55999994278,-263.518341064,False
2.7,0.042,-0.305,-0.281,-0.89240515,0.7256921,12.5721253,43.6800003052,43.9450187683,-4.61999988556,-13.0158405304,-55.0482177734,12.8888168335,-14.0617609024,3.64659714699,97591.003418,2.55999994278,-263.518341064,False
2.8000000000000003,-0.044,-0.27,-0.281,-0.83356525,0.81395195,12.5132854,43.6899986267,41.8565826416,-3.0,-12.962264061,-44.4487876892,14.1382637024,-13.0426473618,3.63226032257,97599.0966797,3.15999984741,-284.090026855,False
2.9000000000000004,-0.029,-0.247,-0.264,-0.7649187,0.73549875,13.9646696,43.7099990845,41.8565826416,-2.22000002861,-12.962264061,-44.4487876892,14.6594285965,-12.5839548111,3.55014419556,97602.8747559,3.47000002861,-284.090026855,False
3.0,0.128,-0.369,-0.281,-0.77472535,1.0002783,12.85651815,43.7900009155,41.8565826416,-1.43999993801,-12.962264061,-44.4487876892,15.2360258102,-12.0209102631,3.48385477066,97608.2702637,3.76999998093,-312.792785645,False
3.1,-0.022,-0.449,-0.309,-0.6864655,0.97085835,14.9453346,43.8999977112,41.8565826416,-0.740000009537,-12.962264061,-44.4487876892,15.9891757965,-11.20906353,3.25418829918,97613.9526367,4.05999994278,-312.792785645,False
3.2,0.033,-0.367,-0.331,-0.588399,1.1375714,14.8472681,43.9599990845,41.092250824,-0.119999997318,-11.4553117752,-33.4921913147,16.5738372803,-10.4974336624,3.04060339928,97622.076416,4.34999990463,-312.792785645,False
3.3000000000000003,0.051,-0.403,-0.344,-0.55897905,1.01008495,15.0630144,44.0099983215,41.092250824,0.449999988079,-11.4553117752,-33.4921913147,17.0038318634,-9.90148830414,2.85829758644,97622.1069336,4.61000013351,-296.063049316,False
3.4000000000000004,-0.042,-0.322,-0.358,-0.4314926,0.4707192,16.70072495,44.0400009155,41.092250824,0.909999966621,-11.4553117752,-33.4921913147,17.6869888306,-8.85062408447,2.4748249054,97634.4665527,4.84999990463,-329.814147949,False
3.5,-0.032,-0.396,-0.34,-0.392266,0.196133,17.259704,43.8499984741,41.092250824,1.28999996185,-11.4553117752,-33.4921913147,18.136472702,-8.08382034302,2.19054198265,97634.4665527,5.05999994278,-329.814147949,False
3.6,0.158,-0.402,-0.224,-0.2353596,0.4903325,16.89685795,42.0999984741,41.092250824,1.63999998569,-11.4553117752,-33.4921913147,18.7426967621,-6.89080762863,1.78673112392,97630.4443359,5.23999977112,-367.294128418,False
3.7,0.007,-0.443,-0.156,-0.20593965,1.06892485,17.2793173,40.1199989319,40.6755065918,1.83999991417,-9.17580032349,-19.8251399994,19.0802593231,-6.11566209793,1.50551199913,97638.0187988,5.38000011444,-367.294128418,False
3.8000000000000003,-0.175,-0.413,-0.196,-0.3726527,1.2748645,17.13221755,38.1399993896,40.6755065918,1.9699999094,-9.17580032349,-19.8251399994,19.4135456085,-5.18460655212,1.13468134403,97645.4406738,5.48999977112,-419.877624512,False
3.9000000000000004,-0.248,-0.335,-0.283,-0.50013915,0.81395195,14.48442205,35.8899993896,40.6755065918,1.97999989986,-9.17580032349,-19.8251399994,19.652557373,-4.31041193008,0.87692040205,97645.526123,5.55999994278,-419.877624512,False
4.0,-0.093,-0.38,-0.3,-0.4511059,0.9610517,16.68111165,33.7900009155,37.8558731079,2.07999992371,-6.46895694733,-12.4627456665,19.8615703583,-3.28993606567,0.527808725834,97643.3654785,5.61999988556,-419.877624512,False
4.1000000000000005,-0.051,-0.278,-0.334,-0.6668522,1.0002783,15.102241,31.3199996948,37.8558731079,2.04999995232,-6.46895694733,-12.4627456665,19.8855495453,-3.1114897728,0.467652618885,97648.3154297,5.65000009537,-448.025695801,False
4.2,-0.116,-0.335,-0.354,-0.7453054,0.7060788,12.9840046,28.9899997711,37.8558731079,2.06999993324,-6.46895694733,-12.4627456665,19.9682445526,-1.84273374081,0.167668819427,97650.2624512,5.65000009537,-449.149719238,False
4.3,-0.26,-0.358,-0.369,-0.6668522,0.18632635,14.36674225,25.9799995422,37.8558731079,1.99000000954,-6.46895694733,-12.4627456665,19.9688911438,-0.958526551723,-0.0228468310088,97650.4821777,5.63999986649,-449.149719238,False
4.4,0.014,-0.314,-0.197,-0.65704555,-0.02941995,14.3373223,25.9899997711,37.8558731079,1.99000000954,-6.46895694733,-12.4627456665,19.9596710205,-0.624292731285,-0.0931131988764,97648.8647461,5.63999986649,-449.149719238,False
4.5,-0.016,-0.299,-0.131,-0.6472389,0.55897905,13.4351105,19.7999992371,35.1002006531,1.82999992371,-4.18184232712,0.494616091251,19.8155498505,0.795810759068,-0.411505132914,97647.6867676,5.58999967575,-451.630401611,False
4.6000000000000005,0.067,-0.273,-0.117,-0.57859235,0.8433719,12.81729155,16.8199996948,35.1002006531,1.73000001907,-4.18184232712,0.494616091251,19.7147579193,1.3397295475,-0.516364276409,97650.6774902,5.53999996185,-455.64364624,False
4.7,0.093,-0.162,-0.178,-0.6080123,0.6472389,11.56204035,13.8999996185,35.4660873413,1.66999995708,-2.21366214752,4.528028965,19.5686626434,1.96411597729,-0.516073524952,97651.3671875,5.48999977112,-455.64364624,False
4.800000000000001,-0.146,-0.199,-0.18,-0.53936575,0.67665885,10.58137535,13.8999996185,35.4660873413,1.66999995708,-2.21366214752,4.528028965,19.5119991302,2.18557596207,-0.450606942177,97648.1018066,5.48999977112,-455.64364624,False
4.9,-0.631,-0.284,-0.14,-0.4903325,0.9218251,12.42502555,8.32999992371,35.4660873413,1.61000001431,-2.21366214752,4.528028965,19.2383327484,3.1236243248,-0.501698672771,97646.8261719,5.40999984741,-414.470489502,False
5.0,-0.624,-0.288,-0.181,-0.32361945,1.1964113,14.32751565,5.28999996185,35.4660873413,1.30999994278,-2.21366214752,4.528028965,19.0362224579,3.70325183868,-0.788045585155,97645.703125,5.35999965668,-405.655670166,False
5.1000000000000005,-0.529,-0.096,-0.293,-0.4707192,0.9414384,12.6898051,2.53999996185,27.6236686707,1.00999999046,0.0114865638316,10.2000589371,18.822719574,4.1815495491,-0.955499947071,97644.9951172,5.28999996185,-405.655670166,False
5.2,-0.519,-0.114,-0.245,-0.65704555,0.6472389,10.32640245,0.379999995232,27.6236686707,0.819999992847,0.0114865638316,10.2000589371,18.566493988,4.60765314102,-0.974952757359,97642.791748,5.19999980927,-389.026062012,False
5.300000000000001,-0.452,-0.164,-0.228,-0.5687857,0.588399,12.3956056,-1.75,27.6236686707,0.489999979734,0.0114865638316,10.2000589371,18.5216693878,4.68225717545,-1.00889718533,97642.791748,5.09999990463,-389.026062012,False
5.4,-0.349,-0.116,-0.217,-0.53936575,0.36284605,11.95430635,-3.5,27.6236686707,0.170000001788,0.0114865638316,10.2000589371,18.1655540466,5.22256660461,-1.27615773678,97633.8989258,4.98000001907,-371.54598999,False
5.5,-0.348,-0.155,-0.13,-0.67665885,0.2549729,11.46397385,-5.15999984741,18.5101470947,-0.170000001788,0.297242790461,16.3953380585,18.0230007172,5.39731645584,-1.35408866405,97636.9567871,4.85999965668,-371.54598999,False
5.6000000000000005,-0.324,-0.212,-0.08,-0.51975245,0.5099458,13.17033095,-6.71999979019,18.5101470947,-0.659999966621,0.297242790461,16.3953380585,17.6421718597,5.80419874191,-1.74303746223,97635.6323242,4.71000003815,-348.171051025,False
5.7,-0.389,-0.185,-0.053,-0.5295591,0.34323275,12.18966595,-8.09000015259,18.5101470947,-0.669999957085,0.297242790461,16.3953380585,17.543592453,5.88334226608,-1.83032405376,97632.1533203,4.71000003815,-348.171051025,False
5.800000000000001,0.014,-0.155,-0.064,-0.50013915,0.588399,12.6309652,-9.23999977112,18.5101470947,-1.79999995232,0.297242790461,16.3953380585,17.1586704254,6.14992237091,-2.15717029572,97637.6831055,4.33999967575,-348.171051025,False
5.9,-0.06,-0.05,-0.049,-0.4903325,0.6472389,11.1207411,-10.3099994659,13.6654520035,-2.38999986649,3.61038470268,19.5806522369,16.9208068848,6.26914596558,-2.22143387794,97632.7697754,4.11000013351,-336.889831543,False
6.0,-0.373,0.056,-0.075,-0.51975245,0.8629852,10.3754357,-11.1399993896,13.6654520035,-2.90999984741,3.61038470268,19.5806522369,16.7015514374,6.34667921066,-2.25133299828,97625.8911133,3.88999986649,-313.520812988,False
6.1000000000000005,-0.419,0.068,-0.095,-0.50013915,0.4903325,10.2577559,-11.8400001526,13.6654520035,-3.44999980927,3.61038470268,19.5806522369,16.5194187164,6.3843126297,-2.22930717468,97623.7487793,3.65999984741,-313.520812988,False
6.2,-0.594,0.097,-0.1,-0.59820565,0.65704555,9.18883105,-12.1300001144,13.6654520035,-3.90999984741,3.61038470268,19.5806522369,16.39503479,6.37473964691,-2.14946675301,97619.9768066,3.4399998188,-282.285888672,False
6.300000000000001,-0.7,0.067,-0.119,-0.4903325,0.6472389,8.03164635,-12.2100000381,2.94806599617,-4.25999975204,2.08528232574,21.5367794037,16.2747535706,6.32156133652,-1.93103909492,97620.4101562,3.24000000954,-282.285888672,False
6.4,-0.524,0.085,-0.105,-0.50013915,0.53936575,8.30623255,-12.0199995041,2.94806599617,-4.52999973297,2.08528232574,21.5367794037,16.1597728729,6.20770120621,-1.736156106,97620.7641602,3.04999995232,-282.285888672,False
6.5,-0.519,0.083,-0.092,-0.44129925,0.392266,10.6696352,-11.6300001144,2.94806599617,-4.90000009537,2.08528232574,21.5367794037,16.088760376,6.08199977875,-1.75104343891,97612.2192383,2.88999986649,-252.894775391,False
6.6000000000000005,-0.259,0.11,-0.09,-0.3726527,0.14709975,9.05153795,-11.1799993515,-4.91501188278,-5.23999977112,0.382291018963,23.3965606689,16.0459804535,5.98884963989,-1.65622794628,97613.2324219,2.72000002861,-252.894775391,False
6.7,-0.067,0.074,-0.027,-0.40207265,-0.0392266,9.50264385,-10.7399997711,-4.91501188278,-5.48000001907,0.382291018963,23.3965606689,15.9958267212,5.87659883499,-1.56998455524,97606.2194824,2.57999992371,-232.683563232,False
6.800000000000001,-0.175,0.037,0.053,-0.46091255,0.02941995,9.01231135,-10.25,-4.91501188278,-5.73999977112,0.382291018963,23.3965606689,15.9366855621,5.74289608002,-1.36714279652,97608.0383301,2.44000005722,-203.596679688,False
6.9,-0.11,0.013,0.101,-0.46091255,0.1569064,8.1787461,-10.25,-4.91501188278,-5.73999977112,0.382291018963,23.3965606689,15.9194726944,5.6906876564,-1.27476787567,97606.0668945,2.44000005722,-203.596679688,False
7.0,-0.076,0.046,0.1,-0.5099458,0.18632635,8.63965865,-9.07999992371,-4.91501188278,-6.00999975204,0.382291018963,23.3965606689,15.8623075485,5.47651147842,-0.993344426155,97600.1159668,2.21000003815,-189.290039062,False
7.1000000000000005,-0.076,0.046,0.1,-0.5099458,0.18632635,8.63965865,-9.07999992371,-4.91501188278,-6.00999975204,0.382291018963,23.3965606689,15.8623075485,5.47651147842,-0.993344426155,97600.1159668,2.21000003815,-189.290039062,False
7.2,-0.033,0.118,0.118,-0.392266,0.2941995,8.58081875,-7.67999982834,-7.1658987999,-6.21000003815,-1.20471048355,21.8680667877,15.8324766159,5.21165895462,-0.658685326576,97599.4750977,2.03999996185,-189.290039062,False
7.300000000000001,-0.09,0.126,0.109,-0.3334261,0.2745862,8.09048625,-6.94000005722,-7.1658987999,-6.21999979019,-1.20471048355,21.8680667877,15.8273296356,5.10530424118,-0.509671509266,97599.9328613,1.97999989986,-177.313995361,False
7.4,-0.12,0.083,0.138,-0.44129925,0.0980665,8.34545915,-6.15999984741,-7.1658987999,-6.23999977112,-1.20471048355,21.8680667877,15.8257408142,4.94917345047,-0.293973445892,97597.833252,1.93999993801,-160.266693115,False
7.5,-0.059,0.052,0.149,-0.4511059,0.14709975,8.4533323,-5.32999992371,-8.41767692566,-6.17999982834,-3.94723415375,18.5273532867,15.8276014328,4.92025995255,-0.265472203493,97597.833252,1.90999996662,-160.266693115,False
7.6000000000000005,-0.103,-0.043,0.159,-0.4707192,0.4707192,9.80665,-2.47000002861,-8.41767692566,-6.19999980927,-3.94723415375,18.5273532867,15.8515329361,4.76056432724,-0.145493373275,97597.5830078,1.89999997616,-149.952880859,False
7.7,0.028,0.036,0.113,-0.46091255,0.71588545,9.3555441,-1.17999994755,-8.41767692566,-6.13999986649,-3.94723415375,18.5273532867,15.8677453995,4.56528282166,-0.0498712323606,97598.6999512,1.89999997616,-149.952880859,False
7.800000000000001,-0.009,0.069,0.06,-0.44129925,0.65704555,9.18883105,0.140000000596,-8.41767692566,-6.08999967575,-3.94723415375,18.5273532867,15.9199924469,4.25864124298,0.126739814878,97598.6999512,1.89999997616,-135.411834717,False
7.9,0.09,0.038,0.019,-0.30400615,0.55897905,9.7870367,0.140000000596,-8.41767692566,-6.08999967575,-3.94723415375,18.5273532867,15.9504575729,4.11357402802,0.169117376208,97599.0600586,1.89999997616,-135.411834717,False
8.0,0.142,0.032,-3.91886975727e-18,-0.3334261,0.3726527,10.3165958,8.67000007629,-7.4611749649,-6.0499997139,-4.9749712944,16.1900653839,15.9829149246,4.01879501343,0.174555182457,97599.0600586,1.91999995708,-135.411834717,False
8.1,0.29,0.022,0.023,-0.38245935,0.30400615,10.11065615,13.279999733,-7.4611749649,-6.03999996185,-4.9749712944,16.1900653839,16.0315647125,3.81989812851,0.174918219447,97598.9013672,1.94999992847,-127.862167358,False
8.200000000000001,0.313,-0.001,0.027,-0.4903325,-0.0588399,8.87501825,14.3899993896,-7.4611749649,-6.0,-4.9749712944,16.1900653839,16.020406723,3.76540994644,0.2593716681,97599.8046875,1.95999991894,-132.663146973,False
8.3,0.464,-0.067,0.104,-0.4118793,-0.0196133,10.42446895,14.3999996185,-7.4611749649,-6.0,-4.9749712944,16.1900653839,16.0153980255,3.75633716583,0.233617559075,97600.7324219,1.97999989986,-132.663146973,False
8.4,0.517,-0.009,0.148,-0.46091255,0.16671305,9.71839015,20.9599990845,1.02492833138,-5.98000001907,-4.98434257507,14.7960557938,15.9970655441,3.76981019974,0.244030594826,97597.3937988,2.0,-124.615859985,False
8.5,0.306,0.032,0.176,-0.48052585,0.55897905,10.03220295,21.7399997711,1.02492833138,-5.94999980927,-4.98434257507,14.7960557938,15.9785060883,3.78750109673,0.242091193795,97602.7038574,2.01999998093,-124.615859985,False
8.6,0.156,-0.008,0.101,-0.38245935,0.91201845,10.3165958,21.7399997711,1.02492833138,-5.94999980927,-4.98434257507,14.7960557938,15.9663972855,3.81505441666,0.213117346168,97602.545166,2.01999998093,-124.615859985,False
8.700000000000001,0.172,0.008,0.02,-0.42168595,0.85317855,9.81645665,26.2699985504,7.33302354813,-5.92000007629,-5.28671789169,12.2047920227,15.9519910812,3.83907842636,0.22915905714,97601.184082,2.05999994278,-126.511383057,False
8.8,0.28,0.047,-0.072,-0.46091255,0.6864655,8.9240515,32.0099983215,7.33302354813,-5.80999994278,-5.28671789169,12.2047920227,15.9062623978,3.93756556511,0.39734262228,97606.8115234,2.07999992371,-122.608184814,False
8.9,0.433,-0.017,-0.114,-0.44129925,0.57859235,9.022118,32.0099983215,7.33302354813,-5.7999997139,-5.28671789169,12.2047920227,15.8984670639,3.95866465569,0.420796006918,97602.0202637,2.07999992371,-122.608184814,False
9.0,0.505,-0.035,-0.137,-0.42168595,0.4511059,9.38496405,33.0599975586,7.33302354813,-5.5,-5.28671789169,12.2047920227,15.8335371017,4.25582122803,0.528982937336,97602.1362305,2.15999984741,-122.608184814,False
9.1,0.493,-0.008,-0.141,-0.28439285,0.5687857,9.87529655,36.3899993896,7.33302354813,-5.31999969482,-5.28671789169,12.2047920227,15.7835912704,4.43587207794,0.615039408207,97604.0588379,2.22000002861,-118.202018738,False
9.200000000000001,0.622,0.042,-0.16,-0.4707192,0.2353596,9.1397978,36.5299987793,20.2196960449,-5.02999973297,-6.29909706116,14.964261055,15.7093334198,4.72206926346,0.762648642063,97604.2175293,2.28999996185,-118.202018738,False
9.3,0.635,-0.024,-0.136,-0.42168595,0.20593965,8.87501825,38.3099975586,20.2196960449,-4.65999984741,-6.29909706116,14.964261055,15.6117267609,5.03708457947,0.954056799412,97607.7575684,2.36999988556,-127.55317688,False
9.4,0.435,-0.04,-0.101,-0.4511059,0.61781895,8.8848249,38.2799987793,20.2196960449,-4.25999975204,-6.29909706116,14.964261055,15.4831924438,5.46212434769,1.1606913805,97607.2631836,2.47000002861,-130.259887695,False
9.5,0.287,-0.101,-0.127,-0.36284605,0.63743225,9.24767095,39.0400009155,20.2196960449,-3.84999990463,-6.29909706116,14.964261055,15.4630527496,5.53942871094,1.18932855129,97607.3547363,2.59999990463,-130.259887695,False
9.600000000000001,0.072,-0.114,-0.171,-0.26477955,0.79433865,10.44408225,38.9099998474,29.5279636383,-3.47000002861,-6.42826843262,18.037569046,15.2872219086,6.20777606964,1.34624934196,97613.3178711,2.74000000954,-139.308349609,False
9.700000000000001,0.05,-0.096,-0.189,-0.14709975,0.9022118,10.5127288,38.6499977112,29.5279636383,-3.08999991417,-6.42826843262,18.037569046,15.1714849472,6.65476560593,1.41251897812,97613.3178711,2.87999987602,-139.308349609,False
9.8,0.009,-0.124,-0.218,-0.196133,0.77472535,10.2185293,41.9199981689,29.5279636383,-2.67999982834,-6.42826843262,18.037569046,15.1057596207,6.91426134109,1.46269440651,97613.8244629,3.02999997139,-162.111282349,False
9.9,0.097,-0.168,-0.243,-0.18632635,0.75511205,9.9635564,41.8299980164,29.5279636383,-2.24000000954,-6.42826843262,18.037569046,14.8910226822,7.62332773209,1.61035096645,97618.7866211,3.1899998188,-162.111282349,False
10.0,0.205,-0.195,-0.279,-0.16671305,0.75511205,10.52253545,43.1899986267,31.4810752869,-1.77999997139,-6.33091163635,23.9581985474,14.8347005844,7.80702972412,1.63675761223,97622.9248047,3.3599998951,-155.372619629,False
10.100000000000001,0.195,-0.202,-0.298,-0.04903325,0.81395195,11.52281375,43.1899986267,31.4810752869,-1.76999998093,-6.33091163635,23.9581985474,14.6913280487,8.21774768829,1.64829802513,97622.3388672,3.3599998951,-155.372619629,False
10.200000000000001,0.203,-0.203,-0.288,0.0,0.85317855,11.3364874,42.969997406,31.4810752869,-1.33999991417,-6.33091163635,23.9581985474,14.4964923859,8.75880050659,1.64641010761,97629.1015625,3.53999996185,-155.372619629,False
10.3,0.142,-0.179,-0.304,-0.0588399,0.7649187,11.8268199,44.3099975586,31.4810752869,-0.449999988079,-6.33091163635,23.9581985474,14.2662038803,9.32769107819,1.62131941319,97629.5471191,3.88999986649,-176.620666504,False
10.4,0.285,-0.239,-0.311,-0.00980665,0.6864655,11.97391965,44.0200004578,31.4810752869,0.00999999977648,-6.33091163635,23.9581985474,13.8517408371,10.2371644974,1.63201582432,97630.8410645,4.06999969482,-193.48526001,False
10.5,0.252,-0.225,-0.297,0.04903325,0.8433719,12.17005265,44.0200004578,36.4719772339,0.0399999991059,-6.32358980179,33.1243972778,13.5959358215,10.7280397415,1.63127279282,97640.4296875,4.06999969482,-193.48526001,False
10.600000000000001,0.223,-0.197,-0.301,0.0784532,0.8825985,11.87585315,44.2299995422,36.4719772339,0.969999969006,-6.32358980179,33.1243972778,13.1978502274,11.4476747513,1.66422629356,97640.4296875,4.42999982834,-193.48526001,False
10.700000000000001,0.143,-0.267,-0.274,0.16671305,0.81395195,11.7875933,44.5299987793,36.4719772339,1.4699999094,-6.32358980179,33.1243972778,12.7453327179,12.1726913452,1.70543241501,97638.1591797,4.61000013351,-189.038848877,False
10.8,0.098,-0.268,-0.256,0.24516625,0.85317855,11.9444997,44.4500007629,36.4719772339,1.95999991894,-6.32358980179,33.1243972778,12.399643898,12.6861896515,1.68870747089,97647.0275879,4.7999997139,-219.090270996,False
10.9,0.085,-0.29,-0.229,0.2941995,1.04931155,12.748645,44.3799972534,40.1997718811,2.42999982834,-5.69183492661,43.0573196411,11.8670558929,13.4183158875,1.64730286598,97646.7163086,4.98999977112,-219.090270996,False
11.0,0.052,-0.277,-0.273,0.2549729,1.2160246,12.54270535,43.8400001526,40.1997718811,2.89999985695,-5.69183492661,43.0573196411,11.4973897934,13.8911485672,1.63043308258,97649.8352051,5.19000005722,-219.090270996,False
11.100000000000001,0.011,-0.276,-0.313,0.2549729,1.1375714,12.32695905,43.5799980164,40.1997718811,3.38999986649,-5.69183492661,43.0573196411,10.9922199249,14.472114563,1.60679924488,97648.3886719,5.38000011444,-255.537414551,False
11.200000000000001,0.039,-0.351,-0.306,0.38245935,1.30428445,13.7096967,42.75,40.1997718811,3.78999996185,-5.69183492661,43.0573196411,10.4243679047,15.0754594803,1.474214077,97654.3334961,5.55999994278,-250.868988037,False
11.3,0.058,-0.267,-0.359,0.50013915,1.50041745,14.05292945,42.7299995422,41.0177497864,3.79999995232,-5.07066106796,51.8261756897,9.72132015228,15.7766618729,1.3114708662,97660.3942871,5.55999994278,-250.868988037,False
11.4,0.023,-0.347,-0.403,0.4511059,1.38273765,13.69989005,41.75,41.0177497864,4.13999986649,-5.07066106796,51.8261756897,9.23099136353,16.2198829651,1.22222733498,97658.5449219,5.73000001907,-250.868988037,False
11.5,0.074,-0.408,-0.433,0.53936575,1.22583125,14.6119085,39.4599990845,41.0177497864,4.75999975204,-5.07066106796,51.8261756897,8.36648368835,16.930524826,0.982239603996,97664.5629883,6.02999973297,-280.167205811,False
11.600000000000001,0.083,-0.327,-0.433,0.6472389,1.10815145,14.91591465,39.4500007629,41.0177497864,4.76999998093,-5.07066106796,51.8261756897,7.9293885231,17.2537078857,0.884896874428,97660.8581543,6.02999973297,-280.167205811,False
11.700000000000001,-0.034,-0.403,-0.408,0.69627215,0.95124505,14.6511351,37.8400001526,41.9083938599,4.98000001907,-5.51592159271,65.0313873291,7.14834213257,17.7760829926,0.741887927055,97668.5241699,6.15000009537,-303.240600586,False
11.8,-0.099,-0.433,-0.38,0.5687857,0.8433719,15.81812645,33.7000007629,41.9083938599,5.28999996185,-5.51592159271,65.0313873291,5.90987443924,18.4539890289,0.407405406237,97671.5759277,6.34999990463,-303.240600586,False
11.9,-0.002,-0.448,-0.326,0.588399,0.73549875,16.2398124,33.719997406,41.9083938599,5.28999996185,-5.51592159271,65.0313873291,5.52956104279,18.6362686157,0.296846866608,97676.4221191,6.34999990463,-303.240600586,False
12.0,-0.283,-0.414,-0.258,0.7256921,0.980665,18.17172245,30.8499984741,41.9083938599,5.23999977112,-5.51592159271,65.0313873291,4.69943714142,18.9973659515,-0.0937870517373,97676.763916,6.40999984741,-316.022674561,False
12.100000000000001,-0.197,-0.347,-0.258,0.4314926,0.9022118,16.26923235,23.7999992371,38.0729980469,4.81999969482,-2.72688627243,77.5649032593,3.166898489,19.4969367981,-0.662229120731,97676.184082,6.42000007629,-348.516845703,False
12.200000000000001,-0.135,-0.389,-0.191,0.34323275,0.8237586,13.44491715,20.5399990082,38.0729980469,4.67999982834,-2.72688627243,77.5649032593,2.3621764183,19.6699905396,-0.840908169746,97673.3947754,6.38999986649,-348.86151123,False
12.3,-0.304,-0.342,-0.227,0.2353596,0.79433865,14.0823494,17.0799999237,38.0729980469,4.44999980927,-2.72688627243,77.5649032593,1.5855256319,19.7833824158,-1.01047992706,97676.8127441,6.32999992371,-348.86151123,False
12.4,-0.297,-0.342,-0.228,0.18632635,0.9218251,13.95486295,13.6099996567,35.5108146667,4.19999980927,-0.44679787755,83.018951416,0.705892324448,19.8335971832,-1.25240397453,97671.5209961,6.25,-348.86151123,False
12.5,-0.458,-0.305,-0.226,0.0392266,0.83356525,13.54298365,13.6099996567,35.5108146667,4.17999982834,-0.44679787755,83.018951416,0.424303859472,19.8314266205,-1.33151006699,97670.690918,6.25,-348.86151123,False
12.600000000000001,-0.351,-0.188,-0.234,-0.1176798,1.0198916,11.375714,10.1199998856,35.5108146667,3.84999990463,-0.44679787755,83.018951416,-0.175529748201,19.7917003632,-1.4802634716,97658.581543,6.15999984741,-349.418457031,False
12.700000000000001,-0.521,-0.175,-0.261,-0.0196133,0.8237586,11.7091401,4.44000005722,29.8599510193,3.24000000954,1.56609201431,88.9389953613,-0.861228466034,19.6925773621,-1.56687152386,97658.581543,5.92999982834,-355.212036133,False
12.8,-0.618,-0.257,-0.274,-0.02941995,0.87279185,12.748645,1.64999997616,29.8599510193,2.77999997139,1.56609201431,88.9389953613,-1.35253322124,19.5937080383,-1.77973353863,97661.8408203,5.7999997139,-342.114074707,False
12.9,-0.558,-0.259,-0.254,0.1176798,0.6472389,13.925443,1.64999997616,29.8599510193,2.74000000954,1.56609201431,88.9389953613,-1.79140710831,19.4651107788,-2.064899683,97662.9638672,5.7999997139,-342.114074707,False
13.0,-0.55,-0.209,-0.229,-0.0588399,0.5491724,11.79739995,-3.17999982834,29.8599510193,1.62000000477,1.56609201431,88.9389953613,-2.11495566368,19.3189239502,-2.19171190262,97654.6020508,5.44999980927,-313.603027344,False
13.100000000000001,-0.691,-0.144,-0.204,-0.06864655,0.3138128,11.0226746,-5.0,16.7109127045,1.10000002384,4.08286094666,96.8603363037,-2.37460017204,19.1664085388,-2.23567724228,97653.3630371,5.25,-313.603027344,False
13.200000000000001,-0.556,-0.049,-0.129,-0.00980665,-0.0784532,9.09076455,-6.5,16.7109127045,0.659999966621,4.08286094666,96.8603363037,-2.60559558868,18.9969158173,-2.12552571297,97647.2351074,5.0499997139,-289.177307129,False
13.3,-0.229,0.019,-0.059,-0.0784532,-0.36284605,9.20844435,-7.85999965668,16.7109127045,0.299999982119,4.08286094666,96.8603363037,-2.76805996895,18.8563919067,-1.98147964478,97645.0744629,4.84999990463,-289.177307129,False
13.4,-0.255,-0.027,0.07,-0.1372931,0.0196133,9.1005712,-8.97999954224,16.7109127045,-0.0399999991059,4.08286094666,96.8603363037,-2.85628843307,18.7424182892,-1.94243049622,97639.9719238,4.67000007629,-264.802734375,False
13.5,-0.209,-0.111,0.106,-0.00980665,0.46091255,10.48330885,-8.97999954224,8.49791812897,-0.0499999970198,4.81795215607,97.7120132446,-2.91609740257,18.625082016,-1.94809734821,97638.6169434,4.67000007629,-264.802734375,False
13.600000000000001,-0.45,-0.1,0.069,0.0196133,0.69627215,10.91480145,-9.80999946594,8.49791812897,-0.479999989271,4.81795215607,97.7120132446,-2.94447350502,18.4777050018,-1.98470115662,97628.4973145,4.2999997139,-237.51335144,False
13.700000000000001,-0.509,-0.011,0.034,0.04903325,0.77472535,10.77750835,-10.4299993515,8.49791812897,-0.949999988079,4.81795215607,97.7120132446,-2.9162106514,18.358663559,-2.04809546471,97631.9335938,4.2999997139,-237.51335144,False
13.8,-0.497,0.055,-0.015,0.0,0.5491724,10.591182,-10.7699995041,0.462765365839,-1.9699999094,5.40307283401,96.8795089722,-2.79331040382,18.1437511444,-2.09323501587,97628.2409668,3.89999985695,-210.99395752,False
13.9,-0.393,-2.44929359829e-18,-0.02,0.00980665,0.46091255,10.591182,-10.6399993896,0.462765365839,-2.49000000954,5.40307283401,96.8795089722,-2.70377349854,18.0442199707,-2.14811038971,97629.3640137,3.6899998188,-210.99395752,False
14.0,-0.322,0.005,-0.002,0.06864655,0.40207265,11.4933938,-10.3599996567,0.462765365839,-3.09999990463,5.40307283401,96.8795089722,-2.53097081184,17.8935508728,-2.29340362549,97624.5056152,3.47000002861,-210.99395752,False
14.100000000000001,-0.324,0.061,0.046,0.0980665,0.34323275,10.95402805,-9.92000007629,0.462765365839,-3.72000002861,5.40307283401,96.8795089722,-2.39015483856,17.8009490967,-2.35317969322,97621.2402344,3.23000001907,-185.036651611,False
14.200000000000001,-0.192,0.108,0.064,-0.04903325,0.53936575,9.7870367,-9.35999965668,-6.77824401855,-4.27999973297,4.30318880081,96.4209365845,-2.17875027657,17.6724224091,-2.29578089714,97618.8354492,2.99000000954,-185.036651611,False
14.3,-0.13,0.048,0.039,-0.1176798,0.1569064,9.1986377,-9.35999965668,-6.77824401855,-4.26999998093,4.30318880081,96.4209365845,-2.11139345169,17.6275501251,-2.26257133484,97615.435791,2.99000000954,-185.036651611,False
14.4,-0.073,0.013,0.055,-0.0980665,0.12748645,9.0417313,-8.3499994278,-6.77824401855,-5.27999973297,4.30318880081,96.4209365845,-1.89150810242,17.4839401245,-2.11585783958,97612.7502441,2.52999997139,-144.642456055,False
14.5,-0.04,0.027,0.1,-0.1372931,0.00980665,9.3359308,-7.82999992371,-6.77824401855,-5.73999977112,4.30318880081,96.4209365845,-1.79940843582,17.4177417755,-2.05518293381,97606.1767578,2.30999994278,-118.021202087,False
14.600000000000001,-0.081,0.045,0.144,-0.0980665,0.06864655,8.6102387,-7.35999965668,-6.77824401855,-6.15000009537,4.30318880081,96.4209365845,-1.56193006039,17.26130867,-1.82197916508,97603.5827637,2.1099998951,-118.021202087,False
14.700000000000001,0.058,0.034,0.186,-0.1569064,0.196133,8.6690786,-6.83999967575,-8.37949466705,-6.50999975204,2.67184400558,93.4945068359,-1.50431203842,17.2207508087,-1.76221215725,97602.2644043,1.91999995708,-94.3292617798,False
14.8,0.062,0.09,0.204,-0.12748645,0.3334261,8.60043205,-6.28999996185,-8.37949466705,-6.85999965668,2.67184400558,93.4945068359,-1.25910520554,17.0787220001,-1.50379276276,97597.5524902,1.75,-94.3292617798,False
14.9,-0.025,0.116,0.201,-0.20593965,0.392266,8.2571993,-6.28999996185,-8.37949466705,-6.85999965668,2.67184400558,93.4945068359,-1.16963684559,17.027551651,-1.37332320213,97598.0224609,1.75,-94.3292617798,False
15.0,-0.088,0.111,0.168,-0.20593965,0.392266,6.9431082,-5.73000001907,-8.37949466705,-7.09999990463,2.67184400558,93.4945068359,-1.05351340771,16.9676837921,-1.15280950069,97596.4111328,1.58999991417,-78.3948898315,False
15.100000000000001,-0.052,0.078,0.12,-0.28439285,0.4314926,6.91368825,-4.65000009537,-8.21574211121,-7.26999998093,0.520669460297,90.5058670044,-0.864657223225,16.8672389984,-0.663382411003,97594.1223145,1.37000000477,-59.5121383667,False
15.200000000000001,-0.064,0.126,0.086,-0.18632635,0.38245935,6.79600845,-4.11999988556,-8.21574211121,-7.21000003815,0.520669460297,90.5058670044,-0.731500029564,16.8086109161,-0.329833298922,97593.3776855,1.30999994278,-42.022895813,False
15.3,-0.16,0.106,0.082,-0.2157463,0.34323275,7.3942141,-3.48000001907,-9.29331207275,-7.08999967575,-1.57498157024,88.7636184692,-0.575998842716,16.7634983063,-0.0673924535513,97592.2790527,1.28999996185,-42.022895813,False
15.4,-0.043,0.09,0.092,-0.20593965,0.46091255,7.93357985,-2.67999982834,-9.29331207275,-6.96999979019,-1.57498157024,88.7636184692,-0.402170628309,16.727640152,0.173863887787,97591.1560059,1.29999995232,-36.5707397461,False
15.5,-0.043,0.09,0.092,-0.20593965,0.46091255,7.93357985,-1.88999998569,-9.29331207275,-6.75999975204,-1.57498157024,88.7636184692,-0.402170628309,16.727640152,0.173863887787,97591.1560059,1.32999992371,-36.5707397461,False
15.600000000000001,0.089,0.139,0.04,-0.16671305,0.3334261,7.73744685,-1.15999996662,-9.29331207275,-6.50999975204,-1.57498157024,88.7636184692,-0.0950093194842,16.6824836731,0.686429381371,97590.6616211,1.38999998569,-25.3126144409,False
15.700000000000001,0.24,0.191,0.036,-0.18632635,0.1372931,7.63938035,-1.15999996662,-7.77450561523,-6.50999975204,-4.6128578186,87.6610412598,0.0179018508643,16.6788043976,0.952685058117,97588.6291504,1.4699999094,-25.3126144409,False
15.8,0.37,0.094,0.082,-0.10787315,0.20593965,7.71783355,-0.119999997318,-7.77450561523,-5.82999992371,-4.6128578186,87.6610412598,0.0945031940937,16.6882896423,1.17311131954,97590.4968262,1.56999993324,-24.3312835693,False
15.9,0.29,0.089,0.095,-0.0784532,0.26477955,7.8649333,-0.119999997318,-7.77450561523,-5.82999992371,-4.6128578186,87.6610412598,0.16882224381,16.7094135284,1.39207911491,97590.1245117,1.56999993324,-24.3312835693,False
16.0,0.091,0.041,0.118,-0.0784532,0.26477955,8.11009955,0.560000002384,-7.77450561523,-5.0,-4.6128578186,87.6610412598,0.251386880875,16.7588214874,1.66404151917,97588.6535645,1.82999992371,-24.446105957,False
16.1,0.024,0.033,0.138,-0.14709975,0.3726527,8.5906254,0.560000002384,-7.77450561523,-5.0,-4.6128578186,87.6610412598,0.291496604681,16.7786712646,1.74703717232,97594.0002441,1.82999992371,-24.446105957,False
16.2,0.019,0.049,0.122,-0.10787315,0.63743225,9.2967042,1.32999992371,-1.73672950268,-4.15000009537,-6.88561153412,85.024055481,0.40619161725,16.8486480713,1.8760881424,97596.0693359,2.14999985695,-26.7642974854,False
16.3,-0.058,0.006,0.082,-0.12748645,0.67665885,9.30651085,1.32999992371,-1.73672950268,-4.15000009537,-6.88561153412,85.024055481,0.478961378336,16.8952007294,1.94905138016,97597.8515625,2.32999992371,-26.7642974854,False
16.400000000000002,-0.054,0.014,0.036,-0.0588399,0.65704555,9.26728425,1.78999996185,-1.73672950268,-3.72000002861,-6.88561153412,85.024055481,0.556376516819,16.9409980774,2.020642519,97598.059082,2.32999992371,-26.7642974854,False
16.5,-0.036,-0.019,2.3268289183800002e-18,-0.0196133,0.588399,9.5124505,2.31999993324,-1.73672950268,-3.25999999046,-6.88561153412,85.024055481,0.646873176098,17.002412796,2.09159588814,97605.2856445,2.50999999046,-39.066696167,False
16.6,0.066,-0.072,-0.033,0.0,0.4903325,10.1400761,2.83999991417,-1.79047942162,-2.79999995232,-7.2741317749,83.4554977417,0.738320112228,17.0728816986,2.11263275146,97612.7868652,2.70000004768,-39.066696167,False
16.7,0.064,-0.09,-0.038,0.0196133,0.44129925,10.40485565,3.84999990463,-1.79047942162,-1.95999991894,-7.2741317749,83.4554977417,0.825297951698,17.1539421082,2.06787800789,97612.7868652,3.07999992371,-50.8214950562,False
16.8,0.074,-0.053,-0.033,0.0784532,0.30400615,10.7480884,4.23999977112,-1.79047942162,-1.56999993324,-7.2741317749,83.4554977417,0.867086291313,17.2277507782,1.992882967,97615.7775879,3.26999998093,-50.8214950562,False
16.900000000000002,0.077,-0.122,0.012,0.1176798,0.32361945,10.6304086,4.46999979019,-1.79047942162,-1.19999992847,-7.2741317749,83.4554977417,0.901471436024,17.3015727997,1.8766156435,97615.1062012,3.46000003815,-64.0840530396,False
17.0,0.126,-0.135,0.05,0.1765197,0.2549729,11.66010685,4.65000009537,0.800799489021,-0.899999976158,-4.92267131805,83.4299240112,0.914773523808,17.3633747101,1.72425115108,97622.2412109,3.62999987602,-81.8515777588,False
17.1,0.112,-0.102,0.108,0.18632635,0.51975245,11.5522337,4.65000009537,0.800799489021,-0.899999976158,-4.92267131805,83.4299240112,0.919403254986,17.3965301514,1.64356935024,97625.1159668,3.62999987602,-81.8515777588,False
17.2,0.088,-0.086,0.109,0.1765197,0.5491724,11.5326204,5.00999975204,0.800799489021,-0.370000004768,-4.92267131805,83.4299240112,0.933076858521,17.4308166504,1.55316150188,97625.1159668,3.92999982834,-81.8515777588,False
17.3,0.02,-0.059,0.099,0.24516625,0.55897905,11.3561007,5.00999975204,0.800799489021,-0.370000004768,-4.92267131805,83.4299240112,0.942227602005,17.4699649811,1.39477527142,97624.9572754,3.92999982834,-81.8515777588,False
17.400000000000002,0.081,-0.088,0.081,0.24516625,0.85317855,12.6701918,5.17000007629,0.800799489021,-0.179999992251,-4.92267131805,83.4299240112,0.959025740623,17.5101833344,1.20000648499,97631.5368652,4.05999994278,-93.5073852539,False
17.5,0.056,-0.039,0.058,0.26477955,0.9610517,12.3956056,5.65999984741,3.58276844025,0.0,-2.83673977852,80.8070220947,1.00456178188,17.5598812103,0.804846405983,97633.984375,4.25,-103.226470947,False
17.6,0.194,-0.041,-0.018,0.40207265,1.0591182,12.26811915,5.83999967575,3.58276844025,0.019999999553,-2.83673977852,80.8070220947,1.00910317898,17.5763206482,0.711125314236,97635.3881836,4.31999969482,-111.492538452,False
17.7,0.179,-0.082,-0.051,0.26477955,0.97085835,11.9052731,5.83999967575,3.58276844025,0.019999999553,-2.83673977852,80.8070220947,1.00372576714,17.6003341675,0.522383153439,97636.7858887,4.31999969482,-111.492538452,False
17.8,-0.007,-0.065,-0.08,0.2353596,1.12776475,11.7287534,5.98999977112,6.38824796677,-0.00999999977648,-2.09054517746,80.9265518188,0.979302406311,17.6242752075,0.245798066258,97636.1083984,4.38999986649,-111.492538452,False
17.900000000000002,-0.027,-0.076,-0.14,0.18632635,1.0002783,11.3364874,5.98999977112,6.38824796677,-0.00999999977648,-2.09054517746,80.9265518188,0.971452474594,17.624835968,0.170741721988,97640.1123047,4.38999986649,-111.492538452,False
18.0,-0.168,-0.035,-0.174,0.02941995,0.85317855,10.2381426,6.01999998093,6.38824796677,-0.0599999986589,-2.09054517746,80.9265518188,0.952226877213,17.6084575653,0.125538647175,97640.1123047,4.40999984741,-118.768119812,False
18.1,-0.046,-0.005,-0.193,0.0196133,0.53936575,9.12999115,6.01999998093,6.38824796677,-0.070000000298,-2.09054517746,80.9265518188,0.936318218708,17.5967273712,0.183529779315,97638.5131836,4.40999984741,-118.768119812,False
18.2,0.05,0.023,-0.191,0.06864655,0.50013915,8.46313895,6.01999998093,5.2896156311,0.219999998808,-1.64736604691,84.6586990356,0.921040415764,17.5900592804,0.250508010387,97638.5131836,4.44999980927,-119.76184845,False
18.3,0.342,0.067,-0.182,0.12748645,0.4511059,7.34518085,5.83999967575,5.2896156311,0.560000002384,-1.64736604691,84.6586990356,0.844980359077,17.578207016,0.654288709164,97636.1877441,4.5,-120.147132874,False
18.400000000000002,0.296,-0.005,-0.142,0.1372931,0.3726527,7.8845466,5.46000003815,5.2896156311,0.939999997616,-1.64736604691,84.6586990356,0.749264955521,17.587223053,0.868071615696,97636.5600586,4.57999992371,-122.671318054,False
18.5,0.08,-0.065,-0.086,0.18632635,0.46091255,8.73772515,5.46000003815,5.2896156311,0.949999988079,-1.64736604691,84.6586990356,0.66298609972,17.5960063934,0.909288942814,97633.9599609,4.57999992371,-122.671318054,False
18.6,-0.113,-0.024,-0.059,0.20593965,0.36284605,10.01258965,4.26999998093,5.2896156311,1.57999992371,-1.64736604691,84.6586990356,0.481806665659,17.6168270111,0.990907371044,97637.487793,4.77999973297,-122.671318054,False
18.7,-0.183,-0.043,-0.041,0.1765197,0.26477955,9.5909037,3.52999997139,9.26552295685,1.87000000477,-1.81673598289,87.6835632324,0.345383346081,17.6247520447,0.958588242531,97637.5976562,4.90000009537,-129.635040283,False
18.8,-0.226,-0.057,-0.005,0.28439285,0.38245935,12.05237285,2.82999992371,9.26552295685,1.99000000954,-1.81673598289,87.6835632324,0.290191233158,17.6348667145,0.890211343765,97641.3024902,5.0,-129.635040283,False
18.900000000000002,-0.259,-0.099,0.059,0.2157463,0.6080123,12.1994726,2.29999995232,9.26552295685,2.05999994278,-1.81673598289,87.6835632324,0.114128030837,17.6425609589,0.48911818862,97643.0969238,5.06999969482,-130.37701416,False
19.0,-0.26,-0.132,0.048,0.32361945,0.91201845,13.1016844,2.03999996185,5.52916479111,2.00999999046,-0.298959821463,87.2166519165,0.0875637605786,17.6406383514,0.239857465029,97646.1791992,5.13000011444,-130.37701416,False
19.1,-0.267,-0.109,0.027,0.42168595,1.176798,13.62143685,2.03999996185,5.52916479111,2.00999999046,-0.298959821463,87.2166519165,0.0826296061277,17.6310405731,0.0985233560205,97648.614502,5.13000011444,-130.37701416,False
19.200000000000003,-0.47,-0.013,-0.016,0.40207265,0.91201845,13.3762706,2.19000005722,5.52916479111,1.52999997139,-0.298959821463,87.2166519165,0.14524024725,17.5979537964,-0.510084450245,97648.248291,5.11999988556,-132.799530029,False
19.3,-0.351,0.031,-0.042,0.34323275,0.6668522,11.97391965,2.19000005722,5.52916479111,1.52999997139,-0.298959821463,87.2166519165,0.21139703691,17.5727977753,-0.737761616707,97647.0581055,5.05999994278,-132.799530029,False
19.400000000000002,-0.052,-0.023,-0.052,0.40207265,0.77472535,12.3759923,2.49000000954,5.52916479111,1.25999999046,-0.298959821463,87.2166519165,0.246027618647,17.5664787292,-0.834405422211,97649.0539551,5.05999994278,-132.799530029,False
19.5,0.006,-0.046,-0.047,0.32361945,0.5687857,11.9444997,3.39999985695,-0.440629333258,0.569999992847,0.579754054546,87.3775787354,0.374368101358,17.5192909241,-1.16239905357,97644.7570801,4.88000011444,-129.141998291,False
19.6,0.01,0.012,-0.033,0.2353596,0.6276256,11.1599677,3.39999985695,-0.440629333258,0.569999992847,0.579754054546,87.3775787354,0.417334973812,17.4993934631,-1.24768912792,97650.1464844,4.88000011444,-129.141998291,False
19.700000000000003,-0.025,0.039,-0.015,0.10787315,0.53936575,10.75789505,4.25,-0.440629333258,-0.0999999940395,0.579754054546,87.3775787354,0.514134526253,17.4360923767,-1.3753606081,97646.7224121,4.63000011444,-124.858093262,False
19.8,0.13,0.038,-0.037,0.0588399,0.40207265,10.9638347,4.51999998093,-0.0162479002029,-0.439999997616,0.612688541412,87.9061737061,0.558084785938,17.376865387,-1.4204839468,97642.4987793,4.5,-124.858093262,False
19.900000000000002,0.126,-0.003,-0.003,0.0,0.32361945,10.2577559,4.51999998093,-0.0162479002029,-0.439999997616,0.612688541412,87.9061737061,0.574554741383,17.3348941803,-1.44030070305,97641.1010742,4.5,-124.858093262,False
20.0,0.212,-0.059,0.012,-0.00980665,0.588399,10.24794925,4.90000009537,-0.0162479002029,-1.05999994278,0.612688541412,87.9061737061,0.587652802467,17.2679786682,-1.47073376179,97634.7717285,4.23000001907,-126.299476624,False
20.1,0.24,-0.052,0.01,-0.08825985,0.46091255,10.58137535,4.90000009537,-0.0162479002029,-1.05999994278,0.612688541412,87.9061737061,0.577571094036,17.2269935608,-1.51232409477,97634.979248,4.23000001907,-126.299476624,False
20.200000000000003,0.023,-0.002,0.017,-0.00980665,0.69627215,11.40513395,4.92999982834,4.56769132614,-1.41999995708,0.969512403011,87.6970291138,0.566350996494,17.1672401428,-1.63302493095,97634.6008301,4.08999967575,-118.528556824,False
20.3,-0.101,0.098,-0.01,-0.08825985,0.4314926,8.5710121,4.92000007629,4.56769132614,-2.18000006676,0.969512403011,87.6970291138,0.550309598446,17.1288261414,-1.64103519917,97633.4289551,3.78999996185,-104.488372803,False
20.400000000000002,-0.082,0.097,-0.021,-0.16671305,0.28439285,7.5707338,4.92000007629,4.56769132614,-2.18000006676,0.969512403011,87.6970291138,0.536335408688,17.0603351593,-1.34446716309,97631.5856934,3.78999996185,-104.488372803,False
20.5,-0.08,0.028,-0.024,-0.12748645,0.1765197,7.3353742,4.94000005722,3.33807086945,-2.42999982834,-0.161189898849,87.59815979,0.523030936718,17.0053043365,-1.0538392067,97627.8747559,3.52999997139,-99.924659729,False
20.6,0.104,0.02,-0.009,-0.16671305,0.24516625,8.83579165,4.90999984741,3.33807086945,-2.54999995232,-0.161189898849,87.59815979,0.496099978685,16.9567832947,-0.900069832802,97625.9277344,3.4399998188,-99.924659729,False
20.700000000000003,0.118,0.016,-0.01,-0.1176798,0.24516625,8.75733845,4.90999984741,3.33807086945,-2.54999995232,-0.161189898849,87.59815979,0.482882201672,16.9440174103,-0.847230792046,97621.9665527,3.4399998188,-99.924659729,False
20.8,0.022,-0.025,0.008,-0.0784532,0.2941995,8.7867584,4.7999997139,3.33807086945,-2.62999987602,-0.161189898849,87.59815979,0.440078616142,16.9065380096,-0.672002971172,97621.5393066,3.36999988556,-92.1394348145,False
20.900000000000002,-0.021,-0.057,0.013,-0.0196133,0.3138128,9.24767095,4.67999982834,4.81089925766,-2.66999983788,-0.22358122468,87.4213256836,0.397292584181,16.8656635284,-0.581636846066,97622.6989746,3.25,-87.3064041138,False
21.0,-0.059,-0.06,-0.006,-0.02941995,0.4118793,9.63993695,4.51999998093,4.81089925766,-2.75,-0.22358122468,87.4213256836,0.37830016017,16.8460788727,-0.551459908485,97620.513916,3.25,-87.3064041138,False
21.1,-0.104,-0.021,-0.001,0.04903325,0.3334261,10.0812362,4.40000009537,4.81089925766,-2.83999991417,-0.22358122468,87.4213256836,0.33993935585,16.7996177673,-0.520876348019,97620.8862305,3.15999984741,-77.3250579834,False
21.200000000000003,-0.112,-0.02,0.003,0.0588399,0.30400615,9.79684335,4.30999994278,4.08758115768,-2.95000004768,0.329768270254,87.2965774536,0.322372764349,16.7825698853,-0.485920161009,97619.1833496,3.15999984741,-77.3250579834,False
21.3,-0.065,0.023,0.004,0.0588399,0.30400615,10.77750835,4.11000013351,4.08758115768,-3.22000002861,0.329768270254,87.2965774536,0.298473000526,16.7448654175,-0.56719827652,97619.8242188,3.06999993324,-78.2062530518,False
21.400000000000002,-0.047,0.066,0.037,0.0196133,0.6276256,9.67916355,4.19000005722,4.08758115768,-3.33999991417,0.329768270254,87.2965774536,0.306500613689,16.7153053284,-0.520071327686,97616.5588379,3.00999999046,-78.2062530518,False
21.5,-0.064,0.088,0.012,-0.02941995,0.6276256,8.4729456,4.2999997139,3.17434310913,-3.36999988556,-0.616869091988,86.7064437866,0.330105215311,16.6989955902,-0.286311179399,97617.5048828,2.96000003815,-72.6581573486,False
21.6,-0.087,0.103,-0.038,-0.04903325,0.6080123,7.26672765,4.42999982834,3.17434310913,-3.25999999046,-0.616869091988,86.7064437866,0.343850851059,16.6905956268,-0.0744367167354,97615.7226562,2.92999982834,-72.6581573486,False
21.700000000000003,-0.111,0.044,-0.04,-0.0196133,0.32361945,7.7668668,4.42999982834,3.17434310913,-3.25999999046,-0.616869091988,86.7064437866,0.355091631413,16.6909675598,0.0703653171659,97617.590332,2.92999982834,-72.6581573486,False
21.8,-0.133,-0.005,-0.028,0.00980665,0.34323275,7.6884136,4.76999998093,3.17434310913,-2.90999984741,-0.616869091988,86.7064437866,0.393646389246,16.6984081268,0.379263907671,97612.6403809,2.96000003815,-65.0365829468,False
21.900000000000002,-0.183,0.025,-0.03,0.0980665,0.30400615,8.20816605,5.0,0.570410788059,-2.66999983788,-2.02482008934,87.2164459229,0.433939248323,16.7109050751,0.612079441547,97613.6901855,3.00999999046,-64.2015457153,False
22.0,-0.051,0.026,-0.014,0.02941995,0.3334261,7.7864801,5.25,0.570410788059,-2.38999986649,-2.02482008934,87.2164459229,0.470907151699,16.7186431885,0.837770581245,97613.5742188,3.06999993324,-64.2015457153,False
22.1,0.125,0.057,-0.006,0.0,0.00980665,8.03164635,5.44999980927,0.570410788059,-2.03999996185,-2.02482008934,87.2164459229,0.487263917923,16.7283210754,0.997253894806,97614.6789551,3.15999984741,-65.3551101685,False
22.200000000000003,0.229,0.063,0.004,-0.0196133,0.2353596,8.4925589,5.58999967575,0.570410788059,-1.68999993801,-2.02482008934,87.2164459229,0.496750056744,16.743686676,1.16595423222,97615.5151367,3.26999998093,-65.3551101685,False
22.3,0.24,-0.003,0.031,-0.0392266,0.28439285,9.20844435,5.6299996376,2.36700248718,-1.33999991417,-3.02232599258,87.1610488892,0.485150277615,16.7649517059,1.23328781128,97616.6320801,3.38999986649,-70.3287124634,False
22.400000000000002,0.182,-0.019,0.038,0.0,0.20593965,9.5712904,5.5,2.36700248718,-1.03999996185,-3.02232599258,87.1610488892,0.437973290682,16.7915077209,1.26138937473,97619.7387695,3.50999999046,-70.3287124634,False
22.5,0.272,-0.056,0.056,0.0784532,0.1765197,10.2185293,5.13000011444,2.36700248718,-0.729999959469,-3.02232599258,87.1610488892,0.341653048992,16.8224124908,1.24455869198,97620.5505371,3.63999986649,-73.7943649292,False
22.6,0.299,-0.106,0.105,0.0784532,-0.2745862,10.9246081,4.36999988556,7.8139591217,-0.489999979734,-2.17105221748,85.9418792725,0.175052687526,16.8565940857,1.13754701614,97620.690918,3.75999999046,-73.7943649292,False
22.700000000000003,0.201,-0.077,0.245,0.0980665,0.2353596,11.2972608,3.50999999046,7.8139591217,-0.299999982119,-2.17105221748,85.9418792725,0.0127980010584,16.8806190491,1.03465878963,97625.9521484,3.86999988556,-76.1871337891,False
22.8,0.148,-0.067,0.24,0.0784532,0.46091255,10.9638347,2.73000001907,7.8139591217,-0.119999997318,-2.17105221748,85.9418792725,-0.122618213296,16.8983764648,0.945407211781,97625.9521484,3.95999979973,-77.6168823242,False
22.900000000000002,-0.056,-0.021,0.209,0.16671305,0.9022118,11.1011278,2.12999987602,7.8139591217,0.00999999977648,-2.17105221748,85.9418792725,-0.22920781374,16.9218025208,0.855583250523,97625.994873,4.03999996185,-77.6168823242,False
23.0,-0.281,-0.036,0.114,0.1765197,1.01008495,11.1403544,2.12999987602,7.8139591217,0.0,-2.17105221748,85.9418792725,-0.284091979265,16.9330883026,0.773394346237,97628.0700684,4.03999996185,-77.6168823242,False
23.1,-0.316,-0.001,0.06,0.1765197,1.08853815,10.7284751,1.42999994755,9.42806243896,0.189999997616,-0.275041162968,81.1795425415,-0.32400894165,16.9385585785,0.670781254768,97631.072998,4.17000007629,-84.8272323608,False
23.200000000000003,-0.3,0.038,-0.049,0.196133,1.06892485,10.3754357,1.42999994755,9.42806243896,0.179999992251,-0.275041162968,81.1795425415,-0.329260021448,16.9400882721,0.651131808758,97629.4616699,4.17000007629,-84.8272323608,False
23.3,-0.246,0.029,-0.105,0.18632635,0.95124505,10.1596894,1.41999995708,9.42806243896,0.409999996424,-0.275041162968,81.1795425415,-0.298029750586,16.9483604431,0.625479221344,97635.6018066,4.27999973297,-85.7192993164,False
23.400000000000002,-0.21,0.076,-0.151,0.08825985,0.77472535,9.36535075,1.55999994278,9.42806243896,0.589999973774,-0.275041162968,81.1795425415,-0.265335649252,16.9593868256,0.682689428329,97634.7961426,4.32999992371,-85.7192993164,False
23.5,-0.124,-0.039,-0.16,0.12748645,0.53936575,9.69877685,1.65999996662,3.46101212502,0.589999973774,-1.53959190845,82.4476776123,-0.250285148621,16.9652137756,0.703755319118,97632.5744629,4.32999992371,-85.7192993164,False
23.6,-0.078,-0.095,-0.129,0.1765197,0.3138128,10.4342756,1.65999996662,3.46101212502,0.77999997139,-1.53959190845,82.4476776123,-0.226333975792,16.9756622314,0.700847625732,97632.7819824,4.40000009537,-78.6754608154,False
23.700000000000003,0.002,-0.11,-0.1,0.16671305,0.2941995,10.64021525,1.79999995232,3.46101212502,1.06999993324,-1.53959190845,82.4476776123,-0.215360864997,16.9849014282,0.641550064087,97633.8623047,4.52999973297,-87.064743042,False
23.8,-0.013,-0.128,-0.057,0.26477955,0.1765197,11.01286795,1.79999995232,2.52488040924,1.06999993324,-0.27043685317,84.7744140625,-0.209416970611,16.9899406433,0.557312488556,97634.8510742,4.52999973297,-87.064743042,False
23.900000000000002,-0.116,-0.105,0.017,0.30400615,0.18632635,12.20927925,1.77999997139,2.52488040924,1.13999998569,-0.27043685317,84.7744140625,-0.210631549358,16.972322464,0.244247108698,97635.2233887,4.61999988556,-87.0077133179,False
24.0,-0.057,-0.08,0.048,0.38245935,0.20593965,12.2583125,1.74000000954,2.52488040924,1.05999994278,-0.27043685317,84.7744140625,-0.21178650856,16.9692077637,0.203614741564,97635.5224609,4.63999986649,-87.0077133179,False
24.1,0.024,-0.087,0.098,0.3530394,0.2745862,11.6699135,1.74000000954,2.52488040924,1.05999994278,-0.27043685317,84.7744140625,-0.195016488433,16.930683136,-0.0693968385458,97639.8742676,4.63999986649,-87.0077133179,False
24.200000000000003,-0.009,-0.104,0.104,0.3334261,0.4511059,11.6306869,1.77999997139,2.04671835899,0.949999988079,1.80869936943,84.1955947876,-0.184160768986,16.8975715637,-0.206356182694,97636.4807129,4.63999986649,-84.3637466431,False
24.3,-0.073,-0.086,0.126,0.40207265,0.5099458,11.7875933,2.00999999046,2.04671835899,0.620000004768,1.80869936943,84.1955947876,-0.127320721745,16.8110733032,-0.462651878595,97637.0910645,4.57999992371,-81.3701629639,False
24.400000000000002,-0.148,0.014,0.114,0.36284605,0.7453054,10.50292215,2.29999995232,2.04671835899,0.459999978542,1.80869936943,84.1955947876,-0.0868076384068,16.7775497437,-0.493386268616,97636.0534668,4.51999998093,-81.3701629639,False
24.5,-0.225,-0.013,0.096,0.40207265,0.6472389,10.3165958,2.29999995232,2.04671835899,0.459999978542,1.80869936943,84.1955947876,0.00824805162847,16.7076625824,-0.539375841618,97639.7155762,4.46000003815,-74.7694015503,False
24.6,-0.097,0.053,0.055,0.3530394,0.784532,9.9439431,2.71000003815,-0.419743150473,0.310000002384,2.8987801075,81.4419784546,0.121653325856,16.6549625397,-0.539257347584,97639.6606445,4.46000003815,-74.7694015503,False
24.700000000000003,0.048,0.031,-0.006,0.32361945,0.63743225,9.6301303,3.28999996185,-0.419743150473,0.170000001788,2.8987801075,81.4419784546,0.220071986318,16.6046829224,-0.486111074686,97636.6516113,4.40000009537,-74.7694015503,False
24.8,0.133,0.004,-0.042,0.38245935,0.4707192,9.5516771,4.31999969482,-0.419743150473,0.0499999970198,2.8987801075,81.4419784546,0.278929769993,16.5719242096,-0.437091767788,97634.552002,4.30999994278,-64.525604248,False
24.900000000000002,0.016,0.059,-0.026,0.30400615,0.6080123,9.0025047,4.31999969482,-0.419743150473,0.0499999970198,2.8987801075,81.4419784546,0.354630172253,16.5294475555,-0.352678835392,97633.4106445,4.26999998093,-56.8096160889,False
25.0,-0.031,0.047,-0.03,0.2549729,0.48052585,9.1986377,5.21000003815,0.553868174553,0.0299999993294,1.79761576653,81.5668640137,0.437676101923,16.4892139435,-0.268676489592,97632.6049805,4.23999977112,-56.8096160889,False
25.1,0.039,0.113,-0.042,0.22555295,0.24516625,8.77695175,5.60999965668,0.553868174553,0.070000000298,1.79761576653,81.5668640137,0.479422390461,16.4702320099,-0.177939161658,97630.9020996,4.21999979019,-51.1194229126,False
25.200000000000003,0.185,0.085,-0.035,0.1765197,0.3334261,8.12971285,5.60999965668,0.553868174553,0.070000000298,1.79761576653,81.5668640137,0.509124815464,16.4547386169,-0.0366335697472,97630.7250977,4.21999979019,-51.1194229126,False
25.3,0.189,0.085,0.002,0.1765197,0.4118793,7.83551335,6.11999988556,2.74807071686,0.370000004768,-0.0731758698821,82.0436859131,0.540855526924,16.4372901917,0.209723874927,97626.7272949,4.21999979019,-38.3359909058,False
25.400000000000002,0.109,0.106,-0.009,0.08825985,0.6668522,8.12971285,6.36999988556,2.74807071686,0.579999983311,-0.0731758698821,82.0436859131,0.571461617947,16.4299373627,0.393603205681,97626.171875,4.25,-37.6129150391,False
25.5,-0.009,0.009,-0.022,0.18632635,0.5099458,9.9635564,6.60999965668,2.74807071686,0.759999990463,-0.0731758698821,82.0436859131,0.595472633839,16.4348373413,0.467557758093,97631.4819336,4.2999997139,-37.6129150391,False
25.6,-0.005,0.051,-0.016,0.32361945,0.63743225,10.6304086,6.78999996185,2.74807071686,0.839999973774,-0.0731758698821,82.0436859131,0.613086521626,16.4749698639,0.414295613766,97628.6071777,4.33999967575,-42.959022522,False
25.700000000000003,0.039,0.085,-0.033,0.2745862,0.61781895,10.22833595,6.78999996185,2.74807071686,0.839999973774,-0.0731758698821,82.0436859131,0.613086521626,16.4749698639,0.414295613766,97630.4382324,4.33999967575,-42.959022522,False
25.8,0.05,0.009,-0.038,0.18632635,0.4707192,9.2574776,6.92000007629,4.3572769165,0.949999988079,-1.9110250473,82.3446655273,0.623535275459,16.5292701721,0.480539649725,97635.4614258,4.38999986649,-42.959022522,False
25.900000000000002,0.093,-0.064,-0.047,0.28439285,0.4511059,10.01258965,7.03999996185,4.3572769165,1.12000000477,-1.9110250473,82.3446655273,0.60169839859,16.5740242004,0.472299665213,97630.859375,4.46999979019,-49.8847961426,False
26.0,0.03,-0.112,-0.013,0.36284605,0.2353596,10.77750835,7.0499997139,4.3572769165,1.23000001907,-1.9110250473,82.3446655273,0.555480480194,16.6184253693,0.401595443487,97634.5031738,4.46999979019,-49.8847961426,False
26.1,0.015,-0.134,0.013,0.38245935,0.4707192,11.15016105,6.73999977112,5.70629405975,1.30999994278,-0.668022334576,82.8701095581,0.498952418566,16.659116745,0.250230967999,97636.9140625,4.5499997139,34.3819618225,False
26.200000000000003,0.028,-0.146,0.037,0.40207265,0.46091255,11.7287534,6.5,5.70629405975,1.26999998093,-0.668022334576,82.8701095581,0.441701114178,16.6749038696,0.0815387740731,97629.9499512,4.55999994278,25.0742912292,False
26.3,0.03,-0.127,0.043,0.46091255,0.46091255,12.46425215,6.26999998093,5.70629405975,1.13999998569,-0.668022334576,82.8701095581,0.392301946878,16.6809902191,-0.0901390463114,97632.421875,4.55999994278,25.0742912292,False
26.400000000000002,-0.009,-0.131,0.049,0.46091255,0.588399,12.2386992,6.26999998093,5.70629405975,1.13999998569,-0.668022334576,82.8701095581,0.330017805099,16.675901413,-0.281577289104,97632.421875,4.55999994278,25.0742912292,False
26.5,-0.077,-0.082,0.048,0.44129925,0.6668522,11.97391965,5.69000005722,5.70629405975,0.680000007153,-0.668022334576,82.8701095581,0.287225812674,16.6586322784,-0.456491947174,97631.9580078,4.46999979019,24.6033668518,False
26.6,-0.103,0.008,0.028,0.3726527,0.69627215,11.2972608,5.51999998093,6.04673147202,0.42999997735,2.48403573036,81.8852996826,0.21618129313,16.6008243561,-0.699835121632,97631.5917969,4.38999986649,24.6455192566,False
26.700000000000003,-0.086,0.057,-0.002,0.30400615,0.6668522,10.26756255,5.44000005722,6.04673147202,0.199999988079,2.48403573036,81.8852996826,0.199933856726,16.5781955719,-0.715870440006,97637.8234863,4.2999997139,24.6455192566,False
26.8,-0.073,0.114,-0.035,0.2941995,0.73549875,9.20844435,5.44000005722,6.04673147202,0.0399999991059,2.48403573036,81.8852996826,0.201718360186,16.557477951,-0.646090805531,97630.480957,4.21999979019,37.4520301819,False
26.900000000000002,-0.056,0.035,-0.046,0.2745862,0.6080123,9.05153795,5.48000001907,6.04673147202,-0.0599999986589,2.48403573036,81.8852996826,0.201126724482,16.5420875549,-0.567565739155,97633.2763672,4.13999986649,37.4520301819,False
27.0,-0.061,0.026,-0.059,0.3138128,0.6668522,9.6693569,5.5499997139,4.68268251419,-0.170000001788,1.09098339081,82.131362915,0.206475809216,16.5287094116,-0.506749331951,97632.0739746,4.06999969482,33.6032867432,False
27.1,-0.063,0.021,-0.06,0.2549729,0.55897905,9.56148375,5.59999990463,4.68268251419,-0.25,1.09098339081,82.131362915,0.20547144115,16.5176734924,-0.454268723726,97629.7241211,4.01999998093,33.6032867432,False
27.200000000000003,-0.033,0.014,-0.064,0.16671305,0.34323275,9.5124505,5.53999996185,4.68268251419,-0.310000002384,1.09098339081,82.131362915,0.199956312776,16.5144119263,-0.445807605982,97628.8330078,4.01999998093,33.6032867432,False
27.3,-0.022,-0.055,-0.044,0.2549729,0.3138128,9.28689755,5.53999996185,4.68268251419,-0.310000002384,1.09098339081,82.131362915,0.186971619725,16.5019378662,-0.37608024478,97631.7077637,3.97000002861,40.115070343,False
27.400000000000002,-0.036,-0.075,-0.014,0.28439285,0.392266,9.52225715,5.38000011444,4.21037960052,-0.409999996424,1.25618517399,83.3130493164,0.144483298063,16.4811668396,-0.314163804054,97625.3723145,3.89999985695,44.1332817078,False
27.5,-0.026,-0.036,0.019,0.38245935,0.3138128,10.7677017,5.38000011444,4.21037960052,-0.409999996424,1.25618517399,83.3130493164,0.125397056341,16.4743022919,-0.322656989098,97629.7790527,3.89999985695,44.1332817078,False
27.6,0.01,0.003,0.076,0.32361945,0.36284605,10.16949605,5.23000001907,4.21037960052,-0.5,1.25618517399,83.3130493164,0.0912822186947,16.4530620575,-0.392662316561,97627.7770996,3.8599998951,44.1332817078,False
27.700000000000003,-0.026,0.054,0.091,0.34323275,0.5099458,9.99297635,5.13000011444,4.21037960052,-0.699999988079,1.25618517399,83.3130493164,0.0906162336469,16.435256958,-0.3991073668,97627.7770996,3.78999996185,45.1705932617,False
27.8,-0.069,0.053,0.105,0.3334261,0.79433865,10.1596894,5.13000011444,4.21037960052,-0.699999988079,1.25618517399,83.3130493164,0.107668325305,16.4278335571,-0.41302254796,97623.0773926,3.78999996185,45.1705932617,False
27.900000000000002,-0.01,0.052,0.056,0.32361945,0.93163175,9.5909037,5.50999975204,3.8753824234,-0.889999985695,1.0372518301,81.8398208618,0.16714964807,16.4105186462,-0.373996883631,97625.8789062,3.70999979973,46.8935012817,False
28.0,0.023,0.099,0.004,0.22555295,0.73549875,8.8455983,5.50999975204,3.8753824234,-0.889999985695,1.0372518301,81.8398208618,0.182372227311,16.4060821533,-0.327464103699,97624.0905762,3.70999979973,46.8935012817,False
28.1,-0.129,0.019,-0.073,0.30400615,0.57859235,9.5124505,5.76999998093,3.8753824234,-0.879999995232,1.0372518301,81.8398208618,0.234927237034,16.3947505951,-0.186241537333,97629.5471191,3.66999983788,55.2253723145,False
28.200000000000003,-0.149,0.024,-0.078,0.34323275,0.5687857,9.7674234,6.48999977112,3.02312254906,-0.909999966621,-0.419035732746,81.8507461548,0.252909183502,16.3997879028,-0.165339455009,97622.9797363,3.62999987602,55.2253723145,False
28.3,-0.114,-0.007,-0.047,0.3334261,0.588399,10.1204628,6.75,3.02312254906,-0.930000007153,-0.419035732746,81.8507461548,0.312183082104,16.4127998352,-0.133170455694,97624.206543,3.61999988556,54.8783302307,False
28.400000000000002,0.128,-7.225416114970001e-18,-0.059,0.34323275,0.18632635,9.0809579,7.09999990463,3.02312254906,-0.899999976158,-0.419035732746,81.8507461548,0.317498534918,16.4267616272,-0.0621436163783,97622.1984863,3.6099998951,53.8944244385,False
28.5,0.199,-0.006,-0.033,0.2353596,0.0588399,9.1986377,7.09999990463,3.02312254906,-0.899999976158,-0.419035732746,81.8507461548,0.301954776049,16.4339580536,0.00637405272573,97625.0671387,3.6099998951,53.8944244385,False
28.6,0.207,0.059,0.033,0.2549729,0.3138128,8.20816605,8.84000015259,4.76911115646,-0.699999988079,-0.749631881714,82.6586227417,0.276875585318,16.447889328,0.213623210788,97620.5505371,3.6099998951,49.783039093,False
28.700000000000003,0.104,0.03,0.059,0.16671305,0.48052585,8.81617835,8.84000015259,4.76911115646,-0.699999988079,-0.749631881714,82.6586227417,0.248289987445,16.4681072235,0.351168245077,97622.6867676,3.6099998951,49.783039093,False
28.8,0.041,-0.044,0.066,0.22555295,0.588399,9.2770909,8.85999965668,4.76911115646,-0.539999961853,-0.749631881714,82.6586227417,0.221470966935,16.4853858948,0.416639447212,97620.4589844,3.63999986649,48.7831115723,False
28.900000000000002,0.011,-0.069,0.049,0.2549729,0.67665885,9.99297635,9.67000007629,4.76911115646,-0.259999990463,-0.749631881714,82.6586227417,0.192287221551,16.5062999725,0.433738827705,97623.2116699,3.72000002861,47.1160888672,False
29.0,-0.012,-0.062,7.59281015471e-18,0.2941995,0.784532,10.4538889,9.76999950409,6.99904727936,-0.179999992251,-0.42424800992,81.4349517822,0.160854741931,16.5205497742,0.38947468996,97621.472168,3.75999999046,46.1995124817,False
29.1,-0.006,-0.017,-0.039,0.3138128,0.8237586,10.2969825,9.76999950409,6.99904727936,-0.179999992251,-0.42424800992,81.4349517822,0.138506039977,16.5292663574,0.364848762751,97625.5859375,3.79999995232,46.1995124817,False
29.200000000000003,0.014,0.003,-0.056,0.2549729,0.67665885,10.26756255,13.9600000381,6.99904727936,-0.0399999991059,-0.42424800992,81.4349517822,0.0933087617159,16.5407791138,0.35084861517,97625.2075195,3.82999992371,42.9926872253,False
29.3,0.059,0.033,-0.058,0.20593965,0.55897905,9.91452315,13.9600000381,6.99904727936,-0.0399999991059,-0.42424800992,81.4349517822,0.0933087617159,16.5407791138,0.35084861517,97622.6989746,3.82999992371,42.9926872253,False
29.400000000000002,0.114,0.078,-0.078,0.20593965,0.65704555,9.6497436,14.1700000763,6.99904727936,0.0299999993294,-0.42424800992,81.4349517822,0.00458427891135,16.5729103088,0.387578099966,97624.0600586,3.87999987602,40.9683227539,False
29.5,0.11,0.123,-0.098,0.2157463,0.8237586,9.0613446,15.8599996567,8.66695404053,0.25,-1.25825357437,82.6812286377,-0.0431266278028,16.6014881134,0.479234039783,97624.3408203,3.90999984741,40.9683227539,False
29.6,0.146,0.028,-0.12,0.14709975,0.67665885,8.71811185,16.0299987793,8.66695404053,0.449999988079,-1.25825357437,82.6812286377,-0.122721917927,16.643863678,0.623620212078,97624.21875,3.94999980927,31.9939613342,False
29.700000000000003,0.146,-0.025,-0.133,0.20593965,0.5295591,9.1397978,16.0299987793,8.66695404053,0.449999988079,-1.25825357437,82.6812286377,-0.185655027628,16.6701831818,0.672280967236,97630.3283691,3.94999980927,31.9939613342,False
29.8,0.195,-0.067,-0.133,0.196133,0.57859235,9.58109705,22.0200004578,8.66695404053,0.8599999547,-1.25825357437,82.6812286377,-0.338078528643,16.7277393341,0.71667021513,97627.5756836,4.06999969482,26.2380599976,False
29.900000000000002,0.246,-0.067,-0.122,0.2353596,0.51975245,10.24794925,22.0200004578,8.66695404053,0.870000004768,-1.25825357437,82.6812286377,-0.512125909328,16.7769165039,0.701453983784,97627.8564453,4.06999969482,26.2380599976,False
30.0,0.229,0.015,-0.089,0.2353596,0.44129925,10.28717585,23.3899993896,14.3116569519,1.03999996185,-1.82153892517,86.0650253296,-0.6282812953,16.8080310822,0.694711744785,97627.520752,4.13999986649,26.2380599976,False
30.1,0.196,-0.026,-0.076,0.26477955,0.53936575,10.11065615,23.2299995422,14.3116569519,1.39999997616,-1.82153892517,86.0650253296,-0.920200407505,16.8797969818,0.696369111538,97630.0354004,4.26999998093,20.0912475586,False
30.200000000000003,0.122,-0.102,-0.07,0.2941995,0.6276256,10.5715687,23.2399997711,14.3116569519,1.39999997616,-1.82153892517,86.0650253296,-1.01135993004,16.9005374908,0.682166874409,97629.1381836,4.26999998093,20.0912475586,False
30.3,0.107,-0.078,-0.082,0.3726527,0.784532,10.99325465,28.5599994659,14.3116569519,1.65999996662,-1.82153892517,86.0650253296,-1.40203726292,16.9777908325,0.582940101624,97632.4951172,4.38999986649,9.01861190796,False
30.400000000000002,0.212,-0.075,-0.121,0.3334261,0.63743225,10.4735022,28.5699996948,18.37449646,1.66999995708,-1.27180695534,88.1632614136,-1.55786156654,17.0049514771,0.567231416702,97635.1623535,4.38999986649,9.01861190796,False
30.5,0.276,-0.029,-0.135,0.38245935,0.8433719,10.42446895,29.7799987793,18.37449646,1.80999994278,-1.27180695534,88.1632614136,-1.78132283688,17.0387783051,0.542541563511,97636.3830566,4.44000005722,-6.55660629272,False
30.6,0.324,-0.021,-0.16,0.2941995,0.63743225,9.81645665,29.6599998474,18.37449646,1.9699999094,-1.27180695534,88.1632614136,-2.18470048904,17.0930194855,0.596120178699,97631.9091797,4.48999977112,-5.55667877197,False
30.700000000000003,0.265,-0.024,-0.149,0.26477955,0.7256921,9.36535075,34.2399978638,18.37449646,2.41999983788,-1.27180695534,88.1632614136,-2.55757904053,17.1274623871,0.723926305771,97634.4726562,4.59999990463,-6.67114257812,False
30.8,0.28,-0.104,-0.17,0.2157463,0.85317855,9.1790244,34.2399978638,18.37449646,2.44000005722,-1.27180695534,88.1632614136,-2.67889046669,17.1386146545,0.777469873428,97639.4836426,4.59999990463,-6.67114257812,False
30.900000000000002,0.204,-0.142,-0.204,0.36284605,0.8825985,10.2185293,34.2399978638,25.8638515472,2.75999999046,-1.89749336243,91.8188705444,-3.17345309258,17.16837883,0.894074440002,97637.677002,4.67000007629,8.59212875366,False
31.0,0.156,-0.182,-0.212,0.392266,0.89240515,10.73828175,36.2599983215,25.8638515472,3.04999995232,-1.89749336243,91.8188705444,-3.41821980476,17.1782855988,0.903092384338,97637.677002,4.75,8.59212875366,False
31.1,0.145,-0.193,-0.233,0.392266,0.75511205,10.8853815,38.7099990845,25.8638515472,3.55999994278,-1.89749336243,91.8188705444,-4.14212465286,17.1654891968,0.897618830204,97644.4458008,4.92999982834,0.280094146729,False
31.200000000000003,0.218,-0.179,-0.233,0.4314926,0.8237586,10.83634825,38.5,30.695224762,3.8599998951,-0.997808456421,97.809387207,-4.59923315048,17.13904953,0.90935331583,97646.875,5.01999998093,-15.3759002686,False
31.3,0.163,-0.252,-0.243,0.51975245,0.91201845,11.64049355,38.0900001526,30.695224762,4.11000013351,-0.997808456421,97.809387207,-5.11549091339,17.0882835388,0.861998438835,97652.3986816,5.11999988556,-15.3759002686,False
31.400000000000002,0.166,-0.181,-0.239,0.5491724,0.87279185,11.76798,39.5799980164,30.695224762,4.38000011444,-0.997808456421,97.809387207,-5.78444719315,16.9986896515,0.808787822723,97646.3745117,5.21000003815,-34.2599868774,False
31.5,0.214,-0.176,-0.229,0.6276256,1.2160246,12.01314625,39.5799980164,30.695224762,4.38999986649,-0.997808456421,97.809387207,-6.00976228714,16.966632843,0.788884580135,97646.105957,5.21000003815,-34.2599868774,False
31.6,0.083,-0.222,-0.256,0.69627215,1.1571847,11.52281375,39.0699996948,30.695224762,4.63000011444,-0.997808456421,97.809387207,-6.56248140335,16.8731040955,0.743481397629,97651.8127441,5.2999997139,-34.2599868774,False
31.700000000000003,0.066,-0.201,-0.295,0.6668522,1.14737805,11.73856005,42.2700004578,35.2627258301,4.85999965668,-0.0297567863017,104.81893158,-7.02920913696,16.7775878906,0.718880593777,97651.184082,5.38999986649,-33.0413818359,False
31.8,0.122,-0.206,-0.329,0.69627215,1.04931155,11.4541672,41.469997406,35.2627258301,5.32999992371,-0.0297567863017,104.81893158,-7.96036338806,16.552362442,0.709621667862,97652.0141602,5.5499997139,-54.344367981,False
31.900000000000002,0.139,-0.385,-0.295,0.8629852,0.980665,12.95458465,41.469997406,35.2627258301,5.34999990463,-0.0297567863017,104.81893158,-8.49170684814,16.3943023682,0.650174260139,97658.0993652,5.5499997139,-54.344367981,False
32.0,0.147,-0.342,-0.27,1.0002783,1.0198916,13.66066345,41.7299995422,38.047492981,5.53999996185,0.608620107174,113.129928589,-9.05561637878,16.1992092133,0.540206849575,97655.8105469,5.61999988556,-54.344367981,False
32.1,0.092,-0.357,-0.244,1.08853815,1.08853815,13.75872995,39.8199996948,38.047492981,5.75,0.608620107174,113.129928589,-10.0651159286,15.7890825272,0.341472685337,97655.8105469,5.73999977112,-72.2925186157,False
32.2,0.011,-0.263,-0.226,1.10815145,1.14737805,13.4743371,39.8099975586,38.047492981,5.75,0.608620107174,113.129928589,-10.6250743866,15.5345010757,0.237376540899,97660.2172852,5.73999977112,-72.2925186157,False
32.300000000000004,0.047,-0.303,-0.237,1.10815145,1.20621795,13.4351105,42.0200004578,38.047492981,5.86999988556,0.608620107174,113.129928589,-11.4456701279,15.1111898422,0.0894825160503,97659.2895508,5.80999994278,-94.4090881348,False
32.4,0.03,-0.268,-0.245,1.1964113,1.3925443,13.54298365,42.0699996948,40.7218971252,5.90000009537,2.87867975235,123.455055237,-11.98624897,14.8056755066,-0.0138694411144,97666.7724609,5.82999992371,-110.384841919,False
32.5,0.012,-0.218,-0.262,1.0591182,1.3337044,12.6701918,42.0699996948,40.7218971252,5.90000009537,2.87867975235,123.455055237,-12.6002759933,14.4323406219,-0.0724017247558,97658.203125,5.82999992371,-110.384841919,False
32.6,0.017,-0.282,-0.319,1.0787315,1.40235095,11.95430635,41.2599983215,40.7218971252,5.94000005722,2.87867975235,123.455055237,-13.0602760315,14.12550354,-0.0861925110221,97665.1489258,5.83999967575,-109.384918213,False
32.7,0.002,-0.24,-0.339,0.980665,1.2552512,12.01314625,43.9899978638,40.7218971252,6.01999998093,2.87867975235,123.455055237,-13.7468662262,13.624710083,-0.0909548476338,97660.168457,5.84999990463,-124.915313721,False
32.800000000000004,0.015,-0.235,-0.367,1.0591182,1.08853815,11.71894675,43.3699989319,41.7899742126,6.09999990463,2.45576429367,131.188400269,-14.3015232086,13.1882724762,-0.0739764422178,97660.8154297,5.84999990463,-125.915237427,False
32.9,0.057,-0.321,-0.37,1.0591182,1.1571847,12.3759923,43.4199981689,41.7899742126,6.21999979019,2.45576429367,131.188400269,-14.9833402634,12.5982284546,-0.090907767415,97659.2712402,5.8799996376,-155.695526123,False
33.0,0.061,-0.315,-0.348,1.10815145,1.10815145,13.3566573,44.0099983215,41.7899742126,6.35999965668,2.45576429367,131.188400269,-15.5507526398,12.043422699,-0.137176781893,97660.760498,5.88999986649,-180.327026367,False
33.1,-0.02,-0.243,-0.331,1.1571847,1.16699135,12.69961175,43.1800003052,41.7899742126,6.39999961853,2.45576429367,131.188400269,-16.0896816254,11.5003328323,-0.144876226783,97659.8266602,5.88999986649,-180.327026367,False
33.2,-0.036,-0.248,-0.353,1.2160246,1.1375714,12.356379,43.1800003052,41.7899742126,6.40999984741,2.45576429367,131.188400269,-16.3928585052,11.1736307144,-0.135012403131,97665.3076172,5.88999986649,-180.327026367,False
33.300000000000004,-0.034,-0.337,-0.345,1.20621795,1.12776475,12.5132854,42.1499977112,43.5004920959,6.5499997139,1.78044986725,143.03968811,-17.1077842712,10.3590717316,-0.126802623272,97669.1101074,5.90999984741,-200.440979004,False
33.4,-0.069,-0.319,-0.339,1.176798,1.0983448,12.79767825,41.0900001526,43.5004920959,6.60999965668,1.78044986725,143.03968811,-17.3037986755,10.1107645035,-0.136255726218,97662.109375,5.92000007629,-206.125259399,False
33.5,-0.034,-0.344,-0.325,1.3140911,1.1375714,13.32723735,40.4599990845,43.5004920959,6.64999961853,1.78044986725,143.03968811,-18.0583457947,9.04487133026,-0.209407955408,97658.6303711,5.92999982834,-206.125259399,False
33.6,-0.034,-0.344,-0.325,1.3140911,1.1375714,13.32723735,39.0799980164,43.5004920959,6.69000005722,1.78044986725,143.03968811,-18.0583457947,9.04487133026,-0.209407955408,97658.6303711,5.92999982834,-224.552444458,False
33.7,-0.005,-0.345,-0.29,1.22583125,1.1179581,13.77834325,39.0799980164,43.6554832458,6.69000005722,2.12249970436,153.589599609,-18.6478099823,8.0459318161,-0.270837187767,97663.7695312,5.92999982834,-224.552444458,False
33.800000000000004,-0.146,-0.342,-0.276,1.1964113,1.22583125,13.03303785,37.4399986267,43.6554832458,6.69000005722,2.12249970436,153.589599609,-19.0273399353,7.30320882797,-0.344401866198,97670.1293945,5.92999982834,-224.552444458,False
33.9,-0.131,-0.322,-0.324,1.16699135,1.32389775,12.6505785,35.8800010681,43.6554832458,6.67000007629,2.12249970436,153.589599609,-19.3510742188,6.58797264099,-0.403871119022,97660.6384277,5.92000007629,-249.02772522,False
34.0,-0.179,-0.301,-0.33,1.1964113,1.1179581,12.7094184,34.0999984741,43.0863609314,6.63999986649,2.76491785049,159.974365234,-19.6346206665,5.87597131729,-0.430127173662,97660.949707,5.90000009537,-248.027801514,False
34.1,-0.179,-0.234,-0.318,1.0787315,1.176798,12.60154525,32.2000007629,43.0863609314,6.6299996376,2.76491785049,159.974365234,-19.8850841522,5.1602101326,-0.464183241129,97660.3210449,5.88999986649,-259.38168335,False
34.2,-0.184,-0.347,-0.301,1.01008495,1.12776475,12.66038515,27.8400001526,43.0863609314,6.55999994278,2.76491785049,159.974365234,-20.1974716187,4.01679229736,-0.51720815897,97660.5224609,5.83999967575,-271.26675415,False
34.300000000000004,-0.18,-0.394,-0.298,0.91201845,0.97085835,13.26839745,25.1599998474,40.5610122681,6.53999996185,3.27685499191,168.843139648,-20.3070297241,3.40594363213,-0.606798648834,97659.3322754,5.80999994278,-271.26675415,False
34.4,-0.261,-0.429,-0.285,0.9414384,1.10815145,14.5530686,25.1499996185,40.5610122681,6.42000007629,3.27685499191,168.843139648,-20.4083366394,2.59801506996,-0.787736415863,97663.4033203,5.80999994278,-271.26675415,False
34.5,-0.237,-0.411,-0.264,1.1964113,1.16699135,14.8864947,22.0200004578,40.5610122681,6.23000001907,3.27685499191,168.843139648,-20.4488639832,1.75967919827,-1.04158949852,97658.5754395,5.69000005722,-284.71697998,False
34.6,-0.366,-0.438,-0.298,1.1571847,1.12776475,15.38663385,14.8399991989,40.5610122681,5.48000001907,3.27685499191,168.843139648,-20.420879364,0.941200017929,-1.34477889538,97658.7036133,5.69000005722,-284.71697998,False
34.7,-0.411,-0.357,-0.276,1.12776475,0.9022118,15.3572139,10.8899993896,40.5610122681,4.94999980927,3.27685499191,168.843139648,-20.3021373749,-0.0205968990922,-1.72403943539,97652.911377,5.44999980927,-275.520507812,False
34.800000000000004,-0.4,-0.26,-0.258,0.83356525,1.0395049,14.0038962,10.8800001144,33.9139900208,4.92000007629,7.73015785217,-177.96711731,-20.2079811096,-0.455617815256,-1.91131675243,97652.911377,5.44999980927,-275.520507812,False
34.9,-0.416,-0.254,-0.255,0.81395195,0.93163175,13.8469898,7.17999982834,33.9139900208,4.30999994278,7.73015785217,-177.96711731,-19.9780254364,-1.23558723927,-2.20921468735,97645.6359863,5.07999992371,-267.089477539,False
35.0,-0.578,-0.228,-0.197,0.6668522,0.89240515,13.8666031,3.73000001907,33.9139900208,3.62999987602,7.73015785217,-177.96711731,-19.7400512695,-1.81708168983,-2.47101831436,97643.5913086,5.07999992371,-267.089477539,False
35.1,-0.606,-0.218,-0.18,0.63743225,0.7453054,13.60182355,-2.34999990463,33.9139900208,2.05999994278,7.73015785217,-177.96711731,-19.4149093628,-2.38358068466,-2.78459119797,97639.3737793,4.56999969482,-226.2628479,False
35.2,-0.611,-0.188,-0.201,0.5295591,0.81395195,13.0624578,-4.7999997139,23.8413581848,1.14999997616,10.3126163483,-170.917022705,-19.1318283081,-2.76004457474,-3.00773978233,97633.8806152,4.27999973297,-182.197753906,False
35.300000000000004,-0.608,-0.106,-0.161,0.46091255,0.8237586,12.50347875,-6.73999977112,23.8413581848,0.189999997616,10.3126163483,-170.917022705,-18.8550662994,-3.02793955803,-3.18349027634,97628.8085938,3.94999980927,-182.197753906,False
35.4,-0.604,-0.015,-0.169,0.3726527,0.75511205,11.30706745,-6.73999977112,23.8413581848,0.170000001788,10.3126163483,-170.917022705,-18.7514648438,-3.10779190063,-3.23251461983,97621.3317871,3.94999980927,-182.197753906,False
35.5,-0.604,-0.015,-0.169,0.3726527,0.75511205,11.30706745,-8.1799993515,23.8413581848,-0.769999980927,10.3126163483,-170.917022705,-18.5473842621,-3.22857379913,-3.30444073677,97621.3317871,3.59999990463,-153.742401123,False
35.6,-0.53,0.115,-0.132,0.14709975,0.46091255,8.7867584,-9.28999996185,23.8413581848,-1.70999991894,10.3126163483,-170.917022705,-18.2171478271,-3.34248304367,-3.22009587288,97608.4655762,3.25,-153.742401123,False
35.7,-0.527,0.107,-0.114,0.0980665,0.50013915,8.54159215,-10.6399993896,8.73554992676,-3.25999999046,9.4177646637,-166.285430908,-18.0195045471,-3.35165023804,-3.03243732452,97608.4655762,2.54999995232,-119.234657288,False
35.800000000000004,-0.472,0.099,-0.086,0.0784532,0.3726527,8.1395195,-10.6499996185,8.73554992676,-3.26999998093,9.4177646637,-166.285430908,-17.8805027008,-3.31972813606,-2.83688569069,97603.3630371,2.54999995232,-119.234657288,False
35.9,-0.452,0.086,-0.069,0.0392266,0.4511059,7.9433865,-11.2100000381,8.73554992676,-4.61999988556,9.4177646637,-166.285430908,-17.7587738037,-3.25843882561,-2.62283873558,97597.7539062,1.91999995708,-89.0270233154,False
36.0,-0.362,0.086,-0.038,0.00980665,0.2353596,7.83551335,-11.3099994659,8.73554992676,-5.17000007629,9.4177646637,-166.285430908,-17.6538200378,-3.17821931839,-2.39512085915,97593.6462402,1.63999998569,-56.2223434448,False
36.1,-0.275,0.191,-0.005,-0.0588399,0.3138128,7.4334407,-11.279999733,8.73554992676,-5.65000009537,9.4177646637,-166.285430908,-17.5621528625,-3.08028101921,-2.14213728905,97585.8703613,1.37999999523,-56.2223434448,False
36.2,-0.258,0.185,0.006,-0.08825985,0.32361945,6.85484835,-11.1999998093,-1.84825539589,-6.01999998093,6.18558597565,-164.997772217,-17.4983100891,-2.96950531006,-1.81455552578,97586.0473633,1.14999997616,-35.0397109985,False
36.300000000000004,-0.242,0.26,-0.011,-0.0784532,0.30400615,6.4920023,-11.0500001907,-1.84825539589,-6.27999973297,6.18558597565,-164.997772217,-17.4470157623,-2.85950660706,-1.46774363518,97581.9091797,0.959999978542,-35.0397109985,False
36.4,-0.119,0.158,-0.001,-0.1569064,0.0980665,6.7469752,-10.9399995804,-1.84825539589,-6.46999979019,6.18558597565,-164.997772217,-17.4113674164,-2.75604653358,-1.13754940033,97580.456543,0.789999961853,-31.0857772827,False
36.5,-0.135,0.15,0.034,-0.0588399,0.0392266,6.7665885,-10.9499998093,-5.02260875702,-6.46999979019,2.42652726173,-164.904968262,-17.3987026215,-2.71731925011,-0.997827768326,97578.6621094,0.789999961853,-31.0857772827,False
36.6,-0.135,0.122,0.09,-0.14709975,0.0980665,7.3746008,-10.8199996948,-5.02260875702,-6.58999967575,2.42652726173,-164.904968262,-17.3787460327,-2.61173725128,-0.706642746925,97575.6408691,0.669999957085,-31.0857772827,False
36.7,-0.124,0.094,0.113,-0.10787315,0.28439285,7.4726673,-10.3199996948,-5.02260875702,-6.69000005722,2.42652726173,-164.904968262,-17.3761062622,-2.4070186615,-0.270127445459,97572.0275879,0.509999990463,-15.6650543213,False
36.800000000000004,-0.12,0.063,0.115,-0.10787315,0.1765197,7.75706015,-9.98999977112,-5.02260875702,-6.69000005722,2.42652726173,-164.904968262,-17.3838386536,-2.26777029037,-0.0360858477652,97572.3754883,0.459999978542,-15.6650543213,False
36.9,-0.138,0.028,0.128,-0.06864655,0.2549729,8.6102387,-9.51000022888,-7.74986124039,-6.67999982834,-0.309156030416,-167.104736328,-17.3995819092,-2.10676622391,0.124425061047,97571.0083008,0.42999997735,-2.05745697021,False
37.0,-0.129,0.038,0.127,-0.06864655,0.2353596,8.7475318,-9.51000022888,-7.74986124039,-6.67999982834,-0.309156030416,-167.104736328,-17.4104404449,-2.04141163826,0.181414186954,97570.8129883,0.42999997735,-2.05745697021,False
37.1,-0.106,0.04,0.138,-0.0392266,0.28439285,8.89463155,-8.30000019073,-7.74986124039,-6.65999984741,-0.309156030416,-167.104736328,-17.4454097748,-1.75299811363,0.410930484533,97572.1984863,0.419999986887,6.75563812256,False
37.2,-0.066,0.064,0.144,-0.0588399,0.30400615,8.69849855,-8.30000019073,-7.74986124039,-6.65999984741,-0.309156030416,-167.104736328,-17.4595165253,-1.68327331543,0.47183907032,97573.8952637,0.419999986887,6.75563812256,False
37.300000000000004,-0.027,0.072,0.149,-0.00980665,0.2353596,8.5317855,-6.84999990463,-9.55858039856,-6.50999975204,-1.67523944378,-169.706710815,-17.5111808777,-1.38225209713,0.704622030258,97572.442627,0.449999988079,1.89657211304,False
37.4,-0.05,0.054,0.152,-0.0392266,0.3138128,8.63965865,-6.84999990463,-9.55858039856,-6.50999975204,-1.67523944378,-169.706710815,-17.5284976959,-1.31019592285,0.781706809998,97573.4924316,0.449999988079,1.89657211304,False
37.5,-0.014,-0.013,0.149,0.0,0.38245935,9.5320638,-6.06999969482,-9.55858039856,-6.38999986649,-1.67523944378,-169.706710815,-17.577709198,-1.07114326954,0.921306431293,97574.420166,0.489999979734,1.89657211304,False
37.6,-0.014,0.012,0.152,0.0196133,0.4707192,9.7478101,-4.17000007629,-9.79393100739,-6.17000007629,-3.21450805664,-173.125961304,-17.6205730438,-0.89971023798,0.967248618603,97573.6999512,0.610000014305,9.61389541626,False
37.7,0.072,0.023,0.119,-0.02941995,0.5491724,9.4339973,-4.17000007629,-9.79393100739,-6.17999982834,-3.21450805664,-173.125961304,-17.6994857788,-0.589996516705,1.05265879631,97580.1513672,0.610000014305,9.61389541626,False
37.800000000000004,0.06,-0.001,0.085,-0.02941995,0.5687857,9.22805765,-2.13999986649,-9.79393100739,-5.86999988556,-3.21450805664,-173.125961304,-17.7284946442,-0.466030359268,1.10443067551,97580.1513672,0.75,11.7088317871,False
37.9,0.046,-0.043,0.071,0.02941995,0.3530394,9.6889702,-2.13999986649,-9.79393100739,-5.86999988556,-3.21450805664,-173.125961304,-17.8113460541,-0.159692123532,1.20739650726,97578.2104492,0.829999983311,-3.87077331543,False
38.0,0.116,-0.049,0.087,0.08825985,0.2549729,10.2969825,-1.16999995708,-9.79393100739,-5.71000003815,-3.21450805664,-173.125961304,-17.8347396851,-0.0888934880495,1.21033203602,97586.3464355,0.829999983311,-3.87077331543,False
38.1,0.139,0.01,0.133,0.02941995,0.3334261,10.5323421,0.620000004768,-7.89370107651,-5.46999979019,-3.52465844154,-175.558258057,-17.88904953,0.0855917781591,1.15826332569,97581.842041,1.00999999046,-0.631141662598,False
38.2,0.122,0.055,0.146,0.0,0.3138128,9.60071035,0.620000004768,-7.89370107651,-5.46999979019,-3.52465844154,-175.558258057,-17.9411315918,0.244109541178,1.17170739174,97582.0739746,1.00999999046,-0.631141662598,False
38.300000000000004,0.102,0.031,0.142,0.0,0.4118793,9.6497436,2.25999999046,-5.30458068848,-5.09999990463,-4.29687070847,-177.917190552,-18.015247345,0.471407800913,1.25828146935,97589.1601562,1.19999992847,-7.56053924561,False
38.400000000000006,0.094,0.025,0.145,-0.00980665,0.5687857,9.36535075,2.25999999046,-5.30458068848,-5.09999990463,-4.29687070847,-177.917190552,-18.0449504852,0.553329706192,1.30473554134,97584.8327637,1.19999992847,-7.56053924561,False
38.5,0.051,-0.043,0.118,-0.00980665,0.67665885,9.97336305,3.98000001907,-5.30458068848,-4.88999986649,-4.29687070847,-177.917190552,-18.0919380188,0.67707836628,1.3214097023,97587.512207,1.29999995232,-18.6508178711,False
38.6,0.054,-0.02,0.066,-0.0392266,0.7060788,10.0420096,3.98000001907,-5.30458068848,-4.67999982834,-4.29687070847,-177.917190552,-18.1544532776,0.855828225613,1.33202385902,97590.246582,1.39999997616,-18.6508178711,False
38.7,0.054,0.026,0.023,0.04903325,0.6276256,9.80665,5.73000001907,-5.30458068848,-4.25,-4.29687070847,-177.917190552,-18.2301902771,1.04408323765,1.35763180256,97596.1303711,1.62000000477,-23.4479904175,False
38.800000000000004,0.06,0.009,0.011,-0.04903325,0.57859235,9.6497436,5.71999979019,-2.96744370461,-4.25,-4.63849020004,179.562545776,-18.2493743896,1.0921984911,1.37042081356,97597.7416992,1.62000000477,-23.4479904175,False
38.900000000000006,0.072,-0.003,0.005,0.02941995,0.57859235,9.67916355,6.48999977112,-2.96744370461,-4.0,-4.63849020004,179.562545776,-18.3257064819,1.2503567934,1.40765655041,97596.5698242,1.74000000954,-23.4479904175,False
39.0,0.139,0.033,-0.001,0.0588399,0.59820565,9.79684335,7.25999975204,-2.96744370461,-3.73000001907,-4.63849020004,179.562545776,-18.3993759155,1.36395657063,1.42218196392,97598.5229492,1.86000001431,-22.0943450928,False
39.1,0.161,-0.001,-0.003,0.06864655,0.6276256,10.2577559,7.94000005722,-2.96744370461,-3.46000003815,-4.63849020004,179.562545776,-18.422000885,1.39561271667,1.42812490463,97596.9360352,1.99000000954,-22.0943450928,False
39.2,0.169,0.035,-0.011,0.0,0.48052585,9.73800345,8.55999946594,0.539077162743,-3.1899998188,-5.1075220108,179.306625366,-18.4935798645,1.4697149992,1.4461864233,97601.8127441,2.11999988556,-31.8252563477,False
39.300000000000004,0.199,0.032,-0.02,-0.0196133,0.4314926,9.4732239,9.39999961853,0.539077162743,-2.58999991417,-5.1075220108,179.306625366,-18.5882339478,1.50548791885,1.50843477249,97604.4433594,2.38999986649,-50.0131607056,False
39.400000000000006,0.112,-0.053,0.002,0.0784532,0.42168595,10.0420096,9.67000007629,0.539077162743,-2.27999997139,-5.1075220108,179.306625366,-18.6747722626,1.51322591305,1.51521039009,97608.3740234,2.51999998093,-50.0131607056,False
39.5,0.15,-0.075,0.01,0.0784532,0.4314926,10.50292215,9.85999965668,0.539077162743,-1.99000000954,-5.1075220108,179.306625366,-18.7325458527,1.50275290012,1.4723918438,97611.6943359,2.66999983788,-62.5495910645,False
39.6,0.186,-0.091,0.004,0.2157463,0.50013915,11.2188076,9.85999965668,4.56584644318,-1.97999989986,-4.63580131531,179.211364746,-18.7612323761,1.48778986931,1.42564082146,97612.2314453,2.66999983788,-62.5495910645,False
39.7,0.112,-0.107,0.008,0.14709975,0.42168595,11.2188076,9.85999965668,4.56584644318,-1.52999997139,-4.63580131531,179.211364746,-18.8710460663,1.39983403683,1.24387896061,97612.2314453,2.9399998188,-68.8966751099,False
39.800000000000004,0.107,-0.132,0.014,0.1569064,0.51975245,11.18938765,9.85999965668,4.56584644318,-1.52999997139,-4.63580131531,179.211364746,-18.8927402496,1.37128913403,1.20149338245,97619.3664551,2.9399998188,-68.8966751099,False
39.900000000000006,-0.01,-0.069,-0.008,0.24516625,0.38245935,11.1207411,9.71000003815,4.56584644318,-1.32999992371,-4.63580131531,179.211364746,-18.9439563751,1.29195928574,1.07918810844,97619.9951172,3.04999995232,-68.8966751099,False
40.0,0.043,-0.072,0.02,0.24516625,0.44129925,11.26784085,9.43999958038,7.04394102097,-1.17999994755,-2.61725926399,179.067459106,-18.9928627014,1.19563388824,0.965185642242,97619.354248,3.15999984741,-92.9029464722,False
40.1,0.081,-0.079,0.044,0.22555295,0.4707192,11.34629405,8.80999946594,7.04394102097,-0.949999988079,-2.61725926399,179.067459106,-19.0555839539,1.04967260361,0.732034265995,97619.8730469,3.33999991417,-96.3315963745,False
40.2,0.049,-0.054,0.041,0.2157463,0.69627215,11.11093445,8.48999977112,7.04394102097,-0.870000004768,-2.61725926399,179.067459106,-19.0825271606,0.95918995142,0.619364082813,97621.9726562,3.40999984741,-96.3315963745,False
40.300000000000004,0.012,0.005,0.024,0.22555295,0.61781895,10.62060195,8.14999961853,7.04394102097,-0.77999997139,-2.61725926399,179.067459106,-19.1024112701,0.874642312527,0.560400307178,97622.6318359,3.47000002861,-109.630203247,False
40.400000000000006,-0.014,0.026,-0.001,0.10787315,0.7256921,9.75761675,8.14999961853,7.04394102097,-0.77999997139,-2.61725926399,179.067459106,-19.1122112274,0.831707239151,0.561925768852,97628.1921387,3.47000002861,-109.630203247,False
40.5,-0.126,-0.015,-0.033,0.1569064,0.77472535,10.13026945,7.73000001907,8.71531772614,-0.509999990463,-1.5500357151,178.115447998,-19.1347007751,0.748265981674,0.57004994154,97625.0610352,3.58999991417,-120.096969604,False
40.6,-0.05,-0.031,-0.072,0.14709975,0.79433865,10.4538889,7.73000001907,8.71531772614,-0.509999990463,-1.5500357151,178.115447998,-19.1414813995,0.72674292326,0.556704163551,97624.2492676,3.58999991417,-120.096969604,False
40.7,-0.041,-0.056,-0.086,0.1569064,0.75511205,10.48330885,7.2999997139,8.71531772614,-0.259999990463,-1.5500357151,178.115447998,-19.1703739166,0.630678117275,0.500274837017,97626.5991211,3.70999979973,-122.105026245,False
40.800000000000004,-0.045,-0.048,-0.091,0.04903325,0.65704555,10.38524235,7.06999969482,8.71531772614,-0.149999991059,-1.5500357151,178.115447998,-19.1741428375,0.573847532272,0.482390880585,97629.4494629,3.76999998093,-122.105026245,False
40.900000000000006,-0.037,0.03,-0.127,0.0588399,0.61781895,10.20872265,6.85999965668,7.69385099411,-0.019999999553,-1.27132928371,179.636474609,-19.1786842346,0.554787755013,0.476796418428,97627.3254395,3.81999993324,-128.501312256,False
41.0,0.011,-0.041,-0.121,0.0392266,0.42168595,9.9243298,6.85999965668,7.69385099411,-0.019999999553,-1.27132928371,179.636474609,-19.1876525879,0.44938993454,0.479604482651,97630.5053711,3.81999993324,-128.501312256,False
41.1,-0.011,-0.041,-0.058,0.08825985,0.55897905,9.9635564,6.34999990463,7.69385099411,0.280000001192,-1.27132928371,179.636474609,-19.1904811859,0.388450205326,0.509736180305,97629.1564941,3.9399998188,-131.866836548,False
41.2,-0.032,-0.081,-0.061,0.12748645,0.4707192,10.4538889,6.34999990463,7.94467639923,0.280000001192,-1.28868758678,-178.639984131,-19.2017040253,0.296274840832,0.485100209713,97630.4016113,3.9399998188,-131.866836548,False
41.300000000000004,-0.061,-0.028,-0.032,0.1765197,0.4118793,10.6892485,5.98000001907,7.94467639923,0.409999996424,-1.28868758678,-178.639984131,-19.2103900909,0.215760529041,0.427830964327,97631.7871094,4.0,-131.866836548,False
41.400000000000006,-0.005,-0.014,-0.032,0.1569064,0.53936575,10.69905515,6.78999996185,7.94467639923,0.519999980927,-1.28868758678,-178.639984131,-19.2152061462,0.149441987276,0.379810422659,97628.9611816,4.0499997139,-133.335296631,False
41.5,-0.055,-0.05,0.001,0.1569064,0.51975245,9.8851032,6.09999990463,7.94467639923,0.699999988079,-1.28868758678,-178.639984131,-19.2225761414,0.0250572506338,0.352967083454,97630.3344727,4.15000009537,-136.225311279,False
41.6,-0.052,-0.065,0.001,0.18632635,0.588399,9.75761675,6.09999990463,7.94467639923,0.699999988079,-1.28868758678,-178.639984131,-19.2236061096,0.0140897929668,0.361414253712,97634.4970703,4.15000009537,-136.225311279,False
41.7,-0.075,-0.116,-0.017,0.2157463,0.7256921,10.62060195,7.19999980927,7.58589506149,0.819999992847,-0.365591108799,-178.057418823,-19.2188224792,-0.0483542978764,0.338724553585,97633.013916,4.19000005722,-136.225311279,False
41.800000000000004,-0.068,-0.125,-0.049,0.32361945,0.67665885,11.73856005,10.0199995041,7.58589506149,0.879999995232,-0.365591108799,-178.057418823,-19.2059726715,-0.134935244918,0.120634742081,97634.2773438,4.25999975204,-134.673126221,False
41.900000000000006,-0.065,-0.114,-0.05,0.392266,0.8041453,12.18966595,10.0199995041,7.58589506149,0.879999995232,-0.365591108799,-178.057418823,-19.1902389526,-0.17503605783,-0.0664402320981,97637.2375488,4.25999975204,-134.673126221,False
42.0,-0.036,-0.107,-0.063,0.36284605,0.61781895,12.5328987,10.0,6.72073125839,0.75,1.47206187248,-177.371734619,-19.1582984924,-0.238309785724,-0.319681584835,97638.067627,4.26999998093,-136.625488281,False
42.1,0.033,-0.075,-0.066,0.3726527,0.79433865,12.24850585,12.9099998474,6.72073125839,0.34999999404,1.47206187248,-177.371734619,-19.1106491089,-0.293521076441,-0.562195658684,97638.3422852,4.21999979019,-136.405944824,False
42.2,0.079,0.032,-0.084,0.2549729,0.63743225,10.85596155,12.9099998474,6.72073125839,0.34999999404,1.47206187248,-177.371734619,-19.0841293335,-0.330088585615,-0.621756374836,97635.0524902,4.21999979019,-136.405944824,False
42.300000000000004,0.124,0.017,-0.088,0.22555295,0.6080123,10.0420096,12.9799995422,6.72073125839,0.179999992251,1.47206187248,-177.371734619,-19.0377635956,-0.388392776251,-0.631380021572,97637.7319336,4.11000013351,-123.293876648,False
42.400000000000006,0.134,0.054,-0.089,0.18632635,0.57859235,9.2967042,18.3999996185,8.34047698975,0.0599999986589,1.83621823788,-175.710006714,-19.0027980804,-0.457836121321,-0.570155262947,97631.9274902,4.11000013351,-123.293876648,False
42.5,0.231,-0.008,-0.088,0.22555295,0.3530394,9.5712904,25.7399997711,8.34047698975,-0.0599999986589,1.83621823788,-175.710006714,-18.9651527405,-0.579330205917,-0.500742554665,97634.1247559,4.00999975204,-125.206565857,False
42.6,0.313,-0.04,-0.065,0.196133,0.40207265,9.71839015,25.7399997711,8.34047698975,-0.0499999970198,1.83621823788,-175.710006714,-18.9350795746,-0.682282686234,-0.472429215908,97636.2426758,4.00999975204,-125.206565857,False
42.7,0.343,-0.027,-0.063,0.1765197,0.42168595,10.002783,27.6299991608,8.34047698975,-0.129999995232,1.83621823788,-175.710006714,-18.876329422,-0.883475422859,-0.439594686031,97629.4128418,3.9399998188,-118.549346924,False
42.800000000000004,0.377,0.014,-0.045,0.10787315,0.46091255,9.38496405,27.6299991608,15.3694295883,-0.119999997318,1.61607325077,-174.154418945,-18.845741272,-0.993654072285,-0.394273579121,97626.9836426,3.9399998188,-118.549346924,False
42.900000000000006,0.29,-0.019,-0.048,0.1765197,0.65704555,8.5906254,27.6599998474,15.3694295883,-0.0999999940395,1.61607325077,-174.154418945,-18.8044929504,-1.14683818817,-0.29526591301,97632.409668,3.90999984741,-118.549346924,False
43.0,0.265,-0.024,-0.064,0.12748645,0.6276256,9.1005712,33.469997406,15.3694295883,-0.00999999977648,1.61607325077,-174.154418945,-18.7544231415,-1.35312342644,-0.15523019433,97628.6071777,3.88999986649,-119.155693054,False
43.1,0.269,-0.027,-0.102,0.196133,0.61781895,9.46341725,33.5299987793,22.1139011383,0.0899999961257,1.34989929199,-173.025924683,-18.6690750122,-1.75195205212,0.0102006923407,97629.2541504,3.88999986649,-107.042312622,False
43.2,0.265,0.005,-0.107,0.08825985,0.9610517,8.6494653,33.5,22.1139011383,0.219999998808,1.34989929199,-173.025924683,-18.637134552,-1.90137016773,0.0914200991392,97627.9724121,3.88999986649,-107.042312622,False
43.300000000000004,0.344,-0.033,-0.17,0.12748645,0.85317855,9.75761675,36.0699996948,22.1139011383,0.379999995232,1.34989929199,-173.025924683,-18.5945587158,-2.1209602356,0.208985134959,97631.1706543,3.89999985695,-104.180526733,False
43.400000000000006,0.328,-0.026,-0.193,0.196133,0.8237586,9.9439431,40.1899986267,22.1139011383,0.759999990463,1.34989929199,-173.025924683,-18.5208339691,-2.52520465851,0.306293219328,97637.3779297,3.97000002861,-105.180450439,False
43.5,0.234,-0.026,-0.207,0.14709975,0.69627215,9.26728425,40.1899986267,22.1139011383,0.77999997139,1.34989929199,-173.025924683,-18.4708843231,-2.82413339615,0.399287909269,97632.8979492,3.97000002861,-105.180450439,False
43.6,0.189,-0.077,-0.213,0.2353596,0.93163175,9.610517,40.0699996948,29.5264873505,1.03999996185,-0.110435090959,-169.792907715,-18.3968448639,-3.27104759216,0.572308540344,97634.0820312,4.02999973297,-106.535148621,False
43.7,0.166,-0.061,-0.234,0.28439285,0.8825985,9.95374975,40.7000007629,29.5264873505,1.61000001431,-0.110435090959,-169.792907715,-18.3072433472,-3.85785317421,0.711011469364,97634.0209961,4.17999982834,-107.794189453,False
43.800000000000004,0.168,-0.182,-0.284,0.30400615,0.9610517,10.73828175,40.7000007629,29.5264873505,1.62000000477,-0.110435090959,-169.792907715,-18.274105072,-4.03943824768,0.730925261974,97637.8417969,4.17999982834,-107.794189453,False
43.900000000000006,0.201,-0.252,-0.303,0.3138128,1.0395049,11.26784085,40.3499984741,29.5264873505,1.90999996662,-0.110435090959,-169.792907715,-18.1216621399,-4.73491859436,0.764294683933,97636.2609863,4.26999998093,-107.794189453,False
44.0,0.193,-0.269,-0.325,0.4314926,0.980665,11.6110736,43.2599983215,34.2344207764,2.41999983788,-0.748012840748,-163.542999268,-18.039806366,-5.05939817429,0.763470172882,97635.1013184,4.36000013351,-108.84437561,False
44.1,0.204,-0.274,-0.313,0.4903325,0.9218251,12.30734575,43.2599983215,34.2344207764,2.45000004768,-0.748012840748,-163.542999268,-17.7523593903,-6.02229118347,0.703391373158,97639.5263672,4.44999980927,-108.84437561,False
44.2,0.154,-0.231,-0.28,0.4903325,0.8433719,11.85623985,42.5599975586,34.2344207764,2.66999983788,-0.748012840748,-163.542999268,-17.5809268951,-6.52437353134,0.694610238075,97641.3818359,4.53999996185,-114.16683197,False
44.300000000000004,0.127,-0.202,-0.26,0.55897905,0.89240515,11.76798,43.6599998474,34.2344207764,2.89999985695,-0.748012840748,-163.542999268,-17.3550662994,-7.12622976303,0.712642431259,97643.9147949,4.69999980927,-121.772384644,False
44.400000000000006,0.142,-0.187,-0.253,0.57859235,0.93163175,11.2972608,44.7700004578,38.9202079773,3.39999985695,-0.33205679059,-154.585479736,-17.0665378571,-7.83433246613,0.769887089729,97645.8312988,4.77999973297,-165.365020752,False
44.5,0.055,-0.24,-0.258,0.61781895,1.06892485,11.571847,44.7799987793,38.9202079773,3.40999984741,-0.33205679059,-154.585479736,-16.9112567902,-8.19924354553,0.797579288483,97647.052002,4.77999973297,-165.365020752,False
44.6,0.023,-0.319,-0.259,0.7060788,1.18660465,12.3367657,44.7700004578,38.9202079773,3.94999980927,-0.33205679059,-154.585479736,-16.6151771545,-8.83204936981,0.786221027374,97651.6845703,4.96999979019,-173.381515503,False
44.7,0.016,-0.242,-0.279,0.7453054,1.12776475,12.09159945,44.7700004578,38.9202079773,3.94999980927,-0.33205679059,-154.585479736,-16.215297699,-9.59464931488,0.770946085453,97651.1535645,4.96999979019,-173.381515503,False
44.800000000000004,0.001,-0.23,-0.268,0.83356525,1.08853815,12.0621795,43.7900009155,40.7388458252,4.48000001907,0.263685524464,-146.292053223,-16.0032291412,-9.96655368805,0.767676174641,97655.8105469,5.17000007629,-172.381591797,False
44.900000000000006,0.05,-0.245,-0.303,0.8433719,1.10815145,11.9248864,43.7900009155,40.7388458252,4.48000001907,0.263685524464,-146.292053223,-15.6431980133,-10.5623569489,0.769278347492,97650.2807617,5.17000007629,-172.381591797,False
45.0,0.074,-0.253,-0.341,0.89240515,1.0395049,11.95430635,44.7700004578,40.7388458252,5.07999992371,0.263685524464,-146.292053223,-15.0087461472,-11.5075311661,0.796979188919,97652.5268555,5.36999988556,-167.938415527,False
45.1,0.043,-0.297,-0.329,0.95124505,1.1571847,11.9837263,44.7700004578,42.2643661499,5.08999967575,0.00102356786374,-137.535995483,-14.5765419006,-12.0929403305,0.802701294422,97652.9968262,5.46000003815,-167.938415527,False
45.2,0.03,-0.303,-0.356,1.0002783,0.91201845,12.2975391,44.7700004578,42.2643661499,5.38000011444,0.00102356786374,-137.535995483,-14.3013763428,-12.4456357956,0.817795932293,97653.8208008,5.46000003815,-167.938415527,False
45.300000000000004,0.005,-0.283,-0.334,1.08853815,0.93163175,12.32695905,44.7700004578,42.2643661499,5.67000007629,0.00102356786374,-137.535995483,-13.8013525009,-13.0240745544,0.812058329582,97658.3312988,5.55999994278,-167.938415527,False
45.400000000000006,0.071,-0.329,-0.31,1.14737805,1.02969825,12.81729155,44.7700004578,42.2643661499,6.23000001907,0.00102356786374,-137.535995483,-13.375869751,-13.4889507294,0.800857543945,97662.3718262,5.75999975204,-177.139282227,False
45.5,0.08,-0.344,-0.29,1.1571847,0.9022118,12.5917386,44.0,43.9301528931,6.50999975204,0.266829997301,-127.168174744,-12.8186244965,-14.0429010391,0.793526530266,97660.3271484,5.84999990463,-179.808624268,False
45.6,0.011,-0.322,-0.253,1.20621795,1.2748645,13.0820711,44.0400009155,43.9301528931,6.77999973297,0.266829997301,-127.168174744,-11.9584636688,-14.7993345261,0.753401756287,97664.7644043,5.94999980927,-190.762908936,False
45.7,-0.06,-0.364,-0.258,1.46119085,1.3533177,13.54298365,42.8600006104,43.9301528931,6.98999977112,0.266829997301,-127.168174744,-11.1666612625,-15.4386053085,0.668414533138,97665.9606934,6.03999996185,-191.762832642,False
45.800000000000004,-0.145,-0.352,-0.295,1.4121576,1.38273765,13.95486295,42.8600006104,43.9301528931,6.98000001907,0.266829997301,-127.168174744,-10.5961389542,-15.8430681229,0.565031826496,97665.4968262,6.03999996185,-191.762832642,False
45.900000000000006,-0.242,-0.29,-0.305,1.40235095,1.10815145,12.944778,41.4799995422,43.9301528931,7.2999997139,0.266829997301,-127.168174744,-10.0437335968,-16.2098693848,0.500472187996,97665.4968262,6.19999980927,-204.695983887,False
46.0,-0.142,-0.328,-0.328,1.40235095,1.0395049,13.22917085,40.0999984741,42.4046058655,7.46999979019,1.49746406078,-116.212661743,-9.49079322815,-16.5522689819,0.455786734819,97668.8354492,6.25999975204,-220.810516357,False
46.1,-0.062,-0.259,-0.304,1.2552512,1.0198916,12.87613145,39.219997406,42.4046058655,7.63999986649,1.49746406078,-116.212661743,-8.78705406189,-16.9292316437,0.396832764149,97669.7143555,6.31999969482,-220.810516357,False
46.2,-0.105,-0.238,-0.261,1.24544455,1.06892485,13.15071765,37.6399993896,42.4046058655,7.78999996185,1.49746406078,-116.212661743,-7.65293836594,-17.4503822327,0.309695124626,97667.6452637,6.36999988556,-255.471038818,False
46.300000000000004,-0.143,-0.303,-0.243,1.28467115,1.1179581,13.09187775,35.969997406,41.219543457,7.88999986649,1.94269490242,-108.210243225,-7.0768532753,-17.6801681519,0.245280578732,97667.364502,6.40999984741,-255.471038818,False
46.400000000000006,-0.18,-0.325,-0.267,1.2944778,1.4709975,13.3958839,34.5799980164,41.219543457,7.94999980927,1.94269490242,-108.210243225,-6.78827524185,-17.7866973877,0.197770014405,97672.052002,6.44999980927,-269.92376709,False
46.5,-0.151,-0.217,-0.295,1.14737805,1.4709975,13.07226445,32.7399978638,41.219543457,7.96999979019,1.94269490242,-108.210243225,-5.53366804123,-18.1585712433,-0.00519472546875,97671.3317871,6.46000003815,-270.923706055,False
46.6,-0.084,-0.235,-0.334,1.1179581,1.1375714,11.73856005,32.7399978638,41.219543457,7.96999979019,1.94269490242,-108.210243225,-5.15246868134,-18.2556858063,-0.00382874556817,97670.0927734,6.46000003815,-270.923706055,False
46.7,-0.035,-0.417,-0.318,1.04931155,1.08853815,13.05265115,28.7600002289,39.4621429443,8.11999988556,2.33331131935,-100.790931702,-4.15608549118,-18.4150524139,-0.126881599426,97668.5546875,6.48999977112,-267.482940674,False
46.800000000000004,-0.083,-0.447,-0.313,1.36312435,1.0002783,14.70016835,25.9099998474,39.4621429443,8.02999973297,2.33331131935,-100.790931702,-3.3245267868,-18.4924068451,-0.338897049427,97667.3339844,6.48000001907,-267.482940674,False
46.900000000000006,-0.135,-0.309,-0.301,1.10815145,0.97085835,13.54298365,25.8999996185,39.4621429443,8.02999973297,2.33331131935,-100.790931702,-2.99368572235,-18.5055904388,-0.410424053669,97672.3876953,6.48000001907,-267.482940674,False
47.0,-0.242,-0.394,-0.283,1.2356379,1.0787315,14.34712895,22.8999996185,39.4621429443,7.88999986649,2.33331131935,-100.790931702,-2.21511411667,-18.5057373047,-0.568628668785,97672.1313477,6.44999980927,-264.870452881,False
47.1,-0.326,-0.409,-0.283,1.2356379,1.0198916,15.4748937,16.0399990082,37.8590049744,7.34999990463,4.8722410202,-89.0492630005,-0.922009825706,-18.3640956879,-1.01094460487,97666.8151855,6.32999992371,-269.132415771,False
47.2,-0.34,-0.338,-0.246,1.0002783,1.22583125,14.6903617,16.0299987793,37.8590049744,7.31999969482,4.8722410202,-89.0492630005,-0.469443231821,-18.2781162262,-1.17441511154,97670.6176758,6.32999992371,-269.132415771,False
47.300000000000004,-0.347,-0.267,-0.25,0.9414384,1.12776475,14.1608026,9.05999946594,37.8590049744,6.46999979019,4.8722410202,-89.0492630005,0.500452756882,-17.998500824,-1.55812513828,97670.2880859,6.09999990463,-249.358184814,False
47.400000000000006,-0.407,-0.208,-0.258,0.9218251,1.01008495,13.5527903,9.05000019073,31.9187717438,6.42999982834,6.96740961075,-80.7276763916,0.986300051212,-17.821428299,-1.72878742218,97661.2304688,5.94999980927,-213.682937622,False
47.5,-0.456,-0.235,-0.235,0.71588545,0.87279185,13.1801376,5.78999996185,31.9187717438,5.94000005722,6.96740961075,-80.7276763916,1.6169513464,-17.5124988556,-1.96672463417,97654.3273926,5.94999980927,-213.682937622,False
47.6,-0.559,-0.269,-0.218,0.7256921,1.14737805,13.40569055,0.0999999940395,31.9187717438,4.71999979019,6.96740961075,-80.7276763916,1.80577504635,-17.4094543457,-2.05604887009,97652.0996094,5.5499997139,-184.786804199,False
47.7,-0.665,-0.182,-0.223,0.588399,0.91201845,13.6900834,0.0999999940395,31.9187717438,4.67000007629,6.96740961075,-80.7276763916,2.38807797432,-16.9648208618,-2.49952864647,97651.2268066,5.5499997139,-184.786804199,False
47.800000000000004,-0.684,-0.089,-0.217,0.50013915,0.7453054,12.81729155,-2.30999994278,31.9187717438,3.83999991417,6.96740961075,-80.7276763916,2.70528316498,-16.6681404114,-2.75452065468,97644.2321777,5.2999997139,-184.786804199,False
47.900000000000006,-0.608,-0.037,-0.207,0.4707192,0.83356525,12.09159945,-4.38000011444,19.8056507111,3.0,8.76700687408,-73.3774795532,2.87315392494,-16.4284000397,-2.92234182358,97642.4560547,5.02999973297,-184.786804199,False
48.0,-0.505,-0.008,-0.183,0.2157463,0.5099458,10.3754357,-7.0,19.8056507111,1.31999993324,8.76700687408,-73.3774795532,3.06155705452,-16.0811367035,-3.0044529438,97633.984375,4.40000009537,-147.873504639,False
48.1,-0.515,-0.045,-0.146,0.28439285,0.40207265,10.87557485,-7.80999994278,12.1847143173,0.439999997616,8.43556594849,-70.3799209595,3.12745761871,-15.8330984116,-3.0885746479,97626.7883301,4.05999994278,-102.903175354,False
48.2,-0.494,-1.37160441505e-17,-0.112,0.22555295,0.3726527,10.60098865,-8.46000003815,12.1847143173,-0.42999997735,8.43556594849,-70.3799209595,3.1543867588,-15.6173286438,-3.12926912308,97625.7324219,3.72000002861,-102.903175354,False
48.300000000000004,-0.41,-0.024,-0.042,0.08825985,0.50013915,9.6497436,-8.76999950409,12.1847143173,-1.25999999046,8.43556594849,-70.3799209595,3.1325814724,-15.457742691,-3.11354398727,97612.8601074,3.37999987602,-73.6473083496,False
48.400000000000006,-0.44,0.001,-0.039,0.0784532,0.44129925,9.022118,-8.89999961853,5.31371116638,-2.01999998093,8.39254379272,-68.9038467407,3.06418991089,-15.2593374252,-2.9884967804,97612.8601074,3.03999996185,-41.4291381836,False
48.5,-0.44,0.068,-0.044,0.06864655,0.40207265,8.1983594,-8.88000011444,5.31371116638,-2.67999982834,8.39254379272,-68.9038467407,3.03025341034,-15.2012386322,-2.92298460007,97609.4665527,2.72000002861,-41.4291381836,False
48.6,-0.351,0.061,-0.043,0.06864655,0.30400615,8.1591328,-8.78999996185,5.31371116638,-3.29999995232,8.39254379272,-68.9038467407,2.93656873703,-15.0809049606,-2.73645663261,97605.7617188,2.41999983788,-7.91721343994,False
48.7,-0.238,0.053,-0.035,-0.00980665,0.28439285,8.28661925,-8.5,5.31371116638,-3.88999986649,8.39254379272,-68.9038467407,2.74287676811,-14.9054632187,-2.44675064087,97601.7456055,2.12999987602,-7.91721343994,False
48.800000000000004,-0.156,0.074,-0.022,0.0,0.196133,7.9433865,-8.5,-2.27199244499,-3.88999986649,7.12029314041,-67.9808349609,2.67205309868,-14.849146843,-2.32028841972,97594.0063477,2.12999987602,-7.91721343994,False
48.900000000000006,-0.144,0.062,0.041,-0.00980665,0.18632635,7.7668668,-7.98999977112,-2.27199244499,-4.40000009537,7.12029314041,-67.9808349609,2.54817175865,-14.7525625229,-2.08830785751,97594.0063477,1.87000000477,18.0058479309,False
49.0,-0.139,0.059,0.048,-0.0588399,0.18632635,7.97280645,-7.98999977112,-2.27199244499,-4.83999967575,7.12029314041,-67.9808349609,2.42466640472,-14.6753616333,-1.86227285862,97591.4611816,1.62999999523,18.0058479309,False
49.1,-0.12,0.079,0.075,0.0196133,0.2353596,8.0806796,-7.21999979019,-4.84433555603,-5.58999967575,5.46954536438,-68.7033462524,2.22409009933,-14.5729131699,-1.58488619328,97585.8154297,1.22000002861,44.6369171143,False
49.2,-0.099,0.143,0.092,-0.00980665,0.22555295,7.9629998,-6.78999996185,-4.84433555603,-5.90999984741,5.46954536438,-68.7033462524,2.07898783684,-14.5199661255,-1.36554861069,97580.8166504,1.04999995232,63.036441803,False
49.300000000000004,-0.019,0.132,0.105,-0.0588399,0.196133,7.1588545,-6.7999997139,-4.84433555603,-5.90999984741,5.46954536438,-68.7033462524,1.97301578522,-14.4882583618,-1.14172363281,97574.9328613,1.04999995232,63.036441803,False
49.400000000000006,-0.036,0.105,0.108,-0.06864655,0.20593965,7.24711435,-6.36999988556,-4.84433555603,-6.1299996376,5.46954536438,-68.7033462524,1.90111196041,-14.4668169022,-0.964912176132,97574.9328613,0.899999976158,63.036441803,False
49.5,-0.171,0.102,0.114,0.0392266,0.20593965,7.60015375,-5.98999977112,-5.88787889481,-6.28999996185,2.66434884071,-70.5196762085,1.74694299698,-14.4301271439,-0.651999354362,97576.8493652,0.769999980927,81.7320861816,False
49.6,-0.339,0.129,0.146,0.12748645,0.44129925,8.67888525,-5.5499997139,-5.88787889481,-6.38999986649,2.66434884071,-70.5196762085,1.63136649132,-14.4261102676,-0.489269077778,97575.0427246,0.669999957085,81.7320861816,False
49.7,-0.104,0.09,0.141,0.0392266,0.4903325,9.22805765,-4.94000005722,-5.88787889481,-6.51999998093,2.66434884071,-70.5196762085,1.43947887421,-14.436797142,-0.379175394773,97571.0449219,0.589999973774,97.1462249756,False
49.800000000000004,-0.049,0.106,0.112,-0.00980665,0.2941995,8.05125965,-4.09999990463,-5.88787889481,-6.64999961853,2.66434884071,-70.5196762085,1.25069141388,-14.4599704742,-0.237793982029,97567.2424316,0.519999980927,97.1462249756,False
49.900000000000006,0.036,0.083,0.115,-0.02941995,0.26477955,7.79628675,-2.58999991417,-9.01443099976,-6.73000001907,-0.0852757692337,-73.0423126221,0.98497146368,-14.4841480255,0.115712091327,97574.1882324,0.419999986887,104.968261719,False
50.0,0.026,0.127,0.113,-0.0392266,0.18632635,7.85512665,-2.58999991417,-9.01443099976,-6.73000001907,-0.0852757692337,-73.0423126221,0.895198822021,-14.498922348,0.246891602874,97574.3286133,0.419999986887,104.968261719,False
50.1,0.044,0.109,0.123,0.04903325,0.1765197,8.2179727,-1.89999997616,-9.01443099976,-6.71999979019,-0.0852757692337,-73.0423126221,0.708154320717,-14.5332365036,0.467738956213,97574.0539551,0.399999976158,110.838790894,False
50.2,0.069,0.09,0.127,0.0588399,0.2157463,8.60043205,-1.16999995708,-7.73408126831,-6.64999961853,-2.73854899406,-75.2896728516,0.569065868855,-14.5795631409,0.598199605942,97570.9899902,0.409999996424,110.838790894,False
50.300000000000004,0.104,0.02,0.143,0.0980665,0.26477955,9.4732239,0.189999997616,-7.73408126831,-6.51999998093,-2.73854899406,-75.2896728516,0.399330347776,-14.6472616196,0.699016690254,97572.7172852,0.469999998808,112.436485291,False
50.400000000000006,0.142,0.046,0.155,0.12748645,0.38245935,9.22805765,0.889999985695,-7.73408126831,-6.44000005722,-2.73854899406,-75.2896728516,0.263144135475,-14.7024412155,0.796989321709,97570.9960938,0.509999990463,109.61894989,False
50.5,0.213,0.104,0.117,0.0784532,0.3726527,8.5710121,0.889999985695,-7.73408126831,-6.44000005722,-2.73854899406,-75.2896728516,0.213063418865,-14.7193222046,0.854744374752,97574.9328613,0.509999990463,109.61894989,False
50.6,0.284,0.129,0.115,-0.0392266,0.59820565,7.61976705,1.50999999046,-4.67912530899,-6.30999994278,-4.25741624832,-77.8690032959,0.0892992392182,-14.783996582,1.07477021217,97577.3742676,0.560000002384,109.61894989,False
50.7,0.204,0.072,0.066,-0.02941995,0.5295591,7.52170055,2.49000000954,-4.67912530899,-5.76999998093,-4.25741624832,-77.8690032959,-0.0264643672854,-14.8541545868,1.41985535622,97576.2023926,0.709999978542,102.301025391,False
50.800000000000004,0.099,0.082,0.047,0.0,0.4903325,7.4922806,2.83999991417,-4.67912530899,-5.40000009537,-4.25741624832,-77.8690032959,-0.0895223394036,-14.9060144424,1.65881085396,97577.6489258,0.829999983311,102.301025391,False
50.900000000000006,0.025,0.046,0.029,-0.06864655,0.46091255,7.58054045,2.83999991417,-0.254930794239,-5.40000009537,-6.48324728012,-79.5550460815,-0.137985676527,-14.9455099106,1.83886289597,97579.510498,0.829999983311,102.301025391,False
51.0,-0.078,0.046,-0.002,-0.02941995,0.4511059,8.28661925,3.22000002861,-0.254930794239,-4.96000003815,-6.48324728012,-79.5550460815,-0.177250534296,-14.9980192184,1.99039530754,97580.7556152,0.969999969006,96.1393356323,False
51.1,-0.09,-0.044,-0.017,-0.0588399,0.2941995,9.34573745,3.84999990463,-0.254930794239,-4.09999990463,-6.48324728012,-79.5550460815,-0.242060288787,-15.1033210754,2.07877469063,97584.2346191,1.31999993324,86.4995956421,False
51.2,0.047,-0.079,0.006,0.0588399,0.20593965,10.5127288,3.84999990463,-0.254930794239,-4.09999990463,-6.48324728012,-79.5550460815,-0.252094984055,-15.1374588013,2.06128072739,97584.8754883,1.31999993324,86.4995956421,False
51.300000000000004,0.066,-0.095,0.058,0.1569064,0.10787315,10.9638347,4.02999973297,-0.667019367218,-3.75,-6.33175945282,-79.6037597656,-0.275174498558,-15.2248077393,2.00474953651,97590.1794434,1.50999999046,92.7785873413,False
51.400000000000006,0.014,-0.072,0.102,0.18632635,0.10787315,10.983448,4.21000003815,-0.667019367218,-3.44999980927,-6.33175945282,-79.6037597656,-0.289162963629,-15.3486843109,1.86067402363,97595.5444336,1.67999994755,92.7785873413,False
51.5,0.015,-0.049,0.139,0.22555295,0.20593965,11.13054775,4.31999969482,-0.667019367218,-3.16999983788,-6.33175945282,-79.6037597656,-0.298729896545,-15.4310398102,1.75422632694,97595.300293,1.84999990463,75.7010498047,False
51.6,0.002,-0.027,0.171,0.2157463,0.32361945,11.0422879,4.46999979019,-0.667019367218,-2.92999982834,-6.33175945282,-79.6037597656,-0.319277197123,-15.5195016861,1.67374932766,97597.7539062,2.0,75.7010498047,False
51.7,0.039,-0.078,0.169,0.08825985,0.3334261,9.8851032,4.61999988556,0.844650626183,-2.67999982834,-4.96047782898,-82.4538955688,-0.346120536327,-15.5706062317,1.65836131573,97600.3967285,2.14999985695,75.7010498047,False
51.800000000000004,0.058,-0.105,0.168,0.1765197,0.3726527,10.48330885,5.09999990463,0.844650626183,-2.14999985695,-4.96047782898,-82.4538955688,-0.367980867624,-15.6185789108,1.61599123478,97598.5839844,2.42999982834,62.2786521912,False
51.900000000000006,0.039,-0.125,0.142,0.32361945,0.7060788,11.42474725,5.44999980927,0.844650626183,-1.94999992847,-4.96047782898,-82.4538955688,-0.430199205875,-15.6945819855,1.44330775738,97606.2927246,2.54999995232,41.4079666138,False
52.0,-0.013,-0.069,0.088,0.392266,0.588399,11.64049355,5.44999980927,0.844650626183,-1.94999992847,-4.96047782898,-82.4538955688,-0.444086015224,-15.7167758942,1.37008190155,97607.5622559,2.54999995232,41.4079666138,False
52.1,-0.098,-0.024,0.102,0.3726527,0.6668522,11.2972608,6.09999990463,2.04922533035,-1.68999993801,-2.76705813408,-86.2001953125,-0.485545933247,-15.7630348206,1.23208761215,97610.4492188,2.66999983788,41.4079666138,False
52.2,-0.027,-0.011,0.074,0.3334261,0.6668522,11.2188076,6.09999990463,2.04922533035,-1.68999993801,-2.76705813408,-86.2001953125,-0.559406816959,-15.825006485,1.07247233391,97609.8754883,2.76999998093,30.0498008728,False
52.300000000000004,0.03,-0.051,0.048,0.2941995,0.6668522,11.34629405,6.48000001907,2.04922533035,-1.55999994278,-2.76705813408,-86.2001953125,-0.627179861069,-15.8585758209,0.943032383919,97611.0473633,2.86999988556,30.0498008728,False
52.400000000000006,0.005,-0.069,0.029,0.3138128,0.5491724,11.2776475,7.35999965668,2.04922533035,-1.40999996662,-2.76705813408,-86.2001953125,-0.661454975605,-15.879319191,0.869301557541,97615.8752441,3.01999998093,90.7820739746,False
52.5,0.037,-0.096,0.029,0.30400615,0.51975245,11.71894675,7.35999965668,2.04922533035,-1.40999996662,-2.76705813408,-86.2001953125,-0.713931977749,-15.9047355652,0.676500320435,97615.0695801,3.01999998093,90.7820739746,False
52.6,0.09,-0.096,0.039,0.3530394,0.4314926,11.5326204,8.09000015259,2.48808240891,-1.39999997616,-1.60678899288,-87.6958465576,-0.74060344696,-15.920832634,0.566266298294,97614.1845703,3.11999988556,71.9694137573,False
52.7,0.207,-0.009,0.019,0.38245935,0.5295591,11.9248864,8.38000011444,2.48808240891,-1.4699999094,-1.60678899288,-87.6958465576,-0.766183435917,-15.9337654114,0.298885315657,97615.1306152,3.14999985695,71.9694137573,False
52.800000000000004,0.171,-0.019,0.031,0.36284605,0.588399,11.48358715,8.38000011444,4.94069099426,-1.4699999094,-1.02051901817,-88.19556427,-0.751593649387,-15.9421901703,0.162910297513,97617.2546387,3.14999985695,71.9694137573,False
52.900000000000006,0.151,-0.035,0.035,0.22555295,0.5491724,10.8853815,8.60999965668,4.94069099426,-1.64999997616,-1.02051901817,-88.19556427,-0.733872890472,-15.9336204529,0.0641150847077,97619.7570801,3.15999984741,69.0937957764,False
53.0,0.058,0.04,0.024,0.2353596,0.7256921,10.6696352,8.60999965668,4.94069099426,-1.63999998569,-1.02051901817,-88.19556427,-0.717405319214,-15.9282531738,0.0135350674391,97616.3879395,3.14999985695,68.8144683838,False
53.1,-0.026,0.013,-0.007,0.24516625,0.5687857,10.5519554,8.67000007629,6.79422664642,-1.7199999094,-1.11737835407,-88.6745529175,-0.691784739494,-15.9261140823,-0.0455354675651,97620.9838867,3.14999985695,68.8144683838,False
53.2,0.044,0.049,-0.026,0.16671305,0.65704555,10.07142955,8.75,6.79422664642,-1.80999994278,-1.11737835407,-88.6745529175,-0.670877814293,-15.929224968,-0.0541354268789,97618.0419922,3.12999987602,68.8144683838,False
53.300000000000004,0.061,0.028,-0.043,0.1176798,0.6472389,9.48303055,8.88000011444,6.79422664642,-1.86000001431,-1.11737835407,-88.6745529175,-0.648446679115,-15.9181261063,-0.00590241048485,97619.2687988,3.1099998951,67.3581085205,False
53.400000000000006,0.082,0.014,-0.071,0.0588399,0.588399,10.20872265,8.88000011444,6.79422664642,-1.86000001431,-1.11737835407,-88.6745529175,-0.605205655098,-15.9147634506,0.00593504402786,97622.4487305,3.09999990463,67.3581085205,False
53.5,0.075,0.031,-0.057,0.1569064,0.4511059,9.99297635,8.80999946594,7.98186397552,-1.87999999523,-1.90822637081,-87.8654174805,-0.567174553871,-15.9113407135,0.0169560257345,97620.135498,3.09999990463,67.3581085205,False
53.6,0.129,-0.023,-0.056,0.0784532,0.4118793,10.6500219,8.73999977112,7.98186397552,-1.87000000477,-1.90822637081,-87.8654174805,-0.462600857019,-15.911450386,-0.0325698964298,97621.2158203,3.09999990463,62.9996299744,False
53.7,0.078,-0.038,-0.02,0.0588399,0.34323275,11.15016105,8.07999992371,7.98186397552,-1.95999991894,-1.90822637081,-87.8654174805,-0.360873132944,-15.9085187912,-0.10931237042,97621.2463379,3.1099998951,62.2729301453,False
53.800000000000004,0.074,-0.053,0.008,0.0392266,0.7453054,10.60098865,8.07999992371,7.98186397552,-1.95999991894,-1.90822637081,-87.8654174805,-0.291331201792,-15.906165123,-0.153454750776,97622.8210449,3.1099998951,62.2729301453,False
53.900000000000006,0.012,-0.048,-0.044,0.0196133,0.6472389,11.22861425,7.27999973297,7.98186397552,-2.13999986649,-1.90822637081,-87.8654174805,-0.162155270576,-15.8891649246,-0.284370929003,97621.6125488,3.08999991417,61.6590499878,False
54.0,-0.012,-0.005,-0.023,0.0588399,0.4903325,10.983448,7.26999998093,7.98186397552,-2.13999986649,-1.90822637081,-87.8654174805,-0.0846923962235,-15.8815612793,-0.346882373095,97620.9838867,3.08999991417,61.6590499878,False
54.1,0.008,0.006,-0.025,-0.04903325,0.48052585,9.87529655,6.73999977112,10.6423597336,-2.27999997139,-1.62275707722,-86.724357605,0.0251819007099,-15.8560838699,-0.34219712019,97619.8425293,3.06999993324,61.6590499878,False
54.2,-0.105,-0.006,-0.034,-0.0784532,0.6864655,9.3751574,6.36999988556,10.6423597336,-2.34999990463,-1.62275707722,-86.724357605,0.0852610170841,-15.8414821625,-0.289489299059,97618.7683105,3.03999996185,65.4292144775,False
54.300000000000004,-0.178,-0.042,-0.048,0.0,0.75511205,9.6889702,5.98999977112,10.6423597336,-2.38999986649,-1.62275707722,-86.724357605,0.156460866332,-15.8181476593,-0.235063180327,97617.9260254,3.00999999046,65.4292144775,False
54.400000000000006,-0.018,-0.024,-0.076,-0.04903325,0.7453054,9.40457735,5.44999980927,10.6423597336,-2.45000004768,-1.62275707722,-86.724357605,0.219651415944,-15.7971277237,-0.171046793461,97620.6542969,2.97000002861,57.3556900024,False
54.5,0.147,-0.041,-0.095,0.00980665,0.61781895,9.7478101,5.44999980927,9.87046146393,-2.44000005722,-1.47758603096,-85.2527770996,0.26979380846,-15.7777261734,-0.147457480431,97620.6542969,2.97000002861,57.3556900024,False
54.6,0.164,0.033,-0.09,0.0784532,0.588399,9.42419065,5.19999980927,9.87046146393,-2.44000005722,-1.47758603096,-85.2527770996,0.349861890078,-15.7694320679,-0.0704559460282,97619.4335938,2.96000003815,68.9514160156,False
54.7,-0.122,-0.018,-0.078,0.0980665,0.4707192,9.0613446,4.40999984741,9.87046146393,-2.34999990463,-1.47758603096,-85.2527770996,0.440261870623,-15.7621088028,0.00698106270283,97621.9299316,2.97000002861,63.866519928,False
54.800000000000004,-0.136,-0.016,-0.075,0.22555295,0.69627215,10.1204628,3.97000002861,9.6799621582,-2.36999988556,-1.80284869671,-83.7743682861,0.514764368534,-15.7719898224,-0.0197694152594,97620.6726074,2.98000001907,63.866519928,False
54.900000000000006,-0.246,0.064,-0.075,0.196133,0.63743225,10.1596894,3.97000002861,9.6799621582,-2.36999988556,-1.80284869671,-83.7743682861,0.539379894733,-15.7729682922,-0.0248363669962,97621.1791992,2.98000001907,63.866519928,False
55.0,-0.219,0.056,-0.086,0.196133,0.5295591,9.62032365,3.69999980927,9.6799621582,-2.36999988556,-1.80284869671,-83.7743682861,0.588337957859,-15.7963352203,0.00479869637638,97622.6928711,2.99000000954,61.6756439209,False
55.1,-0.181,-0.018,-0.092,0.22555295,0.5099458,9.8851032,3.29999995232,9.6799621582,-2.30999994278,-1.80284869671,-83.7743682861,0.631715476513,-15.8314218521,0.0241812393069,97620.0683594,3.01999998093,55.8612823486,False
55.2,-0.094,-0.065,-0.074,0.18632635,0.4903325,10.54214875,3.29999995232,5.96815109253,-2.30999994278,-2.7594063282,-82.2234420776,0.663751482964,-15.8602638245,-0.0384372286499,97623.2177734,3.01999998093,55.8612823486,False
55.300000000000004,-0.139,-0.031,-0.046,0.2157463,0.3334261,10.7677017,3.04999995232,5.96815109253,-2.32999992371,-2.7594063282,-82.2234420776,0.691579163074,-15.8826818466,-0.10910615325,97620.2087402,3.02999997139,55.8612823486,False
55.400000000000006,-0.184,0.035,-0.024,0.26477955,0.40207265,10.65982855,2.88999986649,5.96815109253,-2.37999987602,-2.7594063282,-82.2234420776,0.70007276535,-15.9039859772,-0.145750433207,97619.5678711,3.03999996185,52.2577285767,False
55.5,-0.015,0.092,-0.016,0.0392266,0.50013915,9.4339973,2.81999993324,4.01234769821,-2.45000004768,-3.2186088562,-81.489364624,0.685429275036,-15.923248291,-0.140367358923,97618.3349609,3.02999997139,44.2962646484,False
55.6,-0.021,0.003,-0.043,0.0,0.6276256,8.5710121,2.80999994278,4.01234769821,-2.45000004768,-3.2186088562,-81.489364624,0.656444847584,-15.9502735138,-0.0484346151352,97618.4509277,3.02999997139,44.2962646484,False
55.7,-0.131,0.01,-0.102,0.1372931,0.4707192,10.34601575,3.06999993324,4.01234769821,-2.36999988556,-3.2186088562,-81.489364624,0.614195883274,-16.0085582733,0.0140073057264,97617.6879883,3.02999997139,41.1628723145,False
55.800000000000004,-0.111,0.009,-0.078,0.1372931,0.2157463,10.4735022,3.02999997139,4.01234769821,-2.39999985695,-3.2186088562,-81.489364624,0.601325750351,-16.0550270081,-0.00577389029786,97623.3886719,3.03999996185,41.1628723145,False
55.900000000000006,-0.087,0.021,-0.028,0.0392266,0.3138128,9.3555441,3.17999982834,4.01234769821,-2.3599998951,-3.2186088562,-81.489364624,0.590332567692,-16.0698471069,0.00733363768086,97620.8496094,3.03999996185,36.5119934082,False
56.0,0.004,0.014,-0.006,0.02941995,0.22555295,8.83579165,3.17999982834,4.01234769821,-2.3599998951,-3.2186088562,-81.489364624,0.566467821598,-16.1029033661,0.0947458669543,97617.7062988,3.03999996185,36.5119934082,False
56.1,0.073,-0.002,0.004,0.0392266,0.24516625,8.9632781,3.39999985695,2.2119383812,-2.12999987602,-3.88358068466,-80.0494842529,0.525923550129,-16.1593971252,0.283144772053,97618.4753418,3.08999991417,27.8171539307,False
56.2,0.142,-0.05,0.028,0.0392266,0.3726527,8.67888525,3.47000002861,2.2119383812,-1.97999989986,-3.88358068466,-80.0494842529,0.509811937809,-16.196685791,0.387627154589,97619.8547363,3.11999988556,23.2869148254,False
56.300000000000004,-0.022,-0.09,0.041,0.196133,0.40207265,10.2185293,3.47000002861,2.2119383812,-1.97999989986,-3.88358068466,-80.0494842529,0.506141364574,-16.2285346985,0.398265391588,97617.1691895,3.11999988556,23.2869148254,False
56.400000000000006,-0.09,-0.148,0.061,0.34323275,0.48052585,11.4541672,3.52999997139,2.2119383812,-1.87000000477,-3.88358068466,-80.0494842529,0.498562514782,-16.2908306122,0.24431206286,97620.1538086,3.16999983788,23.2869148254,False
56.5,-0.245,-0.118,0.068,0.53936575,0.6080123,12.11121275,3.6899998188,2.7909040451,-1.9699999094,-1.89763569832,-80.9959030151,0.46024993062,-16.3385677338,0.0293719135225,97617.5964355,3.22000002861,19.6767807007,False
56.6,-0.084,-0.114,0.072,0.57859235,0.6668522,12.4936721,3.6899998188,2.7909040451,-1.9699999094,-1.89763569832,-80.9959030151,0.423200786114,-16.377450943,-0.167956501245,97619.9401855,3.22000002861,19.6767807007,False
56.7,-0.052,-0.071,0.066,0.40207265,0.61781895,11.4345539,3.89999985695,2.7909040451,-2.16999983788,-1.89763569832,-80.9959030151,0.357279360294,-16.3978309631,-0.357329517603,97621.3989258,3.22000002861,19.6767807007,False
56.800000000000004,-0.052,-0.071,0.066,0.40207265,0.61781895,11.4345539,4.26999998093,2.7909040451,-2.39999985695,-1.89763569832,-80.9959030151,0.290464043617,-16.4106521606,-0.45692551136,97621.3989258,3.13999986649,9.21783447266,False
56.900000000000006,-0.067,0.042,0.063,0.30400615,0.91201845,11.01286795,5.21999979019,1.21471178532,-2.81999993324,-0.349503874779,-82.4827575684,0.185615852475,-16.4185657501,-0.559965491295,97620.3308105,3.06999993324,8.82129669189,False
57.0,0.022,0.031,-0.001,0.2353596,0.69627215,9.91452315,5.21999979019,1.21471178532,-2.81999993324,-0.349503874779,-82.4827575684,0.137234300375,-16.4235572815,-0.55801063776,97616.9677734,3.06999993324,8.82129669189,False
57.1,0.087,-0.018,-0.049,0.1765197,0.71588545,9.8458766,5.71999979019,1.21471178532,-2.99000000954,-0.349503874779,-82.4827575684,0.0410189852118,-16.4258480072,-0.537396609783,97619.2810059,3.0,2.67534255981,False
57.2,0.098,-0.03,-0.08,0.14709975,0.4511059,9.58109705,6.27999973297,2.05802440643,-3.12999987602,-0.693076610565,-82.2993240356,-0.0446809567511,-16.4213542938,-0.477318376303,97614.6911621,2.9399998188,2.67534255981,False
57.300000000000004,0.081,-0.006,-0.046,0.0196133,0.46091255,8.65927195,6.61999988556,2.05802440643,-3.25,-0.693076610565,-82.2993240356,-0.107382714748,-16.4028129578,-0.334888160229,97617.1142578,2.87999987602,3.63426208496,False
57.400000000000006,0.14,-0.044,-0.03,-0.0392266,0.57859235,9.6693569,7.01999998093,2.05802440643,-3.28999996185,-0.693076610565,-82.2993240356,-0.153829917312,-16.3805885315,-0.301116943359,97620.0195312,2.79999995232,4.45890426636,False
57.5,0.118,-0.022,-0.048,-0.06864655,0.5687857,9.1005712,7.67999982834,2.05802440643,-3.36999988556,-0.693076610565,-82.2993240356,-0.195625469089,-16.3491802216,-0.201867118478,97619.6411133,2.77999997139,4.45890426636,False
57.6,0.067,0.051,-0.074,-0.16671305,0.59820565,8.8455983,7.67999982834,2.05802440643,-3.36999988556,-0.693076610565,-82.2993240356,-0.201884910464,-16.3425712585,-0.186709403992,97615.8081055,2.77999997139,4.45890426636,False
57.7,0.121,0.008,-0.104,-0.0980665,0.4707192,8.56120545,7.91999959946,4.61910772324,-3.32999992371,-0.55288118124,-81.4822769165,-0.222592666745,-16.2964363098,0.00422999123111,97615.3869629,2.76999998093,9.48104858398,False
57.800000000000004,0.263,-0.036,-0.089,-0.08825985,0.24516625,9.65955025,7.88999986649,4.61910772324,-3.24000000954,-0.55288118124,-81.4822769165,-0.192448034883,-16.2690830231,0.0669284462929,97614.5996094,2.76999998093,9.48104858398,False
57.900000000000006,0.144,-0.034,-0.031,-0.0392266,0.1765197,10.1400761,7.6299996376,8.23674106598,-3.13999986649,-0.628496706486,-80.0672073364,-0.0533819571137,-16.1897525787,0.0216835718602,97612.8112793,2.79999995232,19.0237998962,False
58.0,0.144,-0.034,-0.031,-0.0392266,0.1765197,10.1400761,7.6299996376,8.23674106598,-3.13999986649,-0.628496706486,-80.0672073364,-0.0533819571137,-16.1897525787,0.0216835718602,97612.8112793,2.79999995232,19.0237998962,False
58.1,0.039,0.069,0.021,-0.08825985,0.4118793,10.20872265,7.15999984741,8.23674106598,-3.21000003815,-0.628496706486,-80.0672073364,0.0589297488332,-16.1103363037,-0.0210426617414,97612.8723145,2.80999994278,19.0237998962,False
58.2,0.2,0.046,-0.006,-0.1569064,0.5687857,9.3947707,6.92000007629,8.23674106598,-3.23000001907,-0.628496706486,-80.0672073364,0.116047360003,-16.0775699615,-0.0108462236822,97616.5893555,2.81999993324,29.2986869812,False
58.300000000000004,-0.289,-0.054,-0.018,-0.0392266,0.8041453,10.2381426,6.57999992371,8.23674106598,-3.23000001907,-0.628496706486,-80.0672073364,0.157424017787,-16.0363464355,0.0109063666314,97617.364502,2.81999993324,29.2986869812,False
58.400000000000006,-0.317,-0.037,-0.044,0.04903325,0.6472389,11.01286795,6.44000005722,8.92529582977,-3.25,-1.33583116531,-80.3874359131,0.197303712368,-16.0003356934,-0.0209994707257,97617.791748,2.80999994278,35.1239204407,False
58.5,-0.235,0.009,-0.081,0.00980665,0.55897905,9.40457735,6.2999997139,8.92529582977,-3.28999996185,-1.33583116531,-80.3874359131,0.203902319074,-15.9735012054,0.0277388375252,97616.6992188,2.81999993324,43.0869102478,False
58.6,-0.127,0.016,-0.099,0.0196133,0.392266,9.81645665,6.26999998093,5.00972318649,-3.26999998093,-1.33610200882,-79.4204788208,0.212172880769,-15.9608011246,0.0747314691544,97615.7104492,2.81999993324,39.7277832031,False
58.7,-0.039,0.091,-0.087,-0.02941995,0.1765197,8.8455983,6.26999998093,5.00972318649,-3.26999998093,-1.33610200882,-79.4204788208,0.224524706602,-15.9477758408,0.163713917136,97615.9423828,2.81999993324,39.7277832031,False
58.800000000000004,0.041,0.036,-0.075,-0.06864655,0.0392266,8.8652116,6.23000001907,5.00972318649,-3.16999983788,-1.33610200882,-79.4204788208,0.272778183222,-15.9348888397,0.256382495165,97613.067627,2.83999991417,39.7277832031,False
58.900000000000006,0.174,-0.016,0.016,-0.04903325,0.08825985,9.3359308,5.98000001907,5.00972318649,-3.06999993324,-1.33610200882,-79.4204788208,0.300212174654,-15.9247150421,0.310185372829,97612.3046875,2.8599998951,39.7277832031,False
59.0,0.117,0.01,0.063,-0.08825985,0.3138128,9.414384,5.76999998093,6.41135978699,-2.95000004768,-2.31436014175,-78.5005569458,0.358684569597,-15.9102640152,0.396195650101,97614.3859863,2.88999986649,42.2181129456,False
59.1,0.123,0.016,0.076,0.00980665,0.4903325,8.79656505,5.53999996185,6.41135978699,-2.81999993324,-2.31436014175,-78.5005569458,0.393083870411,-15.9023799896,0.461505323648,97617.2851562,2.92999982834,44.3773269653,False
59.2,0.003,0.024,0.047,0.0588399,0.588399,8.825985,5.33999967575,6.41135978699,-2.64999985695,-2.31436014175,-78.5005569458,0.427976876497,-15.906006813,0.600404024124,97621.9299316,2.98000001907,44.3773269653,False
59.300000000000004,-0.105,0.002,0.018,0.0,0.3726527,9.6497436,4.82999992371,6.41135978699,-2.30999994278,-2.31436014175,-78.5005569458,0.48482054472,-15.9095973969,0.647651970387,97620.5627441,3.09999990463,49.6267318726,False
59.400000000000006,-0.112,-0.015,0.04,0.00980665,0.5099458,10.1596894,4.82999992371,6.41135978699,-2.30999994278,-2.31436014175,-78.5005569458,0.529254972935,-15.9068555832,0.66057240963,97622.833252,3.09999990463,49.6267318726,False
59.5,-0.054,-0.053,0.034,0.10787315,0.50013915,10.8265416,4.53999996185,6.7531170845,-2.14999985695,-2.54243683815,-79.8589172363,0.56779551506,-15.914144516,0.627941846848,97619.2504883,3.16999983788,49.10364151,False
59.6,-0.012,3.7964050773600005e-18,0.031,0.02941995,0.4707192,10.198916,4.28999996185,6.7531170845,-2.04999995232,-2.54243683815,-79.8589172363,0.614505648613,-15.9182786942,0.574338316917,97621.9177246,3.24000000954,49.10364151,False
59.7,-0.024,0.023,0.028,-0.00980665,0.588399,10.6304086,4.0499997139,6.7531170845,-1.91999995708,-2.54243683815,-79.8589172363,0.647032558918,-15.9159755707,0.534940421581,97621.0998535,3.29999995232,44.7553634644,False
59.800000000000004,-0.101,-0.004,0.017,0.0588399,0.53936575,10.79712165,3.57999992371,6.7531170845,-1.77999997139,-2.54243683815,-79.8589172363,0.706059813499,-15.9320602417,0.412027478218,97622.9248047,3.40999984741,40.7327651978,False
59.900000000000006,-0.108,-0.017,0.013,0.06864655,0.4903325,10.91480145,3.57999992371,5.94157171249,-1.77999997139,-2.53781747818,-80.6393585205,0.71485555172,-15.9414663315,0.358668208122,97624.029541,3.40999984741,40.7327651978,False
60.0,-0.093,-0.014,0.029,0.0196133,0.588399,12.22889255,3.4399998188,5.94157171249,-1.76999998093,-2.53781747818,-80.6393585205,0.731456637383,-15.9583845139,0.187839329243,97619.5617676,3.4399998188,40.7327651978,False
60.1,-0.216,-0.041,0.015,0.0,0.6864655,10.65982855,3.39999985695,5.94157171249,-1.91999995708,-2.53781747818,-80.6393585205,0.718729615211,-15.9640684128,0.0769115388393,97626.1169434,3.47000002861,39.2364501953,False
60.2,-0.202,-0.02,-0.007,-0.0196133,0.51975245,10.58137535,3.39999985695,5.94157171249,-1.91999995708,-2.53781747818,-80.6393585205,0.697641789913,-15.9714078903,-0.00839482806623,97626.2084961,3.47000002861,39.2364501953,False
60.300000000000004,-0.14,-0.044,0.01,-0.00980665,0.71588545,10.83634825,3.4399998188,3.06016635895,-1.9699999094,-1.99900364876,-80.9156112671,0.641629636288,-15.9782018661,-0.12058249861,97625.78125,3.47000002861,42.0440673828,False
60.400000000000006,-0.06,-1.95943487864e-18,-0.016,0.00980665,0.6668522,10.983448,3.70999979973,3.06016635895,-2.08999991417,-1.99900364876,-80.9156112671,0.62499499321,-15.9819202423,-0.169335305691,97626.8859863,3.44999980927,42.0440673828,False
60.5,0.155,0.013,-0.034,-0.06864655,0.9414384,8.97308475,4.0,3.06016635895,-2.21000003815,-1.99900364876,-80.9156112671,0.516873896122,-15.9796361923,-0.159620687366,97623.614502,3.42999982834,41.6521072388,False
60.6,0.036,-0.005,-0.077,-0.08825985,0.8237586,8.58081875,4.42000007629,3.58468103409,-2.22000002861,-1.97800397873,-80.4356994629,0.436214625835,-15.9795532227,-0.0222847908735,97623.828125,3.39999985695,38.6381149292,False
60.7,0.014,0.018,-0.104,-0.12748645,0.69627215,9.0417313,5.09999990463,3.58468103409,-2.1099998951,-1.97800397873,-80.4356994629,0.371315449476,-15.9775629044,0.0776592567563,97625.0549316,3.39999985695,38.6381149292,False
60.800000000000004,0.041,0.022,-0.135,-0.04903325,0.61781895,9.3751574,5.25,3.58468103409,-2.02999997139,-1.97800397873,-80.4356994629,0.347051501274,-15.9761962891,0.147820070386,97623.6938477,3.39999985695,50.0434875488,False
60.900000000000006,0.134,0.073,-0.128,-0.1372931,0.392266,8.32584585,5.25,3.58468103409,-2.02999997139,-1.97800397873,-80.4356994629,0.340795964003,-15.9702291489,0.207703575492,97620.703125,3.39999985695,50.0434875488,False
61.0,0.088,0.011,-0.089,-0.1372931,0.392266,8.09048625,5.35999965668,5.12005186081,-1.87999999523,-2.86272764206,-78.1083679199,0.339308828115,-15.9616565704,0.400730341673,97623.815918,3.42999982834,50.0434875488,False
61.1,0.129,-0.043,-0.053,-0.08825985,0.28439285,8.7083052,5.31999969482,5.12005186081,-1.42999994755,-2.86272764206,-78.1083679199,0.363927990198,-15.9376106262,0.619551360607,97623.7426758,3.52999997139,42.911529541,False
61.2,0.158,-0.027,-0.04,-0.0784532,0.3726527,9.07115125,5.31999969482,5.12005186081,-1.41999995708,-2.86272764206,-78.1083679199,0.389885187149,-15.9315223694,0.68092083931,97626.4526367,3.52999997139,42.911529541,False
61.300000000000004,0.026,-0.008,-0.016,-0.0588399,0.2941995,8.93385815,4.85999965668,5.12005186081,-0.939999997616,-2.86272764206,-78.1083679199,0.463596254587,-15.9101285934,0.795013070107,97625.592041,3.67999982834,52.3441314697,False
61.400000000000006,-0.101,-0.015,0.007,-0.04903325,0.2157463,9.5320638,4.48999977112,6.85519552231,-0.689999997616,-2.54367184639,-77.2404022217,0.530406951904,-15.894659996,0.832103252411,97625.4455566,3.75999999046,50.168800354,False
61.5,-0.031,-0.085,0.06,0.0,0.26477955,10.3754357,4.48999977112,6.85519552231,-0.699999988079,-2.54367184639,-77.2404022217,0.566105663776,-15.8831148148,0.819521307945,97627.4291992,3.75999999046,50.168800354,False
61.6,0.06,-0.129,0.101,0.06864655,0.38245935,11.69933345,4.11999988556,6.85519552231,-0.509999990463,-2.54367184639,-77.2404022217,0.64029443264,-15.8659496307,0.717153191566,97628.4484863,3.84999990463,50.168800354,False
61.7,-0.072,-0.109,0.107,0.0980665,0.65704555,11.76798,3.39999985695,6.85519552231,-0.370000004768,-2.54367184639,-77.2404022217,0.701285123825,-15.8403158188,0.534700155258,97632.7636719,3.99000000954,50.9673118591,False
61.800000000000004,-0.111,-0.041,0.081,0.10787315,0.75511205,11.69933345,3.39999985695,6.85519552231,-0.379999995232,-2.54367184639,-77.2404022217,0.739237189293,-15.810883522,0.334707438946,97631.4453125,3.99000000954,50.9673118591,False
61.900000000000006,-0.139,-0.025,0.039,0.0,0.7453054,10.91480145,3.1899998188,6.85519552231,-0.379999995232,-2.54367184639,-77.2404022217,0.742719113827,-15.7712335587,0.230535909534,97630.4748535,4.03999996185,52.3825645447,False
62.0,-0.125,0.016,0.004,-0.06864655,0.7256921,10.14988275,3.13999986649,5.74840641022,-0.340000003576,-0.0513447746634,-79.3882751465,0.739504218102,-15.7506809235,0.208907753229,97631.9885254,4.07999992371,61.713886261,False
62.1,-0.229,0.071,-0.083,-0.0392266,0.6276256,9.6693569,3.34999990463,5.74840641022,-0.340000003576,-0.0513447746634,-79.3882751465,0.707461237907,-15.7205343246,0.21576051414,97633.0078125,4.07999992371,61.713886261,False
62.2,-0.154,0.032,-0.096,-0.02941995,0.5099458,9.54187045,3.34999990463,5.74840641022,-0.289999991655,-0.0513447746634,-79.3882751465,0.659132003784,-15.6747102737,0.264583796263,97636.2609863,4.08999967575,61.713886261,False
62.300000000000004,-0.033,0.005,-0.091,-0.04903325,0.2549729,9.9047165,3.41999983788,5.74840641022,-0.199999988079,-0.0513447746634,-79.3882751465,0.640051841736,-15.6493549347,0.27089086175,97630.4382324,4.11000013351,66.0297393799,False
62.400000000000006,0.047,-0.062,-0.064,0.12748645,0.28439285,10.5715687,3.51999998093,3.32684087753,-0.119999997318,-0.698667824268,-78.0994262695,0.636133015156,-15.6340885162,0.224355563521,97631.7016602,4.13999986649,66.0297393799,False
62.5,0.077,-0.056,0.015,0.10787315,0.5491724,9.8851032,3.49000000954,3.32684087753,-0.070000000298,-0.698667824268,-78.0994262695,0.595263957977,-15.6099681854,0.260807901621,97631.8054199,4.17000007629,75.4393615723,False
62.6,0.07,-0.048,0.001,0.0,0.6864655,10.07142955,3.70999979973,3.32684087753,0.019999999553,-0.698667824268,-78.0994262695,0.562965750694,-15.5826187134,0.280643880367,97631.1706543,4.19000005722,75.4393615723,False
62.7,0.082,-0.073,-0.036,0.1569064,0.3726527,10.81673495,3.82999992371,4.77477502823,0.119999997318,0.220247879624,-77.7961273193,0.568782627583,-15.5447034836,0.188086554408,97631.6955566,4.21999979019,77.461151123,False
62.800000000000004,-0.012,-0.031,-0.003,0.2157463,0.16671305,11.22861425,3.81999993324,4.77477502823,0.119999997318,0.220247879624,-77.7961273193,0.603609919548,-15.5058965683,0.0571210086346,97636.1083984,4.25999975204,84.8892211914,False
62.900000000000006,-0.002,-0.037,0.075,0.18632635,0.12748645,10.7088618,3.59999990463,4.77477502823,0.070000000298,0.220247879624,-77.7961273193,0.630255877972,-15.463850975,-0.0081864176318,97635.949707,4.25999975204,84.8892211914,False
63.0,0.136,-0.054,0.119,0.18632635,0.12748645,11.3561007,3.15999984741,5.11512422562,-0.070000000298,0.928924381733,-78.1838378906,0.677437722683,-15.3968572617,-0.187457978725,97634.4909668,4.25,91.9912338257,False
63.1,0.109,0.058,0.128,0.2353596,0.4707192,10.32640245,3.15999984741,5.11512422562,-0.070000000298,0.928924381733,-78.1838378906,0.679172337055,-15.3717899323,-0.216332137585,97632.9101562,4.25,91.9912338257,False
63.2,0.054,0.013,0.094,0.14709975,0.6472389,9.83606995,3.01999998093,5.11512422562,-0.149999991059,0.928924381733,-78.1838378906,0.693424165249,-15.3412485123,-0.206981897354,97631.8481445,4.19999980927,98.0560302734,False
63.300000000000004,-0.069,0.043,0.071,0.1765197,0.6080123,9.34573745,3.0,6.5909948349,-0.159999996424,0.6286637187,-80.5294494629,0.690680623055,-15.2853851318,-0.116608686745,97634.5825195,4.17999982834,98.0560302734,False
63.400000000000006,-0.18,0.024,0.04,0.18632635,0.85317855,9.60071035,3.04999995232,6.5909948349,-0.140000000596,0.6286637187,-80.5294494629,0.663632631302,-15.2622108459,-0.0654321834445,97632.6049805,4.17000007629,106.532478333,False
63.5,-0.074,0.063,-0.012,0.1176798,0.87279185,8.83579165,3.26999998093,6.5909948349,-0.070000000298,0.6286637187,-80.5294494629,0.621432304382,-15.2407417297,0.0423825979233,97631.9091797,4.15999984741,106.532478333,False
63.6,-0.024,0.079,-0.072,0.04903325,0.81395195,8.4729456,3.26999998093,6.5909948349,-0.070000000298,0.6286637187,-80.5294494629,0.594048380852,-15.2271785736,0.153320714831,97632.3486328,4.17000007629,103.530792236,False
63.7,-0.028,0.09,-0.105,0.02941995,0.5687857,7.60015375,3.38999986649,6.5909948349,0.0499999970198,0.6286637187,-80.5294494629,0.556197762489,-15.2164487839,0.386229664087,97632.1411133,4.17000007629,103.530792236,False
63.800000000000004,-0.076,-0.001,-0.098,0.0,0.7060788,8.4925589,3.58999991417,5.01964092255,0.289999991655,-1.14502811432,-79.9714813232,0.517028570175,-15.2125740051,0.560298979282,97632.7880859,4.19999980927,103.530792236,False
63.900000000000006,-0.121,0.004,-0.102,0.0,0.6472389,9.62032365,3.94999980927,5.01964092255,0.729999959469,-1.14502811432,-79.9714813232,0.50538611412,-15.2049131393,0.575905203819,97628.3935547,4.25,114.458175659,False
64.0,0.025,-0.049,-0.104,0.1569064,0.3530394,10.0420096,3.86999988556,5.01964092255,0.899999976158,-1.14502811432,-79.9714813232,0.494509637356,-15.1990661621,0.561503529549,97634.9060059,4.38000011444,114.458175659,False
64.10000000000001,0.12,-0.126,-0.073,0.3530394,1.41594157062e-15,11.56204035,3.86999988556,5.01964092255,0.899999976158,-1.14502811432,-79.9714813232,0.508893072605,-15.195980072,0.527617633343,97633.1176758,4.38000011444,114.458175659,False
64.2,0.106,-0.134,0.06,0.57859235,0.14709975,13.2585908,3.65999984741,5.33496427536,0.949999988079,-0.0956271290779,-77.7658538818,0.626608848572,-15.1799221039,0.149619966745,97634.5825195,4.44000005722,116.654586792,False
64.3,-0.001,-0.044,0.142,0.5687857,0.1176798,12.81729155,3.15999984741,5.33496427536,0.849999964237,-0.0956271290779,-77.7658538818,0.722903370857,-15.1573915482,-0.196809008718,97635.7971191,4.48000001907,114.323806763,False
64.4,-0.065,-0.058,0.194,0.55897905,0.5491724,12.17005265,2.71000003815,5.33496427536,0.659999966621,-0.0956271290779,-77.7658538818,0.751467227936,-15.1440372467,-0.369351238012,97638.9099121,4.44999980927,112.795547485,False
64.5,-0.181,-0.049,0.158,0.4314926,0.18632635,11.15016105,2.42999982834,5.33496427536,0.449999988079,-0.0956271290779,-77.7658538818,0.785508334637,-15.1087942123,-0.521996974945,97633.3129883,4.44999980927,112.795547485,False
64.60000000000001,-0.204,-0.083,0.222,0.5099458,0.67665885,11.964113,2.21000003815,4.44360780716,0.219999998808,1.6968101263,-80.8612670898,0.763630092144,-15.0877599716,-0.702875733376,97638.0554199,4.38999986649,112.795547485,False
64.7,-0.054,0.028,0.149,0.4314926,1.26505785,10.26756255,2.27999997139,4.44360780716,-0.0399999991059,1.6968101263,-80.8612670898,0.709523677826,-15.074382782,-0.784667432308,97632.0495605,4.31999969482,114.916229248,False
64.8,-0.168,0.123,0.021,0.36284605,1.16699135,9.7674234,2.77999997139,4.44360780716,-0.299999982119,1.6968101263,-80.8612670898,0.54204171896,-15.0548915863,-0.758916258812,97636.5112305,4.13999986649,117.385391235,False
64.9,-0.053,0.148,-0.086,0.1765197,1.10815145,8.01203305,3.39999985695,4.44360780716,-0.459999978542,1.6968101263,-80.8612670898,0.41665148735,-15.0502052307,-0.646170318127,97633.215332,4.13999986649,117.385391235,False
65.0,-0.071,0.149,-0.159,0.196133,0.7453054,7.67860695,5.25999975204,1.58215487003,-0.550000011921,0.00932715646923,-82.3499221802,0.299637317657,-15.0512371063,-0.388236403465,97628.8085938,4.0,130.139831543,False
65.10000000000001,-0.026,0.046,-0.153,0.16671305,0.4707192,8.9436648,5.25999975204,1.58215487003,-0.550000011921,0.00932715646923,-82.3499221802,0.239426091313,-15.054681778,-0.287642121315,97633.1481934,4.0,130.139831543,False
65.2,0.334,0.037,-0.14,0.26477955,0.3334261,8.89463155,5.78999996185,1.58215487003,-0.52999997139,0.00932715646923,-82.3499221802,0.199676200747,-15.0647220612,-0.187137916684,97630.7739258,3.95999979973,130.139831543,False
65.3,0.219,-0.029,-0.084,0.32361945,0.2745862,9.6497436,6.15000009537,1.58215487003,-0.479999989271,0.00932715646923,-82.3499221802,0.17306303978,-15.0789413452,-0.0895771235228,97627.5390625,3.9399998188,132.515045166,False
65.4,0.137,-0.032,-0.047,0.3726527,0.2941995,10.20872265,6.71000003815,5.28190517426,-0.42999997735,-0.859617769718,-79.6004104614,0.191811233759,-15.0854625702,-0.084106862545,97624.6276855,3.9399998188,132.515045166,False
65.5,-0.033,-0.007,0.023,0.42168595,0.7060788,10.24794925,7.73999977112,5.28190517426,-0.449999988079,-0.859617769718,-79.6004104614,0.217822685838,-15.105758667,-0.119610629976,97627.2460938,3.92999982834,125.316619873,False
65.60000000000001,0.016,0.014,0.038,0.38245935,0.63743225,9.67916355,7.73999977112,5.28190517426,-0.449999988079,-0.859617769718,-79.6004104614,0.226143583655,-15.1185045242,-0.105059556663,97623.7976074,3.92999982834,125.316619873,False
65.7,0.161,0.005,-0.002,0.4314926,0.61781895,9.5712904,7.84999990463,6.23083114624,-0.439999997616,-0.790695846081,-79.8268661499,0.227575138211,-15.1374092102,-0.0572394132614,97627.1850586,3.90999984741,128.922943115,False
65.8,0.137,0.035,-0.018,0.48052585,0.7256921,9.4928372,9.55999946594,6.23083114624,-0.399999976158,-0.790695846081,-79.8268661499,0.248130455613,-15.1562614441,-0.0125816995278,97627.1850586,3.89999985695,120.999717712,False
65.9,-0.045,0.054,-0.026,0.3334261,0.6080123,8.8455983,9.55999946594,6.23083114624,-0.399999976158,-0.790695846081,-79.8268661499,0.266867309809,-15.1735200882,0.067960575223,97627.9663086,3.89999985695,120.999717712,False
66.0,0.013,0.075,-0.03,0.32361945,0.61781895,8.6690786,12.6999998093,6.23083114624,-0.149999991059,-0.790695846081,-79.8268661499,0.284897208214,-15.1991729736,0.207676172256,97628.125,3.91999983788,112.948417664,False
66.10000000000001,-0.023,0.012,-0.049,0.2745862,0.51975245,8.8652116,13.0399999619,7.71355295181,0.019999999553,-2.03052735329,-79.5594177246,0.299173742533,-15.2244491577,0.342794835567,97625.9643555,3.95999979973,113.948348999,False
66.2,-0.008,-0.002,-0.061,0.3530394,0.67665885,9.8262633,13.2599992752,7.71355295181,0.159999996424,-2.03052735329,-79.5594177246,0.337118804455,-15.2530469894,0.428792923689,97628.2226562,4.0,111.728759766,False
66.3,0.03,0.02,-0.083,0.20593965,0.5491724,8.9044382,13.2599992752,7.71355295181,0.159999996424,-2.03052735329,-79.5594177246,0.369100064039,-15.2786312103,0.496620714664,97626.6357422,4.0,111.728759766,False
66.4,0.106,-0.028,-0.079,0.18632635,0.4314926,8.93385815,15.8599996567,8.13905334473,0.379999995232,-2.35519576073,-78.5381317139,0.414117366076,-15.2980499268,0.617659509182,97631.8908691,4.0499997139,111.728759766,False
66.5,0.207,-0.039,-0.064,0.30400615,0.4903325,9.58109705,18.8199996948,8.13905334473,0.849999964237,-2.35519576073,-78.5381317139,0.470365256071,-15.3153409958,0.693812251091,97632.6538086,4.19000005722,106.708618164,False
66.60000000000001,0.123,0.022,-0.047,0.3138128,0.59820565,9.7085835,18.8199996948,8.13905334473,0.849999964237,-2.35519576073,-78.5381317139,0.565877258778,-15.3350877762,0.719154119492,97629.284668,4.19000005722,106.708618164,False
66.7,0.216,-0.029,-0.041,0.28439285,0.4118793,10.3165958,19.0,11.1870441437,1.09000003338,-2.42937350273,-77.5322799683,0.762639045715,-15.3515481949,0.781926691532,97631.8115234,4.26999998093,99.9822616577,False
66.8,0.341,-0.079,-0.025,0.34323275,0.4118793,10.2185293,19.0299987793,11.1870441437,1.36000001431,-2.42937350273,-77.5322799683,0.89855247736,-15.3564758301,0.780232310295,97639.1052246,4.34999990463,99.9822616577,False
66.9,0.205,-0.115,0.004,0.3726527,0.7060788,10.54214875,22.6000003815,11.1870441437,1.57999992371,-2.42937350273,-77.5322799683,1.07685709,-15.3480205536,0.760693907738,97634.2468262,4.42999982834,91.9748306274,False
67.0,0.152,-0.085,0.004,0.4511059,0.7453054,10.983448,24.6899986267,11.1870441437,1.97999989986,-2.42937350273,-77.5322799683,1.15341794491,-15.3463382721,0.737638533115,97633.9660645,4.59999990463,85.9904327393,False
67.10000000000001,0.138,-0.087,-0.029,0.3726527,0.8825985,10.5323421,24.6899986267,17.0986595154,1.99000000954,-0.855692505836,-76.7960968018,1.50553488731,-15.3157835007,0.669182360172,97635.15625,4.59999990463,85.9904327393,False
67.2,0.102,-0.111,-0.07,0.50013915,0.95124505,10.64021525,27.6599998474,17.0986595154,2.32999992371,-0.855692505836,-76.7960968018,1.71149396896,-15.2859973907,0.622664809227,97641.5161133,4.73000001907,87.3086929321,False
67.3,0.103,-0.044,-0.108,0.42168595,0.8237586,10.64021525,27.6599998474,17.0986595154,2.33999991417,-0.855692505836,-76.7960968018,1.88957750797,-15.2506790161,0.585337400436,97641.5161133,4.73000001907,87.3086929321,False
67.4,0.154,-0.03,-0.155,0.4511059,0.93163175,10.16949605,27.5299987793,17.0986595154,2.64999985695,-0.855692505836,-76.7960968018,2.15778923035,-15.2049713135,0.579501032829,97642.8100586,4.84999990463,77.762512207,False
67.5,0.165,-0.088,-0.165,0.4314926,0.87279185,10.3362091,27.5299987793,17.0986595154,2.66999983788,-0.855692505836,-76.7960968018,2.40392827988,-15.1506414413,0.564619898796,97641.2841797,4.84999990463,77.762512207,False
67.60000000000001,0.152,-0.077,-0.185,0.4511059,0.77472535,10.2969825,29.1299991608,20.8966732025,3.02999997139,-0.21926112473,-73.4321289062,2.61672210693,-15.0999517441,0.5708116889,97640.1062012,4.96999979019,78.1965255737,False
67.7,0.158,-0.085,-0.188,0.4707192,0.85317855,10.20872265,29.1299991608,20.8966732025,3.02999997139,-0.21926112473,-73.4321289062,2.77777981758,-15.0558214188,0.57814592123,97644.8486328,4.96999979019,78.1965255737,False
67.8,0.158,-0.085,-0.188,0.4707192,0.85317855,10.20872265,31.5299987793,20.8966732025,3.23000001907,-0.21926112473,-73.4321289062,3.06887745857,-14.9742593765,0.579989433289,97644.8486328,5.02999973297,78.1965255737,False
67.9,0.191,-0.247,-0.185,0.6080123,0.97085835,11.7287534,31.2600002289,20.8966732025,3.42999982834,-0.21926112473,-73.4321289062,3.47083044052,-14.8351354599,0.484058588743,97638.2141113,5.08999967575,76.8050231934,False
68.0,0.184,-0.258,-0.196,0.6864655,0.980665,12.0229529,30.7299995422,20.8966732025,3.53999996185,-0.21926112473,-73.4321289062,3.84377527237,-14.6840848923,0.364009350538,97645.9960938,5.13999986649,76.8050231934,False
68.10000000000001,0.116,-0.244,-0.181,0.77472535,1.0395049,12.11121275,30.0,26.3519172668,3.57999992371,2.02629637718,-66.7238311768,4.14910268784,-14.5353155136,0.244855523109,97648.9501953,5.17999982834,79.8849105835,False
68.2,0.056,-0.185,-0.193,0.7453054,1.02969825,12.1798593,30.8199996948,26.3519172668,3.54999995232,2.02629637718,-66.7238311768,4.80004644394,-14.185968399,0.00635201204568,97650.5859375,5.21000003815,85.5854034424,False
68.3,-0.055,-0.114,-0.198,0.7649187,1.0002783,11.7875933,30.8199996948,26.3519172668,3.54999995232,2.02629637718,-66.7238311768,5.02822113037,-14.0482988358,-0.0653268843889,97646.0388184,5.21000003815,85.5854034424,False
68.4,-0.055,-0.114,-0.198,0.7649187,1.0002783,11.7875933,29.9200000763,26.3519172668,3.49000000954,2.02629637718,-66.7238311768,5.46129608154,-13.7771511078,-0.164202585816,97646.0388184,5.19999980927,85.5854034424,False
68.5,0.047,-0.126,-0.245,0.7060788,0.8237586,11.05209455,28.2099990845,27.9189872742,3.39999985695,3.3462741375,-60.670085907,5.6632976532,-13.6411533356,-0.186667472124,97641.7785645,5.19000005722,89.9143218994,False
68.60000000000001,0.03,-0.134,-0.252,0.7256921,0.7256921,11.20900095,28.2099990845,27.9189872742,3.40999984741,3.3462741375,-60.670085907,6.01390218735,-13.4047603607,-0.217695742846,97642.7307129,5.15999984741,89.9143218994,False
68.7,-0.002,-0.089,-0.208,0.65704555,0.8237586,10.58137535,30.0399990082,27.9189872742,3.29999995232,3.3462741375,-60.670085907,6.56517314911,-13.0044593811,-0.225412517786,97645.513916,5.08999967575,92.8441009521,False
68.8,0.022,-0.118,-0.208,0.71588545,0.91201845,11.40513395,30.0399990082,27.9189872742,3.30999994278,3.3462741375,-60.670085907,6.76959705353,-12.8549613953,-0.227551817894,97643.6523438,5.08999967575,92.8441009521,False
68.9,0.036,-0.123,-0.238,0.8041453,1.04931155,11.97391965,28.1499996185,29.1626396179,3.13999986649,3.01367998123,-55.1200637817,7.0643196106,-12.6256599426,-0.29793459177,97649.6276855,5.01999998093,109.543800354,False
69.0,-0.075,-0.097,-0.242,0.7453054,1.04931155,11.09132115,28.1499996185,29.1626396179,3.13999986649,3.01367998123,-55.1200637817,7.57184886932,-12.2241592407,-0.372319877148,97649.6276855,4.98000001907,105.637832642,False
69.10000000000001,-0.119,-0.047,-0.262,0.69627215,1.0198916,10.83634825,28.9399986267,29.1626396179,2.97000002861,3.01367998123,-55.1200637817,7.94866371155,-11.9020452499,-0.351456701756,97643.8659668,4.94000005722,105.637832642,False
69.2,-0.163,-0.017,-0.272,0.59820565,0.6864655,9.3359308,28.9499988556,29.1626396179,2.96000003815,3.01367998123,-55.1200637817,8.16157627106,-11.7170915604,-0.236489072442,97639.5629883,4.94000005722,105.637832642,False
69.3,-0.05,-0.084,-0.278,0.6080123,0.6080123,9.44380395,28.6399993896,28.4597454071,3.06999993324,1.68746984005,-48.8307800293,8.48018455505,-11.4302453995,-0.0772605165839,97638.3239746,4.88999986649,111.487579346,False
69.4,-0.084,-0.148,-0.253,0.67665885,0.5295591,10.0223963,27.9300003052,28.4597454071,3.09999990463,1.68746984005,-48.8307800293,8.71257019043,-11.2179784775,-0.0311618577689,97646.0998535,4.88000011444,113.274856567,False
69.5,-0.102,-0.145,-0.218,0.75511205,0.7060788,10.22833595,27.9300003052,28.4597454071,3.09999990463,1.68746984005,-48.8307800293,8.9357213974,-11.0008049011,0.00344627839513,97643.9208984,4.88000011444,113.274856567,False
69.60000000000001,-0.102,-0.145,-0.218,0.75511205,0.7060788,10.22833595,28.8999996185,28.4597454071,3.13999986649,1.68746984005,-48.8307800293,9.22421073914,-10.7194471359,0.0179930832237,97643.9208984,4.86999988556,113.274856567,False
69.7,0.015,-0.232,-0.194,0.8433719,0.784532,11.24822755,28.1399993896,27.5995063782,3.1899998188,2.03781509399,-42.5104751587,9.56339550018,-10.3410482407,-0.0257337819785,97643.4448242,4.88000011444,113.394073486,False
69.8,-0.011,-0.225,-0.175,0.8433719,0.89240515,11.9444997,28.8799991608,27.5995063782,3.17999982834,2.03781509399,-42.5104751587,9.85978317261,-9.98000907898,-0.132444411516,97646.5148926,4.88000011444,113.394073486,False
69.9,-0.064,-0.129,-0.148,0.93163175,0.8629852,12.0033396,27.8699989319,27.5995063782,3.12999987602,2.03781509399,-42.5104751587,10.0818367004,-9.68037128448,-0.229035452008,97642.5842285,4.86999988556,105.363372803,False
70.0,-0.079,-0.122,-0.128,0.81395195,0.89240515,11.2972608,28.3199996948,27.6973190308,3.02999997139,3.63095450401,-38.1404838562,10.2824020386,-9.39939880371,-0.282459765673,97631.9030762,4.84999990463,105.363372803,False
70.10000000000001,0.06,-0.022,-0.158,0.69627215,0.9414384,9.4732239,27.4699993134,27.6973190308,2.97000002861,3.63095450401,-38.1404838562,10.5641422272,-8.96045017242,-0.272570550442,97631.9030762,4.81999969482,115.087036133,False
70.2,0.02,-0.044,-0.175,0.588399,1.0395049,8.67888525,27.0900001526,27.6973190308,2.99000000954,3.63095450401,-38.1404838562,10.7475757599,-8.65629482269,-0.0985335335135,97639.0625,4.75,123.242858887,False
70.3,-0.066,-0.12,-0.215,0.67665885,0.95124505,9.44380395,27.0900001526,27.6973190308,2.99000000954,3.63095450401,-38.1404838562,10.8091821671,-8.54756069183,-0.04734839499,97643.6767578,4.75,123.242858887,False
70.4,-0.154,-0.177,-0.265,0.784532,0.89240515,10.9638347,27.8199996948,27.7458610535,3.04999995232,3.5608394146,-33.8782463074,11.0220088959,-8.18079280853,0.013825927861,97639.4897461,4.73000001907,123.242858887,False
70.5,-0.03,-0.166,-0.258,0.9022118,0.9218251,11.87585315,26.1999988556,27.7458610535,3.01999998093,3.5608394146,-33.8782463074,11.2858428955,-7.66631555557,-0.0884645208716,97639.4897461,4.71999979019,129.58001709,False
70.60000000000001,0.023,-0.155,-0.246,0.83356525,0.77472535,10.87557485,26.3499984741,27.7458610535,3.00999999046,3.5608394146,-33.8782463074,11.4617977142,-7.29468393326,-0.118126548827,97640.1245117,4.71000003815,128.269866943,False
70.7,0.113,-0.175,-0.238,0.99047165,0.6668522,11.3364874,26.3499984741,27.7458610535,3.02999997139,3.5608394146,-33.8782463074,11.6114025116,-6.97307634354,-0.157827883959,97641.6381836,4.71000003815,128.269866943,False
70.8,0.046,-0.157,-0.197,0.980665,0.8433719,11.179581,25.1899986267,29.2812252045,2.95000004768,4.34600496292,-26.1172504425,11.8333721161,-6.46956968307,-0.212636455894,97639.9719238,4.67999982834,136.327178955,False
70.9,-0.032,-0.114,-0.181,1.0002783,0.8237586,11.15016105,24.0199985504,29.2812252045,2.88999986649,4.34600496292,-26.1172504425,12.0040225983,-6.04987001419,-0.253838866949,97637.3413086,4.65999984741,136.327178955,False
71.0,0.051,-0.135,-0.176,1.04931155,0.980665,11.24822755,24.0100002289,29.2812252045,2.89999985695,4.34600496292,-26.1172504425,12.1098966599,-5.79155874252,-0.276874095201,97633.5205078,4.65999984741,136.327178955,False
71.10000000000001,-0.058,-0.136,-0.168,1.06892485,1.04931155,11.05209455,22.7999992371,29.2812252045,2.83999991417,4.34600496292,-26.1172504425,12.2306537628,-5.45792341232,-0.301756292582,97633.4533691,4.63000011444,136.327178955,False
71.2,-0.269,-0.113,-0.172,1.01008495,1.06892485,10.44408225,21.7600002289,29.8069934845,2.73000001907,4.81177711487,-21.8105258942,12.3998813629,-4.96520709991,-0.311321049929,97638.5375977,4.58999967575,144.297790527,False
71.3,-0.3,-0.08,-0.183,1.0198916,1.176798,10.3754357,20.5499992371,29.8069934845,2.61999988556,4.81177711487,-21.8105258942,12.5268316269,-4.52449798584,-0.292058974504,97632.1472168,4.5499997139,143.80255127,False
71.4,-0.3,-0.08,-0.183,1.0198916,1.176798,10.3754357,19.7999992371,29.8069934845,2.51999998093,4.81177711487,-21.8105258942,12.6175785065,-4.19654655457,-0.27721953392,97632.1472168,4.50999975204,143.80255127,False
71.5,-0.182,-0.013,-0.254,0.9218251,0.97085835,10.16949605,18.8400001526,29.8069934845,2.46000003815,4.81177711487,-21.8105258942,12.6782617569,-3.94384288788,-0.243516162038,97632.824707,4.46999979019,135.413833618,False
71.60000000000001,-0.085,0.011,-0.224,0.91201845,0.9610517,10.1008495,17.859998703,24.8855628967,2.39999985695,3.40118694305,-16.1217975616,12.7510938644,-3.6867992878,-0.226999819279,97631.9885254,4.40000009537,139.394561768,False
71.7,-0.094,0.042,-0.228,0.8041453,0.784532,9.34573745,16.1499996185,24.8855628967,2.36999988556,3.40118694305,-16.1217975616,12.8759431839,-3.2260119915,-0.0814383849502,97628.3813477,4.36999988556,140.394500732,False
71.8,-0.247,-0.016,-0.179,0.75511205,0.8041453,8.26700595,16.1599998474,24.8855628967,2.3599998951,3.40118694305,-16.1217975616,12.9052333832,-3.13330006599,0.000441061332822,97632.244873,4.36999988556,140.394500732,False
71.9,-0.223,-0.087,-0.203,0.81395195,0.6668522,9.38496405,14.7199993134,24.8855628967,2.55999994278,3.40118694305,-16.1217975616,12.966840744,-2.8937857151,0.168969348073,97627.9663086,4.36000013351,142.718505859,False
72.0,-0.265,-0.043,-0.193,0.8041453,0.7256921,9.44380395,14.7199993134,24.8855628967,2.54999995232,3.40118694305,-16.1217975616,13.0330257416,-2.63774609566,0.25890108943,97634.6862793,4.36000013351,142.718505859,False
72.10000000000001,-0.221,-0.042,-0.186,0.87279185,0.69627215,9.83606995,13.8899993896,24.8855628967,2.62999987602,3.40118694305,-16.1217975616,13.1030540466,-2.34798359871,0.337127864361,97631.9458008,4.38000011444,142.718505859,False
72.2,-0.178,-0.001,-0.166,0.87279185,0.79433865,9.48303055,13.0799999237,19.7713718414,2.74000000954,1.89303767681,-10.4656963348,13.1535053253,-2.16814208031,0.388435214758,97622.4121094,4.40999984741,137.343215942,False
72.3,-0.217,-0.048,-0.145,0.8629852,0.7060788,9.46341725,12.3599996567,19.7713718414,2.87999987602,1.89303767681,-10.4656963348,13.2255153656,-1.90025091171,0.49510255456,97628.6437988,4.44000005722,137.343215942,False
72.4,-0.246,-0.076,-0.142,0.9414384,0.7453054,9.87529655,11.7399997711,17.1343727112,3.01999998093,1.4523781538,-8.05278110504,13.2600431442,-1.78959262371,0.514616787434,97627.545166,4.48000001907,135.201171875,False
72.5,-0.271,-0.094,-0.13,0.980665,0.8041453,10.54214875,11.1099996567,17.1343727112,3.11999988556,1.4523781538,-8.05278110504,13.3073167801,-1.6070420742,0.503052771091,97632.7697754,4.51999998093,135.201171875,False
72.60000000000001,-0.22,-0.083,-0.121,1.08853815,0.9218251,10.73828175,10.4699993134,17.1343727112,3.17999982834,1.4523781538,-8.05278110504,13.3655281067,-1.38667428493,0.420366406441,97633.1787109,4.55999994278,129.459289551,False
72.7,-0.177,-0.079,-0.125,1.10815145,0.99047165,10.85596155,9.9299993515,17.1343727112,3.24000000954,1.4523781538,-8.05278110504,13.3843622208,-1.2797344923,0.354777336121,97630.5969238,4.58999967575,129.459289551,False
72.8,-0.148,-0.072,-0.133,1.1179581,0.9610517,10.89518815,9.47999954224,12.9904499054,3.25,2.38832163811,-5.20391511917,13.4131832123,-1.15555143356,0.265997678041,97630.2246094,4.61000013351,131.291381836,False
72.9,-0.135,-0.079,-0.124,1.1375714,0.8237586,10.9442214,9.02999973297,12.9904499054,3.25,2.38832163811,-5.20391511917,13.4291191101,-1.03598320484,0.163917526603,97630.8410645,4.63000011444,131.291381836,False
73.0,-0.132,-0.019,-0.106,1.0983448,0.79433865,10.46369555,8.60999965668,12.9904499054,3.21000003815,2.38832163811,-5.20391511917,13.4426727295,-0.94696611166,0.0958257466555,97633.0627441,4.63000011444,132.756988525,False
73.10000000000001,-0.111,0.012,-0.095,1.01008495,0.8041453,10.4342756,8.22999954224,11.0393133163,3.16999983788,3.00058794022,-2.94192767143,13.4507751465,-0.847184062004,0.0544064231217,97633.0627441,4.61999988556,130.521972656,False
73.2,-0.142,0.069,-0.079,0.97085835,0.8433719,9.6301303,7.86999988556,11.0393133163,3.13999986649,3.00058794022,-2.94192767143,13.4714183807,-0.742105305195,0.0518469251692,97629.9133301,4.61000013351,130.521972656,False
73.3,-0.223,0.037,-0.064,0.9610517,0.784532,9.2574776,7.3799996376,11.0393133163,3.1899998188,3.00058794022,-2.94192767143,13.489575386,-0.655799567699,0.117905400693,97628.9245605,4.58999967575,145.299346924,False
73.4,-0.237,0.013,-0.053,1.02969825,0.784532,9.8851032,7.3799996376,11.0393133163,3.17999982834,3.00058794022,-2.94192767143,13.4975662231,-0.63440823555,0.120681703091,97629.5043945,4.58999967575,145.299346924,False
73.5,-0.179,0.04,-0.055,1.0198916,0.65704555,9.87529655,7.21999979019,7.97540807724,3.19999980927,1.98927128315,-1.33255398273,13.5132436752,-0.591465234756,0.125113651156,97634.588623,4.58999967575,145.299346924,False
73.60000000000001,-0.128,-0.016,-0.048,1.0002783,0.7453054,10.198916,7.11999988556,7.97540807724,3.19999980927,1.98927128315,-1.33255398273,13.5422744751,-0.540360689163,0.100739851594,97633.4533691,4.57999992371,138.607879639,False
73.7,-0.064,0.035,-0.051,1.0002783,0.61781895,10.2577559,7.0499997139,7.97540807724,3.21000003815,1.98927128315,-1.33255398273,13.5445594788,-0.529608607292,0.0880457311869,97628.9672852,4.57999992371,138.607879639,False
73.8,-0.023,-0.038,-0.028,1.08853815,0.6080123,10.46369555,6.88999986649,5.78389167786,3.19999980927,1.98927128315,-1.33255398273,13.5725669861,-0.48972979188,0.0586209893227,97630.9753418,4.57999992371,138.642303467,False
73.9,-0.041,-0.042,-0.01,1.02969825,0.77472535,10.36562905,6.88999986649,5.78389167786,3.17999982834,1.64417755604,-0.419397950172,13.5826778412,-0.464329302311,0.00607047230005,97634.2651367,4.56999969482,138.642303467,False
74.0,-0.143,-0.041,0.007,1.12776475,0.7060788,10.42446895,6.84999990463,5.78389167786,3.12999987602,1.64417755604,-0.419397950172,13.6018705368,-0.446634441614,-0.0407756194472,97627.0507812,4.5499997139,132.261947632,False
74.10000000000001,-0.138,-0.053,0.009,1.1179581,0.6864655,10.5519554,6.86999988556,5.78389167786,3.07999992371,1.64417755604,-0.419397950172,13.6044330597,-0.43594583869,-0.0936941206455,97628.1311035,4.53999996185,132.261947632,False
74.2,-0.152,-0.023,-0.009,1.12776475,0.7060788,10.50292215,6.89999961853,4.37646770477,3.0,2.59214687347,-0.477710306644,13.6139583588,-0.436598867178,-0.170200034976,97630.5297852,4.50999975204,136.112792969,False
74.3,-0.126,-0.029,-0.003,1.06892485,0.6080123,10.38524235,7.10999965668,4.37646770477,2.81999993324,2.59214687347,-0.477710306644,13.6016197205,-0.456825911999,-0.213308438659,97628.2165527,4.44999980927,129.764648438,False
74.4,-0.086,-0.053,-0.001,1.01008495,0.59820565,10.30678915,7.10999965668,4.37646770477,2.81999993324,2.59214687347,-0.477710306644,13.5994968414,-0.4667275846,-0.245707392693,97628.2165527,4.40999984741,129.764648438,False
74.5,-0.018,-0.05,-0.009,1.0002783,0.69627215,10.1008495,7.5,2.76243758202,2.6099998951,3.33847951889,-0.480244487524,13.5812797546,-0.493658065796,-0.280674219131,97634.197998,4.36000013351,130.227844238,False
74.60000000000001,0.001,-0.064,0.001,1.0591182,0.6864655,10.4538889,7.5,2.76243758202,2.6099998951,3.33847951889,-0.480244487524,13.5692739487,-0.518470287323,-0.324750840664,97624.420166,4.36000013351,130.227844238,False
74.7,-0.068,-0.066,0.012,1.06892485,0.7453054,10.591182,7.91999959946,2.76243758202,2.33999991417,3.33847951889,-0.480244487524,13.5202255249,-0.555387377739,-0.418521672487,97632.3913574,4.25999975204,178.869049072,False
74.8,-0.034,-0.037,0.006,1.04931155,0.8237586,10.8265416,8.1799993515,2.76243758202,2.15999984741,3.33847951889,-0.480244487524,13.4991149902,-0.579653799534,-0.47395914793,97632.7087402,4.21000003815,178.869049072,False
74.9,-0.034,-0.037,0.006,1.04931155,0.8237586,10.8265416,8.1799993515,2.6509013176,2.15999984741,4.41048145294,-0.774381637573,13.4791498184,-0.590748250484,-0.498967051506,97632.7087402,4.13999986649,181.63394165,False
75.0,0.089,-6.12323399574e-19,-0.005,0.93163175,0.57859235,10.73828175,8.40999984741,2.6509013176,1.97999989986,4.41048145294,-0.774381637573,13.4024543762,-0.613336920738,-0.600694060326,97627.5146484,4.13999986649,181.63394165,False
75.10000000000001,0.157,2.5717582782100003e-18,0.021,0.87279185,0.5295591,10.0420096,8.53999996185,2.6509013176,1.77999997139,4.41048145294,-0.774381637573,13.3429660797,-0.614926278591,-0.634273469448,97625.0183105,4.06999969482,181.63394165,False
75.2,0.09,-0.045,0.045,0.9022118,0.7649187,10.1793027,8.63000011444,2.6509013176,1.61000001431,4.41048145294,-0.774381637573,13.2881669998,-0.600308716297,-0.6585470438,97628.5888672,4.0,187.456329346,False
75.3,0.076,-0.034,0.023,0.9414384,0.67665885,10.2185293,8.65999984741,2.6509013176,1.41999995708,4.41048145294,-0.774381637573,13.2277345657,-0.590231359005,-0.691601872444,97629.7180176,3.91999983788,187.456329346,False
75.4,-0.104,0.017,0.043,1.06892485,0.67665885,10.7088618,8.67000007629,5.72514486313,1.19999992847,4.99734544754,-1.5061725378,13.1732139587,-0.559317946434,-0.75273668766,97622.9187012,3.83999991417,197.760299683,False
75.5,-0.06,0.053,0.045,0.97085835,0.7060788,10.2577559,8.63000011444,5.72514486313,0.959999978542,4.99734544754,-1.5061725378,13.1287460327,-0.557479441166,-0.800036013126,97624.2919922,3.75999999046,197.760299683,False
75.60000000000001,0.055,0.099,0.013,0.77472535,0.71588545,9.05153795,8.75,5.72514486313,0.740000009537,4.99734544754,-1.5061725378,13.0721321106,-0.552734375,-0.76098638773,97623.8037109,3.66999983788,215.009124756,False
75.7,-0.034,0.036,-0.005,0.81395195,0.50013915,8.52197885,8.88000011444,5.72514486313,0.509999990463,4.99734544754,-1.5061725378,13.0251235962,-0.551807224751,-0.659805655479,97620.0073242,3.50999999046,216.483688354,False
75.8,-0.027,0.025,0.005,0.85317855,0.59820565,8.36507245,8.93999958038,5.28143930435,0.469999998808,3.78016638756,-2.45273590088,12.963306427,-0.530754089355,-0.409909069538,97622.6928711,3.44999980927,230.116744995,False
75.9,0.128,0.014,0.012,0.89240515,0.7060788,9.62032365,8.96000003815,5.28143930435,0.389999985695,3.78016638756,-2.45273590088,12.9312543869,-0.514303505421,-0.351675629616,97620.5932617,3.39999985695,230.116744995,False
76.0,0.278,0.011,0.016,0.89240515,0.61781895,9.5909037,8.96000003815,5.28143930435,0.399999976158,3.78016638756,-2.45273590088,12.9242773056,-0.500743806362,-0.337731063366,97618.182373,3.39999985695,230.116744995,False
76.10000000000001,0.166,-0.01,0.005,0.8433719,0.784532,10.22833595,8.86999988556,8.20868110657,0.340000003576,3.53873729706,-2.85048651695,12.8824167252,-0.447984725237,-0.34613609314,97619.2504883,3.3599998951,233.081237793,False
76.2,0.096,0.006,-0.016,0.8237586,1.1179581,9.81645665,8.63999938965,8.20868110657,0.129999995232,3.53873729706,-2.85048651695,12.8599271774,-0.414337486029,-0.342462718487,97618.0786133,3.28999996185,235.108093262,False
76.3,0.044,0.11,-0.07,0.89240515,1.0983448,9.36535075,8.47999954224,8.20868110657,0.0499999970198,3.53873729706,-2.85048651695,12.8191776276,-0.346056729555,-0.305742323399,97616.1987305,3.25,235.108093262,False
76.4,-0.125,0.115,-0.111,0.9610517,0.83356525,10.1204628,8.48999977112,8.20868110657,0.0499999970198,3.53873729706,-2.85048651695,12.8231687546,-0.303327053785,-0.302820712328,97619.6228027,3.25,235.108093262,False
76.5,-0.08,0.109,-0.116,0.9414384,0.67665885,9.5712904,8.22999954224,9.59788990021,-0.0399999991059,2.1990377903,-2.24782514572,12.822262764,-0.255638301373,-0.290088385344,97617.4987793,3.21000003815,239.471725464,False
76.60000000000001,0.016,0.107,-0.099,0.93163175,0.69627215,9.40457735,7.96999979019,9.59788990021,-0.119999997318,2.1990377903,-2.24782514572,12.8444976807,-0.187148988247,-0.236429229379,97615.2954102,3.16999983788,239.471725464,False
76.7,-0.164,0.08,-0.046,0.8629852,0.7649187,9.1594111,7.65999984741,9.59788990021,-0.170000001788,2.1990377903,-2.24782514572,12.8775405884,-0.0978959873319,-0.128325477242,97617.1936035,3.13999986649,232.166107178,False
76.80000000000001,-0.281,0.074,-0.031,0.8433719,0.59820565,9.14960445,7.39999961853,8.44521617889,-0.199999988079,0.0957269147038,-1.11447679996,12.8957834244,-0.0738566815853,-0.0994166508317,97612.9638672,3.09999990463,227.130706787,False
76.9,-0.193,0.079,-0.031,0.77472535,0.196133,8.5513988,6.94000005722,8.44521617889,-0.119999997318,0.0957269147038,-1.11447679996,12.9327030182,-0.0310000143945,0.00752729456872,97615.9362793,3.08999991417,227.130706787,False
77.0,0.021,0.073,-0.01,0.79433865,0.2745862,8.46313895,6.94000005722,8.44521617889,-0.119999997318,0.0957269147038,-1.11447679996,13.0118188858,0.0443820990622,0.256509035826,97618.0664062,3.08999991417,227.130706787,False
77.10000000000001,0.155,0.029,0.08,0.81395195,0.8237586,9.65955025,6.73000001907,8.44521617889,0.0,0.0957269147038,-1.11447679996,13.0619754791,0.0650945678353,0.305338650942,97615.1916504,3.09999990463,227.130706787,False
77.2,-0.018,-0.015,0.053,0.67665885,0.7060788,8.95347145,6.6299996376,8.44521617889,0.0899999961257,0.0957269147038,-1.11447679996,13.1104831696,0.0946266055107,0.385303407907,97617.4499512,3.12999987602,283.07522583,False
77.30000000000001,-0.075,-0.039,0.031,0.6276256,0.588399,8.75733845,6.5,7.19744157791,0.209999993443,-1.38855338097,-1.7235006094,13.1474924088,0.127044677734,0.516230225563,97619.4458008,3.15999984741,267.601867676,False
77.4,-0.103,-0.059,0.024,0.71588545,0.6276256,9.7674234,6.19000005722,7.19744157791,0.550000011921,-1.38855338097,-1.7235006094,13.1670637131,0.136410042644,0.544774651527,97621.0144043,3.26999998093,267.601867676,False
77.5,-0.049,0.028,0.021,0.75511205,0.87279185,10.3754357,6.19000005722,7.19744157791,0.550000011921,-1.38855338097,-1.7235006094,13.2479257584,0.160686656833,0.523956716061,97615.4602051,3.26999998093,267.601867676,False
77.60000000000001,-0.084,0.035,-0.006,0.75511205,1.10815145,10.1400761,6.15999984741,7.19744157791,0.659999966621,-1.38855338097,-1.7235006094,13.2582321167,0.159109696746,0.519670844078,97616.7175293,3.31999993324,261.603546143,False
77.7,-0.089,-0.04,-0.055,0.7060788,0.95124505,10.26756255,6.25,5.77718925476,0.769999980927,-1.20687615871,-2.32777190208,13.331237793,0.116162054241,0.471080929041,97618.4509277,3.42999982834,250.347900391,False
77.80000000000001,-0.143,-0.096,-0.102,1.01008495,0.980665,12.07198615,6.40999984741,5.77718925476,0.849999964237,-1.20687615871,-2.32777190208,13.4155836105,0.102353557944,0.237348362803,97623.1872559,3.42999982834,250.347900391,False
77.9,-0.032,-0.105,-0.104,1.06892485,0.8237586,12.09159945,6.5,5.77718925476,0.799999952316,-1.20687615871,-2.32777190208,13.4584655762,0.0956420376897,0.0705440491438,97620.715332,3.46000003815,250.347900391,False
78.0,-0.029,-0.074,-0.081,0.93163175,0.4314926,11.1599677,6.55999994278,5.77718925476,0.669999957085,-1.20687615871,-2.32777190208,13.489733696,0.106633409858,-0.032719027251,97620.5078125,3.47000002861,250.098129272,False
78.10000000000001,-0.05,-0.056,-0.053,0.81395195,0.40207265,10.36562905,6.46000003815,4.76029586792,0.560000002384,0.166775718331,-0.581073820591,13.5167579651,0.126524835825,-0.108410306275,97622.1130371,3.47000002861,250.098129272,False
78.2,-0.035,-0.057,0.019,0.8825985,0.5295591,10.20872265,6.44000005722,4.76029586792,0.479999989271,0.166775718331,-0.581073820591,13.531370163,0.140186563134,-0.0995761603117,97622.7661133,3.4399998188,235.05897522,False
78.30000000000001,0.124,-0.045,0.051,0.79433865,0.42168595,10.3558224,6.39999961853,4.76029586792,0.42999997735,0.166775718331,-0.581073820591,13.5407323837,0.142961189151,-0.11634003371,97621.2341309,3.41999983788,228.0050354,False
78.4,0.068,-0.069,0.072,0.75511205,0.53936575,10.77750835,6.36999988556,5.40603542328,0.340000003576,1.30241191387,-0.624574422836,13.5524396896,0.15618956089,-0.2123888731,97623.6999512,3.38999986649,228.0050354,False
78.5,-0.04,-0.009,0.081,0.69627215,0.73549875,10.2773692,6.30999994278,5.40603542328,0.199999988079,1.30241191387,-0.624574422836,13.5442972183,0.171771675348,-0.294191002846,97620.4284668,3.36999988556,228.0050354,False
78.60000000000001,0.089,0.021,0.059,0.8041453,0.65704555,10.93441475,6.2999997139,5.40603542328,0.070000000298,1.30241191387,-0.624574422836,13.5326309204,0.190559029579,-0.419914156199,97617.9016113,3.32999992371,224.708465576,False
78.7,0.022,-0.031,0.061,0.69627215,0.588399,10.395049,6.23000001907,5.40603542328,-0.0899999961257,1.30241191387,-0.624574422836,13.5242738724,0.203504875302,-0.461364597082,97618.9758301,3.28999996185,224.132720947,False
78.80000000000001,-0.007,-0.007,0.049,0.7453054,0.83356525,10.26756255,6.17999982834,6.62361097336,-0.269999980927,1.81291532516,-2.23458266258,13.5232248306,0.208820939064,-0.481429874897,97622.3327637,3.16999983788,224.132720947,False
78.9,-0.055,-0.02,0.025,0.63743225,0.65704555,9.97336305,6.03999996185,6.62361097336,-0.639999985695,1.81291532516,-2.23458266258,13.4960870743,0.237422287464,-0.5344414711,97623.034668,3.1099998951,221.085739136,False
79.0,-0.049,-0.025,0.033,0.53936575,0.53936575,9.83606995,6.03999996185,6.62361097336,-0.639999985695,1.81291532516,-2.23458266258,13.4746370316,0.253326058388,-0.529608845711,97620.4528809,3.1099998951,221.085739136,False
79.10000000000001,0.081,0.032,0.015,0.48052585,0.5295591,9.36535075,5.96000003815,6.62361097336,-0.789999961853,1.81291532516,-2.23458266258,13.4550962448,0.251464188099,-0.497449427843,97618.8171387,3.04999995232,223.512359619,False
79.2,0.102,0.092,0.02,0.5099458,0.63743225,8.67888525,5.86999988556,7.07031726837,-0.909999966621,1.73972570896,-3.19052124023,13.4190101624,0.278452187777,-0.315224289894,97619.4824219,2.95000004768,225.588409424,False
79.30000000000001,-0.022,0.062,0.022,0.4707192,0.75511205,8.30623255,5.86999988556,7.07031726837,-0.909999966621,1.73972570896,-3.19052124023,13.4082679749,0.278909087181,-0.189089357853,97618.182373,2.95000004768,225.588409424,False
79.4,-0.095,0.079,-0.012,0.4903325,0.85317855,8.44352565,5.8799996376,7.07031726837,-0.879999995232,1.73972570896,-3.19052124023,13.406961441,0.278536349535,-0.0396859310567,97618.2250977,2.90999984741,223.063568115,False
79.5,-0.054,0.074,-0.071,0.5099458,0.588399,8.9828914,5.8799996376,7.07031726837,-0.829999983311,1.73972570896,-3.19052124023,13.4120721817,0.282844632864,0.0837812796235,97616.6442871,2.90999984741,223.063568115,False
79.60000000000001,-0.143,0.032,-0.081,0.588399,0.4314926,8.69849855,5.86999988556,7.07031726837,-0.740000009537,1.73972570896,-3.19052124023,13.4348936081,0.297600984573,0.220442593098,97617.0776367,2.9399998188,225.200836182,False
79.7,-0.096,-0.045,-0.048,0.7453054,0.51975245,9.56148375,5.80999994278,6.00636529922,-0.610000014305,-0.0451260991395,-2.91047072411,13.4499015808,0.307121753693,0.259626507759,97613.684082,2.9399998188,225.200836182,False
79.80000000000001,-0.121,-0.061,0.01,0.87279185,0.38245935,10.56176205,5.71000003815,6.00636529922,-0.52999997139,-0.0451260991395,-2.91047072411,13.4858102798,0.341598629951,0.219974294305,97615.1000977,2.98000001907,225.200836182,False
79.9,-0.13,0.001,0.082,0.7256921,0.3334261,10.81673495,5.52999973297,6.00636529922,-0.52999997139,-0.0451260991395,-2.91047072411,13.5174064636,0.361918359995,0.144427865744,97615.1062012,3.0,225.200836182,False
80.0,-0.103,-0.035,0.094,0.8237586,0.5295591,11.179581,5.46000003815,4.48375940323,-0.639999985695,0.582930922508,-2.97031974792,13.5434379578,0.364888727665,0.0588561408222,97616.6015625,3.02999997139,223.972320557,False
80.10000000000001,-0.148,-0.044,0.121,0.99047165,0.9610517,10.6892485,5.46000003815,4.48375940323,-0.639999985695,0.582930922508,-2.97031974792,13.5827198029,0.342275887728,-0.109469510615,97615.1794434,3.02999997139,223.972320557,False
80.2,-0.675,0.102,0.082,0.69627215,1.04931155,8.69849855,6.25999975204,4.48375940323,-0.759999990463,0.582930922508,-2.97031974792,13.6040592194,0.184652894735,0.00209251092747,97618.1335449,3.0,203.137969971,False
80.30000000000001,-0.418,0.07,-0.011,0.81395195,0.3334261,10.2969825,6.25999975204,4.48375940323,-0.759999990463,0.582930922508,-2.97031974792,13.6137914658,0.139680549502,0.0121379606426,97618.359375,3.0,203.137969971,False
80.4,-0.022,-0.022,0.025,0.8433719,0.42168595,11.2188076,7.67999982834,-2.39207601547,-0.899999976158,0.0335863865912,-4.9823513031,13.6566514969,-0.0195722095668,-0.0815785378218,97615.7958984,2.98000001907,204.716873169,False
80.5,0.296,-0.008,0.048,0.79433865,0.4707192,11.32668075,7.67999982834,-2.39207601547,-0.899999976158,0.0335863865912,-4.9823513031,13.6753377914,-0.176564916968,-0.215779498219,97614.7766113,2.98000001907,204.716873169,False
80.60000000000001,0.377,0.041,0.063,0.75511205,0.69627215,10.85596155,8.53999996185,-2.39207601547,-1.04999995232,0.0335863865912,-4.9823513031,13.6981210709,-0.270421594381,-0.30329182744,97617.0227051,2.96000003815,204.716873169,False
80.7,0.416,0.044,0.041,0.5687857,0.588399,9.62032365,9.19999980927,0.277528315783,-1.19999992847,-0.060253366828,-5.72430276871,13.717291832,-0.371789693832,-0.345233678818,97618.182373,2.92999982834,204.716873169,False
80.80000000000001,0.391,-0.003,0.021,0.5099458,0.57859235,9.36535075,10.0799999237,0.277528315783,-1.36000001431,-0.060253366828,-5.72430276871,13.7335176468,-0.428663671017,-0.288203328848,97613.1713867,2.84999990463,193.848236084,False
80.9,0.272,-0.054,0.005,0.5491724,0.6472389,9.44380395,10.3099994659,0.277528315783,-1.39999997616,-0.060253366828,-5.72430276871,13.7439279556,-0.449184805155,-0.228331759572,97616.583252,2.81999993324,193.848236084,False
81.0,0.192,-0.033,0.001,0.51975245,0.784532,9.8262633,10.3400001526,0.277528315783,-1.4699999094,-0.060253366828,-5.72430276871,13.7617321014,-0.443354547024,-0.211109876633,97613.7695312,2.78999996185,193.848236084,False
81.10000000000001,0.133,0.027,-0.007,0.48052585,0.6864655,9.7478101,10.3699998856,8.3387594223,-1.5,-0.000772451690864,-6.33843517303,13.7779817581,-0.428173184395,-0.18803550303,97616.8579102,2.76999998093,192.777435303,False
81.2,0.173,0.054,-0.058,0.3530394,0.784532,8.44352565,10.3699998856,8.3387594223,-1.5,-0.000772451690864,-6.33843517303,13.7942733765,-0.397493571043,-0.0713761746883,97615.2709961,2.76999998093,192.777435303,False
81.30000000000001,0.138,0.071,-0.106,0.26477955,0.9218251,7.4922806,10.3699998856,8.3387594223,-1.44999992847,-0.000772451690864,-6.33843517303,13.7888746262,-0.378101408482,0.195324525237,97614.1052246,2.75999999046,192.777435303,False
81.4,0.196,0.013,-0.137,0.2157463,0.784532,7.9433865,10.4399995804,11.1800603867,-1.27999997139,-1.30553841591,-5.33282804489,13.7994031906,-0.323842287064,0.392811447382,97615.5822754,2.75999999046,188.307006836,False
81.5,0.239,-0.064,-0.16,0.28439285,0.5687857,8.3552658,10.2600002289,11.1800603867,-1.09000003338,-1.30553841591,-5.33282804489,13.7994861603,-0.273200780153,0.503975272179,97615.0695801,2.78999996185,188.307006836,False
81.60000000000001,0.183,-0.119,-0.136,0.30400615,0.55897905,9.52225715,9.94999980927,11.1800603867,-0.839999973774,-1.30553841591,-5.33282804489,13.8223304749,-0.0973357260227,0.65870988369,97617.8955078,2.83999991417,185.572998047,False
81.7,0.104,-0.124,-0.1,0.46091255,0.7256921,10.38524235,9.30999946594,11.1800603867,-0.639999985695,-1.30553841591,-5.33282804489,13.831193924,0.100262701511,0.67628288269,97617.6147461,2.98000001907,257.735351562,False
81.80000000000001,0.098,-0.153,-0.104,0.5687857,0.6472389,11.1011278,8.53999996185,15.3642616272,-0.449999988079,-0.17925927043,-2.34167647362,13.8437709808,0.223751395941,0.623149037361,97616.40625,2.98000001907,257.735351562,False
81.9,0.0,-0.124,-0.082,0.6668522,0.6276256,11.2580342,6.44000005722,15.3642616272,-0.310000002384,-0.17925927043,-2.34167647362,13.8649940491,0.521393835545,0.483291715384,97616.7236328,3.1099998951,259.060089111,False
82.0,0.0,-0.124,-0.082,0.6668522,0.6276256,11.2580342,6.44000005722,15.3642616272,-0.319999992847,-0.17925927043,-2.34167647362,13.8757133484,0.675611257553,0.42828720808,97616.7236328,3.14999985695,249.071685791,False
82.10000000000001,-0.18,-0.067,-0.075,0.8041453,0.6276256,10.65982855,4.52999973297,14.7350673676,-0.259999990463,1.41777682304,-0.505732655525,13.8828287125,0.808961391449,0.390723764896,97621.0754395,3.1899998188,249.071685791,False
82.2,-0.253,0.02,-0.066,0.8433719,0.67665885,10.1400761,4.52999973297,14.7350673676,-0.259999990463,1.41777682304,-0.505732655525,13.8971805573,0.94215130806,0.363976746798,97618.4326172,3.1899998188,249.071685791,False
82.30000000000001,-0.415,0.023,-0.02,0.8433719,0.8825985,10.36562905,3.66999983788,14.7350673676,-0.219999998808,1.41777682304,-0.505732655525,13.919549942,1.07733714581,0.344588130713,97619.9645996,3.22000002861,249.962036133,False
82.4,-0.368,0.083,-0.045,0.9218251,0.8433719,10.8461549,3.08999991417,14.7350673676,-0.209999993443,1.41777682304,-0.505732655525,13.960401535,1.14454710484,0.262068629265,97620.916748,3.25,249.962036133,False
82.5,-0.218,0.1,-0.079,0.85317855,0.8433719,10.9638347,2.64999985695,8.464427948,-0.239999994636,0.769664227962,0.38499712944,13.9876899719,1.16735064983,0.180029705167,97618.0664062,3.26999998093,243.548492432,False
82.60000000000001,-0.077,0.134,-0.106,0.77472535,0.73549875,10.32640245,2.48000001907,8.464427948,-0.329999983311,0.769664227962,0.38499712944,14.0440254211,1.20423984528,0.093261860311,97621.0449219,3.28999996185,223.025604248,False
82.7,-0.028,0.031,-0.101,0.6276256,0.59820565,9.73800345,2.48000001907,8.464427948,-0.329999983311,0.769664227962,0.38499712944,14.0880012512,1.22637248039,0.0965608283877,97618.572998,3.28999996185,223.025604248,False
82.80000000000001,-0.053,-0.032,-0.074,0.57859235,0.4511059,10.11065615,2.27999997139,6.39329957962,-0.340000003576,-1.10700678825,1.98396801949,14.1238517761,1.2525383234,0.0987515300512,97619.2138672,3.27999997139,223.025604248,False
82.9,-0.025,-0.039,-0.025,0.4707192,0.5687857,9.5320638,2.62999987602,6.39329957962,-0.359999984503,-1.10700678825,1.98396801949,14.1622257233,1.27865087986,0.122225664556,97621.1853027,3.27999997139,220.098495483,False
83.0,0.006,-0.092,-0.022,0.4903325,0.5295591,9.93413645,2.48000001907,6.39329957962,-0.340000003576,-1.10700678825,1.98396801949,14.1956586838,1.29530227184,0.134297847748,97619.3481445,3.27999997139,221.098419189,False
83.10000000000001,-0.038,-0.09,-0.009,0.59820565,0.6668522,10.42446895,3.34999990463,6.39329957962,-0.340000003576,-1.10700678825,1.98396801949,14.2109594345,1.31199884415,0.0969589725137,97619.3481445,3.28999996185,216.198059082,False
83.2,-0.128,-0.093,0.011,0.65704555,0.6276256,11.01286795,3.26999998093,6.29658842087,-0.379999995232,-0.0767104923725,2.50779128075,14.2415914536,1.33996248245,-0.0437334179878,97622.467041,3.28999996185,216.198059082,False
83.30000000000001,-0.283,-0.013,0.037,0.65704555,0.55897905,11.20900095,5.42999982834,6.29658842087,-0.620000004768,-0.0767104923725,2.50779128075,14.2580413818,1.33057403564,-0.185151219368,97620.7702637,3.26999998093,213.868804932,False
83.4,-0.183,0.038,0.016,0.6864655,0.50013915,10.6696352,5.63999986649,6.29658842087,-0.740000009537,-0.0767104923725,2.50779128075,14.2668914795,1.32159078121,-0.211927190423,97621.697998,3.24000000954,210.729980469,False
83.5,-0.052,0.03,0.03,0.5687857,0.5491724,10.44408225,5.63999986649,6.29658842087,-0.740000009537,-0.0767104923725,2.50779128075,14.2798986435,1.30625331402,-0.262092351913,97619.1711426,3.24000000954,210.729980469,False
83.60000000000001,-0.043,0.093,0.056,0.6472389,0.95124505,10.3558224,7.46999979019,2.82450556755,-1.01999998093,0.0329667627811,1.66514670849,14.2982854843,1.25854492188,-0.329530000687,97621.5148926,3.16999983788,205.433837891,False
83.7,-0.036,0.026,0.023,0.5295591,0.69627215,10.16949605,7.46999979019,2.82450556755,-1.01999998093,0.0329667627811,1.66514670849,14.336807251,1.14688444138,-0.386593669653,97618.5119629,3.16999983788,205.433837891,False
83.80000000000001,-0.097,-0.032,-0.004,0.55897905,0.59820565,9.97336305,10.1499996185,2.82450556755,-1.15999996662,0.0329667627811,1.66514670849,14.3654441833,1.08125674725,-0.388127356768,97624.0966797,3.07999992371,204.433914185,False
83.9,-0.034,-0.06,-0.006,0.6080123,0.53936575,10.20872265,10.7899999619,2.82450556755,-1.26999998093,0.0329667627811,1.66514670849,14.3779153824,1.02645170689,-0.396236419678,97619.5922852,3.07999992371,204.433914185,False
84.0,0.18,-0.083,-0.002,0.6472389,0.392266,10.87557485,11.5,2.82450556755,-1.38999998569,0.0329667627811,1.66514670849,14.3879842758,1.00971841812,-0.447486788034,97618.1762695,3.02999997139,207.323074341,False
84.10000000000001,0.284,-0.064,0.034,0.6864655,0.4118793,11.3364874,15.5,2.72229146957,-1.56999993324,0.282475054264,1.20801341534,14.4005746841,0.985502541065,-0.612815320492,97618.951416,2.99000000954,202.241134644,False
84.2,0.288,-0.021,0.068,0.7060788,0.588399,11.32668075,16.1199989319,2.72229146957,-1.80999994278,0.282475054264,1.20801341534,14.4087705612,0.994684696198,-0.715469777584,97620.4101562,2.92999982834,203.24105835,False
84.30000000000001,0.282,0.031,0.06,0.50013915,0.73549875,10.40485565,18.2399997711,2.72229146957,-2.28999996185,0.282475054264,1.20801341534,14.3928947449,1.03037261963,-0.768202722073,97614.4592285,2.77999997139,197.624389648,False
84.4,0.251,0.055,0.042,0.3726527,0.7060788,9.4536106,18.2399997711,2.72229146957,-2.27999997139,0.282475054264,1.20801341534,14.3896980286,1.04605185986,-0.753742873669,97616.4123535,2.77999997139,197.624389648,False
84.5,0.293,0.042,-0.01,0.2549729,0.71588545,9.01231135,21.75,9.84367275238,-2.46000003815,0.432986825705,-0.240191012621,14.3655223846,1.11851131916,-0.62503272295,97610.1745605,2.70000004768,195.774368286,False
84.60000000000001,0.273,0.065,-0.04,0.30400615,0.7060788,9.6301303,22.2399997711,9.84367275238,-2.55999994278,0.432986825705,-0.240191012621,14.3623895645,1.23182368279,-0.549603521824,97614.7766113,2.55999994278,196.774291992,False
84.7,0.278,0.114,-0.066,0.2157463,0.77472535,9.0025047,24.4300003052,9.84367275238,-2.69000005722,0.432986825705,-0.240191012621,14.3557424545,1.2899518013,-0.492985934019,97614.5446777,2.55999994278,196.774291992,False
84.80000000000001,0.296,0.029,-0.113,0.14709975,0.784532,8.30623255,24.7999992371,9.84367275238,-2.75,0.432986825705,-0.240191012621,14.3532648087,1.42576575279,-0.286018788815,97615.1855469,2.5,201.20401001,False
84.9,0.314,-0.054,-0.161,0.18632635,0.8237586,8.52197885,25.1399993896,17.8337783813,-2.72000002861,-1.54646003246,0.785233318806,14.3499612808,1.56434440613,-0.113804467022,97611.3708496,2.46000003815,199.347305298,False
85.0,0.305,-0.047,-0.177,0.1569064,0.7060788,8.30623255,26.2899990082,17.8337783813,-2.64999985695,-1.54646003246,0.785233318806,14.3488864899,1.7505095005,0.0731238126755,97612.0422363,2.44000005722,199.347305298,False
85.10000000000001,0.233,-0.03,-0.183,0.2353596,0.67665885,8.56120545,26.3799991608,17.8337783813,-2.51999998093,-1.54646003246,0.785233318806,14.3392553329,1.86239993572,0.210763350129,97612.6647949,2.44000005722,196.677490234,False
85.2,0.213,0.001,-0.192,0.20593965,0.6276256,8.93385815,29.0299987793,17.8337783813,-2.31999993324,-1.54646003246,0.785233318806,14.336774826,2.28867340088,0.410934537649,97612.6647949,2.5,215.702728271,False
85.30000000000001,0.208,-0.052,-0.168,0.16671305,0.59820565,9.89490985,28.9599990845,17.8337783813,-2.13999986649,-1.54646003246,0.785233318806,14.327709198,2.488093853,0.440368890762,97612.7380371,2.5,215.702728271,False
85.4,0.117,-0.019,-0.137,0.1569064,0.71588545,9.8458766,30.0699996948,25.064704895,-1.81999993324,-2.5575273037,5.55961513519,14.3157434464,2.93053865433,0.566450357437,97613.9770508,2.6099998951,198.738769531,False
85.5,-0.016,-0.08,-0.143,0.16671305,0.9218251,9.218251,30.0699996948,25.064704895,-1.81999993324,-2.5575273037,5.55961513519,14.3114624023,2.99238586426,0.592303156853,97614.0075684,2.6099998951,198.738769531,False
85.60000000000001,-0.054,-0.118,-0.168,0.196133,0.91201845,10.002783,29.9200000763,25.064704895,-1.59999990463,-2.5575273037,5.55961513519,14.3048019409,3.2982647419,0.701542913914,97619.9829102,2.67999982834,198.738769531,False
85.7,0.034,-0.083,-0.204,0.28439285,0.7649187,10.13026945,31.3999996185,25.1854553223,-1.38999998569,-2.51501345634,8.53225803375,14.2910194397,3.61690735817,0.765813350677,97617.3156738,2.83999991417,197.566894531,False
85.80000000000001,0.145,-0.083,-0.216,0.28439285,0.79433865,10.28717585,31.2199993134,25.1854553223,-1.15999996662,-2.51501345634,8.53225803375,14.2651500702,3.95249342918,0.82309615612,97618.0908203,2.83999991417,197.566894531,False
85.9,0.123,-0.152,-0.22,0.2941995,0.69627215,9.9831697,30.9899997711,25.1854553223,-0.899999976158,-2.51501345634,8.53225803375,14.20221138,4.52214479446,0.930634915829,97616.5527344,2.92999982834,181.008331299,False
86.0,0.191,-0.158,-0.208,0.24516625,0.6864655,10.3362091,32.3600006104,25.1854553223,-0.620000004768,-2.51501345634,8.53225803375,14.1404275894,4.92249727249,0.969425141811,97620.4223633,3.01999998093,181.008331299,False
86.10000000000001,0.219,-0.169,-0.193,0.32361945,0.61781895,11.09132115,31.9899997711,28.2931346893,-0.340000003576,-2.31786823273,13.8383960724,14.0418357849,5.45855617523,0.964445829391,97621.0632324,3.22000002861,165.668670654,False
86.2,0.18,-0.237,-0.183,0.392266,0.6668522,11.83662655,33.8400001526,28.2931346893,-0.0899999961257,-2.31786823273,13.8383960724,13.956580162,5.85488700867,0.922045528889,97621.7773438,3.22000002861,165.668670654,False
86.30000000000001,0.147,-0.278,-0.171,0.5491724,0.89240515,12.4348322,33.3099975586,28.2931346893,0.0999999940395,-2.31786823273,13.8383960724,13.9042901993,6.06581258774,0.888597846031,97620.6604004,3.39999985695,161.877151489,False
86.4,0.073,-0.287,-0.164,0.6668522,0.89240515,13.18994425,32.5299987793,28.2931346893,0.25,-2.31786823273,13.8383960724,13.6905384064,6.84560060501,0.68150049448,97626.5930176,3.39999985695,161.877151489,False
86.5,0.008,-0.217,-0.178,0.63743225,1.0002783,12.6113519,32.4500007629,32.0402297974,0.299999982119,0.0909360721707,19.7993297577,13.4964618683,7.39590215683,0.551424205303,97628.3630371,3.48000001907,145.095352173,False
86.60000000000001,0.03,-0.26,-0.183,0.77472535,0.8433719,13.71950335,31.4699993134,32.0402297974,0.340000003576,0.0909360721707,19.7993297577,13.3283615112,7.84618139267,0.412985056639,97624.9206543,3.52999997139,145.095352173,False
86.7,-0.055,-0.29,-0.168,0.87279185,0.980665,14.54326195,30.8400001526,32.0402297974,0.119999997318,0.0909360721707,19.7993297577,12.8929367065,8.82793331146,0.00504895532504,97628.692627,3.57999992371,127.252868652,False
86.80000000000001,-0.087,-0.228,-0.161,0.69627215,1.2552512,13.1801376,30.8299999237,32.0402297974,0.109999999404,0.0909360721707,19.7993297577,12.7827596664,9.04082584381,-0.0740277469158,97630.8166504,3.57999992371,127.252868652,False
86.9,0.035,-0.199,-0.188,0.85317855,1.4121576,12.69961175,31.5599994659,32.0402297974,-0.0399999991059,0.0909360721707,19.7993297577,12.382276535,9.74376010895,-0.352987498045,97627.0080566,3.55999994278,112.736701965,False
87.0,-0.05,-0.135,-0.246,0.36284605,1.3925443,10.5715687,31.7199993134,32.7465019226,-0.379999995232,3.26238822937,28.8072891235,12.0702342987,10.1607618332,-0.313036978245,97627.7099609,3.47000002861,82.7561340332,False
87.10000000000001,-0.049,-0.08,-0.301,0.12748645,1.6867438,8.237586,31.7199993134,32.7465019226,-0.389999985695,3.26238822937,28.8072891235,11.9823188782,10.2535524368,-0.226512253284,97631.3476562,3.47000002861,82.7561340332,False
87.2,-0.024,-0.115,-0.429,0.1569064,1.2944778,8.93385815,31.4399986267,32.7465019226,-0.340000003576,3.26238822937,28.8072891235,11.8032522202,10.4531002045,-0.110643289983,97622.1557617,3.42999982834,82.7561340332,False
87.30000000000001,0.079,-0.062,-0.449,0.18632635,0.85317855,8.6690786,30.9799995422,32.7465019226,-0.269999980927,3.26238822937,28.8072891235,11.5005979538,10.7903413773,0.110571548343,97629.3945312,3.40999984741,82.6023101807,False
87.4,0.021,-0.049,-0.403,0.1372931,0.8433719,8.24739265,33.1699981689,32.4816703796,-0.119999997318,1.13791286945,35.1550865173,11.1588249207,11.1668729782,0.448924928904,97628.5827637,3.41999983788,82.6023101807,False
87.5,0.098,-0.134,-0.37,0.14709975,0.6080123,9.30651085,32.8600006104,32.4816703796,0.129999995232,1.13791286945,35.1550865173,10.8884496689,11.4565296173,0.682683289051,97625.3601074,3.44999980927,83.3163299561,False
87.60000000000001,0.027,-0.106,-0.326,0.2353596,0.6668522,8.97308475,33.2000007629,32.4816703796,0.42999997735,1.13791286945,35.1550865173,10.7750968933,11.5841150284,0.757987201214,97627.2033691,3.50999999046,83.3163299561,False
87.7,0.082,-0.153,-0.319,0.28439285,0.77472535,9.4732239,32.7599983215,33.9211959839,0.77999997139,-1.3006336689,41.6742477417,10.261349678,12.1337347031,1.10949611664,97625.4821777,3.58999991417,97.9930877686,False
87.80000000000001,0.039,-0.136,-0.326,0.3334261,0.8433719,9.65955025,32.1899986267,33.9211959839,1.16999995708,-1.3006336689,41.6742477417,10.0052986145,12.400141716,1.24106037617,97624.6276855,3.69999980927,97.9930877686,False
87.9,0.014,-0.179,-0.303,0.32361945,0.99047165,9.9047165,34.3699989319,33.9211959839,1.57999992371,-1.3006336689,41.6742477417,9.6555223465,12.7440929413,1.34438228607,97635.6323242,3.81999993324,91.911315918,False
88.0,-0.04,-0.296,-0.301,0.7256921,1.1179581,13.3174307,33.7299995422,33.9211959839,1.9699999094,-1.3006336689,41.6742477417,9.44491291046,12.9574041367,1.3841906786,97625.6774902,3.95999979973,90.9113922119,False
88.10000000000001,-0.005,-0.298,-0.314,0.83356525,1.0198916,13.4743371,33.469997406,34.7885551453,2.29999995232,-2.08787274361,51.1851539612,9.06060504913,13.332868576,1.26185822487,97630.9814453,4.11000013351,78.3693313599,False
88.2,0.061,-0.269,-0.263,0.79433865,0.980665,13.5135637,32.219997406,34.7885551453,2.5,-2.08787274361,51.1851539612,8.34657669067,13.9816265106,1.02870023251,97637.6831055,4.23999977112,79.3692626953,False
88.30000000000001,0.061,-0.269,-0.263,0.79433865,0.980665,13.5135637,30.8400001526,34.7885551453,2.66999983788,-2.08787274361,51.1851539612,8.11877059937,14.1688690186,0.958722174168,97637.6831055,4.34999990463,80.2345275879,False
88.4,0.036,-0.289,-0.216,1.08853815,0.93163175,13.50375705,30.3299999237,35.9458198547,2.76999998093,-0.664200305939,57.7851333618,7.35283136368,14.7729492188,0.735311329365,97636.541748,4.44000005722,80.2345275879,False
88.5,0.045,-0.223,-0.223,1.01008495,1.0591182,13.1016844,28.7699985504,35.9458198547,2.86999988556,-0.664200305939,57.7851333618,6.78254365921,15.1717700958,0.584733426571,97641.2109375,4.50999975204,32.4875831604,False
88.60000000000001,-0.139,-0.227,-0.247,1.0395049,1.0395049,13.05265115,27.8799991608,35.9458198547,2.91999983788,-0.664200305939,57.7851333618,6.10822153091,15.606092453,0.466870814562,97638.2019043,4.55999994278,32.4875831604,False
88.7,-0.312,-0.207,-0.225,0.79433865,1.1179581,11.964113,26.1599998474,35.9458198547,2.97000002861,-0.664200305939,57.7851333618,5.55937862396,15.9090147018,0.400014162064,97642.2058105,4.61000013351,18.4025764465,False
88.80000000000001,-0.279,-0.252,-0.247,0.7453054,1.26505785,11.91507975,24.4599990845,35.9458198547,3.01999998093,-0.664200305939,57.7851333618,5.15584373474,16.1155433655,0.344081431627,97639.8620605,4.65000009537,18.4025764465,False
88.9,-0.202,-0.255,-0.277,0.77472535,1.12776475,11.50320045,21.8999996185,33.501953125,3.1099998951,0.882356584072,66.4264984131,4.37893247604,16.4504432678,0.272380590439,97644.0124512,4.69999980927,-16.1571502686,False
89.0,-0.172,-0.214,-0.283,0.91201845,1.2356379,12.13082605,21.8999996185,33.501953125,3.09999990463,0.882356584072,66.4264984131,4.18664312363,16.5277385712,0.231769308448,97641.192627,4.69999980927,-16.1571502686,False
89.10000000000001,-0.187,-0.159,-0.32,0.89240515,1.1964113,12.58193195,20.3199996948,33.501953125,3.09999990463,0.882356584072,66.4264984131,3.5845849514,16.7320537567,0.051852684468,97646.09375,4.71999979019,-21.7195510864,False
89.2,-0.1,-0.199,-0.327,0.93163175,0.85317855,11.91507975,18.4300003052,33.501953125,3.02999997139,0.882356584072,66.4264984131,3.16996598244,16.8707962036,-0.0549061335623,97638.7939453,4.73000001907,-21.7195510864,False
89.30000000000001,-0.125,-0.158,-0.278,0.8629852,1.0198916,11.30706745,14.5199995041,29.8037014008,2.88999986649,1.51603662968,66.4264984131,2.6940639019,16.9979610443,-0.103411287069,97637.8479004,4.73000001907,-39.1286849976,False
89.4,-0.445,-0.197,-0.236,0.980665,1.20621795,13.50375705,14.5199995041,29.8037014008,2.86999988556,1.51603662968,76.7799072266,2.2009370327,17.1173858643,-0.299694240093,97639.5385742,4.71999979019,-39.1286849976,False
89.5,-0.401,-0.049,-0.304,0.8041453,0.79433865,11.87585315,12.3800001144,29.8037014008,2.58999991417,1.51603662968,76.7799072266,1.64733374119,17.214006424,-0.556998968124,97641.229248,4.67999982834,-43.9971923828,False
89.60000000000001,-0.761,-0.149,-0.227,0.85317855,1.18660465,12.85651815,10.4200000763,29.8037014008,2.28999996185,1.51603662968,76.7799072266,1.27646923065,17.2739105225,-0.753737151623,97642.3950195,4.63000011444,-43.9971923828,False
89.7,-0.701,-0.095,-0.247,0.95124505,1.3337044,13.42530385,7.36999988556,17.940071106,1.41999995708,1.72085642815,83.2679977417,1.02284502983,17.3024978638,-0.999037504196,97640.9729004,4.44000005722,-61.7977142334,False
89.80000000000001,-0.506,-0.079,-0.299,0.89240515,1.10815145,13.6116302,7.36999988556,17.940071106,1.39999997616,1.72085642815,83.2679977417,0.75573271513,17.3300704956,-1.3597162962,97641.7175293,4.44000005722,-61.7977142334,False
89.9,-0.365,-0.036,-0.307,0.67665885,0.59820565,11.7091401,6.17000007629,17.940071106,0.839999973774,1.72085642815,83.2679977417,0.533963859081,17.3286380768,-1.60737514496,97637.5427246,4.2999997139,-59.3225479126,False
90.0,-0.241,0.034,-0.26,0.5099458,0.32361945,10.26756255,5.17999982834,17.940071106,0.299999982119,1.72085642815,83.2679977417,0.286004424095,17.3090381622,-1.70126235485,97628.5217285,4.13999986649,-59.3225479126,False
90.10000000000001,-0.009,-0.063,-0.187,0.50013915,0.1372931,10.4146623,4.31999969482,11.3485269547,-0.109999999404,1.13265192509,88.8362426758,0.209683001041,17.2971839905,-1.70354866982,97626.8981934,3.95999979973,-64.7132873535,False
90.2,0.047,-0.092,-0.055,0.5491724,0.4118793,11.36590735,3.36999988556,11.3485269547,-0.579999983311,1.13265192509,88.8362426758,-0.0797665342689,17.2564563751,-1.85501074791,97623.2788086,3.57999992371,-48.5855102539,False
90.30000000000001,-0.185,-0.093,-0.021,0.4903325,0.4314926,11.0619012,1.43999993801,11.3485269547,-1.66999995708,1.13265192509,88.8362426758,-0.291401833296,17.2022094727,-1.97686398029,97622.1618652,3.37999987602,-48.5855102539,False
90.4,-0.107,-0.092,0.035,0.32361945,0.5295591,10.7088618,0.539999961853,11.3485269547,-2.23000001907,1.13265192509,88.8362426758,-0.387122511864,17.1668548584,-2.02277636528,97622.3266602,3.16999983788,-41.4905548096,False
90.5,-0.194,-0.088,0.049,0.24516625,0.67665885,11.1403544,0.539999961853,11.3485269547,-2.23000001907,1.13265192509,88.8362426758,-0.50550788641,17.0813789368,-2.05987596512,97621.5209961,3.16999983788,-41.4905548096,False
90.60000000000001,-0.244,-0.012,0.047,0.2941995,0.7453054,10.8265416,-0.140000000596,10.0256557465,-2.80999994278,3.37024116516,90.0209732056,-0.58116209507,17.0152854919,-2.13484621048,97615.0756836,2.95000004768,-41.4905548096,False
90.7,-0.245,0.033,0.005,0.1372931,0.7649187,9.65955025,-1.09000003338,10.0256557465,-3.98000001907,3.37024116516,90.0209732056,-0.676093637943,16.8663768768,-2.13498950005,97618.6767578,2.5,-26.4011383057,False
90.80000000000001,-0.274,-0.025,-0.024,0.1569064,0.91201845,11.13054775,-1.09000003338,10.0256557465,-3.99000000954,3.37024116516,90.0209732056,-0.682827830315,16.8286056519,-2.16357827187,97611.2792969,2.5,-26.4011383057,False
90.9,-0.342,-0.007,-0.07,0.1372931,0.83356525,11.1207411,-1.33999991417,10.0256557465,-4.61999988556,3.37024116516,90.0209732056,-0.689904332161,16.7180919647,-2.29650902748,97607.9956055,2.27999997139,-10.9893798828,False
91.0,-0.228,0.033,-0.092,0.14709975,0.784532,11.40513395,-1.41999995708,3.34996962547,-5.28999996185,3.43041849136,90.1125335693,-0.670662045479,16.6162967682,-2.43023920059,97605.7617188,2.04999995232,-10.9893798828,False
91.10000000000001,-0.123,0.11,-0.114,0.00980665,0.67665885,9.6693569,-1.41999995708,3.34996962547,-6.01999998093,3.43041849136,90.1125335693,-0.633592665195,16.4772548676,-2.44726729393,97602.4902344,1.79999995232,6.56280517578,False
91.2,-0.009,0.139,-0.109,-0.14709975,0.3530394,7.58054045,-1.38999998569,3.34996962547,-6.65999984741,3.43041849136,90.1125335693,-0.623657822609,16.4103832245,-2.29334163666,97599.6643066,1.53999996185,6.56280517578,False
91.30000000000001,-0.141,0.132,-0.084,-0.1372931,0.4511059,7.60015375,-1.42999994755,3.34996962547,-7.14999961853,3.43041849136,90.1125335693,-0.612879574299,16.3565502167,-2.14070987701,97597.6867676,1.28999996185,24.4439125061,False
91.4,-0.142,0.096,-0.073,-0.22555295,0.2353596,8.3160392,-1.43999993801,2.17981600761,-7.56999969482,1.31217741966,91.8095321655,-0.595850467682,16.2646045685,-1.92035150528,97594.7875977,1.06999993324,24.4439125061,False
91.5,-0.078,0.129,-0.048,-0.24516625,0.1569064,7.85512665,-1.49000000954,2.17981600761,-7.98000001907,1.31217741966,91.8095321655,-0.593017160892,16.1707630157,-1.65818989277,97587.9211426,0.870000004768,35.8367919922,False
91.60000000000001,-0.378,0.175,0.022,-0.2549729,-0.0588399,6.48219565,-1.61000001431,2.17981600761,-8.27999973297,1.31217741966,91.8095321655,-0.595664620399,16.1208057404,-1.41173374653,97588.3789062,0.699999988079,35.8367919922,False
91.7,-0.29,0.053,0.104,-0.2745862,0.196133,7.6884136,-1.68999993801,-0.881389856339,-8.46000003815,-1.09077048302,92.3842468262,-0.550428271294,16.0445098877,-1.03862893581,97584.185791,0.550000011921,59.2962265015,False
91.80000000000001,-0.324,0.074,0.119,-0.2549729,0.24516625,7.2765343,-1.57999992371,-0.881389856339,-8.5999994278,-1.09077048302,92.3842468262,-0.499951809645,16.0119400024,-0.814171910286,97580.2062988,0.439999997616,59.2962265015,False
91.9,-0.39,0.121,0.11,-0.36284605,0.2549729,6.87446165,-1.32999992371,-0.881389856339,-8.67000007629,-1.09077048302,92.3842468262,-0.412454336882,15.9641342163,-0.506077826023,97582.598877,0.34999999404,73.2372283936,False
92.0,-0.509,0.072,0.131,-0.2549729,0.34323275,7.46286065,-0.930000007153,-0.881389856339,-8.61999988556,-1.09077048302,92.3842468262,-0.322347730398,15.9340076447,-0.235772147775,97581.2805176,0.299999982119,73.2372283936,False
92.10000000000001,-0.458,0.048,0.113,-0.2157463,0.44129925,8.09048625,0.620000004768,-8.15599155426,-8.42000007629,-3.18912410736,89.9014129639,-0.152660965919,15.9114141464,-0.00592322321609,97578.4729004,0.269999980927,71.5632476807,False
92.2,-0.394,0.076,0.101,-0.34323275,0.2745862,7.3353742,0.620000004768,-8.15599155426,-8.40999984741,-3.18912410736,89.9014129639,0.0424968227744,15.8902254105,0.247690498829,97577.3010254,0.269999980927,71.5632476807,False
92.30000000000001,-0.118,0.044,0.089,-0.26477955,0.0980665,6.56064885,1.62000000477,-8.15599155426,-8.22000026703,-3.18912410736,89.9014129639,0.271817803383,15.8568372726,0.665928065777,97579.4494629,0.289999991655,79.9976348877,False
92.4,-0.018,-0.015,0.081,-0.1569064,1.0004065549899999e-15,8.16893945,2.64999985695,-14.5691347122,-7.90999984741,-4.63126468658,87.924331665,0.439980357885,15.8557844162,0.87168109417,97576.9592285,0.340000003576,79.9976348877,False
92.5,0.25,-0.057,0.099,-0.1372931,0.16671305,9.1397978,3.84999990463,-14.5691347122,-7.63999986649,-4.63126468658,87.924331665,0.667550325394,15.8515348434,1.03204107285,97578.3630371,0.419999986887,85.5628967285,False
92.60000000000001,0.272,-0.003,0.14,-0.06864655,0.16671305,9.8654899,5.17999982834,-14.5691347122,-7.40999984741,-4.63126468658,87.924331665,0.905106365681,15.8648252487,1.11246931553,97579.7973633,0.519999980927,85.5628967285,False
92.7,0.349,0.062,0.162,-0.14709975,0.4314926,8.2964259,6.50999975204,-14.5691347122,-7.21000003815,-4.63126468658,87.924331665,1.12662994862,15.8630094528,1.23515498638,97585.7543945,0.620000004768,85.5628967285,False
92.80000000000001,0.619,0.04,0.121,-0.12748645,0.22555295,7.44324735,7.69999980927,-9.39908218384,-6.90999984741,-5.26672124863,84.9069976807,1.27949225903,15.8622589111,1.49039387703,97583.0688477,0.740000009537,86.0551834106,False
92.9,0.574,0.041,0.123,0.0,0.32361945,8.48275225,9.31999969482,-9.39908218384,-6.50999975204,-5.26672124863,84.9069976807,1.40998244286,15.8812274933,1.74043715,97588.3728027,0.870000004768,80.8843612671,False
93.0,0.457,0.012,0.127,-0.00980665,0.4314926,9.1201845,9.31999969482,-9.39908218384,-6.08999967575,-5.26672124863,84.9069976807,1.49227023125,15.9324007034,1.85247004032,97590.1306152,1.01999998093,80.8843612671,False
93.10000000000001,0.324,1.40834381902e-17,0.115,-0.0588399,0.30400615,9.0025047,9.85999965668,1.75547683239,-5.69000005722,-5.95318460464,82.2266082764,1.51925849915,15.9794416428,1.94693505764,97590.1611328,1.18999993801,69.9325561523,False
93.2,0.305,0.071,0.093,0.0,0.55897905,9.4928372,10.2199993134,1.75547683239,-5.25,-5.95318460464,82.2266082764,1.52596712112,16.0320968628,1.99082636833,97590.1611328,1.37999999523,69.9325561523,False
93.30000000000001,0.205,-0.006,0.06,0.06864655,0.5295591,9.83606995,10.4799995422,1.75547683239,-4.80999994278,-5.95318460464,82.2266082764,1.51895642281,16.1040782928,2.04000973701,97591.9128418,1.56999993324,69.4328308105,False
93.4,0.16,-0.037,0.05,0.0196133,0.51975245,9.93413645,10.6499996185,1.75547683239,-4.36999988556,-5.95318460464,82.2266082764,1.49644970894,16.1664295197,2.04249882698,97596.6796875,1.75999999046,69.4328308105,False
93.5,0.05,-0.026,0.033,0.0588399,0.7060788,9.7674234,10.779999733,6.79652404785,-3.5,-6.1941742897,80.4866027832,1.4622733593,16.2435913086,2.06548452377,97599.2919922,2.14999985695,54.3070793152,False
93.60000000000001,0.076,-0.055,6.735557395310001e-18,0.22555295,0.69627215,10.16949605,10.779999733,6.79652404785,-3.08999991417,-6.1941742897,80.4866027832,1.42438733578,16.3312568665,2.07625555992,97601.159668,2.34999990463,37.4433517456,False
93.7,0.164,-0.059,-0.013,0.20593965,0.81395195,10.71866845,10.779999733,6.79652404785,-3.07999992371,-6.1941742897,80.4866027832,1.37584209442,16.4214191437,2.0347328186,97605.4504395,2.34999990463,37.4433517456,False
93.80000000000001,0.062,-0.076,-0.049,0.3334261,0.69627215,11.4737805,10.75,6.79652404785,-2.70000004768,-6.1941742897,80.4866027832,1.31320536137,16.5311527252,1.91901957989,97609.9975586,2.53999996185,37.4433517456,False
93.9,-0.018,0.039,-0.078,0.32361945,0.6080123,11.0619012,10.5399999619,9.12732410431,-2.39999985695,-5.0826382637,80.5227966309,1.18897247314,16.6797370911,1.75386559963,97609.7351074,2.72000002861,21.9072341919,False
94.0,0.019,-0.055,-0.067,0.3726527,0.63743225,11.7091401,9.93999958038,9.12732410431,-1.87000000477,-5.0826382637,80.5227966309,1.05940580368,16.8218154907,1.5505964756,97614.5629883,3.03999996185,1.32160186768,False
94.10000000000001,-0.132,-0.094,-0.069,0.22555295,0.3334261,11.76798,9.93999958038,9.12732410431,-1.87000000477,-5.0826382637,80.5227966309,1.01451528072,16.865655899,1.49349355698,97621.081543,3.03999996185,1.32160186768,False
94.2,-0.123,-0.089,-0.04,0.30400615,0.55897905,12.18966595,9.48999977112,8.7879114151,-1.67999994755,-4.75059604645,81.7083740234,0.923176825047,16.9526290894,1.33337938786,97617.5109863,3.17999982834,1.32160186768,False
94.30000000000001,0.135,-0.132,-0.074,0.20593965,0.784532,10.983448,9.13000011444,8.7879114151,-1.52999997139,-4.75059604645,81.7083740234,0.823141098022,17.0557098389,1.17982506752,97622.0458984,3.29999995232,-21.0573196411,False
94.4,0.169,-0.148,-0.092,0.20593965,0.50013915,11.0815145,8.86999988556,8.7879114151,-1.33999991417,-4.75059604645,81.7083740234,0.753190934658,17.1129207611,1.09886789322,97624.0234375,3.40999984741,-21.0573196411,False
94.5,0.048,-0.073,-0.082,-0.00980665,0.16671305,9.36535075,8.42000007629,8.7879114151,-1.14999997616,-4.75059604645,81.7083740234,0.634410500526,17.1605205536,1.08189237118,97624.987793,3.50999999046,-38.4521484375,False
94.60000000000001,0.224,-0.107,-0.05,0.06864655,0.04903325,10.3558224,7.83999967575,10.3348655701,-0.870000004768,-3.1092941761,83.0250244141,0.365983843803,17.2195911407,1.05411946774,97632.043457,3.6099998951,-38.4521484375,False
94.7,0.089,-0.153,0.031,0.3530394,0.40207265,11.85623985,6.96999979019,10.3348655701,-0.649999976158,-3.1092941761,83.0250244141,0.241791114211,17.2530918121,0.937756240368,97629.6386719,3.70999979973,-50.2548217773,False
94.80000000000001,-0.025,-0.117,0.081,0.2353596,0.51975245,10.4538889,5.94999980927,10.3348655701,-0.509999990463,-3.1092941761,83.0250244141,0.0599745251238,17.2780418396,0.902861714363,97630.9875488,3.80999994278,-50.2548217773,False
94.9,-0.115,-0.045,0.046,0.14709975,0.784532,9.8654899,5.13000011444,12.2634458542,-0.299999982119,-0.558480501175,83.0417785645,-0.110375359654,17.2890434265,0.870460748672,97633.9538574,3.89999985695,-54.8189163208,False
95.0,-0.153,-0.072,0.001,0.34323275,0.6080123,11.179581,4.40000009537,12.2634458542,-0.0899999961257,-0.558480501175,83.0417785645,-0.218333557248,17.2978439331,0.836690604687,97632.1289062,3.99000000954,-54.8189163208,False
95.10000000000001,-0.232,-0.084,-0.012,0.196133,0.89240515,12.13082605,3.62999987602,12.2634458542,0.0299999993294,-0.558480501175,83.0417785645,-0.366602748632,17.2994995117,0.603967726231,97634.765625,4.07999992371,-60.8737945557,False
95.2,-0.239,-0.073,-0.052,0.3138128,0.980665,11.8072066,2.97000002861,9.02622318268,0.0799999982119,0.738779187202,83.3093490601,-0.47486320138,17.2777957916,0.388564050198,97638.3666992,4.15999984741,-60.8737945557,False
95.30000000000001,-0.193,-0.075,-0.086,0.2549729,0.8041453,11.6306869,2.42999982834,9.02622318268,0.0799999982119,0.738779187202,83.3093490601,-0.552232503891,17.2473049164,0.226883769035,97635.8703613,4.21000003815,-60.9172821045,False
95.4,-0.179,-0.014,-0.087,0.20593965,0.67665885,11.13054775,1.94999992847,9.02622318268,0.0599999986589,0.738779187202,83.3093490601,-0.608316063881,17.2161235809,0.0992459654808,97637.5610352,4.23999977112,-60.9172821045,False
95.5,-0.146,0.047,-0.107,0.32361945,0.53936575,11.2972608,1.25999999046,9.02622318268,-0.00999999977648,0.738779187202,83.3093490601,-0.662948429585,17.1783981323,-0.0603345707059,97638.9526367,4.27999973297,-57.6173782349,False
95.60000000000001,-0.092,-0.047,-0.084,0.3138128,0.40207265,11.46397385,1.25999999046,9.02622318268,-0.00999999977648,0.738779187202,83.3093490601,-0.697928309441,17.1643123627,-0.15016067028,97636.8103027,4.27999973297,-57.6173782349,False
95.7,-0.026,-0.102,-0.038,0.196133,0.30400615,11.34629405,0.870000004768,5.44067573547,-0.109999999404,1.20149207115,85.514831543,-0.741784155369,17.1232433319,-0.299627065659,97634.9060059,4.26999998093,-57.6173782349,False
95.80000000000001,-0.059,-0.088,-0.015,0.26477955,0.4511059,10.9638347,0.52999997139,5.44067573547,-0.25,1.20149207115,85.514831543,-0.782472789288,17.0676364899,-0.40956440568,97634.3933105,4.25,-57.1088790894,False
95.9,-0.077,-0.032,0.002,0.12748645,0.40207265,10.2577559,-0.0299999993294,5.44067573547,-0.5,1.20149207115,85.514831543,-0.814338564873,17.0144824982,-0.454777151346,97634.6618652,4.17999982834,-52.9535293579,False
96.0,-0.1,0.041,0.008,0.1372931,0.28439285,10.3165958,-0.0299999993294,5.44067573547,-0.5,1.20149207115,85.514831543,-0.840968430042,16.9526882172,-0.493275165558,97638.7939453,4.17999982834,-52.9535293579,False
96.10000000000001,-0.053,0.001,0.037,0.16671305,0.4118793,10.36562905,-0.289999991655,4.57792758942,-0.629999995232,2.14525103569,85.756149292,-0.84860086441,16.8914451599,-0.522071301937,97635.8825684,4.13000011444,-40.8750534058,False
96.2,-0.048,0.028,0.024,0.10787315,0.53936575,9.54187045,-0.560000002384,4.57792758942,-0.829999983311,2.14525103569,85.756149292,-0.852349102497,16.8332977295,-0.505108892918,97639.239502,4.03999996185,-36.5230560303,False
96.30000000000001,-0.048,0.028,0.024,0.10787315,0.53936575,9.54187045,-0.560000002384,4.57792758942,-0.829999983311,2.14525103569,85.756149292,-0.852498352528,16.8103103638,-0.494992345572,97639.239502,4.03999996185,-36.5230560303,False
96.4,-0.007,-0.036,0.006,0.1569064,0.55897905,9.9047165,-0.649999976158,4.57792758942,-0.879999995232,2.14525103569,85.756149292,-0.837224781513,16.7355422974,-0.410679936409,97634.6984863,4.0,-36.5230560303,False
96.5,0.0,-0.052,0.013,0.2157463,0.7060788,10.54214875,-0.699999988079,3.43146753311,-0.899999976158,1.92501795292,84.9991760254,-0.818010985851,16.6793460846,-0.43461316824,97634.6984863,3.98000001907,-21.8421936035,False
96.60000000000001,-0.112,-0.026,0.013,0.1765197,0.89240515,10.87557485,-0.680000007153,3.43146753311,-1.00999999046,1.92501795292,84.9991760254,-0.790871620178,16.6219425201,-0.524248600006,97631.854248,3.94999980927,-21.8421936035,False
96.7,-0.104,0.017,-0.005,0.16671305,0.67665885,10.16949605,-0.519999980927,3.43146753311,-1.14999997616,1.92501795292,84.9991760254,-0.765087366104,16.5741386414,-0.56794065237,97631.060791,3.90999984741,-11.7336273193,False
96.80000000000001,-0.089,0.05,-0.014,0.14709975,0.4903325,9.6693569,-0.519999980927,3.43146753311,-1.26999998093,1.92501795292,84.9991760254,-0.717528223991,16.4961986542,-0.564929842949,97631.8969727,3.8599998951,-11.7336273193,False
96.9,-0.094,0.037,-0.002,0.12748645,0.40207265,9.77723005,-0.42999997735,1.86119413376,-1.36000001431,1.87180995941,84.8938369751,-0.680516600609,16.4549636841,-0.538825511932,97629.4616699,3.81999993324,-6.25896453857,False
97.0,-0.136,0.047,0.008,0.1765197,0.4903325,9.6301303,-0.269999980927,1.86119413376,-1.43999993801,1.87180995941,84.8938369751,-0.638024389744,16.4179916382,-0.517227053642,97629.8706055,3.76999998093,-6.25896453857,False
97.10000000000001,-0.13,0.056,0.01,0.16671305,0.4903325,8.9632781,-0.070000000298,1.86119413376,-1.50999999046,1.87180995941,84.8938369751,-0.539005041122,16.3586273193,-0.381723105907,97627.0446777,3.73000001907,6.88123703003,False
97.2,-0.165,0.009,0.028,0.3334261,0.59820565,10.4931155,0.229999989271,-0.261399656534,-1.51999998093,0.844880819321,84.610710144,-0.454399734735,16.3322181702,-0.37748286128,97629.5837402,3.69999980927,6.88123703003,False
97.30000000000001,-0.165,0.009,0.028,0.3334261,0.59820565,10.4931155,0.610000014305,-0.261399656534,-1.57999992371,0.844880819321,84.610710144,-0.371863752604,16.2980747223,-0.329166352749,97629.5837402,3.66999983788,12.7244949341,False
97.4,0.029,0.104,0.016,0.0784532,0.28439285,8.2179727,1.00999999046,-0.261399656534,-1.59999990463,0.844880819321,84.610710144,-0.343889713287,16.2861156464,-0.240376889706,97625.7385254,3.63999986649,12.7244949341,False
97.5,0.036,0.046,0.027,0.12748645,0.4118793,8.97308475,1.35000002384,-0.261399656534,-1.49000000954,0.844880819321,84.610710144,-0.237014576793,16.2559261322,0.00325487554073,97627.8076172,3.62999987602,17.4757003784,False
97.60000000000001,-0.004,0.04,0.023,0.16671305,0.44129925,9.14960445,1.66999995708,-0.113227836788,-1.38999998569,-0.593210875988,83.9981994629,-0.173196926713,16.246049881,0.0947752594948,97626.1474609,3.62999987602,17.4757003784,False
97.7,0.1,0.004,0.032,0.10787315,0.48052585,9.30651085,2.0,-0.113227836788,-1.29999995232,-0.593210875988,83.9981994629,-0.110756255686,16.2389259338,0.172279521823,97627.6367188,3.64999985695,25.2830505371,False
97.80000000000001,0.312,-0.028,0.03,0.1569064,0.51975245,9.60071035,2.34999990463,-0.113227836788,-1.18999993801,-0.593210875988,83.9981994629,-0.0785132423043,16.2354488373,0.205714061856,97628.0456543,3.66999983788,25.2830505371,False
97.9,0.312,-0.028,0.03,0.1569064,0.51975245,9.60071035,2.56999993324,-0.113227836788,-1.09000003338,-0.593210875988,83.9981994629,-0.0437889061868,16.2371559143,0.241133570671,97628.0456543,3.69999980927,26.2415885925,False
98.0,0.125,0.078,0.047,0.30400615,0.5295591,9.9831697,2.73000001907,4.11769485474,-0.969999969006,-0.567020237446,83.1187286377,-0.0392253361642,16.2457332611,0.234900355339,97627.166748,3.74000000954,26.2415885925,False
98.10000000000001,0.064,0.04,0.048,0.24516625,0.55897905,9.71839015,2.77999997139,4.11769485474,-0.799999952316,-0.567020237446,83.1187286377,-0.0374838486314,16.2623977661,0.255881637335,97627.9724121,3.79999995232,21.8070030212,False
98.2,0.092,-0.021,0.036,0.26477955,0.4118793,10.0616229,2.77999997139,4.11769485474,-0.799999952316,-0.567020237446,83.1187286377,-0.0593918636441,16.2858600616,0.272588610649,97627.9724121,3.79999995232,21.8070030212,False
98.30000000000001,0.036,-0.073,0.046,0.2549729,0.57859235,9.9439431,2.62999987602,4.11769485474,-0.709999978542,-0.567020237446,83.1187286377,-0.0870174914598,16.3079776764,0.269776046276,97630.2246094,3.82999992371,21.8070030212,False
98.4,-0.091,-0.077,0.032,0.2353596,0.6472389,10.0223963,2.49000000954,4.11769485474,-0.629999995232,-0.567020237446,83.1187286377,-0.103388778865,16.3203735352,0.287082523108,97627.6000977,3.8599998951,23.8381385803,False
98.5,-0.137,-0.023,-0.002,0.30400615,0.784532,10.0420096,2.41999983788,6.02451896667,-0.539999961853,-0.419463247061,81.9489135742,-0.104950957,16.3316173553,0.274798899889,97631.7016602,3.89999985695,14.2250061035,False
98.60000000000001,-0.199,0.011,-0.023,0.4118793,0.9610517,10.03220295,2.45000004768,6.02451896667,-0.479999989271,-0.419463247061,81.9489135742,-0.0774814113975,16.3473720551,0.262309908867,97621.8933105,3.92999982834,14.2250061035,False
98.7,-0.127,0.063,-0.063,0.3530394,1.12776475,9.54187045,2.62999987602,6.02451896667,-0.409999996424,-0.419463247061,81.9489135742,0.00381782627665,16.364025116,0.284965962172,97627.7770996,3.95999979973,18.1257247925,False
98.80000000000001,-0.197,0.085,-0.128,0.38245935,1.0002783,9.85568325,3.00999999046,6.02451896667,-0.319999992847,-0.419463247061,81.9489135742,0.053859218955,16.3822956085,0.292428046465,97629.5349121,3.98000001907,18.1257247925,False
98.9,-0.12,0.094,-0.128,0.392266,0.79433865,10.44408225,3.82999992371,1.90840375423,-0.209999993443,-1.4712972641,83.4389877319,0.129166841507,16.4156284332,0.255602121353,97630.0292969,4.02999973297,13.5094642639,False
99.0,-0.053,0.112,-0.171,0.38245935,0.59820565,9.99297635,3.82999992371,1.90840375423,-0.209999993443,-1.4712972641,83.4389877319,0.212810412049,16.4609851837,0.243169009686,97634.0576172,4.02999973297,13.5094642639,False
99.10000000000001,0.047,-0.019,-0.147,0.3726527,0.4314926,10.4735022,4.28999996185,1.90840375423,-0.149999991059,-1.4712972641,83.4389877319,0.29313313961,16.527469635,0.210964500904,97634.0576172,4.0499997139,9.1251373291,False
99.2,0.086,-0.073,-0.098,0.36284605,0.59820565,10.50292215,4.69999980927,1.90840375423,-0.119999997318,-1.4712972641,83.4389877319,0.326593786478,16.5665130615,0.158621832728,97630.3955078,4.07999992371,9.1251373291,False
99.30000000000001,0.192,-0.121,-0.062,0.50013915,0.32361945,11.26784085,4.98999977112,2.19671463966,-0.0999999940395,-2.24311470985,86.2744216919,0.348505884409,16.6242332458,0.0687032267451,97631.3598633,4.09999990463,-1.4066696167,False
99.4,0.228,-0.112,-0.025,0.51975245,0.2941995,11.18938765,5.15000009537,2.19671463966,-0.140000000596,-2.24311470985,86.2744216919,0.347991377115,16.6687469482,-0.0302945356816,97631.4147949,4.11000013351,-1.4066696167,False
99.5,0.205,-0.074,0.009,0.61781895,0.4707192,11.38552065,5.13999986649,2.19671463966,-0.199999988079,-2.24311470985,86.2744216919,0.321386873722,16.7192459106,-0.158245623112,97629.296875,4.11000013351,-9.61933135986,False
99.60000000000001,0.134,-0.026,0.045,0.44129925,0.34323275,10.26756255,5.06999969482,2.19671463966,-0.319999992847,-2.24311470985,86.2744216919,0.269648551941,16.7613697052,-0.237941160798,97625.8422852,4.08999967575,-9.61933135986,False
99.7,0.142,-0.034,0.049,0.2549729,0.42168595,9.1397978,4.88999986649,6.83449935913,-0.359999984503,-0.631117284298,86.3838729858,0.220767259598,16.785161972,-0.156071931124,97632.3974609,4.05999994278,-23.5746383667,False
99.80000000000001,0.164,-0.04,0.043,0.32361945,0.3138128,9.36535075,4.65000009537,6.83449935913,-0.329999983311,-0.631117284298,86.3838729858,0.137795642018,16.8101615906,-0.0639946162701,97626.0620117,4.03999996185,-23.5746383667,False
99.9,0.177,-0.051,0.049,0.34323275,0.48052585,9.32612415,3.86999988556,6.83449935913,-0.25,-0.631117284298,86.3838729858,0.00843301136047,16.8307933807,0.0177028626204,97629.0466309,4.01999998093,-24.7077941895,False
100.0,0.135,-0.104,0.038,0.38245935,0.57859235,10.0223963,3.86999988556,6.83449935913,-0.25,-0.631117284298,86.3838729858,-0.0565553680062,16.8394908905,0.0200955513865,97632.7392578,4.01999998093,-24.7077941895,False
100.10000000000001,-0.074,-0.082,0.042,0.36284605,0.50013915,9.99297635,2.74000000954,10.679933548,-0.219999998808,0.650255262852,85.3585128784,-0.148765966296,16.8467006683,0.0157296098769,97629.8339844,4.01999998093,-33.013343811,False
100.2,-0.081,-0.068,0.034,0.36284605,0.5491724,10.50292215,2.74000000954,10.679933548,-0.219999998808,0.650255262852,85.3585128784,-0.246635258198,16.8495597839,0.00936852395535,97631.5063477,4.01999998093,-33.013343811,False
100.30000000000001,-0.081,-0.068,0.034,0.36284605,0.5491724,10.50292215,2.15999984741,10.679933548,-0.219999998808,0.650255262852,85.3585128784,-0.352203249931,16.8406581879,-0.0468181557953,97631.5063477,4.01999998093,-32.5141906738,False
100.4,-0.253,-0.076,0.056,0.3334261,0.32361945,10.46369555,1.58999991417,10.679933548,-0.269999980927,0.650255262852,85.3585128784,-0.455734968185,16.8177013397,-0.0667787492275,97628.692627,4.01999998093,-32.5141906738,False
100.5,-0.229,-0.085,0.081,0.26477955,0.61781895,10.03220295,0.680000007153,7.70303440094,-0.269999980927,2.55317378044,84.4906768799,-0.531848371029,16.7815647125,-0.0763505995274,97629.2480469,4.00999975204,-27.8015136719,False
100.60000000000001,-0.184,-0.056,0.028,0.32361945,0.4707192,10.07142955,0.680000007153,7.70303440094,-0.310000002384,2.55317378044,84.4906768799,-0.572188198566,16.723783493,-0.0750809833407,97627.2888184,4.0,-27.8015136719,False
100.7,-0.186,-0.053,0.011,0.36284605,0.57859235,10.46369555,0.439999997616,7.70303440094,-0.319999992847,2.55317378044,84.4906768799,-0.580399572849,16.6748714447,-0.110239893198,97629.6142578,3.99000000954,-19.9390411377,False
100.80000000000001,-0.121,0.08,0.007,0.46091255,0.50013915,10.65982855,0.329999983311,4.35326480865,-0.409999996424,3.58162045479,83.7729644775,-0.590038597584,16.6214103699,-0.184004947543,97629.0588379,3.97000002861,-19.9390411377,False
100.9,-0.043,0.04,0.014,0.48052585,0.36284605,11.11093445,0.209999993443,4.35326480865,-0.509999990463,3.58162045479,83.7729644775,-0.612381219864,16.5804157257,-0.29702693224,97629.7485352,3.94999980927,-19.9390411377,False
101.0,-0.059,0.027,0.061,0.30400615,0.30400615,10.198916,0.0299999993294,4.35326480865,-0.680000007153,3.58162045479,83.7729644775,-0.618833005428,16.52684021,-0.373523116112,97630.4382324,3.91999983788,-13.5484695435,False
101.10000000000001,-0.028,0.02,0.065,0.34323275,0.48052585,9.5516771,-0.0599999986589,4.35326480865,-0.77999997139,3.58162045479,83.7729644775,-0.601656734943,16.4940681458,-0.347159028053,97630.3955078,3.87999987602,-13.5484695435,False
101.2,-0.092,0.068,0.057,0.32361945,0.57859235,9.12999115,0.00999999977648,4.35326480865,-0.839999973774,3.58162045479,83.7729644775,-0.580762267113,16.4522209167,-0.306100726128,97625.6469727,3.83999991417,-9.27429199219,False
101.30000000000001,-0.109,0.084,0.041,0.24516625,0.67665885,8.95347145,0.119999997318,2.82274961472,-0.870000004768,2.20502233505,82.6038513184,-0.534224927425,16.4130039215,-0.21053378284,97630.3100586,3.80999994278,3.66277694702,False
101.4,-0.131,0.084,-0.009,0.2549729,0.5295591,9.1397978,0.359999984503,2.82274961472,-0.8599999547,2.20502233505,82.6038513184,-0.463046163321,16.3748111725,-0.120226278901,97628.8818359,3.77999997139,3.66277694702,False
101.5,-0.092,0.062,-0.022,0.26477955,0.4903325,8.8652116,0.620000004768,2.82274961472,-0.839999973774,2.20502233505,82.6038513184,-0.39238896966,16.3566989899,-0.00464617228135,97625.3601074,3.76999998093,4.38642501831,False
101.60000000000001,-0.092,0.062,-0.022,0.26477955,0.4903325,8.8652116,0.949999988079,1.03279328346,-0.769999980927,0.695651054382,82.3529281616,-0.358527690172,16.3469753265,0.0564293563366,97625.3601074,3.75999999046,4.38642501831,False
101.7,-0.013,0.03,0.003,0.2941995,0.5099458,9.24767095,1.28999996185,1.03279328346,-0.680000007153,0.695651054382,82.3529281616,-0.281200587749,16.3341293335,0.146759778261,97628.4729004,3.76999998093,13.2936477661,False
101.80000000000001,-0.037,0.047,0.012,0.22555295,0.48052585,9.4339973,1.63999998569,1.03279328346,-0.589999973774,0.695651054382,82.3529281616,-0.21125048399,16.3266963959,0.209799021482,97621.4538574,3.78999996185,13.2936477661,False
101.9,-0.037,0.047,0.012,0.22555295,0.48052585,9.4339973,1.97999989986,1.03279328346,-0.489999979734,0.695651054382,82.3529281616,-0.0967887341976,16.3201293945,0.294941335917,97621.4538574,3.80999994278,13.2936477661,False
102.0,-0.016,0.084,0.011,0.32361945,0.8041453,9.3555441,2.47000002861,0.606755316257,-0.379999995232,-0.341683208942,82.1744384766,-0.0374916307628,16.319070816,0.320213198662,97624.5117188,3.83999991417,9.47265625,False
102.10000000000001,0.068,0.022,-0.024,0.32361945,0.4903325,9.28689755,2.99000000954,0.606755316257,-0.259999990463,-0.341683208942,82.1744384766,0.0342946648598,16.3315696716,0.394324839115,97627.2033691,3.86999988556,13.5905265808,False
102.2,-0.007,0.02,-0.008,0.3138128,0.36284605,9.4339973,3.37999987602,0.606755316257,-0.119999997318,-0.341683208942,82.1744384766,0.0894009172916,16.3481311798,0.450412899256,97621.5026855,3.90999984741,13.5905265808,False
102.30000000000001,0.036,0.027,-0.004,0.34323275,0.28439285,9.5320638,3.66999983788,0.606755316257,0.019999999553,-0.341683208942,82.1744384766,0.143517613411,16.3674316406,0.507369101048,97628.1677246,3.95999979973,13.5905265808,False
102.4,0.092,0.058,0.009,0.36284605,0.4903325,9.85568325,3.99000000954,1.32159888744,0.170000001788,-1.09937214851,82.3256988525,0.185792788863,16.3921756744,0.528169989586,97629.309082,4.0,11.492729187,False
102.5,0.092,0.058,0.009,0.36284605,0.4903325,9.85568325,4.26999998093,1.32159888744,0.310000002384,-1.09937214851,82.3256988525,0.207999110222,16.4134082794,0.545172691345,97629.309082,4.0499997139,10.4360580444,False
102.60000000000001,0.012,-0.034,0.062,0.392266,0.61781895,10.71866845,4.5499997139,1.32159888744,0.459999978542,-1.09937214851,82.3256988525,0.262200832367,16.4665622711,0.536767303944,97630.2429199,4.11000013351,10.4360580444,False
102.7,0.094,0.03,0.056,0.2353596,0.6276256,8.91424485,4.81999969482,1.32159888744,0.550000011921,-1.09937214851,82.3256988525,0.310728698969,16.5002365112,0.543973863125,97629.0527344,4.15999984741,-0.0637054443359,False
102.80000000000001,0.04,-0.005,0.018,0.30400615,0.85317855,9.58109705,5.17000007629,3.56355261803,0.740000009537,-1.52309954166,81.3151702881,0.358799159527,16.5261592865,0.611185729504,97630.9814453,4.21000003815,-0.0637054443359,False
102.9,-0.053,0.064,-0.006,0.196133,0.6080123,8.67888525,5.48000001907,3.56355261803,0.919999957085,-1.52309954166,81.3151702881,0.39083057642,16.5569953918,0.64817494154,97627.7893066,4.25999975204,-8.29086303711,False
103.0,0.011,-0.054,-0.012,0.16671305,0.392266,9.11037785,5.73000001907,3.56355261803,1.12999999523,-1.52309954166,81.3151702881,0.407812148333,16.5841941833,0.765775799751,97632.2814941,4.31999969482,-8.29086303711,False
103.10000000000001,0.045,-0.08,9.797174393180001e-18,0.3726527,0.4118793,9.8262633,5.85999965668,3.56355261803,1.38999998569,-1.52309954166,81.3151702881,0.425720393658,16.6191520691,0.847062289715,97633.2946777,4.38999986649,-14.2673492432,False
103.2,0.001,-0.05,0.011,0.44129925,0.50013915,10.71866845,6.03999996185,4.3152384758,1.63999998569,-1.09919810295,81.2518920898,0.421222686768,16.6638183594,0.784807741642,97631.262207,4.46999979019,-14.2673492432,False
103.30000000000001,-0.178,-0.096,0.045,0.36284605,0.44129925,10.6304086,6.1299996376,4.3152384758,1.77999997139,-1.09919810295,81.2518920898,0.424470931292,16.7031288147,0.711815416813,97635.1318359,4.5499997139,-11.7095947266,False
103.4,-0.099,-0.117,0.046,0.53936575,0.6472389,11.4737805,6.21999979019,4.3152384758,1.91999995708,-1.09919810295,81.2518920898,0.437068194151,16.7298278809,0.600463926792,97635.1379395,4.61999988556,-11.7095947266,False
103.5,-0.056,-0.076,0.045,0.53936575,0.53936575,11.87585315,6.44000005722,4.3152384758,1.99000000954,-1.09919810295,81.2518920898,0.469388782978,16.7509784698,0.4209459126,97636.2731934,4.67999982834,-22.7348327637,False
103.60000000000001,0.026,0.039,0.054,0.6080123,0.7649187,11.97391965,6.71000003815,4.3152384758,1.9699999094,-1.09919810295,81.2518920898,0.505531311035,16.7649116516,0.20847260952,97639.5690918,4.71999979019,-22.7348327637,False
103.7,0.027,-0.02,0.038,0.46091255,0.59820565,10.8265416,7.01999998093,2.94409060478,1.91999995708,0.421606332064,80.1448898315,0.543821811676,16.7772331238,0.091448135674,97636.6699219,4.73999977112,-26.7282485962,False
103.80000000000001,0.025,-0.065,0.021,0.42168595,0.9218251,10.67944185,7.33999967575,2.94409060478,1.88999998569,0.421606332064,80.1448898315,0.589866697788,16.7788028717,0.0261949934065,97641.1071777,4.73999977112,-26.7282485962,False
103.9,0.004,-0.08,-0.017,0.4314926,0.784532,11.07170785,7.73999977112,2.94409060478,1.86000001431,0.421606332064,80.1448898315,0.654171288013,16.7707252502,-0.0892010107636,97635.369873,4.73999977112,-29.4322967529,False
104.0,0.064,-0.02,-0.07,0.44129925,0.85317855,10.52253545,8.13000011444,2.94409060478,1.77999997139,0.421606332064,80.1448898315,0.699782371521,16.7587242126,-0.179842695594,97642.175293,4.71999979019,-29.4322967529,False
104.10000000000001,0.118,0.013,-0.098,0.3138128,0.48052585,9.7870367,8.48999977112,3.7685687542,1.70999991894,1.39572668076,80.0790405273,0.720432043076,16.7465515137,-0.205011472106,97642.175293,4.69999980927,-20.524597168,False
104.2,0.155,-0.039,-0.085,0.38245935,0.3530394,10.3362091,8.71000003815,3.7685687542,1.66999995708,1.39572668076,80.0790405273,0.708867609501,16.7340011597,-0.213886216283,97639.1479492,4.67000007629,-20.524597168,False
104.30000000000001,0.123,-0.063,-0.046,0.32361945,0.2353596,10.26756255,8.76999950409,3.7685687542,1.62000000477,1.39572668076,80.0790405273,0.661641120911,16.722858429,-0.255845367908,97634.9914551,4.65000009537,-22.1738815308,False
104.4,0.095,-0.013,-0.011,0.392266,0.36284605,10.18910935,8.63999938965,3.7685687542,1.56999993324,1.39572668076,80.0790405273,0.601172029972,16.7098560333,-0.281606376171,97638.6535645,4.61999988556,-22.1738815308,False
104.5,0.064,-0.023,0.014,0.32361945,0.22555295,9.8851032,8.47000026703,7.1215634346,1.50999999046,1.71468853951,81.6313018799,0.546878159046,16.6997909546,-0.279254823923,97635.1989746,4.58999967575,-21.1187362671,False
104.60000000000001,0.046,-0.015,0.029,0.34323275,0.53936575,9.71839015,8.23999977112,7.1215634346,1.45999991894,1.71468853951,81.6313018799,0.471291750669,16.68516922,-0.253758281469,97641.7663574,4.55999994278,-21.1187362671,False
104.7,0.015,-0.026,0.027,0.34323275,0.588399,10.6500219,8.03999996185,7.1215634346,1.43999993801,1.71468853951,81.6313018799,0.421820014715,16.6750545502,-0.241308748722,97641.7663574,4.52999973297,-17.0015335083,False
104.80000000000001,0.04,-0.036,0.028,0.32361945,0.7453054,9.85568325,7.78999996185,7.1215634346,1.39999997616,1.71468853951,81.6313018799,0.349487423897,16.6526412964,-0.28667140007,97638.5314941,4.50999975204,-17.0015335083,False
104.9,0.011,-0.052,6.3681633555700005e-18,0.3530394,0.69627215,9.7870367,7.57999992371,8.38698673248,1.33999991417,2.14460301399,81.0306167603,0.300093114376,16.6322937012,-0.2696595788,97632.9223633,4.48000001907,-21.7901229858,False
105.0,-0.013,-0.066,-0.02,0.38245935,0.9218251,9.9831697,7.39999961853,8.38698673248,1.30999994278,2.14460301399,81.0306167603,0.263243943453,16.614692688,-0.265368431807,97639.0991211,4.46000003815,-21.7901229858,False
105.10000000000001,-0.046,-0.034,-0.052,0.3726527,0.7256921,10.3362091,7.21999979019,8.38698673248,1.26999998093,2.14460301399,81.0306167603,0.213800698519,16.5881500244,-0.285709679127,97631.2316895,4.44000005722,-15.0581359863,False
105.2,-0.043,-0.049,-0.072,0.4314926,0.77472535,10.44408225,7.0,8.49084854126,1.19999992847,2.94475483894,81.5487060547,0.147102385759,16.5531711578,-0.335174590349,97636.6394043,4.40999984741,-15.0581359863,False
105.30000000000001,-0.056,-0.072,-0.087,0.40207265,0.63743225,10.787315,6.44000005722,8.49084854126,1.11000001431,2.94475483894,81.5487060547,0.0932205468416,16.5287227631,-0.391086608171,97636.3891602,4.38000011444,-17.405128479,False
105.4,-0.019,-0.007,-0.098,0.46091255,0.588399,10.5519554,6.44000005722,8.49084854126,0.979999959469,2.94475483894,81.5487060547,0.00828461721539,16.4856815338,-0.477415770292,97636.7004395,4.33999967575,-17.405128479,False
105.5,-0.046,0.054,-0.064,0.36284605,0.6080123,10.20872265,6.10999965668,8.49084854126,0.839999973774,2.94475483894,81.5487060547,-0.0548155419528,16.4559135437,-0.517578303814,97635.1867676,4.28999996185,-17.405128479,False
105.60000000000001,-0.076,0.084,-0.053,0.392266,0.7453054,9.89490985,5.76999998093,8.10252285004,0.709999978542,3.07123565674,83.264503479,-0.13516177237,16.4094810486,-0.52013117075,97632.03125,4.19000005722,-0.129127502441,False
105.7,-0.09,0.013,-0.073,0.36284605,0.61781895,9.7674234,5.5,8.10252285004,0.610000014305,3.07123565674,83.264503479,-0.171205848455,16.3902931213,-0.501752078533,97629.0527344,4.19000005722,-0.129127502441,False
105.80000000000001,-0.098,-0.03,-0.067,0.36284605,0.5295591,9.83606995,5.25999975204,8.10252285004,0.519999980927,3.07123565674,83.264503479,-0.216516360641,16.3656921387,-0.484611988068,97632.0678711,4.13999986649,-0.129127502441,False
105.9,-0.098,-0.03,-0.067,0.36284605,0.5295591,9.83606995,5.00999975204,8.10252285004,0.419999986887,3.07123565674,83.264503479,-0.233981668949,16.3565368652,-0.487376362085,97632.0678711,4.08999967575,6.75363540649,False
106.0,-0.081,-0.036,-0.048,0.392266,0.48052585,10.3165958,4.80999994278,6.17806863785,0.289999991655,2.66367387772,84.7156219482,-0.301015049219,16.3157920837,-0.537383198738,97626.8493652,4.03999996185,6.75363540649,False
106.10000000000001,-0.032,-0.045,-0.03,0.4314926,0.42168595,10.5519554,4.52999973297,6.17806863785,0.140000000596,2.66367387772,84.7156219482,-0.320195823908,16.2978115082,-0.558251798153,97628.1921387,3.99000000954,12.1670722961,False
106.2,-0.047,0.027,-0.022,0.38245935,0.5491724,10.44408225,4.31999969482,6.17806863785,-0.00999999977648,2.66367387772,84.7156219482,-0.363249689341,16.2666110992,-0.603585839272,97625.6469727,3.92999982834,12.1670722961,False
106.30000000000001,-0.046,0.097,0.014,0.392266,0.42168595,9.610517,4.17999982834,6.17806863785,-0.189999997616,2.66367387772,84.7156219482,-0.393663078547,16.2385139465,-0.616493225098,97628.4973145,3.8599998951,13.5971069336,False
106.4,-0.073,0.098,0.026,0.32361945,0.53936575,8.8652116,4.0,5.34354066849,-0.340000003576,1.78786826134,84.8067855835,-0.408186525106,16.2187423706,-0.538246273994,97624.597168,3.78999996185,13.5971069336,False
106.5,-0.073,0.098,0.026,0.32361945,0.53936575,8.8652116,4.42000007629,5.34354066849,-0.409999996424,1.78786826134,84.8067855835,-0.413838654757,16.208656311,-0.455961048603,97624.597168,3.73000001907,19.2910194397,False
106.60000000000001,-0.099,0.128,0.028,0.2941995,0.51975245,8.63965865,4.46999979019,5.34354066849,-0.459999978542,1.78786826134,84.8067855835,-0.40725377202,16.2003993988,-0.312498301268,97623.7609863,3.67999982834,18.2910919189,False
106.7,-0.086,0.135,-0.006,0.26477955,0.48052585,8.14932615,4.48999977112,5.34354066849,-0.479999989271,1.78786826134,84.8067855835,-0.378963500261,16.2042636871,-0.15096449852,97625.4455566,3.62999987602,21.5950965881,False
106.80000000000001,-0.056,0.08,-0.035,0.26477955,0.50013915,8.3356525,5.46000003815,3.97988629341,-0.399999976158,-0.295315623283,84.2572174072,-0.343938857317,16.2213134766,0.0599106773734,97626.0681152,3.6099998951,21.5950965881,False
106.9,-0.027,0.085,-0.043,0.2941995,0.5295591,8.3356525,5.65999984741,3.97988629341,-0.289999991655,-0.295315623283,84.2572174072,-0.32256436348,16.2387046814,0.189369663596,97621.0510254,3.62999987602,24.3986129761,False
107.0,-0.017,-0.003,-0.04,0.30400615,0.4314926,8.87501825,7.84999990463,3.97988629341,-0.140000000596,-0.295315623283,84.2572174072,-0.302837580442,16.2720680237,0.352773278952,97623.4680176,3.62999987602,24.3986129761,False
107.10000000000001,0.065,0.041,-0.014,0.2549729,0.5295591,9.07115125,8.0999994278,3.64024925232,0.00999999977648,-1.52826356888,84.830078125,-0.28638446331,16.3078308105,0.440244376659,97624.9816895,3.65999984741,15.8896446228,False
107.2,0.116,0.007,-8.572527594029999e-19,0.30400615,0.392266,9.5909037,9.25,3.64024925232,0.179999992251,-1.52826356888,84.830078125,-0.275606036186,16.3486709595,0.514693617821,97623.9929199,3.70999979973,15.8896446228,False
107.30000000000001,0.139,0.02,0.015,0.2941995,0.5687857,9.218251,9.52999973297,3.64024925232,0.34999999404,-1.52826356888,84.830078125,-0.275907307863,16.3840408325,0.559238135815,97624.1149902,3.75999999046,11.3891601562,False
107.4,0.104,-0.039,0.015,0.34323275,0.6472389,9.4339973,9.78999996185,3.64024925232,0.52999997139,-1.52826356888,84.830078125,-0.290000468493,16.4358520508,0.629540324211,97623.5229492,3.81999993324,11.3891601562,False
107.5,0.072,-0.064,0.02,0.3726527,0.6080123,10.14988275,12.2699995041,6.12503814697,0.719999969006,-1.77064347267,84.6705932617,-0.316645801067,16.4827232361,0.64315456152,97629.5593262,3.87999987602,5.79814910889,False
107.60000000000001,0.072,-0.064,0.02,0.3726527,0.6080123,10.14988275,12.5099992752,6.12503814697,0.889999985695,-1.77064347267,84.6705932617,-0.35180670023,16.5262203217,0.619230210781,97629.5593262,3.9399998188,6.79807662964,False
107.7,0.11,-0.015,0.008,0.3726527,0.51975245,9.4732239,18.0799999237,6.12503814697,1.01999998093,-1.77064347267,84.6705932617,-0.396515250206,16.5662174225,0.617285609245,97624.4018555,4.0,0.180149078369,False
107.80000000000001,0.11,-0.015,0.008,0.3726527,0.51975245,9.4732239,18.5299987793,6.12503814697,1.18999993801,-1.77064347267,84.6705932617,-0.422767341137,16.5813045502,0.627236127853,97624.4018555,4.05999994278,0.180149078369,False
107.9,0.243,0.037,0.008,0.3530394,0.57859235,10.09104285,18.8500003815,9.88356208801,1.37000000477,-0.87790364027,84.3458251953,-0.523909747601,16.6386528015,0.623570978642,97628.0578613,4.11999988556,-9.00592803955,False
108.0,0.214,0.009,-0.001,0.2745862,0.7060788,9.7478101,23.2899990082,9.88356208801,1.50999999046,-0.87790364027,84.3458251953,-0.617147803307,16.6786403656,0.624244391918,97628.9611816,4.17999982834,-9.00592803955,False
108.10000000000001,0.214,0.009,-0.001,0.2745862,0.7060788,9.7478101,23.6999988556,9.88356208801,1.68999993801,-0.87790364027,84.3458251953,-0.758109867573,16.7249717712,0.640389323235,97628.9611816,4.23000001907,-14.0031814575,False
108.2,0.217,-0.101,-0.051,0.4314926,0.7256921,10.4735022,25.2799987793,13.9529628754,1.86000001431,-0.412469685078,84.5650482178,-0.902046024799,16.7607936859,0.621294498444,97636.4440918,4.28999996185,-14.0031814575,False
108.30000000000001,0.228,-0.043,-0.085,0.44129925,0.59820565,10.8069283,25.5,13.9529628754,2.0,-0.412469685078,84.5650482178,-1.05602121353,16.7888660431,0.560328423977,97631.8481445,4.33999967575,-17.20495224,False
108.4,0.252,-0.045,-0.089,0.40207265,0.6864655,10.26756255,25.4899997711,13.9529628754,2.12999987602,-0.412469685078,84.5650482178,-1.30121612549,16.8318843842,0.533932328224,97640.0390625,4.40000009537,-17.20495224,False
108.5,0.268,-0.119,-0.093,0.4118793,0.6472389,10.787315,30.5999984741,13.9529628754,2.28999996185,-0.412469685078,84.5650482178,-1.49338102341,16.8604183197,0.5029758811,97631.2194824,4.44999980927,-34.9366188049,False
108.60000000000001,0.292,-0.066,-0.087,0.5099458,0.8237586,11.1991943,30.6399993896,13.9529628754,2.40999984741,-0.412469685078,84.5650482178,-1.83223390579,16.9014110565,0.420439988375,97634.1308594,4.48999977112,-33.9366912842,False
108.7,0.218,-0.009,-0.094,0.42168595,0.93163175,10.0812362,32.8600006104,21.1413402557,2.50999999046,0.512605726719,87.0987243652,-2.06198358536,16.9234409332,0.396724402905,97638.0187988,4.53999996185,-33.0951690674,False
108.80000000000001,0.191,-0.002,-0.124,0.4118793,0.9610517,9.89490985,32.8600006104,21.1413402557,2.63999986649,0.512605726719,87.0987243652,-2.33680963516,16.9493141174,0.443830996752,97634.777832,4.56999969482,-33.0951690674,False
108.9,0.183,-0.085,-0.18,0.4118793,1.14737805,9.42419065,32.9099998474,21.1413402557,2.80999994278,0.512605726719,87.0987243652,-2.60877108574,16.9758968353,0.513835787773,97641.2841797,4.61000013351,-56.3375473022,False
109.0,0.156,-0.063,-0.239,0.34323275,1.04931155,9.24767095,36.1699981689,21.1413402557,3.00999999046,0.512605726719,87.0987243652,-2.82795405388,16.9919395447,0.583356916904,97635.0463867,4.65000009537,-56.3375473022,False
109.10000000000001,0.276,-0.115,-0.274,0.40207265,1.0002783,10.01258965,36.3299980164,26.6838817596,3.27999997139,-0.334110110998,91.2514266968,-3.19178891182,17.0134620667,0.716505229473,97642.3522949,4.71000003815,-63.5222434998,False
109.2,0.268,-0.145,-0.277,0.53936575,0.87279185,10.87557485,37.3299980164,26.6838817596,3.54999995232,-0.334110110998,91.2514266968,-3.49888920784,17.026725769,0.736224412918,97642.1203613,4.77999973297,-63.5222434998,False
109.30000000000001,0.271,-0.119,-0.257,0.5491724,0.87279185,10.79712165,37.1599998474,26.6838817596,3.79999995232,-0.334110110998,91.2514266968,-4.12212467194,17.0321941376,0.752065300941,97645.8557129,4.84999990463,-72.3526000977,False
109.4,0.167,-0.243,-0.248,0.6472389,0.81395195,11.5914603,36.8299980164,26.6838817596,4.0499997139,-0.334110110998,91.2514266968,-4.51534843445,17.0264091492,0.746112585068,97646.8444824,4.92999982834,-72.3526000977,False
109.5,0.113,-0.255,-0.24,0.85317855,0.81395195,12.0229529,40.3899993896,26.6838817596,4.27999973297,-0.334110110998,91.2514266968,-5.0655002594,16.9990825653,0.684208214283,97648.3154297,5.01999998093,-92.5291061401,False
109.60000000000001,0.141,-0.204,-0.228,0.77472535,0.980665,12.0229529,40.0299987793,32.7933235168,4.46000003815,0.24165956676,99.0500030518,-5.62249565125,16.9481143951,0.597326219082,97644.8242188,5.08999967575,-92.5291061401,False
109.7,0.145,-0.177,-0.243,0.8629852,1.0591182,11.8464332,40.5400009155,32.7933235168,4.63000011444,0.24165956676,99.0500030518,-6.18811368942,16.8816127777,0.547779917717,97648.425293,5.17000007629,-112.927246094,False
109.80000000000001,0.135,-0.218,-0.241,0.85317855,1.1179581,11.2776475,40.1299972534,32.7933235168,4.81999969482,0.24165956676,99.0500030518,-6.84526777267,16.7807731628,0.527938783169,97650.2319336,5.23000001907,-113.9271698,False
109.9,0.132,-0.264,-0.256,0.9218251,1.01008495,11.7875933,43.2599983215,35.9803886414,5.01999998093,0.936365246773,105.085594177,-7.42078399658,16.6679153442,0.52038115263,97650.958252,5.28999996185,-136.44380188,False
110.0,0.124,-0.281,-0.271,1.04931155,1.0787315,12.6505785,42.9300003052,35.9803886414,5.21000003815,0.936365246773,105.085594177,-8.04176425934,16.522190094,0.461078315973,97650.958252,5.34999990463,-135.443878174,False
110.10000000000001,0.168,-0.187,-0.262,0.93163175,1.18660465,11.73856005,42.469997406,35.9803886414,5.36999988556,0.936365246773,105.085594177,-8.53994274139,16.3824291229,0.423856139183,97654.296875,5.40999984741,-155.037689209,False
110.2,0.168,-0.187,-0.262,0.93163175,1.18660465,11.73856005,42.9099998474,35.9803886414,5.5499997139,0.936365246773,105.085594177,-9.11146259308,16.2115745544,0.458881705999,97654.296875,5.46000003815,-155.037689209,False
110.30000000000001,0.066,-0.197,-0.297,1.08853815,1.26505785,11.01286795,42.5200004578,39.298084259,5.80999994278,1.44053137302,111.898269653,-9.67361831665,16.0278663635,0.518731534481,97658.013916,5.51999998093,-178.448867798,False
110.4,0.068,-0.222,-0.306,1.08853815,1.14737805,11.18938765,42.0699996948,39.298084259,6.0499997139,1.44053137302,111.898269653,-10.3561353683,15.7839946747,0.587737202644,97660.8825684,5.57999992371,-178.448867798,False
110.5,0.058,-0.283,-0.317,1.1179581,1.26505785,11.4149406,44.7599983215,39.298084259,6.31999969482,1.44053137302,111.898269653,-11.0896787643,15.4866857529,0.623634517193,97657.6171875,5.65000009537,-197.80255127,False
110.60000000000001,0.082,-0.236,-0.332,1.1571847,1.1964113,11.91507975,44.7700004578,41.705329895,6.58999967575,0.873194515705,120.551856995,-11.7102746964,15.2019939423,0.631271004677,97653.8818359,5.73000001907,-197.80255127,False
110.7,0.112,-0.364,-0.323,1.14737805,1.2552512,12.3171524,44.7599983215,41.705329895,6.84999990463,0.873194515705,120.551856995,-12.081489563,15.01420784,0.644253909588,97666.2231445,5.80999994278,-205.394927979,False
110.80000000000001,0.125,-0.402,-0.322,1.3533177,1.18660465,13.0624578,44.7599983215,41.705329895,7.11999988556,0.873194515705,120.551856995,-12.7421913147,14.6531381607,0.623690783978,97658.2214355,5.88999986649,-205.394927979,False
110.9,0.038,-0.452,-0.309,1.6082906,1.32389775,14.26867575,44.7399978638,43.9481391907,7.34999990463,1.61727559566,127.703048706,-13.5952014923,14.1036558151,0.493952125311,97672.4731445,5.96999979019,-249.936294556,False
111.0,-0.005,-0.42,-0.307,1.7063571,1.2944778,14.42558215,44.719997406,43.9481391907,7.48999977112,1.61727559566,127.703048706,-14.1887378693,13.6745758057,0.369508832693,97666.0888672,6.0499997139,-250.936218262,False
111.10000000000001,0.01,-0.379,-0.311,1.77500365,1.5298374,14.7688149,44.6899986267,43.9481391907,7.59999990463,1.61727559566,127.703048706,-15.1727161407,12.8552770615,0.147994115949,97666.7114258,6.10999965668,-247.531036377,False
111.2,-0.007,-0.366,-0.321,1.7259704,1.372931,14.2392558,44.6800003052,43.9481391907,7.66999959946,1.61727559566,127.703048706,-15.6997900009,12.359992981,0.0248582102358,97664.263916,6.15999984741,-246.531097412,False
111.30000000000001,-0.015,-0.389,-0.335,1.63771055,1.34351105,14.99436785,44.6699981689,45.2096786499,7.73000001907,3.35255527496,138.21307373,-16.3393306732,11.677573204,-0.130135864019,97664.9597168,6.19000005722,-264.985290527,False
111.4,0.001,-0.401,-0.326,1.6671305,1.42196425,14.2588691,44.5799980164,45.2096786499,7.71000003815,3.35255527496,138.21307373,-16.9350223541,10.9604291916,-0.283831357956,97670.6359863,6.19999980927,-264.985290527,False
111.5,-0.079,-0.442,-0.329,1.7259704,1.44157755,14.5726819,43.3099975586,45.2096786499,7.66999959946,3.35255527496,138.21307373,-17.3989582062,10.3439645767,-0.426838129759,97664.630127,6.19999980927,-298.636810303,False
111.60000000000001,-0.13,-0.43,-0.36,1.5494507,1.2552512,14.7688149,42.2000007629,45.2096786499,7.5499997139,3.35255527496,138.21307373,-17.9284286499,9.5441493988,-0.581806480885,97670.1293945,6.17000007629,-298.636810303,False
111.7,-0.106,-0.363,-0.359,1.59848395,1.2944778,14.11176935,40.5299987793,45.2943344116,7.41999959946,4.69537830353,152.815246582,-18.3970527649,8.73293209076,-0.715190291405,97667.4499512,6.13999986649,-297.228820801,False
111.80000000000001,-0.147,-0.31,-0.338,1.57887065,1.12776475,14.26867575,39.7399978638,45.2943344116,7.28999996185,4.69537830353,152.815246582,-18.8869113922,7.76317024231,-0.841488659382,97661.9689941,6.07999992371,-297.228820801,False
111.9,-0.13,-0.341,-0.314,1.57887065,1.10815145,13.8273765,37.8899993896,45.2943344116,7.11999988556,4.69537830353,152.815246582,-19.2298355103,6.94005870819,-0.945184051991,97661.9689941,6.01999998093,-305.340942383,False
112.0,-0.145,-0.282,-0.304,1.53964405,0.980665,13.89602305,35.8800010681,45.2943344116,6.94000005722,4.69537830353,152.815246582,-19.4840545654,6.27358102798,-1.02651011944,97663.3178711,5.94999980927,-305.340942383,False
112.10000000000001,-0.162,-0.337,-0.265,1.34351105,1.2356379,13.38607725,33.7900009155,43.7409477234,6.71999979019,5.01738786697,162.773773193,-19.826171875,5.14916563034,-1.12715959549,97665.1672363,5.86999988556,-312.772369385,False
112.2,-0.15,-0.239,-0.288,1.3337044,1.30428445,12.83690485,31.5299987793,43.7409477234,6.50999975204,5.01738786697,162.773773193,-19.9843025208,4.53721380234,-1.15968596935,97662.3413086,5.77999973297,-312.772369385,False
112.30000000000001,-0.264,-0.226,-0.276,1.1964113,1.0787315,12.2583125,29.1599998474,43.7409477234,6.2999997139,5.01738786697,162.773773193,-20.0788707733,4.08687448502,-1.17058384418,97661.2854004,5.69000005722,-326.107025146,False
112.4,-0.26,-0.259,-0.247,0.980665,1.06892485,11.89546645,26.7199993134,43.7409477234,6.09999990463,5.01738786697,162.773773193,-20.2099819183,3.37519693375,-1.15501487255,97656.3659668,5.58999967575,-326.107025146,False
112.5,-0.28,-0.257,-0.24,0.980665,1.18660465,11.89546645,24.2600002289,40.9614334106,5.88999986649,5.21288108826,169.591690063,-20.2896747589,2.68774914742,-1.15960896015,97651.4282227,5.5,-327.982727051,False
112.60000000000001,-0.357,-0.243,-0.255,0.8629852,1.32389775,11.67972015,21.7199993134,40.9614334106,5.67999982834,5.21288108826,169.591690063,-20.3261070251,1.93563103676,-1.16885602474,97654.3884277,5.40999984741,-327.982727051,False
112.7,-0.399,-0.21,-0.297,0.9022118,1.1375714,11.9444997,19.2700004578,40.9614334106,5.42000007629,5.21288108826,169.591690063,-20.3121967316,1.20306169987,-1.23079895973,97647.1130371,5.30999994278,-327.113525391,False
112.80000000000001,-0.368,-0.113,-0.342,0.79433865,1.1571847,11.67972015,16.5699996948,34.9294395447,5.10999965668,5.68447637558,177.235977173,-20.2842922211,0.738741457462,-1.28242766857,97647.2717285,5.19999980927,-327.113525391,False
112.9,-0.341,-0.166,-0.342,0.67665885,0.8825985,11.4737805,14.0199995041,34.9294395447,4.7999997139,5.68447637558,177.235977173,-20.2040653229,-0.00768529623747,-1.31095826626,97645.4833984,5.07999992371,-327.113525391,False
113.0,-0.343,-0.16,-0.318,0.51975245,0.75511205,10.99325465,11.4799995422,34.9294395447,4.46999979019,5.68447637558,177.235977173,-20.1559104919,-0.292634606361,-1.31115281582,97640.6860352,4.96000003815,-347.093780518,False
113.10000000000001,-0.37,-0.234,-0.277,0.5491724,0.63743225,11.4541672,8.98999977112,34.9294395447,4.13000011444,5.68447637558,177.235977173,-20.0027217865,-0.963858008385,-1.35384511948,97638.5681152,4.82999992371,-331.452362061,False
113.2,-0.386,-0.269,-0.237,0.5099458,0.73549875,12.2779258,6.5,28.8418426514,3.78999996185,5.27808237076,-175.408401489,-19.9204845428,-1.24840402603,-1.41030526161,97636.932373,4.69000005722,-331.452362061,False
113.30000000000001,-0.438,-0.142,-0.234,0.57859235,0.6080123,12.36618565,3.87999987602,28.8418426514,3.31999993324,5.27808237076,-175.408401489,-19.6510238647,-1.93785309792,-1.62259578705,97628.302002,4.5499997139,-316.97064209,False
113.4,-0.494,-0.072,-0.192,0.5099458,0.51975245,11.2972608,1.40999996662,28.8418426514,2.82999992371,5.27808237076,-175.408401489,-19.5842990875,-2.0810508728,-1.65403497219,97628.9794922,4.38000011444,-316.97064209,False
113.5,-0.487,-0.127,-0.146,0.392266,0.63743225,11.48358715,-0.740000009537,28.8418426514,2.30999994278,5.27808237076,-175.408401489,-19.3702716827,-2.45934104919,-1.75486671925,97621.9848633,4.21000003815,-283.082214355,False
113.60000000000001,-0.434,-0.142,-0.128,0.3726527,0.6668522,11.5914603,-2.71000003815,18.6450786591,1.75,6.81005048752,-169.346984863,-19.1434516907,-2.76580953598,-1.90407502651,97625.6774902,4.00999975204,-283.082214355,False
113.7,-0.469,-0.113,-0.097,0.3334261,0.73549875,11.2384209,-4.38999986649,18.6450786591,1.12999999523,6.81005048752,-169.346984863,-18.947259903,-2.94773340225,-2.01952075958,97624.0112305,3.80999994278,-256.257263184,False
113.80000000000001,-0.497,-0.084,-0.111,0.3334261,0.6472389,11.11093445,-5.77999973297,18.6450786591,0.509999990463,6.81005048752,-169.346984863,-18.8315410614,-3.0324678421,-2.08044147491,97615.2648926,3.57999992371,-256.257263184,False
113.9,-0.486,-0.023,-0.103,0.28439285,0.6864655,10.7088618,-6.92000007629,18.6450786591,-0.140000000596,6.81005048752,-169.346984863,-18.6419868469,-3.12573337555,-2.16989564896,97615.4724121,3.34999990463,-235.704620361,False
114.0,-0.442,-0.008,-0.092,0.2941995,0.51975245,10.42446895,-7.75,10.6598939896,-0.810000002384,8.05202865601,-167.005767822,-18.5009555817,-3.16350388527,-2.22238898277,97609.2651367,3.09999990463,-235.704620361,False
114.10000000000001,-0.392,-0.009,-0.061,0.26477955,0.53936575,9.9243298,-8.38000011444,10.6598939896,-1.48000001907,8.05202865601,-167.005767822,-18.2682628632,-3.17207217216,-2.22627830505,97609.2651367,2.84999990463,-200.895507812,False
114.2,-0.348,-0.006,-0.044,0.26477955,0.4903325,9.8851032,-8.76999950409,10.6598939896,-2.09999990463,8.05202865601,-167.005767822,-18.1778621674,-3.15635514259,-2.22989964485,97602.7526855,2.58999991417,-200.895507812,False
114.30000000000001,-0.246,0.023,-0.035,0.20593965,0.3726527,9.9831697,-9.05999946594,10.6598939896,-2.74000000954,8.05202865601,-167.005767822,-18.0337085724,-3.10250616074,-2.22308516502,97599.1333008,2.33999991417,-172.03692627,False
114.4,-0.292,0.033,0.019,0.2157463,0.38245935,9.7870367,-9.17000007629,1.88694119453,-3.36999988556,7.89014053345,-165.490509033,-17.8420906067,-3.00158786774,-2.23006749153,97599.21875,2.08999991417,-172.03692627,False
114.5,-0.332,0.05,0.047,0.1765197,0.392266,9.2770909,-9.22000026703,1.88694119453,-4.00999975204,7.89014053345,-165.490509033,-17.7460861206,-2.9181830883,-2.19332265854,97591.394043,1.82999992371,-149.576568604,False
114.60000000000001,-0.282,0.062,0.069,0.1372931,0.34323275,8.7083052,-9.09000015259,1.88694119453,-4.61000013351,7.89014053345,-165.490509033,-17.6384449005,-2.80404639244,-2.09234213829,97591.5222168,1.57999992371,-149.576568604,False
114.7,-0.211,0.092,0.086,0.10787315,0.5099458,8.38468575,-8.90999984741,-3.348072052,-5.13000011444,6.80040359497,-166.401489258,-17.5304756165,-2.64016604424,-1.88512885571,97587.9821777,1.33999991417,-127.848625183,False
114.80000000000001,-0.201,0.093,0.08,0.06864655,0.4511059,8.4925589,-8.55000019073,-3.348072052,-5.58999967575,6.80040359497,-166.401489258,-17.4682159424,-2.5155313015,-1.75940060616,97582.421875,1.12000000477,-127.848625183,False
114.9,-0.145,0.109,0.066,0.02941995,0.4511059,8.237586,-8.11999988556,-3.348072052,-6.02999973297,6.80040359497,-166.401489258,-17.388376236,-2.31878185272,-1.54409062862,97579.2663574,0.909999966621,-127.848625183,False
115.0,-0.076,0.104,0.066,0.0,0.42168595,8.041453,-7.58999967575,-3.348072052,-6.38999986649,6.80040359497,-166.401489258,-17.3296318054,-2.15624666214,-1.34902155399,97576.9348145,0.719999969006,-102.287864685,False
115.10000000000001,-0.099,0.116,0.063,0.0392266,0.3530394,7.649187,-7.1299996376,-3.348072052,-6.71000003815,6.80040359497,-166.401489258,-17.2754459381,-1.99411296844,-1.11751163006,97576.9348145,0.550000011921,-102.287864685,False
115.2,-0.096,0.097,0.071,-0.0196133,0.28439285,7.85512665,-6.58999967575,-6.85375928879,-6.96000003815,3.94470620155,-168.159362793,-17.2383041382,-1.86643779278,-0.931549727917,97571.6918945,0.399999976158,-78.6865234375,False
115.30000000000001,-0.056,0.076,0.077,0.0,0.2745862,8.34545915,-6.06999969482,-6.85375928879,-7.15999984741,3.94470620155,-168.159362793,-17.2023296356,-1.70227599144,-0.730800271034,97573.1689453,0.280000001192,-78.6865234375,False
115.4,-0.009,0.095,0.079,0.0,0.2549729,8.36507245,-5.44000005722,-6.85375928879,-7.32999992371,3.94470620155,-168.159362793,-17.1715564728,-1.53896772861,-0.542199492455,97570.3430176,0.179999992251,-64.7394180298,False
115.5,0.047,0.109,0.097,-0.02941995,0.2745862,8.433719,-4.83999967575,-6.85375928879,-7.48000001907,3.94470620155,-168.159362793,-17.1458702087,-1.3801163435,-0.354635953903,97570.9289551,0.0899999961257,-64.7394180298,False
115.60000000000001,0.1,0.149,0.117,-0.0588399,0.3334261,7.95319315,-4.21000003815,-6.85375928879,-7.56999969482,3.94470620155,-168.159362793,-17.130859375,-1.25566220284,-0.202747300267,97569.934082,0.0299999993294,-59.6475601196,False
115.7,0.077,0.125,0.122,-0.0392266,0.42168595,7.7080269,-3.62999987602,-7.21025753021,-7.60999965668,0.841696500778,-170.134185791,-17.1259784698,-1.11334836483,0.0340925008059,97568.2922363,-0.019999999553,-59.6475601196,False
115.80000000000001,-0.012,0.092,0.121,-0.0196133,0.46091255,8.0806796,-3.03999996185,-7.21025753021,-7.55999994278,0.841696500778,-170.134185791,-17.1333217621,-0.943209648132,0.306262493134,97566.6687012,-0.0399999991059,-49.5294570923,False
115.9,-0.023,0.088,0.109,0.0392266,0.46091255,8.16893945,-2.45000004768,-7.21025753021,-7.48999977112,0.841696500778,-170.134185791,-17.1488876343,-0.828877091408,0.469703733921,97565.4846191,-0.0299999993294,-37.8175735474,False
116.0,-0.019,0.091,0.091,-0.00980665,0.4903325,8.32584585,-1.80999994278,-6.23159790039,-7.35999965668,-1.51448273659,-172.079849243,-17.1687831879,-0.684582471848,0.653999209404,97565.1489258,-0.00999999977648,-37.8175735474,False
116.10000000000001,-0.019,0.091,0.091,-0.00980665,0.4903325,8.32584585,-1.18999993801,-6.23159790039,-7.23000001907,-1.51448273659,-172.079849243,-17.2010593414,-0.542525708675,0.835839033127,97565.1489258,0.0299999993294,-37.8175735474,False
116.2,0.05,0.12,0.043,0.0196133,0.42168595,8.3944924,-0.52999997139,-6.23159790039,-7.0499997139,-1.51448273659,-172.079849243,-17.2494335175,-0.380146056414,1.04678714275,97570.8862305,0.0899999961257,-35.1985931396,False
116.30000000000001,0.094,0.083,0.048,-0.02941995,0.34323275,8.44352565,0.0599999986589,-5.80060482025,-6.83999967575,-3.68387651443,-173.535140991,-17.2977676392,-0.257826298475,1.23154330254,97572.4487305,0.159999996424,-35.1985931396,False
116.4,0.101,0.124,0.063,-0.0588399,0.2941995,8.40429905,0.620000004768,-5.80060482025,-6.57999992371,-3.68387651443,-173.535140991,-17.3486747742,-0.146577760577,1.38907909393,97574.9572754,0.25,-46.3977813721,True
116.5,0.117,0.086,0.073,0.0,0.3530394,8.3944924,1.12999999523,-5.80060482025,-6.30999994278,-3.68387651443,-173.535140991,-17.4115924835,-0.0485689342022,1.56688988209,97576.1901855,0.359999984503,-46.3977813721,True
116.60000000000001,0.054,0.024,0.083,0.0784532,0.40207265,8.79656505,1.62000000477,-5.80060482025,-5.96000003815,-3.68387651443,-173.535140991,-17.4808063507,0.041175737977,1.71674966812,97575.2563477,0.489999979734,-47.169303894,True
116.7,0.059,-0.014,0.097,0.0,0.4118793,9.22805765,2.06999993324,-5.80060482025,-5.58999967575,-3.68387651443,-173.535140991,-17.5592784882,0.12611220777,1.82873129845,97581.1767578,0.639999985695,-47.169303894,True
116.80000000000001,0.022,-0.046,0.077,0.1372931,0.50013915,9.71839015,2.52999997139,-2.67356181145,-5.21000003815,-5.92656421661,-175.597259521,-17.6601085663,0.229449272156,1.90710484982,97581.5368652,0.799999952316,-63.6747360229,True
116.9,0.0,-0.004,0.074,0.10787315,0.4903325,10.01258965,2.99000000954,-2.67356181145,-4.85999965668,-5.92656421661,-175.597259521,-17.7329959869,0.300045758486,1.91251075268,97581.4880371,0.969999969006,-63.6747360229,True
117.0,0.0,-0.004,0.074,0.10787315,0.4903325,10.01258965,3.47000002861,-2.67356181145,-4.50999975204,-5.92656421661,-175.597259521,-17.7890586853,0.350504219532,1.91422021389,97581.4880371,1.14999997616,-71.4057922363,True
117.10000000000001,0.048,0.068,0.03,0.0,0.3334261,9.3751574,3.90999984741,-2.67356181145,-4.13999986649,-5.92656421661,-175.597259521,-17.907087326,0.454113572836,1.99217689037,97589.4958496,1.31999993324,-71.4057922363,True
117.2,0.115,-0.034,0.061,0.00980665,0.4314926,9.7674234,4.2999997139,-1.50853323936,-3.72000002861,-6.47561740875,-177.314041138,-18.0074176788,0.522713303566,2.07950162888,97593.371582,1.5,-82.7657699585,True
117.30000000000001,0.148,-0.087,0.073,0.0980665,0.392266,10.58137535,4.65999984741,-1.50853323936,-3.28999996185,-6.47561740875,-177.314041138,-18.0810012817,0.563251674175,2.05713534355,97592.3156738,1.67999994755,-82.7657699585,True
117.4,0.122,-0.113,0.091,0.16671305,0.4511059,11.07170785,5.0,-1.50853323936,-2.91999983788,-6.47561740875,-177.314041138,-18.1769351959,0.602887928486,1.97165071964,97594.3786621,1.87999999523,-100.75340271,True
117.5,0.097,-0.132,0.094,0.20593965,0.46091255,11.40513395,5.25999975204,1.052282691,-2.6099998951,-5.34272193909,-178.735046387,-18.3028526306,0.646606206894,1.78005373478,97601.4892578,2.05999994278,-100.75340271,True
117.60000000000001,0.096,-0.129,0.079,0.3138128,0.588399,11.93469305,5.51999998093,1.052282691,-2.34999990463,-5.34272193909,-178.735046387,-18.3690986633,0.666036069393,1.64052402973,97602.8503418,2.23000001907,-117.321586609,True
117.7,0.081,-0.029,0.062,0.2941995,0.6276256,12.2190859,5.75,1.052282691,-2.14999985695,-5.34272193909,-178.735046387,-18.4598445892,0.690215706825,1.37186706066,97605.5786133,2.37999987602,-117.321586609,True
117.80000000000001,0.021,-0.02,0.052,0.20593965,0.63743225,11.15016105,5.94000005722,1.052282691,-2.01999998093,-5.34272193909,-178.735046387,-18.5005397797,0.70580971241,1.28448092937,97605.5786133,2.51999998093,-131.970214844,True
117.9,0.004,0.034,0.009,0.06864655,0.67665885,10.42446895,6.13999986649,3.3480694294,-1.86000001431,-3.51560711861,179.348251343,-18.5528240204,0.72980004549,1.19799411297,97610.8947754,2.62999987602,-131.970214844,True
118.0,0.039,-0.036,-0.014,0.0196133,0.53936575,10.2185293,6.3799996376,3.3480694294,-1.67999994755,-3.51560711861,179.348251343,-18.588186264,0.745773494244,1.17621517181,97615.4907227,2.73000001907,-155.316925049,True
118.10000000000001,0.021,-0.096,-0.024,0.06864655,0.59820565,10.5323421,6.57999992371,3.3480694294,-1.48000001907,-3.51560711861,179.348251343,-18.6523551941,0.755912005901,1.0960174799,97612.677002,2.82999992371,-155.316925049,True
118.2,0.019,-0.115,-0.028,0.1569064,0.588399,10.8853815,6.71999979019,3.3480694294,-1.28999996185,-3.51560711861,179.348251343,-18.6827335358,0.749501526356,1.03144311905,97613.5070801,2.9399998188,-121.88205719,True
118.30000000000001,0.06,-0.142,-0.043,0.1372931,0.5491724,11.18938765,6.7999997139,3.3480694294,-1.12000000477,-3.51560711861,179.348251343,-18.7067432404,0.733763992786,0.919172346592,97616.217041,3.03999996185,-121.88205719,True
118.4,0.067,-0.134,-0.036,0.20593965,0.4511059,11.73856005,6.82999992371,4.54107522964,-1.0,-1.84685695171,179.690826416,-18.7190895081,0.719057738781,0.835127413273,97615.625,3.12999987602,-124.712562561,True
118.5,0.034,-0.105,-0.001,0.196133,0.50013915,11.571847,6.75999975204,4.54107522964,-0.939999997616,-1.84685695171,179.690826416,-18.7334880829,0.682074189186,0.670249044895,97623.3276367,3.19999980927,-131.603424072,True
118.60000000000001,0.029,-0.104,0.009,0.26477955,0.50013915,11.76798,6.65999984741,4.54107522964,-0.919999957085,-1.84685695171,179.690826416,-18.733455658,0.616814851761,0.443358182907,97623.3642578,3.25999999046,-131.603424072,True
118.7,0.021,0.027,-3.3065463577000003e-18,0.2157463,0.5491724,11.0815145,6.52999973297,4.54107522964,-0.930000007153,-1.84685695171,179.690826416,-18.7255077362,0.588252663612,0.324030101299,97618.75,3.30999994278,-131.603424072,True
118.80000000000001,-0.051,0.037,-4.53119315685e-18,0.2353596,0.50013915,10.48330885,6.42000007629,6.04609441757,-0.939999997616,0.121342472732,179.894042969,-18.7135467529,0.547569155693,0.236273989081,97622.2412109,3.33999991417,-135.262481689,True
118.9,-0.06,-0.008,0.005,0.1765197,0.61781895,9.8654899,6.31999969482,6.04609441757,-0.939999997616,0.121342472732,179.894042969,-18.7054386139,0.512548983097,0.208492532372,97622.7661133,3.36999988556,-135.262481689,True
119.0,-0.031,-0.028,0.005,0.14709975,0.588399,9.9439431,6.25,6.04609441757,-0.899999976158,0.121342472732,179.894042969,-18.6967144012,0.485766351223,0.218312650919,97622.076416,3.38999986649,-141.642181396,True
119.10000000000001,-0.062,0.023,-0.004,0.18632635,0.65704555,9.85568325,6.17999982834,5.58775281906,-0.8599999547,0.0641112476587,179.681152344,-18.6779060364,0.46044459939,0.237328276038,97622.2961426,3.40999984741,-132.940856934,True
119.2,-0.009,0.029,-0.017,0.1176798,0.5687857,9.34573745,6.17999982834,5.58775281906,-0.789999961853,0.0641112476587,179.681152344,-18.6761550903,0.456927657127,0.263431489468,97624.7253418,3.42999982834,-132.940856934,True
119.30000000000001,0.005,0.069,-0.016,0.08825985,0.57859235,9.0025047,6.17999982834,5.58775281906,-0.680000007153,0.0641112476587,179.681152344,-18.6697845459,0.447396069765,0.330799460411,97624.7253418,3.46000003815,-136.452667236,True
119.4,0.016,0.071,-0.015,0.08825985,0.51975245,8.8455983,6.21999979019,5.58775281906,-0.539999961853,0.0641112476587,179.681152344,-18.6683292389,0.438101440668,0.420478343964,97624.3103027,3.5,-136.452667236,True
119.5,-0.02,0.038,-0.01,0.08825985,0.6864655,9.26728425,6.23999977112,5.58775281906,-0.34999999404,0.0641112476587,179.681152344,-18.6802635193,0.426457732916,0.553595662117,97629.6936035,3.54999995232,-136.452667236,True
119.60000000000001,-0.054,0.013,-0.015,0.16671305,0.7453054,9.73800345,6.48999977112,5.57776880264,-0.149999991059,-1.48007154465,179.689102173,-18.6917209625,0.415899097919,0.573982715607,97626.574707,3.6099998951,-135.453796387,True
119.7,-0.047,-0.011,-0.027,0.1765197,0.71588545,9.5909037,6.5499997139,5.57776880264,0.019999999553,-1.48007154465,179.689102173,-18.7085857391,0.413926869631,0.622405827045,97625.78125,3.67999982834,-135.453796387,True
119.80000000000001,-0.008,-0.007,-0.048,0.1176798,0.5491724,9.69877685,7.96000003815,5.57776880264,0.239999994636,-1.48007154465,179.689102173,-18.7266139984,0.413761347532,0.658160984516,97630.2734375,3.75999999046,-140.560150146,True
119.9,0.0,0.054,-0.08,0.16671305,0.5295591,9.42419065,8.07999992371,5.23431825638,0.449999988079,-1.78475761414,-179.743377686,-18.7592086792,0.403643935919,0.733285784721,97632.1777344,3.83999991417,-141.560073853,True
120.0,0.021,0.002,-0.088,0.18632635,0.50013915,9.16921775,8.88000011444,5.23431825638,0.699999988079,-1.78475761414,-179.743377686,-18.7681808472,0.393093258142,0.768956959248,97632.8552246,3.92999982834,-143.566802979,True
120.10000000000001,0.059,-0.104,-0.062,0.22555295,0.36284605,10.2185293,8.94999980927,5.23431825638,0.979999959469,-1.78475761414,-179.743377686,-18.8012619019,0.359750956297,0.809883832932,97629.498291,4.01999998093,-142.566864014,True
120.2,0.097,-0.126,-0.045,0.2549729,0.46091255,10.83634825,8.96000003815,6.40269470215,1.20999991894,-1.03480315208,-178.499481201,-18.832321167,0.292406588793,0.725679576397,97629.8583984,4.11999988556,-145.948410034,True
120.30000000000001,0.092,-0.144,-0.012,0.32361945,0.55897905,11.4345539,13.0999994278,6.40269470215,1.39999997616,-1.03480315208,-178.499481201,-18.8402175903,0.230038806796,0.591625809669,97632.0617676,4.21000003815,-145.948410034,True
120.4,0.092,-0.031,0.026,0.32361945,0.4511059,11.6110736,13.1599998474,6.40269470215,1.5,-1.03480315208,-178.499481201,-18.8434429169,0.150374874473,0.448463976383,97635.9191895,4.27999973297,-149.259002686,True
120.5,0.093,-0.068,0.034,0.3530394,0.73549875,11.26784085,16.0499992371,6.40269470215,1.56999993324,-1.03480315208,-178.499481201,-18.8439483643,0.113923035562,0.373026996851,97637.2314453,4.33999967575,-149.259002686,True
120.60000000000001,0.058,-0.103,0.033,0.40207265,0.71588545,11.71894675,16.1999988556,6.40269470215,1.59999990463,-1.03480315208,-178.499481201,-18.8375072479,0.0330269150436,0.227753549814,97631.9763184,4.38000011444,-153.318206787,True
120.7,0.05,-0.039,0.02,0.38245935,0.8825985,11.4345539,21.2399997711,8.73416996002,1.56999993324,0.812718570232,-178.830337524,-18.8174228668,-0.0786482989788,-0.000758202397265,97641.003418,4.40999984741,-153.318206787,True
120.80000000000001,0.065,-0.022,-0.014,0.32361945,0.75511205,10.73828175,21.5299987793,8.73416996002,1.5,0.812718570232,-178.830337524,-18.811252594,-0.112716451287,-0.0377496629953,97635.5163574,4.42000007629,-153.801818848,True
120.9,0.084,-0.001,-0.03,0.3138128,0.8433719,10.4342756,25.1499996185,8.73416996002,1.4699999094,0.812718570232,-178.830337524,-18.7868099213,-0.211415365338,-0.128018945456,97635.5163574,4.42000007629,-153.801818848,True
121.0,0.07,0.021,-0.047,0.2549729,0.77472535,9.6693569,25.5499992371,8.73416996002,1.41999995708,0.812718570232,-178.830337524,-18.7658805847,-0.299815952778,-0.166650891304,97638.6474609,4.40999984741,-157.89680481,True
121.10000000000001,0.07,-0.022,-0.068,0.24516625,0.85317855,9.2574776,25.8899993896,10.7628145218,1.41999995708,1.20530438423,-178.75970459,-18.7408218384,-0.406559944153,-0.0975909456611,97640.2709961,4.38999986649,-152.178375244,True
121.2,0.168,-0.072,-0.098,0.2353596,0.67665885,9.62032365,32.3999977112,10.7628145218,1.4699999094,1.20530438423,-178.75970459,-18.7237281799,-0.496921241283,-0.0571764372289,97634.0515137,4.38999986649,-152.178375244,True
121.30000000000001,0.262,-0.099,-0.088,0.36284605,0.8825985,10.13026945,32.8299980164,10.7628145218,1.53999996185,1.20530438423,-178.75970459,-18.7084922791,-0.568944215775,-0.0441753044724,97642.0471191,4.38999986649,-152.178375244,True
121.4,0.253,-0.116,-0.083,0.392266,0.7256921,11.1011278,35.7299995422,10.7628145218,1.58999991417,1.20530438423,-178.75970459,-18.6688671112,-0.75644671917,-0.0915827527642,97634.9060059,4.38999986649,-151.284408569,True
121.5,0.239,-0.058,-0.075,0.44129925,0.91201845,11.07170785,35.9599990845,16.5771331787,1.57999992371,2.59055876732,-176.29800415,-18.6065406799,-1.03771400452,-0.212365344167,97642.0349121,4.38999986649,-139.092636108,True
121.60000000000001,0.204,-0.051,-0.071,0.3334261,0.73549875,10.5323421,39.469997406,16.5771331787,1.54999995232,2.59055876732,-176.29800415,-18.5764808655,-1.17139351368,-0.233031660318,97636.2609863,4.38999986649,-139.092636108,True
121.7,0.28,-0.053,-0.075,0.4314926,0.9022118,10.395049,39.6499977112,16.5771331787,1.53999996185,2.59055876732,-176.29800415,-18.5378341675,-1.35794007778,-0.247152611613,97641.3024902,4.38000011444,-141.229827881,True
121.80000000000001,0.213,-0.048,-0.075,0.4314926,0.8237586,9.9439431,39.7700004578,20.9555778503,1.54999995232,2.95473265648,-174.993408203,-18.4683532715,-1.70767569542,-0.216888621449,97635.9191895,4.36999988556,-141.229827881,True
121.9,0.169,-0.017,-0.086,0.4707192,1.02969825,9.8458766,41.8699989319,20.9555778503,1.57999992371,2.95473265648,-174.993408203,-18.4262561798,-1.91288757324,-0.186191499233,97639.6789551,4.36000013351,-141.229827881,True
122.0,0.184,0.018,-0.134,0.42168595,1.08853815,9.40457735,42.0200004578,20.9555778503,1.63999998569,2.95473265648,-174.993408203,-18.3689117432,-2.21143817902,-0.108440347016,97641.1071777,4.34999990463,-132.10144043,True
122.10000000000001,0.234,-0.013,-0.17,0.392266,1.1375714,9.1005712,44.7399978638,20.9555778503,1.73000001907,2.95473265648,-174.993408203,-18.3259906769,-2.47219657898,-0.00126910989638,97636.7492676,4.34999990463,-131.479064941,True
122.2,0.18,-0.05,-0.201,0.48052585,1.20621795,9.3751574,44.75,20.9555778503,1.87000000477,2.95473265648,-174.993408203,-18.2943935394,-2.68441677094,0.0906895473599,97639.3798828,4.36000013351,-132.479003906,True
122.30000000000001,0.226,-0.042,-0.241,0.42168595,1.0002783,9.3555441,44.7599983215,26.1691226959,2.04999995232,1.86364865303,-172.098953247,-18.2504196167,-2.98484754562,0.211649209261,97637.6220703,4.38999986649,-136.984725952,True
122.4,0.197,-0.027,-0.257,0.50013915,1.08853815,9.30651085,44.7700004578,26.1691226959,2.27999997139,1.86364865303,-172.098953247,-18.1957817078,-3.37941193581,0.355355888605,97639.5751953,4.42000007629,-136.984725952,True
122.5,0.181,-0.072,-0.262,0.4707192,1.10815145,9.3947707,44.7700004578,26.1691226959,2.51999998093,1.86364865303,-172.098953247,-18.1605472565,-3.65934944153,0.459792375565,97637.9577637,4.46999979019,-131.266784668,True
122.60000000000001,0.184,-0.116,-0.272,0.50013915,1.0787315,9.8654899,44.7700004578,26.1691226959,2.78999996185,1.86364865303,-172.098953247,-18.0925827026,-4.11086177826,0.593233883381,97640.3991699,4.53999996185,-131.266784668,True
122.7,0.194,-0.124,-0.267,0.5295591,1.04931155,9.80665,44.7700004578,31.5493431091,3.08999991417,0.113347098231,-166.226211548,-18.025812149,-4.52759933472,0.696923851967,97640.0146484,4.61000013351,-139.662353516,True
122.80000000000001,0.195,-0.197,-0.28,0.5687857,1.0787315,10.2773692,44.7700004578,31.5493431091,3.41999983788,0.113347098231,-166.226211548,-17.9592590332,-4.8831653595,0.764825344086,97640.3198242,4.69999980927,-139.662353516,True
122.9,0.195,-0.197,-0.28,0.5687857,1.0787315,10.2773692,44.7700004578,31.5493431091,3.73000001907,0.113347098231,-166.226211548,-17.8287830353,-5.47447967529,0.830782353878,97640.3198242,4.78999996185,-139.309112549,True
123.0,0.133,-0.183,-0.266,0.784532,1.16699135,11.36590735,44.7700004578,35.6730041504,4.0499997139,0.0882714465261,-159.483352661,-17.74958992,-5.79595756531,0.843549966812,97646.7102051,4.88999986649,-140.309051514,True
123.10000000000001,0.117,-0.116,-0.303,0.8041453,0.95124505,10.983448,44.7700004578,35.6730041504,4.33999967575,0.0882714465261,-159.483352661,-17.6009464264,-6.33345031738,0.859970927238,97649.4812012,4.98999977112,-144.9034729,True
123.2,0.131,-0.16,-0.289,0.85317855,1.28467115,11.52281375,44.7700004578,35.6730041504,4.63999986649,0.0882714465261,-159.483352661,-17.4001235962,-7.00952577591,0.87159204483,97655.0598145,5.08999967575,-143.903533936,True
123.30000000000001,0.0,-0.216,-0.294,0.9022118,1.26505785,12.01314625,44.7700004578,35.6730041504,4.96000003815,0.0882714465261,-159.483352661,-17.247718811,-7.46498775482,0.870219767094,97648.5778809,5.19999980927,-206.141281128,True
123.4,-0.013,-0.273,-0.29,0.8825985,1.176798,12.2386992,44.7700004578,35.6730041504,5.23000001907,0.0882714465261,-159.483352661,-17.0300922394,-8.08354568481,0.837645471096,97655.3833008,5.30999994278,-207.141204834,True
123.5,0.18,-0.275,-0.284,0.93163175,1.4121576,11.9052731,44.7700004578,35.6730041504,5.48999977112,0.0882714465261,-159.483352661,-16.7812385559,-8.68964004517,0.791797101498,97652.7648926,5.42000007629,-212.833496094,True
123.60000000000001,0.174,-0.211,-0.322,0.95124505,1.2356379,11.1207411,44.7700004578,38.4222373962,5.7999997139,-0.388544768095,-149.47555542,-16.5217914581,-9.25392150879,0.789026081562,97655.3466797,5.51999998093,-212.833496094,True
123.7,-0.087,-0.188,-0.313,0.9218251,1.16699135,10.83634825,44.7700004578,38.4222373962,6.13999986649,-0.388544768095,-149.47555542,-16.0782585144,-10.1284179688,0.910439968109,97657.3242188,5.6299996376,-217.974273682,True
123.80000000000001,-0.123,-0.212,-0.305,1.08853815,1.2356379,11.07170785,44.7700004578,38.4222373962,6.48000001907,-0.388544768095,-149.47555542,-15.9027805328,-10.4599466324,0.948277235031,97658.203125,5.73000001907,-217.974273682,True
123.9,0.006,-0.314,-0.283,1.08853815,1.24544455,12.22889255,44.7700004578,39.3174362183,6.82999992371,-0.85448205471,-142.082122803,-15.4970912933,-11.1403017044,0.954036414623,97663.6779785,5.84999990463,-224.966247559,True
124.0,-0.058,-0.366,-0.274,1.20621795,1.372931,13.6704701,44.7700004578,39.3174362183,7.14999961853,-0.85448205471,-142.082122803,-15.170498848,-11.6315870285,0.863815248013,97662.7075195,5.96000003815,-224.966247559,True
124.10000000000001,0.067,-0.245,-0.329,1.1964113,1.04931155,13.18994425,44.7700004578,39.3174362183,7.36999988556,-0.85448205471,-142.082122803,-14.7115364075,-12.2410621643,0.722419083118,97664.7888184,6.07999992371,-224.966247559,True
124.2,-0.026,-0.332,-0.29,1.1571847,1.08853815,13.1801376,44.7700004578,39.814666748,7.60999965668,0.0817624852061,-133.829421997,-14.2367687225,-12.8159532547,0.64252614975,97663.848877,6.17000007629,-231.587799072,True
124.30000000000001,0.022,-0.285,-0.256,1.18660465,1.16699135,12.83690485,44.7700004578,39.814666748,7.81999969482,0.0817624852061,-133.829421997,-13.6298494339,-13.4740791321,0.544878423214,97667.96875,6.25999975204,-241.847045898,True
124.4,0.096,-0.375,-0.274,1.372931,1.18660465,13.48414375,44.7599983215,39.814666748,8.02999973297,0.0817624852061,-133.829421997,-13.204788208,-13.8936233521,0.463708847761,97669.0368652,6.32999992371,-242.846969604,True
124.5,0.109,-0.413,-0.268,1.3140911,0.99047165,13.2782041,44.75,41.1009712219,8.21000003815,1.54835569859,-126.531593323,-12.6118888855,-14.4124660492,0.358782500029,97671.0632324,6.38999986649,-234.588531494,True
124.60000000000001,0.125,-0.398,-0.258,1.57887065,1.1179581,14.44519545,44.7099990845,41.1009712219,8.36999988556,1.54835569859,-126.531593323,-11.7790431976,-15.0548315048,0.163265243173,97671.8811035,6.44999980927,-233.588592529,True
124.7,0.069,-0.357,-0.266,1.4121576,1.2356379,13.62143685,44.7000007629,41.1009712219,8.44999980927,1.54835569859,-126.531593323,-11.2161502838,-15.4359874725,0.0700758472085,97675.6286621,6.48000001907,-239.108657837,True
124.80000000000001,0.078,-0.442,-0.258,1.5102241,1.02969825,13.95486295,44.6599998474,41.1009712219,8.52999973297,1.54835569859,-126.531593323,-10.3344230652,-15.9848127365,-0.0379690676928,97674.0112305,6.50999975204,-239.108657837,True
124.9,-0.005,-0.464,-0.237,1.69655045,1.30428445,15.0826277,44.6100006104,41.1009712219,8.5999994278,1.54835569859,-126.531593323,-9.66363620758,-16.3314743042,-0.162359505892,97676.0864258,6.51999998093,-235.489364624,True
125.0,0.099,-0.373,-0.239,1.6867438,1.4121576,14.1608026,44.5699996948,44.6412315369,8.57999992371,4.66092348099,-114.683135986,-8.83353996277,-16.7149543762,-0.317096292973,97675.8666992,6.51999998093,-235.489364624,True
125.10000000000001,0.022,-0.278,-0.32,1.61809725,1.50041745,12.50347875,44.5599975586,44.6412315369,8.57999992371,4.66092348099,-114.683135986,-7.74245595932,-17.1409950256,-0.387261927128,97676.3183594,6.50999975204,-226.375579834,True
125.2,0.012,-0.305,-0.36,1.53964405,1.32389775,12.1994726,44.5799980164,44.6412315369,8.60999965668,4.66092348099,-114.683135986,-7.1390748024,-17.3561706543,-0.3749769032,97675.0183105,6.48999977112,-226.375579834,True
125.30000000000001,-0.053,-0.308,-0.384,1.52003075,1.36312435,12.2386992,44.4500007629,46.7812461853,8.67000007629,4.7320151329,-105.413169861,-6.51218128204,-17.5419235229,-0.353029876947,97672.8820801,6.48000001907,-207.392303467,True
125.4,-0.062,-0.342,-0.376,1.55925735,1.1571847,12.26811915,43.0400009155,46.7812461853,8.72999954224,4.7320151329,-105.413169861,-5.89908790588,-17.7105731964,-0.297960221767,97676.6845703,6.46000003815,-207.392303467,True
125.5,0.01,-0.331,-0.389,1.4513842,1.12776475,12.3956056,41.4500007629,46.7812461853,8.80000019073,4.7320151329,-105.413169861,-4.5997133255,-17.9728813171,-0.235671892762,97673.5778809,6.44999980927,-216.74079895,True
125.60000000000001,-0.001,-0.468,-0.388,1.65732385,1.0002783,13.42530385,39.6800003052,47.4714164734,8.88999938965,4.00360584259,-95.7135467529,-4.24765253067,-18.0261554718,-0.236252918839,97672.0825195,6.44000005722,-216.74079895,True
125.7,0.076,-0.518,-0.354,1.75539035,1.20621795,14.4157755,37.3800010681,47.4714164734,8.97000026703,4.00360584259,-95.7135467529,-2.65596008301,-18.172252655,-0.344668716192,97675.2807617,6.44000005722,-220.098297119,True
125.80000000000001,0.001,-0.56,-0.287,1.93191005,1.22583125,16.5143986,34.4599990845,47.4714164734,8.93999958038,4.00360584259,-95.7135467529,-1.97993457317,-18.178899765,-0.463489323854,97665.9179688,6.42999982834,-220.098297119,True
125.9,-0.117,-0.486,-0.259,1.97113665,1.22583125,17.24989735,30.6799983978,47.4714164734,8.80000019073,4.00360584259,-95.7135467529,-0.785414814949,-18.1225585938,-0.710444867611,97669.4885254,6.42000007629,-220.098297119,True
126.0,-0.178,-0.439,-0.246,1.8828768,1.3140911,15.46508705,26.2099990845,47.4714164734,8.53999996185,4.00360584259,-95.7135467529,0.590953469276,-17.9651317596,-0.964660108089,97669.4885254,6.35999965668,-135.190200806,True
126.10000000000001,-0.239,-0.416,-0.257,1.96133,1.2944778,15.54354025,21.5,48.6188163757,8.26999950409,6.84026384354,-81.6282272339,1.67196035385,-17.7449111938,-1.15036952496,97673.3337402,6.28999996185,-126.74331665,True
126.2,-0.273,-0.383,-0.308,1.9417167,1.2356379,15.0826277,16.4200000763,48.6188163757,7.92999982834,6.84026384354,-81.6282272339,2.48416399956,-17.5313205719,-1.29234564304,97672.1557617,6.17999982834,-126.74331665,True
126.30000000000001,-0.333,-0.304,-0.331,1.50041745,1.372931,13.93524965,11.2199993134,46.1372566223,7.57999992371,7.7581410408,-74.1526412964,3.59691429138,-17.1578025818,-1.44186472893,97666.1132812,6.06999969482,-114.515304565,True
126.4,-0.42,-0.261,-0.354,1.5298374,1.176798,13.2978174,6.15000009537,46.1372566223,7.21999979019,7.7581410408,-74.1526412964,4.39213657379,-16.841053009,-1.50981664658,97662.5183105,5.92999982834,-114.515304565,True
126.5,-0.42,-0.261,-0.354,1.5298374,1.176798,13.2978174,1.15999996662,46.1372566223,6.8799996376,7.7581410408,-74.1526412964,4.69512844086,-16.6956233978,-1.54229009151,97662.5183105,5.7999997139,-168.539810181,True
126.60000000000001,-0.383,-0.325,-0.383,1.18660465,1.0591182,13.52337035,-3.67999982834,46.1372566223,6.44000005722,7.7581410408,-74.1526412964,5.44044351578,-16.3001880646,-1.64853107929,97654.2175293,5.63999986649,-168.539810181,True
126.7,-0.439,-0.239,-0.394,0.95124505,0.7649187,13.05265115,-8.51999950409,46.1372566223,5.94000005722,7.7581410408,-74.1526412964,6.53798246384,-15.5945167542,-1.86925327778,97656.628418,5.46999979019,-140.117645264,True
126.80000000000001,-0.544,-0.232,-0.37,0.83356525,0.51975245,12.66038515,-12.9799995422,36.9803543091,5.40000009537,6.85686635971,-60.2851676941,6.9944434166,-15.2474412918,-1.92202651501,97649.432373,5.27999973297,-140.117645264,True
126.9,-0.584,-0.163,-0.336,0.6080123,0.51975245,11.62088025,-16.8999996185,36.9803543091,4.84999990463,6.85686635971,-60.2851676941,7.46159315109,-14.8193626404,-1.95908236504,97644.9768066,5.08999967575,-121.182250977,True
127.0,-0.558,-0.127,-0.319,0.4314926,0.6276256,11.07170785,-20.1899986267,36.9803543091,4.30999994278,6.85686635971,-60.2851676941,7.85710859299,-14.4247360229,-1.96799349785,97635.925293,4.88000011444,-121.182250977,True
127.10000000000001,-0.526,-0.176,-0.323,0.392266,0.42168595,11.44436055,-23.0499992371,28.4313735962,3.76999998093,6.16044807434,-53.6866950989,8.24265956879,-13.9509210587,-2.00661230087,97630.2185059,4.67000007629,-107.434082031,True
127.2,-0.505,-0.169,-0.306,0.34323275,0.2549729,11.87585315,-25.5799999237,28.4313735962,3.19999980927,6.16044807434,-53.6866950989,8.51725578308,-13.5621585846,-2.08839201927,97631.3720703,4.46000003815,-107.434082031,True
127.30000000000001,-0.48,-0.052,-0.292,0.3138128,0.2941995,12.11121275,-27.8199996948,28.4313735962,2.55999994278,6.16044807434,-53.6866950989,8.70518875122,-13.2386217117,-2.20840215683,97622.052002,4.23000001907,-79.3865203857,True
127.4,-0.471,-0.067,-0.225,0.2157463,0.0980665,11.1011278,-29.8099994659,28.4313735962,1.84999990463,6.16044807434,-53.6866950989,8.90892982483,-12.8666067123,-2.30366969109,97614.7644043,3.99000000954,-79.3865203857,True
127.5,-0.425,-0.042,-0.197,0.1569064,0.0980665,10.36562905,-31.5299987793,18.4632263184,1.16999995708,5.88416385651,-46.6507606506,9.04332828522,-12.5431432724,-2.33580160141,97612.2558594,3.74000000954,-52.2630691528,True
127.60000000000001,-0.46,-0.025,-0.166,0.06864655,0.0784532,8.97308475,-32.969997406,18.4632263184,0.489999979734,5.88416385651,-46.6507606506,9.13563346863,-12.2767076492,-2.24959349632,97610.2966309,3.47000002861,-52.2630691528,True
127.7,-0.562,-0.081,-0.152,0.0196133,0.22555295,9.44380395,-34.0999984741,18.4632263184,-0.0899999961257,5.88416385651,-46.6507606506,9.16757392883,-12.0033922195,-2.14129686356,97608.2885742,3.21000003815,-15.5380249023,True
127.80000000000001,-0.569,-0.004,-0.156,0.00980665,0.36284605,9.4928372,-35.0200004578,18.4632263184,-0.689999997616,5.88416385651,-46.6507606506,9.16220760345,-11.848236084,-2.096804142,97605.5786133,2.95000004768,-15.5380249023,True
127.9,-0.574,0.073,-0.189,0.06864655,0.04903325,9.03192465,-35.7900009155,7.44796419144,-1.28999996185,5.59891700745,-42.754196167,9.12385940552,-11.694442749,-2.00644516945,97598.6694336,2.70000004768,3.48825454712,True
128.0,-0.506,0.059,-0.157,0.0784532,-0.14709975,8.5906254,-36.4599990845,7.44796419144,-1.81999993324,5.59891700745,-42.754196167,9.08965873718,-11.5629940033,-1.87276744843,97599.4018555,2.46000003815,3.48825454712,True
128.1,-0.434,0.005,-0.074,0.02941995,-0.26477955,8.7867584,-37.0900001526,7.44796419144,-2.27999997139,5.59891700745,-42.754196167,9.03662490845,-11.4588670731,-1.7331609726,97590.9118652,2.24000000954,27.6081085205,True
128.20000000000002,-0.427,-0.042,-0.009,0.02941995,-0.30400615,9.4732239,-37.5799980164,7.44796419144,-2.71000003815,5.59891700745,-42.754196167,8.96379852295,-11.3753681183,-1.64275860786,97590.2099609,2.02999997139,27.6081085205,True
128.3,-0.436,-0.007,0.079,0.0588399,-0.2157463,9.9439431,-37.9899978638,-1.23879241943,-3.1899998188,4.90705347061,-40.7224159241,8.87209701538,-11.3335046768,-1.63982224464,97588.3483887,1.82999992371,54.6144485474,True
128.4,-0.481,0.056,0.136,0.0588399,-0.06864655,9.3359308,-38.2399978638,-1.23879241943,-3.67999982834,4.90705347061,-40.7224159241,8.74019145966,-11.3040533066,-1.61500287056,97588.2080078,1.63999998569,54.6144485474,True
128.5,-0.488,0.091,0.141,0.0784532,1.1048907930199999e-15,9.022118,-38.4799995422,-1.23879241943,-4.13000011444,4.90705347061,-40.7224159241,8.54156684875,-11.3258361816,-1.52358937263,97583.5510254,1.43999993801,83.1439971924,True
128.6,-0.513,0.093,0.143,0.04903325,0.0980665,8.7867584,-38.5499992371,-1.23879241943,-4.55999994278,4.90705347061,-40.7224159241,8.35340499878,-11.3861055374,-1.40072023869,97584.0148926,1.24000000954,83.1439971924,True
128.70000000000002,-0.433,0.089,0.135,0.0392266,-0.04903325,8.58081875,-38.5799980164,-11.1455984116,-4.92000007629,3.64435362816,-43.1275749207,8.05683040619,-11.5271863937,-1.18392968178,97577.2888184,1.05999994278,94.4898605347,True
128.8,-0.437,0.075,0.141,0.0,1.0244259200499999e-15,8.36507245,-38.5200004578,-11.1455984116,-5.23000001907,3.64435362816,-43.1275749207,7.97160863876,-11.5778942108,-1.10860610008,97574.3896484,0.899999976158,94.4898605347,True
128.9,-0.455,0.028,0.154,-0.00980665,-0.04903325,7.9041599,-38.4500007629,-11.1455984116,-5.44999980927,3.64435362816,-43.1275749207,7.69493627548,-11.7469396591,-0.83976149559,97574.3896484,0.75,107.74307251,True
129.0,-0.451,0.025,0.186,-0.02941995,-0.08825985,8.433719,-38.2999992371,-11.1455984116,-5.60999965668,3.64435362816,-43.1275749207,7.45091199875,-11.9084720612,-0.597538411617,97574.3103027,0.629999995232,107.74307251,True
129.1,-0.404,0.008,0.215,0.0196133,-0.0784532,8.09048625,-38.0799980164,-21.2718791962,-5.69999980927,1.26103854179,-46.1885414124,7.22550439835,-12.0592479706,-0.412011951208,97574.8779297,0.519999980927,121.224502563,True
129.20000000000002,-0.368,-0.056,0.245,0.0392266,0.02941995,8.32584585,-37.7700004578,-21.2718791962,-5.75,1.26103854179,-46.1885414124,6.94847726822,-12.2569713593,-0.143732637167,97573.1933594,0.449999988079,121.224502563,True
129.3,-0.337,-0.068,0.264,0.04903325,-0.00980665,8.9436648,-37.3899993896,-27.7969036102,-5.67000007629,-0.239378601313,-49.9581069946,6.55623912811,-12.541683197,0.145733490586,97567.9748535,0.379999995232,126.437286377,True
129.4,-0.331,-0.056,0.287,0.12748645,-0.00980665,9.32612415,-36.8400001526,-27.7969036102,-5.57999992371,-0.239378601313,-49.9581069946,6.18959569931,-12.8104658127,0.345247328281,97573.425293,0.379999995232,126.437286377,True
129.5,-0.29,-0.112,0.309,0.12748645,-0.0588399,9.2967042,-36.1800003052,-27.7969036102,-5.50999975204,-0.239378601313,-49.9581069946,5.87288236618,-13.0421791077,0.514872729778,97570.4406738,0.379999995232,127.48727417,True
129.6,-0.29,-0.112,0.309,0.12748645,-0.0588399,9.2967042,-35.3600006104,-27.7969036102,-5.36999988556,-0.239378601313,-49.9581069946,5.53317689896,-13.2761459351,0.667755246162,97570.4406738,0.399999976158,127.48727417,True
129.70000000000002,-0.228,-0.108,0.347,0.1569064,-0.0588399,9.48303055,-34.3999977112,-27.7969036102,-5.17000007629,-0.239378601313,-49.9581069946,4.90785455704,-13.6977758408,0.955522954464,97575.2929688,0.439999997616,133.263015747,True
129.8,-0.207,-0.187,0.391,0.2157463,0.0784532,9.8654899,-33.2799987793,-34.7051200867,-4.94000005722,-2.668851614,-58.4719657898,4.52419996262,-13.9510669708,1.11695349216,97576.0314941,0.489999979734,133.263015747,True
129.9,-0.102,-0.258,0.402,0.30400615,0.12748645,10.0616229,-31.9499988556,-34.7051200867,-4.65999984741,-2.668851614,-58.4719657898,3.67054748535,-14.4635190964,1.43067753315,97578.8269043,0.569999992847,115.187644958,True
130.0,-0.134,-0.297,0.394,0.4118793,0.10787315,10.91480145,-30.3699989319,-34.7051200867,-4.34999990463,-2.668851614,-58.4719657898,3.33388185501,-14.6589288712,1.52272558212,97579.2663574,0.669999957085,115.187644958,True
130.1,-0.134,-0.297,0.394,0.4118793,0.10787315,10.91480145,-28.5100002289,-34.7051200867,-4.02999973297,-2.668851614,-58.4719657898,2.83116412163,-14.9192991257,1.61235415936,97579.2663574,0.789999961853,94.0291442871,True
130.20000000000002,-0.05,-0.324,0.413,0.4511059,0.1176798,11.964113,-26.2099990845,-34.7051200867,-3.69999980927,-2.668851614,-58.4719657898,2.0240855217,-15.2893047333,1.70228147507,97583.581543,0.930000007153,94.0291442871,True
130.3,0.007,-0.215,0.418,0.44129925,0.22555295,11.44436055,-23.5399990082,-37.0805740356,-3.39999985695,-3.38009166718,-72.5602798462,1.00588798523,-15.6716899872,1.80903601646,97588.5375977,1.06999993324,79.3043136597,True
130.4,0.06,-0.232,0.395,0.36284605,0.3138128,11.1403544,-20.4899997711,-37.0805740356,-3.03999996185,-3.38009166718,-72.5602798462,0.598004758358,-15.8087673187,1.88605225086,97589.453125,1.22000002861,79.3043136597,True
130.5,0.079,-0.24,0.403,0.36284605,0.24516625,10.83634825,-17.4200000763,-37.0805740356,-2.65999984741,-3.38009166718,-72.5602798462,-0.359588056803,-16.0721244812,2.07189965248,97593.762207,1.38999998569,56.6555023193,True
130.6,0.153,-0.287,0.408,0.392266,0.24516625,11.09132115,-14.0099992752,-35.3663597107,-2.21000003815,-4.40427160263,-81.32421875,-0.900570988655,-16.1986026764,2.15843653679,97598.5473633,1.56999993324,56.6555023193,True
130.70000000000002,0.153,-0.287,0.408,0.392266,0.24516625,11.09132115,-10.4299993515,-35.3663597107,-1.76999998093,-4.40427160263,-81.32421875,-1.48471212387,-16.3046607971,2.21149039268,97598.5473633,1.75999999046,20.5533981323,True
130.8,0.219,-0.3,0.436,0.5295591,0.42168595,12.7682583,-6.30999994278,-35.3663597107,-1.35000002384,-4.40427160263,-81.32421875,-2.37786841393,-16.4442996979,2.17766308784,97605.4260254,1.9699999094,20.5533981323,True
130.9,0.24,-0.278,0.412,0.6080123,0.6472389,13.34685065,-1.89999997616,-35.3663597107,-0.969999969006,-4.40427160263,-81.32421875,-3.16833209991,-16.5084838867,2.09302043915,97604.7058105,2.16999983788,13.6591911316,True
131.0,0.22,-0.262,0.383,0.51975245,0.588399,13.5135637,2.86999988556,-29.6210079193,-0.610000014305,-3.86525273323,-93.0187454224,-3.78249502182,-16.5394973755,1.98300266266,97605.5541992,2.37999987602,13.6591911316,True
131.1,0.267,-0.271,0.35,0.4707192,0.6668522,13.0036179,7.52999973297,-29.6210079193,-0.289999991655,-3.86525273323,-93.0187454224,-4.37808799744,-16.5341892242,1.90462589264,97612.487793,2.57999992371,-24.5492935181,True
131.20000000000002,0.267,-0.271,0.35,0.4707192,0.6668522,13.0036179,12.1700000763,-29.6210079193,0.0,-3.86525273323,-93.0187454224,-5.37034082413,-16.4776935577,1.70676910877,97612.487793,2.75999999046,-24.5492935181,True
131.3,0.272,-0.166,0.27,0.51975245,0.7649187,13.4351105,16.6800003052,-25.0933990479,0.229999989271,-2.74538302422,-100.334327698,-6.07309103012,-16.3855857849,1.53221547604,97617.9199219,2.92999982834,-37.1776580811,True
131.4,0.352,-0.215,0.249,0.50013915,0.784532,13.1801376,20.8899993896,-25.0933990479,0.449999988079,-2.74538302422,-100.334327698,-6.57152843475,-16.3093948364,1.39747035503,97618.2312012,3.08999991417,-37.1776580811,True
131.5,0.378,-0.191,0.22,0.53936575,0.7060788,13.17033095,24.6800003052,-25.0933990479,0.620000004768,-2.74538302422,-100.334327698,-7.2768573761,-16.1649188995,1.16188049316,97619.0979004,3.24000000954,-65.8390045166,True
131.6,0.401,-0.11,0.202,0.4511059,0.784532,12.28773245,28.1199989319,-25.0933990479,0.729999959469,-2.74538302422,-100.334327698,-7.69202280045,-16.0631656647,1.02020049095,97623.0834961,3.3599998951,-65.8390045166,True
131.70000000000002,0.399,-0.183,0.206,0.4707192,0.65704555,12.160246,31.0599994659,-17.1709785461,0.839999973774,-1.07853269577,-107.027893066,-8.30392551422,-15.8719778061,0.810804605484,97623.9013672,3.46000003815,-84.7639083862,True
131.8,0.41,-0.246,0.152,0.48052585,0.81395195,12.5721253,33.5999984741,-17.1709785461,0.919999957085,-1.07853269577,-107.027893066,-8.61052036285,-15.7619829178,0.662634849548,97626.6723633,3.54999995232,-84.7639083862,True
131.9,0.447,-0.213,0.141,0.51975245,0.67665885,12.36618565,35.8400001526,-17.1709785461,0.939999997616,-1.07853269577,-107.027893066,-8.86872196198,-15.6376924515,0.496798783541,97629.3579102,3.62999987602,-106.59122467,True
132.0,0.454,-0.166,0.159,0.38245935,0.57859235,11.2580342,37.7000007629,-8.88774871826,0.930000007153,2.00422763824,-111.414726257,-9.16564273834,-15.4628105164,0.333160638809,97629.6325684,3.67999982834,-106.59122467,True
132.1,0.458,-0.181,0.158,0.5687857,0.8237586,12.2779258,39.2000007629,-8.88774871826,0.959999978542,2.00422763824,-111.414726257,-9.36055660248,-15.3084945679,0.178582474589,97632.244873,3.73000001907,-111.846542358,True
132.20000000000002,0.364,-0.151,0.171,0.71588545,0.99047165,13.5135637,40.5099983215,-8.88774871826,0.899999976158,2.00422763824,-111.414726257,-9.4998960495,-15.1701993942,-0.0959071666002,97626.3671875,3.75999999046,-111.846542358,True
132.3,0.303,-0.091,0.173,0.7453054,1.08853815,13.99408955,41.6100006104,-8.88774871826,0.709999978542,2.00422763824,-111.414726257,-9.6035823822,-15.0398950577,-0.429984778166,97632.4768066,3.76999998093,-111.140632629,True
132.4,0.378,-0.011,0.113,0.65704555,0.95124505,13.1997509,42.6199989319,-8.88774871826,0.34999999404,2.00422763824,-111.414726257,-9.67189884186,-14.901011467,-0.808024287224,97631.2011719,3.74000000954,-111.140632629,True
132.5,0.373,-0.021,0.09,0.44129925,0.6472389,12.160246,43.3999977112,1.16123700142,-0.0299999993294,4.93810176849,-115.941261292,-9.66777229309,-14.7641401291,-1.11437368393,97628.8024902,3.67999982834,-111.140632629,True
132.6,0.352,-0.032,0.099,0.36284605,0.7060788,10.91480145,43.9599990845,1.16123700142,-0.419999986887,4.93810176849,-115.941261292,-9.64120578766,-14.7109870911,-1.19795536995,97625.8972168,3.57999992371,-78.2238006592,True
132.70000000000002,0.283,0.02,0.071,0.24516625,0.7453054,9.93413645,44.4399986267,1.16123700142,-0.75,4.93810176849,-115.941261292,-9.53379821777,-14.601102829,-1.2540088892,97625.8972168,3.46000003815,-78.2238006592,True
132.8,0.331,0.049,0.052,0.18632635,0.588399,9.36535075,44.5999984741,9.12296295166,-1.04999995232,5.02539777756,-118.059959412,-9.43685817719,-14.5425214767,-1.20807051659,97625.1220703,3.33999991417,-63.3611679077,True
132.9,0.29,0.098,0.017,0.14709975,0.79433865,8.5906254,44.6299972534,9.12296295166,-1.25999999046,5.02539777756,-118.059959412,-9.36047363281,-14.5034008026,-1.08463251591,97626.0742188,3.22000002861,-63.3611679077,True
133.0,0.341,0.107,-0.012,0.1176798,0.9610517,8.0610663,44.6699981689,9.12296295166,-1.39999997616,5.02539777756,-118.059959412,-9.22797489166,-14.4702396393,-0.924884736538,97624.8718262,3.11999988556,-53.3979415894,True
133.1,0.413,0.064,-0.077,0.0196133,1.06892485,7.54131385,44.7000007629,13.6226110458,-1.48000001907,3.73218011856,-118.496269226,-9.13866329193,-14.4554977417,-0.731162846088,97623.1140137,3.03999996185,-41.933631897,True
133.20000000000002,0.233,0.064,-0.099,0.00980665,1.4513842,8.3944924,44.7099990845,13.6226110458,-1.42999994755,3.73218011856,-118.496269226,-9.02655887604,-14.444849968,-0.522867679596,97624.0234375,2.98000001907,-41.933631897,True
133.3,0.233,0.064,-0.099,0.00980665,1.4513842,8.3944924,44.7299995422,13.6226110458,-1.38999998569,3.73218011856,-118.496269226,-8.93623828888,-14.4565782547,-0.440115898848,97624.0234375,2.95000004768,-31.326675415,True
133.4,0.365,0.032,-0.231,-0.0980665,0.9610517,7.9237732,44.75,19.6420688629,-1.28999996185,1.95940458775,-116.31186676,-8.6465511322,-14.5112695694,-0.182117953897,97619.8364258,2.9399998188,-31.326675415,True
133.5,0.307,-0.02,-0.242,-0.0196133,0.9022118,8.69849855,44.7599983215,19.6420688629,-1.13999998569,1.95940458775,-116.31186676,-8.4892873764,-14.5542507172,-0.00371474237181,97622.3937988,2.95000004768,-27.0513534546,True
133.6,0.352,-0.059,-0.25,-0.0196133,0.7060788,9.1201845,44.7700004578,19.6420688629,-0.899999976158,1.95940458775,-116.31186676,-8.24641227722,-14.6301088333,0.169424340129,97622.3937988,2.98000001907,-27.0513534546,True
133.70000000000002,0.352,-0.059,-0.25,-0.0196133,0.7060788,9.1201845,44.7700004578,25.8518314362,-0.659999966621,0.714520692825,-112.297088623,-7.93940973282,-14.7362833023,0.295786052942,97619.732666,3.01999998093,-21.2696075439,True
133.8,0.276,-0.14,-0.207,0.0784532,0.65704555,9.5909037,44.7700004578,25.8518314362,-0.409999996424,0.714520692825,-112.297088623,-7.52472925186,-14.8773145676,0.46297621727,97622.3632812,3.07999992371,-21.2696075439,True
133.9,0.349,-0.108,-0.165,0.2549729,0.6080123,9.99297635,44.7700004578,25.8518314362,-0.140000000596,0.714520692825,-112.297088623,-7.19933366776,-14.9890842438,0.5515011549,97622.3632812,3.14999985695,-9.15126800537,True
134.0,0.327,-0.129,-0.14,0.30400615,0.6472389,9.8458766,44.7700004578,31.4789562225,0.159999996424,0.800215899944,-108.34853363,-6.68967342377,-15.1649303436,0.686601221561,97625.0854492,3.23000001907,-9.15126800537,True
134.1,0.249,-0.158,-0.126,0.36284605,0.85317855,10.198916,44.7599983215,31.4789562225,0.469999998808,0.800215899944,-108.34853363,-6.31188201904,-15.2940654755,0.780740380287,97622.0153809,3.30999994278,-14.7672653198,True
134.20000000000002,0.229,-0.072,-0.112,0.50013915,1.0591182,10.40485565,44.4799995422,31.4789562225,0.810000002384,0.800215899944,-108.34853363,-5.83091783524,-15.4573020935,0.859765410423,97629.7485352,3.40999984741,-14.7672653198,True
134.3,0.145,-0.099,-0.152,0.48052585,1.22583125,10.58137535,43.8099975586,31.4789562225,1.12999999523,0.800215899944,-108.34853363,-5.33909606934,-15.6231651306,0.940368175507,97628.5217285,3.51999998093,-17.5956726074,True
134.4,0.051,-0.113,-0.231,0.50013915,1.50041745,10.6696352,43.0599975586,36.5268287659,1.4699999094,1.01254189014,-105.020332336,-4.84731960297,-15.7773981094,1.00813603401,97633.6914062,3.62999987602,-17.5956726074,True
134.5,0.069,-0.143,-0.348,0.44129925,1.26505785,10.591182,42.2700004578,36.5268287659,1.80999994278,1.01254189014,-105.020332336,-4.33010053635,-15.9369421005,1.06261205673,97633.9050293,3.75,-19.7280883789,True
134.6,0.047,-0.186,-0.376,0.5295591,1.1375714,10.9442214,41.3199996948,36.5268287659,2.16999983788,1.01254189014,-105.020332336,-3.67488574982,-16.1160068512,1.14914917946,97631.9091797,3.87999987602,-19.7280883789,True
134.70000000000002,-0.011,-0.119,-0.399,0.63743225,1.0395049,11.16977435,40.219997406,36.5268287659,2.51999998093,1.01254189014,-105.020332336,-3.20296168327,-16.2421360016,1.17943620682,97632.7087402,4.00999975204,-29.7649383545,True
134.8,0.028,-0.179,-0.395,0.7649187,0.91201845,11.4933938,38.9300003052,38.3389396667,2.88999986649,-1.56654059887,-96.265838623,-2.61792159081,-16.3938426971,1.23710346222,97632.7270508,4.15000009537,-29.7649383545,True
134.9,0.089,-0.236,-0.363,0.6276256,1.01008495,11.34629405,37.5,38.3389396667,3.25999999046,-1.56654059887,-96.265838623,-1.87146437168,-16.5637378693,1.2992297411,97640.435791,4.28999996185,-60.8583450317,True
135.0,0.081,-0.221,-0.338,0.7649187,1.0002783,12.0033396,35.8400001526,38.3389396667,3.65999984741,-1.56654059887,-96.265838623,-1.20642268658,-16.6858272552,1.31972122192,97645.5810547,4.42000007629,-60.8583450317,True
135.1,0.13,-0.2,-0.341,0.7649187,0.85317855,12.26811915,33.8899993896,38.3389396667,4.02999973297,-1.56654059887,-96.265838623,-0.490014731884,-16.8004970551,1.3167437315,97647.1557617,4.56999969482,-82.4024200439,True
135.20000000000002,0.042,-0.301,-0.311,0.8433719,0.83356525,12.56231865,31.5199985504,38.3389396667,4.40000009537,-1.56654059887,-96.265838623,0.0933881774545,-16.8715858459,1.31573486328,97649.206543,4.71000003815,-82.4024200439,True
135.3,-0.151,-0.316,-0.304,0.99047165,0.83356525,13.32723735,28.8299999237,40.5781402588,4.75,-3.25529670715,-85.306892395,0.889637112617,-16.9367656708,1.23882210255,97650.9094238,4.86999988556,-82.4024200439,True
135.4,-0.072,-0.354,-0.289,1.0983448,0.65704555,14.7884282,25.6199989319,40.5781402588,5.02999973297,-3.25529670715,-85.306892395,1.89595067501,-16.9636573792,1.05034708977,97649.9145508,5.00999975204,-69.9090957642,True
135.5,-0.039,-0.424,-0.26,1.12776475,0.71588545,15.2199208,21.7799987793,40.5781402588,5.23000001907,-3.25529670715,-85.306892395,2.61705255508,-16.9407310486,0.858698904514,97657.1777344,5.13999986649,-69.9090957642,True
135.6,-0.12,-0.45,-0.221,1.0787315,0.75511205,15.46508705,17.2899990082,40.5781402588,5.34999990463,-3.25529670715,-85.306892395,3.50423312187,-16.8482589722,0.601262569427,97657.3669434,5.25,-88.0563735962,True
135.70000000000002,-0.559,-0.429,-0.18,1.1571847,1.32389775,15.7494799,12.3800001144,40.5781402588,5.35999965668,-3.25529670715,-85.306892395,4.36806774139,-16.7046031952,0.279195308685,97659.0393066,5.32999992371,-116.78276062,True
135.8,-0.566,-0.333,-0.233,1.176798,1.26505785,14.3765489,7.26999998093,37.290271759,5.19000005722,0.333953768015,-72.949508667,5.26774120331,-16.4932441711,-0.124404773116,97656.1950684,5.38000011444,-116.78276062,True
135.9,-0.633,-0.25,-0.253,1.0983448,1.3140911,14.8472681,2.63999986649,37.290271759,5.00999975204,0.333953768015,-72.949508667,5.77977323532,-16.3314266205,-0.410692930222,97662.109375,5.38999986649,-116.78276062,True
136.0,-0.407,-0.176,-0.305,0.6864655,1.32389775,13.15071765,-1.65999996662,37.290271759,4.71000003815,0.333953768015,-72.949508667,6.28198719025,-16.1266155243,-0.683080673218,97659.8266602,5.35999965668,-125.922012329,True
136.1,-0.307,-0.111,-0.348,0.38245935,1.04931155,11.36590735,-5.30999994278,27.6835670471,4.46999979019,2.31889104843,-65.7376022339,6.68603277206,-15.9208469391,-0.850843131542,97656.854248,5.30999994278,-136.780548096,True
136.20000000000002,-0.343,-0.115,-0.37,0.28439285,0.81395195,11.6699135,-8.43999958038,27.6835670471,4.21999979019,2.31889104843,-65.7376022339,7.0167555809,-15.72336483,-0.899702191353,97656.0424805,5.23000001907,-136.780548096,True
136.3,-0.273,-0.11,-0.36,0.0588399,0.32361945,10.5127288,-11.3299999237,27.6835670471,4.03999996185,2.31889104843,-65.7376022339,7.31074047089,-15.5056085587,-0.964228928089,97649.3041992,5.15000009537,-136.780548096,True
136.4,-0.271,-0.1,-0.325,0.1569064,0.30400615,10.7284751,-13.9699993134,27.6835670471,3.81999993324,2.31889104843,-65.7376022339,7.59010028839,-15.2830276489,-0.980527758598,97645.6787109,5.05999994278,-136.528015137,True
136.5,-0.227,-0.168,-0.249,0.2353596,0.3530394,12.4152189,-16.5799999237,21.7839736938,3.58999991417,1.22930693626,-57.7392692566,7.94433164597,-14.9499912262,-1.15120875835,97647.5769043,4.96999979019,-136.528015137,True
136.6,-0.31,-0.125,-0.23,0.24516625,0.3138128,12.8859381,-18.9699993134,21.7839736938,3.24000000954,1.22930693626,-57.7392692566,8.04452800751,-14.8511266708,-1.24337720871,97643.6950684,4.85999965668,-132.460784912,True
136.70000000000002,-0.317,-0.116,-0.216,-0.02941995,0.14709975,11.26784085,-21.2799987793,21.7839736938,2.75999999046,1.22930693626,-57.7392692566,8.30308818817,-14.5498771667,-1.5197468996,97646.0388184,4.73000001907,-112.866401672,True
136.8,-0.317,-0.116,-0.216,-0.02941995,0.14709975,11.26784085,-23.2799987793,15.7923498154,2.27999997139,2.31295657158,-52.0301055908,8.43346595764,-14.3631944656,-1.57088279724,97646.0388184,4.57999992371,-112.866401672,True
136.9,-0.425,-0.215,-0.098,-0.0196133,-0.02941995,11.64049355,-25.1199989319,15.7923498154,1.84999990463,2.31295657158,-52.0301055908,8.59174823761,-14.0664787292,-1.70350813866,97636.5905762,4.42000007629,-112.866401672,True
137.0,-0.393,-0.154,-0.066,-0.0196133,1.46518126901e-15,11.964113,-26.5999984741,15.7923498154,1.29999995232,2.31295657158,-52.0301055908,8.69027519226,-13.7754087448,-1.91929554939,97633.3251953,4.23999977112,-93.4080123901,True
137.1,-0.397,-0.045,-0.054,-0.04903325,0.06864655,11.1403544,-27.8899993896,15.7923498154,0.689999997616,2.31295657158,-52.0301055908,8.69902229309,-13.6014852524,-2.02938866615,97637.097168,4.03999996185,-66.9332504272,True
137.20000000000002,-0.408,-0.026,-0.004,-0.0980665,0.0392266,10.1793027,-28.8999996185,8.99093723297,0.070000000298,4.72545862198,-49.7702293396,8.69214820862,-13.4112768173,-2.1297109127,97629.309082,3.81999993324,-66.9332504272,True
137.3,-0.431,-0.075,0.026,-0.10787315,0.04903325,10.2577559,-29.75,8.99093723297,-0.5,4.72545862198,-49.7702293396,8.62366676331,-13.2235918045,-2.14902424812,97623.0895996,3.59999990463,-42.1089172363,True
137.4,-0.457,-0.065,0.04,-0.00980665,0.36284605,10.2969825,-30.3499984741,8.99093723297,-1.07999992371,4.72545862198,-49.7702293396,8.54259490967,-13.1320505142,-2.18569159508,97621.5942383,3.36999988556,-42.1089172363,True
137.5,-0.457,-0.065,0.04,-0.00980665,0.36284605,10.2969825,-30.3499984741,8.99093723297,-1.07999992371,4.72545862198,-49.7702293396,8.48515510559,-13.0938558578,-2.20579481125,97621.5942383,3.36999988556,-42.1089172363,True
137.6,-0.515,0.088,0.04,-0.16671305,0.1372931,9.1397978,-30.9399986267,0.823235869408,-2.28999996185,5.72154331207,-49.9683113098,8.19124126434,-12.9593267441,-2.16263413429,97613.885498,2.89999985695,0.982189178467,True
137.70000000000002,-0.463,0.066,0.04,-0.10787315,0.24516625,8.75733845,-31.0999984741,0.823235869408,-2.77999997139,5.72154331207,-49.9683113098,8.02410507202,-12.9407739639,-2.05782651901,97613.104248,2.66999983788,26.3296127319,True
137.8,-0.463,0.066,0.04,-0.10787315,0.24516625,8.75733845,-31.0199985504,0.823235869408,-3.24000000954,5.72154331207,-49.9683113098,7.89685344696,-12.9386310577,-1.97521877289,97613.104248,2.44000005722,26.3296127319,True
137.9,-0.299,0.112,0.011,-0.14709975,0.0392266,7.9826131,-30.9399986267,-8.01022434235,-3.62999987602,4.58275413513,-50.6101951599,7.58246421814,-12.9714927673,-1.70543992519,97605.1452637,2.23000001907,39.4927978516,True
138.0,-0.186,0.112,0.04,-0.18632635,-0.08825985,7.5511205,-30.8400001526,-8.01022434235,-3.92999982834,4.58275413513,-50.6101951599,7.38788700104,-12.9974727631,-1.45309555531,97604.3334961,2.04999995232,39.4927978516,True
138.1,-0.209,0.062,0.12,-0.16671305,0.24516625,9.0025047,-30.7999992371,-8.01022434235,-4.15999984741,4.58275413513,-50.6101951599,7.15292596817,-13.0502996445,-1.27080190182,97604.3334961,1.88999998569,74.4995117188,True
138.20000000000002,-0.295,0.112,0.126,-0.1569064,0.18632635,8.75733845,-30.4799995422,-13.1217317581,-4.40999984741,2.32239151001,-51.5043563843,6.89480304718,-13.129076004,-1.12785351276,97600.3723145,1.75,74.4995117188,True
138.3,-0.268,0.068,0.14,-0.20593965,0.1372931,8.1591328,-30.1899986267,-13.1217317581,-4.59999990463,2.32239151001,-51.5043563843,6.63986444473,-13.2163257599,-0.923911094666,97595.9960938,1.62999999523,74.4995117188,True
138.4,-0.231,-0.019,0.146,-0.2549729,0.1569064,8.52197885,-29.7899990082,-13.1217317581,-4.71000003815,2.32239151001,-51.5043563843,6.36969709396,-13.317533493,-0.708972752094,97595.2270508,1.52999997139,88.6444091797,True
138.5,-0.196,-0.014,0.128,-0.20593965,1.04244044385e-15,8.5121722,-29.359998703,-13.1217317581,-4.78999996185,2.32239151001,-51.5043563843,6.02710103989,-13.4495782852,-0.477541476488,97594.3786621,1.44999992847,88.6444091797,True
138.6,-0.196,-0.014,0.128,-0.20593965,1.04244044385e-15,8.5121722,-28.7799987793,-18.106678009,-4.82999992371,0.655099987984,-54.1083030701,5.85748052597,-13.5150146484,-0.36891451478,97594.3786621,1.37999999523,103.954025269,True
138.70000000000002,-0.031,-0.055,0.194,-0.1176798,-0.2941995,9.7870367,-28.2199993134,-18.106678009,-4.86999988556,0.655099987984,-54.1083030701,5.43106508255,-13.6855306625,-0.190716996789,97592.6696777,1.33999991417,111.8309021,True
138.8,-0.055,0.012,0.264,-0.10787315,-0.2549729,9.54187045,-27.5299987793,-18.106678009,-4.90999984741,0.655099987984,-54.1083030701,5.18630313873,-13.7872810364,-0.133289456367,97593.6462402,1.30999994278,111.8309021,True
138.9,-0.076,-0.007,0.308,-0.1372931,-0.08825985,10.18910935,-26.8199996948,-18.106678009,-4.96999979019,0.655099987984,-54.1083030701,4.85630607605,-13.9256420135,-0.0767213180661,97592.5964355,1.27999997139,111.8309021,True
139.0,-0.175,0.012,0.344,-0.16671305,0.1765197,9.3163175,-25.9200000763,-19.7804813385,-5.02999973297,-0.578332066536,-58.9957847595,4.53084039688,-14.0631475449,0.023625601083,97593.762207,1.25999999046,123.844818115,True
139.1,-0.207,-0.02,0.326,-0.16671305,0.1569064,8.62004535,-24.9799995422,-19.7804813385,-4.98999977112,-0.578332066536,-58.9957847595,4.18951892853,-14.1987485886,0.205545753241,97593.4143066,1.25,126.337524414,True
139.20000000000002,-0.159,-0.072,0.303,-0.2157463,0.02941995,9.2967042,-23.9699993134,-22.0987186432,-4.85999965668,-2.36544132233,-63.762336731,3.78059387207,-14.3689279556,0.4188785851,97593.4143066,1.25999999046,126.337524414,True
139.3,-0.109,-0.049,0.302,-0.18632635,-0.02941995,9.87529655,-22.859998703,-22.0987186432,-4.75,-2.36544132233,-63.762336731,3.45752644539,-14.4878206253,0.49133092165,97594.1223145,1.28999996185,124.364852905,True
139.4,-0.061,-0.076,0.318,-0.16671305,0.14709975,9.6889702,-21.4799995422,-22.0987186432,-4.63000011444,-2.36544132233,-63.762336731,3.00068736076,-14.6648244858,0.630449950695,97594.519043,1.32999992371,124.364852905,True
139.5,-0.109,0.004,0.329,-0.18632635,-0.196133,8.89463155,-20.0599994659,-22.0987186432,-4.48000001907,-2.36544132233,-63.762336731,2.67936849594,-14.7769842148,0.725879728794,97594.519043,1.37999999523,127.46572876,True
139.6,-0.026,4.66590430475e-17,0.381,-0.28439285,-0.02941995,7.14904785,-18.609998703,-23.6360206604,-4.26999998093,-4.06813907623,-70.2454376221,2.29072403908,-14.9074392319,1.04353845119,97594.2138672,1.44999992847,127.46572876,True
139.70000000000002,0.126,-0.154,0.362,-0.1765197,0.26477955,7.7080269,-17.4200000763,-23.6360206604,-3.89999985695,-4.06813907623,-70.2454376221,1.95757818222,-15.0096921921,1.37702548504,97600.9094238,1.52999997139,145.751480103,True
139.8,0.062,-0.173,0.338,-0.10787315,0.4511059,8.5121722,-16.0100002289,-23.6360206604,-3.44999980927,-4.06813907623,-70.2454376221,1.664914608,-15.1026382446,1.58508253098,97594.2626953,1.64999997616,145.751480103,True
139.9,-0.037,-0.161,0.281,0.0588399,0.42168595,9.93413645,-14.3699998856,-23.6360206604,-2.99000000954,-4.06813907623,-70.2454376221,1.15982246399,-15.2561416626,1.76800978184,97601.3427734,1.79999995232,145.751480103,True
140.0,-0.118,-0.218,0.283,0.2353596,0.6276256,11.99353295,-12.3599996567,-22.4509487152,-2.53999996185,-4.77482032776,-78.6266479492,0.765134394169,-15.3751506805,1.77194702625,97601.373291,1.97999989986,150.464920044,True
140.1,-0.298,-0.223,0.267,0.3726527,0.61781895,12.73883835,-9.72999954224,-22.4509487152,-2.21000003815,-4.77482032776,-78.6266479492,0.17962269485,-15.5391254425,1.63547670841,97604.9133301,2.14999985695,130.770690918,True
140.20000000000002,-0.325,-0.215,0.262,0.46091255,0.69627215,12.8663248,-6.59999990463,-22.4509487152,-1.90999996662,-4.77482032776,-78.6266479492,-0.445594251156,-15.6908140182,1.5059068203,97606.7504883,2.31999993324,130.770690918,True
140.3,0.042,-0.2,0.23,0.55897905,0.61781895,12.5328987,-3.12999987602,-22.4509487152,-1.64999997616,-4.77482032776,-78.6266479492,-1.10714697838,-15.814871788,1.40705859661,97612.4328613,2.47000002861,131.408309937,True
140.4,0.191,-0.157,0.223,0.46091255,0.53936575,12.0425662,0.599999964237,-25.7248516083,-1.45999991894,-2.8357656002,-86.6263809204,-1.62457036972,-15.8993663788,1.31976938248,97612.4328613,2.59999990463,131.408309937,True
140.5,0.198,-0.162,0.244,0.48052585,0.5491724,12.0817928,4.27999973297,-25.7248516083,-1.26999998093,-2.8357656002,-86.6263809204,-2.36623430252,-15.9896297455,1.23170125484,97613.5437012,2.72000002861,101.249603271,True
140.6,0.279,-0.102,0.252,0.38245935,0.5295591,11.4345539,7.90999984741,-25.7248516083,-1.06999993324,-2.8357656002,-86.6263809204,-2.82572126389,-16.0309200287,1.20096957684,97613.5437012,2.83999991417,101.249603271,True
140.70000000000002,0.343,-0.079,0.249,0.32361945,0.28439285,11.01286795,11.1700000763,-25.7248516083,-0.879999995232,-2.8357656002,-86.6263809204,-3.3394510746,-16.0547084808,1.18530929089,97615.9912109,2.96000003815,101.249603271,True
140.8,0.462,-0.101,0.256,0.34323275,0.42168595,10.65982855,14.25,-20.0550022125,-0.649999976158,-2.39146018028,-92.7727584839,-3.88405108452,-16.0654754639,1.1908929348,97614.5385742,3.07999992371,77.3077011108,True
140.9,0.543,-0.139,0.273,0.4118793,0.57859235,11.18938765,16.9599990845,-20.0550022125,-0.409999996424,-2.39146018028,-92.7727584839,-4.29160308838,-16.0636577606,1.1720033884,97623.5473633,3.19999980927,77.3077011108,True
141.0,0.542,-0.125,0.267,0.42168595,0.6668522,11.73856005,19.5900001526,-20.0550022125,-0.209999993443,-2.39146018028,-92.7727584839,-4.59919261932,-16.0558319092,1.10131382942,97620.3979492,3.30999994278,60.2130889893,True
141.1,0.384,-0.132,0.248,0.2941995,0.63743225,10.7284751,21.8799991608,-9.21799278259,-0.0499999970198,-1.44283938408,-98.9218826294,-4.9835319519,-16.0291023254,0.980001688004,97622.9492188,3.41999983788,60.2130889893,True
141.20000000000002,0.3,-0.116,0.23,0.38245935,0.9022118,11.0030613,23.9200000763,-9.21799278259,0.119999997318,-1.44283938408,-98.9218826294,-5.25567531586,-15.9900178909,0.905469179153,97626.9348145,3.52999997139,41.014957428,True
141.3,0.276,-0.06,0.164,0.42168595,0.91201845,10.91480145,25.7899990082,-9.21799278259,0.299999982119,-1.44283938408,-98.9218826294,-5.45378875732,-15.9554004669,0.854949712753,97626.8737793,3.62999987602,22.2339630127,True
141.4,0.366,-0.043,0.122,0.392266,0.9610517,11.0422879,27.5100002289,-9.21799278259,0.459999978542,-1.44283938408,-98.9218826294,-5.75126934052,-15.902469635,0.753935515881,97632.7148438,3.72000002861,22.2339630127,True
141.5,0.478,-0.038,0.073,0.3726527,0.6864655,11.16977435,29.0100002289,-9.21799278259,0.610000014305,-1.44283938408,-98.9218826294,-5.863322258,-15.8811197281,0.697138190269,97632.7148438,3.79999995232,7.91263580322,True
141.6,0.495,-0.017,0.074,0.3726527,0.83356525,11.7287534,30.2799987793,-1.7545017004,0.740000009537,-0.149860113859,-103.239402771,-5.97347927094,-15.8575639725,0.575238764286,97632.5683594,3.87999987602,7.91263580322,True
141.70000000000002,0.406,0.005,0.099,0.14709975,1.176798,9.7870367,31.2699985504,-1.7545017004,0.810000002384,-0.149860113859,-103.239402771,-6.0368847847,-15.8389186859,0.452302694321,97632.4584961,3.94999980927,7.91263580322,True
141.8,0.406,0.005,0.099,0.14709975,1.176798,9.7870367,32.2000007629,-1.7545017004,0.949999988079,-0.149860113859,-103.239402771,-6.09124660492,-15.8083496094,0.45882576704,97632.4584961,4.00999975204,-4.3586730957,True
141.9,0.417,-0.107,-0.052,0.2549729,1.18660465,10.2969825,32.9300003052,-1.7545017004,1.12000000477,-0.149860113859,-103.239402771,-6.09808826447,-15.7929515839,0.429833889008,97635.6933594,4.06999969482,-5.53951263428,True
142.0,0.411,-0.052,-0.118,0.20593965,1.0983448,10.58137535,33.4799995422,9.07505226135,1.26999998093,0.439840704203,-104.632293701,-6.04289960861,-15.7870283127,0.392025470734,97634.0576172,4.13000011444,-5.53951263428,True
142.1,0.376,-0.023,-0.157,0.18632635,0.81395195,10.3165958,33.8199996948,9.07505226135,1.40999996662,0.439840704203,-104.632293701,-5.91023397446,-15.7933950424,0.355481922626,97636.9140625,4.17999982834,-4.44965362549,True
142.20000000000002,0.307,-0.099,-0.172,0.24516625,1.0002783,9.80665,33.9500007629,9.07505226135,1.56999993324,0.439840704203,-104.632293701,-5.76047468185,-15.8111371994,0.369791030884,97642.0043945,4.23999977112,-4.44965362549,True
142.3,0.276,-0.106,-0.179,0.2353596,0.79433865,10.60098865,33.9899978638,17.331785202,1.75999999046,1.10806787014,-101.494018555,-5.55864953995,-15.8282260895,0.377338111401,97636.6943359,4.28999996185,1.95970535278,True
142.4,0.317,-0.177,-0.18,0.48052585,0.69627215,12.3171524,33.7599983215,17.331785202,1.91999995708,1.10806787014,-101.494018555,-5.21819114685,-15.8675870895,0.22295281291,97636.6943359,4.34999990463,1.95970535278,True
142.5,0.322,-0.181,-0.155,0.4118793,0.81395195,12.36618565,33.2299995422,17.331785202,1.95999991894,1.10806787014,-101.494018555,-4.91990852356,-15.8973150253,0.0671323463321,97637.4755859,4.40000009537,5.8614730835,True
142.6,0.319,-0.18,-0.143,0.4707192,1.0002783,12.7682583,32.4199981689,17.331785202,1.94999992847,1.10806787014,-101.494018555,-4.53587818146,-15.916560173,-0.0984369218349,97645.5627441,4.42999982834,5.8614730835,True
142.70000000000002,0.145,-0.158,-0.119,0.48052585,0.89240515,12.0817928,31.4399986267,24.6538314819,1.90999996662,3.06147313118,-96.904586792,-4.01059961319,-15.9283485413,-0.312590241432,97638.3117676,4.44000005722,11.4731788635,True
142.8,0.058,-0.141,-0.127,0.4314926,0.9218251,11.76798,30.2600002289,24.6538314819,1.78999996185,3.06147313118,-96.904586792,-3.57062292099,-15.9201278687,-0.428185492754,97645.0317383,4.42999982834,11.4731788635,True
142.9,0.008,-0.124,-0.134,0.42168595,1.14737805,11.16977435,29.0399990082,24.6538314819,1.68999993801,3.06147313118,-96.904586792,-3.14727711678,-15.9000511169,-0.505745530128,97643.737793,4.40000009537,17.2975540161,True
143.0,-0.025,-0.109,-0.179,0.2941995,0.8237586,11.0619012,27.7899990082,24.6538314819,1.56999993324,3.06147313118,-96.904586792,-2.72795724869,-15.8664093018,-0.570385158062,97639.7888184,4.36999988556,17.2975540161,True
143.1,0.057,-0.085,-0.209,0.16671305,0.8825985,9.2770909,26.4799995422,26.9909763336,1.48000001907,4.35040807724,-92.6819076538,-2.4257478714,-15.8290987015,-0.515100419521,97643.6218262,4.32999992371,30.5819511414,True
143.20000000000002,0.032,-0.103,-0.242,0.3138128,0.93163175,10.3558224,25.3500003815,26.9909763336,1.5,4.35040807724,-92.6819076538,-2.13760733604,-15.787270546,-0.440825760365,97638.293457,4.2999997139,30.5819511414,True
143.3,0.04,-0.115,-0.253,0.34323275,0.8237586,10.75789505,24.0,26.9909763336,1.49000000954,4.35040807724,-92.6819076538,-1.73102021217,-15.7338733673,-0.433755457401,97637.8112793,4.26999998093,52.4975776672,True
