t,p,q,r,ax,ay,az,roll_k,roll,pitch_k,pitch,yaw,vn,ve,vd,basinc,alt_hata,hiz_hata,ariza
0.1,0.421,-0.048,-0.084,0.0,0.65704555,9.80665,39.7799987793,9.61367321014,-1.83999991417,-1.68626523018,-72.0391235352,5.16429376602,-17.2618179321,0.328086227179,97429.8278809,0.179999992251,-265.189544678,False
0.2,0.367,-0.041,-0.13,0.0,0.7453054,9.4732239,41.4199981689,23.8746452332,-1.68999993801,-1.50390613079,-71.524810791,5.4593205452,-17.1633701324,0.434650987387,97425.213623,0.209999993443,-265.189544678,False
0.30000000000000004,0.311,-0.034,-0.186,-0.06864655,0.97085835,9.34573745,35.4399986267,23.8746452332,-2.95000004768,-1.50390613079,-71.524810791,5.90691184998,-17.004404068,0.595986127853,97429.8095703,0.299999982119,-260.147277832,False
0.4,0.269,-0.035,-0.244,0.18632635,0.79433865,9.62032365,34.2299995422,23.8746452332,-4.38000011444,-1.50390613079,-71.524810791,6.28815221786,-16.8803672791,0.711028695107,97429.8034668,0.370000004768,-164.296539307,False
0.5,0.167,-0.054,-0.259,0.22555295,0.75511205,9.4928372,32.8800010681,30.8074798584,-5.78999996185,-2.73645973206,-67.9273910522,6.68707704544,-16.7533569336,0.85091227293,97427.7954102,0.439999997616,-164.296539307,False
0.6000000000000001,0.087,-0.063,-0.272,0.0980665,0.67665885,8.97308475,31.4899997711,30.8074798584,-7.17000007629,-2.73645973206,-67.9273910522,7.07939863205,-16.6107769012,1.02847337723,97431.0302734,0.539999961853,-165.153686523,False
0.7000000000000001,0.049,-0.079,-0.268,-0.12748645,0.7453054,9.52225715,31.4799995422,30.8074798584,-7.15999984741,-2.73645973206,-67.9273910522,7.40161848068,-16.4802322388,1.16092133522,97431.1218262,0.539999961853,-165.153686523,False
0.8,0.027,-0.096,-0.252,-0.3530394,0.6864655,10.11065615,29.9200000763,30.8074798584,-8.53999996185,-2.73645973206,-67.9273910522,7.72803783417,-16.3397884369,1.27569413185,97428.2165527,0.649999976158,-165.153686523,False
0.9,-0.021,-0.076,-0.241,-0.30400615,0.53936575,9.6889702,28.2399997711,30.8074798584,-9.93999958038,-2.73645973206,-67.9273910522,8.16406822205,-16.1221027374,1.3983464241,97428.2165527,0.77999997139,-165.390777588,False
1.0,-0.083,-0.081,-0.238,-0.4511059,0.6276256,10.14988275,26.3799991608,32.6370697021,-11.3199996948,-4.77596521378,-61.1800041199,8.65818691254,-15.8542957306,1.55696487427,97433.5449219,0.919999957085,-165.390777588,False
1.1,-0.125,-0.042,-0.222,-0.73549875,0.7649187,9.52225715,24.4499988556,32.6370697021,-12.6899995804,-4.77596521378,-61.1800041199,9.04574966431,-15.6088848114,1.68924093246,97433.0932617,1.06999993324,-163.867004395,False
1.2000000000000002,-0.164,0.032,-0.222,-0.6472389,0.588399,9.1201845,20.609998703,32.6370697021,-15.2999992371,-4.77596521378,-61.1800041199,9.39865016937,-15.3717260361,1.85967087746,97433.0932617,1.40999996662,-157.642364502,False
1.3,-0.198,0.034,-0.22,-0.8825985,0.7256921,8.5906254,20.5900001526,32.6370697021,-15.3199996948,-4.77596521378,-61.1800041199,9.71699047089,-15.1462192535,2.04288887978,97436.2487793,1.40999996662,-157.642364502,False
1.4000000000000001,-0.199,0.03,-0.232,-0.9610517,0.55897905,8.03164635,18.7999992371,30.1643619537,-16.5299987793,-7.08789110184,-56.8058929443,9.9918050766,-14.9332180023,2.26868486404,97433.4533691,1.61000001431,-157.642364502,False
1.5,-0.157,0.03,-0.246,-1.06892485,0.5491724,8.01203305,17.1700000763,30.1643619537,-17.6499996185,-7.08789110184,-56.8058929443,10.2003650665,-14.7626266479,2.45725655556,97436.1755371,2.04999995232,-154.705810547,False
1.6,-0.206,0.045,-0.247,-1.14737805,0.38245935,7.8845466,15.5599994659,30.1643619537,-18.6499996185,-7.08789110184,-56.8058929443,10.4392471313,-14.5552034378,2.70196652412,97436.1755371,2.04999995232,-154.705810547,False
1.7000000000000002,-0.282,0.076,-0.236,-1.2748645,0.5295591,7.75706015,14.0,30.1643619537,-19.5900001526,-7.08789110184,-56.8058929443,10.7124996185,-14.3110246658,3.01785182953,97434.6801758,2.29999995232,-152.913665771,False
1.8,-0.309,0.111,-0.221,-1.3533177,0.50013915,7.5118939,11.1999998093,25.1092643738,-21.1399993896,-10.8417844772,-52.2258605957,10.9044599533,-14.1270256042,3.28255724907,97438.9770508,2.87999987602,-143.977935791,False
1.9000000000000001,-0.301,0.104,-0.209,-1.5298374,0.784532,7.38440745,11.1799993515,25.1092643738,-21.1499996185,-10.8417844772,-52.2258605957,11.0281639099,-13.9978532791,3.49182987213,97439.831543,2.87999987602,-143.977935791,False
2.0,-0.238,0.134,-0.187,-1.6279039,0.30400615,6.7665885,10.0199995041,25.1092643738,-21.7899990082,-10.8417844772,-52.2258605957,11.1991643906,-13.8099851608,3.8563644886,97449.1699219,3.19999980927,-143.977935791,False
2.1,-0.225,0.116,-0.186,-1.6279039,0.7256921,6.46258235,8.97999954224,25.1092643738,-22.2899990082,-10.8417844772,-52.2258605957,11.2954006195,-13.6903581619,4.12707614899,97449.1699219,3.54999995232,-137.849609375,False
2.2,-0.261,0.102,-0.168,-1.6475172,-0.10787315,7.0804013,7.23000001907,19.018705368,-22.9499988556,-14.8353691101,-48.9685325623,11.4486141205,-13.4896116257,4.63828468323,97450.6713867,4.32999992371,-138.638687134,False
2.3000000000000003,-0.28,0.111,-0.135,-1.77500365,0.14709975,6.77639515,7.21999979019,19.018705368,-22.9599990845,-14.8353691101,-48.9685325623,11.5128393173,-13.4118413925,4.87089490891,97461.2854004,4.75999975204,-138.638687134,False
2.4000000000000004,-0.287,0.104,-0.125,-1.81423025,0.3726527,6.7469752,6.52999973297,19.018705368,-23.1899986267,-14.8353691101,-48.9685325623,11.5616760254,-13.3563909531,5.03921842575,97461.2854004,4.75999975204,-138.638687134,False
2.5,-0.168,0.093,-0.103,-1.8436502,0.38245935,7.1784678,5.32999992371,14.3551845551,-23.359998703,-17.4035148621,-46.9417266846,11.6992053986,-13.2279434204,5.44922637939,97468.6279297,5.73000001907,-139.566986084,False
2.6,-0.118,0.092,-0.086,-1.96133,-0.0784532,7.4726673,4.73000001907,14.3551845551,-23.359998703,-17.4035148621,-46.9417266846,11.7991466522,-13.1510362625,5.6713848114,97468.6279297,6.25,-136.37008667,False
2.7,-0.162,0.112,-0.074,-1.9024901,-0.4707192,7.58054045,4.71999979019,14.3551845551,-23.359998703,-17.4035148621,-46.9417266846,11.8362989426,-13.1276350021,5.75969409943,97477.2460938,6.25,-136.37008667,False
2.8000000000000003,-0.179,0.063,-0.075,-1.87307015,0.26477955,7.5315072,4.11999988556,14.3551845551,-23.3299999237,-17.4035148621,-46.9417266846,11.927649498,-13.0763692856,6.00177955627,97490.3442383,6.78999996185,-136.37008667,False
2.9000000000000004,-0.158,0.01,-0.055,-1.95152335,1.04931155,7.97280645,3.37999987602,9.95656871796,-23.0199985504,-20.219789505,-45.0629386902,11.9938011169,-13.0555524826,6.21151828766,97490.3442383,7.34999990463,-142.151641846,False
3.0,-0.157,0.01,-0.051,-2.08881645,-0.0588399,8.67888525,3.37999987602,9.95656871796,-23.0199985504,-20.219789505,-45.0629386902,12.1025485992,-13.0458641052,6.39206457138,97502.8259277,7.94000005722,-142.151641846,False
3.1,-0.158,0.018,-0.053,-1.99074995,-0.0784532,8.79656505,3.02999997139,9.95656871796,-22.8500003815,-20.219789505,-45.0629386902,12.1882429123,-13.0334777832,6.48086309433,97502.8259277,8.53999996185,-148.662185669,False
3.2,-0.158,0.018,-0.053,-1.99074995,-0.0784532,8.79656505,2.6099998951,9.95656871796,-22.6599998474,-20.219789505,-45.0629386902,12.255197525,-13.039601326,6.53887844086,97502.8259277,9.15999984741,-148.662185669,False
3.3000000000000003,-0.096,-0.026,-0.036,-2.0397832,0.9218251,9.1594111,2.37999987602,9.95656871796,-22.4599990845,-20.219789505,-45.0629386902,12.3417291641,-13.0735616684,6.59900665283,97517.0654297,9.77999973297,-149.948883057,False
3.4000000000000004,-0.154,-0.002,-0.036,-2.14765635,-0.16671305,9.42419065,2.15999984741,6.81786203384,-22.2399997711,-20.5726299286,-43.9283218384,12.4903364182,-13.1116333008,6.65798330307,97525.5371094,10.4200000763,-149.948883057,False
3.5,-0.158,-0.001,-0.036,-2.0593965,0.3726527,9.75761675,1.84999990463,6.81786203384,-22.0200004578,-20.5726299286,-43.9283218384,12.59441185,-13.1483221054,6.68145895004,97534.1796875,11.0599994659,-169.124221802,False
3.6,-0.132,-0.01,-0.028,-2.1182364,1.0787315,9.5516771,1.64999997616,6.81786203384,-21.5599994659,-20.5726299286,-43.9283218384,12.673661232,-13.2172050476,6.69383239746,97542.2302246,12.3400001526,-187.369720459,False
3.7,-0.119,-0.016,-0.011,-2.1378497,0.784532,9.75761675,1.64999997616,3.86937761307,-21.5599994659,-20.6469669342,-43.1757392883,12.7519865036,-13.2838363647,6.69293212891,97546.9482422,12.3400001526,-187.369720459,False
3.8000000000000003,-0.131,-0.019,-0.006,-2.26533615,-0.3726527,9.8654899,1.61000001431,3.86937761307,-21.3099994659,-20.6469669342,-43.1757392883,12.8543224335,-13.3605394363,6.6863079071,97562.2375488,13.6300001144,-211.813537598,False
3.9000000000000004,-0.131,-0.014,-0.004,-2.16726965,-0.5295591,10.03220295,1.50999999046,3.86937761307,-20.7799987793,-20.6469669342,-43.1757392883,12.9601755142,-13.4606399536,6.66958522797,97570.2941895,14.2699995041,-211.813537598,False
4.0,-0.115,-0.01,0.003,-2.1378497,-0.5491724,9.7478101,1.50999999046,3.86937761307,-20.7799987793,-20.6469669342,-43.1757392883,12.9870605469,-13.4947061539,6.6680226326,97570.2941895,14.2699995041,-211.813537598,False
4.1000000000000005,-0.129,-0.009,0.002,-2.1378497,-0.4314926,9.3555441,1.69999992847,1.7733900547,-20.1399993896,-20.4779338837,-43.1074256897,13.0548753738,-13.6211395264,6.722178936,97578.527832,15.5599994659,-232.101821899,False
4.2,-0.129,-0.017,0.006,-2.1770763,-0.42168595,9.9439431,1.88999998569,1.7733900547,-19.8199996948,-20.4779338837,-43.1074256897,13.0754022598,-13.6845541,6.72789096832,97591.7480469,16.1900005341,-255.078704834,False
4.3,-0.047,-0.004,0.01,-2.18688295,-0.10787315,9.2574776,1.88999998569,1.7733900547,-19.8199996948,-20.4779338837,-43.1074256897,13.1001415253,-13.7729253769,6.74304389954,97598.2421875,16.1900005341,-255.078704834,False
4.4,-0.028,0.001,0.015,-2.2555295,0.67665885,9.0417313,2.15999984741,0.473585426807,-19.4599990845,-20.3264102936,-43.3242416382,13.1254873276,-13.8721151352,6.77511119843,97598.2421875,16.8400001526,-255.078704834,False
4.5,-0.017,-0.028,-0.001,-2.24572285,0.8041453,9.6301303,2.55999994278,0.473585426807,-18.6700000763,-20.3264102936,-43.3242416382,13.1660547256,-13.9626197815,6.79140281677,97608.8195801,18.1599998474,-271.872131348,False
4.6000000000000005,0.009,-0.025,-0.006,-2.1966896,-0.2157463,10.0223963,2.75,0.473585426807,-18.2600002289,-20.3264102936,-43.3242416382,13.2123346329,-14.0908603668,6.80032300949,97626.6479492,18.8099994659,-293.625823975,False
4.7,0.009,-0.025,-0.006,-2.1966896,-0.2157463,10.0223963,3.05999994278,0.473585426807,-17.8199996948,-20.3264102936,-43.3242416382,13.2399892807,-14.1979026794,6.79493188858,97626.6479492,19.4799995422,-293.625823975,False
4.800000000000001,0.017,-0.061,-0.003,-2.16726965,0.42168595,10.3558224,3.05999994278,0.473585426807,-17.8199996948,-20.3264102936,-43.3242416382,13.2839031219,-14.2509326935,6.7724404335,97634.2224121,19.4799995422,-293.625823975,False
4.9,0.007,-0.068,-0.005,-2.2751428,0.73549875,10.4931155,3.4399998188,1.10742914677,-13.4600000381,-19.5581798553,-43.494972229,13.3709754944,-14.4239263535,6.6556596756,97646.7224121,20.8099994659,-315.321533203,False
5.0,-0.008,-0.088,-0.01,-2.157463,-0.02941995,11.11093445,3.4399998188,1.10742914677,-13.4600000381,-19.5581798553,-43.494972229,13.3952274323,-14.4635467529,6.60781812668,97646.7224121,20.8099994659,-315.321533203,False
5.1000000000000005,0.014,-0.118,-0.014,-2.10842975,0.12748645,11.5130071,3.57999992371,1.10742914677,-11.1599998474,-19.5581798553,-43.494972229,13.4845724106,-14.5973300934,6.43042421341,97654.6630859,21.4599990845,-332.447631836,False
5.2,0.009,-0.143,-0.011,-2.0201699,0.36284605,11.76798,3.79999995232,1.10742914677,-6.84999990463,-19.5581798553,-43.494972229,13.5489768982,-14.6882743835,6.28590536118,97666.7236328,22.109998703,-332.447631836,False
5.300000000000001,0.01,-0.17,-0.003,-1.83384355,0.1765197,12.1994726,3.80999994278,1.10742914677,-6.84999990463,-19.5581798553,-43.494972229,13.638133049,-14.8058366776,6.05175352097,97672.7111816,22.7299995422,-352.538116455,False
5.4,0.016,-0.205,-0.003,-1.7063571,0.16671305,13.3566573,3.91999983788,1.8735243082,-2.98000001907,-16.5797176361,-43.3575782776,13.8193073273,-14.9913263321,5.56083631516,97679.4372559,23.9099998474,-383.373077393,False
5.5,0.023,-0.22,0.011,-1.4513842,0.24516625,13.87640975,3.90999984741,1.8735243082,-1.27999997139,-16.5797176361,-43.3575782776,13.8747463226,-15.0406246185,5.40687513351,97690.0939941,24.4499988556,-383.373077393,False
5.6000000000000005,0.023,-0.233,0.025,-1.4513842,0.40207265,14.1411893,3.91999983788,1.8735243082,-1.27999997139,-16.5797176361,-43.3575782776,14.0072565079,-15.1569910049,4.98801994324,97699.3164062,24.4499988556,-383.373077393,False
5.7,0.0,-0.197,0.032,-0.980665,0.5295591,14.6511351,3.87999987602,2.69878172874,1.68999993801,-12.2068338394,-43.6718444824,14.1311912537,-15.2691860199,4.5183506012,97708.5632324,25.4099998474,-414.37109375,False
5.800000000000001,-0.02,-0.252,0.035,-0.9022118,0.44129925,15.03359445,3.88999986649,2.69878172874,1.68999993801,-12.2068338394,-43.6718444824,14.2218961716,-15.3564949036,4.15642929077,97714.8803711,25.4099998474,-414.37109375,False
5.9,-0.02,-0.246,0.03,-0.6864655,0.4314926,15.83773975,3.83999991417,2.69878172874,4.06999969482,-12.2068338394,-43.6718444824,14.4057788849,-15.526553154,3.27522301674,97718.9147949,26.1999988556,-444.885253906,False
6.0,-0.086,-0.262,0.021,-0.51975245,0.3138128,15.5729602,3.8599998951,2.69878172874,5.01999998093,-12.2068338394,-43.6718444824,14.5134115219,-15.6396045685,2.60296416283,97730.5419922,26.5199985504,-472.986602783,False
6.1000000000000005,-0.025,-0.299,0.015,-0.44129925,0.85317855,15.6514134,3.86999988556,2.69878172874,5.01999998093,-12.2068338394,-43.6718444824,14.5401058197,-15.6872148514,2.256909132,97743.4204102,26.5199985504,-472.986602783,False
6.2,-0.052,-0.326,-0.004,-0.24516625,0.38245935,16.50459195,4.0499997139,2.47381687164,6.44999980927,-6.45837783813,-44.2238044739,14.5750923157,-15.7432966232,1.76392126083,97740.5761719,26.9899997711,-502.237884521,False
6.300000000000001,-0.022,-0.297,-0.001,-0.10787315,0.5295591,16.79879145,4.13999986649,2.47381687164,6.85999965668,-6.45837783813,-44.2238044739,14.5994901657,-15.7964935303,0.827620446682,97745.3186035,27.1299991608,-502.237884521,False
6.4,-0.005,-0.256,-0.004,0.0588399,0.4707192,16.52420525,4.27999973297,2.47381687164,7.13999986649,-6.45837783813,-44.2238044739,14.5736856461,-15.8143339157,0.0254353173077,97745.3186035,27.2199993134,-521.369750977,False
6.5,-0.007,-0.234,2.86567351e-17,0.10787315,0.50013915,15.8279331,4.27999973297,2.47381687164,7.13999986649,-6.45837783813,-44.2238044739,14.5546636581,-15.8138647079,-0.220787778497,97748.2421875,27.2199993134,-521.369750977,False
6.6000000000000005,-0.005,-0.223,0.003,0.1176798,0.7060788,15.38663385,4.48999977112,2.41514492035,7.25999975204,1.42256331444,-44.2002639771,14.516617775,-15.7957315445,-0.808198094368,97754.7790527,27.1899986267,-520.27166748,False
6.7,-0.027,-0.225,-0.004,0.2157463,0.50013915,15.0434011,4.67000007629,2.41514492035,7.15999984741,1.42256331444,-44.2002639771,14.4442625046,-15.7636756897,-1.31668710709,97745.4345703,27.0999984741,-520.27166748,False
6.800000000000001,-0.007,-0.183,-0.008,0.0980665,0.7060788,13.9646696,4.73999977112,2.41514492035,7.01999998093,1.42256331444,-44.2002639771,14.3538808823,-15.708735466,-1.75314021111,97747.3388672,26.9699993134,-512.442749023,False
6.9,0.017,-0.164,-0.014,0.3334261,0.46091255,14.44519545,4.73999977112,2.41514492035,7.01999998093,1.42256331444,-44.2002639771,14.2282943726,-15.6228570938,-2.27229785919,97748.5656738,26.9699993134,-512.442749023,False
7.0,0.04,-0.101,-0.009,0.0980665,0.6276256,13.2585908,4.86999988556,2.41514492035,6.73000001907,1.42256331444,-44.2002639771,14.1400346756,-15.5535945892,-2.59559941292,97736.1083984,26.7899990082,-512.442749023,False
7.1000000000000005,0.017,-0.103,-0.015,0.2745862,0.392266,12.58193195,5.01999998093,3.05099225044,5.96999979019,5.26527452469,-44.0151786804,14.039021492,-15.4669914246,-2.87123227119,97736.1083984,26.3299999237,-502.265167236,False
7.2,0.016,-0.053,-0.014,0.1372931,0.6080123,11.9052731,5.01999998093,3.05099225044,5.96999979019,5.26527452469,-44.0151786804,13.917470932,-15.3730535507,-3.11471867561,97740.0512695,26.3299999237,-502.265167236,False
7.300000000000001,0.036,-0.066,-0.017,0.10787315,0.50013915,11.38552065,5.05999994278,3.05099225044,5.52999973297,5.26527452469,-44.0151786804,13.8205137253,-15.2656421661,-3.2789747715,97728.7841797,26.0699996948,-471.288482666,False
7.4,-0.015,-0.093,-0.035,0.12748645,0.30400615,11.375714,5.08999967575,3.05099225044,5.08999967575,5.26527452469,-44.0151786804,13.6897602081,-15.1397323608,-3.41167116165,97726.4404297,25.7799987793,-471.288482666,False
7.5,-0.022,-0.074,-0.038,0.1765197,0.24516625,11.26784085,5.10999965668,3.83946967125,4.61999988556,6.6797952652,-43.7254867554,13.5736379623,-15.0221424103,-3.538844347,97724.1333008,25.1700000763,-446.961029053,False
7.6000000000000005,-0.024,-0.053,-0.03,0.1372931,0.18632635,10.7284751,5.71999979019,3.83946967125,3.52999997139,6.6797952652,-43.7254867554,13.4816808701,-14.9214696884,-3.62193894386,97722.7722168,24.8500003815,-417.241271973,False
7.7,0.049,-0.047,-0.012,0.1176798,0.1372931,10.87557485,5.57999992371,3.83946967125,2.95000004768,6.6797952652,-43.7254867554,13.3255519867,-14.6971988678,-3.72110056877,97722.7722168,24.5199985504,-417.241271973,False
7.800000000000001,0.041,-0.047,-0.005,0.02941995,0.196133,10.7677017,5.56999969482,3.83946967125,2.95000004768,6.6797952652,-43.7254867554,13.2867441177,-14.638209343,-3.74146580696,97711.4379883,24.5199985504,-417.241271973,False
7.9,0.045,-0.029,0.023,0.00980665,0.50013915,10.1204628,5.88999986649,4.64063692093,2.37999987602,7.87554788589,-43.2831420898,13.1847429276,-14.4874811172,-3.78135919571,97706.4208984,24.1999988556,-391.793243408,False
8.0,0.02,-0.004,0.019,0.0,0.22555295,10.03220295,5.71999979019,4.64063692093,1.80999994278,7.87554788589,-43.2831420898,13.1002397537,-14.3841943741,-3.77153706551,97688.3666992,23.8699989319,-391.793243408,False
8.1,0.081,0.02,0.007,-0.0196133,0.51975245,9.42419065,5.55999994278,4.64063692093,1.23000001907,7.87554788589,-43.2831420898,12.9522323608,-14.1563310623,-3.69766259193,97688.3666992,23.2099990845,-358.071136475,False
8.200000000000001,0.067,0.032,-0.006,-0.06864655,0.16671305,8.6102387,8.05000019073,4.64063692093,0.669999957085,7.87554788589,-43.2831420898,12.9247808456,-14.0961952209,-3.64988064766,97693.1091309,23.2099990845,-358.071136475,False
8.3,-0.017,0.049,0.004,-0.0196133,0.1765197,8.2571993,10.4399995804,6.54494142532,-0.310000002384,7.51976776123,-43.7811965942,12.8550806046,-13.9562082291,-3.48854398727,97681.2805176,22.5699996948,-324.705871582,False
8.4,0.016,0.065,-0.001,0.0,0.46091255,7.91396655,10.4499998093,6.54494142532,-0.310000002384,7.51976776123,-43.7811965942,12.8002929688,-13.8281211853,-3.29118537903,97680.291748,22.5699996948,-324.705871582,False
8.5,0.044,0.068,-0.021,-0.02941995,0.5295591,7.9041599,9.97999954224,6.54494142532,-1.11000001431,7.51976776123,-43.7811965942,12.69921875,-13.6342964172,-2.89190196991,97676.940918,21.9899997711,-296.491241455,False
8.6,0.029,0.075,-0.031,-0.08825985,0.59820565,7.87473995,11.5500001907,6.54494142532,-1.43999993801,7.51976776123,-43.7811965942,12.6574544907,-13.5518712997,-2.71643161774,97673.840332,21.7399997711,-275.212097168,False
8.700000000000001,0.033,0.082,-0.045,-0.10787315,0.6080123,7.7472535,11.279999733,6.54494142532,-1.73000001907,7.51976776123,-43.7811965942,12.6172504425,-13.440243721,-2.48254585266,97669.8547363,21.5,-275.212097168,False
8.8,0.064,0.079,-0.059,-0.00980665,0.40207265,7.9629998,11.2899999619,7.86165428162,-1.73000001907,5.30307531357,-43.4565658569,12.5871953964,-13.354637146,-2.29624390602,97662.512207,21.5,-275.212097168,False
8.9,0.088,0.083,-0.066,-0.20593965,0.34323275,7.8060934,17.1399993896,7.86165428162,-2.18000006676,5.30307531357,-43.4565658569,12.5551481247,-13.1985645294,-1.96842217445,97659.6984863,21.1000003815,-248.75201416,False
9.0,0.208,0.081,-0.06,-0.04903325,0.22555295,7.84532,19.2600002289,7.86165428162,-2.33999991417,5.30307531357,-43.4565658569,12.5562162399,-13.1035223007,-1.7762773037,97654.5349121,20.9200000763,-233.244903564,False
9.1,0.218,0.083,-0.058,-0.1176798,0.24516625,7.89435325,18.7600002289,11.0602750778,-2.45000004768,3.3783955574,-43.4565658569,12.5669527054,-13.0049877167,-1.58858573437,97654.5349121,20.9200000763,-233.244903564,False
9.200000000000001,0.193,0.079,-0.062,-0.20593965,0.4314926,8.0610663,18.7700004578,11.0602750778,-2.45000004768,3.3783955574,-42.6434745789,12.5813770294,-12.905872345,-1.41227579117,97650.4272461,20.7700004578,-233.244903564,False
9.3,0.296,0.102,-0.093,-0.24516625,0.4118793,6.97252815,18.25,11.0602750778,-2.52999997139,3.3783955574,-42.6434745789,12.6194257736,-12.7555494308,-1.0699441433,97642.5598145,20.6299991608,-211.267669678,False
9.4,0.247,0.078,-0.093,-0.18632635,0.38245935,7.30595425,25.4699993134,11.0602750778,-2.51999998093,3.3783955574,-42.6434745789,12.6625652313,-12.6471881866,-0.825550913811,97642.5598145,20.5200004578,-211.267669678,False
9.5,0.275,0.06,-0.1,-0.1569064,0.50013915,8.1395195,29.0900001526,17.5275821686,-2.3599998951,0.797057330608,-41.4440803528,12.766245842,-12.4319477081,-0.461456954479,97639.7766113,20.3799991608,-197.433654785,False
9.600000000000001,0.237,0.062,-0.114,-0.2157463,0.61781895,8.09048625,28.3299999237,17.5275821686,-2.25,0.797057330608,-41.4440803528,12.8247327805,-12.3333387375,-0.32909744978,97639.7766113,20.3400001526,-188.889312744,False
9.700000000000001,0.204,0.047,-0.14,0.00980665,0.6472389,8.3356525,28.3299999237,17.5275821686,-2.24000000954,0.797057330608,-41.4440803528,12.9314060211,-12.1692562103,-0.130865693092,97643.9147949,20.3400001526,-188.889312744,False
9.8,0.153,0.038,-0.177,-0.0392266,0.4511059,8.03164635,28.9899997711,21.5471725464,-1.92999994755,-0.95149230957,-39.6343460083,13.123752594,-11.915763855,0.184789806604,97642.6086426,20.3199996948,-176.090621948,False
9.9,0.2,0.033,-0.18,0.0588399,0.5687857,7.81590005,28.9799995422,21.5471725464,-1.90999996662,-0.95149230957,-39.6343460083,13.2520904541,-11.760559082,0.377069443464,97642.0898438,20.3199996948,-176.090621948,False
10.0,0.159,-0.007,-0.168,0.04903325,0.6864655,8.75733845,28.0499992371,21.5471725464,-1.65999996662,-0.95149230957,-39.6343460083,13.441157341,-11.5370397568,0.570995092392,97642.0898438,20.3500003815,-176.090621948,False
10.100000000000001,0.167,0.022,-0.174,0.04903325,0.6668522,8.44352565,33.6300010681,21.5471725464,-1.39999997616,-0.95149230957,-39.6343460083,13.6417121887,-11.3062753677,0.749219954014,97644.3359375,20.3899993896,-177.653884888,False
10.200000000000001,0.207,-0.017,-0.168,0.18632635,0.5099458,8.3160392,32.6100006104,21.5471725464,-1.11000001431,-0.95149230957,-39.6343460083,13.8122587204,-11.1209592819,0.921771287918,97644.3359375,20.4499988556,-178.653900146,False
10.3,0.218,-0.067,-0.158,0.18632635,0.46091255,9.56148375,35.6699981689,27.2383460999,-0.740000009537,-3.13953995705,-35.4436264038,14.1007595062,-10.8070812225,1.12469506264,97643.963623,20.5200004578,-176.926422119,False
10.4,0.21,-0.096,-0.154,0.24516625,0.40207265,9.6889702,34.5599975586,27.2383460999,-0.370000004768,-3.13953995705,-35.4436264038,14.3706455231,-10.5059280396,1.25925719738,97646.9848633,20.6199989319,-175.926391602,False
10.5,0.218,-0.112,-0.145,0.3334261,0.67665885,10.1793027,33.3199996948,27.2383460999,0.00999999977648,-3.13953995705,-35.4436264038,14.600818634,-10.2433900833,1.33369195461,97650.3051758,20.7299995422,-178.104400635,False
10.600000000000001,0.179,-0.089,-0.171,0.3138128,1.0591182,10.81673495,44.719997406,27.2383460999,0.379999995232,-3.13953995705,-35.4436264038,14.9084453583,-9.8875169754,1.38756620884,97650.3051758,20.8500003815,-178.104400635,False
10.700000000000001,0.293,-0.118,-0.215,0.30400615,0.980665,10.60098865,44.7099990845,32.133769989,0.769999980927,-3.17706298828,-31.5769786835,15.2267351151,-9.51415729523,1.42672383785,97652.6000977,20.9899997711,-179.442016602,False
10.8,0.323,-0.162,-0.232,0.34323275,0.71588545,10.28717585,44.7099990845,32.133769989,1.16999995708,-3.17706298828,-31.5769786835,15.5967998505,-9.03607177734,1.52350270748,97656.0119629,21.1199989319,-179.442016602,False
10.9,0.241,-0.171,-0.238,0.30400615,1.06892485,11.5326204,44.7099990845,32.133769989,1.62000000477,-3.17706298828,-31.5769786835,15.8624048233,-8.65747356415,1.55377519131,97654.6081543,21.2600002289,-189.13973999,False
11.0,0.212,-0.194,-0.254,0.5491724,0.71588545,11.4737805,44.7099990845,32.133769989,2.01999998093,-3.17706298828,-31.5769786835,16.2110042572,-8.15641021729,1.573772192,97660.5041504,21.3999996185,-189.13973999,False
11.100000000000001,0.185,-0.227,-0.264,0.65704555,0.8433719,11.56204035,44.719997406,38.6381721497,2.83999991417,-3.21515321732,-24.6104278564,16.704460144,-7.39871692657,1.61796081066,97655.0292969,21.6999988556,-201.946075439,False
11.200000000000001,0.173,-0.242,-0.285,0.69627215,0.99047165,11.71894675,44.719997406,38.6381721497,2.8599998951,-3.21515321732,-24.6104278564,16.9111442566,-7.06564378738,1.63946294785,97662.9516602,21.6999988556,-201.946075439,False
11.3,0.064,-0.28,-0.311,0.8433719,0.980665,12.40541225,44.719997406,38.6381721497,3.64999985695,-3.21515321732,-24.6104278564,17.4653186798,-6.07509899139,1.62683856487,97669.0307617,22.0,-230.665771484,False
11.4,0.038,-0.288,-0.326,0.8825985,0.980665,12.44463885,44.719997406,38.6381721497,4.0,-3.21515321732,-24.6104278564,17.8027000427,-5.40445327759,1.60765957832,97669.0307617,22.1499996185,-243.77746582,False
11.5,0.052,-0.298,-0.329,0.89240515,1.01008495,13.1605243,44.719997406,41.4902915955,4.38000011444,-3.15931344032,-15.0179691315,18.0135478973,-4.96388435364,1.58811700344,97668.963623,22.3099994659,-243.77746582,False
11.600000000000001,0.034,-0.32,-0.313,0.95124505,0.97085835,13.68027675,44.719997406,41.4902915955,4.71999979019,-3.15931344032,-15.0179691315,18.3935604095,-4.04432582855,1.51105308533,97680.4992676,22.4599990845,-265.344421387,False
11.700000000000001,0.077,-0.346,-0.297,1.2356379,0.91201845,13.95486295,44.7399978638,41.4902915955,5.01999998093,-3.15931344032,-15.0179691315,18.6297416687,-3.3959903717,1.43036818504,97681.4880371,22.6000003815,-265.344421387,False
11.8,0.078,-0.369,-0.288,1.38273765,0.8237586,14.9845612,44.75,41.4902915955,5.26999998093,-3.15931344032,-15.0179691315,18.8648777008,-2.68935251236,1.32276952267,97681.4880371,22.7299995422,-270.668609619,False
11.9,0.043,-0.373,-0.261,1.3337044,1.08853815,15.5925735,44.7599983215,43.2080192566,5.42999982834,-2.06091117859,-5.19731616974,19.1184406281,-1.74384212494,1.12826693058,97681.4880371,22.8500003815,-270.668609619,False
12.0,0.062,-0.379,-0.25,1.3925443,1.06892485,15.32779395,44.7700004578,43.2080192566,5.58999967575,-2.06091117859,-5.19731616974,19.3895721436,-0.357383430004,0.830285489559,97685.3515625,22.9499988556,-292.670837402,False
12.100000000000001,-0.025,-0.379,-0.238,1.1964113,1.1571847,14.906108,44.7700004578,43.2080192566,5.69000005722,-2.06091117859,-5.19731616974,19.5125293732,0.782709240913,0.614927053452,97687.3901367,23.0199985504,-292.670837402,False
12.200000000000001,0.005,-0.392,-0.249,1.42196425,1.1571847,15.66122005,44.7700004578,43.2080192566,5.75,-2.06091117859,-5.19731616974,19.5531711578,1.17808115482,0.535618543625,97690.5212402,23.0900001526,-313.900390625,False
12.3,0.008,-0.392,-0.262,1.4317709,1.16699135,15.91619295,44.7700004578,44.1675872803,5.69999980927,0.30066215992,4.98620462418,19.5562877655,2.61742591858,0.180714398623,97690.5212402,23.1199989319,-313.900390625,False
12.4,-0.018,-0.39,-0.278,1.2160246,1.3925443,15.79851315,44.7599983215,44.1675872803,5.71000003815,0.30066215992,4.98620462418,19.5062332153,3.41694498062,-0.00536888372153,97687.1826172,23.1399993896,-319.25390625,False
12.5,-0.03,-0.404,-0.302,1.22583125,1.2356379,15.87696635,44.7599983215,44.1675872803,5.6299996376,0.30066215992,4.98620462418,19.4075450897,4.21780347824,-0.192953139544,97691.0339355,23.1399993896,-319.25390625,False
12.600000000000001,-0.029,-0.388,-0.305,1.18660465,1.1179581,15.73967325,44.7399978638,44.1675872803,5.27999973297,0.30066215992,4.98620462418,19.1340465546,5.6560959816,-0.53221476078,97689.0625,23.0900001526,-330.293273926,False
12.700000000000001,-0.007,-0.386,-0.288,1.26505785,1.18660465,15.46508705,44.7399978638,44.1675872803,5.28999996185,0.30066215992,4.98620462418,18.9223842621,6.4515376091,-0.698898434639,97687.7929688,23.0900001526,-330.293273926,False
12.8,0.02,-0.384,-0.281,1.06892485,1.1179581,15.3179873,44.7099990845,44.9714050293,4.75999975204,2.26697874069,17.9237823486,18.4690856934,7.81006574631,-0.959989070892,97687.7929688,22.9499988556,-330.483428955,False
12.9,0.039,-0.361,-0.283,1.14737805,1.10815145,15.0434011,44.7000007629,44.9714050293,4.44000005722,2.26697874069,17.9237823486,18.1643276215,8.57736301422,-1.10526585579,97688.5498047,22.8500003815,-330.483428955,False
13.0,0.016,-0.367,-0.278,1.10815145,1.04931155,15.2787607,44.6899986267,44.9714050293,4.09999990463,2.26697874069,17.9237823486,17.6211204529,9.69034290314,-1.29653906822,97683.581543,22.7399997711,-337.904174805,False
13.100000000000001,-0.064,-0.367,-0.277,1.1179581,1.0002783,15.2787607,44.6699981689,44.9714050293,3.66999983788,2.26697874069,17.9237823486,17.2327651978,10.421995163,-1.42472851276,97683.581543,22.6000003815,-337.904174805,False
13.200000000000001,-0.064,-0.361,-0.276,1.04931155,1.04931155,14.99436785,44.6499977112,44.9714050293,3.23000001907,2.26697874069,17.9237823486,16.9169082642,10.9410924911,-1.50583410263,97682.4829102,22.4499988556,-336.946289062,False
13.3,-0.078,-0.346,-0.267,1.04931155,0.9610517,14.56287525,44.6299972534,46.2333717346,2.74000000954,3.91922998428,31.3629608154,16.1074466705,12.1185398102,-1.69474816322,97682.4035645,22.2799987793,-336.946289062,False
13.4,-0.063,-0.342,-0.268,0.91201845,0.87279185,14.01370285,44.6100006104,46.2333717346,2.25999999046,3.91922998428,31.3629608154,15.5152006149,12.874162674,-1.75846135616,97681.5856934,22.109998703,-341.851226807,False
13.5,-0.049,-0.337,-0.269,0.8041453,0.89240515,13.5527903,44.6100006104,46.2333717346,2.25999999046,3.91922998428,31.3629608154,15.2666044235,13.1512336731,-1.77433109283,97669.8364258,22.109998703,-341.851226807,False
13.600000000000001,-0.063,-0.279,-0.269,1.0002783,0.8237586,13.1016844,44.5900001526,46.2333717346,1.33999991417,3.91922998428,31.3629608154,14.1042604446,14.390745163,-1.83634793758,97670.5505371,21.75,-342.708984375,False
13.700000000000001,-0.074,-0.264,-0.262,0.7453054,0.9218251,13.38607725,44.5900001526,46.3092155457,1.33999991417,4.74318361282,41.7746620178,13.8373746872,14.6577281952,-1.84146487713,97668.9208984,21.75,-342.708984375,False
13.8,-0.07,-0.253,-0.275,0.59820565,1.3140911,12.67999845,44.5999984741,46.3092155457,0.419999986887,4.74318361282,41.7746620178,12.9305696487,15.4473819733,-1.81699860096,97668.9208984,21.3799991608,-344.479949951,False
13.9,-0.083,-0.238,-0.314,0.51975245,1.0002783,11.83662655,44.6299972534,46.3092155457,0.0,4.74318361282,41.7746620178,12.5436229706,15.7483310699,-1.79170429707,97658.605957,21.1899986267,-344.479949951,False
14.0,-0.012,-0.229,-0.319,0.6668522,0.51975245,11.62088025,44.6499977112,46.083366394,-0.340000003576,4.12310838699,48.5590934753,11.505613327,16.5191936493,-1.61596608162,97659.1003418,21.0200004578,-348.760620117,False
14.100000000000001,0.006,-0.228,-0.285,0.3726527,0.784532,11.79739995,44.6699981689,46.083366394,-0.680000007153,4.12310838699,48.5590934753,10.8466739655,16.9722137451,-1.48814749718,97652.8198242,20.8500003815,-348.760620117,False
14.200000000000001,-0.034,-0.229,-0.291,0.5687857,0.6472389,11.67972015,44.6899986267,46.083366394,-0.989999949932,4.12310838699,48.5590934753,10.1653709412,17.3842658997,-1.37472307682,97652.8198242,20.6999988556,-348.449523926,False
14.3,0.011,-0.218,-0.297,0.46091255,0.8433719,11.42474725,44.6899986267,46.083366394,-0.989999949932,4.12310838699,48.5590934753,9.89250850677,17.5495223999,-1.32409894466,97646.1364746,20.6999988556,-348.449523926,False
14.4,0.018,-0.223,-0.293,0.36284605,1.0395049,11.62088025,44.719997406,46.994594574,-1.49000000954,2.94135737419,55.9134483337,8.77972793579,18.173866272,-1.12071740627,97646.1364746,20.4399986267,-356.309875488,False
14.5,-0.052,-0.219,-0.292,0.5099458,0.91201845,11.67972015,44.7299995422,46.994594574,-1.7199999094,2.94135737419,55.9134483337,8.10120296478,18.5189914703,-0.981704592705,97649.3469238,20.3299999237,-356.309875488,False
14.600000000000001,-0.055,-0.207,-0.303,0.4903325,0.8041453,10.8461549,44.75,46.994594574,-1.87999999523,2.94135737419,55.9134483337,7.96653652191,18.5831127167,-0.951113045216,97648.4741211,20.2299995422,-361.077514648,False
14.700000000000001,-0.047,-0.208,-0.312,0.44129925,0.97085835,10.46369555,44.7599983215,47.2744789124,-1.97999989986,1.36713933945,63.4899673462,6.91497993469,19.0582847595,-0.648327827454,97641.7114258,20.1499996185,-361.077514648,False
14.8,-0.041,-0.225,-0.321,0.26477955,1.0983448,10.7088618,44.7700004578,47.2744789124,-2.03999996185,1.36713933945,63.4899673462,6.08239650726,19.3932704926,-0.43415749073,97634.753418,20.0900001526,-375.367919922,False
14.9,-0.029,-0.236,-0.329,0.24516625,1.1179581,11.2384209,44.7700004578,47.2744789124,-2.03999996185,1.36713933945,63.4899673462,5.8136715889,19.4922733307,-0.371831029654,97634.2163086,20.0900001526,-375.367919922,False
15.0,-0.024,-0.271,-0.32,0.2941995,1.26505785,12.2779258,44.7700004578,47.2455291748,-2.19000005722,-0.0778094083071,70.7256011963,4.74963951111,19.8595848083,-0.253676444292,97641.8823242,20.0,-382.526977539,False
15.100000000000001,-0.067,-0.281,-0.342,0.3138128,0.8433719,11.71894675,44.7799987793,47.2455291748,-2.20000004768,-0.0778094083071,70.7256011963,3.98007798195,20.093706131,-0.155269160867,97642.2546387,19.9699993134,-382.526977539,False
15.200000000000001,-0.011,-0.255,-0.341,0.34323275,0.97085835,10.7284751,42.9799995422,47.2455291748,-2.26999998093,-0.0778094083071,70.7256011963,3.70386266708,20.1668891907,-0.08898191154,97648.4802246,19.9499988556,-394.273193359,False
15.3,-0.044,-0.267,-0.331,0.2157463,1.0002783,11.42474725,41.3299980164,47.2455291748,-2.22000002861,-0.0778094083071,70.7256011963,2.53019309044,20.424659729,0.153457552195,97648.4802246,19.9499988556,-394.273193359,False
15.4,-0.13,-0.262,-0.33,0.14709975,1.0983448,11.964113,39.469997406,46.4641265869,-2.19000005722,-1.50230967999,80.992149353,1.60958862305,20.5759735107,0.275062292814,97646.6308594,19.9699993134,-410.381500244,False
15.5,-0.123,-0.211,-0.329,0.1765197,1.12776475,11.60126695,37.3999977112,46.4641265869,-2.09999990463,-1.50230967999,80.992149353,1.29174602032,20.620552063,0.317153513432,97641.9372559,20.0100002289,-410.381500244,False
15.600000000000001,-0.178,-0.236,-0.333,0.1765197,0.8433719,11.01286795,35.2299995422,46.4641265869,-1.95999991894,-1.50230967999,80.992149353,0.294537991285,20.737071991,0.492874950171,97631.036377,20.0599994659,-414.367675781,False
15.700000000000001,-0.22,-0.254,-0.335,0.1176798,0.784532,11.34629405,35.219997406,46.4641265869,-1.97999989986,-1.50230967999,80.992149353,-0.140120208263,20.7701759338,0.571175813675,97631.036377,20.0599994659,-414.367675781,False
15.8,-0.228,-0.241,-0.329,0.00980665,0.7453054,11.7483667,30.109998703,43.248085022,-1.73000001907,-2.9753305912,89.1942596436,-1.01366198063,20.8131752014,0.680732607841,97633.7890625,20.1800003052,-430.208190918,False
15.9,-0.245,-0.25,-0.323,-0.04903325,1.04931155,11.8856598,30.109998703,43.248085022,-1.74000000954,-2.9753305912,89.1942596436,-1.59098041058,20.810754776,0.719023168087,97639.1296387,20.1800003052,-430.208190918,False
16.0,-0.261,-0.216,-0.321,0.00980665,0.6472389,12.1014061,27.109998703,43.248085022,-1.65999996662,-2.9753305912,89.1942596436,-2.29967999458,20.7924060822,0.747872114182,97644.2382812,20.25,-430.208190918,False
16.1,-0.309,-0.248,-0.294,-0.1765197,0.9022118,12.5917386,23.9499988556,43.248085022,-1.57999992371,-2.9753305912,89.1942596436,-3.02587461472,20.7448635101,0.753260612488,97631.9885254,20.3099994659,-447.515869141,False
16.2,-0.371,-0.255,-0.279,-0.18632635,0.63743225,13.22917085,20.3400001526,38.0449867249,-1.50999999046,-3.51079916954,97.2253189087,-3.71822690964,20.6735954285,0.689552664757,97631.9885254,20.3899993896,-447.515869141,False
16.3,-0.377,-0.257,-0.271,-0.2353596,0.87279185,13.15071765,12.4099998474,38.0449867249,-1.51999998093,-3.51079916954,97.2253189087,-4.81858968735,20.4980010986,0.498823404312,97637.1398926,20.5100002289,-447.478485107,False
16.400000000000002,-0.393,-0.251,-0.224,-0.24516625,0.87279185,13.46453045,8.21000003815,38.0449867249,-1.62000000477,-3.51079916954,97.2253189087,-5.47228527069,20.3459472656,0.316550910473,97639.276123,20.5599994659,-452.791412354,False
16.5,-0.446,-0.232,-0.212,-0.16671305,0.63743225,13.30762405,4.01999998093,30.6040592194,-1.76999998093,-2.19699072838,104.320068359,-5.94530248642,20.2213077545,0.17344212532,97639.276123,20.5900001526,-452.791412354,False
16.6,-0.523,-0.214,-0.195,-0.22555295,0.77472535,13.18994425,0.070000000298,30.6040592194,-1.99000000954,-2.19699072838,104.320068359,-6.46972608566,20.0502662659,-0.0301475487649,97645.9411621,20.6000003815,-464.438812256,False
16.7,-0.572,-0.173,-0.187,-0.18632635,0.87279185,13.0036179,0.070000000298,30.6040592194,-2.03999996185,-2.19699072838,104.320068359,-6.85466718674,19.9066410065,-0.206068605185,97646.0693359,20.5799999237,-464.438812256,False
16.8,-0.586,-0.156,-0.189,-0.40207265,0.71588545,12.8467115,-7.09999990463,30.6040592194,-2.59999990463,-2.19699072838,104.320068359,-7.3601937294,19.6693954468,-0.493449866772,97646.0693359,20.5499992371,-452.867492676,False
16.900000000000002,-0.596,-0.137,-0.176,-0.5099458,0.71588545,12.4936721,-10.0,18.0656833649,-2.98000001907,-0.191266000271,110.061561584,-7.63904571533,19.4980220795,-0.680697500706,97636.3037109,20.5,-452.867492676,False
17.0,-0.594,-0.04,-0.156,-0.55897905,0.77472535,11.60126695,-12.4299993515,18.0656833649,-3.34999990463,-0.191266000271,110.061561584,-7.80021429062,19.3732700348,-0.786495447159,97636.3891602,20.4200000763,-450.859436035,False
17.1,-0.664,-0.06,-0.137,-0.4707192,0.51975245,11.571847,-14.529999733,18.0656833649,-3.76999998093,-0.191266000271,110.061561584,-7.92317533493,19.2541484833,-0.901225566864,97642.4377441,20.3199996948,-450.859436035,False
17.2,-0.664,-0.06,-0.137,-0.4707192,0.51975245,11.571847,-14.529999733,18.0656833649,-3.76999998093,-0.191266000271,110.061561584,-7.98068714142,19.1739521027,-0.985261559486,97642.4377441,20.3199996948,-450.859436035,False
17.3,-0.587,-0.083,-0.069,-0.67665885,0.28439285,11.2972608,-17.7099990845,5.73978948593,-4.65000009537,0.338920295238,112.737167358,-8.05003452301,19.0311203003,-1.12606143951,97640.6921387,20.0900001526,-439.134033203,False
17.400000000000002,-0.533,-0.06,-0.019,-0.77472535,0.32361945,11.1011278,-17.7099990845,5.73978948593,-4.65000009537,0.338920295238,112.737167358,-8.04352664948,18.9208698273,-1.2410351038,97635.5895996,20.0900001526,-439.134033203,False
17.5,-0.51,-0.034,0.008,-0.50013915,0.40207265,10.6500219,-18.7899990082,5.73978948593,-5.09999990463,0.338920295238,112.737167358,-7.97247505188,18.8334693909,-1.32667541504,97635.5895996,19.9599990845,-413.182647705,False
17.6,-0.49,-0.03,0.014,-0.67665885,0.3334261,10.4931155,-20.0399990082,5.73978948593,-6.0,0.338920295238,112.737167358,-7.8555316925,18.7664089203,-1.36302363873,97636.2731934,19.6700000763,-393.496887207,False
17.7,-0.363,-0.021,0.034,-0.75511205,0.2745862,10.44408225,-20.2999992371,5.73978948593,-6.46000003815,0.338920295238,112.737167358,-7.56877613068,18.6801605225,-1.45089566708,97636.2731934,19.5200004578,-393.496887207,False
17.8,-0.36,-0.017,0.049,-0.63743225,0.26477955,10.1400761,-20.2999992371,5.73978948593,-6.44999980927,0.338920295238,112.737167358,-7.44489526749,18.652179718,-1.44070696831,97624.2553711,19.5200004578,-393.496887207,False
17.900000000000002,-0.332,7.59281015471e-18,0.062,-0.7649187,0.30400615,9.7281968,-20.3999996185,-8.71877670288,-6.8799996376,1.2892999649,112.319664001,-7.26545238495,18.6222305298,-1.42001533508,97624.2553711,19.3699989319,-370.858947754,False
18.0,-0.305,0.019,0.094,-0.6864655,0.3334261,9.4536106,-20.3400001526,-8.71877670288,-7.26999998093,1.2892999649,112.319664001,-6.98049402237,18.5909519196,-1.32820928097,97625.5371094,19.2099990845,-370.858947754,False
18.1,-0.298,0.015,0.09,-0.59820565,0.2941995,9.5516771,-20.1700000763,-8.71877670288,-7.63999986649,1.2892999649,112.319664001,-6.76315641403,18.5750007629,-1.26108360291,97625.5371094,19.0599994659,-344.50567627,False
18.2,-0.173,0.037,0.087,-0.784532,0.36284605,8.5317855,-19.4399986267,-13.8961772919,-8.27999973297,0.646421790123,110.780708313,-6.37930059433,18.5563316345,-1.07928991318,97622.1435547,18.7899990082,-320.844451904,False
18.3,-0.167,0.035,0.088,-0.77472535,0.30400615,8.46313895,-19.4399986267,-13.8961772919,-8.27999973297,0.646421790123,110.780708313,-6.16783285141,18.5422019958,-0.92114675045,97622.1435547,18.7899990082,-320.844451904,False
18.400000000000002,-0.127,0.027,0.096,-0.75511205,0.2941995,8.9044382,-18.5499992371,-13.8961772919,-8.64999961853,0.646421790123,110.780708313,-5.77454423904,18.5314388275,-0.697618722916,97621.9421387,18.5900001526,-286.059936523,False
18.5,-0.119,0.039,0.111,-0.7649187,0.2157463,8.73772515,-18.5499992371,-13.8961772919,-8.64999961853,0.646421790123,110.780708313,-5.65978765488,18.5289955139,-0.63249617815,97618.1945801,18.5900001526,-286.059936523,False
18.6,-0.08,0.043,0.121,-0.7060788,0.2157463,8.8848249,-17.9300003052,-16.9449920654,-8.77999973297,-1.00283801556,108.564506531,-5.3208823204,18.5276813507,-0.419878154993,97618.1945801,18.5200004578,-286.059936523,False
18.7,-0.06,0.087,0.133,-0.75511205,0.14709975,8.03164635,-17.3699989319,-16.9449920654,-8.86999988556,-1.00283801556,108.564506531,-5.10556650162,18.5207138062,-0.240315631032,97617.1203613,18.4599990845,-264.995391846,False
18.8,-0.005,0.08,0.168,-0.67665885,0.08825985,7.8649333,-16.8299999237,-16.9449920654,-8.85999965668,-1.00283801556,108.564506531,-4.80148220062,18.5089206696,0.0588228702545,97614.2150879,18.4300003052,-264.995391846,False
18.900000000000002,0.003,0.067,0.165,-0.63743225,0.0784532,7.8845466,-16.2700004578,-16.9449920654,-8.80000019073,-1.00283801556,108.564506531,-4.59940814972,18.5091018677,0.264862149954,97614.3310547,18.4200000763,-244.316101074,False
19.0,0.031,0.04,0.171,-0.67665885,0.16671305,8.26700595,-15.6899995804,-16.9449920654,-8.68999958038,-1.00283801556,108.564506531,-4.34056949615,18.5130901337,0.472096055746,97619.3908691,18.4300003052,-244.316101074,False
19.1,0.006,0.031,0.169,-0.65704555,0.0980665,8.433719,-15.0999994278,-16.6128463745,-8.53999996185,-4.04490709305,104.880973816,-4.04081916809,18.524805069,0.73074734211,97617.590332,18.4699993134,-227.880096436,False
19.200000000000003,0.009,0.008,0.167,-0.6864655,0.2941995,8.6102387,-14.4499998093,-16.6128463745,-8.32999992371,-4.04490709305,104.880973816,-3.83635759354,18.5350704193,0.875941872597,97617.590332,18.5299987793,-227.880096436,False
19.3,-0.031,0.008,0.161,-0.7649187,0.36284605,9.0809579,-13.7599992752,-16.6128463745,-8.11999988556,-4.04490709305,104.880973816,-3.5739300251,18.5487632751,1.04421496391,97620.2270508,18.609998703,-213.677215576,False
19.400000000000002,-0.034,0.003,0.159,-0.55897905,0.196133,9.03192465,-12.9499998093,-16.6128463745,-7.86999988556,-4.04490709305,104.880973816,-3.29878091812,18.5771980286,1.17850065231,97618.347168,18.7099990845,-213.677215576,False
19.5,0.011,-0.008,0.133,-0.5687857,0.2157463,9.1790244,-12.1599998474,-16.0032367706,-7.60999965668,-5.61770153046,101.027503967,-3.02489876747,18.603219986,1.30666053295,97623.6633301,18.8099994659,-208.954803467,False
19.6,0.028,-0.001,0.126,-0.5491724,0.2745862,9.3947707,-11.279999733,-16.0032367706,-7.2999997139,-5.61770153046,101.027503967,-2.76225614548,18.6378326416,1.43215763569,97622.5830078,18.9399986267,-208.954803467,False
19.700000000000003,0.014,-0.005,0.126,-0.61781895,0.2745862,9.7870367,-9.40999984741,-16.0032367706,-6.67999982834,-5.61770153046,101.027503967,-2.49087738991,18.6689815521,1.52055680752,97624.3896484,19.2299995422,-199.878692627,False
19.8,0.044,-0.013,0.124,-0.50013915,0.08825985,9.6301303,-9.40999984741,-15.0081644058,-6.67999982834,-6.33728170395,98.2471694946,-2.22553515434,18.71002388,1.5975112915,97625.5004883,19.2299995422,-199.878692627,False
19.900000000000002,0.103,-0.006,0.132,-0.6472389,0.24516625,9.97336305,-8.46000003815,-15.0081644058,-6.33999967575,-6.33728170395,98.2471694946,-1.97601127625,18.7406921387,1.66217505932,97629.6569824,19.3799991608,-196.311767578,False
20.0,0.133,-0.041,0.146,-0.588399,0.26477955,10.002783,-6.52999973297,-15.0081644058,-5.67999982834,-6.33728170395,98.2471694946,-1.6297403574,18.7964305878,1.70536863804,97633.3251953,19.6999988556,-197.266387939,False
20.1,0.11,-0.059,0.143,-0.46091255,0.18632635,10.24794925,-6.52999973297,-12.656416893,-5.67999982834,-6.60813951492,95.655632019,-1.48856019974,18.8217639923,1.72570180893,97632.1289062,19.6999988556,-197.266387939,False
20.200000000000003,0.101,-0.065,0.147,-0.38245935,0.2549729,10.2185293,-4.61000013351,-12.656416893,-5.03999996185,-6.60813951492,95.655632019,-1.11585187912,18.8737659454,1.72912073135,97637.6220703,20.0399990082,-194.248779297,False
20.3,0.084,-0.077,0.138,-0.36284605,0.3530394,10.8657682,-4.61000013351,-12.656416893,-5.03999996185,-6.60813951492,95.655632019,-0.928427815437,18.9030628204,1.68031716347,97640.8935547,20.0399990082,-194.248779297,False
20.400000000000002,0.071,-0.073,0.131,-0.3334261,0.2353596,11.15016105,-2.54999995232,-10.3562631607,-4.50999975204,-6.03408002853,92.7654190063,-0.658751666546,18.9484863281,1.57525157928,97640.8935547,20.3500003815,-196.699905396,False
20.5,0.118,-0.049,0.136,-0.4314926,0.392266,11.18938765,-2.54999995232,-10.3562631607,-4.50999975204,-6.03408002853,92.7654190063,-0.523320555687,18.9543647766,1.50725543499,97641.9189453,20.3500003815,-196.699905396,False
20.6,0.102,-0.04,0.123,-0.4903325,0.3726527,10.7677017,-0.550000011921,-10.3562631607,-4.05999994278,-6.03408002853,92.7654190063,-0.363039702177,18.9783725739,1.44750332832,97646.0144043,20.6399993896,-202.171707153,False
20.700000000000003,0.097,-0.053,0.117,-0.2941995,0.4511059,10.3362091,-0.550000011921,-10.3562631607,-4.05999994278,-6.03408002853,92.7654190063,-0.176230147481,18.9810295105,1.41053712368,97652.2155762,20.6399993896,-202.171707153,False
20.8,0.148,-0.08,0.096,-0.34323275,0.46091255,11.1011278,0.34999999404,-7.28148269653,-3.81999993324,-5.35430192947,89.3922424316,0.069224730134,18.9964141846,1.33604586124,97652.3132324,20.7799987793,-202.171707153,False
20.900000000000002,0.132,-0.066,0.089,-0.18632635,0.48052585,11.1011278,2.09999990463,-7.28148269653,-3.39999985695,-5.35430192947,89.3922424316,0.267335921526,18.9955692291,1.22130894661,97652.3132324,21.0299987793,-204.768371582,False
21.0,0.111,-0.073,0.072,-0.3530394,0.4903325,11.1403544,2.91999983788,-7.28148269653,-3.23000001907,-5.35430192947,89.3922424316,0.408330857754,18.9924240112,1.13972508907,97651.2451172,21.1499996185,-205.681793213,False
21.1,0.068,-0.052,0.059,-0.26477955,0.5099458,10.1204628,2.91999983788,-7.28148269653,-3.23000001907,-5.35430192947,89.3922424316,0.482465267181,18.9849433899,1.12465250492,97653.9672852,21.2700004578,-205.681793213,False
21.200000000000003,0.122,-0.068,0.046,-0.18632635,0.2745862,10.52253545,3.6099998951,-7.28148269653,-3.03999996185,-5.35430192947,89.3922424316,0.572650849819,18.9866924286,1.10490441322,97653.8024902,21.2700004578,-205.681793213,False
21.3,0.153,-0.069,0.043,-0.196133,0.42168595,11.09132115,4.23999977112,-3.76945710182,-2.83999991417,-4.05524969101,87.070274353,0.673191845417,18.9670410156,1.0325037241,97655.4748535,21.3699989319,-209.544372559,False
21.400000000000002,0.156,-0.055,0.047,-0.08825985,0.50013915,11.11093445,5.35999965668,-3.76945710182,-2.57999992371,-4.05524969101,87.070274353,0.737973511219,18.9590110779,0.93408447504,97655.4748535,21.5599994659,-211.227996826,False
21.5,0.16,-0.047,0.042,-0.32361945,0.4707192,10.4342756,5.35999965668,-3.76945710182,-2.57999992371,-4.05524969101,87.070274353,0.806352078915,18.9405384064,0.849285662174,97661.0473633,21.5599994659,-211.227996826,False
21.6,0.082,-0.062,0.022,-0.1569064,0.44129925,11.01286795,6.1299996376,-0.0821871310472,-2.36999988556,-2.96042513847,85.8850860596,0.897410273552,18.9030685425,0.743815243244,97662.8173828,21.7199993134,-212.227630615,False
21.700000000000003,0.066,-0.056,6.858022075230001e-18,-0.16671305,0.392266,11.0422879,6.44000005722,-0.0821871310472,-2.29999995232,-2.96042513847,85.8850860596,0.906642735004,18.89179039,0.691649734974,97663.458252,21.7799987793,-212.227630615,False
21.8,0.096,-0.042,-0.007,-0.0196133,0.6276256,10.50292215,6.44000005722,-0.0821871310472,-2.29999995232,-2.96042513847,85.8850860596,0.945387005806,18.8771095276,0.598161399364,97660.7788086,21.7799987793,-212.227630615,False
21.900000000000002,0.095,-0.046,-0.03,-0.20593965,0.4707192,10.46369555,6.75999975204,-0.0821871310472,-2.23000001907,-2.96042513847,85.8850860596,0.968524098396,18.8359775543,0.521683216095,97666.1865234,21.8400001526,-209.464080811,False
22.0,0.06,-0.05,-0.027,0.0196133,0.46091255,11.18938765,7.10999965668,2.43045592308,-2.11999988556,-1.91446399689,85.681312561,0.969561159611,18.8113460541,0.408775091171,97666.1865234,21.9499988556,-210.519790649,False
22.1,0.059,-0.037,-0.025,-0.08825985,0.4511059,11.48358715,7.17000007629,2.43045592308,-2.14999985695,-1.91446399689,85.681312561,0.968147814274,18.7822685242,0.265134513378,97663.7451172,21.9799995422,-210.519790649,False
22.200000000000003,0.11,-0.038,-0.033,-0.00980665,0.36284605,10.8853815,7.23000001907,2.43045592308,-2.19000005722,-1.91446399689,85.681312561,0.935765028,18.7570724487,0.159265175462,97665.9912109,22.0100002289,-206.870849609,False
22.3,0.097,-0.04,-0.037,-0.18632635,0.392266,10.40485565,7.23000001907,2.43045592308,-2.19000005722,-1.91446399689,85.681312561,0.913585066795,18.7378826141,0.124185726047,97670.6787109,22.0100002289,-206.870849609,False
22.400000000000002,0.048,-0.037,-0.031,-0.12748645,0.4314926,10.2773692,7.0499997139,2.43045592308,-2.18000006676,-1.91446399689,85.681312561,0.853924036026,18.6895065308,0.108818493783,97668.0603027,22.0399990082,-209.005355835,False
22.5,0.027,0.018,-0.023,0.00980665,0.5687857,9.95374975,6.94000005722,5.46690368652,-2.15999984741,-1.03044605255,86.2797622681,0.811354696751,18.6642627716,0.113728389144,97673.4191895,22.0499992371,-209.005355835,False
22.6,0.027,0.039,-0.024,-0.0980665,0.4314926,9.8262633,6.75,5.46690368652,-2.11999988556,-1.03044605255,86.2797622681,0.761426150799,18.6286067963,0.132447898388,97673.4191895,22.0699996948,-207.308197021,False
22.700000000000003,0.002,0.019,-0.04,-0.02941995,0.5491724,9.54187045,6.75,5.46690368652,-2.11999988556,-1.03044605255,86.2797622681,0.712328374386,18.6135749817,0.178177341819,97666.7419434,22.1000003815,-207.308197021,False
22.8,0.009,-0.021,-0.05,-0.10787315,0.38245935,9.5909037,6.64999961853,6.27785682678,-2.02999997139,-1.55709266663,86.5777664185,0.681202471256,18.6023254395,0.21294362843,97669.6594238,22.1000003815,-207.308197021,False
22.900000000000002,-0.01,-0.048,-0.044,0.0,0.3726527,10.28717585,6.21000003815,6.27785682678,-1.83999991417,-1.55709266663,86.5777664185,0.591483592987,18.5776405334,0.236221656203,97669.2626953,22.1700000763,-205.168731689,False
23.0,-0.006,-0.027,-0.027,-0.20593965,0.6276256,10.48330885,5.90000009537,6.27785682678,-1.79999995232,-1.55709266663,86.5777664185,0.535435795784,18.5550880432,0.193016305566,97669.2626953,22.1999988556,-197.113800049,False
23.1,-0.108,-0.043,-0.042,-0.0588399,0.2745862,10.9442214,5.65000009537,6.27785682678,-1.77999997139,-1.55709266663,86.5777664185,0.444239914417,18.5286903381,0.100646324456,97673.6938477,22.2299995422,-197.113800049,False
23.200000000000003,-0.08,-0.046,-0.036,-0.12748645,0.2745862,10.62060195,5.25999975204,6.27785682678,-1.78999996185,-1.55709266663,86.5777664185,0.367650955915,18.514503479,0.038006272167,97673.6938477,22.2600002289,-198.987762451,False
23.3,0.0,-0.035,-0.008,0.02941995,0.3726527,10.4146623,4.98999977112,5.98725938797,-1.80999994278,-0.837265014648,87.645401001,0.312334030867,18.4952602386,-0.00552441319451,97667.8710938,22.2699985504,-198.987762451,False
23.400000000000002,-0.081,-0.054,-0.007,0.0196133,0.3334261,10.64021525,4.67999982834,5.98725938797,-1.82999992371,-0.837265014648,87.645401001,0.25367218256,18.4683551788,-0.0633314475417,97670.1538086,22.2799987793,-197.889526367,False
23.5,-0.03,-0.016,-0.003,0.1176798,0.63743225,10.5127288,4.46999979019,5.98725938797,-1.87999999523,-0.837265014648,87.645401001,0.208327576518,18.4541568756,-0.106201060116,97671.0449219,22.2699985504,-197.889526367,False
23.6,-0.065,0.006,-0.004,0.0980665,0.3726527,9.58109705,4.21000003815,5.65832471848,-1.88999998569,-0.444209396839,87.7035446167,0.150372564793,18.4296855927,-0.0233593210578,97673.3154297,22.2699985504,-194.403259277,False
23.700000000000003,0.01,0.062,-0.012,-0.02941995,0.38245935,7.9433865,3.98000001907,5.65832471848,-1.76999998093,-0.444209396839,87.7035446167,0.114805519581,18.4198379517,0.137898951769,97670.6359863,22.2699985504,-194.403259277,False
23.8,-0.021,0.03,-3.67394039744e-18,0.04903325,0.48052585,8.3748791,3.78999996185,5.65832471848,-1.58999991417,-0.444209396839,87.7035446167,0.058411501348,18.4057369232,0.292864620686,97670.6359863,22.2999992371,-191.618347168,False
23.900000000000002,-0.045,-0.024,0.006,-0.0980665,0.40207265,9.8458766,3.53999996185,5.65832471848,-1.4699999094,-0.444209396839,87.7035446167,0.0192724671215,18.4036922455,0.312351256609,97671.8261719,22.3400001526,-191.618347168,False
24.0,-0.052,-0.015,0.015,0.04903325,0.55897905,10.20872265,3.53999996185,5.65832471848,-1.4699999094,-0.444209396839,87.7035446167,-0.00368340034038,18.395778656,0.29785990715,97671.8261719,22.3400001526,-191.618347168,False
24.1,-0.052,0.017,0.018,-0.02941995,0.4511059,9.62032365,3.36999988556,5.57202625275,-1.38999998569,-1.00629651546,87.5520095825,-0.0291246809065,18.3897037506,0.304227918386,97667.565918,22.3799991608,-190.472595215,False
24.200000000000003,-0.156,-0.01,0.017,0.0588399,0.51975245,9.20844435,3.16999983788,5.57202625275,-1.28999996185,-1.00629651546,87.5520095825,-0.0547809973359,18.3809967041,0.368122786283,97674.987793,22.4300003052,-190.472595215,False
24.3,-0.148,0.019,-0.003,0.0,0.48052585,9.24767095,3.1099998951,5.57202625275,-1.12000000477,-1.00629651546,87.5520095825,-0.0477047339082,18.3773593903,0.473623305559,97674.987793,22.4699993134,-197.227294922,False
24.400000000000002,-0.089,0.005,-0.031,0.06864655,0.61781895,9.3163175,3.13999986649,3.87655162811,-0.949999988079,-1.40461575985,87.1952056885,-0.0220454465598,18.3715820312,0.565225064754,97673.7854004,22.5799999237,-189.398193359,False
24.5,-0.098,-0.008,-0.042,0.1372931,0.4118793,9.63993695,3.19999980927,3.87655162811,-0.759999990463,-1.40461575985,87.1952056885,-0.0162219814956,18.3719081879,0.594140172005,97673.7854004,22.5799999237,-189.398193359,False
24.6,-0.046,-0.002,-0.037,0.14709975,0.4314926,9.81645665,3.3599998951,3.87655162811,-0.569999992847,-1.40461575985,87.1952056885,0.00501901237294,18.3854484558,0.639658033848,97671.9848633,22.6499996185,-189.398193359,False
24.700000000000003,-0.099,-0.025,-0.023,0.1765197,0.588399,10.0812362,3.39999985695,3.87655162811,-0.379999995232,-1.40461575985,87.1952056885,0.0275711026043,18.3898563385,0.669093549252,97680.3649902,22.7899990082,-190.328979492,False
24.8,-0.113,-0.04,-0.023,0.1765197,0.6472389,10.4538889,3.57999992371,2.65315842628,-0.179999992251,-1.49017560482,87.7766723633,0.0470145717263,18.4053630829,0.637863636017,97680.3649902,22.7899990082,-190.328979492,False
24.900000000000002,-0.057,-0.039,-0.033,0.20593965,0.3530394,10.52253545,3.99000000954,2.65315842628,0.0599999986589,-1.49017560482,87.7766723633,0.0944442152977,18.4377326965,0.537095427513,97679.7424316,22.9300003052,-118.634033203,False
25.0,-0.041,-0.051,-0.027,0.2549729,0.42168595,10.67944185,4.11999988556,2.65315842628,0.170000001788,-1.49017560482,87.7766723633,0.116603523493,18.4476547241,0.475185722113,97679.7424316,22.9899997711,-120.160865784,False
25.1,-0.052,-0.068,-0.011,0.1372931,0.26477955,11.1991943,4.11999988556,1.74299037457,0.170000001788,-0.8614179492,88.1539154053,0.145845159888,18.4493560791,0.411036878824,97678.137207,22.9899997711,-120.160865784,False
25.200000000000003,-0.136,-0.075,0.001,0.0392266,0.36284605,11.3168741,4.2999997139,1.74299037457,0.219999998808,-0.8614179492,88.1539154053,0.179637342691,18.4461975098,0.263691842556,97681.9335938,23.0399990082,-120.160865784,False
25.3,-0.176,-0.033,0.013,0.22555295,0.1569064,11.2972608,4.53999996185,1.74299037457,0.239999994636,-0.8614179492,88.1539154053,0.214666754007,18.4420166016,0.153497651219,97681.9335938,23.0799999237,-120.344924927,False
25.400000000000002,-0.076,-0.011,0.034,0.08825985,0.4903325,10.20872265,4.7999997139,1.74299037457,0.219999998808,-0.8614179492,88.1539154053,0.259895533323,18.4404640198,0.0687302127481,97681.9335938,23.1000003815,-120.344924927,False
25.5,-0.036,-0.027,0.032,0.0392266,0.12748645,10.36562905,5.48999977112,-0.543358385563,0.219999998808,-0.12355492264,87.643989563,0.325401395559,18.429479599,0.0232072044164,97681.4025879,23.1199989319,-120.716285706,False
25.6,0.092,-0.041,0.054,0.1765197,0.1765197,10.9638347,5.90000009537,-0.543358385563,0.189999997616,-0.12355492264,87.643989563,0.400230944157,18.4104270935,-0.0839923545718,97678.1433105,23.1299991608,-120.002746582,False
25.700000000000003,0.177,-0.038,0.05,0.18632635,0.196133,10.83634825,6.26999998093,-0.543358385563,0.129999995232,-0.12355492264,87.643989563,0.448623627424,18.3962154388,-0.152280375361,97678.7780762,23.1199989319,-120.002746582,False
25.8,0.22,-0.044,0.045,0.1372931,0.1176798,10.2185293,6.26999998093,-0.543358385563,0.129999995232,-0.12355492264,87.643989563,0.465318292379,18.3821811676,-0.181629449129,97679.119873,23.1199989319,-120.002746582,False
25.900000000000002,0.143,-0.051,0.056,0.2353596,0.1765197,10.44408225,6.61999988556,2.82514262199,0.0399999991059,0.474906802177,86.5111618042,0.468436598778,18.358707428,-0.208405897021,97679.119873,23.0900001526,-115.509223938,False
26.0,0.1,-0.04,0.066,0.2549729,0.3530394,10.42446895,6.71999979019,2.82514262199,0.0,0.474906802177,86.5111618042,0.478538662195,18.3444366455,-0.227728649974,97681.0424805,23.0900001526,-115.509223938,False
26.1,0.023,-0.046,0.048,0.1765197,0.48052585,10.395049,6.83999967575,2.82514262199,-0.0599999986589,0.474906802177,86.5111618042,0.47371506691,18.3027362823,-0.286785274744,97681.6162109,23.0499992371,-116.425895691,False
26.200000000000003,-0.045,-0.046,0.02,0.22555295,0.6276256,10.60098865,6.96000003815,4.59102249146,-0.149999991059,1.19655835629,85.3364486694,0.480815380812,18.2792282104,-0.340360939503,97681.6162109,23.0299987793,-108.864402771,False
26.3,-0.026,-0.021,-0.019,0.0196133,0.59820565,10.60098865,7.14999961853,4.59102249146,-0.280000001192,1.19655835629,85.3364486694,0.504311382771,18.2290744781,-0.396863549948,97678.5583496,22.9899997711,-108.864402771,False
26.400000000000002,0.01,-0.008,-0.037,0.00980665,0.8041453,10.01258965,7.14999961853,4.59102249146,-0.280000001192,1.19655835629,85.3364486694,0.506176888943,18.2064056396,-0.398993253708,97676.6235352,22.9899997711,-108.864402771,False
26.5,-0.035,-0.003,-0.059,0.02941995,0.4903325,10.5323421,7.30999994278,4.59102249146,-0.34999999404,1.19655835629,85.3364486694,0.51640111208,18.1773014069,-0.415864765644,97676.6235352,22.9599990845,-103.902244568,False
26.6,-0.064,0.011,-0.049,0.14709975,0.63743225,9.9439431,7.59999990463,4.59102249146,-0.569999992847,1.19655835629,85.3364486694,0.512604773045,18.1397418976,-0.451141476631,97675.5554199,22.8799991608,-94.3115234375,False
26.700000000000003,-0.06,0.004,-0.045,0.12748645,0.5099458,9.7281968,7.73999977112,4.10207033157,-0.649999976158,1.095312953,86.2135162354,0.52102959156,18.0993843079,-0.421390920877,97675.5554199,22.8299999237,-94.3115234375,False
26.8,-0.051,0.011,-0.03,0.1569064,0.34323275,9.26728425,7.85999965668,4.10207033157,-0.699999988079,1.095312953,86.2135162354,0.512708604336,18.0861854553,-0.405608952045,97676.5197754,22.7899990082,-90.1248931885,False
26.900000000000002,0.037,0.01,-0.025,0.24516625,0.46091255,9.26728425,8.01999950409,4.10207033157,-0.719999969006,1.095312953,86.2135162354,0.515890836716,18.0389633179,-0.29468074441,97672.253418,22.7600002289,-90.1248931885,False
27.0,0.061,0.013,-0.02,0.1569064,0.3138128,9.6497436,8.0,4.10207033157,-0.759999990463,1.095312953,86.2135162354,0.503875494003,18.0169200897,-0.273458600044,97673.828125,22.7299995422,-85.9251022339,False
27.1,0.053,0.043,-0.001,-0.00980665,0.36284605,9.44380395,8.0,4.10207033157,-0.759999990463,1.095312953,86.2135162354,0.486980319023,17.9963645935,-0.252193063498,97675.4516602,22.7299995422,-85.9251022339,False
27.200000000000003,0.122,0.041,0.014,0.0,0.4314926,9.32612415,8.01999950409,4.91149377823,-0.799999952316,0.541586697102,86.5674285889,0.467393547297,17.9809417725,-0.18760240078,97675.4516602,22.7099990845,-85.9251022339,False
27.3,0.134,0.011,-0.004,0.1176798,0.22555295,9.7478101,7.96999979019,4.91149377823,-0.77999997139,0.541586697102,86.5674285889,0.417574346066,17.9632778168,-0.115339204669,97671.09375,22.6800003052,-80.3186416626,False
27.400000000000002,0.123,0.013,0.005,0.0980665,0.22555295,9.67916355,7.71999979019,4.91149377823,-0.759999990463,0.541586697102,86.5674285889,0.361200779676,17.9440631866,-0.0839858129621,97666.784668,22.6700000763,-76.3723373413,False
27.5,0.024,0.013,0.003,0.18632635,0.6080123,9.81645665,7.5499997139,7.78621864319,-0.769999980927,-0.116755358875,86.1641845703,0.318393498659,17.9357833862,-0.063384115696,97666.784668,22.6599998474,-76.3723373413,False
27.6,0.005,0.004,-0.02,0.18632635,0.51975245,10.73828175,7.5499997139,7.78621864319,-0.769999980927,-0.116755358875,86.1641845703,0.255347073078,17.9379405975,-0.122185073793,97670.3308105,22.6599998474,-76.3723373413,False
27.700000000000003,-0.022,0.037,-0.038,0.1176798,0.48052585,10.3362091,7.09999990463,8.26412963867,-0.919999957085,-0.44015276432,86.2138595581,0.177039220929,17.9335155487,-0.155114799738,97670.3308105,22.6199989319,-74.2214202881,False
27.8,-0.057,0.035,-0.052,0.0588399,0.4903325,9.18883105,6.84999990463,8.26412963867,-0.930000007153,-0.44015276432,86.2138595581,0.154243975878,17.9437847137,-0.105444602668,97667.8833008,22.6000003815,-67.279624939,False
27.900000000000002,-0.035,0.02,-0.041,0.18632635,0.6276256,9.28689755,6.84999990463,8.26412963867,-0.930000007153,-0.44015276432,86.2138595581,0.0953001379967,17.9491672516,-0.0133092943579,97671.2036133,22.6000003815,-67.279624939,False
28.0,-0.035,0.02,-0.041,0.18632635,0.6276256,9.28689755,6.51999998093,8.26412963867,-0.889999985695,-0.44015276432,86.2138595581,0.0430812425911,17.9692287445,0.0644695684314,97671.2036133,22.5699996948,-71.4628219604,False
28.1,-0.087,0.011,-0.06,0.1569064,0.392266,9.3359308,6.51999998093,7.44919395447,-0.889999985695,-1.15854227543,86.9090652466,0.0272494759411,17.977935791,0.104893751442,97667.755127,22.5699996948,-71.4628219604,False
28.200000000000003,-0.027,0.004,-0.056,0.1569064,0.73549875,9.50264385,6.82999992371,7.44919395447,-0.810000002384,-1.15854227543,86.9090652466,-0.0101769072935,17.9943294525,0.17797459662,97665.5395508,22.5799999237,-73.0743408203,False
28.3,-0.034,0.012,-0.063,0.1569064,0.71588545,9.20844435,7.6299996376,7.44919395447,-0.75,-1.15854227543,86.9090652466,-0.0422548763454,18.0223731995,0.245861291885,97666.607666,22.5799999237,-73.0743408203,False
28.400000000000002,-0.03,-0.007,-0.078,0.196133,0.4118793,10.002783,7.50999975204,6.8880853653,-0.699999988079,-1.65053224564,87.9717254639,-0.0838833600283,18.0439529419,0.268399655819,97666.3391113,22.6000003815,-76.3299942017,False
28.5,0.005,-0.007,-0.08,0.0980665,0.2941995,10.2577559,7.38999986649,6.8880853653,-0.680000007153,-1.65053224564,87.9717254639,-0.133504867554,18.0718479156,0.263434767723,97667.6086426,22.609998703,-76.3299942017,False
28.6,0.152,-0.011,-0.055,0.2353596,0.5687857,9.97336305,9.47999954224,6.8880853653,-0.629999995232,-1.65053224564,87.9717254639,-0.20063509047,18.0982437134,0.264428466558,97668.371582,22.6199989319,-81.5483093262,False
28.700000000000003,0.047,-0.026,-0.045,0.1176798,0.2941995,9.80665,9.47999954224,6.8880853653,-0.629999995232,-1.65053224564,87.9717254639,-0.236510753632,18.1168556213,0.272570759058,97671.3439941,22.6199989319,-81.5483093262,False
28.8,0.04,-0.029,-0.044,0.02941995,0.40207265,10.03220295,9.34000015259,6.8880853653,-0.599999964237,-1.65053224564,87.9717254639,-0.318029671907,18.1369972229,0.303675234318,97671.3439941,22.6299991608,-82.5483322144,False
28.900000000000002,0.07,-0.041,-0.037,0.1569064,0.2549729,10.44408225,11.2599992752,8.85563373566,-0.52999997139,-1.7542630434,89.3046112061,-0.397963821888,18.1634120941,0.287371844053,97666.9067383,22.6499996185,-88.7765884399,False
29.0,0.046,-0.04,-0.007,0.24516625,0.1372931,10.7088618,11.0799999237,8.85563373566,-0.5,-1.7542630434,89.3046112061,-0.547853708267,18.2087020874,0.233846366405,97671.875,22.6700000763,-87.7765655518,False
29.1,0.0,0.028,0.043,0.20593965,0.588399,8.42391235,15.0799999237,8.85563373566,-0.419999986887,-1.7542630434,89.3046112061,-0.619740486145,18.2216472626,0.286770671606,97671.8566895,22.6999988556,-91.0768508911,False
29.200000000000003,0.084,-0.05,-0.013,0.24516625,0.61781895,9.4339973,15.0799999237,8.85563373566,-0.409999996424,-1.7542630434,89.3046112061,-0.671749949455,18.2399654388,0.366550266743,97671.8566895,22.6999988556,-91.0768508911,False
29.3,0.049,-0.028,-0.055,0.1569064,0.6080123,9.30651085,15.1899995804,10.8067865372,-0.280000001192,-1.34920871258,89.4044189453,-0.765633940697,18.2697429657,0.443643659353,97671.5026855,22.75,-43.692779541,False
29.400000000000002,0.036,-0.003,-0.08,0.1765197,0.71588545,10.1008495,21.8799991608,10.8067865372,-0.159999996424,-1.34920871258,89.4044189453,-0.828381299973,18.2880077362,0.472915142775,97671.5026855,22.75,-43.692779541,False
29.5,0.166,-0.02,-0.122,0.12748645,0.7649187,10.2185293,24.1299991608,10.8067865372,0.0299999993294,-1.34920871258,89.4044189453,-0.994594395161,18.3287582397,0.432567805052,97674.0844727,22.8299999237,-46.1357116699,False
29.6,0.216,-0.035,-0.136,0.12748645,0.75511205,10.2577559,24.1299991608,10.8067865372,0.0399999991059,-1.34920871258,89.4044189453,-1.08325195312,18.3434085846,0.419748276472,97672.5524902,22.8299999237,-46.1357116699,False
29.700000000000003,0.254,-0.063,-0.157,0.22555295,0.75511205,10.6500219,24.359998703,10.8067865372,0.149999991059,-1.34920871258,89.4044189453,-1.24201869965,18.3677921295,0.39147952199,97675.1708984,22.8699989319,-47.3524093628,False
29.8,0.248,-0.071,-0.141,0.2353596,0.65704555,11.40513395,24.4599990845,14.9824943542,0.239999994636,-1.45535469055,92.1441879272,-1.46016335487,18.3915348053,0.303800553083,97672.1374512,22.9099998474,-47.3524093628,False
29.900000000000002,0.278,-0.061,-0.128,0.20593965,0.5295591,11.4149406,30.4499988556,14.9824943542,0.259999990463,-1.45535469055,92.1441879272,-1.81159317493,18.4098796844,0.184194400907,97672.1374512,22.9599990845,-53.9710998535,False
30.0,0.352,-0.063,-0.124,0.18632635,0.46091255,10.4146623,30.4499988556,14.9824943542,0.269999980927,-1.45535469055,92.1441879272,-1.93190705776,18.4107551575,0.183079630136,97674.4140625,22.9599990845,-53.9710998535,False
30.1,0.333,-0.065,-0.133,0.24516625,0.6864655,10.6107953,32.9899978638,20.4264316559,0.379999995232,-1.14968979359,94.4955444336,-2.39864015579,18.4066047668,0.165998116136,97674.3408203,22.9699993134,-61.8864059448,False
30.200000000000003,0.351,-0.089,-0.149,0.36284605,0.588399,11.1991943,32.719997406,20.4264316559,0.409999996424,-1.14968979359,94.4955444336,-2.55031871796,18.4076309204,0.151124536991,97674.3408203,22.9699993134,-61.8864059448,False
30.3,0.316,-0.098,-0.158,0.28439285,0.83356525,10.8461549,37.3299980164,20.4264316559,0.42999997735,-1.14968979359,94.4955444336,-3.09027671814,18.3758583069,0.0957919731736,97675.8728027,22.9799995422,-64.666557312,False
30.400000000000002,0.239,-0.108,-0.176,0.42168595,0.53936575,11.2384209,37.3299980164,20.4264316559,0.449999988079,-1.14968979359,94.4955444336,-3.40729475021,18.3570137024,0.0674271658063,97677.6672363,22.9799995422,-64.666557312,False
30.5,0.265,-0.098,-0.173,0.38245935,0.87279185,10.36562905,36.6899986267,20.4264316559,0.449999988079,-1.14968979359,94.4955444336,-3.93344068527,18.3090934753,0.0739409476519,97677.6672363,22.9599990845,-77.6063919067,False
30.6,0.28,-0.118,-0.195,0.30400615,0.9610517,11.03248125,38.5400009155,30.0056400299,0.509999990463,-0.814738214016,99.3502349854,-4.41632604599,18.2468719482,0.0858242660761,97676.6296387,22.9599990845,-86.8326187134,False
30.700000000000003,0.131,-0.124,-0.195,0.38245935,0.8041453,10.787315,38.1399993896,30.0056400299,0.569999992847,-0.814738214016,99.3502349854,-4.97898769379,18.1630687714,0.137696236372,97676.6296387,22.9599990845,-87.8326416016,False
30.8,0.151,-0.13,-0.231,0.36284605,0.91201845,10.71866845,40.9899978638,30.0056400299,0.639999985695,-0.814738214016,99.3502349854,-5.35287189484,18.1022987366,0.180980190635,97672.2839355,22.9699993134,-77.5115966797,False
30.900000000000002,0.188,-0.154,-0.268,0.3530394,0.980665,10.67944185,40.9899978638,30.0056400299,0.649999976158,-0.814738214016,99.3502349854,-5.66941928864,18.0380954742,0.199514582753,97677.0080566,22.9699993134,-77.5115966797,False
31.0,0.203,-0.188,-0.268,0.5099458,0.6276256,11.2384209,40.5499992371,34.8414115906,0.75,-1.13236856461,105.014938354,-6.18704557419,17.9320297241,0.259103864431,97677.2949219,22.9699993134,-76.5115737915,False
31.1,0.165,-0.163,-0.269,0.4903325,1.0002783,11.48358715,42.1100006104,34.8414115906,0.870000004768,-1.13236856461,105.014938354,-6.78049945831,17.793264389,0.283965557814,97683.1298828,22.9899997711,-94.3357467651,False
31.200000000000003,0.154,-0.222,-0.271,0.5491724,0.73549875,12.09159945,40.9099998474,34.8414115906,1.03999996185,-1.13236856461,105.014938354,-7.37536144257,17.636472702,0.29124251008,97670.135498,23.0299987793,-104.967498779,False
31.3,0.166,-0.252,-0.268,0.48052585,0.8825985,12.85651815,43.1699981689,34.8414115906,1.12999999523,-1.13236856461,105.014938354,-8.03819656372,17.4458236694,0.270771831274,97670.135498,23.0599994659,-104.967498779,False
31.400000000000002,0.196,-0.272,-0.265,0.6472389,1.16699135,12.4152189,43.1800003052,34.8414115906,1.13999998569,-1.13236856461,105.014938354,-8.7210111618,17.2203445435,0.212889224291,97677.5756836,23.0599994659,-104.967498779,False
31.5,0.227,-0.282,-0.27,0.69627215,1.10815145,12.6898051,42.4599990845,40.6847229004,1.19999992847,-1.06327068806,114.552787781,-9.4157037735,16.9631404877,0.186481386423,97684.8632812,23.0799999237,-122.841835022,False
31.6,0.131,-0.292,-0.276,0.8825985,1.1179581,12.99381125,43.6100006104,40.6847229004,1.24000000954,-1.06327068806,114.552787781,-9.99589538574,16.7286949158,0.146747231483,97676.4099121,23.0900001526,-122.841835022,False
31.700000000000003,0.131,-0.292,-0.276,0.8825985,1.1179581,12.99381125,42.7599983215,40.6847229004,1.25999999046,-1.06327068806,114.552787781,-10.8700714111,16.3407173157,0.0957021787763,97676.4099121,23.1000003815,-154.146957397,False
31.8,-0.06,-0.297,-0.299,0.9610517,1.0002783,13.0624578,43.8999977112,43.6553573608,1.24000000954,-0.606872677803,122.636894226,-11.9212665558,15.8321876526,0.0588384903967,97678.8085938,23.1000003815,-173.097808838,False
31.900000000000002,0.011,-0.313,-0.284,1.01008495,0.95124505,13.91563635,42.9399986267,43.6553573608,1.17999994755,-0.606872677803,122.636894226,-12.8341712952,15.3126335144,-0.0535864718258,97678.9489746,23.0799999237,-173.097808838,False
32.0,-0.075,-0.318,-0.269,1.08853815,0.95124505,13.64105015,43.8299980164,43.6553573608,1.05999994278,-0.606872677803,122.636894226,-13.4110813141,14.9359283447,-0.115373924375,97684.7839355,23.0699996948,-195.979888916,False
32.1,-0.213,-0.314,-0.269,0.81395195,0.9022118,12.71922505,43.8299980164,43.6553573608,1.03999996185,-0.606872677803,122.636894226,-13.9476661682,14.5593214035,-0.127139642835,97683.2092285,23.0399990082,-194.979858398,False
32.2,-0.213,-0.314,-0.269,0.81395195,0.9022118,12.71922505,44.7000007629,43.6553573608,0.939999997616,-0.606872677803,122.636894226,-14.3224163055,14.2864627838,-0.120302930474,97683.2092285,23.0399990082,-194.979858398,False
32.300000000000004,-0.028,-0.298,-0.246,0.89240515,0.97085835,12.97419795,44.6899986267,43.0211524963,0.949999988079,0.468282788992,132.830490112,-15.0665302277,13.6553964615,-0.19469769299,97683.8623047,23.0199985504,-232.457550049,False
32.4,-0.09,-0.244,-0.264,0.7256921,1.18660465,11.9837263,43.7399978638,43.0211524963,0.829999983311,0.468282788992,132.830490112,-15.6245679855,13.1437511444,-0.200768977404,97683.5998535,22.9899997711,-233.457565308,False
32.5,-0.083,-0.228,-0.292,0.6276256,1.24544455,11.69933345,44.7700004578,43.0211524963,0.769999980927,0.468282788992,132.830490112,-16.1308097839,12.6392507553,-0.157223016024,97678.2104492,22.9599990845,-258.938598633,False
32.6,0.002,-0.238,-0.337,0.71588545,0.75511205,11.93469305,44.7700004578,42.4043655396,0.75,0.612672328949,139.18711853,-16.6989116669,12.021692276,-0.098980076611,97675.7507324,22.9300003052,-257.938568115,False
32.7,-0.031,-0.238,-0.317,0.73549875,0.67665885,11.7287534,44.2299995422,42.4043655396,0.75,0.612672328949,139.18711853,-17.066192627,11.5824861526,-0.0700085759163,97679.6691895,22.9099998474,-276.6824646,False
32.800000000000004,-0.031,-0.238,-0.317,0.73549875,0.67665885,11.7287534,44.3499984741,42.4043655396,0.75,0.612672328949,139.18711853,-17.408536911,11.1475276947,0.010813087225,97679.6691895,22.8899993896,-276.6824646,False
32.9,-0.096,-0.242,-0.284,0.69627215,0.8629852,10.1793027,43.6499977112,42.4043655396,0.829999983311,0.612672328949,139.18711853,-17.8462295532,10.5483074188,0.197313949466,97680.1757812,22.8799991608,-306.871612549,False
33.0,0.137,-0.248,-0.299,0.6668522,0.83356525,11.62088025,43.0,42.4808998108,0.969999969006,-0.123623862863,147.90296936,-18.2106380463,10.0282897949,0.35825458169,97678.2470703,22.8899993896,-306.871612549,False
33.1,0.235,-0.268,-0.275,0.73549875,0.85317855,11.9444997,42.219997406,42.4808998108,1.36000001431,-0.123623862863,147.90296936,-18.8389339447,9.03152561188,0.47933062911,97668.3288574,22.9699993134,-328.932189941,False
33.2,0.049,-0.282,-0.279,0.7256921,1.06892485,12.42502555,41.2299995422,42.4808998108,1.54999995232,-0.123623862863,147.90296936,-19.2070865631,8.37766456604,0.530046701431,97685.7177734,23.0100002289,-350.062927246,False
33.300000000000004,0.053,-0.275,-0.285,1.0395049,1.01008495,12.4152189,41.2299995422,45.3282852173,1.55999994278,-0.212396577001,155.341796875,-19.3542881012,8.10178184509,0.537861704826,97685.7177734,23.0100002289,-350.062927246,False
33.4,-0.156,-0.238,-0.289,0.9610517,1.28467115,12.5328987,38.4899978638,45.3282852173,1.79999995232,-0.212396577001,155.341796875,-19.7261886597,7.39908504486,0.551599025726,97682.1289062,23.109998703,-362.384796143,False
33.5,-0.25,-0.294,-0.316,1.22583125,1.0002783,13.26839745,36.8299980164,45.3282852173,1.87999999523,-0.212396577001,155.341796875,-20.2174358368,6.37776947021,0.495426476002,97678.1005859,23.1700000763,-362.384796143,False
33.6,-0.356,-0.314,-0.292,1.20621795,1.3140911,15.40624715,34.7900009155,41.7457351685,1.80999994278,-0.437209278345,163.545730591,-20.6199913025,5.42850351334,0.275490790606,97685.0769043,23.2199993134,-393.801879883,False
33.7,-0.352,-0.285,-0.333,1.0198916,1.32389775,13.4351105,34.7900009155,41.7457351685,1.78999996185,-0.437209278345,163.545730591,-20.7277851105,5.12668275833,0.199942111969,97682.4951172,23.2199993134,-393.801879883,False
33.800000000000004,-0.223,-0.268,-0.352,0.89240515,0.79433865,12.93497135,32.7000007629,41.7457351685,1.68999993801,-0.437209278345,163.545730591,-21.0189208984,4.28629016876,0.105931416154,97680.9997559,23.2399997711,-393.801879883,False
33.9,-0.174,-0.268,-0.316,0.8825985,0.79433865,12.52309205,28.5699996948,38.0575828552,1.62000000477,-0.452076464891,170.376541138,-21.2491931915,3.33766436577,0.0044995220378,97685.546875,23.25,-422.717102051,False
34.0,-0.135,-0.275,-0.298,0.7649187,0.73549875,12.79767825,26.2099990845,38.0575828552,1.56999993324,-0.452076464891,170.376541138,-21.3513736725,2.78286671638,-0.0608105733991,97677.9846191,23.2399997711,-439.996337891,False
34.1,-0.19,-0.252,-0.266,0.69627215,0.73549875,12.60154525,23.6499996185,38.0575828552,1.45999991894,-0.452076464891,170.376541138,-21.4563503265,1.95377123356,-0.178312003613,97677.9846191,23.2299995422,-439.996337891,False
34.2,-0.228,-0.243,-0.237,0.5687857,0.67665885,13.2782041,23.6499996185,38.0575828552,1.44999992847,-0.452076464891,170.376541138,-21.4809093475,1.66930484772,-0.244904190302,97677.3864746,23.2299995422,-439.996337891,False
34.300000000000004,-0.299,-0.222,-0.212,0.57859235,0.85317855,13.03303785,20.7899990082,38.0575828552,1.26999998093,-0.452076464891,170.376541138,-21.505941391,1.00240767002,-0.37369170785,97674.041748,23.1999988556,-452.568054199,False
34.4,-0.406,-0.225,-0.224,0.48052585,0.93163175,13.56259695,17.9400005341,33.3622131348,1.03999996185,0.845414876938,179.668151855,-21.5005207062,0.228743731976,-0.587125837803,97674.041748,23.1499996185,-452.568054199,False
34.5,-0.421,-0.185,-0.232,0.36284605,1.02969825,13.07226445,11.9399995804,33.3622131348,0.319999992847,0.845414876938,179.668151855,-21.4223899841,-0.590696871281,-0.886256039143,97675.5554199,22.9799995422,-458.382232666,False
34.6,-0.413,-0.172,-0.227,0.38245935,0.73549875,13.0820711,11.9399995804,33.3622131348,0.299999982119,0.845414876938,179.668151855,-21.3970718384,-0.807097196579,-0.970607697964,97660.5163574,22.9799995422,-458.382232666,False
34.7,-0.417,-0.138,-0.227,0.20593965,0.85317855,12.8074849,9.14999961853,33.3622131348,-0.140000000596,0.845414876938,179.668151855,-21.2522373199,-1.50897657871,-1.25918471813,97660.5163574,22.7299995422,-459.979431152,False
34.800000000000004,-0.366,-0.093,-0.213,0.16671305,0.5295591,12.4348322,6.34999990463,24.5751876831,-0.659999966621,1.68866658211,-173.889190674,-21.1656513214,-1.84940636158,-1.39800405502,97670.8496094,22.7299995422,-459.979431152,False
34.9,-0.366,-0.093,-0.213,0.16671305,0.5295591,12.4348322,3.8599998951,24.5751876831,-1.16999995708,1.68866658211,-173.889190674,-21.0840759277,-2.08667874336,-1.51861989498,97670.8496094,22.5799999237,-456.73638916,False
35.0,-0.409,-0.048,-0.16,0.0392266,0.93163175,11.32668075,1.51999998093,24.5751876831,-1.78999996185,1.68866658211,-173.889190674,-20.9341888428,-2.47990322113,-1.65859436989,97660.6079102,22.3899993896,-456.73638916,False
35.1,-0.429,-0.057,-0.161,-0.04903325,0.14709975,10.01258965,-0.449999988079,18.5678806305,-2.36999988556,1.76408708096,-170.875259399,-20.7705631256,-2.80406498909,-1.74371397495,97660.7116699,22.1999988556,-447.01461792,False
35.2,-0.339,-0.063,-0.109,-0.0784532,0.50013915,10.3165958,-2.28999996185,18.5678806305,-2.92999982834,1.76408708096,-170.875259399,-20.665014267,-2.97681927681,-1.72776353359,97656.5979004,21.9899997711,-447.01461792,False
35.300000000000004,-0.339,-0.063,-0.109,-0.0784532,0.50013915,10.3165958,-3.89999985695,18.5678806305,-3.47000002861,1.76408708096,-170.875259399,-20.4871749878,-3.19995093346,-1.77842915058,97656.5979004,21.5799999237,-434.078613281,False
35.4,-0.435,-0.038,-0.066,-0.20593965,0.4511059,9.54187045,-6.42999982834,12.1689138412,-4.5499997139,2.23091816902,-168.892623901,-20.3210506439,-3.34130048752,-1.72993516922,97647.9064941,21.3699989319,-410.702880859,False
35.5,-0.378,-0.021,-0.047,-0.4314926,0.5099458,9.4732239,-7.34999990463,12.1689138412,-5.0499997139,2.23091816902,-168.892623901,-20.1776123047,-3.40205621719,-1.6662671566,97653.90625,21.1599998474,-410.702880859,False
35.6,-0.26,-0.01,-0.052,-0.4118793,0.53936575,9.9831697,-8.06999969482,12.1689138412,-5.55999994278,2.23091816902,-168.892623901,-20.0321903229,-3.43830728531,-1.66955757141,97645.3125,20.9599990845,-395.63293457,False
35.7,-0.374,0.06,-0.063,-0.5687857,0.20593965,8.433719,-8.07999992371,12.1689138412,-5.56999969482,2.23091816902,-168.892623901,-19.9189319611,-3.45470261574,-1.59617221355,97644.152832,20.9599990845,-395.63293457,False
35.800000000000004,-0.166,0.049,-0.034,-0.5491724,0.2941995,7.95319315,-8.6799993515,5.19696235657,-6.02999973297,1.9478648901,-167.924301147,-19.8058643341,-3.45257210732,-1.47253143787,97644.4763184,20.7700004578,-395.63293457,False
35.9,0.009,0.019,0.003,-0.6864655,0.34323275,8.5906254,-9.1799993515,5.19696235657,-6.39999961853,1.9478648901,-167.924301147,-19.6740379333,-3.44477057457,-1.31070542336,97639.0319824,20.4200000763,-375.484466553,False
36.0,-0.091,0.006,0.004,-0.59820565,0.42168595,8.36507245,-10.0100002289,5.19696235657,-6.98999977112,1.9478648901,-167.924301147,-19.5492095947,-3.43025565147,-1.15141761303,97639.0319824,20.2799987793,-349.35168457,False
36.1,-0.044,-0.012,0.002,-0.6276256,0.75511205,9.9243298,-10.0100002289,5.19696235657,-6.98999977112,1.9478648901,-167.924301147,-19.4187374115,-3.39160442352,-1.04361462593,97635.6689453,20.2799987793,-349.35168457,False
36.2,-0.212,0.036,-0.011,-0.55897905,0.588399,10.60098865,-10.3099994659,4.05318307877,-7.26999998093,1.56354999542,-168.066268921,-19.2924842834,-3.34966850281,-1.11403512955,97634.4909668,20.1599998474,-349.35168457,False
36.300000000000004,-0.293,0.067,-0.026,-0.5295591,0.4903325,9.7281968,-10.6199998856,4.05318307877,-7.66999959946,1.56354999542,-168.066268921,-19.1956501007,-3.30605745316,-1.14062070847,97631.3476562,20.0399990082,-323.892028809,False
36.4,-0.324,0.074,-0.028,-0.53936575,0.4511059,9.56148375,-10.8699998856,4.05318307877,-8.35999965668,1.56354999542,-168.066268921,-19.0344543457,-3.18119525909,-1.08328652382,97631.3476562,19.7799987793,-296.72869873,False
36.5,-0.239,0.087,-0.027,-0.57859235,0.392266,9.24767095,-10.7899999619,4.05318307877,-8.65999984741,1.56354999542,-168.066268921,-18.9319992065,-3.05903983116,-0.980257093906,97628.4179688,19.6599998474,-296.72869873,False
36.6,-0.216,0.084,-0.017,-0.4903325,0.3530394,8.93385815,-10.7899999619,-2.38142442703,-8.65999984741,-0.223930746317,-167.841918945,-18.8943767548,-3.00441098213,-0.913254141808,97628.4179688,19.5399990082,-272.952850342,False
36.7,-0.246,0.089,0.006,-0.6276256,0.48052585,8.7475318,-10.5599994659,-2.38142442703,-9.13999938965,-0.223930746317,-167.841918945,-18.8124809265,-2.85460591316,-0.762781143188,97626.1047363,19.4300003052,-272.952850342,False
36.800000000000004,-0.243,0.1,0.014,-0.50013915,0.42168595,8.8455983,-10.5599994659,-2.38142442703,-9.13999938965,-0.223930746317,-167.841918945,-18.7735996246,-2.73872280121,-0.661602020264,97624.9755859,19.4300003052,-272.952850342,False
36.9,-0.198,0.111,0.005,-0.588399,0.38245935,8.4729456,-10.2399997711,-2.38142442703,-9.34000015259,-0.223930746317,-167.841918945,-18.7283000946,-2.58889818192,-0.507861971855,97624.9755859,19.3400001526,-255.749694824,False
37.0,-0.09,0.115,-0.002,-0.55897905,-0.02941995,7.3942141,-9.86999988556,-6.42705154419,-9.48999977112,-2.33244180679,-167.993850708,-18.7018203735,-2.50155448914,-0.3136241436,97620.4040527,19.25,-255.749694824,False
37.1,-0.129,0.096,0.067,-0.7060788,0.0980665,7.0411747,-9.65999984741,-6.42705154419,-9.51999950409,-2.33244180679,-167.993850708,-18.6449756622,-2.3729403019,0.0319637991488,97621.5820312,19.1599998474,-242.220306396,False
37.2,-0.137,0.106,0.086,-0.53936575,0.0196133,6.65871535,-9.27999973297,-6.42705154419,-9.27999973297,-2.33244180679,-167.993850708,-18.6225566864,-2.29037499428,0.32389113307,97621.5820312,19.1599998474,-224.332427979,False
37.300000000000004,-0.023,0.078,0.089,-0.65704555,0.16671305,7.14904785,-9.27999973297,-6.42705154419,-9.27999973297,-2.33244180679,-167.993850708,-18.5969715118,-2.19132232666,0.579578876495,97623.1079102,19.1599998474,-224.332427979,False
37.4,-0.018,0.056,0.105,-0.6080123,0.22555295,7.84532,-8.96000003815,-7.91011047363,-9.03999996185,-4.99464845657,-169.470245361,-18.5824127197,-2.03776907921,0.872657895088,97618.3105469,19.1999988556,-224.332427979,False
37.5,-0.027,0.049,0.104,-0.50013915,0.26477955,7.99241975,-8.5999994278,-7.91011047363,-8.80000019073,-4.99464845657,-169.470245361,-18.5771179199,-1.86016571522,1.13739740849,97625.0671387,19.2700004578,-222.466278076,False
37.6,-0.038,0.042,0.088,-0.50013915,0.18632635,8.7279185,-8.14999961853,-7.91011047363,-8.48999977112,-4.99464845657,-169.470245361,-18.5919952393,-1.74641907215,1.25632870197,97625.0671387,19.3699989319,-222.466278076,False
37.7,-0.072,0.044,0.089,-0.53936575,0.2353596,8.7083052,-7.67999982834,-7.91011047363,-8.21000003815,-4.99464845657,-169.470245361,-18.6067256927,-1.59692049026,1.39493966103,97622.8271484,19.4699993134,-208.562286377,False
37.800000000000004,-0.149,0.021,0.093,-0.6080123,0.3530394,9.38496405,-7.15999984741,-7.91011047363,-7.89999961853,-4.99464845657,-169.470245361,-18.6351642609,-1.44155609608,1.49651193619,97623.7487793,19.5900001526,-208.562286377,False
37.9,-0.203,0.016,0.104,-0.51975245,0.18632635,8.1787461,-6.58999967575,-8.71112346649,-7.58999967575,-6.67407560349,-172.302688599,-18.6735515594,-1.23830723763,1.65057086945,97628.5461426,19.7299995422,-207.545089722,False
38.0,-0.103,0.026,0.097,-0.51975245,0.0392266,8.2571993,-5.92999982834,-8.71112346649,-7.23000001907,-6.67407560349,-172.302688599,-18.7031116486,-1.12018764019,1.81191205978,97630.2001953,19.8699989319,-207.545089722,False
38.1,0.057,0.021,0.098,-0.55897905,0.24516625,8.50236555,-5.2999997139,-8.71112346649,-6.7999997139,-6.67407560349,-172.302688599,-18.7434806824,-0.924390554428,2.03209996223,97634.0209961,20.1999988556,-200.444030762,False
38.2,0.102,0.012,0.111,-0.48052585,0.3138128,8.60043205,-4.65000009537,-8.71112346649,-6.30999994278,-6.67407560349,-172.302688599,-18.7730884552,-0.794727861881,2.16345739365,97634.0209961,20.1999988556,-200.444030762,False
38.300000000000004,0.116,-0.011,0.11,-0.32361945,0.14709975,8.9632781,-3.95999979973,-8.97753238678,-5.80999994278,-7.61931848526,-174.42805481,-18.8077106476,-0.673609614372,2.28968501091,97637.3168945,20.3999996185,-202.742584229,False
38.400000000000006,0.056,-0.04,0.12,-0.26477955,0.22555295,9.2967042,-3.28999996185,-8.97753238678,-5.27999973297,-7.61931848526,-174.42805481,-18.9034118652,-0.465754151344,2.41972756386,97636.114502,20.8199996948,-204.049102783,False
38.5,0.087,-0.052,0.119,-0.196133,0.3138128,10.0223963,-2.59999990463,-8.97753238678,-4.75999975204,-7.61931848526,-174.42805481,-18.9685745239,-0.308303833008,2.45631480217,97640.246582,20.8199996948,-204.049102783,False
38.6,0.087,-0.052,0.119,-0.196133,0.3138128,10.0223963,-1.84999990463,-6.50858211517,-4.25,-7.63523197174,-176.822555542,-19.0194816589,-0.215223625302,2.42578196526,97640.246582,21.0499992371,-204.049102783,False
38.7,0.088,-0.057,0.099,-0.2157463,0.61781895,11.07170785,-1.05999994278,-6.50858211517,-3.82999992371,-7.63523197174,-176.822555542,-19.1159934998,-0.0176107361913,2.3222990036,97648.9929199,21.2700004578,-215.953063965,False
38.800000000000004,0.007,-0.059,0.089,-0.0980665,0.5491724,11.11093445,-0.229999989271,-6.50858211517,-3.41999983788,-7.63523197174,-176.822555542,-19.1970729828,0.12563033402,2.24102258682,97651.8676758,21.4899997711,-215.953063965,False
38.900000000000006,0.007,-0.059,0.089,-0.0980665,0.5491724,11.11093445,1.35000002384,-4.23463249207,-2.6099998951,-6.91017866135,-179.071365356,-19.2990837097,0.362021178007,2.14911270142,97651.8676758,21.8899993896,-222.302246094,False
39.0,-0.003,-0.058,0.04,-0.1176798,0.51975245,10.5323421,1.35000002384,-4.23463249207,-2.6099998951,-6.91017866135,-179.071365356,-19.3285980225,0.415420055389,2.13942933083,97655.2429199,21.8899993896,-222.302246094,False
39.1,-0.013,-0.077,0.021,0.06864655,0.5491724,11.16977435,2.96000003815,-4.23463249207,-1.83999991417,-6.91017866135,-179.071365356,-19.3929023743,0.565399706364,2.06395244598,97662.5854492,22.2699985504,-238.975341797,False
39.2,0.013,-0.07,0.01,0.0392266,0.42168595,10.67944185,2.96000003815,-4.23463249207,-1.83999991417,-6.91017866135,-179.071365356,-19.4558124542,0.695981025696,1.98591458797,97662.5976562,22.2699985504,-238.975341797,False
39.300000000000004,0.073,-0.078,0.017,0.10787315,0.42168595,10.4342756,4.44999980927,-3.48736357689,-1.06999993324,-5.65830993652,179.789093018,-19.5309276581,0.859867930412,1.89554452896,97674.3713379,22.6299991608,-251.901428223,False
39.400000000000006,-0.053,-0.091,0.039,0.1765197,0.5295591,10.93441475,5.09999990463,-3.48736357689,-0.709999978542,-5.65830993652,179.789093018,-19.5731525421,0.952959001064,1.82646131516,97674.3713379,22.8099994659,-264.409637451,False
39.5,-0.053,-0.091,0.039,0.1765197,0.5295591,10.93441475,5.09999990463,-3.48736357689,-0.709999978542,-5.65830993652,179.789093018,-19.586648941,0.981797039509,1.80491495132,97670.904541,22.9799995422,-264.409637451,False
39.6,0.036,-0.098,0.029,0.18632635,0.26477955,11.36590735,6.58999967575,-2.42156076431,-0.0399999991059,-3.80146932602,178.769393921,-19.6671390533,1.19561803341,1.59359931946,97674.2614746,23.1399993896,-268.934631348,False
39.7,0.09,-0.099,0.03,0.2941995,0.44129925,11.5130071,6.58999967575,-2.42156076431,-0.0399999991059,-3.80146932602,178.769393921,-19.6975784302,1.27922308445,1.49031352997,97681.3659668,23.1399993896,-268.934631348,False
39.800000000000004,0.11,-0.096,0.037,0.22555295,0.65704555,11.5326204,7.32999992371,-2.42156076431,0.229999989271,-3.80146932602,178.769393921,-19.7171287537,1.32698369026,1.38469254971,97681.3659668,23.2899990082,-268.934631348,False
39.900000000000006,0.126,-0.099,0.011,0.3334261,0.36284605,11.4149406,8.06999969482,-2.42156076431,0.469999998808,-3.80146932602,178.769393921,-19.756105423,1.43302381039,1.23140156269,97683.2092285,23.5499992371,-283.960144043,False
40.0,0.238,-0.121,0.02,0.4903325,0.4511059,13.54298365,9.25,-2.42156076431,0.810000002384,-3.80146932602,178.769393921,-19.8035373688,1.49384140968,0.928611278534,97686.1938477,23.5499992371,-283.960144043,False
40.1,0.19,-0.107,0.035,0.63743225,0.53936575,13.4743371,9.25,1.73761117458,0.810000002384,-1.4104796648,177.722976685,-19.822271347,1.53160786629,0.725320756435,97686.1938477,23.6599998474,-256.40222168,False
40.2,0.157,-0.091,0.032,0.5491724,0.63743225,13.4743371,9.71000003815,1.73761117458,0.769999980927,-1.4104796648,177.722976685,-19.8473014832,1.55400168896,0.384736388922,97690.5578613,23.7399997711,-256.40222168,False
40.300000000000004,0.133,-0.08,0.018,0.59820565,0.59820565,12.9840046,10.0799999237,1.73761117458,0.669999957085,-1.4104796648,177.722976685,-19.8534183502,1.55801653862,0.0557691678405,97690.5578613,23.7799987793,-265.245819092,False
40.400000000000006,0.133,-0.08,0.018,0.59820565,0.59820565,12.9840046,10.3099994659,1.73761117458,0.489999979734,-1.4104796648,177.722976685,-19.855304718,1.52769184113,-0.257033109665,97690.5578613,23.7899990082,-265.245819092,False
40.5,0.109,-0.081,-0.027,0.42168595,0.55897905,11.4149406,10.7600002289,1.73761117458,0.340000003576,-1.4104796648,177.722976685,-19.8375854492,1.51878392696,-0.360202610493,97687.8234863,23.7799987793,-268.494995117,False
40.6,0.102,-0.066,-0.035,0.2549729,0.77472535,11.30706745,10.9399995804,6.47111654282,0.0299999993294,0.74550396204,177.151977539,-19.8095169067,1.46060848236,-0.523585319519,97687.8234863,23.6999988556,-274.438476562,False
40.7,0.137,-0.035,-0.047,0.38245935,0.7453054,11.26784085,12.6899995804,6.47111654282,-0.159999996424,0.74550396204,177.151977539,-19.7781486511,1.4055711031,-0.654400110245,97687.7075195,23.6399993896,-274.438476562,False
40.800000000000004,0.151,-0.017,-0.048,0.2745862,0.89240515,11.07170785,12.6899995804,6.47111654282,-0.159999996424,0.74550396204,177.151977539,-19.7429084778,1.33508181572,-0.77334612608,97685.4919434,23.5699996948,-270.600891113,False
40.900000000000006,0.186,-0.013,-0.069,0.42168595,0.65704555,10.787315,15.2699995041,6.47111654282,-0.370000004768,0.74550396204,177.151977539,-19.7139377594,1.27000415325,-0.838819265366,97689.1296387,23.5699996948,-270.600891113,False
41.0,0.273,-0.02,-0.07,0.3726527,0.8041453,10.9442214,15.2699995041,9.99136161804,-0.589999973774,1.19562900066,178.123931885,-19.6799678802,1.16904175282,-0.912988066673,97686.8713379,23.5,-271.600921631,False
41.1,0.179,-0.019,-0.093,0.24516625,0.6080123,10.3558224,17.6299991608,9.99136161804,-0.810000002384,1.19562900066,178.123931885,-19.6455421448,1.0637229681,-0.999658167362,97686.8713379,23.4099998474,-264.720733643,False
41.2,0.042,-0.005,-0.102,0.30400615,0.6472389,9.77723005,17.4699993134,9.99136161804,-1.06999993324,1.19562900066,178.123931885,-19.6165218353,0.934200406075,-0.973838090897,97683.215332,23.3199996948,-263.720703125,False
41.300000000000004,-0.086,-0.003,-0.109,0.2157463,0.32361945,8.825985,17.2999992371,9.99136161804,-1.25999999046,1.19562900066,178.123931885,-19.5702781677,0.737717986107,-0.828304946423,97682.5683594,23.1399993896,-262.987335205,False
41.400000000000006,0.153,-0.001,-0.113,0.1765197,0.51975245,8.87501825,23.4699993134,9.99136161804,-1.37999999523,1.19562900066,178.123931885,-19.5361480713,0.604579091072,-0.685478746891,97680.8105469,23.1399993896,-262.987335205,False
41.5,0.236,-0.007,-0.106,0.08825985,0.4707192,9.18883105,23.5299987793,14.0182991028,-1.41999995708,0.732536196709,-179.348602295,-19.5118865967,0.493035256863,-0.629834294319,97680.8105469,23.0699996948,-262.38671875,False
41.6,0.238,-0.002,-0.09,0.1569064,0.2157463,9.14960445,25.1899986267,14.0182991028,-1.43999993801,0.732536196709,-179.348602295,-19.4836845398,0.304597079754,-0.513750195503,97680.1391602,23.0100002289,-262.38671875,False
41.7,0.25,-0.017,-0.064,0.0196133,0.44129925,9.1986377,31.1799983978,14.0182991028,-1.37000000477,0.732536196709,-179.348602295,-19.425359726,-0.056178368628,-0.306498318911,97678.3569336,22.9399986267,-258.295837402,False
41.800000000000004,0.242,-0.023,-0.076,0.0980665,0.4118793,9.2574776,31.1599998474,18.7164573669,-1.29999995232,0.434982955456,-178.131378174,-19.3962459564,-0.25024408102,-0.213024333119,97681.2927246,22.9300003052,-251.628692627,False
41.900000000000006,0.232,-0.024,-0.088,0.0784532,0.4511059,9.52225715,31.1599998474,18.7164573669,-1.27999997139,0.434982955456,-178.131378174,-19.3703594208,-0.397963553667,-0.153315648437,97681.2927246,22.9300003052,-251.628692627,False
42.0,0.224,-0.007,-0.117,0.04903325,0.71588545,9.11037785,31.0100002289,18.7164573669,-1.17999994755,0.434982955456,-178.131378174,-19.3406677246,-0.669089376926,-0.0402356348932,97677.6611328,22.9300003052,-251.628692627,False
42.1,0.185,0.019,-0.135,0.2157463,1.0002783,9.1986377,33.75,18.7164573669,-1.04999995232,0.434982955456,-178.131378174,-19.3070869446,-0.947344064713,0.0722752511501,97677.6611328,22.9399986267,-253.050415039,False
42.2,0.13,-2.11863896252e-17,-0.173,0.2745862,0.91201845,9.0613446,33.6499977112,18.7164573669,-0.899999976158,0.434982955456,-178.131378174,-19.2895240784,-1.23041534424,0.201312437654,97680.5664062,22.9599990845,-253.050415039,False
42.300000000000004,0.142,-0.01,-0.194,0.3726527,0.6864655,9.16921775,33.5200004578,24.5233306885,-0.709999978542,-0.612109661102,-175.695648193,-19.2805709839,-1.58949220181,0.367386937141,97676.2573242,22.9899997711,-257.483856201,False
42.400000000000006,0.191,-0.023,-0.203,0.3334261,0.8041453,9.12999115,37.469997406,24.5233306885,-0.489999979734,-0.612109661102,-175.695648193,-19.2739162445,-1.84615516663,0.475494146347,97676.2573242,23.0299987793,-257.483856201,False
42.5,0.268,-0.055,-0.231,0.44129925,0.7256921,8.9044382,41.8499984741,24.5233306885,0.0999999940395,-0.612109661102,-175.695648193,-19.2655105591,-2.32622909546,0.723268151283,97676.5930176,23.1599998474,-261.061859131,False
42.6,0.268,-0.055,-0.231,0.44129925,0.7256921,8.9044382,41.8400001526,24.5233306885,0.119999997318,-0.612109661102,-175.695648193,-19.2509441376,-2.71344828606,0.875465929508,97676.5930176,23.25,-264.805236816,False
42.7,0.197,-0.109,-0.235,0.44129925,0.8237586,9.8654899,41.6399993896,30.3007888794,0.810000002384,-2.24380970001,-170.542922974,-19.2288970947,-3.14549612999,0.978446900845,97678.6865234,23.3500003815,-264.805236816,False
42.800000000000004,0.248,-0.139,-0.24,0.4314926,0.61781895,10.5127288,41.6399993896,30.3007888794,0.839999973774,-2.24380970001,-170.542922974,-19.1949615479,-3.55615234375,1.04113078117,97680.7861328,23.3500003815,-264.805236816,False
42.900000000000006,0.2,-0.178,-0.223,0.4707192,0.59820565,11.05209455,43.3600006104,30.3007888794,1.19999992847,-2.24380970001,-170.542922974,-19.1600551605,-3.95933842659,1.09895956516,97683.6853027,23.4599990845,-281.240478516,False
43.0,0.146,-0.145,-0.219,0.6864655,0.6864655,11.0030613,44.75,34.1969795227,1.56999993324,-2.30819582939,-166.309173584,-19.0974845886,-4.49508428574,1.14062929153,97683.6853027,23.5699996948,-281.240478516,False
43.1,0.168,-0.166,-0.224,0.59820565,0.97085835,10.9246081,44.75,34.1969795227,1.92999994755,-2.30819582939,-166.309173584,-19.0076274872,-5.18528795242,1.21227800846,97688.0737305,23.6899986267,-305.081359863,False
43.2,0.182,-0.189,-0.221,0.8041453,0.85317855,11.24822755,44.75,34.1969795227,2.30999994278,-2.30819582939,-166.309173584,-18.942609787,-5.63246011734,1.25467276573,97692.364502,23.8199996948,-305.081359863,False
43.300000000000004,0.12,-0.219,-0.248,0.89240515,0.81395195,11.66010685,44.75,37.4400901794,3.1099998951,-2.24615979195,-161.721221924,-18.7637710571,-6.63476371765,1.30615603924,97687.0544434,24.0900001526,-324.799163818,False
43.400000000000006,0.132,-0.239,-0.248,0.8629852,1.01008495,12.07198615,44.75,37.4400901794,3.11999988556,-2.24615979195,-161.721221924,-18.711359024,-6.89420795441,1.312520504,97694.0002441,24.0900001526,-324.799163818,False
43.5,0.073,-0.253,-0.27,0.97085835,1.10815145,12.60154525,44.7599983215,37.4400901794,3.87999987602,-2.24615979195,-161.721221924,-18.5194263458,-7.69156360626,1.29031825066,97699.2919922,24.3699989319,-339.303405762,False
43.6,0.036,-0.23,-0.297,1.1375714,1.0198916,12.67999845,44.7599983215,37.4400901794,3.87999987602,-2.24615979195,-161.721221924,-18.3791370392,-8.23347949982,1.26162874699,97699.2919922,24.3699989319,-339.303405762,False
43.7,0.067,-0.258,-0.318,1.1375714,1.2748645,12.748645,44.7599983215,40.2599372864,4.23999977112,-1.94057583809,-153.526275635,-18.1217308044,-9.08972549438,1.19336247444,97700.7141113,24.5199985504,-407.940093994,False
43.800000000000004,0.097,-0.278,-0.334,1.32389775,0.93163175,13.0036179,44.7599983215,40.2599372864,4.90999984741,-1.94057583809,-153.526275635,-17.7776546478,-10.0897026062,1.12949776649,97699.1394043,24.7799987793,-429.595184326,False
43.900000000000006,0.06,-0.287,-0.313,1.2552512,1.14737805,12.99381125,44.7599983215,40.2599372864,5.19999980927,-1.94057583809,-153.526275635,-17.5528259277,-10.6814088821,1.10033261776,97708.5205078,24.8999996185,-429.595184326,False
44.0,0.011,-0.309,-0.305,1.569064,1.01008495,13.8077632,44.7599983215,40.2599372864,5.5,-1.94057583809,-153.526275635,-17.2269992828,-11.4320716858,1.0299898386,97704.0710449,25.0100002289,-461.656768799,False
44.1,0.015,-0.326,-0.307,1.34351105,1.18660465,13.93524965,44.7599983215,42.1266822815,5.73000001907,-1.77054381371,-142.455841064,-16.8411121368,-12.1993379593,0.904981017113,97711.5905762,25.1199989319,-461.656768799,False
44.2,0.093,-0.332,-0.294,1.3533177,1.10815145,14.24906245,44.7700004578,42.1266822815,5.94000005722,-1.77054381371,-142.455841064,-16.2898769379,-13.1191930771,0.714180707932,97711.5905762,25.2099990845,-468.777282715,False
44.300000000000004,0.076,-0.358,-0.28,1.50041745,1.1179581,14.8276548,44.7700004578,42.1266822815,5.94999980927,-1.77054381371,-142.455841064,-15.9896154404,-13.6015558243,0.608036935329,97709.6679688,25.2099990845,-468.777282715,False
44.400000000000006,0.06,-0.315,-0.267,1.61809725,1.18660465,14.73939495,44.7700004578,42.1266822815,6.06999969482,-1.77054381371,-142.455841064,-15.5637760162,-14.2226858139,0.463957309723,97715.6311035,25.2799987793,-468.777282715,False
44.5,-0.07,-0.342,-0.271,1.57887065,1.2552512,14.38635555,44.7700004578,43.8295707703,6.15999984741,-0.673952519894,-134.124481201,-14.9001550674,-15.0694208145,0.286758303642,97708.3679199,25.3400001526,-491.273681641,False
44.6,-0.046,-0.34,-0.281,1.59848395,1.0983448,14.24906245,44.7700004578,43.8295707703,6.19999980927,-0.673952519894,-134.124481201,-14.4295024872,-15.634057045,0.172956287861,97708.3679199,25.3799991608,-491.273681641,False
44.7,0.019,-0.332,-0.273,1.79461695,1.10815145,13.89602305,44.7700004578,43.8295707703,6.26999998093,-0.673952519894,-134.124481201,-13.8478946686,-16.2653713226,0.0728328824043,97719.4458008,25.4099998474,-513.576904297,False
44.800000000000004,-0.035,-0.33,-0.281,1.44157755,1.01008495,13.64105015,44.7700004578,43.8295707703,6.26999998093,-0.673952519894,-134.124481201,-13.2136230469,-16.8772163391,-0.0332564935088,97713.3911133,25.4099998474,-513.576904297,False
44.900000000000006,-0.012,-0.331,-0.283,1.5102241,1.1964113,14.07254275,44.7700004578,43.7719917297,6.2999997139,0.606676101685,-123.848731995,-12.5596027374,-17.4387512207,-0.135548084974,97715.4968262,25.4099998474,-534.780700684,False
45.0,-0.034,-0.353,-0.289,1.5494507,1.04931155,14.0627361,44.7599983215,43.7719917297,6.23000001907,0.606676101685,-123.848731995,-11.5700378418,-18.177947998,-0.321332633495,97715.4968262,25.3799991608,-548.204589844,False
45.1,-0.048,-0.355,-0.285,1.53964405,0.95124505,14.6119085,44.75,43.7719917297,6.10999965668,0.606676101685,-123.848731995,-11.1134166718,-18.481754303,-0.3988083601,97718.3959961,25.3400001526,-548.204589844,False
45.2,0.034,-0.362,-0.261,1.42196425,0.89240515,14.81784815,44.7399978638,43.7719917297,6.11999988556,0.606676101685,-123.848731995,-10.2870607376,-18.9859848022,-0.553852140903,97710.9436035,25.3400001526,-548.204589844,False
45.300000000000004,0.004,-0.379,-0.234,1.34351105,1.176798,15.24934075,44.7099990845,43.7719917297,6.0,0.606676101685,-123.848731995,-9.25082111359,-19.4969959259,-0.764180958271,97717.7062988,25.2999992371,-561.598205566,False
45.400000000000006,-0.011,-0.375,-0.236,1.63771055,1.04931155,14.9453346,44.7000007629,44.6378135681,5.77999973297,2.77149343491,-111.718490601,-8.54306316376,-19.8212013245,-0.918178737164,97709.1918945,25.2299995422,-561.598205566,False
45.5,0.009,-0.357,-0.252,1.52003075,1.2356379,15.03359445,41.5699996948,44.6378135681,5.23000001907,2.77149343491,-111.718490601,-7.27776479721,-20.2690792084,-1.15549588203,97705.1086426,25.0399990082,-550.612426758,False
45.6,0.009,-0.357,-0.252,1.52003075,1.2356379,15.03359445,39.5,44.6378135681,4.88000011444,2.77149343491,-111.718490601,-6.51947450638,-20.4833202362,-1.31973326206,97705.1086426,24.9200000763,-552.667602539,False
45.7,-0.091,-0.342,-0.283,1.3140911,1.1964113,15.0237878,37.0999984741,44.6378135681,4.44000005722,2.77149343491,-111.718490601,-5.19878339767,-20.7744808197,-1.57485747337,97702.1362305,24.7699985504,-552.667602539,False
45.800000000000004,-0.115,-0.322,-0.302,1.1375714,1.20621795,13.925443,37.0999984741,44.6378135681,4.42999982834,2.77149343491,-111.718490601,-4.8468298912,-20.8482246399,-1.61753904819,97702.1362305,24.7699985504,-552.667602539,False
45.900000000000006,-0.265,-0.31,-0.299,1.2944778,1.1571847,13.7685366,32.1399993896,44.9403686523,3.51999998093,4.61412143707,-100.247802734,-3.44394993782,-20.9994220734,-1.8173366785,97711.895752,24.4300003052,-548.221008301,False
46.0,-0.334,-0.304,-0.306,1.0198916,1.20621795,15.15127425,32.1399993896,44.9403686523,3.49000000954,4.61412143707,-100.247802734,-3.07664203644,-21.0114364624,-1.90131723881,97697.2961426,24.4300003052,-548.221008301,False
46.1,-0.293,-0.24,-0.303,0.87279185,0.73549875,13.9058297,29.0999984741,44.9403686523,2.89999985695,4.61412143707,-100.247802734,-2.16728425026,-21.0131549835,-2.11270046234,97697.2961426,24.25,-543.538696289,False
46.2,-0.276,-0.22,-0.283,0.73549875,0.8433719,12.1014061,25.9300003052,44.9403686523,2.25999999046,4.61412143707,-100.247802734,-1.25395989418,-20.9695205688,-2.18698787689,97684.4970703,24.0299987793,-543.538696289,False
46.300000000000004,-0.337,-0.213,-0.268,0.4707192,1.1179581,12.9251647,20.109998703,39.4920730591,1.06999993324,4.79324436188,-90.337890625,-0.280118256807,-20.8201770782,-2.28100442886,97677.8808594,23.5699996948,-526.46862793,False
46.400000000000006,-0.362,-0.202,-0.279,0.4118793,0.9610517,13.03303785,20.109998703,39.4920730591,1.04999995232,4.79324436188,-90.337890625,0.000639012665488,-20.7682590485,-2.32791924477,97677.8808594,23.5699996948,-526.46862793,False
46.5,-0.405,-0.184,-0.281,0.36284605,0.65704555,12.5132854,16.8799991608,39.4920730591,0.359999984503,4.79324436188,-90.337890625,0.644868075848,-20.6011333466,-2.43467140198,97691.3208008,23.3299999237,-518.495361328,False
46.6,-0.415,-0.144,-0.247,0.1372931,1.0591182,12.552512,10.7600002289,39.4920730591,-1.10000002384,4.79324436188,-90.337890625,1.45849919319,-20.320728302,-2.59235191345,97683.0383301,22.7999992371,-487.570373535,False
46.7,-0.405,-0.119,-0.248,0.0392266,0.81395195,11.58165365,10.7600002289,31.5091285706,-1.13999998569,4.78785943985,-82.3683624268,1.92043626308,-20.1030921936,-2.63975667953,97676.385498,22.7999992371,-487.570373535,False
46.800000000000004,-0.35,-0.086,-0.235,-0.08825985,0.61781895,11.3364874,5.46000003815,31.5091285706,-2.58999991417,4.78785943985,-82.3683624268,2.19377326965,-19.9741287231,-2.65409088135,97671.0205078,22.2399997711,-458.358764648,False
46.900000000000006,-0.443,-0.04,-0.216,-0.0784532,0.5099458,9.9439431,3.29999995232,31.5091285706,-3.28999996185,4.78785943985,-82.3683624268,2.68419265747,-19.6609134674,-2.5976088047,97660.1745605,21.9599990845,-458.358764648,False
47.0,-0.397,-0.03,-0.202,-0.1569064,0.4314926,9.63993695,1.32999992371,31.5091285706,-3.94999980927,4.78785943985,-82.3683624268,2.96833086014,-19.4562492371,-2.49968957901,97660.168457,21.6800003052,-433.474151611,False
47.1,-0.386,-0.001,-0.173,-0.392266,0.6080123,8.2964259,-0.319999992847,23.2996807098,-4.53999996185,3.64924287796,-77.2593231201,3.16733813286,-19.2708721161,-2.30786728859,97647.277832,21.4099998474,-433.474151611,False
47.2,-0.34,0.014,-0.161,-0.26477955,0.69627215,8.4925589,-1.74000000954,23.2996807098,-5.06999969482,3.64924287796,-77.2593231201,3.35185837746,-19.0921669006,-2.13080120087,97642.7062988,21.1599998474,-404.945007324,False
47.300000000000004,-0.328,0.032,-0.166,-0.40207265,0.51975245,8.3748791,-3.07999992371,23.2996807098,-5.5499997139,3.64924287796,-77.2593231201,3.52090120316,-18.8888130188,-1.88999140263,97642.7062988,20.9200000763,-404.945007324,False
47.400000000000006,-0.419,0.082,-0.153,-0.50013915,0.7060788,7.6295737,-4.17999982834,23.2996807098,-5.96999979019,3.64924287796,-77.2593231201,3.58046126366,-18.7936401367,-1.74895584583,97638.5742188,20.7099990845,-382.134246826,False
47.5,-0.426,0.053,-0.16,-0.53936575,0.6276256,8.56120545,-4.17999982834,23.2996807098,-5.98000001907,3.64924287796,-77.2593231201,3.63643741608,-18.6940517426,-1.64009523392,97633.4960938,20.7099990845,-382.134246826,False
47.6,-0.406,0.078,-0.148,-0.5295591,0.4707192,8.5317855,-5.23000001907,23.2996807098,-6.38999986649,3.64924287796,-77.2593231201,3.74333763123,-18.5197868347,-1.47641825676,97633.8989258,20.5100002289,-382.134246826,False
47.7,-0.359,0.068,-0.138,-0.6864655,0.5687857,8.041453,-6.94999980927,12.0445775986,-7.11999988556,0.772339105606,-72.7640533447,3.80739355087,-18.3204288483,-1.19971299171,97633.8989258,20.1599998474,-354.789367676,False
47.800000000000004,-0.352,0.092,-0.122,-0.57859235,0.46091255,7.9433865,-7.58999967575,12.0445775986,-7.38999986649,0.772339105606,-72.7640533447,3.81851649284,-18.2310943604,-1.04002070427,97626.8981934,20.0100002289,-337.835693359,False
47.900000000000006,-0.357,0.069,-0.109,-0.63743225,0.4118793,7.8649333,-7.58999967575,12.0445775986,-7.39999961853,0.772339105606,-72.7640533447,3.81683444977,-18.1488704681,-0.877889871597,97626.8981934,20.0100002289,-337.835693359,False
48.0,-0.326,0.045,-0.086,-0.5687857,0.26477955,8.46313895,-8.65999984741,5.18683290482,-7.84999990463,-1.17794525623,-70.6257705688,3.79938983917,-18.0222377777,-0.687523663044,97625.2319336,19.7700004578,-322.167785645,False
48.1,-0.177,0.042,-0.045,-0.59820565,0.18632635,9.20844435,-9.11999988556,5.18683290482,-8.06999969482,-1.17794525623,-70.6257705688,3.78071093559,-17.9589138031,-0.614041209221,97625.2319336,19.6700000763,-322.167785645,False
48.2,-0.143,0.006,-0.016,-0.588399,0.1372931,9.1005712,-9.11999988556,5.18683290482,-8.06999969482,-1.17794525623,-70.6257705688,3.76070713997,-17.9012584686,-0.541020095348,97621.7224121,19.6700000763,-322.167785645,False
48.300000000000004,-0.147,0.042,0.021,-0.6276256,0.26477955,9.2770909,-9.92000007629,5.18683290482,-8.48999977112,-1.17794525623,-70.6257705688,3.72371888161,-17.8318462372,-0.437768280506,97621.7224121,19.4899997711,-308.13961792,False
48.400000000000006,-0.223,0.039,0.043,-0.6080123,0.24516625,9.56148375,-10.2100000381,5.18683290482,-8.69999980927,-1.17794525623,-70.6257705688,3.67168569565,-17.7817516327,-0.387778043747,97622.7722168,19.4099998474,-280.334289551,False
48.5,-0.184,0.039,0.058,-0.588399,0.30400615,8.8652116,-10.3299999237,0.112816393375,-8.88999938965,-2.43684101105,-70.5912094116,3.59869813919,-17.7348575592,-0.301357507706,97615.2893066,19.3400001526,-280.334289551,False
48.6,-0.222,0.037,0.052,-0.69627215,0.51975245,8.58081875,-10.3800001144,0.112816393375,-9.03999996185,-2.43684101105,-70.5912094116,3.50435018539,-17.6969776154,-0.181313425303,97617.4438477,19.2799987793,-274.036407471,False
48.7,-0.244,0.026,0.04,-0.59820565,0.34323275,9.07115125,-10.3699998856,0.112816393375,-9.03999996185,-2.43684101105,-70.5912094116,3.41316604614,-17.6746997833,-0.113401815295,97617.4438477,19.2799987793,-274.036407471,False
48.800000000000004,-0.245,0.034,0.028,-0.6668522,0.5687857,9.40457735,-10.3199996948,-3.41674375534,-9.1799993515,-3.09667491913,-71.6537704468,3.28504610062,-17.656042099,-0.046500582248,97617.6879883,19.2199993134,-274.036407471,False
48.900000000000006,-0.205,0.012,0.024,-0.6668522,0.59820565,9.30651085,-9.80999946594,-3.41674375534,-9.46000003815,-3.09667491913,-71.6537704468,3.09209895134,-17.642332077,0.0253153461963,97619.53125,19.1299991608,-257.980926514,False
49.0,-0.155,0.043,-0.004,-0.61781895,0.42168595,9.26728425,-9.42000007629,-3.41674375534,-9.55999946594,-3.09667491913,-71.6537704468,2.96707940102,-17.642370224,0.103360630572,97619.2016602,19.1000003815,-250.700759888,False
49.1,-0.112,0.039,-0.004,-0.67665885,0.3530394,9.20844435,-8.97999954224,-6.15690135956,-9.61999988556,-3.71009993553,-72.0503616333,2.76490283012,-17.6328697205,0.222897648811,97614.7766113,19.0699996948,-250.700759888,False
49.2,-0.03,0.047,0.008,-0.7453054,0.392266,9.2378643,-8.5999994278,-6.15690135956,-9.67000007629,-3.71009993553,-72.0503616333,2.61061143875,-17.6341114044,0.317657977343,97614.7766113,19.0599994659,-242.654602051,False
49.300000000000004,0.061,0.071,0.019,-0.71588545,0.32361945,9.05153795,-8.59000015259,-6.15690135956,-9.67000007629,-3.71009993553,-72.0503616333,2.51832509041,-17.6354827881,0.372064352036,97617.6391602,19.0599994659,-242.654602051,False
49.400000000000006,-0.007,0.106,0.045,-0.7060788,0.4118793,8.6690786,-8.13999938965,-6.15690135956,-9.68999958038,-3.71009993553,-72.0503616333,2.41600203514,-17.6457309723,0.461087554693,97619.5922852,19.0599994659,-242.654602051,False
49.5,-0.091,0.072,0.069,-0.7453054,0.51975245,8.2964259,-7.3799996376,-6.18603134155,-9.55999946594,-5.5911564827,-72.701423645,2.1591489315,-17.6597042084,0.744666457176,97616.40625,19.0900001526,-235.830871582,False
49.6,-0.104,0.088,0.067,-0.57859235,0.196133,8.5317855,-7.3799996376,-6.18603134155,-9.55999946594,-5.5911564827,-72.701423645,2.10722351074,-17.6698760986,0.807080805302,97618.2739258,19.0900001526,-235.830871582,False
49.7,-0.045,0.085,0.067,-0.71588545,0.12748645,8.44352565,-6.55999994278,-6.18603134155,-9.26000022888,-5.5911564827,-72.701423645,1.97350513935,-17.6846351624,0.976268231869,97622.7233887,19.1999988556,-146.688262939,False
49.800000000000004,0.017,0.056,0.09,-0.6864655,0.02941995,8.26700595,-6.55999994278,-6.18603134155,-9.26000022888,-5.5911564827,-72.701423645,1.82308077812,-17.7084197998,1.16668093204,97619.5678711,19.1999988556,-146.688262939,False
49.900000000000006,0.06,0.028,0.099,-0.7649187,0.1765197,8.30623255,-5.83999967575,-6.86702871323,-8.75,-7.57281255722,-74.4333267212,1.66295051575,-17.7464809418,1.41146063805,97619.5678711,19.3699989319,-149.21206665,False
50.0,0.051,-0.004,0.107,-0.6080123,0.08825985,8.5121722,-5.52999973297,-6.86702871323,-8.43999958038,-7.57281255722,-74.4333267212,1.59275949001,-17.7615604401,1.50272059441,97623.046875,19.3699989319,-149.21206665,False
50.1,0.078,0.015,0.098,-0.5687857,0.20593965,8.79656505,-5.52999973297,-6.86702871323,-8.43999958038,-7.57281255722,-74.4333267212,1.49961137772,-17.7853927612,1.59436905384,97623.046875,19.4899997711,-146.036911011,False
50.2,-0.03,0.032,0.102,-0.6080123,0.2157463,8.629852,-5.13999986649,-6.86702871323,-8.11999988556,-7.57281255722,-74.4333267212,1.39358198643,-17.8261394501,1.71722054482,97626.2573242,19.6199989319,-146.036911011,False
50.300000000000004,-0.027,-0.001,0.097,-0.6668522,0.3138128,8.91424485,-4.46000003815,-5.0818195343,-7.35999965668,-8.33071517944,-76.9834518433,1.22316658497,-17.8892269135,1.9269862175,97626.7089844,19.9300003052,-151.938247681,False
50.400000000000006,-0.015,-0.023,0.093,-0.6080123,0.3334261,9.1201845,-4.46000003815,-5.0818195343,-7.35999965668,-8.33071517944,-76.9834518433,1.15472650528,-17.9132137299,1.97425830364,97632.6782227,19.9300003052,-151.938247681,False
50.5,-0.056,-0.039,0.088,-0.55897905,0.30400615,9.65955025,-3.66999983788,-5.0818195343,-6.5499997139,-8.33071517944,-76.9834518433,1.01978468895,-17.9772529602,2.05968570709,97638.067627,20.2799987793,-156.713684082,False
50.6,-0.203,-0.064,0.091,-0.5295591,0.51975245,10.4538889,-3.19999980927,-5.0818195343,-6.15000009537,-8.33071517944,-76.9834518433,0.882378935814,-18.0386390686,2.04490566254,97636.5783691,20.4699993134,-118.958282471,False
50.7,-0.191,-0.025,0.069,-0.5295591,0.59820565,10.65982855,-2.50999999046,-5.90146064758,-5.7999997139,-7.95954799652,-79.8074111938,0.728401184082,-18.118686676,1.99657952785,97639.4226074,20.6499996185,-118.958282471,False
50.800000000000004,-0.166,-0.014,0.054,-0.59820565,0.53936575,10.002783,-1.7199999094,-5.90146064758,-5.44000005722,-7.95954799652,-79.8074111938,0.519578516483,-18.2001247406,1.99410581589,97639.4226074,20.8299999237,-128.770263672,False
50.900000000000006,-0.032,-0.025,0.028,-0.46091255,0.3726527,9.60071035,-0.899999976158,-5.90146064758,-5.01999998093,-7.95954799652,-79.8074111938,0.355293661356,-18.2637615204,2.06839251518,97644.909668,21.0100002289,-128.770263672,False
51.0,0.053,-0.003,0.02,-0.4314926,0.196133,9.30651085,-0.899999976158,-5.90146064758,-5.01999998093,-7.95954799652,-79.8074111938,0.324659705162,-18.2787380219,2.06963539124,97647.088623,21.0100002289,-128.770263672,False
51.1,0.095,-0.064,0.043,-0.3530394,0.22555295,10.48330885,-0.170000001788,-6.74220180511,-4.58999967575,-7.78036260605,-81.1355667114,0.12141058594,-18.3646373749,2.12035441399,97647.9797363,21.1899986267,-144.141204834,False
51.2,0.152,-0.072,0.067,-0.26477955,0.196133,10.9638347,0.569999992847,-6.74220180511,-4.15999984741,-7.78036260605,-81.1355667114,0.0111992126331,-18.4313163757,2.0502178669,97655.3833008,21.3799991608,-144.141204834,False
51.300000000000004,0.133,-0.049,0.094,-0.2353596,0.20593965,10.9442214,1.93999993801,-6.74220180511,-3.46000003815,-7.78036260605,-81.1355667114,-0.17881038785,-18.5508213043,1.90716862679,97655.3833008,21.7600002289,-152.855682373,False
51.400000000000006,0.115,-0.087,0.109,-0.3530394,0.2745862,10.591182,2.51999998093,-3.65335893631,-3.1099998951,-6.68832921982,-83.0316772461,-0.277110844851,-18.6121082306,1.84772026539,97662.1643066,21.9300003052,-169.685180664,False
51.5,0.127,-0.107,0.11,-0.30400615,0.32361945,11.2580342,3.08999991417,-3.65335893631,-2.78999996185,-6.68832921982,-83.0316772461,-0.370227992535,-18.6770076752,1.72972607613,97663.671875,22.109998703,-169.685180664,False
51.6,0.102,-0.121,0.115,-0.2353596,0.5099458,12.0033396,3.63999986649,-3.65335893631,-2.53999996185,-6.68832921982,-83.0316772461,-0.427802830935,-18.7151241302,1.61858642101,97666.1865234,22.2699985504,-178.148269653,False
51.7,0.04,-0.123,0.1,-0.24516625,0.63743225,11.6503002,4.26999998093,-3.65335893631,-2.31999993324,-6.68832921982,-83.0316772461,-0.54924094677,-18.7766876221,1.41571211815,97669.4580078,22.4200000763,-178.148269653,False
51.800000000000004,0.056,-0.104,0.07,-0.0392266,0.5687857,11.60126695,4.27999973297,-3.65335893631,-2.31999993324,-6.68832921982,-83.0316772461,-0.627685844898,-18.8110618591,1.29799056053,97674.1882324,22.4200000763,-178.148269653,False
51.900000000000006,0.042,-0.116,0.05,-0.14709975,0.6080123,12.05237285,4.88999986649,-0.591838300228,-2.1099998951,-4.06374931335,-86.1421508789,-0.6918156147,-18.836271286,1.14993274212,97674.1882324,22.5499992371,-145.014953613,False
52.0,0.077,-0.086,0.024,-0.0980665,0.5295591,11.7091401,5.44999980927,-0.591838300228,-1.97999989986,-4.06374931335,-86.1421508789,-0.781172633171,-18.8645763397,0.949240148067,97673.8464355,22.6599998474,-145.014953613,False
52.1,0.068,-0.067,0.021,-0.1765197,0.7256921,11.1403544,6.55999994278,-0.591838300228,-1.76999998093,-4.06374931335,-86.1421508789,-0.880540966988,-18.8708457947,0.752585291862,97671.7468262,22.8400001526,-154.200927734,False
52.2,0.075,-0.066,-0.01,-0.1372931,0.4511059,11.1991943,6.55999994278,-0.591838300228,-1.76999998093,-4.06374931335,-86.1421508789,-0.911699652672,-18.8683242798,0.678783357143,97682.5744629,22.8400001526,-154.200927734,False
52.300000000000004,0.047,-0.077,-0.003,-0.12748645,0.4903325,11.46397385,7.40999984741,1.45621943474,-1.63999998569,-2.24729609489,-86.8856048584,-0.971293509007,-18.8428649902,0.480850845575,97675.7141113,22.9699993134,-155.69934082,False
52.400000000000006,0.05,-0.077,0.003,-0.0588399,0.3138128,11.34629405,7.66999959946,1.45621943474,-1.61000001431,-2.24729609489,-86.8856048584,-1.00593161583,-18.811498642,0.329673886299,97680.9020996,23.0199985504,-157.983779907,False
52.5,0.101,-0.069,0.015,-0.00980665,0.51975245,10.89518815,8.01999950409,1.45621943474,-1.59999990463,-2.24729609489,-86.8856048584,-1.01765573025,-18.7764644623,0.227874204516,97681.6955566,23.0599994659,-157.983779907,False
52.6,0.151,-0.063,0.01,-0.0392266,0.4118793,10.48330885,8.23999977112,1.45621943474,-1.56999993324,-2.24729609489,-86.8856048584,-1.02889108658,-18.7406234741,0.190319776535,97680.4199219,23.0799999237,-158.268356323,False
52.7,0.103,-0.05,0.008,-0.20593965,0.588399,10.2381426,8.23999977112,1.45621943474,-1.56999993324,-2.24729609489,-86.8856048584,-1.03647315502,-18.707201004,0.175171837211,97680.279541,23.0799999237,-158.268356323,False
52.800000000000004,0.088,-0.033,-0.005,-0.1372931,0.5687857,10.5323421,8.47000026703,4.24543571472,-1.50999999046,-0.616460204124,-87.3580474854,-1.02432572842,-18.6746788025,0.145644366741,97677.9174805,23.109998703,-158.268356323,False
52.900000000000006,0.08,-0.018,-0.012,-0.0392266,0.7060788,10.395049,8.72000026703,4.24543571472,-1.41999995708,-0.616460204124,-87.3580474854,-0.99904614687,-18.6116104126,0.0776388421655,97677.9174805,23.1599998474,-153.350646973,False
53.0,0.071,-0.019,-0.027,-0.08825985,0.5687857,10.34601575,8.72000026703,4.24543571472,-1.41999995708,-0.616460204124,-87.3580474854,-0.994806647301,-18.5906791687,0.0648754611611,97680.3588867,23.1599998474,-153.350646973,False
53.1,0.061,-0.019,-0.031,0.0,0.61781895,9.75761675,8.73999977112,6.39858007431,-1.36000001431,-0.122332528234,-87.2166595459,-0.957609057426,-18.5494480133,0.0437958464026,97683.4533691,23.1899986267,-94.6418762207,False
53.2,0.038,-0.031,-0.043,0.12748645,0.50013915,9.69877685,8.73999977112,6.39858007431,-1.36000001431,-0.122332528234,-87.2166595459,-0.921342372894,-18.5071392059,0.0718429163098,97683.4533691,23.1899986267,-94.6418762207,False
53.300000000000004,0.038,-0.031,-0.043,0.12748645,0.50013915,9.69877685,8.73999977112,6.39858007431,-1.28999996185,-0.122332528234,-87.2166595459,-0.852523684502,-18.4430141449,0.0820450484753,97683.4533691,23.1999988556,-93.8282012939,False
53.400000000000006,0.035,-0.034,-0.042,0.02941995,0.59820565,10.2577559,8.61999988556,6.39858007431,-1.22000002861,-0.122332528234,-87.2166595459,-0.816411972046,-18.4176597595,0.064544595778,97679.7058105,23.2199993134,-93.8282012939,False
53.5,0.0,-0.032,-0.042,0.1765197,0.40207265,10.4931155,8.27999973297,7.739382267,-1.16999995708,0.394282609224,-86.5176544189,-0.715758860111,-18.3602294922,0.00903981737792,97679.4372559,23.25,-89.4348144531,False
53.6,-0.004,0.002,-0.033,0.16671305,0.63743225,10.1596894,8.27999973297,7.739382267,-1.16999995708,0.394282609224,-86.5176544189,-0.677972793579,-18.3469238281,-0.00773031823337,97682.9528809,23.25,-89.4348144531,False
53.7,-0.029,0.04,-0.029,0.22555295,0.5099458,10.01258965,8.06999969482,7.739382267,-1.15999996662,0.394282609224,-86.5176544189,-0.618933141232,-18.3106899261,-0.0210075695068,97684.4665527,23.2600002289,-81.5549850464,False
53.800000000000004,-0.03,0.019,-0.033,0.0784532,0.57859235,9.7674234,7.84999990463,7.739382267,-1.13999998569,0.394282609224,-86.5176544189,-0.546520709991,-18.2855567932,0.00665582390502,97683.2641602,23.2600002289,-81.5549850464,False
53.900000000000006,-0.034,0.042,-0.037,0.06864655,0.73549875,9.62032365,7.5,7.82977437973,-1.02999997139,0.00218416634016,-86.098236084,-0.479339808226,-18.2573795319,0.0536220483482,97683.2641602,23.2799987793,-76.4827728271,False
54.0,-0.028,0.037,-0.044,0.14709975,0.7256921,9.414384,7.5,7.82977437973,-1.02999997139,0.00218416634016,-86.098236084,-0.46580144763,-18.2462368011,0.0773362666368,97684.3322754,23.2799987793,-76.4827728271,False
54.1,-0.015,0.011,-0.057,0.0588399,0.5491724,9.6301303,7.41999959946,7.82977437973,-0.939999997616,0.00218416634016,-86.098236084,-0.408989220858,-18.2355575562,0.140418857336,97680.9814453,23.2899990082,-73.9664077759,False
54.2,-0.016,0.026,-0.061,0.1765197,0.5491724,9.24767095,7.23999977112,7.82977437973,-0.839999973774,0.00218416634016,-86.098236084,-0.36363953352,-18.2212142944,0.197488233447,97684.2468262,23.3400001526,-67.9677963257,False
54.300000000000004,-0.021,-0.014,-0.057,0.0784532,0.40207265,9.69877685,6.90999984741,7.73633909225,-0.569999992847,-0.945627629757,-85.1340560913,-0.298017650843,-18.2118644714,0.274874359369,97681.8725586,23.3799991608,-67.9677963257,False
54.400000000000006,-0.03,0.063,-0.04,0.20593965,0.53936575,9.5320638,6.90999984741,7.73633909225,-0.569999992847,-0.945627629757,-85.1340560913,-0.270824939013,-18.209236145,0.297477632761,97681.8725586,23.3799991608,-67.9677963257,False
54.5,-0.043,0.054,-0.045,0.0196133,0.4707192,9.3751574,6.46000003815,7.73633909225,-0.280000001192,-0.945627629757,-85.1340560913,-0.179415464401,-18.2102127075,0.388438135386,97679.1748047,23.4599990845,-70.0174331665,False
54.6,-0.057,-0.013,-0.032,0.196133,0.6864655,9.30651085,6.46000003815,7.73633909225,-0.280000001192,-0.945627629757,-85.1340560913,-0.159903094172,-18.2166900635,0.42572465539,97686.6394043,23.4599990845,-70.0174331665,False
54.7,-0.039,-0.043,-0.03,0.2549729,0.51975245,9.99297635,6.28999996185,7.40857982635,-0.0999999940395,-1.45096766949,-84.5091247559,-0.117992326617,-18.2241134644,0.435107916594,97683.7646484,23.5100002289,-74.1283416748,False
54.800000000000004,-0.042,-0.068,-0.028,0.3334261,0.50013915,10.198916,6.0499997139,7.40857982635,0.0299999993294,-1.45096766949,-84.5091247559,-0.0630705058575,-18.2363586426,0.432499200106,97686.1083984,23.5599994659,-74.1283416748,False
54.900000000000006,-0.063,-0.058,-0.029,0.1569064,0.48052585,10.787315,5.52999973297,6.90689706802,0.280000001192,-0.636417627335,-84.0164413452,0.0278835892677,-18.2421741486,0.352034419775,97687.8723145,23.6599998474,-70.0580596924,False
55.0,-0.065,-0.056,-0.028,0.20593965,0.53936575,10.81673495,5.25999975204,6.90689706802,0.359999984503,-0.636417627335,-84.0164413452,0.0741885229945,-18.2469482422,0.278699040413,97687.8723145,23.7099990845,26.4054298401,False
55.1,-0.064,-0.055,-0.029,0.28439285,0.4511059,10.8853815,5.06999969482,6.90689706802,0.419999986887,-0.636417627335,-84.0164413452,0.113262176514,-18.2457714081,0.209633380175,97686.6210938,23.7399997711,26.4054298401,False
55.2,-0.064,-0.06,-0.015,0.30400615,0.61781895,11.2188076,4.86999988556,6.90689706802,0.42999997735,-0.636417627335,-84.0164413452,0.151792496443,-18.2442779541,0.119057223201,97687.7380371,23.7399997711,26.4054298401,False
55.300000000000004,-0.068,-0.075,-0.017,0.22555295,0.46091255,11.48358715,4.86999988556,6.90689706802,0.42999997735,-0.636417627335,-84.0164413452,0.170642003417,-18.244134903,0.0428438447416,97687.7380371,23.7699985504,27.2469520569,False
55.400000000000006,-0.082,-0.056,-0.007,0.2941995,0.55897905,11.07170785,4.56999969482,5.57417917252,0.329999983311,0.758938729763,-83.5644302368,0.210546642542,-18.2217960358,-0.146894812584,97685.0830078,23.7799987793,26.5204429626,False
55.5,-0.043,-0.044,-0.002,0.2353596,0.61781895,10.9246081,4.42999982834,5.57417917252,0.259999990463,0.758938729763,-83.5644302368,0.237804248929,-18.2064037323,-0.258243829012,97685.0830078,23.7600002289,26.5204429626,False
55.6,-0.061,-0.038,-0.014,0.2941995,0.91201845,10.36562905,4.40999984741,5.57417917252,0.170000001788,0.758938729763,-83.5644302368,0.251510739326,-18.2015075684,-0.276148855686,97688.9953613,23.7399997711,25.3345489502,True
55.7,-0.079,-0.045,-0.284,0.16671305,0.980665,10.8069283,4.63000011444,5.57417917252,0.070000000298,0.758938729763,-83.5644302368,0.195475190878,-18.1656742096,-0.385994791985,97688.9953613,23.6999988556,25.3345489502,True
55.800000000000004,0.116,-0.036,-0.768,0.26477955,0.06864655,10.787315,4.52999973297,5.27179145813,-0.0399999991059,1.23732924461,-78.8666915894,0.223407968879,-18.1413440704,-0.446529507637,97682.0129395,23.6599998474,33.1280708313,True
55.900000000000006,0.297,-0.01,-0.925,0.2157463,-0.9610517,10.8853815,4.52999973297,5.27179145813,-0.0399999991059,1.23732924461,-78.8666915894,0.424902677536,-18.060213089,-0.538396179676,97682.0129395,23.6199989319,33.1280708313,True
56.0,0.506,0.069,-0.905,0.51975245,-2.157463,10.67944185,3.75999999046,5.27179145813,-0.149999991059,1.23732924461,-78.8666915894,0.618040263653,-17.991985321,-0.575235843658,97687.9760742,23.6199989319,33.1280708313,True
56.1,0.586,0.123,-0.774,0.59820565,-2.6477955,10.58137535,2.12999987602,5.27179145813,-0.269999980927,1.23732924461,-78.8666915894,1.02388966084,-17.8462123871,-0.587365031242,97687.9760742,23.5599994659,41.7025566101,True
56.2,0.493,0.231,-0.479,0.59820565,-3.4715541,10.2185293,-0.219999998808,5.27179145813,-0.359999984503,1.23732924461,-78.8666915894,1.66199588776,-17.6179008484,-0.506427526474,97684.2407227,23.5,41.7025566101,True
56.300000000000004,0.265,0.232,-0.23,0.6080123,-2.87334845,8.60043205,-6.40999984741,17.8454341888,-0.319999992847,-4.83195590973,-60.4326667786,2.22034239769,-17.4187259674,-0.30459433794,97681.9519043,23.4099998474,60.7972145081,True
56.400000000000006,0.058,0.181,-0.128,0.6668522,-2.4908891,7.54131385,-9.53999996185,17.8454341888,-0.109999999404,-4.83195590973,-60.4326667786,2.86079668999,-17.2051315308,0.0834666788578,97684.9487305,23.3999996185,133.800979614,True
56.5,-0.125,0.084,-0.109,0.57859235,-2.2555295,7.32556755,-12.5099992752,17.8454341888,0.219999998808,-4.83195590973,-60.4326667786,3.25585031509,-17.0848426819,0.395643860102,97684.9487305,23.4300003052,133.800979614,True
56.6,-0.305,-0.039,-0.17,0.53936575,-1.96133,7.5118939,-12.5099992752,17.8454341888,0.209999993443,-4.83195590973,-60.4326667786,3.64098143578,-16.9832649231,0.710137069225,97681.5612793,23.4300003052,133.800979614,True
56.7,-0.413,-0.117,-0.269,0.57859235,-2.06920315,8.6494653,-18.1499996185,15.7235136032,1.10000002384,-8.12734508514,-57.067035675,4.38619613647,-16.779706955,1.15510284901,97687.4267578,23.6199989319,149.529937744,True
56.800000000000004,-0.469,-0.142,-0.356,0.6472389,-2.20649625,9.05153795,-20.9599990845,15.7235136032,1.56999993324,-8.12734508514,-57.067035675,4.56758403778,-16.7297859192,1.2276070118,97687.4267578,23.7600002289,156.149002075,True
56.900000000000006,-0.468,-0.141,-0.408,0.73549875,-2.55953565,9.54187045,-23.6399993896,15.7235136032,2.07999992371,-8.12734508514,-57.067035675,5.18890762329,-16.5654392242,1.46622133255,97684.2163086,23.9300003052,156.149002075,True
57.0,-0.433,-0.129,-0.408,0.61781895,-2.4908891,9.610517,-23.6499996185,15.7235136032,2.05999994278,-8.12734508514,-57.067035675,5.45976400375,-16.4816169739,1.52528882027,97684.2163086,23.9300003052,156.149002075,True
57.1,-0.432,-0.12,-0.359,0.73549875,-2.91257505,10.1204628,-26.2999992371,15.7235136032,2.56999993324,-8.12734508514,-57.067035675,5.95859336853,-16.322473526,1.62059688568,97688.2629395,24.109998703,148.18687439,True
57.2,-0.405,-0.112,-0.294,0.83356525,-3.16754795,10.002783,-28.6800003052,15.7235136032,3.06999993324,-8.12734508514,-57.067035675,6.34672117233,-16.1900272369,1.64986300468,97686.0473633,24.2799987793,148.18687439,True
57.300000000000004,-0.408,-0.092,-0.234,0.81395195,-2.97141495,9.5909037,-32.8800010681,3.29259300232,4.0499997139,-6.28592348099,-47.2701835632,6.76529788971,-16.0433750153,1.69381952286,97686.0473633,24.6299991608,149.160476685,True
57.400000000000006,-0.423,-0.094,-0.162,0.8237586,-2.9812216,9.20844435,-34.7399978638,3.29259300232,4.5499997139,-6.28592348099,-47.2701835632,7.06761932373,-15.939576149,1.75720381737,97693.2556152,24.7999992371,114.963531494,True
57.5,-0.475,-0.114,-0.141,0.91201845,-3.30484105,9.5124505,-36.4099998474,3.29259300232,5.05999994278,-6.28592348099,-47.2701835632,7.29866266251,-15.8593492508,1.77870452404,97693.2556152,24.9799995422,114.963531494,True
57.6,-0.47,-0.124,-0.113,0.8433719,-3.03025485,9.20844435,-36.4199981689,3.29259300232,5.06999969482,-6.28592348099,-47.2701835632,7.44653701782,-15.8233623505,1.78766262531,97697.9248047,24.9799995422,114.963531494,True
57.7,-0.463,-0.144,-0.104,1.0198916,-3.2165812,9.58109705,-39.1499977112,-5.97915840149,6.08999967575,-4.01545476913,-43.9518470764,7.70001792908,-15.7631225586,1.8128619194,97708.4655762,25.3199996948,98.7351379395,True
57.800000000000004,-0.442,-0.097,-0.087,1.01008495,-3.18716125,9.54187045,-40.2700004578,-5.97915840149,6.59999990463,-4.01545476913,-43.9518470764,7.95232152939,-15.7535963058,1.79512226582,97704.7973633,25.4899997711,91.7247772217,True
57.900000000000006,-0.447,-0.138,-0.081,1.16699135,-3.1577413,9.75761675,-41.2399978638,-5.97915840149,7.09999990463,-4.01545476913,-43.9518470764,8.08114242554,-15.7825145721,1.76007354259,97711.7492676,25.6599998474,91.7247772217,True
58.0,-0.386,-0.145,-0.074,1.2944778,-3.2558078,9.65955025,-42.1299972534,-5.97915840149,7.58999967575,-4.01545476913,-43.9518470764,8.12107563019,-15.7969398499,1.76603865623,97711.7492676,25.8299999237,82.2838745117,True
58.1,-0.364,-0.134,-0.072,1.36312435,-3.38329425,9.4339973,-42.9300003052,-17.7070198059,8.02999973297,0.0419521965086,-43.0042915344,8.26029872894,-15.8987836838,1.6763112545,97710.1989746,25.9899997711,82.2838745117,True
58.2,-0.348,-0.146,-0.054,1.61809725,-3.6088472,9.8851032,-43.6899986267,-17.7070198059,8.48999977112,0.0419521965086,-43.0042915344,8.30551242828,-15.9812698364,1.62864983082,97715.1916504,26.1399993896,63.4930610657,True
58.300000000000004,-0.303,-0.146,-0.035,1.6671305,-3.61865385,10.11065615,-44.25,-17.7070198059,8.81999969482,0.0419521965086,-43.0042915344,8.3363199234,-16.0818634033,1.48624229431,97715.1916504,26.2699985504,63.4930610657,True
58.400000000000006,-0.235,-0.142,-0.015,1.8632635,-3.87362675,10.7088618,-44.2399978638,-17.7070198059,8.82999992371,0.0419521965086,-43.0042915344,8.32029819489,-16.1477050781,1.39916026592,97714.7033691,26.2699985504,63.4930610657,True
58.5,-0.235,-0.142,-0.015,1.8632635,-3.87362675,10.7088618,-44.7000007629,-17.7070198059,9.11999988556,0.0419521965086,-43.0042915344,8.29166316986,-16.3058109283,1.2283731699,97714.7033691,26.3899993896,43.7742233276,True
58.6,-0.222,-0.15,0.023,1.87307015,-3.79517355,9.8851032,-44.8600006104,-24.9317245483,9.63999938965,3.68989562988,-44.4124603271,8.23731899261,-16.4948482513,1.1349978447,97721.0998535,26.5799999237,16.9082641602,True
58.7,-0.222,-0.15,0.023,1.87307015,-3.79517355,9.8851032,-44.8299980164,-24.9317245483,9.93999958038,3.68989562988,-44.4124603271,8.23731899261,-16.4948482513,1.1349978447,97721.0998535,26.6700000763,16.9082641602,True
58.800000000000004,-0.113,-0.15,0.04,2.0201699,-3.8834334,9.95374975,-44.7799987793,-24.9317245483,10.1799993515,3.68989562988,-44.4124603271,8.16448116302,-16.7250041962,1.01274502277,97722.6318359,26.75,2.67705917358,True
58.900000000000006,-0.106,-0.154,0.034,2.0790098,-3.81478685,10.8069283,-44.7299995422,-24.9317245483,10.3699998856,3.68989562988,-44.4124603271,7.99942207336,-16.9887809753,0.812164962292,97727.9907227,26.8299999237,2.67705917358,True
59.0,-0.08,-0.163,0.046,2.0986231,-3.73633365,11.11093445,-44.7000007629,-24.9317245483,10.3800001144,3.68989562988,-44.4124603271,7.91300725937,-17.0639801025,0.728714168072,97731.3110352,26.8299999237,2.67705917358,True
59.1,-0.104,-0.169,0.041,2.0201699,-3.91285335,11.24822755,-44.6100006104,-29.1605834961,10.5699996948,6.69403171539,-48.0828018188,7.65268802643,-17.3495578766,0.417648464441,97731.3110352,26.9300003052,-15.8790588379,True
59.2,-0.127,-0.183,0.044,2.18688295,-3.9618866,11.58165365,-44.5299987793,-29.1605834961,10.5900001526,6.69403171539,-48.0828018188,7.44317293167,-17.550699234,0.178743332624,97729.9438477,26.9499988556,-44.8862075806,True
59.300000000000004,-0.089,-0.183,0.037,1.97113665,-4.0403398,11.0226746,-44.4399986267,-29.1605834961,10.5599994659,6.69403171539,-48.0828018188,7.31097126007,-17.6535186768,0.0393971391022,97731.9335938,26.9499988556,-44.8862075806,True
59.400000000000006,-0.029,-0.179,0.048,2.20649625,-4.10898635,11.30706745,-44.3600006104,-31.2835884094,10.5199995041,9.20021820068,-51.2515411377,6.991771698,-17.8966064453,-0.233193546534,97730.2612305,26.9300003052,-60.8287811279,True
59.5,-0.007,-0.128,0.061,2.2163029,-4.01091985,11.1599677,-44.3099975586,-31.2835884094,10.3699998856,9.20021820068,-51.2515411377,6.76763868332,-18.0378894806,-0.379474788904,97730.4870605,26.8899993896,-60.8287811279,True
59.6,-0.006,-0.111,0.08,2.1378497,-4.0011132,10.56176205,-44.2599983215,-31.2835884094,10.3699998856,9.20021820068,-51.2515411377,6.68193864822,-18.0989685059,-0.46250256896,97731.0424805,26.8899993896,-60.8287811279,True
59.7,0.007,-0.094,0.077,2.1770763,-4.1972462,10.2185293,-44.25,-31.2835884094,10.1099996567,9.20021820068,-51.2515411377,6.34522533417,-18.2836360931,-0.658935129642,97731.0424805,26.7799987793,-68.3252334595,True
59.800000000000004,-0.024,-0.074,0.095,2.12804305,-4.2364728,9.2378643,-44.25,-31.6157569885,10.1099996567,10.2883291245,-54.323841095,6.27182292938,-18.3334503174,-0.690067112446,97728.2714844,26.7799987793,-68.3252334595,True
59.900000000000006,-0.078,-0.048,0.095,2.06920315,-3.87362675,9.42419065,-44.25,-31.6157569885,10.0,10.2883291245,-54.323841095,6.09239053726,-18.4369659424,-0.714158296585,97726.1901855,26.6999988556,-80.0054550171,True
60.0,-0.069,-0.069,0.078,2.06920315,-4.12859965,8.7279185,-44.2599983215,-31.6157569885,9.90999984741,10.2883291245,-54.323841095,5.91198968887,-18.5378131866,-0.713500082493,97728.3874512,26.6199989319,-80.0054550171,True
60.1,-0.04,-0.076,0.052,2.06920315,-4.0403398,8.67888525,-44.2299995422,-32.9068107605,9.76999950409,10.2997074127,-57.0595283508,5.76075649261,-18.6428890228,-0.694136381149,97728.3874512,26.4799995422,-93.7114715576,True
60.2,-0.034,-0.057,0.032,1.89268345,-4.0011132,8.3552658,-44.219997406,-32.9068107605,9.72999954224,10.2997074127,-57.0595283508,5.55339050293,-18.7665252686,-0.672845005989,97726.5136719,26.4200000763,-104.345703125,True
60.300000000000004,0.023,-0.051,0.036,2.1378497,-4.0599531,8.9240515,-44.2000007629,-32.9068107605,9.6799993515,10.2997074127,-57.0595283508,5.39722919464,-18.8476314545,-0.642593383789,97724.1210938,26.359998703,-104.345703125,True
60.400000000000006,0.008,-0.04,0.046,1.85345685,-4.14821295,8.8063717,-44.2000007629,-32.9068107605,9.5999994278,10.2997074127,-57.0595283508,5.25958967209,-18.9178028107,-0.649424731731,97728.326416,26.2999992371,-97.6585388184,True
60.5,-0.026,-0.046,0.064,1.8436502,-3.92266,8.36507245,-44.2099990845,-32.8972511292,9.5999994278,10.5384130478,-58.612613678,5.19256591797,-18.9621219635,-0.65212225914,97728.4851074,26.2999992371,-97.6585388184,True
60.6,-0.06,-0.056,0.053,1.93191005,-3.8638201,8.8455983,-44.219997406,-32.8972511292,9.55000019073,10.5384130478,-58.612613678,4.97918987274,-19.0654392242,-0.574921309948,97728.4851074,26.1999988556,-106.476783752,True
60.7,-0.037,-0.035,0.053,1.83384355,-4.08937305,8.825985,-44.2299995422,-32.8972511292,9.55999946594,10.5384130478,-58.612613678,4.86736249924,-19.1333999634,-0.566549003124,97715.020752,26.1999988556,-106.476783752,True
60.800000000000004,0.019,-0.032,0.06,1.91229675,-3.9814999,8.2179727,-44.2399978638,-32.8972511292,9.56999969482,10.5384130478,-58.612613678,4.70723819733,-19.228181839,-0.541236519814,97718.5058594,26.1499996185,-106.476783752,True
60.900000000000006,0.018,-0.034,0.067,2.0201699,-4.3541526,8.6102387,-44.2700004578,-32.8972511292,9.55000019073,10.5384130478,-58.612613678,4.52357196808,-19.3358840942,-0.492404222488,97716.2780762,26.0599994659,-118.890190125,True
61.0,0.021,-0.03,0.07,1.97113665,-4.2953127,8.5513988,-44.2799987793,-33.4092025757,9.53999996185,10.0910434723,-61.2175865173,4.46320438385,-19.3627376556,-0.486161768436,97716.2780762,26.0599994659,-118.890190125,True
61.1,-0.005,-0.016,0.084,2.0397832,-4.10898635,8.2768126,-44.3099975586,-33.4092025757,9.51999950409,10.0910434723,-61.2175865173,4.34987401962,-19.4205760956,-0.42696595192,97723.5107422,26.0199985504,-120.870399475,True
61.2,-0.016,-0.043,0.093,1.95152335,-4.36395925,8.46313895,-44.3499984741,-33.4092025757,9.5,10.0910434723,-61.2175865173,4.14592266083,-19.5625801086,-0.404894202948,97715.3808594,25.9300003052,-126.305770874,True
61.300000000000004,-0.038,-0.059,0.105,1.75539035,-3.95207995,8.4141057,-44.3699989319,-33.4092025757,9.51999950409,10.0910434723,-61.2175865173,4.00714492798,-19.6274375916,-0.353111445904,97712.8601074,25.8899993896,-126.305770874,True
61.400000000000006,-0.052,-0.073,0.077,1.9221034,-4.05014645,8.73772515,-44.3699989319,-33.4092025757,9.52999973297,10.0910434723,-61.2175865173,3.96703100204,-19.6375293732,-0.344603866339,97712.8601074,25.8899993896,-126.305770874,True
61.5,-0.038,-0.089,0.053,1.8828768,-4.3345393,9.12999115,-44.3600006104,-34.1201171875,9.57999992371,9.37848949432,-64.5904922485,3.7496650219,-19.745513916,-0.319029152393,97715.9606934,25.859998703,-129.86050415,True
61.6,-0.057,-0.09,0.052,1.69655045,-4.26589275,8.4533323,-44.3299980164,-34.1201171875,9.59000015259,9.37848949432,-64.5904922485,3.64913892746,-19.7811908722,-0.290743052959,97714.5935059,25.8099994659,-144.229507446,True
61.7,-0.047,-0.082,0.056,1.9221034,-4.48163905,8.3552658,-44.3199996948,-34.1201171875,9.59000015259,9.37848949432,-64.5904922485,3.50792694092,-19.8572483063,-0.278540849686,97714.5935059,25.8099994659,-144.229507446,True
61.800000000000004,-0.027,-0.077,0.072,1.75539035,-4.1580196,7.97280645,-44.3099975586,-34.9727630615,9.64999961853,9.77607631683,-66.556427002,3.36997938156,-19.9092559814,-0.229416027665,97715.4418945,25.7899990082,-144.229507446,True
61.900000000000006,-0.046,-0.09,0.057,1.8240369,-4.4129925,8.73772515,-44.2799987793,-34.9727630615,9.77999973297,9.77607631683,-66.556427002,3.11491322517,-19.9843635559,-0.217970952392,97718.1396484,25.75,-152.065460205,True
62.0,-0.058,-0.106,0.045,1.79461695,-4.48163905,8.9044382,-42.1899986267,-34.9727630615,9.81999969482,9.77607631683,-66.556427002,2.93658542633,-20.0397071838,-0.208055496216,97712.7685547,25.7299995422,-158.823974609,True
62.1,-0.006,-0.096,0.056,1.63771055,-4.4129925,8.77695175,-41.7900009155,-35.7357940674,9.86999988556,10.3332090378,-69.0511398315,2.74613881111,-20.0804023743,-0.22806546092,97710.8581543,25.7099990845,-159.823989868,True
62.2,0.084,-0.064,0.056,1.9809433,-4.56009225,9.4339973,-41.7900009155,-35.7357940674,9.86999988556,10.3332090378,-69.0511398315,2.64174365997,-20.1261348724,-0.261335790157,97712.6831055,25.7099990845,-159.823989868,True
62.300000000000004,0.127,-0.061,0.078,1.9809433,-4.40318585,9.3359308,-39.0299987793,-35.7357940674,9.78999996185,10.3332090378,-69.0511398315,2.31044149399,-20.2291355133,-0.340855896473,97713.1713867,25.6599998474,-162.533752441,True
62.400000000000006,0.112,-0.102,0.056,1.85345685,-4.3345393,10.48330885,-34.4899978638,-34.2544746399,9.69999980927,10.3317899704,-70.7733383179,2.14925503731,-20.2522907257,-0.392210870981,97713.5375977,25.6299991608,-169.454193115,True
62.5,0.114,-0.102,0.063,1.79461695,-4.4129925,10.2773692,-33.3199996948,-34.2544746399,9.55999946594,10.3317899704,-70.7733383179,1.83006167412,-20.2944469452,-0.578939974308,97713.9770508,25.5799999237,-169.454193115,True
62.6,0.143,-0.114,0.061,1.67693715,-3.9814999,10.6107953,-33.3099975586,-34.2544746399,9.55000019073,10.3317899704,-70.7733383179,1.72919559479,-20.3085289001,-0.603816568851,97713.9770508,25.5799999237,-169.454193115,True
62.7,0.136,-0.118,0.04,1.83384355,-4.2756994,11.571847,-24.4300003052,-32.0413208008,9.15999984741,11.1317911148,-73.268371582,1.29027700424,-20.3038673401,-0.894841909409,97708.0505371,25.4499988556,-176.559265137,True
62.800000000000004,0.239,-0.078,0.025,1.8240369,-4.16782625,11.44436055,-24.4200000763,-32.0413208008,9.14999961853,11.1317911148,-73.268371582,1.10876166821,-20.3194999695,-0.995588481426,97708.5510254,25.359998703,-171.179580688,True
62.900000000000006,0.37,-0.039,0.049,1.6867438,-3.95207995,11.09132115,-20.3500003815,-32.0413208008,8.46000003815,11.1317911148,-73.268371582,0.759910285473,-20.2818202972,-1.30678582191,97708.5510254,25.25,-171.179580688,True
63.0,0.45,0.016,0.056,1.5886773,-4.06975975,10.7480884,-6.94999980927,-32.0413208008,8.02999973297,11.1317911148,-73.268371582,0.560855150223,-20.2470817566,-1.45805668831,97708.5510254,25.109998703,-177.546691895,True
63.1,0.54,0.028,0.066,1.4121576,-3.8834334,10.87557485,-4.58999967575,-32.0413208008,7.53999996185,11.1317911148,-73.268371582,0.476618856192,-20.2173233032,-1.57003366947,97704.2297363,24.9599990845,-177.546691895,True
63.2,0.661,0.059,0.061,1.3337044,-3.65788045,11.09132115,-4.59999990463,-21.8989639282,7.51999998093,10.7666358948,-75.352684021,0.373949706554,-20.1450233459,-1.72256207466,97696.661377,24.9599990845,-177.546691895,True
63.300000000000004,0.66,0.077,0.073,1.3925443,-3.54020065,11.03248125,11.8000001907,-21.8989639282,6.44000005722,10.7666358948,-75.352684021,0.329752027988,-20.068567276,-1.83054339886,97696.661377,24.5900001526,-160.788726807,True
63.400000000000006,0.729,0.051,0.064,1.24544455,-3.24600115,11.8660465,26.8999996185,-21.8989639282,5.82999992371,10.7666358948,-75.352684021,0.314943403006,-19.9302101135,-2.14424562454,97694.3481445,24.3799991608,-140.91204834,True
63.5,0.778,0.088,0.064,1.1179581,-2.99102825,12.0621795,28.359998703,-10.8526248932,5.08999967575,9.2583322525,-76.3945617676,0.35702675581,-19.7963657379,-2.39504814148,97696.9604492,24.1499996185,-140.91204834,True
63.6,0.778,0.088,0.064,1.1179581,-2.99102825,12.0621795,29.3400001526,-10.8526248932,4.2999997139,9.2583322525,-76.3945617676,0.480412334204,-19.6430454254,-2.65353965759,97696.9604492,23.8899993896,-119.849967957,True
63.7,0.949,0.078,-0.022,0.7060788,-2.24572285,12.30734575,29.359998703,-10.8526248932,4.2999997139,9.2583322525,-76.3945617676,0.601431787014,-19.5414085388,-2.79694652557,97696.685791,23.8899993896,-119.849967957,True
63.800000000000004,0.952,0.058,-0.085,0.65704555,-2.40262925,12.71922505,41.2399978638,-10.8526248932,2.65999984741,9.2583322525,-76.3945617676,1.01645469666,-19.2799339294,-3.07452940941,97677.166748,23.2899990082,-84.4743728638,True
63.900000000000006,0.995,0.048,-0.126,0.59820565,-2.08881645,12.73883835,44.469997406,14.1629724503,1.79999995232,6.84873390198,-76.3568954468,1.54847812653,-19.0097198486,-3.32185173035,97677.166748,22.9599990845,-84.4743728638,True
64.0,0.911,0.03,-0.172,0.59820565,-1.69655045,12.8663248,44.4899978638,14.1629724503,1.82999992371,6.84873390198,-76.3568954468,1.75479030609,-18.9087696075,-3.39867329597,97667.7734375,22.9599990845,-84.4743728638,True
64.10000000000001,0.669,0.006,-0.249,0.44129925,-1.73577705,11.99353295,44.5299987793,14.1629724503,0.969999969006,6.84873390198,-76.3568954468,2.30794763565,-18.6691608429,-3.46582555771,97660.1013184,22.6199989319,-39.2135620117,True
64.2,0.679,-0.037,-0.338,0.53936575,-1.89268345,11.85623985,44.6100006104,14.1629724503,-0.680000007153,6.84873390198,-76.3568954468,3.04585242271,-18.3553771973,-3.47339940071,97651.3122559,21.8799991608,9.1103553772,True
64.3,0.561,-0.025,-0.392,0.6080123,-1.8044236,11.1403544,44.6699981689,14.1629724503,-1.43999993801,6.84873390198,-76.3568954468,3.99976420403,-17.9643211365,-3.32883620262,97651.3122559,21.5100002289,9.1103553772,True
64.4,0.431,-0.079,-0.443,0.61781895,-1.6082906,11.2580342,44.6899986267,34.1216430664,-1.40999996662,3.53086328506,-69.9618606567,4.42969083786,-17.7870121002,-3.23737192154,97654.0466309,21.5100002289,9.1103553772,True
64.5,0.371,-0.114,-0.483,0.73549875,-1.9024901,11.4933938,44.75,34.1216430664,-2.78999996185,3.53086328506,-69.9618606567,5.47411203384,-17.3435230255,-2.96999192238,97651.3000488,20.8099994659,50.372505188,True
64.60000000000001,0.353,-0.152,-0.52,0.7453054,-1.97113665,11.46397385,44.7700004578,34.1216430664,-3.33999991417,3.53086328506,-69.9618606567,5.79892492294,-17.2055873871,-2.87923669815,97640.9362793,20.5,90.055557251,True
64.7,0.343,-0.192,-0.543,0.9414384,-2.1182364,12.6113519,44.7700004578,42.6632080078,-3.8599998951,-0.563386142254,-60.4160957336,7.16444063187,-16.5253829956,-2.53146505356,97638.3728027,20.1999988556,90.055557251,True
64.8,0.242,-0.205,-0.546,0.9218251,-1.87307015,11.91507975,44.7599983215,42.6632080078,-4.32999992371,-0.563386142254,-60.4160957336,7.82458257675,-16.1647396088,-2.31517195702,97638.3728027,19.9300003052,117.06237793,True
64.9,0.185,-0.249,-0.54,0.97085835,-1.99074995,11.97391965,44.7299995422,42.6632080078,-4.69999980927,-0.563386142254,-60.4160957336,8.84205913544,-15.5498590469,-1.94671344757,97633.8439941,19.6800003052,117.06237793,True
65.0,0.12,-0.274,-0.54,1.02969825,-2.32417605,11.56204035,44.6899986267,42.6632080078,-4.98999977112,-0.563386142254,-60.4160957336,9.51032924652,-15.0972146988,-1.66156959534,97625.2929688,19.4699993134,182.748596191,True
65.10000000000001,0.211,-0.308,-0.535,1.10815145,-2.08881645,12.160246,44.6499977112,42.6632080078,-4.96000003815,-0.563386142254,-60.4160957336,10.1799144745,-14.5999364853,-1.40752613544,97621.7956543,19.2999992371,182.748596191,True
65.2,0.182,-0.361,-0.512,1.2160246,-1.75539035,12.54270535,44.5900001526,47.7408561707,-5.35999965668,-5.13482713699,-46.1924095154,10.8739748001,-14.0587205887,-1.16220772266,97620.2453613,19.1499996185,183.210662842,True
65.3,0.146,-0.388,-0.527,1.18660465,-1.9024901,12.93497135,44.5399971008,47.7408561707,-5.5,-5.13482713699,-46.1924095154,12.1785526276,-12.8390331268,-0.688094377518,97622.9125977,19.0299987793,183.210662842,True
65.4,0.114,-0.464,-0.557,1.2944778,-2.01036325,13.44491715,44.5099983215,47.7408561707,-5.48999977112,-5.13482713699,-46.1924095154,12.5072097778,-12.4846868515,-0.570673763752,97615.0146484,19.0299987793,183.210662842,True
65.5,0.086,-0.495,-0.582,1.42196425,-2.08881645,14.48442205,40.8999977112,47.7408561707,-5.6299996376,-5.13482713699,-46.1924095154,13.7876253128,-10.9476642609,-0.195953264832,97615.2404785,18.8699989319,173.443984985,True
65.60000000000001,0.02,-0.483,-0.586,1.3925443,-1.59848395,14.42558215,38.2700004578,49.7117385864,-5.6299996376,-5.13482713699,-46.1924095154,14.1054887772,-10.5284290314,-0.115970954299,97615.2404785,18.8699989319,173.443984985,True
65.7,-0.127,-0.533,-0.609,1.3533177,-1.89268345,14.2588691,35.1499977112,49.7117385864,-5.75,-7.95261478424,-28.475605011,15.0266866684,-9.01111602783,0.165770545602,97615.4846191,18.7899990082,154.518600464,True
65.8,-0.203,-0.562,-0.63,1.42196425,-2.18688295,14.1804159,31.6799983978,49.7117385864,-5.77999973297,-7.95261478424,-28.475605011,15.5967502594,-7.85057115555,0.358643382788,97608.2763672,18.7799987793,134.969421387,True
65.9,-0.116,-0.588,-0.63,1.55925735,-2.2555295,14.7295883,27.5100002289,49.7117385864,-5.83999967575,-7.95261478424,-28.475605011,15.9807376862,-6.8860206604,0.473695039749,97613.8671875,18.7700004578,134.969421387,True
66.0,-0.116,-0.588,-0.63,1.55925735,-2.2555295,14.7295883,22.7999992371,49.7117385864,-5.8799996376,-7.95261478424,-28.475605011,16.2389583588,-6.14471769333,0.544036924839,97613.8671875,18.7799987793,116.36895752,True
66.10000000000001,-0.188,-0.522,-0.581,1.4513842,-2.24572285,15.1610809,17.2899990082,43.3233680725,-5.96999979019,-9.30088329315,-4.03906154633,16.7254734039,-3.84722661972,0.667736828327,97612.8662109,18.7899990082,116.36895752,True
66.2,-0.299,-0.488,-0.545,1.30428445,-2.0397832,14.5922952,17.2899990082,43.3233680725,-6.0,-9.30088329315,-4.03906154633,16.8184280396,-3.09282422066,0.693056643009,97612.1398926,18.7899990082,116.36895752,True
66.3,-0.366,-0.469,-0.523,1.2160246,-2.1770763,14.4550021,5.40000009537,43.3233680725,-6.19999980927,-9.30088329315,-4.03906154633,16.8589057922,-1.40568935871,0.715152382851,97608.8500977,18.8199996948,75.7919311523,True
66.4,-0.463,-0.414,-0.504,1.01008495,-2.01036325,13.5135637,5.40000009537,43.3233680725,-6.25,-9.30088329315,-4.03906154633,16.8286895752,-0.730307996273,0.713465571404,97608.8500977,18.8199996948,75.7919311523,True
66.5,-0.559,-0.38,-0.492,0.81395195,-2.20649625,12.58193195,-0.579999983311,34.2995185852,-6.38999986649,-8.40482139587,11.3090410233,16.7225322723,0.110701993108,0.72823369503,97609.4177246,18.8299999237,47.7909088135,True
66.60000000000001,-0.614,-0.34,-0.47,0.67665885,-2.157463,12.0621795,-11.3299999237,34.2995185852,-6.71000003815,-8.40482139587,11.3090410233,16.4936618805,1.24813890457,0.763191998005,97602.7893066,18.8299999237,36.0488891602,True
66.7,-0.66,-0.277,-0.449,0.65704555,-2.1966896,11.42474725,-15.9499998093,34.2995185852,-6.88999986649,-8.40482139587,11.3090410233,16.2036247253,2.23635697365,0.784727871418,97606.5917969,18.8199996948,36.0488891602,True
66.8,-0.682,-0.225,-0.406,0.55897905,-2.3143694,10.62060195,-15.9600000381,34.2995185852,-6.94000005722,-8.40482139587,11.3090410233,16.0656375885,2.67592287064,0.796138286591,97606.5917969,18.8199996948,36.0488891602,True
66.9,-0.707,-0.181,-0.358,0.44129925,-2.1770763,10.0812362,-23.2299995422,18.854095459,-7.23999977112,-6.52382946014,24.5253925323,15.5998764038,3.66195607185,0.872613430023,97601.0131836,18.8099994659,23.0296134949,True
67.0,-0.759,-0.118,-0.319,0.32361945,-2.3339827,9.3751574,-25.9300003052,18.854095459,-7.31999969482,-6.52382946014,24.5253925323,15.3778381348,4.03846740723,0.965897262096,97602.4536133,18.8099994659,14.2541885376,True
67.10000000000001,-0.792,-0.079,-0.263,0.32361945,-2.38301595,8.4141057,-28.2399997711,18.854095459,-7.34999990463,-6.52382946014,24.5253925323,15.076751709,4.50958251953,1.17383718491,97603.0456543,18.8099994659,14.2541885376,True
67.2,-0.857,-0.038,-0.179,0.12748645,-2.14765635,7.58054045,-30.0699996948,18.854095459,-7.25999975204,-6.52382946014,24.5253925323,14.8862895966,4.73903656006,1.33725941181,97603.0456543,18.8299999237,3.98473739624,True
67.3,-0.869,-0.031,-0.157,0.08825985,-2.28494945,7.48247395,-30.0799999237,18.854095459,-7.25999975204,-6.52382946014,24.5253925323,14.7246236801,4.93724822998,1.51646196842,97602.6855469,18.8299999237,3.98473739624,True
67.4,-0.751,-0.03,-0.12,0.14709975,-2.26533615,7.5118939,-31.5699996948,-1.0427312851,-7.08999967575,-5.11102819443,31.9011459351,14.5988588333,5.08691120148,1.68900048733,97602.6855469,18.8799991608,3.98473739624,True
67.5,-0.652,-0.008,-0.085,0.196133,-2.18688295,7.26672765,-32.7799987793,-1.0427312851,-6.81999969482,-5.11102819443,31.9011459351,14.437169075,5.21699380875,1.88699543476,97603.4667969,18.9499988556,2.13098526001,True
67.60000000000001,-0.56,0.005,-0.064,0.16671305,-2.28494945,6.9823348,-33.719997406,-1.0427312851,-6.5,-5.11102819443,31.9011459351,14.3414363861,5.310795784,2.10052537918,97610.7421875,19.0499992371,2.13098526001,True
67.7,-0.487,0.034,-0.031,0.08825985,-2.24572285,7.40402075,-35.1699981689,-14.3595762253,-5.69000005722,-4.39196586609,33.9934272766,14.2194652557,5.37563896179,2.39474773407,97609.3200684,19.3099994659,-2.90870666504,True
67.8,-0.496,0.025,0.003,0.0,-2.2947561,7.0215614,-35.7599983215,-14.3595762253,-5.15000009537,-4.39196586609,33.9934272766,14.1810817719,5.40409135818,2.63452720642,97609.3200684,19.4799995422,-13.1183624268,True
67.9,-0.472,0.027,0.022,0.0392266,-2.36340265,6.8254284,-36.2299995422,-14.3595762253,-4.53999996185,-4.39196586609,33.9934272766,14.1530609131,5.39654922485,2.89214539528,97613.5681152,19.6700000763,-13.1183624268,True
68.0,-0.402,0.009,0.049,0.16671305,-2.46146915,6.95291485,-36.5999984741,-14.3595762253,-3.88999986649,-4.39196586609,33.9934272766,14.160118103,5.37797832489,3.02233767509,97622.3632812,19.8899993896,-22.3550796509,True
68.10000000000001,-0.392,-0.006,0.069,0.1372931,-2.44185585,6.99214145,-36.9300003052,-24.5679836273,-3.17999982834,-4.88734436035,33.7787628174,14.1721992493,5.3428902626,3.188174963,97622.3632812,20.1399993896,-22.3550796509,True
68.2,-0.358,-0.051,0.072,0.3334261,-2.53992235,7.6295737,-36.9300003052,-24.5679836273,-3.16999983788,-4.88734436035,33.7787628174,14.2317438126,5.3019657135,3.42490768433,97625.9887695,20.1399993896,-22.3550796509,True
68.3,-0.316,-0.077,0.074,0.32361945,-2.73605535,7.99241975,-37.4099998474,-24.5679836273,-1.57999992371,-4.88734436035,33.7787628174,14.3368663788,5.17672300339,3.67282438278,97631.9885254,20.7099990845,-37.9346847534,True
68.4,-0.319,-0.119,0.085,0.55897905,-2.5693423,8.0022264,-37.4199981689,-24.5679836273,-1.54999995232,-4.88734436035,33.7787628174,14.4165096283,5.11354970932,3.77653980255,97637.7624512,20.7099990845,-37.9346847534,True
68.5,-0.292,-0.147,0.064,0.40207265,-2.77528195,8.79656505,-37.5299987793,-30.7737998962,-0.719999969006,-4.19282531738,31.4085903168,14.5520057678,4.96894550323,3.87952280045,97640.8630371,21.0200004578,-56.6213607788,True
68.60000000000001,-0.17,-0.174,0.074,0.77472535,-3.0792881,9.71839015,-37.4300003052,-30.7737998962,1.02999997139,-4.19282531738,31.4085903168,14.7684879303,4.75499677658,3.97519493103,97652.8991699,21.7199993134,-84.6490859985,True
68.7,-0.146,-0.165,0.064,0.89240515,-3.22638785,10.3165958,-37.4399986267,-30.7737998962,1.03999996185,-4.19282531738,31.4085903168,14.9780292511,4.52921152115,3.95053672791,97652.8991699,21.7199993134,-84.6490859985,True
68.8,-0.211,-0.186,0.082,0.8825985,-3.0596748,9.7085835,-37.1899986267,-33.5260772705,1.84999990463,-2.62079334259,28.9020690918,15.1901941299,4.30275344849,3.91996431351,97671.9421387,22.0699996948,-84.6490859985,True
68.9,-0.155,-0.232,0.085,1.01008495,-3.26561445,10.34601575,-36.5999984741,-33.5260772705,3.54999995232,-2.62079334259,28.9020690918,15.4975376129,3.96657204628,3.91631674767,97669.5495605,22.7999992371,-110.308647156,True
69.0,-0.095,-0.243,0.081,1.1375714,-3.2361945,10.4146623,-36.5999984741,-33.5260772705,3.55999994278,-2.62079334259,28.9020690918,15.5783452988,3.85290241241,3.8846578598,97669.5495605,22.7999992371,-110.308647156,True
69.10000000000001,-0.061,-0.239,0.093,1.24544455,-3.63826715,11.11093445,-35.4899978638,-36.1815757751,5.23999977112,-0.056264642626,24.6015300751,15.9626426697,3.35720229149,3.72558569908,97684.8754883,23.5299987793,-151.852600098,True
69.2,-0.019,-0.234,0.11,1.4709975,-3.726527,11.6895268,-35.4899978638,-36.1815757751,5.23999977112,-0.056264642626,24.6015300751,16.0613002777,3.22543048859,3.6696703434,97669.4458008,23.5299987793,-151.852600098,True
69.3,0.0,-0.255,0.133,1.57887065,-3.4519408,12.30734575,-33.7000007629,-36.1815757751,6.6299996376,-0.056264642626,24.6015300751,16.4301013947,2.67381930351,3.34808778763,97697.4060059,24.2199993134,-179.601287842,True
69.4,-0.012,-0.281,0.123,1.6671305,-3.65788045,12.34657235,-32.5999984741,-36.1815757751,7.25999975204,-0.056264642626,24.6015300751,16.6769886017,2.266051054,3.13287973404,97687.7258301,24.5299987793,-224.700546265,True
69.5,-0.003,-0.293,0.106,1.5494507,-3.7069137,12.3759923,-31.2299995422,-36.1815757751,7.83999967575,-0.056264642626,24.6015300751,16.8953952789,1.86396431923,2.89814424515,97705.8776855,24.8299999237,-224.700546265,True
69.60000000000001,0.053,-0.292,0.097,1.7455837,-3.7069137,12.7878716,-29.859998703,-36.3216705322,7.83999967575,3.43941903114,17.5979423523,17.0178070068,1.59819412231,2.74032568932,97703.6865234,24.8299999237,-224.700546265,True
69.7,0.067,-0.299,0.09,1.9024901,-3.81478685,13.50375705,-28.1499996185,-36.3216705322,8.78999996185,3.43941903114,17.5979423523,17.3265190125,0.846716105938,2.20910573006,97712.4023438,25.3500003815,-226.403045654,True
69.8,0.163,-0.303,0.076,1.9024901,-3.8245935,14.0627361,-28.1199989319,-36.3216705322,8.77999973297,3.43941903114,17.5979423523,17.4638519287,0.430949807167,1.8971477747,97723.9501953,25.3500003815,-226.403045654,True
69.9,0.197,-0.301,0.074,1.95152335,-3.65788045,13.79795655,-24.0699996948,-36.3216705322,9.3499994278,3.43941903114,17.5979423523,17.5696353912,0.035305570811,1.58583652973,97723.9501953,25.7600002289,-248.938568115,True
70.0,0.202,-0.286,0.067,1.9809433,-3.9422733,14.7492016,-24.0399990082,-33.6773986816,9.34000015259,7.76120948792,11.4103975296,17.6439857483,-0.362821578979,1.23697805405,97723.6694336,25.7600002289,-248.938568115,True
70.10000000000001,0.242,-0.235,0.069,2.10842975,-3.8245935,14.4550021,-21.8299999237,-33.6773986816,9.46000003815,7.76120948792,11.4103975296,17.7036037445,-0.85678344965,0.79356098175,97728.4179688,25.9099998474,-275.18862915,True
