t,p,q,r,ax,ay,az,roll_k,roll,pitch_k,pitch,yaw,vn,ve,vd,basinc,alt_hata,hiz_hata,ariza
0.1,-0.046,-0.097,0.014,0.40207265,-0.2549729,9.8654899,30.3199996948,2.95432257652,-1.30999994278,8.48780918121,-86.1496200562,-0.278271913528,-19.6165752411,-4.31600666046,96864.263916,-0.259999990463,-2169.93066406,False
0.2,0.403,-0.079,9.674709713260001e-18,0.12748645,0.32361945,9.97336305,31.9200000763,2.95432257652,-5.59999990463,8.48780918121,-86.1496200562,-0.253125727177,-19.4680156708,-4.36574363708,96858.026123,-0.689999997616,-640.903076172,False
0.30000000000000004,0.403,-0.079,9.674709713260001e-18,0.12748645,0.32361945,9.97336305,31.8999996185,2.95432257652,-5.59999990463,8.48780918121,-86.1496200562,-0.237617775798,-19.3581256866,-4.37016248703,96861.5905762,-0.689999997616,-640.903076172,False
0.4,0.572,0.12,-0.061,-0.08825985,0.0980665,9.12999115,34.7000007629,4.54426860809,-10.4200000763,9.88365745544,-86.145980835,-0.144730463624,-19.0790901184,-4.36422681808,96842.1020508,-1.58999991417,-608.022338867,False
0.5,0.572,0.12,-0.061,-0.08825985,0.0980665,9.12999115,34.75,4.54426860809,-10.3999996185,9.88365745544,-86.145980835,-0.0833733230829,-18.9747409821,-4.25840425491,96838.6291504,-1.58999991417,-608.022338867,False
0.6000000000000001,0.609,0.046,-0.094,-0.50013915,0.1765197,6.89407495,44.5299987793,4.54426860809,-14.2199993134,9.88365745544,-86.145980835,0.0779462233186,-18.7384586334,-3.80512237549,96825.1403809,-2.47000002861,-468.455505371,False
0.7000000000000001,0.632,0.011,-0.12,-0.34323275,0.1765197,5.79573015,44.5799980164,18.584815979,-15.9099998474,7.88312864304,-84.3051223755,0.217038184404,-18.5699996948,-3.40768551826,96825.1403809,-2.8599998951,-468.455505371,False
0.8,0.665,0.093,-0.187,-0.588399,0.18632635,6.7273619,44.6599998474,18.584815979,-17.6399993896,7.88312864304,-84.3051223755,0.414912223816,-18.388004303,-3.05482387543,96814.3249512,-3.22000002861,-437.395477295,False
0.9,0.665,0.093,-0.187,-0.588399,0.18632635,6.7273619,44.7700004578,18.584815979,-19.3999996185,7.88312864304,-84.3051223755,0.544297754765,-18.2707939148,-2.82499647141,96814.3249512,-3.53999996185,-437.395477295,False
1.0,0.416,0.115,-0.215,-0.91201845,0.50013915,6.1585762,44.8699989319,18.584815979,-21.1700000763,7.88312864304,-84.3051223755,0.836166143417,-18.0042514801,-2.20056962967,96801.0070801,-3.81999993324,-412.126922607,False
1.1,0.416,0.115,-0.215,-0.91201845,0.50013915,6.1585762,44.8999977112,30.2129497528,-21.1399993896,3.66789603233,-81.7656402588,0.984600782394,-17.8937549591,-1.92315638065,96801.0070801,-3.81999993324,-412.126922607,False
1.2000000000000002,0.337,0.156,-0.243,-1.0983448,0.5295591,7.3353742,44.8600006104,30.2129497528,-20.8899993896,3.66789603233,-81.7656402588,1.40853261948,-17.6022834778,-1.37872648239,96796.8017578,-4.25999975204,-333.788116455,False
1.3,0.337,0.156,-0.243,-1.0983448,0.5295591,7.3353742,44.8799972534,30.2129497528,-20.5399990082,3.66789603233,-81.7656402588,1.74499070644,-17.4194602966,-1.16213262081,96796.8017578,-4.42999982834,-333.788116455,False
1.4000000000000001,0.234,0.141,-0.275,-1.2552512,-0.10787315,7.9826131,44.0999984741,30.2129497528,-20.2099990845,3.66789603233,-81.7656402588,2.12016749382,-17.2013092041,-0.774051606655,96794.2932129,-4.56999969482,-305.278015137,False
1.5,0.028,0.176,-0.26,-1.24544455,-0.2745862,3.1577413,44.0699996948,35.9143600464,-20.2700004578,-2.42590045929,-78.6764297485,2.22406101227,-17.076133728,-0.163572669029,96792.4682617,-4.56999969482,-305.278015137,False
1.6,0.039,0.002,-0.171,-1.18660465,0.2941995,0.7256921,43.0599975586,35.9143600464,-20.2399997711,-2.42590045929,-78.6764297485,2.25918459892,-16.8885345459,1.10673618317,96786.0473633,-4.67000007629,-280.717285156,False
1.7000000000000002,0.039,0.002,-0.171,-1.18660465,0.2941995,0.7256921,43.0400009155,35.9143600464,-20.1999988556,-2.42590045929,-78.6764297485,2.29876923561,-16.8024654388,1.61416268349,96786.0473633,-4.67000007629,-280.717285156,False
1.8,0.237,-0.002,-0.222,-1.372931,-0.48052585,4.3933792,41.8899993896,35.9143600464,-19.8099994659,-2.42590045929,-78.6764297485,2.55162787437,-16.5938968658,2.38979887962,96786.9506836,-4.42999982834,-262.555877686,False
1.9000000000000001,0.101,-0.003,-0.2,-1.28467115,0.784532,5.18771785,40.9500007629,37.7592353821,-19.7299995422,-6.03463363647,-75.5332336426,2.8651509285,-16.3968753815,2.96923708916,96786.9506836,-4.21000003815,-262.555877686,False
2.0,0.025,0.013,-0.233,-1.3337044,0.4314926,5.7859235,40.8999977112,37.7592353821,-19.6999988556,-6.03463363647,-75.5332336426,3.0447974205,-16.284280777,3.26944303513,96788.7939453,-4.21000003815,-262.555877686,False
2.1,-0.023,0.041,-0.287,-1.38273765,0.5295591,7.07059465,38.7299995422,37.7592353821,-19.6499996185,-6.03463363647,-75.5332336426,3.48601984978,-16.0372543335,3.85654878616,96790.3625488,-3.63999986649,-237.854003906,False
2.2,-0.184,0.065,-0.33,-1.2944778,0.8237586,8.22777935,37.4199981689,37.5047492981,-19.859998703,-10.1437664032,-72.0700302124,3.84799170494,-15.8781089783,4.16907930374,96798.425293,-3.28999996185,-252.598190308,False
2.3000000000000003,-0.184,0.065,-0.33,-1.2944778,0.8237586,8.22777935,35.8899993896,37.5047492981,-20.4499988556,-10.1437664032,-72.0700302124,4.33500289917,-15.7004489899,4.4515953064,96798.425293,-2.91999983788,-252.598190308,False
2.4000000000000004,-0.212,0.041,-0.411,-1.4121576,0.42168595,8.3944924,34.469997406,37.5047492981,-20.6899986267,-10.1437664032,-72.0700302124,4.56411170959,-15.6126365662,4.60257434845,96805.4504395,-2.52999997139,-248.598480225,False
2.5,-0.068,0.091,-0.435,-1.4513842,0.95124505,6.91368825,33.1399993896,37.5047492981,-20.9099998474,-10.1437664032,-72.0700302124,4.86103630066,-15.4616746902,5.10981607437,96809.7717285,-2.1099998951,-248.598480225,False
2.6,-0.042,0.036,-0.48,-1.38273765,0.7649187,5.099458,32.0400009155,32.2904777527,-21.1299991608,-17.0849494934,-64.6409301758,5.17260122299,-15.3016700745,5.64959049225,96814.3005371,-1.64999997616,-259.547424316,False
2.7,-0.03,-0.023,-0.468,-1.38273765,0.36284605,6.1193496,30.7600002289,32.2904777527,-21.3400001526,-17.0849494934,-64.6409301758,5.44505262375,-15.1920871735,5.93458080292,96820.5078125,-1.14999997616,-259.547424316,False
2.8000000000000003,-0.046,-0.051,-0.407,-1.4121576,-0.0196133,7.93357985,29.1799983978,32.2904777527,-21.5699996948,-17.0849494934,-64.6409301758,5.94191265106,-15.0488672256,6.07547950745,96826.1047363,-0.610000014305,-238.634109497,False
2.9000000000000004,-0.067,-0.058,-0.347,-1.372931,-0.4511059,10.67944185,29.109998703,32.2904777527,-21.6999988556,-17.0849494934,-64.6409301758,6.24537420273,-14.9666633606,6.13845586777,96832.1228027,-0.610000014305,-238.634109497,False
3.0,0.039,-0.088,-0.179,-1.52003075,-0.08825985,9.6693569,25.5799999237,28.8283061981,-21.859998703,-20.1752948761,-56.9012794495,6.93290662766,-14.7564268112,6.28550243378,96849.005127,0.52999997139,-241.586486816,False
3.1,0.136,-0.082,-0.153,-1.53964405,-0.00980665,9.12999115,23.8999996185,28.8283061981,-21.859998703,-20.1752948761,-56.9012794495,7.28435564041,-14.644985199,6.39987802505,96854.3823242,1.11000001431,-241.586486816,False
3.2,0.039,-0.119,-0.149,-1.6279039,0.0980665,10.1596894,22.2299995422,28.8283061981,-21.7700004578,-20.1752948761,-56.9012794495,7.7030506134,-14.4925394058,6.58962345123,96862.0910645,1.7199999094,-288.799468994,False
3.3000000000000003,0.039,-0.119,-0.149,-1.6279039,0.0980665,10.1596894,22.2299995422,29.1787185669,-21.8099994659,-20.4903335571,-54.8249282837,8.1658115387,-14.3327007294,6.68962526321,96862.0910645,2.33999991417,-288.799468994,False
3.4000000000000004,0.089,0.024,-0.19,-1.569064,0.8433719,7.84532,18.5799999237,29.1787185669,-21.7799987793,-20.4903335571,-54.8249282837,8.59754657745,-14.1709337234,6.82772445679,96876.6479492,2.97000002861,-300.269317627,False
3.5,0.089,0.024,-0.19,-1.569064,0.8433719,7.84532,17.1199989319,29.1787185669,-22.0200004578,-20.4903335571,-54.8249282837,8.91471576691,-14.0363264084,7.08076334,96876.6479492,3.61999988556,-300.269317627,False
3.6,-0.438,-0.091,-0.217,-1.6082906,0.8629852,8.6886919,15.5799999237,29.1787185669,-22.6199989319,-20.4903335571,-54.8249282837,9.35813140869,-13.8843126297,7.2371544838,96883.9355469,4.2999997139,-325.617797852,False
3.7,-0.237,-0.089,-0.272,-1.7848103,0.42168595,9.0025047,14.0900001526,23.7544689178,-23.0100002289,-21.8849086761,-48.9446563721,9.48870944977,-13.8369007111,7.29334831238,96892.3339844,4.98000001907,-325.617797852,False
3.8000000000000003,-0.318,-0.169,-0.271,-1.7259704,0.1372931,10.97364135,14.0999994278,23.7544689178,-23.1800003052,-21.8849086761,-48.9446563721,9.89059734344,-13.7268486023,7.28403997421,96902.1362305,4.98000001907,-325.617797852,False
3.9000000000000004,-0.189,-0.19,-0.297,-1.59848395,0.0784532,12.75845165,10.6899995804,23.7544689178,-23.7099990845,-21.8849086761,-48.9446563721,10.6218223572,-13.5791959763,6.99857187271,96908.8439941,6.36999988556,-338.755615234,False
4.0,-0.202,-0.007,-0.258,-1.569064,-0.38245935,12.0229529,8.78999996185,23.7544689178,-23.9399986267,-21.8849086761,-48.9446563721,10.9984712601,-13.5177249908,6.7937297821,96926.3244629,7.01999998093,-366.98626709,False
4.1000000000000005,-0.202,-0.007,-0.258,-1.569064,-0.38245935,12.0229529,8.76999950409,15.5604496002,-24.1000003815,-21.9545650482,-42.0899543762,11.322924614,-13.4510154724,6.68835306168,96926.3244629,7.01999998093,-366.98626709,False
4.2,-0.099,0.062,-0.158,-1.73577705,-0.61781895,9.40457735,5.6299996376,15.5604496002,-24.2699985504,-21.9545650482,-42.0899543762,11.7988595963,-13.3088769913,6.75439405441,96935.3942871,8.28999996185,-403.651245117,False
4.3,-0.021,-0.013,-0.091,-1.81423025,0.14709975,7.89435325,5.6299996376,15.5604496002,-24.2899990082,-21.9545650482,-42.0899543762,11.8678770065,-13.2719764709,6.86546039581,96943.2189941,8.9299993515,-403.651245117,False
4.4,-0.132,-0.14,-0.006,-1.8044236,-0.12748645,8.8455983,3.58999991417,15.5604496002,-24.3699989319,-21.9545650482,-42.0899543762,12.1367197037,-13.1580696106,7.02193164825,96945.2819824,9.59000015259,-432.860565186,False
4.5,-0.21,-0.153,0.055,-1.6475172,0.42168595,12.6113519,2.34999990463,11.6167545319,-24.5199985504,-21.1954555511,-39.8885116577,12.5995817184,-13.098031044,6.74288225174,96957.019043,10.25,-432.860565186,False
4.6000000000000005,-0.258,-0.107,0.025,-1.85345685,-0.02941995,13.9646696,1.17999994755,11.6167545319,-24.6199989319,-21.1954555511,-39.8885116577,12.8498678207,-13.0995845795,6.48298978806,96967.3828125,10.8999996185,-443.575286865,False
4.7,-0.258,-0.107,0.025,-1.85345685,-0.02941995,13.9646696,0.140000000596,11.6167545319,-24.7299995422,-21.1954555511,-39.8885116577,13.0213890076,-13.0945892334,6.31660223007,96974.6948242,10.8999996185,-443.575286865,False
4.800000000000001,-0.305,0.007,-0.019,-1.96133,0.7060788,9.89490985,-0.370000004768,11.6167545319,-24.8099994659,-21.1954555511,-39.8885116577,13.2473754883,-13.0870466232,6.26455259323,96981.5551758,12.1199998856,-496.801940918,False
4.9,-0.013,0.006,-0.044,-1.8828768,0.6276256,7.3746008,-0.969999969006,6.7020483017,-24.8500003815,-19.8758945465,-39.7299194336,13.3418617249,-13.0571956635,6.43198490143,96994.9584961,12.7299995422,-496.801940918,False
5.0,-0.163,-0.087,-0.034,-1.96133,9.98004618481e-16,8.14932615,-1.20999991894,6.7020483017,-24.859998703,-19.8758945465,-39.7299194336,13.4136867523,-13.0536222458,6.59272384644,97003.9428711,13.3400001526,-531.68145752,False
5.1000000000000005,-0.32,-0.05,-0.065,-1.8632635,0.83356525,10.591182,-1.50999999046,6.7020483017,-24.9099998474,-19.8758945465,-39.7299194336,13.5056848526,-13.0740718842,6.65382194519,97009.3811035,13.9799995422,-531.68145752,False
5.2,-0.348,0.016,-0.102,-1.8828768,0.28439285,11.375714,-1.62999999523,2.5091958046,-24.9799995422,-19.4683818817,-38.3544578552,13.6382513046,-13.1810159683,6.47432613373,97018.0664062,14.6300001144,-549.761230469,False
5.300000000000001,-0.348,0.016,-0.102,-1.8828768,0.28439285,11.375714,-1.62000000477,2.5091958046,-24.9899997711,-19.4683818817,-38.3544578552,13.7101240158,-13.2341012955,6.39713144302,97018.0664062,14.6300001144,-549.761230469,False
5.4,-0.217,0.081,-0.148,-2.0397832,-0.04903325,8.7867584,-1.68999993801,2.5091958046,-24.9899997711,-19.4683818817,-38.3544578552,13.8068695068,-13.3544225693,6.42922306061,97030.5541992,15.8899993896,-550.92199707,False
5.5,0.057,-0.071,-0.089,-2.02997655,-0.9610517,8.9044382,-1.69999992847,2.5091958046,-24.9899997711,-19.4683818817,-38.3544578552,13.8644065857,-13.3802700043,6.48373651505,97030.5541992,16.5200004578,-550.92199707,False
5.6000000000000005,-0.017,-0.059,-0.014,-2.0005566,-0.38245935,9.7085835,-1.90999996662,-0.863508105278,-24.9899997711,-20.225566864,-35.6256217957,13.9543437958,-13.4088468552,6.48007202148,97038.6291504,17.1499996185,-588.243286133,False
5.7,-0.132,-0.062,0.108,-1.93191005,0.12748645,10.2381426,-2.04999995232,-0.863508105278,-24.9899997711,-20.225566864,-35.6256217957,14.0464696884,-13.472158432,6.43403196335,97049.7802734,17.7700004578,-588.243286133,False
5.800000000000001,-0.132,-0.062,0.108,-1.93191005,0.12748645,10.2381426,-2.05999994278,-0.863508105278,-24.9799995422,-20.225566864,-35.6256217957,14.1296453476,-13.5363788605,6.31631374359,97049.7802734,17.7700004578,-588.243286133,False
5.9,-0.099,-0.083,0.156,-2.0005566,-0.6080123,11.28745415,-2.15999984741,-0.863508105278,-24.9799995422,-20.225566864,-35.6256217957,14.2271203995,-13.6386175156,6.1493024826,97061.6516113,19.0,-599.422851562,False
6.0,0.008,-0.019,0.138,-1.96133,0.50013915,10.65982855,-1.94999992847,-1.91790235043,-24.9799995422,-18.9883289337,-38.0496406555,14.2688236237,-13.7339773178,6.05520248413,97071.5515137,19.5900001526,-629.842163086,False
6.1000000000000005,0.052,-0.001,0.124,-1.97113665,1.02969825,9.1005712,-1.57999992371,-1.91790235043,-24.9799995422,-18.9883289337,-38.0496406555,14.297744751,-13.8977212906,6.01459360123,97073.1445312,20.1899986267,-629.842163086,False
6.2,-0.244,0.03,-0.03,-2.04958985,0.1765197,9.69877685,-1.36000001431,-1.91790235043,-24.9699993134,-18.9883289337,-38.0496406555,14.3295450211,-13.9973211288,5.99477338791,97082.0129395,20.7700004578,-665.59942627,False
6.300000000000001,-0.244,0.03,-0.03,-2.04958985,0.1765197,9.69877685,-1.36000001431,-1.91790235043,-24.9399986267,-18.9883289337,-38.0496406555,14.3271713257,-14.0821456909,5.9971075058,97087.1948242,20.7700004578,-665.59942627,False
6.4,-0.561,-0.042,-0.048,-1.91229675,1.0002783,9.24767095,-0.269999980927,-1.91790235043,-24.7799987793,-18.9883289337,-38.0496406555,14.28373909,-14.3126649857,6.0121383667,97093.4265137,21.9300003052,-669.129760742,False
6.5,-0.495,-0.043,-0.071,-2.01036325,0.0784532,9.30651085,0.449999988079,-8.17533016205,-24.5900001526,-19.0618934631,-38.2015991211,14.2471542358,-14.4331912994,6.05972385406,97100.567627,22.5199985504,-669.129760742,False
6.6000000000000005,-0.004,-0.094,-0.105,-1.9221034,-0.6864655,9.69877685,1.18999993801,-8.17533016205,-24.5900001526,-19.0618934631,-38.2015991211,14.1997432709,-14.7155628204,5.94254589081,97112.0666504,23.109998703,-684.016052246,False
6.7,0.035,-0.107,-0.082,-1.79461695,0.14709975,11.5522337,1.19999992847,-8.17533016205,-24.6000003815,-19.0618934631,-38.2015991211,14.1893386841,-14.8051156998,5.88787221909,97116.1315918,23.109998703,-684.016052246,False
6.800000000000001,0.148,-0.076,0.064,-1.91229675,-0.83356525,10.62060195,3.50999999046,-9.87016963959,-24.6499996185,-17.423740387,-37.1162643433,14.1687088013,-15.0593166351,5.73693561554,97123.3581543,24.2699985504,-664.101013184,False
6.9,0.148,-0.076,0.064,-1.91229675,-0.83356525,10.62060195,3.51999998093,-9.87016963959,-24.7099990845,-17.423740387,-37.1162643433,14.1746845245,-15.1430444717,5.69601345062,97122.9492188,24.2699985504,-664.101013184,False
7.0,0.42,0.062,0.131,-1.765197,0.06864655,9.0809579,4.90000009537,-9.87016963959,-24.8899993896,-17.423740387,-37.1162643433,14.1747169495,-15.2650756836,5.82767295837,97132.3364258,25.3999996185,-739.631286621,False
7.1000000000000005,0.339,0.134,0.205,-1.8240369,-0.5491724,7.44324735,4.90999984741,-4.77499103546,-23.4699993134,-18.1657562256,-38.8271903992,14.1854820251,-15.2654161453,6.03542947769,97135.9069824,25.9699993134,-739.631286621,False
7.2,0.146,0.028,0.259,-1.85345685,0.34323275,5.5113373,4.90999984741,-4.77499103546,-21.0100002289,-18.1657562256,-38.8271903992,14.1548519135,-15.2715682983,6.48779058456,97151.4648438,26.5799999237,-745.041625977,False
7.300000000000001,0.146,0.028,0.259,-1.85345685,0.34323275,5.5113373,4.90999984741,-4.77499103546,-21.0100002289,-18.1657562256,-38.8271903992,14.1573925018,-15.28536129,6.65957117081,97151.4648438,26.5799999237,-745.041625977,False
7.4,0.178,-0.051,0.236,-2.0201699,-0.3530394,9.11037785,9.18999958038,-4.77499103546,-18.5499992371,-18.1657562256,-38.8271903992,14.2170600891,-15.3463611603,6.72030639648,97160.3271484,27.2199993134,-745.041625977,False
7.5,-0.075,-0.014,0.159,-1.95152335,0.6864655,9.79684335,11.0599994659,0.635063409805,-13.8199996948,-19.6785411835,-44.0149726868,14.2814159393,-15.477057457,6.71276187897,97165.7653809,28.5599994659,-744.305603027,False
7.6000000000000005,0.121,-0.15,0.056,-1.83384355,0.63743225,11.6306869,11.2299995422,0.635063409805,-11.6799993515,-19.6785411835,-44.0149726868,14.3894433975,-15.5853586197,6.55681324005,97170.7946777,29.2199993134,-736.681152344,False
7.7,0.242,-0.205,0.034,-2.10842975,0.20593965,12.73883835,11.029999733,0.635063409805,-9.64999961853,-19.6785411835,-44.0149726868,14.5579710007,-15.6211185455,6.39935016632,97184.5397949,29.8699989319,-736.681152344,False
7.800000000000001,0.189,-0.145,0.045,-2.04958985,-0.6276256,10.3165958,11.0699996948,2.57507801056,-9.64999961853,-17.9151268005,-45.4769287109,14.6355705261,-15.6282978058,6.3098731041,97197.4365234,30.5100002289,-776.235961914,False
7.9,0.263,-0.15,0.121,-1.77500365,-0.2157463,13.3958839,17.3099994659,2.57507801056,-7.58999967575,-17.9151268005,-45.4769287109,14.8320236206,-15.6690502167,5.95689344406,97201.9958496,30.5100002289,-776.235961914,False
8.0,0.285,-0.238,0.125,-1.6279039,0.2157463,12.44463885,22.0499992371,2.57507801056,-3.95999979973,-17.9151268005,-45.4769287109,15.112654686,-15.7029409409,5.52135229111,97209.0026855,31.7099990845,-803.33807373,False
8.1,0.263,-0.169,0.088,-1.48080415,0.38245935,12.52309205,21.7799987793,2.57507801056,-2.25999999046,-17.9151268005,-45.4769287109,15.2200012207,-15.7193717957,5.33606052399,97219.543457,32.2799987793,-803.33807373,False
8.200000000000001,0.202,-0.143,-0.04,-1.3140911,0.63743225,12.69961175,21.3999996185,9.01655197144,-0.659999966621,-13.9454917908,-47.2379951477,15.4629907608,-15.7233886719,4.99806165695,97233.9355469,32.8099975586,-816.46862793,False
8.3,0.202,-0.143,-0.04,-1.3140911,0.63743225,12.69961175,29.7799987793,9.01655197144,0.930000007153,-13.9454917908,-47.2379951477,15.5704803467,-15.7239923477,4.87755298615,97233.9355469,33.3299980164,-816.46862793,False
8.4,0.253,-0.234,-0.141,-0.81395195,0.5099458,12.6505785,29.8400001526,9.01655197144,0.939999997616,-13.9454917908,-47.2379951477,15.8118104935,-15.6921987534,4.5861787796,97241.4916992,33.8099975586,-864.955993652,False
8.5,0.279,-0.16,-0.184,-0.91201845,0.71588545,13.91563635,34.2999992371,12.7298288345,3.77999997139,-11.8155260086,-44.7340812683,16.1181411743,-15.6470117569,4.23243904114,97244.9035645,34.2700004578,-864.955993652,False
8.6,0.115,-0.358,-0.238,-0.5491724,0.48052585,15.36702055,33.6699981689,12.7298288345,4.88000011444,-11.8155260086,-44.7340812683,16.4978313446,-15.5275144577,3.58366370201,97254.7485352,34.6899986267,-884.380371094,False
8.700000000000001,0.292,-0.398,-0.191,0.14709975,-0.1372931,19.13277415,32.7700004578,12.7298288345,5.63999986649,-11.8155260086,-44.7340812683,16.9393901825,-15.3351430893,2.62182998657,97268.8903809,35.0499992371,-884.380371094,False
8.8,0.292,-0.398,-0.191,0.14709975,-0.1372931,19.13277415,32.8499984741,12.7298288345,5.65000009537,-11.8155260086,-44.7340812683,17.1881904602,-15.1858654022,2.0741019249,97270.135498,35.0499992371,-884.380371094,False
8.9,0.173,-0.391,-0.132,0.04903325,-0.2745862,17.72061655,44.7999992371,13.6032342911,6.56999969482,-6.04272842407,-39.2488555908,17.6819114685,-14.7599163055,1.05312526226,97280.8410645,35.5099983215,-853.690734863,False
9.0,0.351,-0.392,-0.088,0.36284605,-0.1372931,17.42641705,44.8699989319,13.6032342911,6.75999975204,-6.04272842407,-39.2488555908,18.0375595093,-14.3480176926,0.275817722082,97277.331543,35.6300010681,-958.500671387,False
9.1,0.351,-0.392,-0.088,0.36284605,-0.1372931,17.42641705,44.8799972534,13.6032342911,6.94999980927,-6.04272842407,-39.2488555908,18.2302513123,-14.08913517,-0.0507992990315,97277.331543,35.6800003052,-958.500671387,False
9.200000000000001,0.409,-0.189,-0.05,0.5099458,0.2353596,14.11176935,44.8699989319,13.6032342911,6.94000005722,-6.04272842407,-39.2488555908,18.7572040558,-13.2695980072,-0.915563881397,97277.5695801,35.6599998474,-905.42791748,False
9.3,0.409,-0.189,-0.05,0.5099458,0.2353596,14.11176935,44.8499984741,23.632982254,6.96999979019,1.81901681423,-34.4924621582,18.8801822662,-13.0799589157,-0.979815006256,97277.4414062,35.6599998474,-905.42791748,False
9.4,0.815,-0.237,-0.032,0.77472535,0.53936575,14.70016835,44.7999992371,23.632982254,7.0499997139,1.81901681423,-34.4924621582,19.4084606171,-12.176232338,-1.48028934002,97276.2329102,35.5200004578,-931.49432373,False
9.5,0.542,-0.172,-0.059,1.0787315,0.6472389,13.1016844,44.75,23.632982254,7.05999994278,1.81901681423,-34.4924621582,19.7734069824,-11.5246477127,-1.71622252464,97287.4694824,35.4099998474,-931.49432373,False
9.600000000000001,0.383,-0.17,-0.121,1.08853815,1.06892485,9.11037785,44.719997406,23.632982254,7.02999973297,1.81901681423,-34.4924621582,20.1352748871,-10.8953275681,-1.76595175266,97280.1940918,35.2700004578,-919.562316895,False
9.700000000000001,0.383,-0.17,-0.121,1.08853815,1.06892485,9.11037785,44.719997406,37.8564605713,7.15999984741,4.68664312363,-30.6760845184,20.3610668182,-10.525677681,-1.63399159908,97280.1940918,35.1499977112,-919.562316895,False
9.8,-0.023,-0.192,-0.298,1.01008495,1.0198916,13.2389775,44.7399978638,37.8564605713,7.25,4.68664312363,-30.6760845184,20.5461711884,-10.1689338684,-1.59466063976,97277.2155762,35.0400009155,-917.687255859,False
9.9,-0.136,-0.092,-0.366,1.0787315,0.93163175,12.87613145,44.7799987793,37.8564605713,7.25,4.68664312363,-30.6760845184,20.9483795166,-9.38083362579,-1.63817715645,97274.3713379,35.0400009155,-917.687255859,False
10.0,0.307,-0.23,-0.41,1.34351105,0.18632635,10.0616229,44.8400001526,37.8564605713,7.32999992371,4.68664312363,-30.6760845184,21.3946285248,-8.54805374146,-1.44094502926,97269.6838379,34.8400001526,-933.063476562,False
10.100000000000001,0.205,-0.327,-0.348,1.1375714,0.14709975,11.67972015,44.8499984741,37.8564605713,7.53999996185,4.68664312363,-30.6760845184,21.7163600922,-7.87007141113,-1.3197299242,97269.6838379,34.75,-933.063476562,False
10.200000000000001,0.243,-0.337,-0.293,1.20621795,0.0196133,16.66149835,44.8400001526,40.8684654236,7.67999982834,2.01669740677,-19.8844203949,22.0826702118,-6.93048429489,-1.38257110119,97270.4406738,34.6800003052,-959.728271484,False
10.3,0.243,-0.337,-0.293,1.20621795,0.0196133,16.66149835,44.8400001526,40.8684654236,7.71000003815,2.01669740677,-19.8844203949,22.3093338013,-6.28071117401,-1.51410090923,97270.4406738,34.6800003052,-959.728271484,False
10.4,0.034,-0.118,-0.146,1.34351105,0.392266,14.17060925,44.8400001526,40.8684654236,7.56999969482,2.01669740677,-19.8844203949,22.6604366302,-5.30497837067,-1.59666693211,97269.4519043,34.6100006104,-959.728271484,False
10.5,-0.067,-0.123,-0.135,1.5886773,0.4903325,11.93469305,44.8400001526,40.8684654236,7.5499997139,2.01669740677,-19.8844203949,22.9961223602,-4.41174554825,-1.45339214802,97272.8027344,34.4300003052,-968.809143066,False
10.600000000000001,-0.052,-0.189,-0.23,1.34351105,0.61781895,10.0616229,44.8499984741,42.698890686,7.60999965668,2.11370110512,-13.6711101532,23.2870883942,-3.45874357224,-1.32883727551,97266.6625977,34.3400001526,-978.536621094,False
10.700000000000001,-0.052,-0.189,-0.23,1.34351105,0.61781895,10.0616229,44.8499984741,42.698890686,7.75999975204,2.11370110512,-13.6711101532,23.4579658508,-2.90323853493,-1.17585754395,97266.6625977,34.2700004578,-978.536621094,False
10.8,-0.061,-0.219,-0.278,1.53964405,0.3334261,13.3566573,44.8499984741,42.698890686,7.94000005722,2.11370110512,-13.6711101532,23.7012386322,-1.96675312519,-1.03590524197,97268.2067871,34.2299995422,-1000.35742188,False
10.9,-0.061,-0.219,-0.278,1.53964405,0.3334261,13.3566573,44.8499984741,42.698890686,7.94000005722,2.11370110512,-13.6711101532,23.8126316071,-1.44932341576,-1.03895497322,97269.0734863,34.2299995422,-1000.35742188,False
11.0,0.089,-0.188,-0.291,1.22583125,0.4118793,12.91535805,44.8600006104,42.1230659485,8.13999938965,1.69120633602,-6.05421543121,23.9951610565,-0.212526723742,-1.05196475983,97265.637207,34.1599998474,-1014.14239502,False
11.100000000000001,0.016,-0.42,-0.266,1.2160246,0.4903325,14.83746145,44.8400001526,42.1230659485,8.14999961853,1.69120633602,-6.05421543121,24.0999660492,0.921842336655,-1.32445418835,97267.7185059,34.1300010681,-1014.14239502,False
11.200000000000001,0.208,-0.442,-0.261,1.4513842,0.4903325,18.1619158,44.8199996948,42.1230659485,7.92999982834,1.69120633602,-6.05421543121,24.1221828461,1.93532502651,-1.61887443066,97258.3251953,34.0599975586,-1038.46398926,False
11.3,0.08,-0.316,-0.235,1.3925443,0.87279185,16.2594257,44.8099975586,42.1230659485,7.94000005722,1.69120633602,-6.05421543121,24.1243133545,3.05516624451,-1.8360902071,97262.121582,34.0599975586,-1038.46398926,False
11.4,0.177,-0.16,-0.274,1.3533177,0.59820565,12.75845165,44.8299980164,42.1230659485,7.5,1.69120633602,-6.05421543121,24.0991382599,4.26590156555,-1.83368372917,97257.232666,33.8099975586,-1015.28509521,False
11.5,0.177,-0.16,-0.274,1.3533177,0.59820565,12.75845165,44.8400001526,46.4208335876,7.51999998093,2.41132283211,6.01524114609,24.0766124725,4.63236713409,-1.79507911205,97257.232666,33.8099975586,-1015.28509521,False
11.600000000000001,0.021,-0.215,-0.3,1.5102241,0.08825985,11.71894675,44.8600006104,46.4208335876,7.36999988556,2.41132283211,6.01524114609,24.0035057068,6.03268527985,-1.50120663643,97255.0292969,33.5499992371,-1027.19384766,False
11.700000000000001,0.021,-0.215,-0.3,1.5102241,0.08825985,11.71894675,44.8699989319,46.4208335876,7.34999990463,2.41132283211,6.01524114609,23.9417190552,6.57413482666,-1.41312777996,97255.0292969,33.4500007629,-1027.19384766,False
11.8,0.006,-0.275,-0.258,1.53964405,0.392266,12.56231865,44.8600006104,46.4208335876,7.28999996185,2.41132283211,6.01524114609,23.7361469269,7.92314815521,-1.27742516994,97253.3752441,33.3600006104,-1036.26818848,False
11.9,0.006,-0.275,-0.258,1.53964405,0.392266,12.56231865,44.8699989319,46.4208335876,7.2999997139,2.41132283211,6.01524114609,23.640871048,8.59198474884,-1.11143624783,97253.3752441,33.2799987793,-1036.26818848,False
12.0,-0.101,-0.211,-0.271,1.3925443,0.24516625,9.14960445,44.8699989319,47.7622642517,7.46000003815,1.04981255531,16.5984210968,23.3870544434,9.62242221832,-0.915442824364,97246.8017578,33.2299995422,-1058.55371094,False
12.100000000000001,-0.073,-0.361,-0.266,1.0591182,1.02969825,14.26867575,44.8699989319,47.7622642517,7.44999980927,1.04981255531,16.5984210968,23.2176094055,10.1912851334,-0.930689811707,97255.255127,33.2299995422,-1058.55371094,False
12.200000000000001,-0.208,-0.264,-0.311,1.176798,1.0198916,12.6309652,44.8799972534,47.7622642517,7.34999990463,1.04981255531,16.5984210968,22.7635879517,11.4251089096,-0.946727275848,97252.2216797,33.1399993896,-1074.54125977,False
12.3,-0.312,-0.311,-0.379,1.22583125,0.53936575,13.6508568,44.8799972534,47.7622642517,7.32999992371,1.04981255531,16.5984210968,22.524641037,11.9955949783,-1.03146994114,97252.2888184,33.1399993896,-1074.54125977,False
12.4,-0.13,-0.332,-0.393,0.980665,0.392266,17.38719045,44.8799972534,44.2617683411,7.23000001907,0.203126087785,28.5200061798,21.99792099,13.0909852982,-1.3020876646,97244.4213867,33.0299987793,-1086.42541504,False
12.5,0.168,-0.357,-0.352,0.71588545,0.08825985,17.66177665,44.8799972534,44.2617683411,6.96999979019,0.203126087785,28.5200061798,21.3974246979,14.1675806046,-1.56694424152,97246.0998535,33.0299987793,-1086.42541504,False
12.600000000000001,-0.051,-0.316,-0.286,0.5295591,0.392266,12.7682583,44.8799972534,44.2617683411,6.42000007629,0.203126087785,28.5200061798,20.6388874054,15.2767677307,-1.58942317963,97248.5351562,32.8099975586,-1033.31030273,False
12.700000000000001,0.005,-0.254,-0.283,0.4511059,0.2745862,15.11204765,44.8799972534,44.2617683411,6.42000007629,0.203126087785,28.5200061798,20.2647724152,15.7915306091,-1.67211985588,97234.8754883,32.8099975586,-1033.31030273,False
12.8,0.533,-0.232,-0.227,0.4511059,0.34323275,12.5721253,44.8799972534,44.7644195557,5.83999967575,0.403260678053,37.3821868896,19.2789745331,17.0151119232,-1.77935349941,97236.71875,32.5400009155,-1009.79101562,False
12.9,0.245,-0.38,-0.266,0.59820565,0.0980665,12.79767825,44.8799972534,44.7644195557,5.67000007629,0.403260678053,37.3821868896,18.6666603088,17.6948986053,-1.61674106121,97237.5183105,32.3899993896,-1009.79101562,False
13.0,0.245,-0.38,-0.266,0.59820565,0.0980665,12.79767825,44.8799972534,44.7644195557,5.55999994278,0.403260678053,37.3821868896,18.2788200378,18.1197357178,-1.46909153461,97233.9660645,32.25,-1019.27453613,False
13.100000000000001,-0.027,-0.498,-0.244,0.8825985,0.16671305,12.69961175,44.8600006104,50.7592658997,5.34999990463,0.958135187626,46.3695297241,17.0733165741,19.3090400696,-1.4977260828,97233.1726074,32.1399993896,-1019.27453613,False
13.200000000000001,0.041,-0.439,-0.237,1.36312435,0.12748645,17.8873296,44.8499984741,50.7592658997,4.94999980927,0.958135187626,46.3695297241,16.2879600525,19.9956169128,-1.61004769802,97228.7963867,32.0099983215,-994.548400879,False
13.3,0.04,-0.43,-0.23,0.8825985,0.4707192,16.0044528,44.8400001526,50.7592658997,4.94000005722,0.958135187626,46.3695297241,15.4291753769,20.6667098999,-1.75938594341,97236.8835449,32.0099983215,-994.548400879,False
13.4,-0.429,-0.458,-0.221,0.588399,0.51975245,24.0851324,44.8099975586,50.7592658997,3.59999990463,0.958135187626,46.3695297241,13.3800239563,22.0315246582,-2.59758853912,97228.0517578,31.6999988556,-1032.67919922,False
13.5,-0.515,-0.339,-0.245,0.4511059,0.83356525,22.52587505,44.8099975586,48.3329811096,2.62999987602,2.88238811493,56.1742362976,12.3521671295,22.6404209137,-2.95635199547,97231.8664551,31.4699993134,-1032.67919922,False
13.600000000000001,-0.225,-0.352,-0.248,0.2549729,-0.42168595,22.03554255,44.7899971008,48.3329811096,1.53999996185,2.88238811493,56.1742362976,10.8740272522,23.3846645355,-3.49525952339,97228.0395508,31.1700000763,-953.885864258,False
13.700000000000001,0.12,-0.275,-0.17,0.0196133,-0.55897905,16.83801805,44.7700004578,48.3329811096,0.579999983311,2.88238811493,56.1742362976,9.41874504089,23.9891796112,-3.68223166466,97230.9875488,30.8299999237,-953.885864258,False
13.8,0.185,-0.342,-0.105,-0.32361945,-0.48052585,14.17060925,44.7299995422,48.3329811096,0.599999964237,2.88238811493,56.1742362976,8.73611736298,24.2059745789,-3.6866672039,97220.0744629,30.4699993134,-926.729003906,False
13.9,0.095,-0.294,-0.096,-0.42168595,-0.28439285,13.26839745,44.6599998474,47.5974121094,-1.05999994278,4.49890804291,63.9009056091,7.33297348022,24.5955200195,-3.52672123909,97205.8349609,30.1199989319,-926.729003906,False
14.0,0.031,-0.271,-0.098,-0.4903325,-0.0784532,11.76798,44.6199989319,47.5974121094,-1.77999997139,4.49890804291,63.9009056091,6.37979507446,24.7985725403,-3.35768413544,97203.5217285,29.7799987793,-899.961486816,False
14.100000000000001,-0.055,-0.26,-0.136,-0.5295591,0.4511059,12.64077185,44.5900001526,47.5974121094,-2.52999997139,4.49890804291,63.9009056091,5.63444900513,24.9295711517,-3.26296591759,97197.6623535,29.4499988556,-899.961486816,False
14.200000000000001,-0.082,-0.124,-0.252,-0.7256921,0.81395195,10.7480884,44.6199989319,48.2024993896,-3.33999991417,6.09758710861,69.5471343994,4.5302529335,25.0803203583,-3.13017940521,97183.8623047,29.1199989319,-875.13104248,False
14.3,-0.009,-0.242,-0.326,-0.69627215,0.2549729,11.4737805,44.6599998474,48.2024993896,-3.99000000954,6.09758710861,69.5471343994,3.92916202545,25.1358909607,-2.92195868492,97177.0507812,28.8199996948,-875.13104248,False
14.4,-0.009,-0.242,-0.326,-0.69627215,0.2549729,11.4737805,44.719997406,48.2024993896,-4.67000007629,6.09758710861,69.5471343994,2.71469497681,25.1981639862,-2.71146321297,97177.0507812,28.5100002289,-815.64465332,False
14.5,0.146,-0.179,-0.324,-0.8825985,0.4314926,10.787315,44.7599983215,48.2024993896,-5.34999990463,6.09758710861,69.5471343994,2.18597173691,25.2145709991,-2.61927318573,97168.963623,28.2099990845,-815.64465332,False
14.600000000000001,0.146,-0.179,-0.324,-0.8825985,0.4314926,10.787315,44.7999992371,48.2024993896,-5.92000007629,6.09758710861,69.5471343994,1.20134532452,25.2142753601,-2.35457038879,97157.4768066,27.9300003052,-875.503356934,False
14.700000000000001,0.122,-0.153,-0.306,-0.81395195,-0.196133,7.7668668,44.8400001526,49.3601951599,-6.42999982834,2.99225854874,78.6924972534,0.512188673019,25.1997013092,-1.96622776985,97171.7163086,27.6700000763,-875.503356934,False
14.8,0.135,-0.2,-0.24,-0.9610517,0.2549729,8.7671451,44.8600006104,49.3601951599,-6.71999979019,2.99225854874,78.6924972534,-0.161503434181,25.1513729095,-1.55100488663,97141.5466309,27.4399986267,-845.482666016,False
14.9,0.075,-0.208,-0.198,-1.04931155,0.34323275,10.48330885,44.8600006104,49.3601951599,-6.94999980927,2.99225854874,78.6924972534,-0.95098233223,25.1051807404,-1.20488893986,97151.4892578,27.2600002289,-845.482666016,False
15.0,0.075,-0.208,-0.198,-1.04931155,0.34323275,10.48330885,44.8699989319,51.0818901062,-7.17999982834,1.21845531464,85.0438919067,-1.9374486208,25.0225563049,-0.87521904707,97151.4892578,27.1199989319,-832.488037109,False
15.100000000000001,0.018,-0.28,-0.196,-0.9022118,0.16671305,11.3561007,44.8699989319,51.0818901062,-7.39999961853,1.21845531464,85.0438919067,-2.46519207954,24.9668693542,-0.748566925526,97149.7741699,26.9899997711,-832.488037109,False
15.200000000000001,-0.021,-0.242,-0.205,-0.7453054,0.1765197,12.40541225,44.8699989319,51.0818901062,-7.60999965668,1.21845531464,85.0438919067,-3.57156896591,24.8464183807,-0.52516835928,97138.4765625,26.8899993896,-820.239440918,False
15.3,0.039,-0.109,-0.288,-0.7453054,0.04903325,9.2967042,44.8799972534,51.0818901062,-7.77999973297,1.21845531464,85.0438919067,-4.31571435928,24.7292137146,-0.214704498649,97145.703125,26.7999992371,-820.239440918,False
15.4,-0.067,-0.141,-0.3,-0.75511205,0.4314926,8.44352565,44.8799972534,51.304901123,-7.75,0.0332588590682,91.4102249146,-4.98220920563,24.601442337,0.15375623107,97134.4177246,26.7399997711,-817.321594238,False
15.5,-0.061,-0.255,-0.323,-0.95124505,0.5491724,7.9826131,44.8799972534,51.304901123,-7.64999961853,0.0332588590682,91.4102249146,-5.66536664963,24.4625530243,0.544213235378,97143.3959961,26.7299995422,-817.321594238,False
15.600000000000001,-0.052,-0.329,-0.314,-0.87279185,0.1765197,11.6306869,42.75,51.304901123,-7.48999977112,0.0332588590682,91.4102249146,-6.42764568329,24.296497345,0.834429085255,97143.2189941,26.7399997711,-813.667297363,False
15.700000000000001,-0.052,-0.329,-0.314,-0.87279185,0.1765197,11.6306869,39.6299972534,51.304901123,-7.39999961853,0.0332588590682,91.4102249146,-7.12855577469,24.1221904755,0.942993819714,97143.2189941,26.7899990082,-813.667297363,False
15.8,-0.065,-0.246,-0.33,-0.77472535,0.00980665,12.05237285,35.8999977112,49.6985054016,-7.25999975204,-2.38916039467,100.626228333,-8.12199211121,23.8438167572,1.20541954041,97135.5041504,26.8499984741,-796.174072266,False
15.9,-0.077,-0.226,-0.279,-0.75511205,-0.0980665,11.1599677,32.0499992371,49.6985054016,-7.01999998093,-2.38916039467,100.626228333,-8.76085853577,23.6512508392,1.40078663826,97141.1315918,26.9399986267,-796.174072266,False
16.0,-0.169,-0.194,-0.233,-0.6668522,0.0588399,10.69905515,32.0400009155,49.6985054016,-7.05999994278,-2.38916039467,100.626228333,-9.35838222504,23.460893631,1.56410455704,97140.9423828,26.9399986267,-796.174072266,False
16.1,-0.299,-0.33,-0.178,-0.57859235,0.16671305,14.07254275,27.7299995422,49.6985054016,-6.8799996376,-2.38916039467,100.626228333,-10.3282012939,23.139913559,1.55536782742,97149.6154785,27.0299987793,-782.189208984,False
16.2,-0.313,-0.206,-0.109,-0.91201845,0.4511059,13.5724036,14.7999992371,45.8177566528,-6.77999973297,-3.07692456245,107.165100098,-11.6646175385,22.6416740417,1.44276297092,97147.1923828,27.2399997711,-780.513549805,False
16.3,-0.313,-0.206,-0.109,-0.91201845,0.4511059,13.5724036,14.7999992371,45.8177566528,-6.82999992371,-3.07692456245,107.165100098,-12.1264677048,22.4323043823,1.41532588005,97147.1923828,27.2399997711,-780.513549805,False
16.400000000000002,-0.512,-0.138,-0.136,-0.85317855,1.14737805,11.95430635,1.90999996662,45.8177566528,-6.77999973297,-3.07692456245,107.165100098,-13.0296115875,21.9825973511,1.41942715645,97144.1772461,27.4200000763,-801.134521484,False
16.5,-0.785,-0.158,-0.268,-0.93163175,0.79433865,11.7091401,-3.66999983788,38.21875,-6.7999997139,-2.67128109932,111.064483643,-13.4761857986,21.7075061798,1.45864057541,97146.6674805,27.5100002289,-801.134521484,False
16.6,-0.785,-0.158,-0.268,-0.93163175,0.79433865,11.7091401,-8.82999992371,38.21875,-6.82999992371,-2.67128109932,111.064483643,-13.8311882019,21.4809799194,1.42358016968,97146.6674805,27.609998703,-746.281982422,False
16.7,-0.905,-0.164,-0.28,-0.9414384,0.4707192,11.7483667,-13.6799993515,24.74401474,-6.94999980927,-3.26810026169,115.748016357,-14.1600160599,21.2537612915,1.32425177097,97147.0214844,27.6899986267,-746.281982422,False
16.8,-0.843,-0.174,-0.266,-1.2552512,0.3138128,13.69989005,-17.9799995422,24.74401474,-7.19999980927,-3.26810026169,115.748016357,-14.5084686279,20.9755973816,1.0613399744,97149.4567871,27.75,-828.779968262,False
16.900000000000002,-0.701,-0.101,-0.205,-1.4121576,0.0980665,12.79767825,-21.859998703,24.74401474,-7.48999977112,-3.26810026169,115.748016357,-14.8887748718,20.6133346558,0.678012490273,97149.5666504,27.7799987793,-828.779968262,False
17.0,-0.703,-0.103,-0.087,-1.4121576,0.10787315,11.76798,-25.0299987793,24.74401474,-7.78999996185,-3.26810026169,115.748016357,-15.0397367477,20.4026813507,0.459290891886,97151.0498047,27.7899990082,-823.03503418,False
17.1,-0.703,-0.103,-0.087,-1.4121576,0.10787315,11.76798,-27.6399993896,24.74401474,-8.13000011444,-3.26810026169,115.748016357,-15.1030263901,20.2308731079,0.256196826696,97151.0498047,27.7699985504,-823.03503418,False
17.2,-0.685,-0.122,0.014,-1.26505785,0.1569064,11.7483667,-29.7299995422,5.06654787064,-8.5,-2.05928778648,120.468338013,-15.0930213928,20.0964851379,0.032606381923,97154.1931152,27.7399997711,-813.036743164,False
17.3,-0.685,-0.122,0.014,-1.26505785,0.1569064,11.7483667,-29.7399997711,5.06654787064,-8.5,-2.05928778648,120.468338013,-15.0507688522,20.0362281799,-0.0869546309114,97154.1931152,27.7399997711,-813.036743164,False
17.400000000000002,-0.76,-0.084,0.051,-1.4513842,0.46091255,11.2580342,-32.469997406,5.06654787064,-9.36999988556,-2.05928778648,120.468338013,-14.8058547974,19.9442462921,-0.35822853446,97155.078125,27.5999984741,-795.255249023,False
17.5,-0.628,0.098,0.002,-1.14737805,1.19736534853e-15,9.77723005,-33.2399978638,-6.50647592545,-9.76999950409,-0.872707009315,120.230918884,-14.5769939423,19.9108428955,-0.424684554338,97146.5759277,27.5100002289,-795.255249023,False
17.6,-0.628,0.098,0.002,-1.14737805,1.19736534853e-15,9.77723005,-33.8499984741,-6.50647592545,-10.0900001526,-0.872707009315,120.230918884,-14.3216743469,19.9061870575,-0.37216925621,97146.5759277,27.4200000763,-764.423156738,False
17.7,-0.552,-0.005,0.04,-1.46119085,0.0980665,8.28661925,-34.3499984741,-6.50647592545,-10.279999733,-0.872707009315,120.230918884,-14.0511598587,19.9053497314,-0.201224476099,97144.3969727,27.3299999237,-764.423156738,False
17.8,-0.453,0.063,0.064,-1.16699135,-0.0392266,8.36507245,-34.5799980164,-6.50647592545,-10.4600000381,-0.872707009315,120.230918884,-13.7273054123,19.9404087067,-0.0640591979027,97146.5820312,27.25,-732.554992676,False
17.900000000000002,-0.348,0.06,0.1,-1.12776475,-0.18632635,7.3549875,-34.7999992371,-19.9260978699,-10.5199995041,-2.43049740791,120.006668091,-13.4164638519,19.9907875061,0.151151388884,97144.2016602,27.1999988556,-732.554992676,False
18.0,-0.322,-0.019,0.121,-1.0591182,-0.02941995,8.18855275,-34.9399986267,-19.9260978699,-10.4399995804,-2.43049740791,120.006668091,-13.1590051651,20.0252342224,0.38202598691,97144.9645996,27.1800003052,-692.849365234,False
18.1,-0.322,-0.019,0.121,-1.0591182,-0.02941995,8.18855275,-34.9500007629,-19.9260978699,-10.3400001526,-2.43049740791,120.006668091,-12.7465219498,20.125120163,0.666158020496,97144.9645996,27.1800003052,-692.849365234,False
18.2,-0.207,-0.033,0.136,-1.3140911,-0.1176798,8.07087295,-34.8299980164,-19.9260978699,-10.2100000381,-2.43049740791,120.006668091,-12.3876934052,20.2105712891,0.897107183933,97142.6330566,27.2099990845,-673.638549805,False
18.3,-0.108,-0.089,0.165,-1.10815145,-0.38245935,8.24739265,-34.6800003052,-26.209897995,-10.0500001907,-3.81757831573,117.955238342,-11.9976453781,20.3065891266,1.06971359253,97144.140625,27.2600002289,-673.638549805,False
18.400000000000002,-0.127,-0.152,0.198,-1.0002783,-0.1765197,9.9439431,-34.3199996948,-26.209897995,-9.88000011444,-3.81757831573,117.955238342,-11.4630775452,20.4655284882,1.15390896797,97143.3410645,27.3400001526,-653.594604492,False
18.5,-0.078,-0.086,0.237,-1.16699135,-0.12748645,10.56176205,-34.3099975586,-26.209897995,-9.88000011444,-3.81757831573,117.955238342,-11.1608839035,20.5582904816,1.15287184715,97146.1608887,27.3400001526,-653.594604492,False
18.6,-0.096,-0.137,0.249,-1.0002783,-0.02941995,10.2577559,-33.0499992371,-28.2674217224,-9.60999965668,-4.16136693954,113.252883911,-10.8064126968,20.6558036804,1.25590217113,97148.5595703,27.5100002289,-625.423217773,False
18.7,-0.192,-0.143,0.251,-1.176798,0.1569064,10.69905515,-32.0999984741,-28.2674217224,-9.46000003815,-4.16136693954,113.252883911,-10.1794872284,20.8269081116,1.31348204613,97146.6552734,27.5999984741,-625.423217773,False
18.8,-0.162,-0.125,0.215,-0.7649187,0.12748645,11.16977435,-32.0999984741,-28.2674217224,-9.43999958038,-4.16136693954,113.252883911,-9.72870731354,20.9509220123,1.33202493191,97151.4587402,27.5999984741,-625.423217773,False
18.900000000000002,-0.104,0.001,0.176,-0.8825985,0.04903325,9.44380395,-29.9599990845,-28.2674217224,-9.06999969482,-4.16136693954,113.252883911,-9.10787200928,21.10364151,1.50181913376,97148.3947754,27.7899990082,-602.00402832,False
19.0,-0.148,-0.09,0.113,-0.57859235,-0.0980665,9.2574776,-28.9599990845,-28.2674217224,-8.72999954224,-4.16136693954,113.252883911,-8.48396015167,21.239572525,1.70841777325,97152.9907227,27.9099998474,-583.754150391,False
19.1,-0.148,-0.09,0.113,-0.57859235,-0.0980665,9.2574776,-27.7699985504,-32.0737800598,-8.39999961853,-5.31654882431,108.586677551,-8.07931900024,21.338476181,1.86906814575,97152.9907227,28.0399990082,-583.754150391,False
19.200000000000003,0.136,-0.128,0.002,-0.6080123,-0.30400615,10.6107953,-26.5699996948,-32.0737800598,-7.98000001907,-5.31654882431,108.586677551,-7.48318719864,21.4754543304,2.13600850105,97154.8156738,28.1999988556,-567.312805176,False
19.3,0.213,-0.092,0.052,-0.46091255,-0.69627215,13.925443,-25.25,-32.0737800598,-7.65999984741,-5.31654882431,108.586677551,-6.90719556808,21.6388511658,2.05003333092,97160.0158691,28.3799991608,-567.312805176,False
19.400000000000002,0.078,-0.056,0.215,-0.77472535,-0.67665885,12.13082605,-23.2799987793,-32.0737800598,-7.53999996185,-5.31654882431,108.586677551,-6.29781961441,21.8027305603,1.84974133968,97159.4604492,28.5399990082,-547.630126953,False
19.5,0.078,-0.056,0.215,-0.77472535,-0.67665885,12.13082605,-21.7700004578,-30.1778964996,-7.31999969482,-5.19110250473,106.308021545,-5.72889280319,21.9521217346,1.86535739899,97159.4604492,28.6899986267,-547.630126953,False
19.6,0.148,-0.105,0.318,-0.57859235,-0.75511205,11.2188076,-20.2899990082,-30.1778964996,-7.11999988556,-5.19110250473,106.308021545,-5.42285203934,22.0128974915,1.84088027477,97163.293457,28.8299999237,-539.462463379,False
19.700000000000003,0.151,-0.193,0.376,-0.3726527,-0.1372931,12.73883835,-18.3199996948,-30.1778964996,-7.00999975204,-5.19110250473,106.308021545,-4.71403741837,22.17329216,1.64247143269,97168.0053711,28.9699993134,-539.462463379,False
19.8,0.171,-0.247,0.313,-0.40207265,0.0392266,11.9444997,-16.1999988556,-30.1778964996,-6.92999982834,-5.19110250473,106.308021545,-4.26092243195,22.2665710449,1.54438221455,97171.7163086,29.0900001526,-534.149719238,False
19.900000000000002,0.248,-0.182,0.262,-0.392266,0.2157463,12.62115855,-14.1499996185,-27.3430671692,-6.8799996376,-6.47939682007,99.0601654053,-3.60530972481,22.3759155273,1.39265120029,97171.7163086,29.1899986267,-534.149719238,False
20.0,0.206,-0.089,0.231,-0.5687857,0.16671305,13.36646395,-11.7899999619,-27.3430671692,-6.92999982834,-6.47939682007,99.0601654053,-3.00178647041,22.4408893585,1.11640703678,97169.7875977,29.2799987793,-534.256530762,False
20.1,0.338,-0.148,0.202,-0.40207265,0.0784532,12.24850585,-9.47999954224,-27.3430671692,-7.03999996185,-6.47939682007,99.0601654053,-2.49643993378,22.4842796326,0.967022776604,97169.7875977,29.3499984741,-534.256530762,False
20.200000000000003,0.338,-0.148,0.202,-0.40207265,0.0784532,12.24850585,-7.46000003815,-21.9331951141,-7.14999961853,-5.92506599426,92.986541748,-2.11189889908,22.4950962067,0.825713932514,97174.5788574,29.3899993896,-538.913513184,False
20.3,0.297,-0.108,0.138,-0.2941995,0.08825985,12.160246,-5.32999992371,-21.9331951141,-7.33999967575,-5.92506599426,92.986541748,-1.56741392612,22.5219688416,0.569819927216,97176.9104004,29.4200000763,-538.913513184,False
20.400000000000002,0.169,-0.081,0.108,-0.32361945,0.22555295,14.36674225,-3.24000000954,-21.9331951141,-7.61999988556,-5.92506599426,92.986541748,-1.20657491684,22.5235996246,0.356180310249,97174.0600586,29.4299983978,-539.066711426,False
20.5,0.128,-0.046,0.095,-0.46091255,0.67665885,11.7875933,-1.00999999046,-21.9331951141,-7.83999967575,-5.92506599426,92.986541748,-0.575783848763,22.4822788239,0.202328950167,97173.2177734,29.4099998474,-539.066711426,False
20.6,0.202,-0.004,-0.04,-0.6668522,0.8237586,9.7085835,-1.00999999046,-17.7112960815,-7.84999990463,-5.37584209442,90.557762146,-0.45061391592,22.4507350922,0.257323026657,97176.5625,29.3799991608,-533.131225586,False
20.700000000000003,0.591,-0.013,-0.178,-0.4511059,1.3174621738499999e-15,10.75789505,0.879999995232,-17.7112960815,-8.05000019073,-5.37584209442,90.557762146,-0.181406036019,22.4080486298,0.233838558197,97173.3337402,29.3799991608,-533.131225586,False
20.8,0.517,-0.026,-0.13,-0.5099458,-0.50013915,9.91452315,3.86999988556,-17.7112960815,-8.48999977112,-5.37584209442,90.557762146,0.0283818822354,22.2989521027,0.316474854946,97175.3173828,29.3199996948,-527.565368652,False
20.900000000000002,0.449,-0.009,-0.027,-0.79433865,-0.6668522,6.8842683,4.07999992371,-17.7112960815,-8.44999980927,-5.37584209442,90.557762146,0.0529517382383,22.2515296936,0.4437520504,97175.1953125,29.3099994659,-527.565368652,False
21.0,0.449,0.033,0.19,-0.83356525,-0.4118793,10.56176205,8.38000011444,-6.39850139618,-8.52999973297,-4.93537569046,92.4444732666,0.0503371097147,22.1624088287,0.415171802044,97171.5759277,29.2999992371,-520.390136719,False
21.1,0.394,0.008,0.227,-0.69627215,-0.34323275,6.6489087,8.4299993515,-6.39850139618,-8.64999961853,-4.93537569046,92.4444732666,0.0181167721748,22.0856571198,0.584506392479,97176.7700195,29.2999992371,-521.390075684,False
21.200000000000003,0.394,0.008,0.227,-0.69627215,-0.34323275,6.6489087,8.22999954224,-6.39850139618,-8.44999980927,-4.93537569046,92.4444732666,-0.043464563787,22.008266449,0.827196359634,97176.7700195,29.3199996948,-518.973083496,False
21.3,0.186,0.029,0.223,-0.75511205,-0.1372931,7.1784678,8.22999954224,-6.39850139618,-8.44999980927,-4.93537569046,92.4444732666,-0.0814503207803,21.9639835358,0.955559134483,97173.6755371,29.3699989319,-518.973083496,False
21.400000000000002,0.171,0.005,0.198,-0.9022118,0.0980665,7.1392412,11.0100002289,0.936029195786,-8.09000015259,-5.81969213486,88.347366333,-0.154513418674,21.8952941895,1.08615016937,97173.6999512,29.4399986267,-516.52734375,False
21.5,0.175,-0.061,0.115,-0.9218251,0.784532,9.46341725,16.8899993896,0.936029195786,-8.09000015259,-5.81969213486,88.347366333,-0.197443112731,21.833896637,0.962235629559,97179.9255371,29.5100002289,-516.52734375,False
21.6,0.134,0.02,-0.031,-0.784532,0.69627215,8.11009955,17.0799999237,0.936029195786,-8.0,-5.81969213486,88.347366333,-0.224765941501,21.7820491791,0.991221785545,97179.9255371,29.5699996948,-506.276519775,False
21.700000000000003,0.156,0.014,-0.122,-0.6080123,0.67665885,7.12943455,25.9300003052,4.50384044647,-7.81999969482,-5.22288370132,86.0684814453,-0.264836996794,21.7119407654,1.18059897423,97178.9672852,29.6499996185,-506.276519775,False
21.8,0.257,-0.025,-0.214,-0.8433719,0.51975245,7.8845466,26.359998703,4.50384044647,-7.52999973297,-5.22288370132,86.0684814453,-0.310829490423,21.6679019928,1.37286639214,97179.6875,29.7299995422,-499.397277832,False
21.900000000000002,0.422,0.037,-0.259,-0.7060788,-0.0196133,8.629852,26.6599998474,4.50384044647,-7.23000001907,-5.22288370132,86.0684814453,-0.447206944227,21.6266498566,1.47553801537,97182.2998047,29.8400001526,-499.397277832,False
22.0,0.422,0.037,-0.259,-0.7060788,-0.0196133,8.629852,32.4500007629,4.50384044647,-6.94000005722,-5.22288370132,86.0684814453,-0.518584668636,21.6117591858,1.5006711483,97182.2998047,29.9599990845,-494.947998047,False
22.1,0.497,0.123,-0.221,-0.91201845,-0.00980665,7.8845466,32.5099983215,12.2595729828,-6.50999975204,-6.90501070023,90.8452224731,-0.777830243111,21.553194046,1.79566085339,97182.0068359,30.0999984741,-494.947998047,False
22.200000000000003,0.562,-0.055,-0.131,-0.81395195,-0.196133,10.71866845,37.3400001526,12.2595729828,-6.03999996185,-6.90501070023,90.8452224731,-1.06913220882,21.5252895355,1.8596175909,97184.3017578,30.2600002289,-485.765838623,False
22.3,0.473,-0.007,-0.071,-0.59820565,0.18632635,9.2574776,37.0999984741,12.2595729828,-5.75,-6.90501070023,90.8452224731,-1.43054592609,21.5259799957,1.82793056965,97192.3034668,30.4200000763,-485.765838623,False
22.400000000000002,0.502,-0.026,-0.113,-0.48052585,0.2745862,8.40429905,36.8600006104,12.2595729828,-5.26999998093,-6.90501070023,90.8452224731,-1.90074574947,21.491481781,1.98847591877,97196.8078613,30.5799999237,-479.873291016,False
22.5,0.516,-0.072,-0.165,-0.28439285,0.1765197,11.1599677,42.3600006104,23.0278110504,-4.76999998093,-7.9031419754,93.4887542725,-2.22770428658,21.5051288605,2.03258013725,97196.8078613,30.7600002289,-479.873291016,False
22.6,0.262,-0.055,-0.146,-0.30400615,-0.02941995,12.3956056,42.0299987793,23.0278110504,-4.38999986649,-7.9031419754,93.4887542725,-2.79623746872,21.5162754059,1.89509952068,97197.088623,30.9499988556,-480.484008789,False
22.700000000000003,0.262,-0.055,-0.146,-0.30400615,-0.02941995,12.3956056,44.0299987793,23.0278110504,-4.05999994278,-7.9031419754,93.4887542725,-3.13988947868,21.5246067047,1.84791254997,97197.088623,31.1199989319,-480.484008789,False
22.8,0.38,-0.196,-0.105,-0.3726527,0.1176798,11.48358715,43.6599998474,23.0278110504,-3.6899998188,-7.9031419754,93.4887542725,-3.99326324463,21.5213356018,1.80330204964,97203.6682129,31.2899990082,-487.524780273,False
22.900000000000002,0.365,-0.281,-0.092,-0.44129925,0.30400615,11.62088025,43.2000007629,30.6107120514,-3.32999992371,-7.6016368866,97.1509399414,-4.6475019455,21.5025024414,1.75435829163,97206.9274902,31.4499988556,-487.524780273,False
23.0,0.365,-0.281,-0.092,-0.44129925,0.30400615,11.62088025,44.6599998474,30.6107120514,-2.98000001907,-7.6016368866,97.1509399414,-5.36521100998,21.4641361237,1.65929341316,97206.9274902,31.609998703,-506.395721436,False
23.1,-0.096,-0.288,-0.125,0.0,0.61781895,13.46453045,44.719997406,30.6107120514,-2.75999999046,-7.6016368866,97.1509399414,-6.13751363754,21.3891029358,1.44943833351,97213.3361816,31.7699985504,-506.395721436,False
23.200000000000003,0.047,-0.244,-0.172,-0.20593965,0.5491724,14.1411893,44.7700004578,33.7000579834,-2.66999983788,-4.9338092804,100.927955627,-7.14075756073,21.2669715881,1.11420345306,97213.3361816,31.8999996185,-517.43927002,False
23.3,0.047,-0.244,-0.172,-0.20593965,0.5491724,14.1411893,44.7899971008,33.7000579834,-2.65999984741,-4.9338092804,100.927955627,-7.42762088776,21.2183151245,1.03573608398,97214.050293,31.8999996185,-517.43927002,False
23.400000000000002,0.001,-0.164,-0.23,-0.18632635,0.40207265,11.9444997,44.8199996948,33.7000579834,-2.56999993324,-4.9338092804,100.927955627,-8.56589889526,20.9808425903,0.751408100128,97223.8586426,32.0900001526,-531.182312012,False
23.5,0.001,-0.164,-0.23,-0.18632635,0.40207265,11.9444997,44.8199996948,33.7000579834,-2.45000004768,-4.9338092804,100.927955627,-9.21937656403,20.8118686676,0.76121032238,97223.8586426,32.1499977112,-531.182312012,False
23.6,-0.177,-0.137,-0.21,0.24516625,0.6080123,12.9643913,44.8299980164,33.2981185913,-2.47000002861,-3.0205283165,108.529541016,-9.8059091568,20.6633777618,0.664415538311,97217.9138184,32.2099990845,-548.715576172,False
23.700000000000003,0.0,-0.11,-0.252,0.16671305,0.392266,9.67916355,44.8199996948,33.2981185913,-2.3599998951,-3.0205283165,108.529541016,-10.4258327484,20.4955806732,0.632882237434,97220.324707,32.2700004578,-548.715576172,False
23.8,0.0,-0.11,-0.252,0.16671305,0.392266,9.67916355,44.8099975586,33.2981185913,-2.3599998951,-3.0205283165,108.529541016,-10.8674077988,20.3734951019,0.740908443928,97220.324707,32.2700004578,-548.715576172,False
23.900000000000002,0.457,-0.125,-0.293,0.00980665,0.08825985,8.8063717,44.7799987793,33.2981185913,-1.73000001907,-3.0205283165,108.529541016,-11.4446525574,20.1962203979,1.03024697304,97219.6166992,32.4099998474,-577.641967773,False
24.0,0.299,-0.048,-0.274,0.04903325,0.12748645,8.85540495,44.719997406,36.3392982483,-1.20999991894,-4.63862133026,114.528747559,-12.015712738,20.0232524872,1.47781085968,97222.467041,32.5200004578,-587.611755371,False
24.1,0.302,-0.105,-0.267,0.1176798,0.0588399,6.9234949,44.7000007629,36.3392982483,-0.509999990463,-4.63862133026,114.528747559,-12.3632440567,19.9096755981,1.81948888302,97220.2880859,32.6699981689,-587.611755371,False
24.200000000000003,0.212,-0.203,-0.236,0.4707192,-0.2157463,8.5710121,44.6800003052,39.5390396118,0.229999989271,-5.63668870926,118.126670837,-13.0138311386,19.6861782074,2.22519254684,97223.0041504,32.8699989319,-602.422058105,False
24.3,0.212,-0.203,-0.236,0.4707192,-0.2157463,8.5710121,44.6899986267,39.5390396118,0.239999994636,-5.63668870926,118.126670837,-13.3843412399,19.5453052521,2.38553214073,97223.0041504,32.8699989319,-602.422058105,False
24.400000000000002,0.183,-0.276,-0.192,0.4903325,-0.18632635,10.09104285,44.7099990845,39.5390396118,1.84999990463,-5.63668870926,118.126670837,-14.1470632553,19.2362537384,2.67826485634,97223.1750488,33.3699989319,-609.075256348,False
24.5,0.212,-0.177,-0.177,0.588399,0.00980665,11.375714,44.719997406,39.5390396118,2.67999982834,-5.63668870926,118.126670837,-15.0145683289,18.8494911194,2.86317157745,97235.3210449,33.6599998474,-608.075317383,False
24.6,0.595,-0.245,-0.128,0.8433719,0.73549875,13.34685065,44.75,39.5390396118,3.55999994278,-5.63668870926,118.126670837,-15.8377799988,18.4551773071,2.90726709366,97251.550293,33.9599990845,-612.432128906,False
24.700000000000003,0.093,-0.269,-0.19,1.372931,0.588399,16.0632927,44.7700004578,47.4178657532,4.33999967575,-4.64653873444,126.484718323,-16.8205623627,17.9604244232,2.81342434883,97263.4887695,34.2700004578,-612.432128906,False
24.8,0.093,-0.269,-0.19,1.372931,0.588399,16.0632927,44.7799987793,47.4178657532,5.01999998093,-4.64653873444,126.484718323,-17.7246208191,17.4773826599,2.79358673096,97263.4887695,34.5699996948,-630.342468262,False
24.900000000000002,0.0,-0.451,-0.254,1.7848103,0.73549875,13.6116302,44.7999992371,47.4178657532,5.81999969482,-4.64653873444,126.484718323,-18.4295730591,17.0989112854,2.80896496773,97253.729248,34.8899993896,-630.342468262,False
25.0,-0.048,-0.348,-0.34,2.01036325,0.65704555,15.2003075,44.8199996948,47.4178657532,6.46000003815,-4.64653873444,126.484718323,-19.6069126129,16.3844623566,2.66871595383,97267.010498,35.2000007629,-670.432922363,False
25.1,-0.048,-0.348,-0.34,2.01036325,0.65704555,15.2003075,44.8199996948,47.4178657532,6.46000003815,-4.64653873444,126.484718323,-19.6069126129,16.3844623566,2.66871595383,97267.010498,35.2000007629,-670.432922363,False
25.200000000000003,-0.002,-0.394,-0.286,1.59848395,0.4314926,15.01398115,44.8099975586,46.4594345093,7.92999982834,-3.83526301384,138.051681519,-21.3517398834,15.1472482681,2.65920710564,97277.2583008,35.7999992371,-723.213317871,False
25.3,-0.233,-0.475,-0.253,2.0790098,0.9414384,19.2602606,44.8299980164,46.4594345093,8.5999994278,-3.83526301384,138.051681519,-22.0401878357,14.5620279312,2.50922346115,97284.1796875,36.0999984741,-722.213378906,False
25.400000000000002,-0.222,-0.412,-0.292,1.8632635,0.91201845,17.93636285,44.8499984741,46.4594345093,8.97999954224,-3.83526301384,138.051681519,-22.9975795746,13.6653699875,2.07377481461,97288.28125,36.3800010681,-773.473571777,False
25.5,-0.06,-0.347,-0.331,1.69655045,0.3530394,14.5922952,44.8499984741,43.6170043945,9.40999984741,-2.52498435974,146.041427612,-23.9424476624,12.6773023605,1.78482961655,97299.0600586,36.6199989319,-773.473571777,False
25.6,-0.118,-0.305,-0.282,1.4121576,0.32361945,15.85735305,44.8600006104,43.6170043945,10.0100002289,-2.52498435974,146.041427612,-24.426486969,12.1250610352,1.7746540308,97299.0600586,36.8400001526,-812.176330566,False
25.700000000000003,-0.128,-0.308,-0.256,1.5102241,0.4707192,14.6315218,44.8600006104,43.6170043945,10.529999733,-2.52498435974,146.041427612,-25.0493755341,11.309419632,1.59888124466,97300.3234863,37.0499992371,-812.176330566,False
25.8,-0.054,-0.406,-0.249,1.3925443,0.588399,14.75900825,44.8699989319,41.3219795227,11.029999733,-1.9328417778,155.200393677,-25.8363361359,10.1590948105,1.37477505207,97303.4423828,37.2599983215,-841.154296875,False
25.900000000000002,-0.054,-0.406,-0.249,1.3925443,0.588399,14.75900825,44.8799972534,41.3219795227,11.5099992752,-1.9328417778,155.200393677,-26.1482105255,9.63191127777,1.22855532169,97303.4423828,37.4599990845,-841.154296875,False
26.0,0.082,-0.381,-0.287,1.8632635,0.196133,14.36674225,44.8799972534,41.3219795227,11.9899997711,-1.9328417778,155.200393677,-26.698507309,8.68128490448,1.13103628159,97301.0314941,37.6299972534,-868.765991211,False
26.1,0.082,-0.381,-0.287,1.8632635,0.196133,14.36674225,44.8799972534,41.1171417236,12.0,-0.540366888046,162.362045288,-27.0711116791,7.92120742798,0.933690547943,97301.0314941,37.7999992371,-868.765991211,False
26.200000000000003,-0.045,-0.399,-0.206,2.2359162,0.3334261,19.3583271,44.8799972534,41.1171417236,12.6300001144,-0.540366888046,162.362045288,-27.6759185791,6.34402751923,0.362759530544,97294.1772461,37.9300003052,-899.234008789,False
26.3,-0.045,-0.399,-0.206,2.2359162,0.3334261,19.3583271,44.8699989319,41.1171417236,12.6300001144,-0.540366888046,162.362045288,-27.8516216278,5.82335519791,0.124150261283,97302.9296875,37.9300003052,-899.234008789,False
26.400000000000002,0.155,-0.444,-0.214,1.9809433,0.4314926,18.6130217,44.8499984741,42.4079856873,12.6199998856,1.83810889721,170.662139893,-28.3377151489,4.30649518967,-0.305327028036,97311.8896484,38.0599975586,-898.151611328,False
26.5,0.155,-0.444,-0.214,1.9809433,0.4314926,18.6130217,44.7999992371,42.4079856873,12.4799995422,1.83810889721,170.662139893,-28.5837955475,3.05692791939,-0.752009093761,97311.8896484,38.0599975586,-898.151611328,False
26.6,0.129,-0.486,-0.195,2.26533615,0.5491724,18.044236,44.7700004578,42.4079856873,12.5,1.83810889721,170.662139893,-28.6914825439,2.38115429878,-0.948022663593,97306.1645508,38.0599975586,-898.151611328,False
26.700000000000003,-0.047,-0.418,-0.25,2.1182364,0.51975245,17.50487025,39.0099983215,42.4079856873,12.0599994659,1.83810889721,170.662139893,-28.8715190887,0.702400147915,-1.42433524132,97311.2609863,37.9599990845,-919.265930176,False
26.8,0.01,-0.328,-0.246,1.96133,0.65704555,16.85763135,35.2299995422,44.0327186584,11.7299995422,4.53630685806,179.428161621,-28.8948154449,-0.0235587432981,-1.60898411274,97311.2609863,37.8499984741,-943.368164062,False
26.900000000000002,-0.006,-0.371,-0.238,1.97113665,0.2549729,14.513842,31.5299987793,44.0327186584,11.4899997711,4.53630685806,179.428161621,-28.9307537079,-1.25062787533,-1.74694156647,97301.7272949,37.7299995422,-943.368164062,False
27.0,-0.161,-0.348,-0.238,1.9221034,0.67665885,15.38663385,27.3099994659,44.0327186584,11.1700000763,4.53630685806,179.428161621,-28.8864479065,-2.08025527,-1.86455011368,97302.7770996,37.5900001526,-949.408935547,False
27.1,-0.194,-0.178,-0.257,1.5298374,0.36284605,12.13082605,23.25,43.3793525696,10.9499998093,5.36199235916,-173.602828979,-28.8267745972,-3.25481152534,-1.78164505959,97301.2390137,37.4399986267,-949.408935547,False
27.200000000000003,-0.104,-0.35,-0.209,1.7455837,0.6080123,12.1210194,23.2299995422,43.3793525696,10.9399995804,5.36199235916,-173.602828979,-28.7175159454,-3.99281978607,-1.90514862537,97292.6635742,37.4399986267,-949.408935547,False
27.3,-0.17,-0.172,-0.214,1.26505785,1.3925443,14.89630135,18.9899997711,43.3793525696,10.6599998474,5.36199235916,-173.602828979,-28.5602455139,-4.71973419189,-2.09511971474,97296.9848633,37.2999992371,-962.191223145,False
27.400000000000002,-0.618,-0.398,-0.234,1.0983448,0.55897905,17.26951065,8.3499994278,43.3793525696,9.68999958038,5.36199235916,-173.602828979,-28.2122802734,-6.06959104538,-2.47758841515,97293.2373047,36.9599990845,-967.108520508,False
27.5,-0.618,-0.398,-0.234,1.0983448,0.55897905,17.26951065,1.68999993801,35.9085083008,8.82999992371,6.27878856659,-163.829925537,-27.9212703705,-6.91727209091,-2.91900086403,97295.4345703,36.75,-967.108520508,False
27.6,-0.546,-0.245,-0.109,0.784532,0.3334261,15.7887065,-4.75999975204,35.9085083008,7.80999994278,6.27878856659,-163.829925537,-27.4343490601,-7.98500394821,-3.51018381119,97285.6201172,36.4799995422,-963.413024902,False
27.700000000000003,-0.546,-0.245,-0.109,0.784532,0.3334261,15.7887065,-4.75999975204,35.9085083008,7.76999998093,6.27878856659,-163.829925537,-27.1888618469,-8.42576980591,-3.78430199623,97285.6201172,36.4799995422,-963.413024902,False
27.8,-0.64,-0.261,-0.104,0.18632635,0.588399,11.58165365,-14.3800001144,35.9085083008,5.59999990463,6.27878856659,-163.829925537,-26.635187149,-9.20356941223,-4.23924589157,97269.128418,35.7700004578,-949.055480957,False
27.900000000000002,-0.64,-0.261,-0.104,0.18632635,0.588399,11.58165365,-14.3599996567,24.2667922974,5.55999994278,9.2068977356,-158.77003479,-26.4131965637,-9.41473293304,-4.36983680725,97269.128418,35.7700004578,-949.055480957,False
28.0,-0.525,-0.222,-0.158,0.28439285,0.6276256,13.7096967,-20.6999988556,24.2667922974,3.22000002861,9.2068977356,-158.77003479,-25.8346881866,-9.83932781219,-4.81127691269,97261.4807129,34.9099998474,-917.748046875,False
28.1,-0.642,-0.07,-0.158,-0.36284605,0.4511059,10.89518815,-23.1399993896,24.2667922974,1.83999991417,9.2068977356,-158.77003479,-25.4430160522,-10.0340938568,-4.97794246674,97255.1452637,34.4399986267,-917.748046875,False
28.200000000000003,-0.599,-0.079,-0.117,-0.48052585,0.1569064,12.17005265,-25.0100002289,14.6085195541,0.550000011921,10.6391181946,-154.978897095,-25.059217453,-10.1423168182,-5.13713264465,97247.644043,33.9399986267,-876.563659668,False
28.3,-0.599,-0.079,-0.117,-0.48052585,0.1569064,12.17005265,-26.6199989319,14.6085195541,-0.899999976158,10.6391181946,-154.978897095,-24.7320270538,-10.1919384003,-5.36973905563,97247.644043,33.4199981689,-876.563659668,False
28.400000000000002,-0.642,-0.116,-0.022,-0.46091255,-0.392266,13.24878415,-27.9499988556,14.6085195541,-2.50999999046,10.6391181946,-154.978897095,-24.2948169708,-10.2025680542,-5.71801614761,97238.7329102,32.8699989319,-829.216186523,False
28.5,-0.559,-0.114,0.1,-0.79433865,0.77472535,14.0038962,-27.8999996185,14.6085195541,-2.51999998093,10.6391181946,-154.978897095,-23.9840488434,-10.0826349258,-5.98707103729,97216.3635254,32.8699989319,-829.216186523,False
28.6,-0.736,-0.033,0.054,-0.9022118,0.9414384,13.4743371,-28.6700000763,14.6085195541,-6.0499997139,10.6391181946,-154.978897095,-23.4723739624,-9.70345115662,-6.4317240715,97218.9208984,31.6599998474,-762.065307617,False
28.700000000000003,-0.776,0.02,-2.44929359829e-18,-1.1964113,0.85317855,11.5326204,-28.6899986267,-2.44275903702,-6.0499997139,12.3222322464,-154.493804932,-23.3335990906,-9.52184963226,-6.38139486313,97203.4057617,31.6599998474,-762.065307617,False
28.8,-0.263,0.046,-0.177,-1.22583125,0.196133,10.5519554,-28.4499988556,-2.44275903702,-9.32999992371,12.3222322464,-154.493804932,-23.008518219,-9.06471538544,-6.2772898674,97187.4816895,30.3299999237,-666.444030762,False
28.900000000000002,-0.263,0.046,-0.177,-1.22583125,0.196133,10.5519554,-28.1499996185,-2.44275903702,-11.0,12.3222322464,-154.493804932,-22.8628826141,-8.87168502808,-6.29911994934,97187.4816895,30.3299999237,-666.444030762,False
29.0,-0.152,0.119,-1.45732969099e-17,-1.2552512,-0.18632635,8.5121722,-27.8499984741,-10.3869829178,-12.6799993515,11.5252399445,-151.657150269,-22.4681358337,-8.35305976868,-6.26704835892,97179.0710449,29.0,-602.983886719,False
29.1,-0.152,0.119,-1.45732969099e-17,-1.2552512,-0.18632635,8.5121722,-27.8899993896,-10.3869829178,-12.6799993515,11.5252399445,-151.657150269,-22.3863258362,-8.25788593292,-6.17614889145,97168.963623,29.0,-602.983886719,False
29.200000000000003,-0.618,0.212,0.137,-0.93163175,-0.08825985,5.4524974,-27.8999996185,-10.3869829178,-15.4299993515,11.5252399445,-151.657150269,-22.1578273773,-7.94785118103,-5.51328659058,97154.0283203,27.7099990845,-521.598815918,False
29.3,-0.618,0.212,0.137,-0.93163175,-0.08825985,5.4524974,-27.9699993134,-10.3869829178,-16.5200004578,11.5252399445,-151.657150269,-22.0639896393,-7.76597738266,-5.10255050659,97150.0671387,27.1199989319,-521.598815918,False
29.400000000000002,-0.247,0.307,0.123,-1.08853815,5.992831583899999e-16,4.89351835,-27.9599990845,-17.1425800323,-17.4699993134,7.08110332489,-152.113006592,-21.9150161743,-7.47142267227,-4.53490400314,97132.1777344,26.5900001526,-473.889526367,False
29.5,-0.296,0.315,0.126,-1.4121576,0.55897905,4.87390505,-28.0799999237,-17.1425800323,-18.2399997711,7.08110332489,-152.113006592,-21.8180980682,-7.24101400375,-3.92734599113,97132.1777344,26.0999984741,-473.889526367,False
29.6,-0.238,0.238,0.068,-1.36312435,0.1569064,3.1969679,-27.9899997711,-17.1425800323,-18.8400001526,7.08110332489,-152.113006592,-21.7419166565,-7.06383943558,-3.40843844414,97119.9890137,25.6899986267,-438.547698975,False
29.700000000000003,-0.238,0.238,0.068,-1.36312435,0.1569064,3.1969679,-27.9899997711,-17.1425800323,-19.2700004578,7.08110332489,-152.113006592,-21.6546859741,-6.85651016235,-2.77480196953,97119.9890137,25.3299999237,-438.547698975,False
29.8,-0.338,0.151,0.044,-1.4121576,-0.26477955,3.6873004,-27.9899997711,-24.6517505646,-19.5599994659,-0.262922376394,-151.822814941,-21.581243515,-6.70014429092,-2.27298688889,97118.4326172,25.0399990082,-402.812011719,False
29.900000000000002,-0.128,0.07,0.145,-1.4513842,-0.196133,5.87418335,-27.7899990082,-24.6517505646,-19.8699989319,-0.262922376394,-151.822814941,-21.5122756958,-6.39955759048,-1.68360650539,97106.9030762,24.8099994659,-402.812011719,False
30.0,-0.099,0.042,0.191,-1.4906108,-0.0588399,7.36479415,-27.4200000763,-24.6517505646,-20.1199989319,-0.262922376394,-151.822814941,-21.4818210602,-6.03861761093,-1.21251893044,97106.9030762,24.6199989319,-369.581237793,False
30.1,0.008,0.175,0.218,-1.4709975,-0.65704555,6.05070305,-26.8199996948,-24.6517505646,-20.4099998474,-0.262922376394,-151.822814941,-21.4735584259,-5.79729890823,-0.942197978497,97103.3813477,24.4699993134,-369.581237793,False
30.200000000000003,0.072,0.192,0.257,-1.3925443,5.56048301271e-16,4.54047895,-26.2899990082,-24.6517505646,-20.5599994659,-0.262922376394,-151.822814941,-21.4498062134,-5.47684192657,-0.393333405256,97100.4760742,24.3400001526,-338.229553223,False
30.3,-0.042,0.181,0.27,-1.4317709,-0.53936575,3.10870805,-26.0699996948,-26.5162582397,-20.5499992371,-5.79607868195,-154.663650513,-21.3909740448,-5.30104494095,0.23016500473,97099.4445801,24.25,-338.229553223,False
30.400000000000002,-0.042,0.181,0.27,-1.4317709,-0.53936575,3.10870805,-25.9599990845,-26.5162582397,-20.2600002289,-5.79607868195,-154.663650513,-21.3373813629,-5.17224597931,0.807591199875,97099.4445801,24.2299995422,-316.15524292,False
30.5,0.294,0.125,0.254,-1.4121576,0.2549729,3.03025485,-25.9200000763,-26.5162582397,-19.8799991608,-5.79607868195,-154.663650513,-21.2826309204,-5.02048587799,1.43876051903,97100.012207,24.2799987793,-316.15524292,False
30.6,0.332,0.097,0.23,-1.4709975,-0.10787315,6.0605097,-25.6899986267,-26.5162582397,-19.4599990845,-5.79607868195,-154.663650513,-21.2332820892,-4.86049938202,1.98696827888,97098.7060547,24.3799991608,-287.954345703,False
30.700000000000003,-0.035,0.061,0.334,-1.4906108,-0.12748645,4.3933792,-25.6899986267,-23.936164856,-18.8699989319,-10.3792619705,-157.712921143,-21.1647129059,-4.70410823822,2.70065951347,97099.7558594,24.5399990082,-287.954345703,False
30.8,-0.035,0.061,0.334,-1.4906108,-0.12748645,4.3933792,-25.1199989319,-23.936164856,-18.2600002289,-10.3792619705,-157.712921143,-21.1911945343,-4.50781440735,2.95213508606,97099.7558594,24.7600002289,-260.09463501,False
30.900000000000002,0.148,0.005,0.328,-1.5886773,0.196133,8.9436648,-24.2799987793,-23.936164856,-17.7899990082,-10.3792619705,-157.712921143,-21.2531776428,-4.31509876251,3.04325652122,97102.6062012,25.0100002289,-260.09463501,False
31.0,0.119,0.009,0.241,-1.5494507,0.588399,8.3356525,-23.3999996185,-23.936164856,-17.2299995422,-10.3792619705,-157.712921143,-21.3778705597,-3.86013841629,3.34025144577,97110.2539062,25.2699985504,-241.602706909,False
31.1,-0.125,-0.062,0.136,-1.4513842,-0.0588399,8.9632781,-20.8799991608,-22.0369739532,-16.6299991608,-14.4066705704,-163.811294556,-21.4788551331,-3.55278396606,3.52555823326,97114.630127,25.5599994659,-241.602706909,False
31.200000000000003,-0.269,-0.067,0.142,-1.40235095,0.5295591,10.16949605,-19.75,-22.0369739532,-16.0100002289,-14.4066705704,-163.811294556,-21.6428451538,-3.11721372604,3.65355491638,97115.8752441,25.8499984741,-247.355072021,False
31.3,-0.269,-0.067,0.142,-1.40235095,0.5295591,10.16949605,-19.7299995422,-22.0369739532,-16.0,-14.4066705704,-163.811294556,-21.7264690399,-2.88879179955,3.71057724953,97115.8752441,26.1499996185,-247.355072021,False
31.400000000000002,-0.124,0.006,0.044,-1.569064,0.2353596,6.9627215,-15.3699998856,-23.4861297607,-15.4399995804,-15.0664358139,-166.284133911,-21.7902984619,-2.55497503281,4.02868366241,97123.1567383,26.1499996185,-247.355072021,False
31.5,-0.084,-0.043,-0.024,-1.4709975,-0.0784532,5.57998385,-7.77999973297,-23.4861297607,-13.8099994659,-15.0664358139,-166.284133911,-21.8965682983,-2.13178348541,4.4181227684,97130.3405762,26.8099994659,-251.290222168,False
31.6,0.351,-0.114,-0.053,-1.44157755,-0.36284605,10.2773692,-5.86999988556,-23.4861297607,-13.0599994659,-15.0664358139,-166.284133911,-21.9847431183,-1.8867957592,4.54073810577,97134.0148926,27.1899986267,-261.335388184,False
31.700000000000003,0.149,-0.059,0.009,-1.30428445,-0.6472389,6.20760945,-4.63000011444,-23.4861297607,-12.0599994659,-15.0664358139,-166.284133911,-22.0433521271,-1.67737936974,4.84025478363,97141.9372559,27.5900001526,-261.335388184,False
31.8,0.791,-0.102,0.144,-1.08853815,-0.1569064,10.9442214,4.03999996185,-21.7632808685,-11.1599998474,-14.3864307404,-166.613540649,-22.1740684509,-1.37735426426,4.94458675385,97145.904541,28.0199985504,-258.475891113,False
31.900000000000002,0.791,-0.102,0.144,-1.08853815,-0.1569064,10.9442214,4.03999996185,-21.7632808685,-11.1899995804,-14.3864307404,-166.613540649,-22.290102005,-1.20765078068,4.86695051193,97149.1149902,28.0199985504,-258.475891113,False
32.0,0.706,-0.098,0.125,-1.0002783,-0.196133,13.0036179,18.7700004578,-21.7632808685,-9.67000007629,-14.3864307404,-166.613540649,-22.6001777649,-0.841400980949,4.4729142189,97150.4089355,28.8799991608,-263.241210938,False
32.1,0.706,-0.098,0.125,-1.0002783,-0.196133,13.0036179,18.7899990082,-21.7632808685,-9.6799993515,-14.3864307404,-166.613540649,-22.6626167297,-0.802664101124,4.37834405899,97156.3659668,28.8799991608,-263.241210938,False
32.2,0.879,-0.06,0.135,-1.1179581,-0.10787315,10.2577559,22.0100002289,-6.42780065536,-8.34000015259,-13.4847211838,-170.267074585,-22.7683792114,-0.749984622002,4.32301473618,97162.286377,29.6399993896,-305.138977051,False
32.300000000000004,0.738,-0.078,0.092,-1.04931155,-0.0392266,8.9828914,29.9899997711,-6.42780065536,-7.55999994278,-13.4847211838,-170.267074585,-22.8038024902,-0.772554695606,4.32121181488,97169.1772461,30.0100002289,-305.138977051,False
32.4,0.761,-0.147,0.019,-1.1179581,0.00980665,12.0033396,30.8699989319,-6.42780065536,-6.8799996376,-13.4847211838,-170.267074585,-22.8968067169,-0.930206656456,4.10102272034,97184.0759277,30.3699989319,-360.404602051,False
32.5,0.761,-0.147,0.019,-1.1179581,0.00980665,12.0033396,30.9099998474,-6.42780065536,-6.86999988556,-13.4847211838,-170.267074585,-22.9214057922,-1.04367947578,4.05214500427,97184.0759277,30.3699989319,-360.404602051,False
32.6,0.695,-0.113,0.006,-1.0395049,0.392266,7.34518085,39.4599990845,-6.42780065536,-5.27999973297,-13.4847211838,-170.267074585,-22.9042797089,-1.3428413868,4.14053153992,97188.9343262,31.0699996948,-369.014251709,False
32.7,0.717,-0.148,-0.052,-0.9414384,0.4314926,10.4931155,39.7599983215,16.3921756744,-4.48999977112,-10.4902944565,-171.991348267,-22.9025726318,-1.58400070667,4.0862827301,97195.9838867,31.4299983978,-369.014251709,False
32.800000000000004,0.596,-0.146,-0.139,-0.87279185,0.32361945,10.3754357,39.8099975586,16.3921756744,-4.44999980927,-10.4902944565,-171.991348267,-22.8648376465,-1.87633812428,4.1023607254,97197.4609375,31.4299983978,-369.014251709,False
32.9,0.579,-0.163,-0.159,-0.81395195,0.14709975,10.6304086,44.3199996948,16.3921756744,-2.69000005722,-10.4902944565,-171.991348267,-22.8033771515,-2.52447485924,4.0638666153,97207.2937012,32.1699981689,-382.941040039,False
33.0,0.619,-0.166,-0.142,-0.588399,0.0588399,10.13026945,44.3799972534,16.3921756744,-2.63999986649,-10.4902944565,-171.991348267,-22.7467460632,-2.8481824398,4.05802440643,97208.4411621,32.1699981689,-382.941040039,False
33.1,0.536,-0.217,-0.131,-0.4118793,0.2549729,11.66010685,44.469997406,28.3486537933,-1.69999992847,-8.6293554306,-168.209320068,-22.6732120514,-3.46500110626,3.96888852119,97215.5151367,32.9099998474,-380.939300537,False
33.2,0.23,-0.254,-0.109,0.0588399,0.8629852,13.4154972,44.5900001526,28.3486537933,-0.0299999993294,-8.6293554306,-168.209320068,-22.5366535187,-4.44091367722,3.77047085762,97228.2409668,33.2799987793,-386.342437744,False
33.300000000000004,0.23,-0.254,-0.109,0.0588399,0.8629852,13.4154972,44.6199989319,28.3486537933,-0.00999999977648,-8.6293554306,-168.209320068,-22.4717159271,-4.8724822998,3.67813181877,97228.2409668,33.2799987793,-386.342437744,False
33.4,0.24,-0.252,-0.227,0.20593965,0.784532,12.34657235,44.6599998474,35.0588607788,1.51999998093,-6.09472846985,-163.290771484,-22.3045978546,-5.74043416977,3.55166149139,97232.5073242,33.9899978638,-404.609680176,False
33.5,0.212,-0.264,-0.303,0.14709975,0.73549875,12.2779258,44.6800003052,35.0588607788,2.32999992371,-6.09472846985,-163.290771484,-22.1465129852,-6.46515846252,3.49384951591,97240.5273438,34.3299980164,-404.609680176,False
33.6,0.139,-0.317,-0.334,0.44129925,0.42168595,11.9837263,44.6800003052,35.0588607788,3.13999986649,-6.09472846985,-163.290771484,-21.8979816437,-7.37482452393,3.42610430717,97247.0703125,34.6699981689,-389.326293945,False
33.7,0.139,-0.317,-0.334,0.44129925,0.42168595,11.9837263,44.7000007629,35.0588607788,4.0,-6.09472846985,-163.290771484,-21.7212734222,-7.9976682663,3.40484213829,97247.0703125,35.0099983215,-389.326293945,False
33.800000000000004,0.362,-0.403,-0.324,0.93163175,0.10787315,16.62227175,44.7299995422,39.8087806702,4.80999994278,-5.25115728378,-152.697052002,-21.322435379,-9.16486358643,3.1708278656,97250.2807617,35.3499984741,-405.468933105,False
33.9,0.189,-0.416,-0.233,1.30428445,0.4118793,16.75956485,44.7599983215,39.8087806702,5.38999986649,-5.25115728378,-152.697052002,-20.9803791046,-10.0668621063,2.84840846062,97250.2807617,35.6699981689,-405.468933105,False
34.0,0.151,-0.415,-0.231,1.36312435,0.67665885,17.1027976,44.7999992371,39.8087806702,5.88999986649,-5.25115728378,-152.697052002,-20.4103832245,-11.3935031891,2.48011374474,97261.3342285,35.9599990845,-422.407165527,False
34.1,0.151,-0.415,-0.231,1.36312435,0.67665885,17.1027976,44.8400001526,39.8087806702,6.3799996376,-5.25115728378,-152.697052002,-19.9255962372,-12.4047574997,2.21692490578,97269.5983887,36.2099990845,-422.407165527,False
34.2,0.024,-0.401,-0.244,1.50041745,1.10815145,16.79879145,44.8400001526,39.8087806702,6.3799996376,-5.25115728378,-152.697052002,-19.7217941284,-12.7949724197,2.10443711281,97274.3896484,36.2099990845,-422.407165527,False
34.300000000000004,0.183,-0.423,-0.395,1.5886773,0.83356525,13.97447625,44.8600006104,43.3048782349,7.13999986649,-2.45624136925,-139.143371582,-18.8131542206,-14.3683071136,1.65048503876,97291.1560059,36.6399993896,-438.079467773,False
34.4,0.188,-0.44,-0.417,1.4709975,0.87279185,18.044236,44.8600006104,43.3048782349,7.56999969482,-2.45624136925,-139.143371582,-18.1128578186,-15.3943529129,1.37483072281,97292.3522949,36.8199996948,-467.392730713,False
34.5,0.188,-0.44,-0.417,1.4709975,0.87279185,18.044236,44.8600006104,43.3048782349,7.83999967575,-2.45624136925,-139.143371582,-17.3346233368,-16.3836536407,1.06646811962,97292.3522949,36.9899978638,-467.392730713,False
34.6,0.016,-0.432,-0.383,1.765197,0.55897905,16.8282114,44.8600006104,43.3048782349,8.13000011444,-2.45624136925,-139.143371582,-16.53881073,-17.3175411224,0.885049283504,97294.8669434,37.1399993896,-510.960571289,False
34.7,-0.03,-0.464,-0.327,1.765197,0.7060788,16.58304515,44.8699989319,43.3048782349,8.11999988556,-2.45624136925,-139.143371582,-16.0191020966,-17.8558750153,0.732399106026,97297.7966309,37.1399993896,-510.960571289,False
34.800000000000004,0.01,-0.306,-0.264,1.7259704,0.1765197,13.8077632,44.8799972534,45.2155189514,8.63000011444,-1.83653819561,-125.846443176,-14.8050689697,-19.0320205688,0.499942213297,97299.8657227,37.3899993896,-540.138061523,False
34.9,0.01,-0.306,-0.264,1.7259704,0.1765197,13.8077632,44.8799972534,45.2155189514,8.98999977112,-1.83653819561,-125.846443176,-14.0165128708,-19.7216434479,0.468253344297,97299.8657227,37.5,-540.138061523,False
35.0,0.043,-0.434,-0.211,1.63771055,0.38245935,16.2398124,44.8799972534,45.018196106,9.34000015259,-0.999841272831,-117.908164978,-13.1548213959,-20.3891277313,0.386337578297,97302.7954102,37.6100006104,-565.163452148,False
35.1,0.043,-0.434,-0.211,1.63771055,0.38245935,16.2398124,44.8799972534,45.018196106,9.57999992371,-0.999841272831,-117.908164978,-12.3601722717,-20.9240131378,0.232161149383,97302.7954102,37.7099990845,-565.163452148,False
35.2,-0.202,-0.509,-0.203,1.59848395,0.5099458,18.044236,44.8699989319,45.018196106,9.77999973297,-0.999841272831,-117.908164978,-11.1332845688,-21.660036087,-0.0672244355083,97300.9216309,37.7900009155,-594.875549316,False
35.300000000000004,-0.202,-0.509,-0.203,1.59848395,0.5099458,18.044236,44.8400001526,45.018196106,9.80000019073,-0.999841272831,-117.908164978,-9.94146823883,-22.2355728149,-0.481154739857,97303.8513184,37.8499984741,-594.875549316,False
35.4,-0.042,-0.459,-0.213,1.5886773,0.69627215,19.8682729,44.8199996948,45.018196106,9.69999980927,-0.999841272831,-117.908164978,-8.99916267395,-22.6365184784,-0.788220524788,97306.8725586,37.8600006104,-630.364990234,False
35.5,0.035,-0.361,-0.214,1.569064,0.08825985,14.50403535,44.7999992371,44.49168396,9.63000011444,2.94350171089,-106.428276062,-7.96034097672,-23.0405654907,-0.934794723988,97309.4116211,37.8299980164,-630.364990234,False
35.6,0.035,-0.361,-0.214,1.569064,0.08825985,14.50403535,44.7700004578,44.49168396,9.63999938965,2.94350171089,-106.428276062,-6.91314601898,-23.3837795258,-1.04406929016,97309.4116211,37.7999992371,-644.240356445,False
35.7,0.05,-0.224,-0.157,1.3337044,0.1372931,13.42530385,40.6499977112,44.49168396,9.5999994278,2.94350171089,-106.428276062,-5.56533336639,-23.6954193115,-1.19687211514,97309.8876953,37.7599983215,-644.240356445,False
35.800000000000004,-0.248,-0.381,-0.152,1.67693715,0.59820565,14.68055505,38.5099983215,44.49168396,9.67000007629,2.94350171089,-106.428276062,-4.88872528076,-23.8546619415,-1.12624549866,97306.7687988,37.7000007629,-654.223999023,False
35.9,-0.248,-0.381,-0.152,1.67693715,0.59820565,14.68055505,35.2999992371,44.49168396,9.42000007629,2.94350171089,-106.428276062,-3.4983496666,-24.0657539368,-1.51300275326,97306.7687988,37.6499977112,-654.223999023,False
36.0,-0.153,-0.242,-0.301,1.55925735,1.12776475,14.60210185,32.1100006104,44.5097961426,9.10999965668,6.2670378685,-95.8617477417,-2.74537277222,-24.1578483582,-1.64028728008,97302.9052734,37.5599975586,-671.095275879,False
36.1,-0.153,-0.242,-0.301,1.55925735,1.12776475,14.60210185,29.0100002289,44.5097961426,8.8499994278,6.2670378685,-95.8617477417,-1.79482662678,-24.2204360962,-1.81420338154,97302.9052734,37.4500007629,-671.095275879,False
36.2,-0.027,-0.124,-0.364,1.52003075,0.8041453,11.77778665,25.5799999237,44.5097961426,8.52999973297,6.2670378685,-95.8617477417,-0.761218369007,-24.2803287506,-1.89590644836,97296.0388184,37.3099975586,-710.129760742,False
36.300000000000004,-0.027,-0.124,-0.364,1.52003075,0.8041453,11.77778665,25.5999984741,44.5097961426,8.51999950409,6.2670378685,-95.8617477417,-0.358183383942,-24.2931003571,-1.82938611507,97296.0388184,37.3099975586,-710.129760742,False
36.4,-0.367,-0.142,-0.333,1.32389775,0.2353596,12.22889255,19.0599994659,42.1235847473,8.05999946594,4.18926858902,-85.5074691772,0.918358206749,-24.2346954346,-1.83340537548,97291.7724609,37.0499992371,-715.060424805,False
36.5,-0.367,-0.142,-0.333,1.32389775,0.2353596,12.22889255,19.0699996948,42.1235847473,8.02999973297,4.18926858902,-85.5074691772,1.22649633884,-24.2249469757,-1.82199048996,97286.7919922,37.0499992371,-715.060424805,False
36.6,-0.375,-0.224,-0.262,1.1375714,0.0980665,11.79739995,11.4699993134,42.1235847473,7.39999961853,4.18926858902,-85.5074691772,2.23580741882,-24.0757312775,-1.92686569691,97282.4890137,36.7599983215,-726.100158691,False
36.7,-0.611,-0.313,-0.212,0.83356525,1.18660465,14.2784824,11.4699993134,42.1235847473,7.35999965668,4.18926858902,-85.5074691772,2.6864824295,-23.97514534,-2.10975289345,97281.6772461,36.7599983215,-726.100158691,False
36.800000000000004,-0.654,-0.167,-0.257,0.8433719,0.392266,14.2196425,7.40999984741,31.3071250916,6.78999996185,4.07965946198,-77.4810333252,3.50266575813,-23.7395896912,-2.39149641991,97280.6213379,36.5999984741,-726.100158691,False
36.9,-0.537,-0.157,-0.184,0.34323275,0.0980665,12.4348322,-0.129999995232,31.3071250916,5.6299996376,4.07965946198,-77.4810333252,4.1388220787,-23.480255127,-2.57394385338,97281.7810059,36.1800003052,-724.782775879,False
37.0,-0.537,-0.157,-0.184,0.34323275,0.0980665,12.4348322,-3.28999996185,31.3071250916,5.00999975204,4.07965946198,-77.4810333252,4.56370401382,-23.2462005615,-2.69321465492,97281.7810059,35.9399986267,-723.193359375,False
37.1,-0.53,-0.215,-0.107,0.00980665,0.196133,13.73911665,-3.28999996185,22.4753265381,4.98000001907,5.35839748383,-73.1739425659,4.86603784561,-23.0497703552,-2.96336698532,97264.4958496,35.9399986267,-723.193359375,False
37.2,-0.433,-0.215,-0.084,-0.04903325,0.04903325,14.0038962,-6.40999984741,22.4753265381,4.17000007629,5.35839748383,-73.1739425659,5.34347057343,-22.6442184448,-3.45825910568,97264.0991211,35.6899986267,-723.193359375,False
37.300000000000004,-0.509,-0.277,-0.056,-0.1372931,0.196133,14.0627361,-11.6300001144,22.4753265381,2.1099998951,5.35839748383,-73.1739425659,5.5741276741,-22.3741493225,-3.77483820915,97258.5510254,35.0400009155,-707.308410645,False
37.4,-0.876,-0.044,-0.075,-0.22555295,-0.08825985,15.79851315,-13.6599998474,11.6185951233,0.759999990463,8.21766376495,-70.4675979614,5.87519073486,-21.8523979187,-4.51471853256,97239.4287109,34.6300010681,-670.237548828,False
37.5,-0.876,-0.044,-0.075,-0.22555295,-0.08825985,15.79851315,-15.1599998474,11.6185951233,-0.769999980927,8.21766376495,-70.4675979614,5.94309329987,-21.5700836182,-4.9862279892,97239.4287109,34.1599998474,-670.237548828,False
37.6,-0.599,0.019,-0.042,-0.4314926,0.57859235,12.748645,-15.8499994278,11.6185951233,-2.31999993324,8.21766376495,-70.4675979614,5.89164304733,-21.3068962097,-5.20748138428,97222.6989746,33.6199989319,-642.848999023,False
37.7,-0.503,0.023,-0.062,-0.57859235,0.2549729,8.44352565,-16.4099998474,11.6185951233,-3.61999988556,8.21766376495,-70.4675979614,5.83491277695,-21.1397476196,-5.14705991745,97235.0158691,33.0599975586,-642.848999023,False
37.800000000000004,-0.542,-0.02,-0.073,-0.61781895,-0.08825985,8.5906254,-16.4099998474,11.6185951233,-3.61999988556,8.21766376495,-70.4675979614,5.72622346878,-20.9365081787,-5.05356645584,97218.0297852,33.0599975586,-642.848999023,False
37.9,-0.481,-0.085,-0.046,-0.65704555,-0.30400615,10.38524235,-16.7299995422,-3.27280712128,-6.28999996185,8.29050254822,-68.6778945923,5.54295778275,-20.6854496002,-5.08095645905,97216.3635254,31.9399986267,-586.81237793,False
38.0,-0.185,-0.024,0.018,-0.63743225,-0.28439285,11.11093445,-16.7299995422,-3.27280712128,-6.28999996185,8.29050254822,-68.6778945923,5.33740139008,-20.4467067719,-5.21393823624,97210.4187012,31.9399986267,-586.81237793,False
38.1,-0.182,0.036,0.095,-0.9610517,0.34323275,8.9044382,-16.2199993134,-3.27280712128,-9.10999965668,8.29050254822,-68.6778945923,5.11623048782,-20.2577800751,-5.23115205765,97193.8903809,30.8499984741,-543.576599121,False
38.2,-0.237,0.063,0.04,-0.7256921,0.1176798,7.46286065,-15.7699995041,-3.27280712128,-10.3899993896,8.29050254822,-68.6778945923,4.81841087341,-20.0383644104,-5.04057359695,97193.8903809,30.2999992371,-486.913482666,False
38.300000000000004,-0.26,0.084,0.018,-1.0002783,-0.04903325,6.83523505,-15.7899999619,-9.43524074554,-10.3800001144,7.56440210342,-69.4117126465,4.69328212738,-19.9517936707,-4.85845994949,97187.6953125,29.7600002289,-486.913482666,False
38.400000000000006,-0.137,0.133,0.046,-0.8825985,-0.08825985,5.491724,-15.1700000763,-9.43524074554,-12.4899997711,7.56440210342,-69.4117126465,4.43240451813,-19.749797821,-4.35136651993,97168.1640625,29.2699985504,-430.551330566,False
38.5,-0.177,0.124,0.058,-0.93163175,0.00980665,6.6881353,-14.8399991989,-9.43524074554,-13.3599996567,7.56440210342,-69.4117126465,4.22217130661,-19.6087188721,-3.9849178791,97166.3818359,28.8099994659,-430.551330566,False
38.6,-0.177,0.124,0.058,-0.93163175,0.00980665,6.6881353,-14.3499994278,-9.43524074554,-14.1499996185,7.56440210342,-69.4117126465,3.99487709999,-19.4791698456,-3.56646537781,97166.3818359,28.3899993896,-389.685241699,False
38.7,-0.097,0.164,0.01,-0.89240515,0.0784532,5.295591,-13.8999996185,-13.8633937836,-14.7699995041,4.43481111526,-69.5908279419,3.81973266602,-19.4011135101,-3.20175004005,97152.7160645,28.0100002289,-389.685241699,False
38.800000000000004,-0.076,0.16,-0.003,-0.95124505,0.0784532,4.903325,-13.5199995041,-13.8633937836,-15.25,4.43481111526,-69.5908279419,3.59976553917,-19.2746486664,-2.62082958221,97150.3417969,27.6899986267,-351.748657227,False
38.900000000000006,-0.076,0.16,-0.003,-0.95124505,0.0784532,4.903325,-13.1300001144,-13.8633937836,-15.6399993896,4.43481111526,-69.5908279419,3.44052219391,-19.1712837219,-2.10889315605,97150.3417969,27.4099998474,-351.748657227,False
39.0,-0.097,0.158,0.055,-1.08853815,-0.36284605,4.89351835,-12.8800001144,-15.8551998138,-15.8800001144,1.0648598671,-68.8424301147,3.31384992599,-19.0921497345,-1.70863735676,97138.885498,27.1899986267,-315.740203857,False
39.1,-0.097,0.158,0.055,-1.08853815,-0.36284605,4.89351835,-12.8800001144,-15.8551998138,-15.8800001144,1.0648598671,-68.8424301147,3.18472909927,-19.0233917236,-1.32192718983,97138.885498,27.0,-315.740203857,False
39.2,0.244,0.178,0.066,-1.0591182,-0.51975245,6.7665885,-12.5999994278,-15.8551998138,-16.0699996948,1.0648598671,-68.8424301147,3.00904965401,-18.9448318481,-0.927601695061,97131.4453125,27.0,-315.740203857,False
39.300000000000004,0.159,0.19,0.194,-1.1179581,0.0980665,6.5116156,-11.8000001907,-15.8551998138,-16.3500003815,1.0648598671,-68.8424301147,2.78120589256,-18.8571109772,-0.481736272573,97131.4453125,26.7600002289,-284.597595215,False
39.400000000000006,0.159,0.19,0.194,-1.1179581,0.0980665,6.5116156,-11.5199995041,-15.8551998138,-16.3799991608,1.0648598671,-68.8424301147,2.70472836494,-18.8104362488,-0.254317849874,97129.7729492,26.6899986267,-258.870513916,False
39.5,0.16,0.18,0.205,-1.18660465,0.2157463,5.05042475,-11.2899999619,-12.1349363327,-16.2700004578,-4.79007768631,-70.678894043,2.47293233871,-18.7180042267,0.458123773336,97130.8105469,26.6499996185,-258.870513916,False
39.6,0.042,0.133,0.168,-1.16699135,0.4707192,5.6486304,-10.9099998474,-12.1349363327,-16.2700004578,-4.79007768631,-70.678894043,2.42388033867,-18.69764328,0.630199730396,97129.7180176,26.6499996185,-258.870513916,False
39.7,-0.001,0.132,0.11,-1.18660465,0.196133,5.9428299,-10.5100002289,-12.1349363327,-15.8299999237,-4.79007768631,-70.678894043,2.24597120285,-18.6566448212,1.12972295284,97128.5339355,26.6899986267,-235.361099243,False
39.800000000000004,-0.095,0.137,0.062,-1.176798,0.0784532,4.903325,-10.5,-12.1349363327,-15.8299999237,-4.79007768631,-70.678894043,2.13640379906,-18.6183261871,1.51416897774,97127.4169922,26.6899986267,-235.361099243,False
39.900000000000006,0.163,0.104,-0.003,-1.1964113,-0.24516625,5.85457005,-9.92000007629,-11.7521982193,-14.8999996185,-9.09155750275,-72.5096359253,1.950101614,-18.5537834167,2.28243613243,97131.2561035,26.9099998474,-210.512542725,False
40.0,0.163,0.104,-0.003,-1.1964113,-0.24516625,5.85457005,-9.68999958038,-11.7521982193,-14.2999992371,-9.09155750275,-72.5096359253,1.86219847202,-18.5167198181,2.74049091339,97130.2062988,27.0900001526,-193.3515625,False
40.1,0.047,0.11,0.012,-1.176798,-0.3334261,5.0602314,-9.5,-11.7521982193,-13.5999994278,-9.09155750275,-72.5096359253,1.78617584705,-18.5064163208,3.08250284195,97137.6464844,27.3199996948,-193.3515625,False
40.2,0.081,0.048,0.056,-1.12776475,-0.3138128,6.69794195,-9.34000015259,-11.7521982193,-12.8699998856,-9.09155750275,-72.5096359253,1.68085360527,-18.5139446259,3.37691259384,97136.4440918,27.5900001526,-180.626678467,False
40.300000000000004,0.166,-0.002,0.081,-1.02969825,0.28439285,9.69877685,-9.05000019073,-11.7521982193,-12.1899995804,-9.09155750275,-72.5096359253,1.53432118893,-18.5893974304,3.47794818878,97146.8505859,27.8899993896,-180.626678467,False
40.400000000000006,0.166,-0.002,0.081,-1.02969825,0.28439285,9.69877685,-9.03999996185,-11.7521982193,-12.1899995804,-9.09155750275,-72.5096359253,1.48145616055,-18.6175098419,3.48388242722,97146.8505859,27.8899993896,-180.626678467,False
40.5,0.017,0.01,0.075,-1.14737805,0.16671305,9.0809579,-8.63000011444,-8.70162391663,-11.5900001526,-11.5932273865,-73.4176940918,1.36187827587,-18.6830730438,3.53356385231,97146.9726562,28.1999988556,-167.634765625,False
40.6,0.05,-0.018,0.097,-1.06892485,-0.00980665,7.65899365,-7.98999977112,-8.70162391663,-10.3899993896,-11.5932273865,-73.4176940918,1.22460329533,-18.7817611694,3.54668307304,97160.1135254,28.8099994659,-176.36756897,False
40.7,0.05,-0.018,0.097,-1.06892485,-0.00980665,7.65899365,-7.98999977112,-8.70162391663,-10.3899993896,-11.5932273865,-73.4176940918,1.17779183388,-18.8028888702,3.67917513847,97160.1135254,28.8099994659,-176.36756897,False
40.800000000000004,0.014,1.07768918325e-17,0.088,-1.0395049,0.0392266,6.93330155,-7.52999973297,-8.70162391663,-8.82999992371,-11.5932273865,-73.4176940918,1.03936004639,-18.8551692963,3.98935055733,97159.2407227,29.4399986267,-181.080810547,False
40.900000000000006,0.019,-0.054,0.051,-1.04931155,0.3334261,9.11037785,-7.52999973297,-7.68204545975,-8.82999992371,-12.0529098511,-75.4671707153,0.972350955009,-18.9024791718,4.02056217194,97168.8659668,29.4399986267,-181.080810547,False
41.0,0.054,-0.065,0.039,-0.9414384,0.14709975,9.80665,-7.19999980927,-7.68204545975,-8.02999973297,-12.0529098511,-75.4671707153,0.862136483192,-18.9939498901,3.99421787262,97173.248291,29.7899990082,-181.080810547,False
41.1,0.008,-0.082,0.008,-0.9218251,-0.0392266,10.13026945,-6.81999969482,-7.68204545975,-7.28999996185,-12.0529098511,-75.4671707153,0.721618592739,-19.1241073608,3.83024358749,97175.9460449,30.1499996185,-180.504226685,False
41.2,-0.088,-0.105,0.022,-0.63743225,-0.1569064,11.87585315,-6.06999969482,-7.6649312973,-6.01999998093,-10.9427223206,-76.2433013916,0.613445341587,-19.2571296692,3.60712003708,97183.996582,30.8400001526,-186.18888855,False
41.300000000000004,-0.023,-0.103,0.062,-0.8629852,-0.4707192,11.4933938,-6.07999992371,-7.6649312973,-6.01999998093,-10.9427223206,-76.2433013916,0.554629206657,-19.34324646,3.49930024147,97189.7888184,31.1499996185,-186.18888855,False
41.400000000000006,0.105,-0.101,0.17,-0.57859235,-0.3530394,10.52253545,-5.50999975204,-7.6649312973,-4.88999986649,-10.9427223206,-76.2433013916,0.454883188009,-19.4640483856,3.3084461689,97195.2026367,31.4499988556,-202.445404053,False
41.5,0.105,-0.101,0.17,-0.57859235,-0.3530394,10.52253545,-5.21000003815,-7.6649312973,-4.30999994278,-10.9427223206,-76.2433013916,0.37819814682,-19.5316143036,3.24727129936,97195.2026367,31.75,-202.445404053,False
41.6,0.066,-0.128,0.203,-0.6080123,0.06864655,11.22861425,-4.86999988556,-6.13499736786,-3.70999979973,-8.99822235107,-80.272819519,0.237495362759,-19.6043739319,3.16974043846,97201.385498,32.0299987793,-213.935470581,False
41.7,-0.089,-0.112,0.186,-0.5491724,0.46091255,9.77723005,-4.86999988556,-6.13499736786,-3.70999979973,-8.99822235107,-80.272819519,0.237495362759,-19.6043739319,3.16974043846,97208.7768555,32.0299987793,-213.935470581,False
41.800000000000004,-0.137,-0.115,-0.015,-0.26477955,0.588399,12.97419795,-3.34999990463,-6.13499736786,-2.6099998951,-8.99822235107,-80.272819519,-0.0824279934168,-19.7753334045,2.80826449394,97209.7839355,32.5799980164,-226.624481201,False
41.900000000000006,-0.137,-0.115,-0.015,-0.26477955,0.588399,12.97419795,-3.3599998951,-6.13499736786,-2.6099998951,-8.99822235107,-80.272819519,-0.197626113892,-19.8465614319,2.63761305809,97209.7839355,32.8299980164,-226.624481201,False
42.0,0.137,-0.115,-0.1,-0.2745862,0.12748645,11.5522337,-1.57999992371,-6.13499736786,-1.90999996662,-8.99822235107,-80.272819519,-0.395425766706,-19.9560260773,2.36134767532,97218.4875488,33.0400009155,-234.601409912,False
42.1,0.065,-0.095,-0.07,0.0,0.20593965,11.32668075,-1.57999992371,-6.74241161346,-1.90999996662,-6.30469703674,-80.8896102905,-0.479937523603,-19.9989051819,2.23268842697,97222.088623,33.0400009155,-234.601409912,False
42.2,0.092,-0.145,-0.051,0.00980665,-0.02941995,12.356379,-0.140000000596,-6.74241161346,-1.31999993324,-6.30469703674,-80.8896102905,-0.659257054329,-20.0863742828,1.86294353008,97224.7070312,33.4199981689,-252.049636841,False
42.300000000000004,0.026,-0.17,-0.039,-0.0980665,-0.1372931,13.533177,-0.140000000596,-6.74241161346,-1.31999993324,-6.30469703674,-80.8896102905,-0.727172613144,-20.1239089966,1.64828193188,97228.4851074,33.5699996948,-252.049636841,False
42.400000000000006,0.073,-0.143,0.001,0.20593965,-0.1372931,13.4351105,1.06999993324,-5.62733221054,-1.13999998569,-3.45252919197,-80.5576171875,-0.835990011692,-20.1625556946,1.22834551334,97227.6489258,33.6899986267,-259.506225586,False
42.5,-0.002,-0.14,0.055,-0.10787315,-0.196133,12.1014061,1.06999993324,-5.62733221054,-1.13999998569,-3.45252919197,-80.5576171875,-0.911902785301,-20.1819839478,1.00783371925,97234.4665527,33.7799987793,-259.506225586,False
42.6,0.111,-0.104,0.07,-0.0392266,-0.02941995,10.99325465,2.12999987602,-5.62733221054,-0.979999959469,-3.45252919197,-80.5576171875,-1.00664830208,-20.1690673828,0.856135725975,97232.7941895,33.8499984741,-267.467895508,False
42.7,0.111,-0.104,0.07,-0.0392266,-0.02941995,10.99325465,2.62999987602,-5.62733221054,-0.8599999547,-3.45252919197,-80.5576171875,-1.04590392113,-20.1565494537,0.79734236002,97232.7941895,33.9099998474,-267.467895508,False
42.800000000000004,0.122,-0.089,0.075,0.1569064,-0.12748645,10.1793027,2.8599998951,-5.62733221054,-0.769999980927,-3.45252919197,-80.5576171875,-1.07345306873,-20.1050453186,0.694084644318,97238.0004883,33.969997406,-267.078796387,False
42.900000000000006,0.172,-0.119,0.097,0.2745862,-0.30400615,11.3364874,2.8599998951,-3.33559632301,-0.769999980927,-1.12099993229,-82.481552124,-1.10251605511,-20.0848522186,0.597141981125,97237.0666504,34.0200004578,-267.078796387,False
43.0,0.151,-0.066,0.116,0.24516625,0.3138128,10.56176205,3.47000002861,-3.33559632301,-0.669999957085,-1.12099993229,-82.481552124,-1.16523647308,-20.0169887543,0.442446917295,97233.9294434,34.0499992371,-268.107421875,False
43.1,0.016,-0.065,0.073,0.2745862,0.2941995,10.9246081,3.47000002861,-3.33559632301,-0.669999957085,-1.12099993229,-82.481552124,-1.19064974785,-19.9889678955,0.329048395157,97241.7297363,34.0499992371,-268.107421875,False
43.2,0.005,-0.033,-0.004,0.04903325,0.196133,9.0809579,4.2999997139,-1.5984262228,-0.659999966621,-0.124063879251,-83.9995803833,-1.24484086037,-19.9255275726,0.290161252022,97239.0197754,34.0900001526,-262.649902344,False
43.300000000000004,0.105,-0.045,-0.045,0.0784532,-0.28439285,9.0025047,4.42999982834,-1.5984262228,-0.539999961853,-0.124063879251,-83.9995803833,-1.23870170116,-19.8172340393,0.341297328472,97239.0197754,34.1100006104,-262.649902344,False
43.400000000000006,0.3,-0.088,-0.039,0.14709975,-0.1176798,10.2773692,4.51999998093,-1.5984262228,-0.479999989271,-0.124063879251,-83.9995803833,-1.21786093712,-19.7308177948,0.285813480616,97240.9179688,34.1300010681,-252.786834717,False
43.5,0.204,-0.027,-0.01,-0.1569064,0.18632635,9.63993695,4.51999998093,-1.5984262228,-0.479999989271,-0.124063879251,-83.9995803833,-1.2139954567,-19.7103977203,0.342969894409,97240.802002,34.1300010681,-252.786834717,False
43.6,0.228,-0.054,6.6130927154000006e-18,0.3334261,0.3726527,11.179581,4.46999979019,3.1702849865,-0.370000004768,0.973105251789,-83.4261627197,-1.16024744511,-19.5954685211,0.161541879177,97238.9404297,34.1800003052,-238.612182617,False
43.7,0.228,-0.054,6.6130927154000006e-18,0.3334261,0.3726527,11.179581,4.46999979019,3.1702849865,-0.370000004768,0.973105251789,-83.4261627197,-1.12795162201,-19.5537719727,0.0642483457923,97238.9404297,34.1800003052,-238.612182617,False
43.800000000000004,0.005,0.015,-0.043,0.18632635,0.61781895,10.01258965,4.33999967575,3.1702849865,-0.399999976158,0.973105251789,-83.4261627197,-1.06876540184,-19.474609375,0.0173752643168,97241.4672852,34.2000007629,-229.792404175,False
43.900000000000006,-0.006,0.004,-0.084,0.24516625,0.1765197,8.8063717,4.33999967575,3.1702849865,-0.399999976158,0.973105251789,-83.4261627197,-0.99960911274,-19.4275035858,0.0501024387777,97242.8466797,34.2000007629,-229.792404175,False
44.0,0.149,-0.067,0.025,0.30400615,-0.30400615,10.4146623,3.37999987602,4.17297840118,-0.329999983311,0.986044406891,-82.5309066772,-0.790848374367,-19.3139610291,0.0110008409247,97239.855957,34.2099990845,-224.964324951,False
44.1,0.118,-0.054,0.065,0.16671305,-0.1176798,9.4732239,2.89999985695,4.17297840118,-0.299999982119,0.986044406891,-82.5309066772,-0.702850461006,-19.2598724365,0.030364766717,97241.40625,34.2099990845,-224.964324951,False
44.2,-0.053,-0.026,0.048,0.2941995,0.69627215,9.610517,2.41999983788,4.17297840118,-0.239999994636,0.986044406891,-82.5309066772,-0.605665564537,-19.1762447357,0.0063126757741,97244.6472168,34.2099990845,-214.830596924,False
44.300000000000004,-0.145,-0.008,0.013,0.3138128,0.6472389,9.28689755,1.99000000954,4.17297840118,-0.209999993443,0.986044406891,-82.5309066772,-0.55047005415,-19.113407135,0.0231599025428,97238.2507324,34.219997406,-214.830596924,False
44.400000000000006,-0.145,-0.008,0.013,0.3138128,0.6472389,9.28689755,1.73000001907,5.02156496048,-0.170000001788,1.67902433872,-82.811340332,-0.512500405312,-19.0636672974,0.0078977169469,97238.2507324,34.2299995422,-206.890686035,False
44.5,-0.116,-8.69499227395e-18,-0.071,0.2157463,0.44129925,10.01258965,1.65999996662,5.02156496048,-0.119999997318,1.67902433872,-82.811340332,-0.457225620747,-18.996925354,0.0471324287355,97244.1467285,34.2299995422,-206.890686035,False
44.6,-0.044,0.033,-0.156,0.3726527,0.04903325,9.022118,1.4699999094,5.02156496048,0.0,1.67902433872,-82.811340332,-0.430585443974,-18.9560871124,0.120133891702,97241.5222168,34.2399978638,-194.727325439,False
44.7,-0.044,0.033,-0.156,0.3726527,0.04903325,9.022118,1.4699999094,5.02156496048,0.0,1.67902433872,-82.811340332,-0.395094692707,-18.9292850494,0.122270070016,97242.4194336,34.2399978638,-194.727325439,False
44.800000000000004,-0.12,-0.02,-0.134,0.2745862,-0.4314926,11.4737805,0.839999973774,5.02156496048,0.070000000298,1.67902433872,-82.811340332,-0.354063183069,-18.8963108063,0.0425484925508,97244.0185547,34.2799987793,-191.677474976,False
44.900000000000006,-0.004,0.016,-0.018,0.2353596,-0.63743225,7.8060934,0.259999990463,2.28178405762,0.25,0.783549368382,-79.6973114014,-0.203661516309,-18.8165664673,0.163422480226,97242.9504395,34.2900009155,-191.677474976,False
45.0,0.018,-0.019,0.072,0.16671305,-0.6276256,8.2768126,-0.329999983311,2.28178405762,0.459999978542,0.783549368382,-79.6973114014,-0.0666350051761,-18.7414703369,0.369041830301,97245.2941895,34.3199996948,-182.721130371,False
45.1,0.056,-0.056,0.161,0.196133,-0.3726527,8.9632781,-0.689999997616,2.28178405762,0.669999957085,0.783549368382,-79.6973114014,-0.0231740884483,-18.7168617249,0.415405333042,97244.0673828,34.3699989319,-182.721130371,False
45.2,0.049,-0.024,0.171,0.3726527,-0.1176798,8.11009955,-1.00999999046,2.55251288414,0.919999957085,1.0616774559,-81.7458190918,0.0281122103333,-18.679353714,0.519306600094,97240.7653809,34.4300003052,-177.989578247,False
45.300000000000004,-0.041,-0.107,0.141,0.44129925,0.0392266,13.71950335,-1.31999993324,2.55251288414,0.849999964237,1.0616774559,-81.7458190918,0.0954723283648,-18.6509914398,0.118182882667,97242.8039551,34.4799995422,-177.989578247,False
45.400000000000006,-0.277,-0.021,0.147,0.36284605,0.2353596,10.4538889,-1.59999990463,2.55251288414,0.740000009537,1.0616774559,-81.7458190918,0.135607019067,-18.590921402,-0.112962163985,97250.2685547,34.4899978638,-173.434829712,False
45.5,-0.101,-0.043,0.094,0.4903325,0.6864655,10.2577559,-1.58999991417,-0.20701380074,0.740000009537,1.83807945251,-84.2158660889,0.106273382902,-18.5836601257,-0.128909006715,97250.2685547,34.4899978638,-173.434829712,False
45.6,-0.101,-0.043,0.094,0.4903325,0.6864655,10.2577559,-1.58999991417,-0.20701380074,0.740000009537,1.83807945251,-84.2158660889,0.0526630915701,-18.5680599213,-0.1578643471,97243.6828613,34.4899978638,-173.434829712,False
45.7,0.125,-3.06161699787e-18,-0.025,0.6080123,0.784532,10.3362091,-1.31999993324,-0.20701380074,0.719999969006,1.83807945251,-84.2158660889,-0.00449414877221,-18.5434246063,-0.243948593736,97247.1557617,34.4799995422,-167.101287842,False
45.800000000000004,0.151,0.003,-0.09,0.588399,0.2549729,10.591182,-1.04999995232,-0.20701380074,0.659999966621,1.83807945251,-84.2158660889,-0.0260848645121,-18.5093727112,-0.333462804556,97244.6594238,34.4599990845,-167.101287842,False
45.900000000000006,-0.049,0.009,-0.093,0.63743225,0.08825985,9.8851032,-0.930000007153,0.782465279102,0.539999961853,1.68401551247,-83.4826202393,-0.0432989522815,-18.4876556396,-0.329835504293,97243.2556152,34.4099998474,-157.851226807,False
46.0,0.059,0.009,-0.081,0.6276256,0.0196133,9.50264385,-1.0,0.782465279102,0.539999961853,1.68401551247,-83.4826202393,-0.0219275522977,-18.4687175751,-0.298078119755,97238.8244629,34.4099998474,-157.851226807,False
46.1,0.008,0.037,-0.027,0.4118793,-0.0784532,8.54159215,-1.0,0.782465279102,0.52999997139,1.68401551247,-83.4826202393,-0.011851769872,-18.4604759216,-0.187187552452,97243.0297852,34.3800010681,-149.973297119,False
46.2,-0.036,0.033,-0.009,0.4118793,0.24516625,8.4141057,-1.04999995232,0.910141944885,0.589999973774,1.10747766495,-82.4669723511,0.000661377678625,-18.450504303,-0.073111847043,97241.4611816,34.3499984741,-149.973297119,False
46.300000000000004,-0.169,0.009,-0.001,0.59820565,0.06864655,8.14932615,-1.13999998569,0.910141944885,0.669999957085,1.10747766495,-82.4669723511,0.0168566517532,-18.4476490021,0.0276713222265,97241.8334961,34.3299980164,-144.556243896,False
46.400000000000006,-0.115,-0.009,0.021,0.59820565,-0.16671305,9.1986377,-1.24000000954,0.910141944885,0.759999990463,1.10747766495,-82.4669723511,0.0121423602104,-18.4391174316,0.0711716488004,97239.6789551,34.3299980164,-144.556243896,False
46.5,-0.089,-0.026,0.01,0.588399,-0.32361945,9.6301303,-1.25999999046,-1.04968202114,0.930000007153,0.685180127621,-82.3633270264,0.0146190477535,-18.4416007996,0.0883033797145,97239.0319824,34.3499984741,-151.389129639,False
46.6,-0.086,0.003,0.142,0.55897905,0.14709975,10.2969825,-1.24000000954,-1.04968202114,0.979999959469,0.685180127621,-82.3633270264,0.00516345445067,-18.4656867981,0.0608088523149,97243.3776855,34.3699989319,-148.017501831,False
46.7,-0.086,0.003,0.142,0.55897905,0.14709975,10.2969825,-1.0,-1.04968202114,1.0,0.685180127621,-82.3633270264,-0.0551703348756,-18.4876670837,0.0641236081719,97243.3776855,34.3699989319,-148.017501831,False
46.800000000000004,-0.049,0.048,0.124,0.50013915,0.73549875,8.7671451,-1.0,-2.37909388542,1.0,0.331815600395,-83.9256973267,-0.130709737539,-18.5001888275,0.12457343936,97243.737793,34.3699989319,-148.017501831,False
46.900000000000006,-0.128,0.024,-0.021,0.67665885,0.6080123,9.24767095,0.0899999961257,-2.37909388542,1.18999993801,0.331815600395,-83.9256973267,-0.313238561153,-18.5493793488,0.185333535075,97239.9353027,34.3899993896,-150.378997803,False
47.0,-0.107,0.011,-0.123,0.53936575,0.3530394,8.67888525,0.629999995232,-2.37909388542,1.35000002384,0.331815600395,-83.9256973267,-0.383833438158,-18.5787086487,0.278729528189,97243.1152344,34.4099998474,-151.598739624,False
47.1,-0.107,0.011,-0.123,0.53936575,0.3530394,8.67888525,0.629999995232,-2.37909388542,1.35000002384,0.331815600395,-83.9256973267,-0.445667684078,-18.6063365936,0.342785418034,97243.1152344,34.4099998474,-151.598739624,False
47.2,0.033,-0.018,-0.111,0.67665885,0.08825985,9.5320638,1.55999994278,-5.04430532455,1.65999996662,-0.24803288281,-82.5938720703,-0.514979481697,-18.6435546875,0.337859123945,97239.5446777,34.4799995422,-155.18913269,False
47.300000000000004,0.162,-0.026,-0.058,0.7453054,-0.0588399,9.89490985,1.89999997616,-5.04430532455,1.76999998093,-0.24803288281,-82.5938720703,-0.556017816067,-18.6766624451,0.326113253832,97243.6462402,34.5200004578,-155.18913269,False
47.400000000000006,0.088,-0.033,0.019,0.83356525,-0.4118793,9.34573745,2.16999983788,-5.04430532455,1.89999997616,-0.24803288281,-82.5938720703,-0.602803170681,-18.722776413,0.324656516314,97241.7419434,34.5499992371,-162.404251099,False
47.5,0.076,-0.048,0.058,0.75511205,-0.00980665,9.7478101,2.42999982834,-5.04430532455,2.00999999046,-0.24803288281,-82.5938720703,-0.626109242439,-18.7590103149,0.301435232162,97242.2424316,34.5799980164,-162.404251099,False
47.6,-0.147,-0.062,0.143,0.6472389,0.04903325,9.62032365,2.74000000954,-3.37841892242,2.08999991417,0.44108581543,-82.72605896,-0.675344884396,-18.7895450592,0.278630167246,97245.4040527,34.6100006104,-163.497344971,False
47.7,-0.147,-0.062,0.143,0.6472389,0.04903325,9.62032365,3.15999984741,-3.37841892242,2.19000005722,0.44108581543,-82.72605896,-0.730784535408,-18.8055877686,0.260416835546,97244.0612793,34.6100006104,-163.497344971,False
47.800000000000004,0.089,-0.086,0.135,0.7453054,0.4118793,11.0226746,3.70999979973,-3.37841892242,2.20000004768,0.44108581543,-82.72605896,-0.815873622894,-18.8216342926,0.152812063694,97239.8986816,34.6499977112,-164.766311646,False
47.900000000000006,0.039,-0.072,0.119,0.61781895,0.44129925,10.7088618,3.70999979973,-3.37841892242,2.20000004768,0.44108581543,-82.72605896,-0.859152495861,-18.8322601318,0.122618533671,97243.7805176,34.6499977112,-164.766311646,False
48.0,-0.037,-0.072,0.053,0.77472535,0.0196133,11.7287534,4.33999967575,-3.76928091049,2.21000003815,1.26592803001,-84.7589950562,-1.00772452354,-18.8450698853,-0.10588209331,97239.7644043,34.6599998474,-164.766311646,False
48.1,0.024,-0.05,0.033,0.8629852,-0.00980665,10.83634825,4.94999980927,-3.76928091049,2.1099998951,1.26592803001,-84.7589950562,-1.10579001904,-18.855260849,-0.22375664115,97241.9372559,34.6499977112,-171.583175659,False
48.2,0.203,-0.027,3.3065463577000003e-18,0.8041453,0.392266,9.36535075,6.44000005722,-3.76928091049,1.95999991894,1.26592803001,-84.7589950562,-1.22845900059,-18.8523788452,-0.22868861258,97248.5900879,34.5900001526,-163.627243042,False
48.300000000000004,0.185,-0.027,-0.045,0.67665885,0.6668522,9.6693569,7.1299996376,-2.37799286842,1.92999994755,1.87291002274,-85.3979721069,-1.32663726807,-18.8553562164,-0.222565159202,97248.8464355,34.5499992371,-163.627243042,False
48.400000000000006,0.187,-0.034,-0.112,0.784532,-0.00980665,9.22805765,7.1299996376,-2.37799286842,1.92999994755,1.87291002274,-85.3979721069,-1.35350608826,-18.8550224304,-0.1570866853,97237.8356934,34.5499992371,-163.627243042,False
48.5,0.396,-0.007,-0.133,0.8629852,-0.22555295,8.05125965,7.60999965668,-2.37799286842,2.06999993324,1.87291002274,-85.3979721069,-1.31741034985,-18.8573436737,0.0290350671858,97241.5466309,34.5099983215,-162.13684082,False
48.6,0.36,-0.019,-0.091,0.7649187,0.1372931,8.42391235,7.59999990463,-2.37799286842,2.16999983788,1.87291002274,-85.3979721069,-1.25578069687,-18.8544979095,0.111208572984,97243.6828613,34.5099983215,-165.868560791,False
48.7,0.144,-0.027,-0.035,0.71588545,0.10787315,10.22833595,7.42999982834,3.87779712677,2.20000004768,2.03012681007,-83.0623016357,-1.16135811806,-18.840045929,0.0480966754258,97244.4641113,34.5099983215,-165.868560791,False
48.800000000000004,0.208,-0.054,0.005,0.8433719,0.0784532,10.93441475,7.06999969482,3.87779712677,2.16999983788,2.03012681007,-83.0623016357,-1.1093198061,-18.8158245087,-0.106418319046,97240.7348633,34.5099983215,-167.716217041,False
48.900000000000006,0.208,-0.054,0.005,0.8433719,0.0784532,10.93441475,7.06999969482,3.87779712677,2.16999983788,2.03012681007,-83.0623016357,-1.01812922955,-18.8028316498,-0.145618572831,97240.7348633,34.5099983215,-167.716217041,False
49.0,0.087,-0.012,1.4695761589800001e-18,0.71588545,0.48052585,7.7668668,6.53999996185,3.87779712677,2.15999984741,2.03012681007,-83.0623016357,-0.922087967396,-18.7710151672,-0.131732523441,97247.9370117,34.4799995422,-165.458862305,False
49.1,-0.236,-0.004,-0.034,0.8237586,0.0784532,9.26728425,6.21000003815,5.85554790497,2.03999996185,2.65568089485,-82.626373291,-0.841644763947,-18.7449569702,-0.203897848725,97242.7307129,34.4599990845,-165.458862305,False
49.2,-0.019,-0.036,-0.055,0.9218251,-0.2157463,9.9047165,5.83999967575,5.85554790497,1.99000000954,2.65568089485,-82.626373291,-0.782185196877,-18.7100086212,-0.234073534608,97239.6606445,34.4300003052,-156.844909668,False
49.300000000000004,-0.019,-0.036,-0.055,0.9218251,-0.2157463,9.9047165,5.82999992371,5.85554790497,1.99000000954,2.65568089485,-82.626373291,-0.714335203171,-18.7024593353,-0.273055136204,97239.6606445,34.4300003052,-156.844909668,False
49.400000000000006,0.085,-0.054,-0.006,1.0983448,0.0588399,10.83634825,5.53999996185,5.85554790497,1.93999993801,2.65568089485,-82.626373291,-0.640713095665,-18.6782550812,-0.41258007288,97246.5820312,34.3600006104,-159.70401001,False
49.5,-0.092,-0.028,0.005,0.9414384,0.196133,9.9243298,5.0,4.90669775009,1.62999999523,3.08328104019,-81.8546829224,-0.544091939926,-18.6621780396,-0.470066189766,97239.9536133,34.3099975586,-159.70401001,False
49.6,0.049,0.033,-0.045,0.97085835,0.18632635,8.09048625,4.76999998093,4.90669775009,1.53999996185,3.08328104019,-81.8546829224,-0.505925953388,-18.6454181671,-0.392314583063,97234.0454102,34.25,-158.651351929,False
49.7,0.049,0.033,-0.045,0.97085835,0.18632635,8.09048625,4.76999998093,4.90669775009,1.53999996185,3.08328104019,-81.8546829224,-0.457936704159,-18.643913269,-0.355274766684,97234.0454102,34.25,-158.651351929,False
49.800000000000004,0.029,-0.002,-0.057,1.06892485,0.5491724,11.0422879,4.63000011444,4.63279438019,1.37999999523,2.92885351181,-81.1730499268,-0.366631239653,-18.6253204346,-0.530879199505,97245.8129883,34.1599998474,-157.187652588,False
49.900000000000006,0.003,-7.59281015471e-18,-0.062,0.9022118,0.02941995,10.87557485,4.40000009537,4.63279438019,1.13999998569,2.92885351181,-81.1730499268,-0.298243016005,-18.6188869476,-0.671606957912,97245.8129883,34.0900001526,-157.187652588,False
50.0,0.076,-4.53119315685e-18,-0.037,0.8237586,0.0588399,9.93413645,3.95999979973,4.63279438019,0.909999966621,2.92885351181,-81.1730499268,-0.215061381459,-18.59258461,-0.696971774101,97234.185791,34.0099983215,-154.659088135,False
50.1,0.076,-4.53119315685e-18,-0.037,0.8237586,0.0588399,9.93413645,4.96999979019,4.63279438019,0.75,2.92885351181,-81.1730499268,-0.192646771669,-18.5681610107,-0.734187781811,97234.185791,33.9399986267,-154.659088135,False
50.2,0.085,-0.01,-0.103,0.6864655,0.1372931,10.0420096,4.80999994278,5.12348556519,0.589999973774,2.62255740166,-80.1870727539,-0.131812095642,-18.5262413025,-0.739797353745,97235.2539062,33.8499984741,-160.712814331,False
50.300000000000004,0.085,-0.01,-0.103,0.6864655,0.1372931,10.0420096,4.80999994278,5.12348556519,0.589999973774,2.62255740166,-80.1870727539,-0.0691585540771,-18.5002613068,-0.771941244602,97235.2539062,33.8499984741,-160.712814331,False
50.400000000000006,0.143,-0.025,-0.116,0.73549875,-0.0588399,10.5715687,7.75999975204,5.12348556519,0.149999991059,2.62255740166,-80.1870727539,0.0754737555981,-18.4467124939,-0.799561738968,97230.6091309,33.6699981689,-155.11151123,False
50.5,0.16,0.014,-0.053,0.53936575,0.0196133,8.0806796,7.36999988556,7.33504533768,0.00999999977648,2.15672540665,-78.3781661987,0.196409538388,-18.4148178101,-0.689877331257,97230.8105469,33.5799980164,-156.111434937,False
50.6,0.036,-0.007,-0.054,0.6080123,0.20593965,9.91452315,9.71999931335,7.33504533768,-0.0799999982119,2.15672540665,-78.3781661987,0.326416373253,-18.3616695404,-0.664304077625,97224.0966797,33.5,-147.214599609,False
50.7,0.04,0.008,-0.035,0.55897905,0.12748645,9.32612415,9.21000003815,7.33504533768,-0.25,2.15672540665,-78.3781661987,0.449476987123,-18.3282661438,-0.665748775005,97224.5361328,33.4199981689,-146.214675903,False
50.800000000000004,-0.042,0.008,-0.018,0.65704555,-0.2353596,8.07087295,8.65999984741,7.33504533768,-0.389999985695,2.15672540665,-78.3781661987,0.615512192249,-18.2742824554,-0.536717236042,97228.3874512,33.3400001526,-151.167480469,False
50.900000000000006,-0.042,0.008,-0.018,0.65704555,-0.2353596,8.07087295,13.3199996948,8.72780323029,-0.449999988079,1.5717574358,-77.2876739502,0.766881048679,-18.2404899597,-0.422633260489,97228.3874512,33.2700004578,-151.167480469,False
51.0,-0.042,0.001,0.013,0.4903325,0.14709975,9.30651085,13.0599994659,8.72780323029,-0.539999961853,1.5717574358,-77.2876739502,0.893020987511,-18.2014904022,-0.403120547533,97223.1201172,33.2099990845,-146.247680664,False
51.1,-0.025,-0.001,0.028,0.51975245,0.40207265,9.01231135,18.2299995422,8.72780323029,-0.610000014305,1.5717574358,-77.2876739502,1.03831839561,-18.1543502808,-0.362154394388,97223.6633301,33.1599998474,-146.247680664,False
51.2,0.153,-7.34788079488e-19,-0.006,0.4118793,0.2549729,9.5320638,18.1700000763,8.72780323029,-0.709999978542,1.5717574358,-77.2876739502,1.19210803509,-18.1140460968,-0.324637174606,97222.6989746,33.1100006104,-146.46395874,False
51.300000000000004,0.137,0.004,-0.034,0.40207265,0.3726527,9.14960445,21.7799987793,9.27949714661,-0.769999980927,1.39183294773,-77.472442627,1.29528105259,-18.0914745331,-0.276802271605,97222.6379395,33.0699996948,-146.46395874,False
51.400000000000006,0.237,0.014,-0.08,0.63743225,0.392266,8.99269805,21.8199996948,9.27949714661,-0.799999952316,1.39183294773,-77.472442627,1.4547470808,-18.0401344299,-0.209807649255,97222.5280762,33.0299987793,-139.742660522,False
51.5,0.286,-0.017,-0.098,0.57859235,0.04903325,10.0223963,21.8400001526,9.27949714661,-0.829999983311,1.39183294773,-77.472442627,1.58839213848,-18.0153255463,-0.163021758199,97219.519043,33.0,-139.742660522,False
51.6,0.194,0.004,-0.09,0.4314926,0.4314926,10.1793027,26.7199993134,9.27949714661,-0.870000004768,1.39183294773,-77.472442627,1.80975186825,-17.9657230377,-0.189110502601,97220.0439453,32.969997406,-141.850463867,False
51.7,0.236,-0.023,-0.117,0.55897905,0.12748645,10.93441475,26.5699996948,9.27949714661,-0.959999978542,1.39183294773,-77.472442627,2.07216262817,-17.902015686,-0.230623200536,97220.0500488,32.9300003052,-141.850463867,False
51.800000000000004,0.256,-0.016,-0.123,0.5099458,0.12748645,10.2185293,29.3999996185,15.4824132919,-1.07999992371,0.4495434165,-75.0775680542,2.34271621704,-17.8450546265,-0.266484320164,97216.7663574,32.8999977112,-143.723297119,False
51.900000000000006,0.332,0.005,-0.138,0.40207265,0.392266,9.022118,29.2999992371,15.4824132919,-1.12999999523,0.4495434165,-75.0775680542,2.60496282578,-17.7814388275,-0.21420738101,97220.1599121,32.8499984741,-143.723297119,False
52.0,0.332,0.005,-0.138,0.40207265,0.392266,9.022118,29.0,15.4824132919,-1.12000000477,0.4495434165,-75.0775680542,2.86695194244,-17.7259807587,-0.0855611413717,97220.1599121,32.8099975586,-143.42288208,False
52.1,0.315,-0.028,-0.155,0.4903325,0.22555295,9.2770909,33.0900001526,21.0397396088,-1.09000003338,-0.643759250641,-72.5999603271,3.23635435104,-17.6381626129,0.0399755388498,97221.9177246,32.7900009155,-143.42288208,False
52.2,0.332,0.005,-0.177,0.36284605,0.63743225,8.6690786,33.0900001526,21.0397396088,-1.06999993324,-0.643759250641,-72.5999603271,3.35364103317,-17.6172599792,0.116280324757,97215.6677246,32.7900009155,-143.42288208,False
52.300000000000004,0.45,-0.062,-0.236,0.48052585,0.28439285,8.85540495,36.3199996948,21.0397396088,-0.819999992847,-0.643759250641,-72.5999603271,3.69651007652,-17.5313854218,0.266993403435,97222.2839355,32.7799987793,-149.910827637,False
52.400000000000006,0.378,-0.084,-0.242,0.4314926,0.1765197,9.3359308,36.0299987793,21.0397396088,-0.610000014305,-0.643759250641,-72.5999603271,4.32256412506,-17.3621902466,0.507075786591,97218.3776855,32.7999992371,-153.047180176,False
52.5,0.161,-0.089,-0.233,0.6080123,0.57859235,9.8262633,35.5299987793,21.0397396088,-0.409999996424,-0.643759250641,-72.5999603271,4.67849445343,-17.2688293457,0.589239001274,97221.3867188,32.8400001526,-153.047180176,False
52.6,0.118,-0.093,-0.238,0.57859235,0.6472389,10.11065615,39.4099998474,29.4482784271,-0.209999993443,-2.29285597801,-66.3052062988,5.14952230453,-17.1326961517,0.662933349609,97221.484375,32.8899993896,-161.51751709,False
52.7,0.118,-0.093,-0.238,0.57859235,0.6472389,10.11065615,38.9099998474,29.4482784271,-0.019999999553,-2.29285597801,-66.3052062988,5.63672065735,-16.9859390259,0.730065822601,97221.484375,32.9500007629,-161.51751709,False
52.800000000000004,0.172,-0.122,-0.241,0.7060788,0.5099458,10.20872265,38.9099998474,29.4482784271,0.0,-2.29285597801,-66.3052062988,5.94274234772,-16.8969078064,0.768027067184,97222.2473145,32.9500007629,-161.51751709,False
52.900000000000006,0.0,-0.147,-0.228,0.73549875,0.4314926,10.6892485,38.7099990845,29.4482784271,0.409999996424,-2.29285597801,-66.3052062988,6.58684062958,-16.680896759,0.802015542984,97227.154541,33.0999984741,-175.183578491,False
53.0,0.0,-0.147,-0.228,0.73549875,0.4314926,10.6892485,42.0099983215,31.704410553,0.620000004768,-2.85563135147,-61.0429039001,7.10473060608,-16.508644104,0.860624074936,97227.154541,33.1699981689,-195.269302368,False
53.1,0.227,-0.142,-0.29,0.83356525,0.392266,9.89490985,41.6299972534,31.704410553,0.839999973774,-2.85563135147,-61.0429039001,7.59196996689,-16.3341331482,0.869104087353,97222.7844238,33.25,-194.269378662,False
53.2,0.371,-0.181,-0.328,0.73549875,0.0980665,9.48303055,41.1599998474,31.704410553,1.17999994755,-2.85563135147,-61.0429039001,8.09150886536,-16.1329784393,1.00815236568,97228.338623,33.3400001526,-201.309387207,False
53.300000000000004,0.356,-0.212,-0.314,0.7060788,0.40207265,10.48330885,42.5200004578,35.0747718811,1.59999990463,-3.68195772171,-54.3939857483,8.62709903717,-15.8895874023,1.16026377678,97233.7219238,33.4399986267,-201.309387207,False
53.400000000000006,0.356,-0.212,-0.314,0.7060788,0.40207265,10.48330885,41.8400001526,35.0747718811,1.97999989986,-3.68195772171,-54.3939857483,8.97110080719,-15.7229862213,1.21360528469,97233.7219238,33.5599975586,-222.788818359,False
53.5,0.244,-0.264,-0.221,0.89240515,0.5099458,10.2381426,43.6100006104,35.0747718811,2.42999982834,-3.68195772171,-54.3939857483,9.96746349335,-15.189043045,1.38505089283,97228.4362793,33.6800003052,-222.788818359,False
53.6,0.244,-0.264,-0.221,0.89240515,0.5099458,10.2381426,43.0,35.0747718811,2.90999984741,-3.68195772171,-54.3939857483,10.4404096603,-14.913315773,1.48303472996,97228.4362793,33.8299980164,-248.734954834,False
53.7,0.123,-0.305,-0.255,1.36312435,0.2549729,13.13110435,42.1299972534,39.9018554688,3.32999992371,-2.84859371185,-46.4190788269,11.097530365,-14.5052957535,1.51405966282,97235.1867676,33.9899978638,-248.734954834,False
53.800000000000004,0.123,-0.305,-0.255,1.36312435,0.2549729,13.13110435,42.7700004578,39.9018554688,3.73000001907,-2.84859371185,-46.4190788269,11.8046035767,-14.0330848694,1.48891484737,97235.1867676,34.1399993896,-270.963012695,False
53.900000000000006,0.106,-0.339,-0.236,1.65732385,0.67665885,14.1608026,41.5999984741,39.9018554688,4.09999990463,-2.84859371185,-46.4190788269,12.5313186646,-13.4933156967,1.38095116615,97239.630127,34.2999992371,-270.963012695,False
54.0,0.106,-0.339,-0.236,1.65732385,0.67665885,14.1608026,41.6100006104,39.9018554688,4.11000013351,-2.84859371185,-46.4190788269,12.9891529083,-13.1266889572,1.28820371628,97239.630127,34.2999992371,-270.963012695,False
54.1,0.08,-0.353,-0.277,1.85345685,0.61781895,15.0041745,42.5,41.8212585449,4.36000013351,-1.76946699619,-39.797996521,13.7513446808,-12.4980821609,1.13342523575,97256.072998,34.4300003052,-302.345184326,False
54.2,0.043,-0.336,-0.281,1.8828768,0.8237586,14.2000292,39.5599975586,41.8212585449,4.71000003815,-1.76946699619,-39.797996521,14.7613182068,-11.5665407181,0.893004715443,97256.072998,34.6499977112,-336.375701904,False
54.300000000000004,-0.163,-0.306,-0.343,1.8632635,0.81395195,14.58248855,40.1499977112,41.8212585449,4.82999992371,-1.76946699619,-39.797996521,15.4148454666,-10.9176855087,0.718885421753,97252.0385742,34.7399978638,-336.375701904,False
54.400000000000006,-0.152,-0.283,-0.357,1.6475172,0.75511205,13.56259695,38.6699981689,41.8212585449,4.92999982834,-1.76946699619,-39.797996521,16.1605129242,-10.1068201065,0.563152372837,97257.9956055,34.8199996948,-383.33291626,False
54.5,-0.152,-0.283,-0.357,1.6475172,0.75511205,13.56259695,37.1100006104,39.5101127625,5.01999998093,-1.26817297935,-27.3099422455,16.8432292938,-9.26573562622,0.373400568962,97257.9956055,34.8899993896,-383.33291626,False
54.6,-0.168,-0.306,-0.324,1.53964405,0.2157463,14.2392558,36.8699989319,39.5101127625,5.02999973297,-1.26817297935,-27.3099422455,17.1706047058,-8.84527492523,0.267364412546,97260.3088379,34.9399986267,-432.625671387,False
54.7,-0.062,-0.334,-0.313,1.2748645,0.08825985,14.87668805,36.8800010681,39.5101127625,5.00999975204,-1.26817297935,-27.3099422455,17.6356086731,-8.12079048157,0.044037733227,97257.5500488,34.9799995422,-431.625732422,False
54.800000000000004,-0.062,-0.334,-0.313,1.2748645,0.08825985,14.87668805,33.8400001526,39.5101127625,5.01999998093,-1.26817297935,-27.3099422455,18.1371383667,-7.21307420731,-0.173793718219,97257.5500488,35.0,-464.70413208,False
54.900000000000006,-0.017,-0.334,-0.212,1.18660465,0.1372931,13.60182355,31.7999992371,36.6650276184,5.01999998093,-0.150602892041,-18.5574569702,18.4839935303,-6.48925590515,-0.275506407022,97265.8813477,35.0099983215,-465.704071045,False
55.0,-0.132,-0.319,-0.195,0.99047165,0.3334261,13.85679645,29.9599990845,36.6650276184,4.96999979019,-0.150602892041,-18.5574569702,18.7272853851,-5.86749649048,-0.399950295687,97265.8813477,35.0,-497.079742432,False
55.1,-0.167,-0.322,-0.175,1.1571847,0.38245935,13.6116302,27.6199989319,36.6650276184,4.90000009537,-0.150602892041,-18.5574569702,19.0275764465,-4.98760032654,-0.576185703278,97261.6516113,34.9799995422,-496.079833984,False
55.2,-0.206,-0.298,-0.217,1.14737805,0.44129925,15.1218543,25.0,36.6650276184,4.69000005722,-0.150602892041,-18.5574569702,19.2083511353,-4.3518447876,-0.766908943653,97261.6516113,34.9399986267,-509.288787842,False
55.300000000000004,-0.177,-0.296,-0.215,1.08853815,0.57859235,15.8475464,22.1399993896,34.5283927917,4.38000011444,2.43946051598,-11.1152229309,19.3717784882,-3.56537127495,-1.08658826351,97254.0710449,34.8800010681,-509.288787842,False
55.400000000000006,-0.177,-0.296,-0.215,1.08853815,0.57859235,15.8475464,18.8099994659,34.5283927917,3.91999983788,2.43946051598,-11.1152229309,19.5073070526,-2.7427213192,-1.42709362507,97254.0710449,34.7799987793,-529.619628906,False
55.5,-0.204,-0.232,-0.211,0.95124505,0.51975245,13.8273765,15.5899991989,34.5283927917,3.36999988556,2.43946051598,-11.1152229309,19.5807094574,-2.00745153427,-1.7600799799,97250.994873,34.6399993896,-529.619628906,False
55.6,-0.204,-0.232,-0.211,0.95124505,0.51975245,13.8273765,12.5500001907,34.5283927917,2.78999996185,2.43946051598,-11.1152229309,19.6063709259,-1.3544921875,-1.99103808403,97250.994873,34.469997406,-529.959289551,False
55.7,-0.398,-0.171,-0.23,0.77472535,0.6668522,12.1798593,9.71999931335,34.5283927917,2.23000001907,2.43946051598,-11.1152229309,19.5988178253,-0.67174077034,-2.11631321907,97245.4406738,34.2900009155,-529.959289551,False
55.800000000000004,-0.343,-0.161,-0.215,0.51975245,0.5295591,11.5326204,9.71999931335,27.8296318054,2.21000003815,4.44327783585,-2.25429105759,19.5819015503,-0.462730020285,-2.15498638153,97262.4572754,34.2900009155,-529.959289551,False
55.900000000000006,-0.495,-0.105,-0.225,0.32361945,1.2418011738999999e-15,10.1400761,4.86999988556,27.8296318054,1.11000001431,4.44327783585,-2.25429105759,19.4870529175,0.246482253075,-2.19258284569,97244.3725586,33.8600006104,-527.443908691,False
56.0,-0.342,-0.09,-0.187,0.14709975,0.4707192,10.36562905,2.62999987602,27.8296318054,0.620000004768,4.44327783585,-2.25429105759,19.3885288239,0.630372285843,-2.19720959663,97244.3725586,33.6599998474,-546.692871094,False
56.1,-0.342,-0.09,-0.187,0.14709975,0.4707192,10.36562905,0.689999997616,20.892414093,0.119999997318,4.51201581955,2.24355340004,19.2762985229,1.01008927822,-2.27204704285,97228.0395508,33.469997406,-546.692871094,False
56.2,-0.252,-0.1,-0.129,0.04903325,-0.1765197,10.97364135,-1.43999993801,20.892414093,-0.459999978542,4.51201581955,2.24355340004,19.115650177,1.44929909706,-2.36753821373,97239.9169922,33.25,-531.453918457,False
56.300000000000004,-0.252,-0.1,-0.129,0.04903325,-0.1765197,10.97364135,-1.43999993801,20.892414093,-0.469999998808,4.51201581955,2.24355340004,19.0589828491,1.56432437897,-2.37851691246,97226.1047363,33.0299987793,-531.453918457,False
56.400000000000006,-0.344,-0.102,-0.065,0.02941995,0.0196133,10.48330885,-5.17999982834,20.892414093,-1.65999996662,4.51201581955,2.24355340004,18.9240379333,1.84057748318,-2.41590309143,97225.378418,32.7999992371,-513.729492188,False
56.5,-0.406,-0.062,-0.044,0.02941995,0.392266,10.9246081,-6.64999961853,14.3126525879,-2.33999991417,5.34798049927,5.69052886963,18.7556114197,2.09215402603,-2.51908063889,97224.1638184,32.5599975586,-513.729492188,False
56.6,-0.368,-0.043,-0.06,-0.06864655,0.4118793,10.38524235,-7.80999994278,14.3126525879,-3.00999999046,5.34798049927,5.69052886963,18.5818634033,2.28790163994,-2.53865742683,97219.3725586,32.2999992371,-489.247131348,False
56.7,-0.269,-0.002,-0.103,-0.196133,0.1176798,9.4928372,-8.8499994278,14.3126525879,-3.64999985695,5.34798049927,5.69052886963,18.4334030151,2.38036084175,-2.49904727936,97209.5458984,32.0400009155,-489.247131348,False
56.800000000000004,-0.219,0.028,-0.099,-0.40207265,0.2745862,8.9240515,-9.61999988556,14.3126525879,-4.25999975204,5.34798049927,5.69052886963,18.2818336487,2.47631788254,-2.43687677383,97205.7189941,31.7699985504,-458.906555176,False
56.900000000000006,-0.219,0.028,-0.099,-0.40207265,0.2745862,8.9240515,-10.4399995804,6.90507078171,-4.86999988556,4.54131746292,7.94929265976,18.1465778351,2.54475355148,-2.343521595,97205.7189941,31.5199985504,-458.906555176,False
57.0,0.028,0.025,-0.079,-0.08825985,0.30400615,9.73800345,-11.1300001144,6.90507078171,-5.44999980927,4.54131746292,7.94929265976,17.9994621277,2.58878898621,-2.3030834198,97199.2248535,31.2600002289,-433.901031494,False
57.1,0.028,0.025,-0.079,-0.08825985,0.30400615,9.73800345,-11.8099994659,6.90507078171,-6.10999965668,4.54131746292,7.94929265976,17.8274993896,2.67051935196,-2.3717148304,97200.0,31.0100002289,-433.901031494,False
57.2,-0.286,0.064,-0.049,-0.2549729,0.1372931,9.14960445,-11.8099994659,6.90507078171,-6.11999988556,4.54131746292,7.94929265976,17.7376422882,2.69134879112,-2.34112858772,97194.0368652,30.75,-409.871490479,False
57.300000000000004,-0.222,0.069,-0.033,-0.48052585,0.2549729,7.7472535,-13.0199995041,3.40901994705,-7.32999992371,3.16658329964,9.46583938599,17.6023197174,2.71248221397,-2.1329627037,97190.7531738,30.5,-409.871490479,False
57.400000000000006,-0.222,0.069,-0.033,-0.48052585,0.2549729,7.7472535,-13.3599996567,3.40901994705,-7.7999997139,3.16658329964,9.46583938599,17.483833313,2.68303823471,-1.96274995804,97182.7453613,30.2600002289,-383.690246582,False
57.5,-0.326,0.071,-0.035,-0.53936575,0.4511059,7.8649333,-13.5799999237,3.40901994705,-8.26000022888,3.16658329964,9.46583938599,17.404209137,2.64519762993,-1.86536216736,97182.7453613,30.0499992371,-383.690246582,False
57.6,-0.363,0.092,-0.044,-0.5687857,0.2549729,8.1787461,-13.6999998093,3.40901994705,-8.69999980927,3.16658329964,9.46583938599,17.3093128204,2.59085893631,-1.68728232384,97186.2731934,29.8400001526,-351.055908203,False
57.7,-0.395,0.084,-0.043,-0.3726527,0.0784532,8.9240515,-13.75,-2.88736701012,-9.09000015259,1.32941532135,10.4363689423,17.214138031,2.492000103,-1.55217015743,97178.1677246,29.6599998474,-351.055908203,False
57.800000000000004,-0.32,0.107,-1.31037207509e-17,-0.4118793,-0.0980665,7.1784678,-13.6199998856,-2.88736701012,-9.46999931335,1.32941532135,10.4363689423,17.1559276581,2.4039273262,-1.43228805065,97173.1872559,29.4799995422,-328.031738281,False
57.900000000000006,-0.154,0.101,0.019,-0.4903325,-0.1176798,7.10982125,-13.4299993515,-2.88736701012,-9.75,1.32941532135,10.4363689423,17.0974788666,2.2993953228,-1.16994297504,97169.0002441,29.3199996948,-328.031738281,False
58.0,-0.271,0.078,0.041,-0.5099458,-0.22555295,8.5317855,-13.1799993515,-2.88736701012,-9.94999980927,1.32941532135,10.4363689423,17.045135498,2.1735022068,-0.94480240345,97170.5688477,29.1799983978,-309.39465332,False
58.1,-0.271,0.078,0.041,-0.5099458,-0.22555295,8.5317855,-12.8599996567,-10.7729625702,-10.2100000381,-1.55368995667,10.7379150391,16.9892902374,2.02605366707,-0.749093651772,97170.5688477,29.0599994659,-309.39465332,False
58.2,-0.154,0.095,0.132,-0.4314926,-0.22555295,6.6881353,-12.5999994278,-10.7729625702,-10.3099994659,-1.55368995667,10.7379150391,16.9618663788,1.92491042614,-0.51030677557,97169.7875977,28.9599990845,-293.382080078,False
58.300000000000004,-0.145,0.087,0.153,-0.44129925,-0.0392266,6.5508422,-12.3199996948,-10.7729625702,-10.279999733,-1.55368995667,10.7379150391,16.9079265594,1.78882026672,-0.0265414193273,97165.2160645,28.8999996185,-293.382080078,False
58.400000000000006,-0.096,0.07,0.163,-0.5295591,0.1569064,6.28606265,-11.9699993134,-10.7729625702,-10.1499996185,-1.55368995667,10.7379150391,16.8826999664,1.67190814018,0.266954272985,97165.9729004,28.8699989319,-276.187713623,False
58.5,-0.091,0.067,0.153,-0.4707192,0.10787315,7.09020795,-11.4799995422,-13.4924945831,-9.94999980927,-4.16461610794,8.45146656036,16.8707637787,1.52628743649,0.622120916843,97166.607666,28.8799991608,-276.187713623,False
58.6,0.046,0.05,0.125,-0.57859235,-0.12748645,7.1784678,-10.8199996948,-13.4924945831,-9.72999954224,-4.16461610794,8.45146656036,16.8566818237,1.35899877548,0.922438323498,97163.0859375,28.9200000763,-262.921142578,False
58.7,0.046,0.05,0.125,-0.57859235,-0.12748645,7.1784678,-10.8099994659,-13.4924945831,-9.72999954224,-4.16461610794,8.45146656036,16.8547592163,1.21356248856,1.12855029106,97163.0859375,28.9200000763,-262.921142578,False
58.800000000000004,-0.033,0.049,0.103,-0.4707192,0.0196133,8.1591328,-9.43999958038,-13.4924945831,-9.17000007629,-4.16461610794,8.45146656036,16.8719005585,0.939589560032,1.38551044464,97167.1081543,29.0900001526,-259.654998779,False
58.900000000000006,-0.087,0.031,0.104,-0.34323275,0.0980665,8.4533323,-8.57999992371,-13.4924945831,-8.88000011444,-4.16461610794,8.45146656036,16.8885364532,0.783593118191,1.52273392677,97167.5476074,29.1999988556,-259.654998779,False
59.0,-0.007,0.021,0.098,-0.5099458,0.0196133,7.69822025,-7.63999986649,-13.9994182587,-8.55000019073,-6.84870433807,5.4152264595,16.9317131042,0.496379613876,1.78253543377,97171.5209961,29.3299999237,-248.986236572,False
59.1,-0.007,0.021,0.098,-0.5099458,0.0196133,7.69822025,-6.67999982834,-13.9994182587,-8.15999984741,-6.84870433807,5.4152264595,16.9521141052,0.37503105402,1.88237953186,97171.5209961,29.4799995422,-248.986236572,False
59.2,0.063,-0.04,0.069,-0.4511059,0.1176798,10.9638347,-5.6299996376,-13.9994182587,-7.7999997139,-6.84870433807,5.4152264595,17.0081729889,0.103218056262,1.93226540089,97177.2766113,29.6299991608,-242.17300415,False
59.300000000000004,0.103,-0.014,0.095,-0.5099458,-0.00980665,9.85568325,-4.50999975204,-13.2155952454,-7.52999973297,-7.54352712631,3.96960687637,17.0659294128,-0.112166345119,1.91913568974,97177.2766113,29.7999992371,-242.17300415,False
59.400000000000006,0.139,-0.01,0.124,-0.2941995,-0.1372931,9.8851032,-3.50999999046,-13.2155952454,-7.23000001907,-7.54352712631,3.96960687637,17.1202583313,-0.316607326269,1.91266870499,97178.5827637,29.9599990845,-242.766952515,False
59.5,0.139,-0.01,0.124,-0.2941995,-0.1372931,9.8851032,-3.50999999046,-13.2155952454,-7.23000001907,-7.54352712631,3.96960687637,17.1672840118,-0.44623196125,1.87570261955,97178.5827637,29.9599990845,-242.766952515,False
59.6,0.043,0.009,0.13,-0.20593965,-0.20593965,8.73772515,-1.43999993801,-13.2155952454,-6.60999965668,-7.54352712631,3.96960687637,17.2485961914,-0.700233995914,1.96434724331,97181.7382812,30.2899990082,-257.57522583,False
59.7,0.043,0.009,0.13,-0.20593965,-0.20593965,8.73772515,-0.699999988079,-10.5408391953,-6.21000003815,-8.18512153625,1.33949029446,17.2739620209,-0.774826526642,2.04659938812,97184.3566895,30.4499988556,-257.57522583,False
59.800000000000004,0.15,-0.022,0.15,-0.2941995,-0.2745862,8.46313895,-0.699999988079,-10.5408391953,-6.21999979019,-8.18512153625,1.33949029446,17.3043270111,-0.869002878666,2.12558293343,97188.6291504,30.6199989319,-264.956085205,False
59.900000000000006,0.235,-0.036,0.165,-0.42168595,0.10787315,8.97308475,0.799999952316,-10.5408391953,-5.40000009537,-8.18512153625,1.33949029446,17.3737373352,-1.02077710629,2.20553994179,97186.5661621,30.7999992371,-264.956085205,False
60.0,0.254,-0.097,0.134,-0.0588399,0.08825985,11.4737805,1.54999995232,-6.69023418427,-5.01999998093,-7.98405981064,-1.54088079929,17.4578208923,-1.16787707806,2.11336255074,97195.8679199,31.0,-272.18838501,False
60.1,0.254,-0.097,0.134,-0.0588399,0.08825985,11.4737805,2.26999998093,-6.69023418427,-4.69000005722,-7.98405981064,-1.54088079929,17.5361537933,-1.28183948994,2.14401602745,97195.8679199,31.1799983978,-272.18838501,False
60.2,0.097,-0.044,0.097,-0.08825985,0.34323275,10.52253545,2.8599998951,-6.69023418427,-4.23000001907,-7.98405981064,-1.54088079929,17.5724544525,-1.35492408276,2.15695405006,97197.9187012,31.3699989319,-282.877746582,False
60.300000000000004,0.097,-0.044,0.097,-0.08825985,0.34323275,10.52253545,2.8599998951,-6.69023418427,-4.23000001907,-7.98405981064,-1.54088079929,17.5954151154,-1.41835689545,2.15411877632,97197.9187012,31.3699989319,-282.877746582,False
60.400000000000006,0.004,-0.06,0.031,0.06864655,0.6472389,10.6107953,4.34999990463,-3.60149812698,-3.40999984741,-7.30401039124,-4.06637954712,17.6515350342,-1.56561148167,2.1291987896,97199.1638184,31.75,-263.506500244,False
60.5,0.136,-0.023,-0.097,-0.0196133,0.50013915,10.4735022,5.23999977112,-3.60149812698,-3.06999993324,-7.30401039124,-4.06637954712,17.7452430725,-1.70711553097,2.05850529671,97207.4279785,31.9299983978,-263.506500244,False
60.6,0.203,-0.033,-0.13,-0.14709975,0.3334261,9.2770909,5.90999984741,-3.60149812698,-2.69000005722,-7.30401039124,-4.06637954712,17.7906761169,-1.77560150623,2.04230928421,97207.4279785,32.1100006104,-270.75213623,False
60.7,0.203,-0.033,-0.13,-0.14709975,0.3334261,9.2770909,5.90999984741,-3.60149812698,-2.69000005722,-7.30401039124,-4.06637954712,17.8149414062,-1.80492532253,2.10953211784,97209.3261719,32.1100006104,-270.75213623,False
60.800000000000004,0.214,-0.081,-0.134,0.04903325,0.12748645,10.79712165,6.71999979019,-3.60149812698,-1.79999995232,-7.30401039124,-4.06637954712,17.8764629364,-1.81771588326,2.06830430031,97213.1958008,32.4899978638,-290.738098145,False
60.900000000000006,0.23,-0.072,-0.074,0.0784532,0.32361945,10.87557485,6.92000007629,0.572795212269,-1.4699999094,-6.36729812622,-1.25521337986,17.9927997589,-1.79869830608,1.85752737522,97219.2687988,32.6699981689,-290.738098145,False
61.0,0.305,-0.108,-0.096,0.26477955,-0.06864655,11.1207411,6.96000003815,0.572795212269,-1.15999996662,-6.36729812622,-1.25521337986,18.0441207886,-1.74516093731,1.77632129192,97219.0551758,32.8499984741,-296.808227539,False
61.1,0.305,-0.108,-0.096,0.26477955,-0.06864655,11.1207411,6.75999975204,0.572795212269,-0.839999973774,-6.36729812622,-1.25521337986,18.0905647278,-1.66536319256,1.65746057034,97219.6289062,33.0099983215,-296.808227539,False
61.2,0.119,-0.096,1.17566092718e-17,0.2745862,0.10787315,10.5323421,6.32999992371,0.572795212269,-0.560000002384,-6.36729812622,-1.25521337986,18.1484794617,-1.51086807251,1.52579307556,97221.5820312,33.1499977112,-312.233734131,False
61.300000000000004,0.119,-0.096,1.17566092718e-17,0.2745862,0.10787315,10.5323421,5.75999975204,0.572795212269,-0.370000004768,-6.36729812622,-1.25521337986,18.1895999908,-1.42438185215,1.40391659737,97221.8200684,33.2900009155,-312.233734131,False
61.400000000000006,0.023,-0.117,0.048,0.34323275,-0.10787315,12.56231865,5.00999975204,5.8494682312,-0.329999983311,-3.587880373,0.143072605133,18.2575969696,-1.21485316753,1.05636322498,97229.3395996,33.3899993896,-326.886352539,False
61.5,0.057,-0.096,0.092,0.42168595,0.10787315,11.11093445,4.28999996185,5.8494682312,-0.25,-3.587880373,0.143072605133,18.2973060608,-1.09471213818,0.921875476837,97230.5053711,33.469997406,-326.886352539,False
61.6,-0.148,-0.133,0.075,0.61781895,-0.12748645,12.20927925,3.56999993324,5.8494682312,-0.310000002384,-3.587880373,0.143072605133,18.3431911469,-0.894008338451,0.536356568336,97232.9833984,33.5200004578,-339.194091797,False
61.7,-0.148,-0.133,0.075,0.61781895,-0.12748645,12.20927925,3.04999995232,5.8494682312,-0.389999985695,-3.587880373,0.143072605133,18.3538284302,-0.830956339836,0.393149375916,97232.9833984,33.5499992371,-339.194091797,False
61.800000000000004,-0.03,-0.07,0.085,0.38245935,0.6276256,11.8464332,3.04999995232,5.8494682312,-0.389999985695,-3.587880373,0.143072605133,18.3554210663,-0.761824965477,0.240359425545,97236.2487793,33.5499992371,-339.194091797,False
61.900000000000006,-0.193,-0.057,0.022,0.42168595,0.2745862,10.591182,2.20000004768,4.77462816238,-0.589999973774,-1.37129366398,-1.55038022995,18.3578186035,-0.629443645477,-0.00758173316717,97234.576416,33.5599975586,-345.514862061,False
62.0,0.109,-0.06,-0.05,0.36284605,0.85317855,12.356379,2.00999999046,4.77462816238,-0.689999997616,-1.37129366398,-1.55038022995,18.3453216553,-0.600311636925,-0.181441426277,97237.2924805,33.5400009155,-356.137084961,False
62.1,0.109,-0.06,-0.05,0.36284605,0.85317855,12.356379,2.00999999046,4.77462816238,-0.689999997616,-1.37129366398,-1.55038022995,18.3398189545,-0.592000365257,-0.311646044254,97237.2924805,33.5400009155,-356.137084961,False
62.2,0.168,-0.018,-0.161,0.3138128,0.24516625,7.5118939,1.58999991417,4.62074518204,-1.02999997139,-0.401164710522,-0.535334408283,18.2977962494,-0.519614934921,-0.239830747247,97233.3007812,33.469997406,-356.129455566,False
62.300000000000004,0.168,-0.018,-0.161,0.3138128,0.24516625,7.5118939,1.58999991417,4.62074518204,-1.02999997139,-0.401164710522,-0.535334408283,18.2794151306,-0.490157186985,-0.142270684242,97233.3007812,33.469997406,-356.129455566,False
62.400000000000006,-0.224,-0.002,-0.145,0.0588399,0.0196133,8.4729456,0.979999959469,4.62074518204,-0.909999966621,-0.401164710522,-0.535334408283,18.2215461731,-0.395861744881,-0.0292365401983,97236.0595703,33.4300003052,-359.937469482,False
62.5,-0.153,-0.023,-0.127,0.0588399,0.10787315,9.63993695,0.729999959469,4.62074518204,-0.810000002384,-0.401164710522,-0.535334408283,18.1953430176,-0.328235924244,0.0675036385655,97237.2741699,33.4199981689,-360.937408447,False
62.6,-0.153,-0.023,-0.127,0.0588399,0.10787315,9.63993695,0.299999982119,4.62074518204,-0.769999980927,-0.401164710522,-0.535334408283,18.1502952576,-0.264084637165,0.0133631685749,97232.1838379,33.4300003052,-354.167266846,False
62.7,-0.065,-0.032,-0.049,-0.12748645,-0.1765197,9.5712904,0.239999994636,2.29606437683,-0.810000002384,-0.532399237156,3.40651512146,18.1007823944,-0.194660589099,-0.0321629904211,97235.0769043,33.4300003052,-354.167266846,False
62.800000000000004,-0.065,-0.032,-0.049,-0.12748645,-0.1765197,9.5712904,-0.070000000298,2.29606437683,-0.769999980927,-0.532399237156,3.40651512146,18.0453243256,-0.13184222579,-0.0231640879065,97235.0769043,33.4399986267,-349.806121826,False
62.900000000000006,0.054,-0.053,0.042,-0.0784532,-0.0588399,10.0420096,-0.569999992847,2.29606437683,-0.769999980927,-0.532399237156,3.40651512146,17.9579219818,-0.0370625928044,0.01167356316,97238.8427734,33.4399986267,-349.806121826,False
63.0,0.335,-0.072,-0.007,-0.0784532,-0.63743225,10.79712165,-0.259999990463,2.72503137589,-0.699999988079,-0.0444842763245,3.71502685547,17.9059066772,0.0353835709393,-0.0130213545635,97237.8051758,33.4500007629,-342.763793945,False
63.1,0.335,-0.072,-0.007,-0.0784532,-0.63743225,10.79712165,-0.939999997616,2.72503137589,-0.680000007153,-0.0444842763245,3.71502685547,17.8525657654,0.138817563653,-0.0407758578658,97237.8051758,33.4599990845,-342.763793945,False
63.2,0.097,-0.08,0.147,0.08825985,0.02941995,8.9828914,-0.019999999553,2.72503137589,-0.659999966621,-0.0444842763245,3.71502685547,17.7808113098,0.300936728716,0.00138025102206,97236.3952637,33.4599990845,-329.072845459,False
63.300000000000004,0.097,-0.08,0.147,0.08825985,0.02941995,8.9828914,-0.019999999553,2.72503137589,-0.659999966621,-0.0444842763245,3.71502685547,17.7474060059,0.337063282728,0.0332905426621,97236.3952637,33.4599990845,-329.072845459,False
63.400000000000006,-0.188,-0.032,0.029,0.2353596,0.44129925,10.2773692,-0.799999952316,2.72503137589,-0.560000002384,-0.0444842763245,3.71502685547,17.6529884338,0.420428186655,0.00750600313768,97233.6914062,33.4899978638,-324.70904541,False
63.5,-0.188,-0.032,0.029,0.2353596,0.44129925,10.2773692,-0.799999952316,2.72503137589,-0.560000002384,-0.0444842763245,3.71502685547,17.6205997467,0.442095547915,-0.0324875712395,97233.6914062,33.4899978638,-324.70904541,False
63.6,-0.055,-0.027,-0.105,0.40207265,0.0980665,10.2969825,3.25999999046,4.31611585617,-0.589999973774,1.38585591316,1.92320811749,17.5387878418,0.495674729347,-0.139828622341,97233.6669922,33.4899978638,-311.077026367,False
63.7,0.033,-0.031,-0.116,0.16671305,-0.0588399,9.91452315,4.61999988556,4.31611585617,-0.649999976158,1.38585591316,1.92320811749,17.4843654633,0.540545225143,-0.176931619644,97229.2175293,33.4899978638,-311.077026367,False
63.800000000000004,0.114,-0.021,-0.086,0.2353596,0.16671305,9.32612415,4.61999988556,4.31611585617,-0.669999957085,1.38585591316,1.92320811749,17.4263324738,0.611872136593,-0.175030365586,97234.0515137,33.469997406,-300.177581787,False
63.900000000000006,0.118,-0.04,-0.062,0.2745862,-0.0588399,9.7674234,11.0100002289,4.31611585617,-0.689999997616,1.38585591316,1.92320811749,17.3813171387,0.666630208492,-0.170050755143,97233.5083008,33.4500007629,-300.177581787,False
64.0,0.183,-0.039,-0.057,0.1372931,-0.0392266,9.6301303,11.1199998856,4.0110373497,-0.740000009537,1.59245872498,4.33460569382,17.3175983429,0.729592144489,-0.15194401145,97228.9794922,33.4199981689,-294.909667969,False
64.10000000000001,0.183,-0.039,-0.057,0.1372931,-0.0392266,9.6301303,11.1199998856,4.0110373497,-0.729999959469,1.59245872498,4.33460569382,17.2704772949,0.797627151012,-0.116116814315,97228.9794922,33.4199981689,-294.909667969,False
64.2,0.143,-0.032,-0.075,0.22555295,0.0980665,9.8851032,13.0,4.0110373497,-0.799999952316,1.59245872498,4.33460569382,17.1651363373,0.924867272377,-0.167662039399,97230.0598145,33.3899993896,-282.634552002,False
64.3,0.143,-0.032,-0.075,0.22555295,0.0980665,9.8851032,13.0,4.0110373497,-0.799999952316,1.59245872498,4.33460569382,17.1148071289,0.983576834202,-0.224615931511,97230.0598145,33.3899993896,-282.634552002,False
64.4,0.281,-0.045,-0.127,0.30400615,-0.14709975,11.71894675,19.6800003052,7.15498352051,-0.979999959469,1.85035586357,5.83401584625,17.0029964447,1.17070972919,-0.362775087357,97230.0598145,33.3299980164,-271.095855713,False
64.5,0.403,-0.031,-0.078,0.20593965,0.18632635,11.20900095,19.6199989319,7.15498352051,-1.15999996662,1.85035586357,5.83401584625,16.9321651459,1.36373388767,-0.50323587656,97230.2185059,33.2900009155,-271.095855713,False
64.60000000000001,0.302,0.009,-0.081,0.1765197,0.53936575,9.67916355,19.4200000763,12.3058700562,-1.32999992371,1.86932933331,7.61929368973,16.833234787,1.55103373528,-0.567612111568,97230.1391602,33.2299995422,-263.337127686,False
64.7,0.129,-0.012,-0.096,0.04903325,0.46091255,9.610517,20.7999992371,12.3058700562,-1.4699999094,1.86932933331,7.61929368973,16.7570972443,1.75406813622,-0.556323289871,97230.1391602,33.1699981689,-263.337127686,False
64.8,0.056,-0.006,-0.132,0.3138128,0.24516625,9.18883105,20.5699996948,12.3058700562,-1.56999993324,1.86932933331,7.61929368973,16.6509361267,2.00263977051,-0.52631098032,97227.0935059,33.1100006104,-250.06237793,False
64.9,0.056,-0.006,-0.132,0.3138128,0.24516625,9.18883105,26.1999988556,12.3058700562,-1.70999991894,1.86932933331,7.61929368973,16.5930080414,2.19888472557,-0.503699719906,97227.6245117,33.0499992371,-250.06237793,False
65.0,0.213,-0.043,-0.145,0.1765197,0.02941995,11.571847,26.0100002289,15.3258657455,-1.80999994278,1.2615172863,9.86105060577,16.4830951691,2.50672698021,-0.592582464218,97228.1066895,32.9899978638,-233.349136353,False
65.10000000000001,0.394,-0.014,-0.125,0.4511059,0.0392266,9.0025047,25.4599990845,15.3258657455,-2.00999999046,1.2615172863,9.86105060577,16.3988304138,2.79519534111,-0.588084220886,97227.7404785,32.9300003052,-233.349136353,False
65.2,0.314,-0.027,-0.116,0.0784532,0.22555295,10.3165958,27.859998703,15.3258657455,-2.05999994278,1.2615172863,9.86105060577,16.3278560638,3.05052566528,-0.522516608238,97223.046875,32.8699989319,-230.19934082,False
65.3,0.312,-0.01,-0.119,0.3726527,0.4118793,9.1005712,27.3899993896,15.3258657455,-2.1099998951,1.2615172863,9.86105060577,16.2228660583,3.39155292511,-0.48085168004,97222.4609375,32.8199996948,-229.199401855,False
65.4,0.265,-0.042,-0.144,0.20593965,0.42168595,10.4538889,30.6999988556,23.6629180908,-2.13999986649,0.358841061592,13.3182916641,16.1054382324,3.8377225399,-0.426301240921,97222.8393555,32.7799987793,-226.114074707,False
65.5,0.231,-0.006,-0.193,0.28439285,0.588399,8.26700595,30.3199996948,23.6629180908,-2.15999984741,0.358841061592,13.3182916641,16.0043773651,4.17367744446,-0.310536652803,97222.1862793,32.7299995422,-226.114074707,False
65.60000000000001,0.157,0.012,-0.248,0.1765197,0.51975245,7.50208725,32.4500007629,23.6629180908,-2.06999993324,0.358841061592,13.3182916641,15.9417037964,4.39627313614,-0.0863372087479,97219.8547363,32.7099990845,-224.483673096,False
65.7,0.157,0.012,-0.248,0.1765197,0.51975245,7.50208725,32.4599990845,23.6629180908,-1.82999992371,0.358841061592,13.3182916641,15.8521432877,4.75494718552,0.255222469568,97219.8547363,32.7099990845,-224.483673096,False
65.8,-0.023,-0.038,-0.353,0.18632635,0.392266,8.18855275,32.2999992371,27.3672161102,-1.54999995232,-2.01309418678,17.8640975952,15.7896251678,5.06551551819,0.573069572449,97219.6716309,32.7399978638,-225.223922729,False
65.9,0.098,-0.028,-0.356,0.24516625,0.3726527,6.79600845,35.5799980164,27.3672161102,-1.23000001907,-2.01309418678,17.8640975952,15.73209095,5.33707714081,0.79410636425,97222.4609375,32.7999992371,-225.223922729,False
66.0,0.159,-0.077,-0.34,0.3138128,0.3334261,7.46286065,35.469997406,27.3672161102,-0.769999980927,-2.01309418678,17.8640975952,15.6352539062,5.69222402573,1.09601604939,97222.4609375,32.8899993896,-220.796203613,False
66.10000000000001,0.159,-0.077,-0.34,0.3138128,0.3334261,7.46286065,37.2799987793,27.3672161102,-0.310000002384,-2.01309418678,17.8640975952,15.5198850632,6.18504333496,1.3366843462,97219.6289062,33.0099983215,-220.796203613,False
66.2,0.0,-0.112,-0.237,0.36284605,0.06864655,8.54159215,36.969997406,28.8833084106,0.129999995232,-4.44963741302,24.6453704834,15.3983516693,6.65034294128,1.5059967041,97222.65625,33.1599998474,-230.303283691,False
66.3,0.095,-0.183,-0.211,0.4511059,1.2598156977e-15,10.28717585,36.969997406,28.8833084106,0.129999995232,-4.44963741302,24.6453704834,15.3062725067,6.99826574326,1.67259955406,97229.5532227,33.3199996948,-230.303283691,False
66.4,0.095,-0.183,-0.211,0.4511059,1.2598156977e-15,10.28717585,39.3600006104,28.8833084106,1.14999997616,-4.44963741302,24.6453704834,15.1233081818,7.62788534164,1.71917414665,97229.5532227,33.4899978638,-299.785522461,False
66.5,0.17,-0.173,-0.184,0.6276256,0.59820565,10.95402805,39.3600006104,28.8833084106,1.15999996662,-4.44963741302,24.6453704834,15.0666637421,7.82175970078,1.71944606304,97233.7463379,33.4899978638,-299.785522461,False
66.60000000000001,0.345,-0.196,-0.228,0.79433865,0.24516625,11.38552065,41.3400001526,32.1421852112,2.14999985695,-4.1509976387,31.0783615112,14.8297357559,8.55824947357,1.81496608257,97233.1787109,33.8600006104,-305.679901123,False
66.7,0.314,-0.215,-0.233,0.89240515,0.4511059,11.56204035,40.9300003052,32.1421852112,2.70000004768,-4.1509976387,31.0783615112,14.6017475128,9.1572599411,1.82465195656,97234.6618652,34.0499992371,-305.679901123,False
66.8,0.314,-0.215,-0.233,0.89240515,0.4511059,11.56204035,40.9399986267,32.1421852112,2.73000001907,-4.1509976387,31.0783615112,14.4513406754,9.5288772583,1.83236503601,97234.6618652,34.0499992371,-305.679901123,False
66.9,0.102,-0.254,-0.205,0.85317855,0.63743225,12.5721253,41.4399986267,32.1421852112,3.69999980927,-4.1509976387,31.0783615112,14.0184650421,10.4445915222,1.78257679939,97245.526123,34.4399986267,-328.944030762,False
67.0,0.054,-0.254,-0.205,1.01008495,0.57859235,11.6699135,40.7900009155,36.1477088928,4.15000009537,-3.09421944618,37.6538238525,13.6888694763,11.0709161758,1.73514056206,97261.0290527,34.6199989319,-344.705291748,False
67.10000000000001,0.241,-0.288,-0.24,1.20621795,0.7256921,12.75845165,40.1299972534,36.1477088928,4.63999986649,-3.09421944618,37.6538238525,13.2784910202,11.8116807938,1.71102905273,97263.1286621,34.7999992371,-344.705291748,False
67.2,0.08,-0.302,-0.235,1.40235095,0.81395195,13.58221025,43.0299987793,36.1477088928,5.06999969482,-3.09421944618,37.6538238525,12.8557243347,12.5084896088,1.5962126255,97258.7158203,34.9799995422,-353.904998779,False
67.3,0.08,-0.302,-0.235,1.40235095,0.81395195,13.58221025,43.0299987793,36.1477088928,5.07999992371,-3.09421944618,37.6538238525,12.5918540955,12.9252090454,1.5180542469,97258.7158203,34.9799995422,-353.904998779,False
67.4,-0.058,-0.286,-0.255,1.6082906,0.50013915,12.95458465,42.7700004578,37.8420791626,5.46000003815,-1.59529221058,45.2728233337,12.1708984375,13.5768508911,1.448990345,97272.6318359,35.1599998474,-353.904998779,False
67.5,-0.028,-0.272,-0.293,1.71616375,0.4903325,11.95430635,41.4399986267,37.8420791626,6.2999997139,-1.59529221058,45.2728233337,11.5790281296,14.435300827,1.41243445873,97266.3330078,35.5099983215,-372.501190186,False
67.60000000000001,-0.005,-0.257,-0.316,1.6671305,0.7453054,12.87613145,40.7999992371,37.8420791626,6.75,-1.59529221058,45.2728233337,11.1108579636,15.0421161652,1.35522031784,97258.9904785,35.6800003052,-400.69140625,False
67.7,-0.03,-0.295,-0.307,1.89268345,0.6668522,13.2782041,41.6699981689,37.8420791626,7.13999986649,-1.59529221058,45.2728233337,10.602514267,15.659620285,1.22759056091,97270.135498,35.8400001526,-400.69140625,False
67.8,-0.03,-0.295,-0.307,1.89268345,0.6668522,13.2782041,40.8199996948,37.3933296204,7.46999979019,-1.12279486656,54.2857017517,10.0752077103,16.2724571228,1.11030828953,97270.135498,35.9899978638,-423.861694336,False
67.9,0.021,-0.275,-0.294,2.0790098,0.83356525,13.1997509,40.1199989319,37.3933296204,7.73999977112,-1.12279486656,54.2857017517,9.64226722717,16.7540225983,1.0180772543,97276.0620117,36.1300010681,-423.861694336,False
68.0,0.021,-0.275,-0.294,2.0790098,0.83356525,13.1997509,39.1399993896,37.3933296204,8.01000022888,-1.12279486656,54.2857017517,9.07459354401,17.3355522156,0.863595306873,97276.0620117,36.2399978638,-449.169158936,False
68.10000000000001,0.2,-0.275,-0.314,2.12804305,0.588399,13.0820711,38.3400001526,37.3933296204,8.22000026703,-1.12279486656,54.2857017517,8.46526241302,17.8987903595,0.694426596165,97273.5351562,36.3400001526,-449.169158936,False
68.2,0.079,-0.297,-0.306,2.0201699,1.0591182,13.73911665,37.0200004578,38.3738136292,8.44999980927,-0.605767726898,62.9243812561,7.67758893967,18.5507564545,0.49431592226,97275.6408691,36.4300003052,-478.836425781,False
68.3,0.079,-0.297,-0.306,2.0201699,1.0591182,13.73911665,37.0200004578,38.3738136292,8.46000003815,-0.605767726898,62.9243812561,7.1376080513,18.96484375,0.383482545614,97275.6408691,36.5099983215,-478.836425781,False
68.4,-0.129,-0.32,-0.305,2.46146915,0.784532,15.2003075,33.6100006104,38.3738136292,8.69999980927,-0.605767726898,62.9243812561,6.25054836273,19.5901908875,0.146639510989,97276.6479492,36.5599975586,-498.469726562,False
68.5,-0.126,-0.333,-0.326,2.3928226,0.5099458,16.40652545,33.6100006104,38.3738136292,8.68999958038,-0.605767726898,62.9243812561,5.57502412796,19.9979763031,-0.146067351103,97276.6479492,36.5999984741,-498.469726562,False
68.60000000000001,-0.01,-0.29,-0.306,1.8240369,0.22555295,15.64160675,28.6399993896,37.9659957886,8.48999977112,0.0654836893082,72.7331619263,4.55293130875,20.5243377686,-0.507313072681,97283.3129883,36.5900001526,-520.34185791,False
68.7,-0.01,-0.29,-0.306,1.8240369,0.22555295,15.64160675,25.6999988556,37.9659957886,8.35999965668,0.0654836893082,72.7331619263,4.19985818863,20.6923465729,-0.60389393568,97283.581543,36.5599975586,-520.34185791,False
68.8,-0.007,-0.357,-0.217,1.85345685,1.79064366565e-15,14.62171515,22.4300003052,37.9659957886,8.19999980927,0.0654836893082,72.7331619263,3.02833986282,21.1357479095,-0.851510822773,97278.9794922,36.5,-546.078125,False
68.9,-0.254,-0.365,-0.188,1.75539035,0.53936575,15.0237878,22.4200000763,37.9659957886,8.18999958038,0.0654836893082,72.7331619263,2.21079540253,21.3712863922,-1.08313155174,97274.4140625,36.4300003052,-546.078125,False
69.0,-0.254,-0.365,-0.188,1.75539035,0.53936575,15.0237878,19.2899990082,37.9659957886,7.98999977112,0.0654836893082,72.7331619263,1.54755604267,21.5327148438,-1.29370594025,97274.4140625,36.3400001526,-557.740600586,False
69.10000000000001,-0.277,-0.298,-0.249,1.2944778,0.75511205,15.0434011,11.6399993896,35.3442573547,7.21000003815,2.99660253525,83.2593841553,0.395975440741,21.705619812,-1.79602658749,97277.9968262,36.2099990845,-557.740600586,False
69.2,-0.342,-0.269,-0.244,1.1964113,0.67665885,14.48442205,7.73999977112,35.3442573547,6.65999984741,2.99660253525,83.2593841553,-0.352697730064,21.7595005035,-2.07334566116,97270.6542969,36.0400009155,-561.078430176,False
69.3,-0.402,-0.266,-0.268,1.10815145,0.4511059,14.7295883,4.0499997139,30.9395542145,6.08999967575,4.74874734879,89.0077133179,-0.897951841354,21.745765686,-2.30345773697,97272.5158691,35.8600006104,-561.078430176,False
69.4,-0.339,-0.239,-0.237,0.87279185,0.26477955,14.60210185,0.189999997616,30.9395542145,5.38000011444,4.74874734879,89.0077133179,-1.5909537077,21.6879348755,-2.61833500862,97267.1936035,35.6399993896,-559.132568359,False
69.5,-0.407,-0.227,-0.16,0.9414384,0.10787315,15.01398115,-3.69999980927,30.9395542145,4.59999990463,4.74874734879,89.0077133179,-2.3868792057,21.5610179901,-3.01434493065,97270.1171875,35.3800010681,-559.132568359,False
69.60000000000001,-0.426,-0.217,-0.099,0.7453054,0.1569064,14.99436785,-7.57999992371,30.9395542145,3.58999991417,4.74874734879,89.0077133179,-3.03595042229,21.3955898285,-3.43442392349,97260.1013184,35.0900001526,-543.359008789,False
69.7,-0.38,-0.202,-0.065,0.59820565,-0.02941995,15.83773975,-11.029999733,22.37931633,2.5,7.40311145782,95.206413269,-3.61093449593,21.1805343628,-3.8981692791,97257.3547363,34.7599983215,-543.359008789,False
69.8,-0.214,-0.12,-0.02,0.2941995,0.392266,11.75817335,-14.1899995804,22.37931633,1.31999993324,7.40311145782,95.206413269,-3.99076771736,20.992275238,-4.14878320694,97240.411377,34.3800010681,-513.17956543,False
69.9,-0.664,-0.125,-0.002,0.2353596,0.9610517,12.48386545,-16.4899997711,22.37931633,0.209999993443,7.40311145782,95.206413269,-4.31871938705,20.7682914734,-4.30071926117,97234.7961426,33.969997406,-513.17956543,False
70.0,-0.664,-0.125,-0.002,0.2353596,0.9610517,12.48386545,-18.3699989319,22.37931633,-1.03999996185,7.40311145782,95.206413269,-4.5980629921,20.4836006165,-4.51812982559,97234.7961426,33.5299987793,-476.68762207,False
70.10000000000001,-0.798,0.009,-0.072,0.02941995,0.73549875,10.8265416,-18.3799991608,11.6090126038,-1.05999994278,8.94665718079,96.8255233765,-4.66107082367,20.3536338806,-4.56136465073,97240.6860352,33.5299987793,-476.68762207,False
70.2,-0.741,0.057,-0.092,0.0588399,0.61781895,9.9439431,-20.6499996185,11.6090126038,-3.46000003815,8.94665718079,96.8255233765,-4.71105527878,20.1516799927,-4.58752775192,97221.9055176,32.5999984741,-441.572753906,False
70.3,-0.598,0.099,-0.136,-0.196133,0.4903325,7.8060934,-21.2099990845,11.6090126038,-4.63000011444,8.94665718079,96.8255233765,-4.68650865555,19.8916835785,-4.58737516403,97220.7458496,32.1300010681,-441.572753906,False
70.4,-0.598,0.099,-0.136,-0.196133,0.4903325,7.8060934,-21.2299995422,11.6090126038,-4.63000011444,8.94665718079,96.8255233765,-4.63990783691,19.8090286255,-4.43926906586,97210.6201172,32.1300010681,-441.572753906,False
70.5,-0.533,0.097,-0.13,-0.26477955,0.1176798,6.01147645,-21.6299991608,-1.18426191807,-5.67999982834,7.24688434601,99.1932373047,-4.5923743248,19.7413082123,-4.19383144379,97203.3813477,31.6499996185,-399.193389893,False
70.60000000000001,-0.419,0.103,-0.105,-0.2353596,0.00980665,6.56064885,-21.859998703,-1.18426191807,-7.26999998093,7.24688434601,99.1932373047,-4.40029907227,19.5479793549,-3.67033553123,97200.1525879,30.7999992371,-362.80078125,False
70.7,-0.428,0.084,-0.09,-0.2353596,-0.20593965,6.73716855,-21.8099994659,-1.18426191807,-8.01000022888,7.24688434601,99.1932373047,-4.21642255783,19.3932609558,-3.35888814926,97190.2160645,30.4200000763,-362.80078125,False
70.8,-0.29,0.055,0.035,-0.59820565,-0.3334261,7.9237732,-21.6499996185,-11.1934671402,-8.72999954224,4.93925428391,101.688285828,-3.99839186668,19.2493991852,-3.17872714996,97184.8754883,30.0699996948,-345.99420166,False
70.9,-0.302,0.077,0.114,-0.61781895,-0.20593965,7.32556755,-21.2999992371,-11.1934671402,-9.46999931335,4.93925428391,101.688285828,-3.8527572155,19.1675605774,-3.01383733749,97173.651123,29.7299995422,-345.99420166,False
71.0,-0.302,0.077,0.114,-0.61781895,-0.20593965,7.32556755,-20.9499988556,-11.1934671402,-10.0999994278,4.93925428391,101.688285828,-3.73321771622,19.1119441986,-2.88430857658,97173.651123,29.7299995422,-345.99420166,False
71.10000000000001,-0.063,0.057,0.157,-0.4511059,-0.196133,9.5516771,-20.9499988556,-11.1934671402,-10.0999994278,4.93925428391,101.688285828,-3.40549683571,19.0099143982,-2.83111524582,97170.9655762,29.4099998474,-313.497558594,False
71.2,0.191,0.098,0.157,-0.48052585,0.2353596,6.97252815,-19.4300003052,-11.1934671402,-11.5199995041,4.93925428391,101.688285828,-3.1102449894,18.908290863,-2.53286075592,97162.2314453,28.7999992371,-284.999664307,False
71.3,0.191,0.098,0.157,-0.48052585,0.2353596,6.97252815,-18.6900005341,-14.0162277222,-12.0900001526,1.92491424084,99.1057815552,-2.91273403168,18.862449646,-2.35478639603,97162.2314453,28.5100002289,-284.999664307,False
71.4,-0.087,0.129,0.056,-0.65704555,0.3726527,6.5704555,-17.9300003052,-14.0162277222,-12.6099996567,1.92491424084,99.1057815552,-2.57598781586,18.7787227631,-1.95184135437,97162.097168,28.25,-265.353973389,False
71.5,-0.087,0.129,0.056,-0.65704555,0.3726527,6.5704555,-17.9300003052,-14.0162277222,-12.6099996567,1.92491424084,99.1057815552,-2.50581693649,18.7571029663,-1.80917751789,97154.1381836,28.0100002289,-265.353973389,False
71.60000000000001,0.0,0.152,0.012,-0.6864655,-0.08825985,5.8055368,-16.7099990845,-14.0162277222,-13.2999992371,1.92491424084,99.1057815552,-2.28507947922,18.683423996,-1.34250545502,97149.7192383,27.8099994659,-251.102630615,False
71.7,0.057,0.137,0.034,-0.75511205,0.18632635,6.89407495,-16.1199989319,-14.3509140015,-13.5599994659,-1.70021903515,98.7279281616,-2.0772690773,18.6370792389,-1.05502676964,97146.9055176,27.6399993896,-251.102630615,False
71.8,0.032,0.127,0.058,-0.7060788,-0.26477955,7.22750105,-15.3800001144,-14.3509140015,-13.8699998856,-1.70021903515,98.7279281616,-1.8557741642,18.5863037109,-0.814117252827,97145.8862305,27.5,-234.921264648,False
71.9,0.084,0.131,0.122,-0.784532,-0.34323275,6.65871535,-14.8499994278,-14.3509140015,-14.0799999237,-1.70021903515,98.7279281616,-1.68847894669,18.5470848083,-0.539410769939,97144.708252,27.3799991608,-234.921264648,False
72.0,0.084,0.131,0.122,-0.784532,-0.34323275,6.65871535,-14.8399991989,-14.3509140015,-14.0900001526,-1.70021903515,98.7279281616,-1.56380140781,18.5211715698,-0.330320596695,97144.708252,27.3799991608,-234.921264648,False
72.10000000000001,0.058,0.113,0.17,-0.63743225,0.1176798,7.2176944,-13.6999998093,-12.759428978,-14.3199996948,-5.40379238129,97.4306869507,-1.39270269871,18.5089931488,-0.0656475275755,97142.9748535,27.2199993134,-151.056488037,False
72.2,-0.083,0.123,0.164,-0.7649187,0.50013915,8.5317855,-12.7999992371,-12.759428978,-14.4299993515,-5.40379238129,97.4306869507,-1.1279309988,18.5158672333,0.0928488373756,97137.5671387,27.1700000763,-143.294906616,False
72.3,-0.083,0.123,0.164,-0.7649187,0.50013915,8.5317855,-12.779999733,-12.759428978,-14.4299993515,-5.40379238129,97.4306869507,-0.984837472439,18.5206432343,0.205366894603,97137.5671387,27.1700000763,-143.294906616,False
72.4,-0.178,0.129,0.078,-0.85317855,-0.0392266,6.3743225,-11.8299999237,-12.759428978,-14.4899997711,-5.40379238129,97.4306869507,-0.794029593468,18.5110416412,0.502671718597,97142.1386719,27.1399993896,-143.294906616,False
72.5,-0.15,0.135,0.053,-0.8629852,-0.10787315,5.1582979,-10.9699993134,-15.0954284668,-14.4299993515,-8.56001663208,95.3308258057,-0.666422247887,18.4877262115,0.926663517952,97141.40625,27.1299991608,-137.941741943,False
72.60000000000001,0.138,0.098,0.074,-0.9414384,-0.588399,5.95263655,-9.86999988556,-15.0954284668,-13.9799995422,-8.56001663208,95.3308258057,-0.485731393099,18.4867458344,1.35571289062,97143.4143066,27.2099990845,-135.471923828,False
72.7,0.43,0.039,0.206,-0.71588545,-0.08825985,10.2773692,-9.18999958038,-15.0954284668,-13.8599996567,-8.56001663208,95.3308258057,-0.323225289583,18.5567169189,1.37836396694,97144.2626953,27.2999992371,-135.471923828,False
72.8,0.43,0.039,0.206,-0.71588545,-0.08825985,10.2773692,-8.43999958038,-10.7955684662,-13.779999733,-10.8761568069,93.7167358398,-0.194538548589,18.6101455688,1.35782074928,97143.6462402,27.3999996185,-130.168914795,False
72.9,0.173,0.055,0.254,-0.7649187,0.14709975,9.2967042,-7.73000001907,-10.7955684662,-13.6499996185,-10.8761568069,93.7167358398,-0.0794192925096,18.6607589722,1.40482568741,97144.5129395,27.4899997711,-130.168914795,False
73.0,0.001,0.061,0.233,-0.8237586,0.2745862,8.22777935,-7.01999998093,-10.7955684662,-13.4699993134,-10.8761568069,93.7167358398,0.116122946143,18.7346496582,1.59493887424,97146.09375,27.5900001526,-145.923233032,False
73.10000000000001,-0.056,0.057,0.167,-0.9414384,0.18632635,8.041453,-6.26999998093,-10.7955684662,-13.2199993134,-10.8761568069,93.7167358398,0.266705483198,18.7717685699,1.78206670284,97148.5778809,27.6999988556,-145.923233032,False
73.2,0.036,0.022,0.042,-0.9610517,0.30400615,8.0022264,-5.5,-8.99226284027,-12.8800001144,-13.2714385986,88.9536437988,0.439340263605,18.7966156006,2.06420826912,97150.0610352,27.8400001526,-143.313598633,False
73.3,0.036,0.022,0.042,-0.9610517,0.30400615,8.0022264,-4.65000009537,-8.99226284027,-12.5199995041,-13.2714385986,88.9536437988,0.601257920265,18.8463726044,2.21571874619,97154.4799805,27.9899997711,-143.313598633,False
73.4,0.15,-0.019,-0.026,-1.04931155,0.2745862,10.2577559,-3.75,-8.99226284027,-12.1799993515,-13.2714385986,88.9536437988,0.707332551479,18.8961353302,2.22292590141,97160.4064941,28.1599998474,-150.576400757,False
73.5,0.117,-0.011,-0.055,-1.0983448,0.04903325,10.30678915,-2.83999991417,-8.99226284027,-11.8899993896,-13.2714385986,88.9536437988,0.883163809776,18.9916152954,2.17253756523,97160.9558105,28.3400001526,-150.576400757,False
73.60000000000001,0.117,-0.011,-0.055,-1.0983448,0.04903325,10.30678915,-2.02999997139,-8.99226284027,-11.6099996567,-13.2714385986,88.9536437988,1.00781691074,19.062122345,2.19272184372,97160.9558105,28.5199985504,-156.484802246,False
73.7,-0.024,-0.018,-0.039,-1.0395049,-0.6668522,8.14932615,-1.57999992371,-7.89515924454,-11.1999998093,-13.7882080078,89.1469268799,1.04635107517,19.104763031,2.30106282234,97162.8417969,28.7099990845,-156.484802246,False
73.8,0.004,-0.005,0.026,-1.04931155,-0.91201845,6.6489087,-1.57999992371,-7.89515924454,-11.1999998093,-13.7882080078,89.1469268799,1.02655887604,19.1112213135,2.62368106842,97161.0229492,28.7099990845,-156.484802246,False
73.9,-0.3,-0.002,0.197,-0.71588545,-1.0395049,3.32445435,-1.56999993324,-7.89515924454,-10.5900001526,-13.7882080078,89.1469268799,0.956371307373,19.0903701782,3.32943177223,97166.2841797,28.9099998474,-180.578994751,False
74.0,-0.023,-0.088,0.315,-0.89240515,-1.1375714,5.0798447,-1.74000000954,-9.2920331955,-8.78999996185,-13.93019104,86.5947723389,0.939335644245,19.0984897614,3.60337948799,97169.0002441,29.4699993134,-187.4921875,False
74.10000000000001,0.204,-0.066,0.42,-1.0198916,-0.4903325,8.3944924,-1.32999992371,-9.2920331955,-8.03999996185,-13.93019104,86.5947723389,1.00094485283,19.187582016,3.75362110138,97169.5678711,29.7999992371,-187.4921875,False
74.2,0.153,-0.109,0.418,-0.7060788,0.06864655,11.0226746,-0.919999957085,-9.2920331955,-7.23000001907,-13.93019104,86.5947723389,1.10404086113,19.2968025208,3.72063064575,97178.1799316,30.1499996185,-181.140899658,False
74.3,0.153,-0.109,0.418,-0.7060788,0.06864655,11.0226746,-0.919999957085,-9.2920331955,-7.23999977112,-13.93019104,86.5947723389,1.20413184166,19.3719329834,3.60236907005,97184.4482422,30.1499996185,-181.140899658,False
74.4,-0.165,-0.117,0.232,-0.5295591,0.9218251,11.6699135,1.05999994278,-5.03730154037,-6.01999998093,-13.4006605148,78.4804229736,1.48008966446,19.5238361359,3.36606144905,97196.1669922,30.8199996948,-201.967437744,False
74.5,-0.165,-0.117,0.232,-0.5295591,0.9218251,11.6699135,2.3599998951,-5.03730154037,-5.42000007629,-13.4006605148,78.4804229736,1.77608215809,19.6384944916,3.09996366501,97196.1669922,31.1299991608,-201.967437744,False
74.60000000000001,-0.14,-0.11,0.03,-0.50013915,0.85317855,12.8074849,2.3599998951,-5.03730154037,-5.42000007629,-13.4006605148,78.4804229736,1.86861097813,19.6737670898,3.0058426857,97200.2807617,31.4200000763,-192.809875488,False
74.7,-0.02,-0.08,-0.086,-0.4511059,0.51975245,11.46397385,5.32999992371,-6.54321050644,-4.5,-11.8770751953,75.0388870239,2.14115333557,19.7736301422,2.77324485779,97200.6591797,31.6899986267,-192.809875488,False
74.8,0.16,-0.112,-0.149,-0.3726527,0.2941995,12.60154525,6.81999969482,-6.54321050644,-4.15999984741,-11.8770751953,75.0388870239,2.40695977211,19.8832435608,2.41294980049,97211.5234375,31.9299983978,-211.395446777,False
74.9,0.16,-0.112,-0.149,-0.3726527,0.2941995,12.60154525,8.13000011444,-6.54321050644,-3.87999987602,-11.8770751953,75.0388870239,2.54815077782,19.9523696899,2.22857546806,97211.5234375,32.1399993896,-211.395446777,False
75.0,0.401,-0.133,-0.122,-0.4511059,0.2353596,11.4933938,9.21000003815,-6.54321050644,-3.55999994278,-11.8770751953,75.0388870239,2.6652534008,20.0216312408,2.07533669472,97216.2231445,32.3400001526,-235.406112671,False
75.10000000000001,0.354,-0.114,-0.106,-0.1765197,-0.1372931,10.2969825,9.98999977112,-6.54321050644,-3.19999980927,-11.8770751953,75.0388870239,2.72735500336,20.0948047638,1.98869228363,97219.543457,32.5299987793,-235.406112671,False
75.2,0.395,-0.145,-0.09,-0.12748645,-0.30400615,11.8268199,10.4200000763,-0.99955868721,-2.8599998951,-8.62236118317,78.4308624268,2.72081184387,20.1526203156,1.86620438099,97227.0080566,32.7000007629,-256.442260742,False
75.3,0.356,-0.143,-0.018,-0.34323275,-0.1765197,12.552512,10.4399995804,-0.99955868721,-2.8599998951,-8.62236118317,78.4308624268,2.66285276413,20.2416687012,1.61550760269,97229.083252,32.8600006104,-256.442260742,False
75.4,0.183,-0.139,0.048,-0.392266,-0.3138128,12.0033396,10.3800001144,-0.99955868721,-2.51999998093,-8.62236118317,78.4308624268,2.5074057579,20.3296070099,1.2566703558,97232.6599121,33.0,-268.589019775,False
75.5,0.173,-0.153,0.111,-0.1372931,-0.14709975,12.1798593,9.97999954224,-0.99955868721,-2.39999985695,-8.62236118317,78.4308624268,2.34946250916,20.4049758911,1.03008639812,97232.6599121,33.1199989319,-268.589019775,False
75.60000000000001,0.173,-0.153,0.111,-0.1372931,-0.14709975,12.1798593,9.39999961853,6.49537992477,-2.3599998951,-5.09110832214,78.939453125,2.13105988503,20.4664993286,0.644794166088,97229.4189453,33.2099990845,-282.610717773,False
75.7,0.081,-0.132,0.146,0.00980665,0.30400615,12.6113519,8.80000019073,6.49537992477,-2.40999984741,-5.09110832214,78.939453125,2.00725102425,20.4969482422,0.41985937953,97233.770752,33.2700004578,-282.610717773,False
75.8,0.013,-0.098,0.069,0.02941995,0.59820565,12.05237285,8.22999954224,6.49537992477,-2.52999997139,-5.09110832214,78.939453125,1.84482550621,20.5143699646,0.125199243426,97234.1247559,33.3099975586,-292.566864014,False
75.9,0.013,-0.098,0.069,0.02941995,0.59820565,12.05237285,7.71000003815,6.49537992477,-2.70000004768,-5.09110832214,78.939453125,1.70465660095,20.5352153778,-0.122674137354,97234.1247559,33.3099975586,-292.566864014,False
76.0,0.136,-0.076,-0.103,0.0,0.53936575,11.09132115,7.07999992371,9.16404628754,-2.87999987602,-2.26084661484,77.4295883179,1.55927586555,20.5205059052,-0.271966695786,97238.7329102,33.2900009155,-300.050354004,False
76.10000000000001,0.136,-0.076,-0.103,0.0,0.53936575,11.09132115,7.07999992371,9.16404628754,-2.87999987602,-2.26084661484,77.4295883179,1.46515011787,20.5203704834,-0.362165749073,97238.7329102,33.2900009155,-300.050354004,False
76.2,-0.055,-0.058,-0.155,-0.32361945,0.42168595,10.6500219,5.69999980927,9.16404628754,-3.25,-2.26084661484,77.4295883179,1.28689658642,20.4956493378,-0.474231988192,97234.8571777,33.2000007629,-254.407119751,False
76.3,-0.115,-0.051,-0.16,-0.1569064,0.36284605,9.89490985,5.69999980927,9.16404628754,-3.25999999046,-2.26084661484,77.4295883179,1.11612844467,20.4819984436,-0.530828595161,97232.5927734,33.2000007629,-254.407119751,False
76.4,-0.038,-0.045,-0.153,-0.24516625,0.06864655,10.46369555,4.92000007629,9.16404628754,-3.40999984741,-2.26084661484,77.4295883179,0.94794857502,20.4615154266,-0.557473063469,97234.0515137,33.0900001526,-249.424362183,False
76.5,-0.01,-0.036,-0.096,-0.30400615,0.02941995,10.3754357,3.29999995232,8.30364322662,-3.73000001907,-1.80127203465,81.0598754883,0.719445347786,20.4209003448,-0.634478330612,97230.065918,33.0299987793,-249.424362183,False
76.60000000000001,-0.01,-0.036,-0.096,-0.30400615,0.02941995,10.3754357,2.46000003815,8.30364322662,-3.88999986649,-1.80127203465,81.0598754883,0.572109818459,20.3915252686,-0.675096154213,97230.065918,32.969997406,-244.757080078,False
76.7,-0.026,-0.047,-0.087,-0.20593965,-0.14709975,10.6500219,1.57999992371,8.30364322662,-4.06999969482,-1.80127203465,81.0598754883,0.372249275446,20.3466930389,-0.700695455074,97228.6987305,32.8999977112,-244.757080078,False
76.80000000000001,0.016,-0.014,-0.009,-0.34323275,0.16671305,8.93385815,0.649999976158,8.30364322662,-4.25,-1.80127203465,81.0598754883,0.205455735326,20.3047389984,-0.692981362343,97232.7148438,32.8400001526,-241.220672607,False
76.9,-0.078,-0.023,0.002,-0.4118793,0.32361945,8.73772515,-0.129999995232,8.30364322662,-4.34999990463,-1.80127203465,81.0598754883,0.0686954185367,20.2581920624,-0.595104038715,97229.296875,32.7700004578,-241.220672607,False
77.0,-0.078,-0.023,0.002,-0.4118793,0.32361945,8.73772515,-0.909999966621,7.10633563995,-4.44000005722,-1.39084780216,83.2504119873,-0.00537324231118,20.226272583,-0.551503777504,97229.296875,32.7700004578,-241.220672607,False
77.10000000000001,-0.153,-0.032,-0.022,-0.1176798,0.1765197,9.60071035,-1.61000001431,7.10633563995,-4.52999973297,-1.39084780216,83.2504119873,-0.195195391774,20.1619796753,-0.518250346184,97231.7138672,32.6699981689,-238.451965332,False
77.2,-0.173,-0.015,-0.039,-0.16671305,0.14709975,9.5124505,-2.31999993324,7.10633563995,-4.61000013351,-1.39084780216,83.2504119873,-0.276486486197,20.1147422791,-0.501340687275,97229.510498,32.6300010681,-232.631866455,False
77.30000000000001,-0.199,0.008,-0.031,-0.28439285,0.22555295,9.14960445,-2.86999988556,4.63309431076,-4.67000007629,-1.51574671268,83.8608093262,-0.35352268815,20.0694561005,-0.46913304925,97228.0212402,32.5999984741,-232.631866455,False
77.4,-0.174,-0.017,-0.033,-0.3530394,0.196133,10.03220295,-3.38999986649,4.63309431076,-4.71000003815,-1.51574671268,83.8608093262,-0.414240688086,20.02394104,-0.417977422476,97226.3427734,32.5699996948,-223.741333008,False
77.5,-0.174,-0.017,-0.033,-0.3530394,0.196133,10.03220295,-3.77999997139,4.63309431076,-4.77999973297,-1.51574671268,83.8608093262,-0.455723851919,19.9878177643,-0.44045189023,97226.3427734,32.5499992371,-223.741333008,False
77.60000000000001,-0.179,-0.011,-0.03,-0.0784532,0.14709975,10.32640245,-3.77999997139,4.63309431076,-4.77999973297,-1.51574671268,83.8608093262,-0.455723851919,19.9878177643,-0.44045189023,97226.2817383,32.5499992371,-223.741333008,False
77.7,-0.145,0.021,-0.017,-0.3530394,0.196133,9.56148375,-4.25999975204,0.477978765965,-5.00999975204,-1.85928404331,84.7074050903,-0.48235809803,19.9267368317,-0.498501121998,97221.5515137,32.4799995422,-213.579559326,False
77.80000000000001,-0.096,0.02,-0.004,-0.42168595,0.0784532,8.99269805,-4.38999986649,0.477978765965,-5.06999969482,-1.85928404331,84.7074050903,-0.489342480898,19.8767127991,-0.469929218292,97220.2453613,32.4399986267,-206.092071533,False
77.9,-0.105,-0.019,0.009,-0.1176798,1.34628541193e-15,10.99325465,-4.38999986649,0.477978765965,-5.06999969482,-1.85928404331,84.7074050903,-0.473905742168,19.8633460999,-0.442690253258,97221.3806152,32.4099998474,-206.092071533,False
78.0,-0.105,-0.019,0.009,-0.1176798,1.34628541193e-15,10.99325465,-4.48999977112,-1.77415204048,-5.27999973297,-2.27514910698,84.9489593506,-0.447965234518,19.82629776,-0.548603236675,97221.3806152,32.3699989319,-197.689819336,False
78.10000000000001,-0.079,-0.003,0.027,-0.34323275,-0.00980665,10.62060195,-4.48999977112,-1.77415204048,-5.27999973297,-2.27514910698,84.9489593506,-0.438011199236,19.8149242401,-0.568691730499,97222.6257324,32.3699989319,-197.689819336,False
78.2,0.066,0.016,0.084,-0.0980665,-0.2549729,9.6497436,-4.46999979019,-1.77415204048,-5.65000009537,-2.27514910698,84.9489593506,-0.405318975449,19.7702331543,-0.65501755476,97216.6015625,32.2599983215,-193.988418579,False
78.30000000000001,-0.033,0.023,0.117,-0.2941995,1.13251306285e-15,9.24767095,-4.46000003815,-1.77415204048,-5.7999997139,-2.27514910698,84.9489593506,-0.388433009386,19.7642154694,-0.625896751881,97220.300293,32.2000007629,-193.988418579,False
78.4,-0.142,0.009,0.131,-0.4314926,0.20593965,9.5320638,-4.38999986649,-2.3414452076,-5.96000003815,-2.82560563087,83.6410064697,-0.338732808828,19.7174606323,-0.616057872772,97218.3898926,32.1300010681,-186.080169678,False
78.5,0.125,0.023,0.081,-0.20593965,0.22555295,8.4729456,-4.11000013351,-2.3414452076,-6.13999986649,-2.82560563087,83.6410064697,-0.264741778374,19.6754074097,-0.596378147602,97218.3898926,32.0699996948,-186.080169678,False
78.60000000000001,0.125,0.023,0.081,-0.20593965,0.22555295,8.4729456,-4.11000013351,-2.3414452076,-6.13999986649,-2.82560563087,83.6410064697,-0.22481533885,19.6453933716,-0.497349649668,97210.3027344,32.0699996948,-186.080169678,False
78.7,-0.088,-0.012,0.034,-0.4118793,0.34323275,9.22805765,-3.58999991417,-2.3414452076,-6.23999977112,-2.82560563087,83.6410064697,-0.141714274883,19.598323822,-0.33231574297,97212.8662109,31.9699993134,-179.820831299,False
78.80000000000001,-0.088,-0.012,0.034,-0.4118793,0.34323275,9.22805765,-3.58999991417,-2.3414452076,-6.23999977112,-2.82560563087,83.6410064697,-0.0955524593592,19.5618267059,-0.30814576149,97212.8662109,31.9699993134,-179.820831299,False
78.9,-0.082,0.055,-0.006,-0.3726527,0.1765197,7.2765343,-2.92999982834,-3.52056002617,-6.35999965668,-3.56055164337,82.191619873,0.00251471111551,19.519493103,-0.163818687201,97206.8725586,31.8899993896,-172.360229492,False
79.0,-0.082,0.055,-0.006,-0.3726527,0.1765197,7.2765343,-2.92999982834,-3.52056002617,-6.35999965668,-3.56055164337,82.191619873,0.0543643645942,19.4848079681,-0.0651739016175,97211.1694336,31.8899993896,-172.360229492,False
79.10000000000001,-0.052,-0.01,-0.008,-0.24516625,0.4903325,9.46341725,-2.53999996185,-3.52056002617,-6.30999994278,-3.56055164337,82.191619873,0.149682536721,19.4697036743,0.0188144873828,97206.4880371,31.8699989319,-164.352233887,False
79.2,0.225,0.014,-0.062,-0.30400615,0.14709975,7.50208725,-1.67999994755,-3.52056002617,-6.19000005722,-3.56055164337,82.191619873,0.24809896946,19.4344673157,0.279499143362,97207.8186035,31.859998703,-161.132049561,False
79.30000000000001,0.225,0.014,-0.062,-0.30400615,0.14709975,7.50208725,-1.37000000477,-4.0424990654,-5.92999982834,-4.66952466965,83.2244110107,0.275909781456,19.4305763245,0.521574676037,97207.8186035,31.8799991608,-161.132049561,False
79.4,0.327,0.138,-0.078,-0.26477955,1.86150079259e-16,1.52003075,-1.33999991417,-4.0424990654,-5.21999979019,-4.66952466965,83.2244110107,0.282344013453,19.3775558472,1.29306602478,97211.3037109,31.9599990845,-158.017349243,False
79.5,-0.032,0.006,-0.064,-0.2941995,0.0588399,4.73661195,-1.24000000954,-4.0424990654,-4.48000001907,-4.66952466965,83.2244110107,0.300396025181,19.3537693024,1.92689871788,97212.6831055,32.1199989319,-158.017349243,False
79.60000000000001,-0.124,-0.014,-0.01,-0.36284605,0.04903325,9.4536106,-1.06999993324,-4.0424990654,-3.86999988556,-4.66952466965,83.2244110107,0.358930230141,19.3744392395,2.10874557495,97211.7370605,32.3199996948,-152.621276855,False
79.7,-0.048,-0.056,-0.006,-0.2353596,0.0784532,10.58137535,-0.759999990463,-3.77825069427,-3.30999994278,-5.66947889328,84.7221298218,0.40769046545,19.4024772644,2.13852596283,97214.7888184,32.5400009155,-152.621276855,False
79.80000000000001,-0.048,-0.056,-0.006,-0.2353596,0.0784532,10.58137535,-0.379999995232,-3.77825069427,-2.81999993324,-5.66947889328,84.7221298218,0.455502003431,19.4266109467,2.1095187664,97214.7888184,32.7599983215,-143.815612793,False
79.9,0.0,-0.056,0.048,0.08825985,-0.0196133,10.58137535,0.119999997318,-3.77825069427,-2.37999987602,-5.66947889328,84.7221298218,0.538408875465,19.4534778595,2.04124045372,97219.0124512,32.969997406,-143.815612793,False
80.0,-0.082,-0.046,0.05,-0.02941995,0.0784532,10.6696352,0.119999997318,-3.77825069427,-2.37999987602,-5.66947889328,84.7221298218,0.622180938721,19.4934978485,1.96014344692,97223.8342285,32.969997406,-143.815612793,False
80.10000000000001,0.159,-0.098,0.046,0.12748645,-0.63743225,13.85679645,1.09000003338,-3.86513662338,-1.73000001907,-4.83181619644,83.9474945068,0.696626782417,19.5444431305,1.69399011135,97228.6804199,33.3400001526,-151.440429688,False
80.2,0.4,-0.085,0.167,0.0588399,-0.24516625,13.15071765,1.37000000477,-3.86513662338,-1.67999994755,-4.83181619644,83.9474945068,0.732182145119,19.6408863068,1.09742105007,97234.9121094,33.4799995422,-162.401580811,False
80.30000000000001,0.4,-0.085,0.167,0.0588399,-0.24516625,13.15071765,1.45999991894,-3.86513662338,-1.67999994755,-4.83181619644,83.9474945068,0.73808413744,19.6802120209,0.915475308895,97234.9121094,33.5900001526,-162.401580811,False
80.4,0.244,-0.071,0.184,0.24516625,0.12748645,11.40513395,1.61000001431,-3.86513662338,-1.77999997139,-4.83181619644,83.9474945068,0.759227216244,19.7560501099,0.495338499546,97232.8491211,33.6399993896,-170.900543213,False
80.5,-0.014,-0.074,0.137,0.22555295,0.6080123,9.50264385,1.78999996185,1.41202032566,-1.75,-3.23946833611,80.456489563,0.76314663887,19.7793560028,0.425626128912,97236.6455078,33.6800003052,-170.900543213,False
80.60000000000001,-0.014,-0.074,0.137,0.22555295,0.6080123,9.50264385,1.94999992847,1.41202032566,-1.68999993801,-3.23946833611,80.456489563,0.798446714878,19.7817516327,0.414752274752,97236.6455078,33.7000007629,-180.774108887,False
80.7,-0.05,-0.08,-0.011,0.2353596,0.34323275,12.50347875,2.25,1.41202032566,-1.7199999094,-3.23946833611,80.456489563,0.836280107498,19.7977237701,0.21822309494,97232.6171875,33.719997406,-180.774108887,False
80.80000000000001,-0.088,-0.013,-0.071,0.10787315,0.38245935,9.89490985,2.48000001907,0.642573714256,-1.70999991894,-2.48550152779,79.7938690186,0.860390663147,19.7921466827,0.204965084791,97235.9680176,33.7299995422,-183.226196289,False
80.9,-0.029,-0.035,-0.09,0.1765197,0.04903325,9.8262633,2.65999984741,0.642573714256,-1.68999993801,-2.48550152779,79.7938690186,0.873032510281,19.7999172211,0.183054625988,97236.6333008,33.75,-183.226196289,False
81.0,0.033,-0.029,-0.094,0.0588399,0.3726527,10.03220295,2.87999987602,0.642573714256,-1.66999995708,-2.48550152779,79.7938690186,0.880830943584,19.7961292267,0.120162092149,97236.5539551,33.75,-184.731674194,False
81.10000000000001,-0.025,-0.028,-0.061,0.04903325,0.3530394,10.1793027,3.02999997139,0.642573714256,-1.69999992847,-2.48550152779,79.7938690186,0.894567608833,19.7946166992,0.0371262356639,97238.4216309,33.7599983215,-184.731674194,False
81.2,-0.043,-0.034,-0.066,0.2353596,-0.02941995,9.6889702,3.16999983788,0.025206387043,-1.70999991894,-2.0049829483,81.7384872437,0.903553128242,19.7765045166,0.0178870633245,97235.2722168,33.75,-184.679229736,False
81.30000000000001,0.103,-0.051,-0.022,0.0,-0.3138128,10.7677017,3.23000001907,0.025206387043,-1.73000001907,-2.0049829483,81.7384872437,0.872977674007,19.791261673,-0.0475490950048,97237.1398926,33.75,-184.679229736,False
81.4,0.158,-0.065,0.049,0.2549729,-0.42168595,10.56176205,3.03999996185,0.025206387043,-1.81999993324,-2.0049829483,81.7384872437,0.829779267311,19.778377533,-0.14305922389,97235.8398438,33.7399978638,-183.6353302,False
81.5,0.158,-0.065,0.049,0.2549729,-0.42168595,10.56176205,2.92999982834,0.025206387043,-1.87999999523,-2.0049829483,81.7384872437,0.764681637287,19.777135849,-0.275155007839,97235.8398438,33.719997406,-183.6353302,False
81.60000000000001,0.186,-0.061,0.11,0.18632635,0.02941995,10.99325465,2.65999984741,1.73547530174,-2.07999992371,-1.22092449665,81.7351531982,0.707918405533,19.7715702057,-0.462074458599,97236.0656738,33.6899986267,-181.956665039,False
81.7,0.122,-0.027,0.122,0.20593965,0.2941995,9.7085835,2.53999996185,1.73547530174,-2.23000001907,-1.22092449665,81.7351531982,0.690546214581,19.7457427979,-0.487289786339,97231.9885254,33.6399993896,-181.956665039,False
81.80000000000001,0.138,-0.019,0.049,0.0588399,0.48052585,10.3558224,2.47000002861,1.73547530174,-2.3599998951,-1.22092449665,81.7351531982,0.64119130373,19.7047595978,-0.549572527409,97235.1379395,33.5900001526,-182.443237305,False
81.9,0.138,-0.019,0.049,0.0588399,0.48052585,10.3558224,2.47000002861,1.73547530174,-2.3599998951,-1.22092449665,81.7351531982,0.622391581535,19.677072525,-0.581467092037,97235.1379395,33.5900001526,-182.443237305,False
82.0,-0.04,0.004,-0.008,-0.1372931,0.6276256,9.5909037,2.14999985695,3.88515329361,-2.66999983788,-0.699002981186,79.797416687,0.578464090824,19.617855072,-0.603140473366,97233.3190918,33.4599990845,-177.893447876,False
82.10000000000001,-0.027,0.001,-0.123,0.14709975,-0.04903325,8.4533323,2.05999994278,3.88515329361,-2.75,-0.699002981186,79.797416687,0.533061802387,19.5774307251,-0.497990787029,97237.1948242,33.3999977112,-177.893447876,False
82.2,-0.027,0.001,-0.123,0.14709975,-0.04903325,8.4533323,1.79999995232,3.88515329361,-2.81999993324,-0.699002981186,79.797416687,0.495564728975,19.5633945465,-0.468262046576,97233.2397461,33.3499984741,-168.664367676,False
82.30000000000001,-0.107,-0.031,-0.069,0.1176798,0.55897905,11.22861425,1.79999995232,3.88515329361,-2.81999993324,-0.699002981186,79.797416687,0.466366142035,19.5488395691,-0.610962927341,97232.1594238,33.3499984741,-168.664367676,False
82.4,0.011,0.025,-0.1,-0.12748645,0.18632635,9.14960445,1.54999995232,2.76647305489,-3.14999985695,-0.97685110569,81.5749969482,0.433684438467,19.5116672516,-0.541224479675,97227.0812988,33.2399978638,-163.058654785,False
82.5,0.011,0.025,-0.1,-0.12748645,0.18632635,9.14960445,1.39999997616,2.76647305489,-3.1899998188,-0.97685110569,81.5749969482,0.400172948837,19.4913024902,-0.434973210096,97227.0812988,33.1899986267,-163.058654785,False
82.60000000000001,-0.071,0.016,-0.068,0.0784532,-0.10787315,8.69849855,1.17999994755,2.41394805908,-3.21000003815,-1.53430700302,83.1542358398,0.339119434357,19.4642505646,-0.356669843197,97228.6560059,33.1399993896,-158.579437256,False
82.7,-0.071,0.016,-0.068,0.0784532,-0.10787315,8.69849855,1.17999994755,2.41394805908,-3.21000003815,-1.53430700302,83.1542358398,0.309041619301,19.4577198029,-0.280315279961,97228.6560059,33.1399993896,-158.579437256,False
82.80000000000001,0.042,-0.007,-0.013,0.0196133,-0.00980665,8.52197885,0.709999978542,2.41394805908,-3.16999983788,-1.53430700302,83.1542358398,0.242691293359,19.417591095,-0.0881439000368,97229.8095703,33.0799980164,-156.760787964,False
82.9,0.042,-0.007,-0.013,0.0196133,-0.00980665,8.52197885,0.52999997139,2.41394805908,-3.08999991417,-1.53430700302,83.1542358398,0.21028316021,19.3991832733,0.0374408774078,97224.9755859,33.0699996948,-157.76071167,False
83.0,-0.045,0.016,-0.004,-0.1765197,0.20593965,8.2768126,1.17999994755,1.99389696121,-2.97000002861,-2.10990047455,84.0724182129,0.177139893174,19.3777961731,0.160597398877,97228.4851074,33.0799980164,-157.198806763,False
83.10000000000001,-0.045,0.016,-0.004,-0.1765197,0.20593965,8.2768126,1.06999993324,1.99389696121,-2.83999991417,-2.10990047455,84.0724182129,0.153894096613,19.3665180206,0.237967833877,97228.4851074,33.0999984741,-157.198806763,False
83.2,0.047,0.012,-0.016,0.1176798,0.32361945,8.629852,2.07999992371,1.99389696121,-2.74000000954,-2.10990047455,84.0724182129,0.141591191292,19.3581943512,0.266831755638,97226.4099121,33.1300010681,-152.309509277,False
83.30000000000001,0.047,0.012,-0.016,0.1176798,0.32361945,8.629852,2.15999984741,1.72221040726,-2.59999990463,-2.51143836975,84.3707962036,0.147872284055,19.3503856659,0.371683329344,97226.4099121,33.1699981689,-151.309585571,False
83.4,0.092,0.015,-0.073,-0.24516625,0.3138128,9.022118,2.20000004768,1.72221040726,-2.47000002861,-2.51143836975,84.3707962036,0.135237529874,19.3532276154,0.422771275043,97227.4658203,33.2099990845,-145.003509521,False
83.5,-0.195,-0.029,-0.082,0.06864655,0.24516625,11.01286795,5.17999982834,1.72221040726,-2.29999995232,-2.51143836975,84.3707962036,0.139671340585,19.3683071136,0.44399574399,97223.651123,33.25,-145.003509521,False
83.60000000000001,0.101,-0.012,-0.095,0.14709975,0.1176798,10.01258965,5.32999992371,1.72221040726,-2.25,-2.51143836975,84.3707962036,0.12552511692,19.3815364838,0.390554130077,97221.6491699,33.2999992371,-145.322418213,False
83.7,0.101,-0.012,-0.095,0.14709975,0.1176798,10.01258965,5.32999992371,1.62104439735,-2.25,-2.95941853523,86.2387313843,0.118191711605,19.3943119049,0.359232485294,97221.6491699,33.2999992371,-145.322418213,False
83.80000000000001,0.047,-0.031,-0.078,0.02941995,-0.0588399,10.26756255,10.1499996185,1.62104439735,-2.07999992371,-2.95941853523,86.2387313843,0.0771726816893,19.4101753235,0.345531791449,97227.6672363,33.3600006104,-148.108093262,False
83.9,0.163,-0.019,-0.046,-0.04903325,-0.12748645,8.7671451,10.3400001526,1.62104439735,-2.01999998093,-2.95941853523,86.2387313843,0.0226309932768,19.441324234,0.376102864742,97227.5817871,33.3800010681,-148.108093262,False
84.0,0.163,-0.019,-0.046,-0.04903325,-0.12748645,8.7671451,16.0100002289,1.62104439735,-1.87000000477,-2.95941853523,86.2387313843,-0.067425146699,19.4505615234,0.567525267601,97227.5817871,33.4099998474,-153.454772949,False
84.10000000000001,0.089,-0.004,0.004,0.0980665,-0.2549729,8.0806796,16.2799987793,3.9334757328,-1.62000000477,-2.95941853523,86.2387313843,-0.11904514581,19.4591026306,0.652796566486,97229.1442871,33.4599990845,-153.454772949,False
84.2,0.123,-0.045,0.028,-0.06864655,-0.32361945,9.1986377,16.2799987793,3.9334757328,-1.62000000477,-3.01072597504,87.6971054077,-0.200197890401,19.4741535187,0.753048062325,97225.2624512,33.4599990845,-153.454772949,False
84.30000000000001,0.334,-0.071,0.055,-0.04903325,-0.0588399,10.16949605,24.5100002289,3.9334757328,-1.16999995708,-3.01072597504,87.6971054077,-0.31493344903,19.4935035706,0.771513521671,97229.3701172,33.5799980164,-157.914154053,False
84.4,0.574,-0.084,0.042,0.30400615,-0.0784532,11.50320045,24.6599998474,3.9334757328,-1.04999995232,-3.01072597504,87.6971054077,-0.485817551613,19.5263366699,0.664507985115,97230.7312012,33.6399993896,-160.815246582,False
84.5,0.42,-0.043,-0.026,0.2745862,0.9022118,11.9837263,28.4399986267,12.2232303619,-1.02999997139,-2.07475757599,86.8714904785,-0.750646412373,19.5817375183,0.380532741547,97230.9753418,33.6899986267,-160.815246582,False
84.60000000000001,-0.021,-0.044,-0.076,0.3726527,0.44129925,11.54242705,28.5199985504,12.2232303619,-1.00999999046,-2.07475757599,86.8714904785,-0.97414213419,19.626663208,0.330241769552,97232.4584961,33.719997406,-170.077331543,False
84.7,-0.021,-0.044,-0.076,0.3726527,0.44129925,11.54242705,33.4899978638,12.2232303619,-1.05999994278,-2.07475757599,86.8714904785,-1.23211717606,19.6694469452,0.0664471685886,97232.4584961,33.7399978638,-170.077331543,False
84.80000000000001,0.015,-0.029,-0.207,0.392266,0.9218251,11.2972608,33.6800003052,12.2232303619,-1.22000002861,-2.07475757599,86.8714904785,-1.42854845524,19.7135238647,-0.0715299397707,97235.4614258,33.7299995422,-174.517822266,False
84.9,0.176,0.03,-0.331,0.30400615,0.6080123,8.825985,34.0499992371,14.8887729645,-1.30999994278,-2.25797605515,89.2868118286,-1.64893448353,19.7427635193,-0.133762195706,97233.7890625,33.7099990845,-174.517822266,False
85.0,0.176,0.03,-0.331,0.30400615,0.6080123,8.825985,37.2000007629,14.8887729645,-1.31999993324,-2.25797605515,89.2868118286,-1.82433736324,19.7587852478,-0.0653774291277,97233.7890625,33.6800003052,-185.639007568,False
85.10000000000001,0.567,-0.061,-0.337,0.08825985,0.08825985,8.52197885,37.4399986267,14.8887729645,-1.17999994755,-2.25797605515,89.2868118286,-2.16119718552,19.7932739258,0.133757650852,97232.5134277,33.6699981689,-185.639007568,False
85.2,0.522,-0.078,-0.258,0.1765197,-0.4903325,9.7478101,42.5,20.7309703827,-1.01999998093,-3.95405936241,95.2306060791,-2.59978985786,19.8199138641,0.274553447962,97232.5134277,33.6699981689,-141.766174316,False
85.30000000000001,0.522,-0.078,-0.258,0.1765197,-0.4903325,9.7478101,42.4899978638,20.7309703827,-0.989999949932,-3.95405936241,95.2306060791,-2.75492238998,19.8190822601,0.331250935793,97231.0241699,33.6899986267,-141.766174316,False
85.4,0.614,-0.142,-0.103,0.55897905,-0.26477955,10.2381426,44.7899971008,20.7309703827,-0.569999992847,-3.95405936241,95.2306060791,-3.48720622063,19.8239631653,0.441894739866,97232.4890137,33.719997406,-147.393417358,False
85.5,0.614,-0.142,-0.103,0.55897905,-0.26477955,10.2381426,44.8099975586,20.7309703827,-0.519999980927,-3.95405936241,95.2306060791,-3.87092161179,19.8185043335,0.457996606827,97235.0830078,33.719997406,-147.393417358,False
85.60000000000001,0.696,-0.187,-0.009,0.5687857,-0.1372931,11.6503002,44.8400001526,20.7309703827,-0.289999991655,-3.95405936241,95.2306060791,-4.52196645737,19.7938804626,0.496360719204,97233.2641602,33.7599983215,-147.393417358,False
85.7,0.258,-0.184,-0.063,0.61781895,0.9414384,9.9047165,44.8699989319,35.3882713318,0.159999996424,-2.73712706566,99.367767334,-5.36147212982,19.7473258972,0.643528521061,97236.0046387,33.8600006104,-163.816650391,False
85.80000000000001,0.258,-0.184,-0.063,0.61781895,0.9414384,9.9047165,44.8699989319,35.3882713318,0.469999998808,-2.73712706566,99.367767334,-5.36147212982,19.7473258972,0.643528521061,97236.0046387,33.9300003052,-191.26701355,False
85.9,0.113,-0.153,-0.258,0.83356525,1.08853815,9.9439431,44.8699989319,35.3882713318,0.479999989271,-2.73712706566,99.367767334,-6.26405143738,19.6870212555,0.882464885712,97235.3637695,33.9300003052,-191.26701355,False
86.0,0.126,-0.184,-0.436,0.95124505,0.51975245,10.34601575,44.8299980164,40.2288017273,1.17999994755,-2.70899343491,104.543357849,-7.13068532944,19.6069374084,1.09647941589,97243.3288574,34.0999984741,-212.925140381,False
86.10000000000001,0.126,-0.184,-0.436,0.95124505,0.51975245,10.34601575,44.8099975586,40.2288017273,1.18999993801,-2.70899343491,104.543357849,-7.55429649353,19.5591640472,1.17863738537,97246.4599609,34.0999984741,-212.925140381,False
86.2,0.211,-0.284,-0.38,0.980665,0.22555295,12.13082605,44.7700004578,40.2288017273,1.99000000954,-2.70899343491,104.543357849,-8.69729995728,19.3634433746,1.26051223278,97239.8986816,34.3400001526,-238.805206299,False
86.30000000000001,0.211,-0.284,-0.38,0.980665,0.22555295,12.13082605,44.7599983215,40.2288017273,2.41999983788,-2.70899343491,104.543357849,-9.5186958313,19.1916790009,1.35120689869,97239.8986816,34.4799995422,-238.805206299,False
86.4,0.244,-0.35,-0.303,1.2552512,0.0196133,12.7094184,44.7700004578,40.2288017273,2.8599998951,-2.70899343491,104.543357849,-10.256102562,19.0066204071,1.36953127384,97261.505127,34.6300010681,-271.349151611,False
86.5,0.085,-0.4,-0.192,1.53964405,0.38245935,14.48442205,44.7999992371,43.9733352661,3.25,-4.44623422623,116.378608704,-11.4301557541,18.653087616,1.3177767992,97253.5461426,34.7799987793,-271.349151611,False
86.60000000000001,0.121,-0.413,-0.181,1.65732385,0.22555295,14.71978165,44.8400001526,43.9733352661,3.61999988556,-4.44623422623,116.378608704,-12.454908371,18.3066501617,1.26236057281,97261.6210938,34.9300003052,-320.679473877,False
86.7,0.121,-0.413,-0.181,1.65732385,0.22555295,14.71978165,44.8600006104,43.9733352661,4.00999975204,-4.44623422623,116.378608704,-13.1912879944,18.0144367218,1.22960078716,97261.6210938,35.0900001526,-320.679473877,False
86.80000000000001,0.077,-0.383,-0.188,1.7455837,0.8825985,13.71950335,44.8799972534,45.2904510498,4.40999984741,-2.36496663094,122.941932678,-14.3186416626,17.5341796875,1.18201816082,97264.0319824,35.2399978638,-350.279907227,False
86.9,0.077,-0.383,-0.188,1.7455837,0.8825985,13.71950335,44.8799972534,45.2904510498,4.42000007629,-2.36496663094,122.941932678,-14.8729600906,17.2766819,1.15840923786,97264.0319824,35.2399978638,-350.279907227,False
87.0,0.018,-0.377,-0.23,1.8828768,0.9610517,13.60182355,44.8799972534,45.2904510498,4.7999997139,-2.36496663094,122.941932678,-15.5886745453,16.9058914185,1.10797464848,97264.855957,35.3800010681,-350.279907227,False
87.10000000000001,0.031,-0.32,-0.372,1.79461695,1.24544455,12.5132854,44.8799972534,45.2904510498,5.51999998093,-2.36496663094,122.941932678,-16.7234306335,16.2637748718,1.05851328373,97273.1994629,35.6599998474,-413.889312744,False
87.2,0.034,-0.335,-0.455,1.765197,0.9414384,13.79795655,44.8799972534,45.2904510498,5.92000007629,-2.36496663094,122.941932678,-17.5277481079,15.7589406967,1.02428936958,97272.4365234,35.7900009155,-472.577484131,False
87.30000000000001,0.034,-0.335,-0.455,1.765197,0.9414384,13.79795655,44.8699989319,46.239982605,5.92999982834,-1.26559412479,136.149139404,-18.1974945068,15.2927598953,1.01271796227,97272.4365234,35.7900009155,-472.577484131,False
87.4,-0.106,-0.417,-0.377,1.8632635,0.22555295,15.0434011,44.8699989319,46.239982605,6.65999984741,-1.26559412479,136.149139404,-19.2019863129,14.5254850388,0.978519022465,97272.0275879,36.0599975586,-516.526000977,False
87.5,-0.106,-0.417,-0.377,1.8632635,0.22555295,15.0434011,44.8699989319,46.239982605,6.64999961853,-1.26559412479,136.149139404,-19.8913612366,13.902803421,0.881627559662,97272.0275879,36.0599975586,-516.526000977,False
87.60000000000001,-0.013,-0.416,-0.282,1.83384355,0.02941995,15.5729602,44.8799972534,46.239982605,7.21999979019,-1.26559412479,136.149139404,-20.8586025238,12.9321050644,0.730591416359,97277.5512695,36.3099975586,-570.277526855,False
87.7,0.053,-0.445,-0.185,1.765197,0.4314926,16.4163321,44.8799972534,45.254535675,7.42999982834,-1.00991630554,148.878952026,-21.7685127258,11.8637180328,0.509862244129,97281.7626953,36.4099998474,-570.277526855,False
87.80000000000001,0.053,-0.445,-0.185,1.765197,0.4314926,16.4163321,44.8799972534,45.254535675,7.59999990463,-1.00991630554,148.878952026,-22.3462181091,11.1030130386,0.365103423595,97281.7626953,36.4899978638,-595.78314209,False
87.9,-0.008,-0.44,-0.198,1.75539035,0.65704555,16.13193925,44.8600006104,45.254535675,7.76999998093,-1.00991630554,148.878952026,-22.8357181549,10.3881912231,0.244899064302,97281.6772461,36.5599975586,-595.78314209,False
88.0,-0.014,-0.404,-0.279,2.0790098,0.59820565,15.4356671,44.8400001526,45.254535675,7.83999967575,-1.00991630554,148.878952026,-23.7372093201,8.86117267609,-0.0439643636346,97285.2844238,36.5999984741,-635.802490234,False
88.10000000000001,-0.014,-0.404,-0.279,2.0790098,0.59820565,15.4356671,44.8299980164,45.5200920105,7.90999984741,2.25301170349,159.961608887,-24.116519928,8.08143615723,-0.173578098416,97285.333252,36.6399993896,-635.802490234,False
88.2,-0.162,-0.368,-0.318,1.87307015,0.83356525,15.2787607,44.8199996948,45.5200920105,7.91999959946,2.25301170349,159.961608887,-24.543800354,7.11366653442,-0.351353496313,97287.1459961,36.6499977112,-665.355712891,False
88.30000000000001,-0.162,-0.368,-0.318,1.87307015,0.83356525,15.2787607,44.8199996948,45.5200920105,7.91999959946,2.25301170349,159.961608887,-24.8482265472,6.3538274765,-0.468477785587,97288.5681152,36.6499977112,-665.355712891,False
88.4,-0.361,-0.357,-0.398,2.0593965,0.87279185,16.32807225,41.4899978638,44.7070350647,7.83999967575,2.69227433205,167.131347656,-25.1612472534,5.4230837822,-0.628440856934,97281.4147949,36.6300010681,-698.951904297,False
88.5,-0.337,-0.31,-0.394,1.77500365,0.71588545,15.1610809,38.9500007629,44.7070350647,7.58999967575,2.69227433205,167.131347656,-25.4713382721,4.1925163269,-0.954204797745,97286.8164062,36.5999984741,-698.951904297,False
88.60000000000001,-0.356,-0.351,-0.354,1.59848395,0.22555295,16.70072495,36.2599983215,44.7070350647,7.30999994278,2.69227433205,167.131347656,-25.6300315857,3.37580323219,-1.19940936565,97275.8178711,36.5400009155,-720.396057129,False
88.7,-0.356,-0.351,-0.354,1.59848395,0.22555295,16.70072495,36.2599983215,40.2426185608,7.26999998093,2.26294159889,175.932388306,-25.7640781403,2.49245214462,-1.50250315666,97275.8178711,36.5400009155,-720.396057129,False
88.80000000000001,-0.161,-0.364,-0.251,1.52003075,0.4707192,17.48525695,32.8199996948,40.2426185608,6.82999992371,2.26294159889,175.932388306,-25.8446292877,1.44661521912,-1.92496716976,97273.9746094,36.4399986267,-720.396057129,False
88.9,-0.221,-0.348,-0.216,0.97085835,0.5491724,20.1820857,29.1499996185,40.2426185608,6.26999998093,2.26294159889,175.932388306,-25.8358097076,0.317105680704,-2.43977832794,97277.5939941,36.2999992371,-747.697998047,False
89.0,-0.234,-0.374,-0.169,1.3337044,0.53936575,21.97670265,24.6800003052,37.6953620911,5.5,3.9218275547,-177.277328491,-25.7234802246,-0.961516261101,-3.23588776588,97274.9511719,36.1100006104,-747.697998047,False
89.10000000000001,-0.178,-0.272,-0.164,0.6668522,1.22583125,15.886773,13.6300001144,37.6953620911,3.1899998188,3.9218275547,-177.277328491,-25.4530220032,-2.38085579872,-4.02997016907,97274.4018555,35.5,-744.801147461,False
89.2,-0.178,-0.272,-0.164,0.6668522,1.22583125,15.886773,9.02999973297,37.6953620911,2.00999999046,3.9218275547,-177.277328491,-25.3351345062,-2.87627863884,-4.22824478149,97268.560791,35.0999984741,-746.635253906,False
89.30000000000001,-0.43,-0.158,-0.233,0.5491724,0.7256921,11.64049355,5.36999988556,33.1387138367,0.899999976158,6.44902563095,-170.848114014,-24.9943656921,-3.81800270081,-4.4070982933,97264.4287109,34.6899986267,-746.635253906,False
89.4,-0.43,-0.116,-0.267,-0.04903325,0.3530394,11.69933345,1.63999998569,33.1387138367,-0.199999988079,6.44902563095,-170.848114014,-24.7940444946,-4.29010057449,-4.4838051796,97259.1369629,34.2599983215,-740.666748047,False
89.5,-0.403,-0.145,-0.196,-0.06864655,1.32226604687e-15,10.79712165,-1.76999998093,33.1387138367,-1.35000002384,6.44902563095,-170.848114014,-24.5302295685,-4.7681760788,-4.54790306091,97251.0620117,33.8199996948,-740.666748047,False
89.60000000000001,-0.403,-0.145,-0.196,-0.06864655,1.32226604687e-15,10.79712165,-4.90000009537,33.1387138367,-2.44000005722,6.44902563095,-170.848114014,-24.2076129913,-5.25148057938,-4.56956577301,97251.0620117,33.3800010681,-771.181091309,False
89.7,-0.37,-0.105,-0.14,-0.38245935,0.57859235,10.7677017,-7.55999994278,23.7838802338,-3.56999993324,6.37428998947,-165.015914917,-24.1071376801,-5.37339162827,-4.57276296616,97229.8034668,32.9399986267,-771.181091309,False
89.80000000000001,-0.5,-0.022,-0.166,-0.6080123,0.83356525,9.03192465,-9.77999973297,23.7838802338,-4.61999988556,6.37428998947,-165.015914917,-23.7757701874,-5.73015403748,-4.46769523621,97212.2314453,32.5099983215,-748.706420898,False
89.9,-0.5,-0.022,-0.166,-0.6080123,0.83356525,9.03192465,-9.78999996185,23.7838802338,-4.65000009537,6.37428998947,-165.015914917,-23.5937213898,-5.86807727814,-4.36534881592,97212.2314453,32.5099983215,-748.706420898,False
90.0,-0.346,-0.02,-0.189,-0.5687857,0.2157463,8.30623255,-13.3699998856,23.7838802338,-6.57999992371,6.37428998947,-165.015914917,-23.3680000305,-6.02218055725,-4.07559204102,97207.7575684,31.6499996185,-716.003234863,False
90.10000000000001,-0.456,-0.006,-0.158,-0.55897905,0.2157463,8.5710121,-14.8800001144,13.713391304,-7.50999975204,5.31825590134,-160.848968506,-23.1490974426,-6.12283658981,-3.97091674805,97195.715332,31.2299995422,-716.003234863,False
90.2,-0.456,-0.006,-0.158,-0.55897905,0.2157463,8.5710121,-16.1700000763,13.713391304,-8.44999980927,5.31825590134,-160.848968506,-22.9427814484,-6.18296194077,-3.85329985619,97195.715332,30.8199996948,-679.160888672,False
90.30000000000001,-0.556,0.018,-0.138,-0.85317855,0.2941995,9.8458766,-16.1800003052,13.713391304,-8.46000003815,5.31825590134,-160.848968506,-22.8274841309,-6.21150445938,-3.83049345016,97191.2658691,30.8199996948,-679.160888672,False
90.4,-0.554,0.054,-0.11,-0.8041453,0.0588399,10.1400761,-17.2899990082,13.713391304,-9.46999931335,5.31825590134,-160.848968506,-22.6187324524,-6.20268726349,-3.89682841301,97184.3505859,30.4200000763,-679.160888672,False
90.5,-0.286,0.055,-0.054,-1.01008495,0.3726527,6.89407495,-18.7999992371,3.88162517548,-11.4699993134,3.87880969048,-158.539047241,-22.391336441,-6.12498474121,-3.59427881241,97172.8881836,29.5999984741,-643.887695312,False
90.60000000000001,-0.325,0.078,-0.054,-1.08853815,0.30400615,6.4331624,-19.2899990082,3.88162517548,-12.1999998093,3.87880969048,-158.539047241,-22.2557983398,-6.03553819656,-3.28423523903,97171.472168,29.2199993134,-600.009887695,False
90.7,-0.368,0.084,-0.03,-1.01008495,-0.04903325,6.77639515,-19.7399997711,3.88162517548,-12.8299999237,3.87880969048,-158.539047241,-22.1554756165,-5.96200418472,-2.99079203606,97159.967041,28.859998703,-600.009887695,False
90.80000000000001,-0.335,0.105,-0.008,-1.0787315,0.0980665,7.05098135,-20.0900001526,3.88162517548,-13.4200000763,3.87880969048,-158.539047241,-22.0418300629,-5.86413526535,-2.67821288109,97160.2966309,28.5499992371,-557.464416504,False
90.9,-0.368,0.088,0.053,-1.02969825,0.14709975,8.5906254,-20.359998703,-4.67391061783,-13.9299993515,1.51447570324,-157.206695557,-21.9376869202,-5.75206947327,-2.38180279732,97153.90625,28.2699985504,-557.464416504,False
91.0,-0.39,0.128,0.059,-1.0983448,0.1569064,7.36479415,-20.359998703,-4.67391061783,-13.9200000763,1.51447570324,-157.206695557,-21.8659629822,-5.57356309891,-2.18991327286,97149.4445801,28.0100002289,-529.799438477,False
91.10000000000001,-0.288,0.121,0.023,-1.1179581,0.196133,6.30567595,-20.3299999237,-4.67391061783,-14.8800001144,1.51447570324,-157.206695557,-21.7970046997,-5.39544010162,-1.88017892838,97149.4445801,27.7799987793,-529.799438477,False
91.2,-0.288,0.121,0.023,-1.1179581,0.196133,6.30567595,-20.2399997711,-4.67391061783,-15.1899995804,1.51447570324,-157.206695557,-21.7314548492,-5.19181537628,-1.44300508499,97147.5891113,27.5699996948,-497.194854736,False
91.30000000000001,-0.096,0.129,0.038,-1.176798,0.0196133,6.10954295,-20.0499992371,-12.1962423325,-15.4600000381,-1.54728329182,-157.462493896,-21.6946544647,-5.04057788849,-1.15630817413,97140.4418945,27.3899993896,-497.194854736,False
91.4,-0.096,0.129,0.038,-1.176798,0.0196133,6.10954295,-19.8799991608,-12.1962423325,-15.6099996567,-1.54728329182,-157.462493896,-21.6514110565,-4.79781866074,-0.77230656147,97140.4418945,27.2600002289,-463.606262207,False
91.5,-0.031,0.128,0.045,-1.2356379,0.00980665,6.54103555,-19.6499996185,-12.1962423325,-15.7599992752,-1.54728329182,-157.462493896,-21.6245861053,-4.65512895584,-0.509179770947,97139.0136719,27.1399993896,-463.606262207,False
91.60000000000001,-0.093,0.124,0.094,-1.20621795,0.0392266,5.9820565,-19.4799995422,-12.1962423325,-15.8099994659,-1.54728329182,-157.462493896,-21.5896606445,-4.48533153534,-0.152388572693,97135.5895996,27.0599994659,-441.86517334,False
91.7,-0.122,0.122,0.12,-1.18660465,-0.196133,5.57998385,-19.3299999237,-14.1226215363,-15.75,-4.73529052734,-157.689987183,-21.5598106384,-4.32607984543,0.251360148191,97134.3261719,27.0199985504,-441.86517334,False
91.80000000000001,-0.122,0.122,0.12,-1.18660465,-0.196133,5.57998385,-19.1399993896,-14.1226215363,-15.5699996948,-4.73529052734,-157.689987183,-21.5598106384,-4.32607984543,0.251360148191,97134.3261719,27.0199985504,-418.93939209,False
91.9,0.061,0.108,0.128,-1.0983448,-0.18632635,6.52142225,-18.8799991608,-14.1226215363,-15.3899993896,-4.73529052734,-157.689987183,-21.5523147583,-3.98378753662,0.970202505589,97136.4685059,27.0499992371,-418.93939209,False
92.0,-0.06,0.08,0.131,-1.14737805,-0.2549729,7.01175475,-18.5599994659,-14.7745065689,-15.1300001144,-7.82510709763,-159.415267944,-21.5715942383,-3.77359604836,1.33301222324,97139.654541,27.1199989319,-399.144561768,False
92.10000000000001,-0.06,0.08,0.131,-1.14737805,-0.2549729,7.01175475,-18.2899990082,-14.7745065689,-14.8199996948,-7.82510709763,-159.415267944,-21.5819587708,-3.62351155281,1.67555093765,97139.654541,27.2099990845,-399.144561768,False
92.2,0.244,0.09,0.17,-1.176798,0.55897905,4.34434595,-18.1499996185,-14.7745065689,-14.3499994278,-7.82510709763,-159.415267944,-21.5651035309,-3.47777724266,2.18374252319,97141.8823242,27.3400001526,-390.770141602,False
92.30000000000001,0.244,0.09,0.17,-1.176798,0.55897905,4.34434595,-17.9300003052,-14.7745065689,-13.6999998093,-7.82510709763,-159.415267944,-21.5840950012,-3.27534651756,2.62875151634,97141.8823242,27.5199985504,-390.770141602,False
92.4,-0.189,0.031,0.069,-1.2160246,0.392266,8.0218397,-17.5200004578,-13.5081338882,-13.1399993896,-10.666267395,-162.097015381,-21.6263504028,-3.1126832962,2.78545951843,97141.2719727,27.75,-380.495849609,False
92.5,-0.189,0.031,0.069,-1.2160246,0.392266,8.0218397,-17.5100002289,-13.5081338882,-13.1300001144,-10.666267395,-162.097015381,-21.6782531738,-2.95781135559,2.93689060211,97141.9372559,27.9899997711,-380.495849609,False
92.60000000000001,-0.072,0.02,0.037,-1.1179581,0.26477955,8.4925589,-16.5200004578,-13.5081338882,-11.9600000381,-10.666267395,-162.097015381,-21.734375,-2.80213117599,3.06121635437,97147.9675293,28.25,-366.202362061,False
92.7,-0.008,-0.013,0.022,-0.9414384,-0.14709975,10.56176205,-15.9200000763,-13.5081338882,-11.4600000381,-10.666267395,-162.097015381,-21.8601303101,-2.58853769302,3.04115509987,97152.8442383,28.5100002289,-366.202362061,False
92.80000000000001,0.044,0.027,0.101,-1.0983448,-0.40207265,8.4533323,-15.8999996185,-14.7439641953,-11.4600000381,-11.6880083084,-163.141372681,-21.9443569183,-2.41540956497,3.13157510757,97156.4147949,28.5100002289,-366.202362061,False
92.9,0.233,-0.021,0.167,-1.08853815,-0.0392266,8.54159215,-15.1300001144,-14.7439641953,-10.25,-11.6880083084,-163.141372681,-22.0304641724,-2.23954796791,3.33617973328,97161.2976074,29.0499992371,-369.650268555,False
93.0,0.005,-0.045,0.183,-0.83356525,0.02941995,8.3552658,-14.7100000381,-14.7439641953,-9.53999996185,-11.6880083084,-163.141372681,-22.1204338074,-2.06225204468,3.54374361038,97168.5913086,29.3499984741,-375.779541016,False
93.10000000000001,-0.068,-0.054,0.174,-0.81395195,0.14709975,8.60043205,-14.3599996567,-11.8458786011,-8.78999996185,-12.2696971893,-166.116027832,-22.2244186401,-1.89892995358,3.64695501328,97171.9726562,29.6599998474,-375.779541016,False
93.2,-0.053,-0.063,0.148,-0.8041453,-0.2157463,9.0809579,-13.8599996567,-11.8458786011,-8.05000019073,-12.2696971893,-166.116027832,-22.3212070465,-1.74122786522,3.73427605629,97175.6713867,29.9899997711,-379.042816162,False
93.30000000000001,-0.053,-0.063,0.148,-0.8041453,-0.2157463,9.0809579,-13.3199996948,-11.8458786011,-7.33999967575,-12.2696971893,-166.116027832,-22.4085636139,-1.6252117157,3.68197393417,97175.6713867,30.3299999237,-379.042816162,False
93.4,-0.088,-0.103,0.189,-0.71588545,1.64892941176e-15,13.46453045,-13.3299999237,-11.8458786011,-7.33999967575,-12.2696971893,-166.116027832,-22.6417064667,-1.33668577671,3.39114665985,97181.7138672,30.6399993896,-386.25012207,False
93.5,-0.103,-0.108,0.116,-0.99047165,0.20593965,10.4931155,-11.6300001144,-11.8458786011,-6.11999988556,-12.2696971893,-166.116027832,-22.759847641,-1.0892509222,3.48550248146,97188.2873535,30.9499988556,-386.25012207,False
93.60000000000001,-0.103,-0.108,0.116,-0.99047165,0.20593965,10.4931155,-11.6399993896,-13.4707336426,-6.10999965668,-11.6192979813,-171.240127563,-22.8291320801,-0.937461733818,3.41717886925,97188.5314941,30.9499988556,-386.25012207,False
93.7,-0.085,-0.153,0.107,-0.55897905,-0.0980665,13.28801075,-9.43999958038,-13.4707336426,-4.96999979019,-11.6192979813,-171.240127563,-23.0374526978,-0.55976241827,3.10710835457,97203.4362793,31.5499992371,-405.52645874,False
93.80000000000001,-0.085,-0.153,0.107,-0.55897905,-0.0980665,13.28801075,-7.2999997139,-13.4707336426,-4.55999994278,-11.6192979813,-171.240127563,-23.1183719635,-0.387447059155,2.94771957397,97203.4362793,31.5499992371,-405.52645874,False
93.9,-0.035,-0.138,0.103,-0.5295591,-0.3138128,12.6113519,-5.96999979019,-13.4707336426,-4.19999980927,-11.6192979813,-171.240127563,-23.2678623199,-0.123099416494,2.66302967072,97205.1086426,32.0699996948,-415.667144775,False
94.0,0.113,-0.169,0.185,-0.4118793,-0.24516625,13.6312435,-5.98000001907,-13.4707336426,-4.19999980927,-11.6192979813,-171.240127563,-23.4051589966,0.182213425636,2.27219343185,97213.4338379,32.0699996948,-415.667144775,False
94.10000000000001,0.186,-0.156,0.14,-0.4118793,0.1569064,12.2975391,-0.560000002384,-13.6007032394,-3.6899998188,-9.1595287323,-174.99659729,-23.5255260468,0.581608712673,1.97659730911,97216.1560059,32.4799995422,-429.773529053,False
94.2,0.186,-0.156,0.14,-0.4118793,0.1569064,12.2975391,1.06999993324,-13.6007032394,-3.48000001907,-9.1595287323,-174.99659729,-23.5605430603,0.788575410843,1.85111951828,97216.1560059,32.6399993896,-443.92565918,False
94.30000000000001,0.203,-0.141,0.102,-0.50013915,0.5099458,11.24822755,8.77999973297,-13.6007032394,-3.25,-9.1595287323,-174.99659729,-23.5982074738,1.0442969799,1.70159006119,97221.0693359,32.7900009155,-443.92565918,False
94.4,0.305,-0.169,-0.025,-0.63743225,0.1569064,12.8663248,10.4699993134,-9.89232730865,-3.09999990463,-6.9078207016,-178.290908813,-23.6188907623,1.29995810986,1.42034852505,97226.6906738,32.9199981689,-456.651885986,False
94.5,0.305,-0.169,-0.025,-0.63743225,0.1569064,12.8663248,10.4699993134,-9.89232730865,-3.09999990463,-6.9078207016,-178.290908813,-23.6188907623,1.29995810986,1.42034852505,97226.6906738,32.9199981689,-456.651885986,False
94.60000000000001,0.433,-0.122,-0.042,-0.2941995,0.00980665,12.2190859,12.0099992752,-9.89232730865,-3.03999996185,-6.9078207016,-178.290908813,-23.6266498566,1.55070161819,0.988027513027,97227.0935059,33.0299987793,-456.651885986,False
94.7,0.35,-0.12,-0.036,-0.3530394,0.04903325,11.85623985,19.9899997711,-4.02295875549,-3.0,-4.64927244186,-178.183822632,-23.6045665741,1.62651228905,0.839740991592,97229.7058105,33.1300010681,-458.675567627,False
94.80000000000001,0.298,-0.081,-0.041,-0.51975245,0.2941995,8.825985,31.3499984741,-4.02295875549,-2.74000000954,-4.64927244186,-178.183822632,-23.5213279724,1.66195845604,0.844700336456,97229.888916,33.2700004578,-455.26159668,False
94.9,0.774,-0.09,-0.118,-0.2941995,-0.0196133,10.32640245,32.2700004578,-4.02295875549,-2.54999995232,-4.64927244186,-178.183822632,-23.4402160645,1.63480365276,0.815808176994,97232.7636719,33.3400001526,-455.26159668,False
95.0,0.774,-0.09,-0.118,-0.2941995,-0.0196133,10.32640245,32.2799987793,-4.02295875549,-2.53999996185,-4.64927244186,-178.183822632,-23.3813266754,1.53884720802,0.753652274609,97232.7636719,33.3400001526,-455.26159668,False
95.10000000000001,0.908,-0.081,-0.08,-0.30400615,-0.3138128,10.77750835,40.469997406,7.22320175171,-2.31999993324,-2.91042542458,-176.710876465,-23.3018836975,1.31420588493,0.657025456429,97236.1450195,33.469997406,-450.072875977,False
95.2,0.961,-0.066,-0.047,-0.588399,-0.14709975,10.58137535,40.4300003052,7.22320175171,-2.09999990463,-2.91042542458,-176.710876465,-23.2299060822,1.05939888954,0.631561040878,97234.5581055,33.469997406,-450.072875977,False
95.30000000000001,0.861,-0.064,-0.013,-0.28439285,1.21417890407e-15,9.91452315,44.8600006104,7.22320175171,-1.88999998569,-2.91042542458,-176.710876465,-23.091129303,0.495134443045,0.553620576859,97232.8491211,33.5900001526,-441.402252197,False
95.4,0.695,-0.083,0.001,-0.22555295,0.1569064,10.7088618,44.8699989319,24.694311142,-1.69999992847,-1.70014309883,-175.826461792,-22.9645309448,-0.0934444069862,0.533757269382,97237.0605469,33.6499977112,-438.617889404,False
95.5,0.514,-0.103,-0.007,-0.2157463,0.55897905,10.22833595,44.8799972534,24.694311142,-1.67999994755,-1.70014309883,-175.826461792,-22.9074459076,-0.378233850002,0.570687532425,97239.9536133,33.7099990845,-438.617889404,False
95.60000000000001,0.383,-0.131,-0.08,-0.2549729,0.588399,10.81673495,44.8799972534,24.694311142,-1.24000000954,-1.70014309883,-175.826461792,-22.7826290131,-0.900100469589,0.603281319141,97234.3078613,33.7700004578,-428.308105469,False
95.7,0.297,-0.127,-0.13,-0.1176798,0.588399,10.42446895,44.8799972534,24.694311142,-0.930000007153,-1.70014309883,-175.826461792,-22.6924591064,-1.31097328663,0.65594035387,97238.0432129,33.8400001526,-428.308105469,False
95.80000000000001,0.469,-0.129,-0.291,0.0,0.3334261,9.65955025,44.8799972534,24.694311142,-0.569999992847,-1.70014309883,-175.826461792,-22.5386962891,-2.08142471313,0.874074935913,97239.5935059,33.9199981689,-431.956298828,False
95.9,0.469,-0.129,-0.291,0.0,0.3334261,9.65955025,44.8699989319,36.8158111572,-0.52999997139,-1.3147238493,-171.309356689,-22.4685707092,-2.42822527885,0.975729286671,97239.5935059,33.9199981689,-431.956298828,False
96.0,0.296,-0.153,-0.27,0.18632635,0.4511059,10.1400761,44.8699989319,36.8158111572,-0.0899999961257,-1.3147238493,-171.309356689,-22.3381633759,-3.09541678429,1.12570261955,97240.4907227,34.0200004578,-432.956207275,False
96.10000000000001,0.169,-0.199,-0.255,0.4118793,0.67665885,10.44408225,44.8600006104,36.8158111572,0.8599999547,-1.3147238493,-171.309356689,-22.1528339386,-4.02363586426,1.37448453903,97245.4956055,34.2799987793,-428.23828125,False
96.2,0.169,-0.199,-0.255,0.4118793,0.67665885,10.44408225,44.8600006104,41.3748550415,1.37000000477,-2.06641316414,-165.393096924,-21.990655899,-4.7861905098,1.48371660709,97247.2412109,34.4399986267,-435.938659668,False
96.30000000000001,0.142,-0.238,-0.295,0.53936575,0.4903325,11.8464332,44.8600006104,41.3748550415,1.87999999523,-2.06641316414,-165.393096924,-21.8874912262,-5.24104070663,1.52931499481,97258.2336426,34.6100006104,-435.938659668,False
96.4,0.136,-0.242,-0.337,0.81395195,0.53936575,11.2188076,44.8499984741,41.3748550415,2.40999984741,-2.06641316414,-165.393096924,-21.622674942,-6.3182258606,1.64433908463,97268.347168,34.7900009155,-461.2449646,False
96.5,0.136,-0.242,-0.337,0.81395195,0.53936575,11.2188076,44.8400001526,41.3748550415,3.0,-2.06641316414,-165.393096924,-21.4979438782,-6.78212928772,1.71701169014,97268.347168,34.9799995422,-461.2449646,False
96.60000000000001,0.01,-0.255,-0.343,0.97085835,0.85317855,10.8069283,44.8299980164,41.3748550415,3.6099998951,-2.06641316414,-165.393096924,-21.3246097565,-7.39514493942,1.81873333454,97259.5581055,35.2000007629,-484.795562744,False
96.7,-0.142,-0.278,-0.402,1.28467115,0.196133,12.6898051,44.8099975586,43.8581695557,4.19000005722,-3.26444840431,-155.138153076,-20.937746048,-8.7336397171,1.90200829506,97273.2116699,35.4199981689,-484.795562744,False
96.80000000000001,-0.142,-0.278,-0.402,1.28467115,0.196133,12.6898051,44.7899971008,43.8581695557,4.76999998093,-3.26444840431,-155.138153076,-20.6903877258,-9.46145915985,1.90906214714,97273.2116699,35.6599998474,-515.273071289,False
96.9,0.089,-0.287,-0.355,1.20621795,0.3138128,12.356379,44.7799987793,43.8581695557,5.44999980927,-3.26444840431,-155.138153076,-20.3283309937,-10.4160842896,2.00145173073,97270.7580566,35.8999977112,-515.273071289,False
97.0,0.202,-0.332,-0.335,1.0787315,0.4511059,11.99353295,44.7799987793,43.8581695557,5.48000001907,-3.26444840431,-155.138153076,-20.1373920441,-10.8886299133,2.08745670319,97274.2919922,36.1499977112,-555.445495605,False
97.10000000000001,0.059,-0.401,-0.303,1.3533177,0.2745862,15.2199208,44.7899971008,43.8581695557,6.94999980927,-3.26444840431,-155.138153076,-19.6165313721,-11.9620256424,2.06345915794,97282.4401855,36.4099998474,-555.445495605,False
97.2,-0.001,-0.375,-0.301,1.34351105,0.69627215,14.121576,44.8099975586,45.2384681702,7.57999992371,-4.08720397949,-141.741165161,-18.9851512909,-13.1100826263,1.96861922741,97282.4401855,36.6699981689,-566.097839355,False
97.30000000000001,-0.137,-0.421,-0.285,1.52003075,0.48052585,14.99436785,44.8299980164,45.2384681702,8.09000015259,-4.08720397949,-141.741165161,-18.3455944061,-14.1606454849,1.71305453777,97284.5031738,36.9199981689,-566.097839355,False
97.4,-0.193,-0.461,-0.227,1.85345685,0.22555295,19.0641276,44.8600006104,45.2384681702,8.38999938965,-4.08720397949,-141.741165161,-17.5656337738,-15.2875213623,1.26293206215,97290.826416,37.1399993896,-604.080749512,False
97.5,-0.063,-0.452,-0.178,1.8436502,0.6276256,18.5149552,44.8799972534,41.7580757141,8.55999946594,-1.34848284721,-131.885665894,-16.9324932098,-16.0793933868,0.89859598875,97302.355957,37.3099975586,-604.080749512,False
97.60000000000001,-0.002,-0.448,-0.186,1.81423025,0.7649187,18.58360175,44.8799972534,41.7580757141,8.6799993515,-1.34848284721,-131.885665894,-16.1082859039,-17.0140972137,0.476076304913,97300.2075195,37.4399986267,-623.362548828,False
97.7,0.069,-0.408,-0.23,1.77500365,0.69627215,16.85763135,44.8699989319,41.7580757141,8.72000026703,-1.34848284721,-131.885665894,-15.2315998077,-17.8795394897,0.0210069064051,97302.7893066,37.5200004578,-623.362548828,False
97.80000000000001,0.027,-0.379,-0.236,1.8044236,0.36284605,15.70044665,44.8499984741,41.7580757141,8.75,-1.34848284721,-131.885665894,-14.3465280533,-18.6274776459,-0.295428067446,97302.7893066,37.5599975586,-673.730285645,False
97.9,-0.057,-0.357,-0.223,1.71616375,0.53936575,15.56315355,44.8299980164,41.7580757141,8.77999973297,-1.34848284721,-131.885665894,-13.4934568405,-19.2879524231,-0.539857327938,97302.734375,37.5699996948,-674.730224609,False
98.0,-0.049,-0.341,-0.258,1.4709975,0.8825985,15.3768272,44.8099975586,42.1866989136,8.73999977112,2.57243418694,-120.871177673,-12.6503477097,-19.880739212,-0.746316492558,97298.8037109,37.5599975586,-714.103393555,False
98.10000000000001,-0.112,-0.346,-0.257,1.65732385,0.83356525,16.0240661,44.7799987793,42.1866989136,8.63999938965,2.57243418694,-120.871177673,-11.767156601,-20.4164600372,-0.99191391468,97298.8037109,37.5200004578,-714.103393555,False
98.2,-0.002,-0.353,-0.314,1.44157755,0.4118793,17.19105745,44.7700004578,42.1866989136,8.43999958038,2.57243418694,-120.871177673,-10.8496589661,-20.9003219604,-1.3043628931,97297.857666,37.4599990845,-744.029724121,False
98.30000000000001,0.209,-0.382,-0.309,1.61809725,0.46091255,18.3776621,44.7599983215,42.1866989136,8.44999980927,2.57243418694,-120.871177673,-10.0365219116,-21.2884521484,-1.56136906147,97295.8740234,37.3600006104,-744.029724121,False
98.4,0.019,-0.391,-0.205,1.4513842,0.2157463,17.30873725,44.719997406,42.3776168823,7.58999967575,4.09508466721,-110.786888123,-8.60368442535,-21.8362445831,-2.07586336136,97289.9108887,37.219997406,-768.867492676,False
98.5,0.019,-0.391,-0.205,1.4513842,0.2157463,17.30873725,44.6699981689,42.3776168823,7.0499997139,4.09508466721,-110.786888123,-7.47388696671,-22.2030239105,-2.37352061272,97289.9108887,37.0400009155,-768.867492676,False
98.60000000000001,0.11,-0.343,-0.161,1.4317709,0.55897905,15.2395341,44.0699996948,42.3776168823,6.5499997139,4.09508466721,-110.786888123,-6.21248006821,-22.5348873138,-2.61896753311,97295.3552246,36.8299980164,-787.510681152,False
98.7,0.123,-0.372,-0.184,1.69655045,0.8433719,18.72089485,41.6599998474,42.3776168823,5.94999980927,4.09508466721,-110.786888123,-5.32842445374,-22.7081069946,-2.80370640755,97283.0749512,36.5999984741,-787.510681152,False
98.80000000000001,0.123,-0.372,-0.184,1.69655045,0.8433719,18.72089485,38.469997406,45.149017334,5.15999984741,6.69614362717,-101.533622742,-4.04808425903,-22.9189224243,-3.18817186356,97283.0749512,36.3299980164,-795.952392578,False
98.9,0.122,-0.342,-0.211,1.50041745,1.18660465,16.671305,35.2700004578,45.149017334,4.38000011444,6.69614362717,-101.533622742,-2.97287201881,-23.0384178162,-3.37310814857,97277.7038574,36.0299987793,-795.952392578,False
99.0,-0.417,-0.232,-0.277,1.5298374,0.4314926,13.3566573,32.2000007629,45.149017334,3.59999990463,6.69614362717,-101.533622742,-1.83286273479,-23.1594085693,-3.44063544273,97268.762207,35.7299995422,-805.776611328,False
99.10000000000001,-0.417,-0.232,-0.277,1.5298374,0.4314926,13.3566573,29.1399993896,45.149017334,2.82999992371,6.69614362717,-101.533622742,-0.984811842442,-23.178276062,-3.46498656273,97268.762207,35.4099998474,-805.776611328,False
99.2,-0.217,-0.181,-0.28,1.02969825,1.36312435,12.2583125,29.1599998474,42.837146759,2.80999994278,6.92578840256,-92.5337600708,-0.54430347681,-23.1811885834,-3.41915297508,97264.9108887,35.4099998474,-805.776611328,False
99.30000000000001,-0.129,-0.115,-0.366,0.6080123,0.93163175,9.60071035,23.7600002289,42.837146759,1.48000001907,6.92578840256,-92.5337600708,0.335612237453,-23.1162986755,-3.19717359543,97264.4226074,34.7599983215,-818.761474609,False
99.4,-0.325,-0.148,-0.404,0.4511059,0.0392266,9.65955025,23.7799987793,42.837146759,1.43999993801,6.92578840256,-92.5337600708,0.746449589729,-23.066570282,-3.0995028019,97257.6721191,34.7599983215,-818.761474609,False
99.5,-0.509,-0.168,-0.328,0.24516625,0.6276256,11.4149406,20.8299999237,42.837146759,0.799999952316,6.92578840256,-92.5337600708,1.3910831213,-22.9587669373,-3.03030323982,97253.2714844,34.4599990845,-854.96673584,False
99.60000000000001,-0.347,-0.128,-0.324,0.196133,0.6472389,10.28717585,15.0099992752,37.0360183716,-0.439999997616,4.30264472961,-85.3432540894,1.91172277927,-22.8294372559,-2.9146604538,97250.6469727,33.8999977112,-848.958984375,False
99.7,-0.566,-0.104,-0.348,-0.16671305,0.4118793,7.649187,12.4600000381,37.0360183716,-0.979999959469,4.30264472961,-85.3432540894,2.55050349236,-22.5973014832,-2.57722425461,97232.5927734,33.6399993896,-848.958984375,False
99.80000000000001,-0.566,-0.104,-0.348,-0.16671305,0.4118793,7.649187,12.4600000381,37.0360183716,-1.01999998093,4.30264472961,-85.3432540894,2.78610444069,-22.5074062347,-2.42005705833,97233.2702637,33.3899993896,-838.104614258,False
99.9,-0.175,-0.151,-0.239,-0.34323275,-0.4511059,9.67916355,7.85999965668,28.8633651733,-1.89999997616,2.38216209412,-78.9367141724,3.28224873543,-22.2751369476,-2.23404526711,97235.0036621,33.1499977112,-838.104614258,False
100.0,-0.175,-0.151,-0.239,-0.34323275,-0.4511059,9.67916355,5.23999977112,28.8633651733,-2.36999988556,2.38216209412,-78.9367141724,3.77236247063,-22.0233345032,-2.16976094246,97222.8210449,32.9300003052,-794.255432129,False
100.10000000000001,-0.282,-0.123,-0.128,-0.4314926,0.2157463,10.198916,2.64999985695,25.1150283813,-2.86999988556,2.41997265816,-74.9125442505,3.77236247063,-22.0233345032,-2.16976094246,97216.0217285,32.719997406,-794.255432129,False
100.2,-0.448,-0.109,-0.058,-0.5687857,0.63743225,12.36618565,0.229999989271,25.1150283813,-3.39999985695,2.41997265816,-74.9125442505,4.4004034996,-21.621049881,-2.16382551193,97212.8173828,32.5,-768.765808105,False
100.30000000000001,-0.448,-0.109,-0.058,-0.5687857,0.63743225,12.36618565,0.229999989271,25.1150283813,-3.42999982834,2.41997265816,-74.9125442505,4.60410928726,-21.4726314545,-2.31225538254,97212.8173828,32.5,-768.765808105,False
100.4,-0.471,-0.038,-0.13,-0.69627215,0.34323275,10.48330885,-4.78999996185,25.1150283813,-5.01999998093,2.41997265816,-74.9125442505,4.99788188934,-21.1322898865,-2.59002685547,97204.5349121,32.0,-750.158325195,False
100.5,-0.471,-0.038,-0.13,-0.69627215,0.34323275,10.48330885,-6.52999973297,16.3627738953,-5.75,2.98870897293,-72.1598587036,5.19961261749,-20.8768596649,-2.60836434364,97204.5349121,31.7299995422,-750.158325195,False
100.60000000000001,-0.503,-0.036,-0.142,-0.4707192,0.196133,9.99297635,-8.10999965668,16.3627738953,-6.50999975204,2.98870897293,-72.1598587036,5.27543497086,-20.7618637085,-2.59690356255,97201.171875,31.4299983978,-713.251708984,False
100.7,-0.414,-0.025,-0.15,-0.57859235,0.24516625,9.4732239,-9.42000007629,16.3627738953,-7.23999977112,2.98870897293,-72.1598587036,5.36981344223,-20.5419921875,-2.55050635338,97196.6247559,31.1399993896,-713.251708984,False
100.80000000000001,-0.375,0.047,-0.145,-0.7060788,0.36284605,9.3359308,-10.4699993134,8.62166690826,-7.98000001907,2.39867830276,-69.5007171631,5.40967321396,-20.3643360138,-2.55336475372,97194.8913574,30.8400001526,-685.470947266,False
100.9,-0.333,0.032,-0.12,-0.9218251,0.3726527,9.05153795,-11.4200000763,8.62166690826,-8.71000003815,2.39867830276,-69.5007171631,5.41905546188,-20.2389278412,-2.48596000671,97184.6374512,30.5499992371,-685.470947266,False
101.0,-0.333,0.032,-0.12,-0.9218251,0.3726527,9.05153795,-11.4200000763,8.62166690826,-8.72000026703,2.39867830276,-69.5007171631,5.39571142197,-20.1110172272,-2.46709251404,97184.6374512,30.5499992371,-685.470947266,False
101.10000000000001,-0.449,0.042,-0.097,-1.0002783,0.4314926,9.4732239,-12.1399993896,8.62166690826,-9.40999984741,2.39867830276,-69.5007171631,5.34876441956,-19.9737739563,-2.46067905426,97183.5998535,30.2600002289,-657.938964844,False
101.2,-0.358,0.06,-0.088,-0.980665,0.2745862,8.7867584,-13.1300001144,8.62166690826,-10.8000001907,2.39867830276,-69.5007171631,5.24297142029,-19.8028392792,-2.30070924759,97176.1169434,29.6999988556,-618.333984375,False
101.30000000000001,-0.181,0.069,-0.056,-0.980665,0.0784532,6.3743225,-13.3999996185,8.62166690826,-11.4200000763,2.39867830276,-69.5007171631,5.13920593262,-19.6962909698,-2.17467021942,97168.5241699,29.4299983978,-618.333984375,False
101.4,-0.037,0.082,-0.02,-1.04931155,-0.3530394,6.6489087,-13.6999998093,-2.76615214348,-11.9099998474,-0.0868670940399,-65.9046096802,5.05762815475,-19.5706806183,-1.83609974384,97168.2922363,29.1700000763,-590.823364258,False
101.5,-0.037,0.082,-0.02,-1.04931155,-0.3530394,6.6489087,-13.6999998093,-2.76615214348,-11.9099998474,-0.0868670940399,-65.9046096802,5.03076791763,-19.5246906281,-1.68247890472,97168.2922363,29.1700000763,-590.823364258,False
101.60000000000001,-0.067,-0.014,0.082,-1.0591182,-0.04903325,13.2585908,-14.3400001526,-2.76615214348,-12.9799995422,-0.0868670940399,-65.9046096802,4.87368154526,-19.4154777527,-1.83600580692,97164.9169922,28.7299995422,-560.425964355,False
101.7,-0.23,0.095,0.118,-1.01008495,0.30400615,8.041453,-14.4099998474,-5.2445397377,-13.5199995041,-1.82775175571,-66.6294555664,4.76441001892,-19.3543357849,-1.66930687428,97160.7971191,28.5100002289,-560.425964355,False
101.80000000000001,-0.331,0.11,0.103,-1.14737805,0.18632635,5.3152043,-14.4499998093,-5.2445397377,-13.779999733,-1.82775175571,-66.6294555664,4.68761396408,-19.303150177,-1.42736506462,97157.4768066,28.3199996948,-536.690551758,False
101.9,-0.249,0.088,0.053,-1.12776475,0.0784532,5.4524974,-14.4499998093,-5.2445397377,-13.9200000763,-1.82775175571,-66.6294555664,4.48343133926,-19.1803779602,-0.751957178116,97159.6252441,28.1599998474,-536.690551758,False
102.0,-0.381,0.074,0.069,-1.2944778,0.196133,8.18855275,-14.2899999619,-5.2445397377,-14.0599994659,-1.82775175571,-66.6294555664,4.33277988434,-19.1421909332,-0.564733028412,97153.1311035,28.0599994659,-516.789245605,False
102.10000000000001,-0.057,0.104,0.019,-1.14737805,0.0784532,5.7859235,-13.8999996185,-11.7958488464,-14.1899995804,-4.26848697662,-67.6697540283,4.12790727615,-19.1134986877,-0.307134866714,97153.1311035,27.9699993134,-516.789245605,False
102.2,-0.034,0.083,-0.006,-1.1571847,0.0196133,6.05070305,-13.5999994278,-11.7958488464,-14.1399993896,-4.26848697662,-67.6697540283,3.96425700188,-19.0689964294,0.0939611941576,97149.0356445,27.9200000763,-489.286437988,False
102.30000000000001,-0.034,0.083,-0.006,-1.1571847,0.0196133,6.05070305,-13.3599996567,-11.7958488464,-13.9899997711,-4.26848697662,-67.6697540283,3.76077222824,-19.0420188904,0.496694356203,97150.1159668,27.9099998474,-489.286437988,False
102.4,-0.087,0.079,0.003,-1.02969825,-0.10787315,8.0806796,-13.0699996948,-11.7958488464,-13.8800001144,-4.26848697662,-67.6697540283,3.76077222824,-19.0420188904,0.496694356203,97148.3398438,27.9300003052,-471.426025391,False
102.5,-0.054,0.076,0.043,-1.1375714,0.06864655,7.9629998,-12.6300001144,-13.4574146271,-13.75,-6.4411611557,-67.4000091553,3.42003011703,-19.0537853241,0.8492654562,97151.8859863,27.9699993134,-471.426025391,False
102.60000000000001,0.105,0.085,0.057,-1.24544455,-0.2157463,6.36451585,-12.0399999619,-13.4574146271,-13.5699996948,-6.4411611557,-67.4000091553,3.18640041351,-19.0528450012,1.1550693512,97151.4099121,28.0299987793,-456.469726562,False
102.7,0.415,0.091,0.045,-1.08853815,0.24516625,5.12887795,-11.5900001526,-13.4574146271,-13.279999733,-6.4411611557,-67.4000091553,3.01334452629,-19.0462284088,1.5231025219,97153.9367676,28.109998703,-456.469726562,False
102.80000000000001,0.415,0.091,0.045,-1.08853815,0.24516625,5.12887795,-11.3499994278,-13.4574146271,-13.2899999619,-6.4411611557,-67.4000091553,2.91298365593,-19.0083637238,1.98105895519,97153.9367676,28.109998703,-456.469726562,False
102.9,0.09,0.045,0.003,-1.04931155,0.1176798,6.3350959,-11.1899995804,-10.8545875549,-12.1499996185,-8.67324733734,-67.9938354492,2.72380805016,-19.0459518433,2.27199411392,97154.510498,28.3999996185,-442.402282715,False
103.0,0.026,-0.007,0.02,-0.9022118,-0.0588399,11.8856598,-10.7600002289,-10.8545875549,-11.8599996567,-8.67324733734,-67.9938354492,2.64865589142,-19.0930137634,2.17167615891,97155.4260254,28.5999984741,-433.630187988,False
103.10000000000001,0.038,0.042,0.116,-1.1179581,-0.38245935,9.95374975,-10.3800001144,-10.8545875549,-11.6700000763,-8.67324733734,-67.9938354492,2.41738200188,-19.2408599854,1.9438906908,97160.6628418,28.7799987793,-433.630187988,False
103.2,0.038,0.042,0.116,-1.1179581,-0.38245935,9.95374975,-10.2199993134,-10.8545875549,-11.3999996185,-8.67324733734,-67.9938354492,2.36563539505,-19.2680358887,1.96259617805,97163.6047363,28.9499988556,-426.928710938,False
103.30000000000001,0.06,0.017,0.164,-0.9414384,-0.08825985,9.1790244,-10.2100000381,-9.37679481506,-11.3999996185,-9.5394449234,-69.2938461304,2.27607297897,-19.314704895,2.00467443466,97163.2324219,28.9499988556,-426.928710938,False
103.4,-0.048,0.001,0.2,-1.04931155,0.0980665,9.24767095,-9.86999988556,-9.37679481506,-10.7100000381,-9.5394449234,-69.2938461304,2.11738634109,-19.393491745,2.10811233521,97165.3076172,29.2799987793,-437.798492432,False
103.5,-0.048,0.001,0.2,-1.04931155,0.0980665,9.24767095,-9.5,-8.91263771057,-10.3699998856,-10.3370571136,-71.8501815796,2.03561854362,-19.4367046356,2.13182592392,97168.1762695,29.4499988556,-437.798492432,False
103.60000000000001,-0.134,-0.005,0.162,-1.0198916,0.04903325,9.63993695,-9.5,-8.91263771057,-10.3699998856,-10.3370571136,-71.8501815796,1.89473724365,-19.51288414,2.15841197968,97172.1557617,29.4499988556,-437.798492432,False
103.7,-0.078,1.38385088304e-17,0.113,-0.9218251,0.196133,8.91424485,-9.11999988556,-8.91263771057,-10.0199995041,-10.3370571136,-71.8501815796,1.7329300642,-19.5959606171,2.22193026543,97175.8239746,29.6199989319,-443.543640137,False
103.80000000000001,0.087,-0.029,0.039,-0.93163175,0.0980665,10.11065615,-8.07999992371,-8.91263771057,-9.23999977112,-10.3370571136,-71.8501815796,1.51860713959,-19.7042675018,2.29620957375,97177.6245117,29.9899997711,-446.966552734,False
103.9,0.224,-0.056,0.025,-0.6276256,0.16671305,10.75789505,-7.58999967575,-8.91263771057,-8.86999988556,-10.3370571136,-71.8501815796,1.36389839649,-19.8254776001,2.21203708649,97182.0983887,30.1799983978,-446.966552734,False
104.0,0.213,-0.029,0.044,-0.6080123,-0.30400615,11.8856598,-7.13999986649,-8.50477313995,-8.5999994278,-10.652215004,-74.7245101929,1.23674738407,-19.9521903992,2.05288100243,97184.7961426,30.3699989319,-454.962738037,False
104.10000000000001,0.219,-0.002,0.09,-0.77472535,0.22555295,10.0420096,-6.77999973297,-8.50477313995,-8.4299993515,-10.652215004,-74.7245101929,1.13139474392,-20.0762424469,1.86122965813,97187.4267578,30.5299987793,-454.962738037,False
104.2,0.219,-0.002,0.09,-0.77472535,0.22555295,10.0420096,-6.5499997139,-8.50477313995,-8.13999938965,-10.652215004,-74.7245101929,1.04199659824,-20.1383876801,1.95290994644,97187.4267578,30.6899986267,-464.699554443,False
104.30000000000001,0.013,-0.022,0.081,-0.8433719,0.10787315,8.54159215,-6.5499997139,-8.50477313995,-8.13999938965,-10.652215004,-74.7245101929,1.01000416279,-20.169588089,1.99183678627,97188.9343262,30.8400001526,-464.699554443,False
104.4,-0.166,-0.048,0.034,-0.7649187,0.18632635,9.218251,-6.03999996185,-5.76393604279,-7.39999961853,-10.5711774826,-76.1059951782,0.872902452946,-20.2687473297,2.04344582558,97194.543457,31.0100002289,-482.204437256,False
104.5,-0.158,-0.047,0.01,-0.55897905,0.2941995,9.44380395,-5.63999986649,-5.76393604279,-7.00999975204,-10.5711774826,-76.1059951782,0.772023677826,-20.3297233582,2.06125497818,97196.6308594,31.1799983978,-482.204437256,False
104.60000000000001,-0.176,-0.025,-0.016,-0.6472389,0.14709975,8.9240515,-5.13000011444,-5.76393604279,-6.59999990463,-10.5711774826,-76.1059951782,0.620858192444,-20.4120540619,2.11491155624,97197.1923828,31.359998703,-492.01776123,False
104.7,-0.176,-0.025,-0.016,-0.6472389,0.14709975,8.9240515,-5.13000011444,-5.76393604279,-6.58999967575,-10.5711774826,-76.1059951782,0.536001801491,-20.4688663483,2.10638213158,97197.1923828,31.359998703,-492.01776123,False
104.80000000000001,-0.194,-0.075,-0.033,-0.4707192,-0.0588399,10.7088618,-3.98000001907,-9.71080780029,-5.78999996185,-9.63136291504,-76.5824890137,0.298231601715,-20.6203098297,1.991959095,97203.8879395,31.7399997711,-502.658447266,False
104.9,0.124,-0.05,-0.001,-0.5295591,-0.00980665,10.16949605,-3.25999999046,-9.71080780029,-5.46000003815,-9.63136291504,-76.5824890137,0.179766893387,-20.6944160461,1.94183897972,97207.4584961,31.9200000763,-502.658447266,False
105.0,0.124,-0.05,-0.001,-0.5295591,-0.00980665,10.16949605,-2.59999990463,-9.71080780029,-5.13000011444,-9.63136291504,-76.5824890137,0.0711306110024,-20.7582931519,1.89667308331,97207.4584961,32.0900001526,-514.408874512,False
105.10000000000001,0.204,-0.062,-0.001,-0.4118793,0.0196133,10.11065615,-2.0,-9.71080780029,-4.75999975204,-9.63136291504,-76.5824890137,-0.0714931860566,-20.8497943878,1.88064873219,97211.932373,32.2599983215,-514.408874512,False
105.2,0.117,-0.028,0.012,-0.4707192,1.07006271368e-15,8.73772515,-2.0,-7.59522438049,-4.75999975204,-8.49654865265,-76.7055435181,-0.136296436191,-20.8815021515,1.96407318115,97211.6455078,32.2599983215,-514.408874512,False
105.30000000000001,0.148,-0.054,0.006,-0.5099458,-0.2353596,8.3356525,-1.25999999046,-7.59522438049,-3.82999992371,-8.49654865265,-76.7055435181,-0.182046353817,-20.9157600403,2.03381228447,97215.2648926,32.6199989319,-527.330200195,False
105.4,0.143,-0.088,0.113,-0.196133,-0.26477955,11.22861425,-1.09000003338,-7.59522438049,-3.36999988556,-8.49654865265,-76.7055435181,-0.226801112294,-20.981294632,2.02530026436,97222.0214844,32.8099975586,-540.521789551,False
105.5,0.143,-0.088,0.113,-0.196133,-0.26477955,11.22861425,-1.09000003338,-7.59522438049,-3.36999988556,-8.49654865265,-76.7055435181,-0.226801112294,-20.981294632,2.02530026436,97222.0214844,32.8099975586,-540.521789551,False
105.60000000000001,0.076,-0.087,0.146,-0.3726527,0.3530394,11.54242705,-0.689999997616,-3.4394390583,-2.84999990463,-7.06686592102,-78.4812927246,-0.325415074825,-21.1360664368,1.47165560722,97221.6918945,33.1599998474,-546.352966309,False
105.7,0.056,-0.104,0.098,-0.16671305,0.55897905,13.7489233,-0.399999976158,-3.4394390583,-2.67999982834,-7.06686592102,-78.4812927246,-0.363625138998,-21.2057723999,1.27780425549,97220.9716797,33.2999992371,-546.352966309,False
105.80000000000001,0.056,-0.104,0.098,-0.16671305,0.55897905,13.7489233,-0.109999999404,-3.4394390583,-2.71000003815,-7.06686592102,-78.4812927246,-0.426826059818,-21.2854385376,0.882742345333,97227.911377,33.3999977112,-560.066040039,False
105.9,-0.04,-0.063,-0.003,-0.06864655,0.30400615,10.67944185,0.219999998808,-2.19611597061,-2.67999982834,-5.77212619781,-80.525100708,-0.495410203934,-21.3272018433,0.752749323845,97230.6152344,33.4599990845,-560.066040039,False
106.0,-0.04,-0.063,-0.003,-0.06864655,0.30400615,10.67944185,0.579999983311,-2.19611597061,-2.62999987602,-5.77212619781,-80.525100708,-0.567471146584,-21.3573150635,0.618889689445,97230.6152344,33.5099983215,-568.517700195,False
106.10000000000001,-0.097,-0.036,-0.082,-0.2549729,0.6276256,10.30678915,1.10000002384,-2.19611597061,-2.59999990463,-5.77212619781,-80.525100708,-0.629713535309,-21.3997344971,0.515608370304,97233.7768555,33.5499992371,-568.517700195,False
106.2,-0.097,-0.036,-0.082,-0.2549729,0.6276256,10.30678915,1.10000002384,-2.19611597061,-2.59999990463,-5.77212619781,-80.525100708,-0.698572158813,-21.4059829712,0.419111341238,97233.7768555,33.5499992371,-568.517700195,False
106.30000000000001,0.066,-0.109,-0.12,-0.1372931,-0.0784532,14.73939495,1.55999994278,-3.41519999504,-2.61999988556,-4.82082223892,-79.7140197754,-0.765634179115,-21.4684448242,-0.0435363911092,97233.795166,33.5900001526,-582.518005371,False
106.4,0.15,-0.078,0.033,-0.10787315,-0.8629852,11.79739995,1.94999992847,-3.41519999504,-3.17999982834,-4.82082223892,-79.7140197754,-0.714262247086,-21.4682884216,-0.430252671242,97233.0688477,33.5599975586,-591.203308105,False
106.5,0.17,-0.161,0.172,-0.0588399,-0.53936575,15.32779395,1.70999991894,-3.41519999504,-3.5,-4.82082223892,-79.7140197754,-0.638428211212,-21.4700908661,-0.952044188976,97233.0688477,33.5,-591.203308105,False
106.60000000000001,0.17,-0.161,0.172,-0.0588399,-0.53936575,15.32779395,1.35000002384,0.181103214622,-4.05999994278,-2.86837029457,-79.9324645996,-0.575631320477,-21.4508190155,-1.29298913479,97234.1369629,33.3999977112,-595.107849121,False
106.7,0.294,-0.026,0.258,0.0,0.20593965,9.3359308,1.03999996185,0.181103214622,-4.61999988556,-2.86837029457,-79.9324645996,-0.489835619926,-21.4128341675,-1.40847790241,97234.1369629,33.25,-595.107849121,False
106.80000000000001,0.294,-0.026,0.258,0.0,0.20593965,9.3359308,0.77999997139,0.181103214622,-4.96999979019,-2.86837029457,-79.9324645996,-0.489835619926,-21.4128341675,-1.40847790241,97234.0698242,33.0900001526,-590.623657227,False
106.9,0.051,-0.033,0.205,0.0196133,0.71588545,9.16921775,0.77999997139,0.181103214622,-4.96999979019,-2.86837029457,-79.9324645996,-0.474388360977,-21.3635387421,-1.31170713902,97229.0527344,33.0900001526,-590.623657227,False
107.0,-0.119,0.069,-0.048,-0.1372931,0.588399,7.7668668,0.75,3.40580534935,-5.57999992371,-2.27763128281,-84.5909042358,-0.478201180696,-21.3055992126,-1.21509218216,97225.9338379,32.7999992371,-597.397216797,False
107.10000000000001,-0.119,0.069,-0.048,-0.1372931,0.588399,7.7668668,0.849999964237,3.40580534935,-5.73999977112,-2.27763128281,-84.5909042358,-0.495435029268,-21.262834549,-1.01624751091,97225.9338379,32.6699981689,-597.397216797,False
107.2,-0.064,0.054,-0.15,-0.46091255,0.588399,8.36507245,0.889999985695,3.40580534935,-5.92999982834,-2.27763128281,-84.5909042358,-0.483236819506,-21.2022132874,-0.918380498886,97222.9125977,32.5599975586,-591.065612793,False
107.30000000000001,0.176,-0.003,-0.188,-0.63743225,-0.4118793,12.38579895,0.889999985695,3.40580534935,-5.92999982834,-2.27763128281,-84.5909042358,-0.391839236021,-21.1509723663,-1.02378737926,97215.8630371,32.4599990845,-591.065612793,False
107.4,0.301,-0.02,-0.002,-0.7060788,-0.61781895,9.14960445,-0.0999999940395,2.50702834129,-6.51999998093,-3.32628536224,-82.0916824341,-0.245525509119,-21.0695495605,-1.12132310867,97222.7539062,32.3600006104,-582.156921387,False
107.5,0.029,-0.016,0.133,-0.69627215,-0.59820565,10.22833595,-1.03999996185,2.50702834129,-6.77999973297,-3.32628536224,-82.0916824341,-0.0748851373792,-20.9924411774,-1.02666437626,97217.5964355,32.25,-582.156921387,False
107.60000000000001,-0.273,-0.08,0.252,-0.63743225,-0.30400615,10.65982855,-1.99000000954,2.50702834129,-7.03999996185,-3.32628536224,-82.0916824341,0.10969209671,-20.9049491882,-1.07665717602,97219.354248,32.1399993896,-571.999938965,False
107.7,-0.129,-0.066,0.286,-0.40207265,0.1372931,11.8268199,-1.99000000954,5.0747385025,-7.0499997139,-2.69891238213,-83.4032592773,0.229836732149,-20.8227233887,-1.17233467102,97214.2700195,32.0400009155,-571.999938965,False
107.80000000000001,-0.258,-0.06,0.232,-0.55897905,0.53936575,11.3168741,-3.32999992371,5.0747385025,-7.82999992371,-2.69891238213,-83.4032592773,0.313089668751,-20.7535514832,-1.39086961746,97216.4428711,31.9099998474,-564.354309082,False
107.9,-0.294,0.047,0.121,-0.38245935,0.71588545,8.93385815,-3.51999998093,5.0747385025,-8.26999950409,-2.69891238213,-83.4032592773,0.303570985794,-20.6653347015,-1.42806172371,97212.4755859,31.7699985504,-564.354309082,False
108.0,-0.381,0.084,0.018,-0.7256921,0.9218251,9.50264385,-3.37999987602,5.0747385025,-8.57999992371,-2.69891238213,-83.4032592773,0.254081308842,-20.6044368744,-1.39999461174,97209.375,31.6299991608,-549.704345703,False
108.10000000000001,-0.24,0.139,-0.136,-0.7060788,0.79433865,5.6486304,-2.98000001907,-0.724313557148,-8.89999961853,-2.57076120377,-87.1528549194,0.16832408309,-20.5355415344,-1.23710739613,97208.3435059,31.4899997711,-549.704345703,False
108.2,-0.261,0.105,-0.22,-0.6080123,0.63743225,5.52114395,-2.51999998093,-0.724313557148,-8.9299993515,-2.57076120377,-87.1528549194,0.0703722089529,-20.4379386902,-0.829492807388,97205.9875488,31.3699989319,-538.372619629,False
108.30000000000001,-0.261,0.105,-0.22,-0.6080123,0.63743225,5.52114395,-2.08999991417,-0.724313557148,-8.82999992371,-2.57076120377,-87.1528549194,0.00986831076443,-20.4017124176,-0.594395697117,97205.9875488,31.2999992371,-538.372619629,False
108.4,-0.153,0.108,-0.25,-0.8237586,0.1765197,6.87446165,-1.51999998093,-0.724313557148,-8.75,-2.57076120377,-87.1528549194,-0.158847004175,-20.3131256104,-0.13870626688,97201.9958496,31.2600002289,-527.405944824,False
108.5,0.188,0.105,-0.272,-0.63743225,-0.392266,5.687857,-0.989999949932,-0.724313557148,-8.57999992371,-2.57076120377,-87.1528549194,-0.227318972349,-20.2615756989,0.216966450214,97204.510498,31.2600002289,-527.405944824,False
108.60000000000001,0.188,0.105,-0.272,-0.63743225,-0.392266,5.687857,-0.989999949932,-5.47122097015,-8.57999992371,-5.47293949127,-80.5529556274,-0.253397494555,-20.2206630707,0.438497275114,97204.510498,31.2600002289,-527.405944824,False
108.7,0.1,0.031,-0.018,-0.9218251,-0.75511205,6.8254284,-0.489999979734,-5.47122097015,-7.98999977112,-5.47293949127,-80.5529556274,-0.286347985268,-20.142824173,0.787660479546,97205.9814453,31.3499984741,-515.414428711,False
108.80000000000001,0.1,0.031,-0.018,-0.9218251,-0.75511205,6.8254284,-0.579999983311,-5.47122097015,-7.60999965668,-5.47293949127,-80.5529556274,-0.270273476839,-20.1070480347,0.946267366409,97205.9814453,31.4399986267,-503.208343506,False
108.9,0.204,0.024,0.148,-0.6472389,-0.8825985,7.7080269,-0.729999959469,-5.47122097015,-7.23000001907,-5.47293949127,-80.5529556274,-0.22720913589,-20.0726661682,1.16761064529,97205.2001953,31.5599994659,-503.208343506,False
109.0,0.183,2.69422295812e-17,0.22,-0.51975245,0.06864655,7.5707338,-0.699999988079,-0.717380285263,-6.80999994278,-6.75589036942,-81.4625930786,-0.251277655363,-20.0356273651,1.46877813339,97206.6162109,31.6899986267,-493.494415283,False
109.10000000000001,0.052,-0.026,0.162,-0.7453054,0.2941995,8.73772515,-0.589999973774,-0.717380285263,-6.33999967575,-6.75589036942,-81.4625930786,-0.259325951338,-20.0400772095,1.5591647625,97212.6281738,31.8400001526,-493.494415283,False
109.2,0.059,-0.009,0.14,-0.6080123,-0.04903325,8.48275225,-0.52999997139,-0.717380285263,-5.90999984741,-6.75589036942,-81.4625930786,-0.261590659618,-20.0074539185,1.663454175,97213.0004883,32.0,-488.072387695,False
109.30000000000001,0.059,-0.009,0.14,-0.6080123,-0.04903325,8.48275225,-0.52999997139,-0.717380285263,-5.90999984741,-6.75589036942,-81.4625930786,-0.267781764269,-20.0004749298,1.75104880333,97213.0004883,32.0,-488.072387695,False
109.4,0.074,-0.022,0.068,-0.63743225,-0.08825985,9.1986377,-0.519999980927,0.797940135002,-4.85999965668,-6.69564723969,-84.4942932129,-0.252252727747,-19.9878082275,1.99235713482,97214.5751953,32.3499984741,-479.621520996,False
109.5,0.074,-0.022,0.068,-0.63743225,-0.08825985,9.1986377,-0.52999997139,0.797940135002,-4.36999988556,-6.69564723969,-84.4942932129,-0.249445065856,-19.9867725372,2.04495453835,97218.0847168,32.5499992371,-479.621520996,False
109.60000000000001,0.027,-0.01,0.085,-0.7060788,0.24516625,8.48275225,-0.449999988079,0.797940135002,-3.78999996185,-6.69564723969,-84.4942932129,-0.277553677559,-19.9773750305,2.18067741394,97216.6625977,32.7599983215,-478.91217041,False
109.7,-0.158,-0.014,-0.061,-0.42168595,0.2745862,9.03192465,-0.149999991059,-0.349046826363,-3.22000002861,-6.4806599617,-85.2410202026,-0.334131777287,-19.9814109802,2.24661159515,97223.9685059,32.9899978638,-478.91217041,False
109.80000000000001,-0.158,-0.014,-0.061,-0.42168595,0.2745862,9.03192465,-0.149999991059,-0.349046826363,-3.22000002861,-6.4806599617,-85.2410202026,-0.367068141699,-19.983877182,2.24809265137,97223.9440918,32.9899978638,-478.91217041,False
109.9,0.061,-0.054,-0.113,-0.36284605,0.0588399,10.52253545,0.149999991059,-0.349046826363,-2.63999986649,-6.4806599617,-85.2410202026,-0.419948935509,-20.0077228546,2.18308734894,97233.215332,33.219997406,-485.561187744,False
110.0,-0.042,-0.07,-0.087,-0.59820565,0.2157463,9.58109705,0.479999989271,-0.349046826363,-2.14999985695,-6.4806599617,-85.2410202026,-0.463587969542,-20.0282268524,2.09169983864,97233.215332,33.4399986267,-485.561187744,False
110.10000000000001,0.14,-0.067,-0.086,-0.42168595,0.0392266,9.4339973,1.0,-1.57840394974,-1.10000002384,-5.79556560516,-83.6106109619,-0.469808191061,-20.0174007416,2.20312142372,97233.4838867,33.8800010681,-480.120269775,False
110.2,0.354,-0.095,-0.112,-0.50013915,-0.53936575,8.69849855,0.539999961853,-1.57840394974,-0.560000002384,-5.79556560516,-83.6106109619,-0.372133910656,-20.0212345123,2.12905335426,97239.9902344,34.0999984741,-482.105651855,False
110.30000000000001,0.732,-0.104,0.057,-0.0196133,-0.99047165,10.97364135,-0.340000003576,-1.57840394974,-0.109999999404,-5.79556560516,-83.6106109619,-0.216679304838,-20.0211906433,2.01366901398,97243.2861328,34.3099975586,-482.105651855,False
110.4,0.13,-0.101,0.225,-0.00980665,0.06864655,10.50292215,-1.20999991894,-1.57840394974,0.340000003576,-5.79556560516,-83.6106109619,0.0257624685764,-20.021276474,1.8730982542,97242.4377441,34.5099983215,-478.887756348,False
110.5,-0.058,-0.099,0.225,0.16671305,0.36284605,10.4342756,-1.97999989986,7.98190259933,0.77999997139,-3.45790624619,-84.1311569214,0.102673925459,-20.0322246552,1.83026707172,97246.1364746,34.7099990845,-478.887756348,False
110.60000000000001,-0.451,-0.05,0.031,0.1569064,0.87279185,11.54242705,-2.25,7.98190259933,1.17999994755,-3.45790624619,-84.1311569214,0.155863538384,-20.0602169037,1.61305618286,97255.2490234,34.8899993896,-487.901672363,False
110.7,-0.398,-0.032,-0.059,0.22555295,0.8629852,11.83662655,-2.33999991417,2.74712395668,1.5,-2.29979848862,-85.7880325317,0.143521904945,-20.0854282379,1.47343611717,97253.2531738,35.0599975586,-487.901672363,False
110.80000000000001,-0.398,-0.032,-0.059,0.22555295,0.8629852,11.83662655,-2.33999991417,2.74712395668,1.5,-2.29979848862,-85.7880325317,0.143521904945,-20.0854282379,1.47343611717,97253.2531738,35.0599975586,-487.901672363,False
110.9,-0.423,-0.015,-0.143,0.36284605,0.9218251,13.71950335,-1.80999994278,2.74712395668,1.82999992371,-2.29979848862,-85.7880325317,-0.00654254853725,-20.1766872406,0.860184431076,97254.0283203,35.3400001526,-490.110198975,False
111.0,-0.045,0.004,-0.219,0.38245935,0.44129925,10.4735022,-1.80999994278,2.74712395668,1.82999992371,-2.29979848862,-85.7880325317,-0.0344417057931,-20.2007770538,0.853740870953,97258.3251953,35.4300003052,-495.981414795,False
111.10000000000001,0.021,-0.064,-0.131,0.5295591,-0.10787315,10.7480884,-1.41999995708,2.74712395668,2.25999999046,-2.29979848862,-85.7880325317,-0.0616588443518,-20.2488117218,0.738809764385,97257.1411133,35.5200004578,-495.981414795,False
111.2,-0.131,-0.097,-0.02,0.4511059,-0.30400615,11.3168741,-1.31999993324,-2.11541461945,2.41999983788,-1.60852313042,-81.4379501343,-0.0761929750443,-20.2801170349,0.569397330284,97257.635498,35.5900001526,-501.051696777,False
111.30000000000001,-0.131,-0.097,-0.02,0.4511059,-0.30400615,11.3168741,-1.31999993324,-2.11541461945,2.41999983788,-1.60852313042,-81.4379501343,-0.0860803574324,-20.3013095856,0.493586778641,97257.635498,35.5900001526,-501.051696777,False
111.4,-0.203,-0.136,0.086,0.55897905,-0.34323275,12.44463885,-1.23000001907,-2.11541461945,2.45000004768,-1.60852313042,-81.4379501343,-0.0957656055689,-20.3345165253,0.128052681684,97264.9414062,35.6899986267,-509.889801025,False
111.5,0.036,-0.096,0.179,0.48052585,-0.10787315,13.5724036,-1.06999993324,-2.11541461945,2.26999998093,-1.60852313042,-81.4379501343,-0.157297253609,-20.3538970947,-0.269725590944,97259.2224121,35.7000007629,-509.889801025,False
111.60000000000001,-0.125,-0.144,0.24,0.59820565,-0.16671305,14.6315218,-0.539999961853,-4.02081203461,1.91999995708,0.380788058043,-83.3640670776,-0.333545476198,-20.3525772095,-0.862708091736,97261.114502,35.6599998474,-504.011169434,False
111.7,-0.136,-0.106,0.148,0.40207265,0.6080123,13.28801075,0.229999989271,-4.02081203461,1.53999996185,0.380788058043,-83.3640670776,-0.446687966585,-20.345867157,-1.18388736248,97268.8659668,35.5799980164,-504.011169434,False
111.80000000000001,-0.088,-0.062,0.055,0.392266,0.28439285,11.58165365,1.24000000954,-4.02081203461,1.11000001431,0.380788058043,-83.3640670776,-0.604153931141,-20.3131313324,-1.40542924404,97262.4328613,35.4500007629,-504.536071777,False
111.9,-0.088,-0.062,0.055,0.392266,0.28439285,11.58165365,2.09999990463,-4.02081203461,0.75,0.380788058043,-83.3640670776,-0.756232380867,-20.2803058624,-1.49769091606,97262.4328613,35.3199996948,-504.536071777,False
112.0,-0.09,-0.042,-0.037,0.57859235,-0.3726527,10.2773692,2.09999990463,-6.36339187622,0.75,2.00088429451,-85.7856826782,-0.78445905447,-20.2446708679,-1.6048566103,97260.4064941,35.3199996948,-504.536071777,False
112.10000000000001,0.106,-0.089,0.175,0.38245935,-0.2745862,12.8663248,3.00999999046,-6.36339187622,-0.269999980927,2.00088429451,-85.7856826782,-0.885439217091,-20.1586685181,-2.11352920532,97258.6608887,34.9899978638,-495.671264648,False
112.2,0.096,-0.057,0.241,0.2353596,-0.32361945,10.198916,3.37999987602,-6.36339187622,-0.849999964237,2.00088429451,-85.7856826782,-0.924575865269,-20.0673084259,-2.19812846184,97254.1870117,34.7900009155,-488.587585449,False
112.30000000000001,0.155,-0.003,0.273,0.10787315,1.01008495,8.73772515,4.0499997139,-4.23881196976,-1.33999991417,2.82648777962,-88.7393341064,-1.05550122261,-19.9841651917,-2.18729662895,97254.119873,34.5799980164,-488.587585449,False
112.4,0.155,-0.003,0.273,0.10787315,1.01008495,8.73772515,4.0499997139,-4.23881196976,-1.33999991417,2.82648777962,-88.7393341064,-1.16289365292,-19.9196186066,-2.12189102173,97254.119873,34.5799980164,-488.587585449,False
112.5,-0.082,0.093,-0.216,0.08825985,0.6276256,8.433719,6.8799996376,-4.23881196976,-2.07999992371,2.82648777962,-88.7393341064,-1.38170921803,-19.8235778809,-1.99886310101,97248.4985352,34.1699981689,-477.994720459,False
112.60000000000001,-0.082,0.093,-0.216,0.08825985,0.6276256,8.433719,6.8799996376,-4.23881196976,-2.06999993324,2.82648777962,-88.7393341064,-1.47030127048,-19.7707328796,-1.92614018917,97247.8027344,34.1699981689,-477.994720459,False
112.7,0.315,0.04,-0.223,-0.12748645,-0.0392266,7.5903471,10.8099994659,-4.23881196976,-2.74000000954,2.82648777962,-88.7393341064,-1.58058810234,-19.6418533325,-1.81500530243,97241.2719727,33.8099975586,-457.378204346,False
112.80000000000001,0.317,-0.009,-0.142,-0.1569064,-0.2745862,8.0610663,11.3000001907,-2.76760482788,-2.96000003815,1.60114347935,-85.4852523804,-1.59556984901,-19.5360069275,-1.59835994244,97237.7868652,33.6499977112,-438.183013916,False
112.9,0.317,-0.009,-0.142,-0.1569064,-0.2745862,8.0610663,11.3000001907,-2.76760482788,-2.96000003815,1.60114347935,-85.4852523804,-1.57715725899,-19.488161087,-1.53011310101,97237.7868652,33.6499977112,-438.183013916,False
113.0,0.457,0.021,-0.017,-0.16671305,-0.50013915,5.3936575,13.5699996948,-2.76760482788,-3.1899998188,1.60114347935,-85.4852523804,-1.51208221912,-19.4210109711,-1.16348969936,97229.9560547,33.3999977112,-420.129577637,False
113.10000000000001,0.51,-0.019,0.085,-0.14709975,-0.392266,8.8455983,13.4600000381,4.25364303589,-3.13999986649,1.27256655693,-84.2217636108,-1.32273828983,-19.2936401367,-0.75847697258,97232.5439453,33.3099975586,-420.129577637,False
113.2,0.325,-0.019,0.166,-0.0980665,0.0588399,9.7674234,17.1399993896,4.25364303589,-3.16999983788,1.27256655693,-84.2217636108,-1.20549762249,-19.2130908966,-0.704551935196,97231.5185547,33.25,-407.671356201,False
113.30000000000001,0.264,0.02,0.13,0.04903325,0.0784532,8.28661925,16.8999996185,4.25364303589,-3.25999999046,1.27256655693,-84.2217636108,-1.05958354473,-19.1267967224,-0.628382027149,97226.965332,33.1899986267,-408.671295166,False
113.4,0.264,0.02,0.13,0.04903325,0.0784532,8.28661925,16.8999996185,10.1994895935,-3.25,1.30793774128,-86.0653762817,-0.955160439014,-19.075428009,-0.603981673717,97226.965332,33.1499977112,-396.337219238,False
113.5,0.407,4.8985871965900006e-18,0.04,0.3334261,0.8041453,11.4345539,19.6199989319,10.1994895935,-3.47000002861,1.30793774128,-86.0653762817,-0.777892351151,-18.9976081848,-0.718110740185,97225.9094238,33.0900001526,-396.337219238,False
113.60000000000001,0.076,0.035,-0.018,0.1569064,0.5491724,9.75761675,19.2600002289,10.1994895935,-3.63999986649,1.30793774128,-86.0653762817,-0.588502109051,-18.9175987244,-0.743855416775,97227.746582,33.0299987793,-384.240234375,False
113.7,-0.106,0.05,-0.099,0.0588399,0.6276256,9.73800345,25.8099994659,13.0311555862,-3.8599998951,0.58223682642,-86.2063064575,-0.326994240284,-18.8136177063,-0.803075015545,97224.7375488,32.9599990845,-384.240234375,False
113.80000000000001,0.004,0.057,-0.128,0.1569064,0.59820565,9.20844435,25.8099994659,13.0311555862,-4.02999973297,0.58223682642,-86.2063064575,-0.185773327947,-18.7683238983,-0.763054072857,97226.776123,32.8800010681,-380.009277344,False
113.9,0.227,0.067,-0.209,0.0784532,0.30400615,9.36535075,25.7299995422,13.0311555862,-4.13000011444,0.58223682642,-86.2063064575,0.00367543520406,-18.7144622803,-0.661282837391,97222.6623535,32.7999992371,-380.009277344,False
114.0,0.36,0.031,-0.251,-0.14709975,0.20593965,6.73716855,28.8099994659,13.0311555862,-4.07999992371,0.58223682642,-86.2063064575,0.258155316114,-18.6450309753,-0.368157029152,97222.2229004,32.7399978638,-365.322875977,False
114.10000000000001,0.274,-0.001,-0.204,-0.18632635,-0.06864655,6.9234949,28.7399997711,17.5957336426,-3.91999983788,-1.87024748325,-82.1610183716,0.491448551416,-18.5973529816,-0.0560205467045,97222.6318359,32.7099990845,-365.322875977,False
114.2,0.274,-0.001,-0.204,-0.18632635,-0.06864655,6.9234949,34.0499992371,17.5957336426,-3.75,-1.87024748325,-82.1610183716,0.734792590141,-18.5515327454,0.0970984324813,97222.6318359,32.7000007629,-357.961273193,False
114.30000000000001,0.347,-0.001,-0.136,-0.0196133,0.42168595,8.24739265,33.9099998474,17.5957336426,-3.58999991417,-1.87024748325,-82.1610183716,1.03402447701,-18.5000801086,0.184745416045,97222.3632812,32.719997406,-358.961212158,False
114.4,0.347,-0.001,-0.136,-0.0196133,0.42168595,8.24739265,35.1199989319,17.5957336426,-3.26999998093,-1.87024748325,-82.1610183716,1.31658279896,-18.4352703094,0.609961688519,97222.3632812,32.7599983215,-366.45880127,False
114.5,0.197,-0.031,-0.187,0.0,0.38245935,8.7083052,34.9799995422,17.5957336426,-2.91999983788,-1.87024748325,-82.1610183716,1.59374809265,-18.4009380341,0.736132264137,97219.5068359,32.8299980164,-366.45880127,False
114.60000000000001,0.385,-0.097,-0.259,0.24516625,-0.196133,12.42502555,39.1100006104,25.2593822479,-2.62999987602,-3.91862392426,-77.289642334,2.11785960197,-18.3326740265,0.781737148762,97222.1618652,32.9099998474,-367.526153564,False
114.7,0.385,-0.097,-0.259,0.24516625,-0.196133,12.42502555,38.4300003052,25.2593822479,-2.44000005722,-3.91862392426,-77.289642334,2.67399978638,-18.2539615631,0.770958483219,97219.3115234,32.9899978638,-366.5262146,False
114.80000000000001,0.448,-0.067,-0.182,0.3138128,-0.1569064,10.1793027,37.7099990845,25.2593822479,-2.15999984741,-3.91862392426,-77.289642334,3.23533058167,-18.1665420532,0.843978881836,97221.6674805,33.0699996948,-362.368011475,False
114.9,0.247,-0.104,-0.078,0.32361945,0.30400615,9.95374975,38.1399993896,30.9889678955,-1.81999993324,-4.57023382187,-73.9701156616,3.74386835098,-18.074180603,0.990170657635,97224.3835449,33.1599998474,-362.368011475,False
115.0,0.226,-0.085,-0.104,0.10787315,1.04931155,8.28661925,37.4300003052,30.9889678955,-1.5,-4.57023382187,-73.9701156616,4.28916406631,-17.9793701172,1.07719898224,97229.4189453,33.2599983215,-380.588043213,False
115.10000000000001,0.226,-0.085,-0.104,0.10787315,1.04931155,8.28661925,36.969997406,30.9889678955,-1.10000002384,-4.57023382187,-73.9701156616,4.81422472,-17.8786869049,1.26663053036,97229.4189453,33.3699989319,-380.588043213,False
115.2,-0.03,-0.096,-0.243,0.4118793,0.93163175,8.9436648,41.0,30.9889678955,-0.699999988079,-4.57023382187,-73.9701156616,5.10927867889,-17.8249664307,1.36870062351,97233.0688477,33.4899978638,-395.308959961,False
115.30000000000001,0.108,-0.101,-0.348,0.34323275,0.44129925,9.9635564,40.9599990845,30.9889678955,-0.699999988079,-4.57023382187,-73.9701156616,5.49611139297,-17.7544803619,1.48485386372,97232.409668,33.6300010681,-394.309051514,False
115.4,0.176,-0.14,-0.411,0.32361945,0.67665885,10.05181625,43.1199989319,33.9489746094,0.34999999404,-5.25688552856,-68.914604187,6.15597295761,-17.6083126068,1.76326453686,97237.8723145,33.7999992371,-412.204345703,False
115.5,0.176,-0.14,-0.411,0.32361945,0.67665885,10.05181625,42.5599975586,33.9489746094,0.899999976158,-5.25688552856,-68.914604187,6.81226348877,-17.437078476,1.82114231586,97237.8723145,33.9799995422,-412.204345703,False
115.60000000000001,0.203,-0.283,-0.377,0.34323275,-0.00980665,11.9837263,41.8799972534,33.9489746094,1.45999991894,-5.25688552856,-68.914604187,7.50673675537,-17.2246608734,1.88881409168,97238.1591797,34.1699981689,-433.174499512,False
115.7,0.203,-0.283,-0.377,0.34323275,-0.00980665,11.9837263,42.8299980164,33.9489746094,2.01999998093,-5.25688552856,-68.914604187,8.22570896149,-16.9535903931,1.94790744781,97240.6311035,34.3699989319,-433.174499512,False
115.80000000000001,0.258,-0.293,-0.305,0.588399,-0.5295591,12.07198615,41.8400001526,40.1833343506,2.64999985695,-7.33567714691,-56.1572036743,9.20605278015,-16.5369243622,2.03232455254,97238.1591797,34.5799980164,-445.825958252,False
115.9,0.118,-0.353,-0.12,0.6276256,1.5732684117999999e-15,12.8467115,44.3799972534,40.1833343506,3.23000001907,-7.33567714691,-56.1572036743,9.70349788666,-16.3021259308,2.04535412788,97250.9521484,34.7900009155,-445.825958252,False
116.0,0.118,-0.353,-0.12,0.6276256,1.5732684117999999e-15,12.8467115,43.3299980164,40.1833343506,3.80999994278,-7.33567714691,-56.1572036743,10.714384079,-15.7873678207,2.02806353569,97250.9521484,35.0099983215,-465.513702393,False
116.10000000000001,-0.346,-0.357,-0.038,0.8629852,0.83356525,12.46425215,43.2900009155,40.1833343506,4.32999992371,-7.33567714691,-56.1572036743,11.2948246002,-15.4864263535,2.03562307358,97265.0390625,35.2399978638,-465.513702393,False
116.2,-0.148,-0.273,-0.221,1.06892485,0.7453054,10.97364135,42.75,39.1724777222,4.98000001907,-3.562677145,-49.7064361572,11.9735507965,-15.1193504333,2.18219614029,97266.9250488,35.4599990845,-491.775146484,False
116.30000000000001,-0.148,-0.273,-0.221,1.06892485,0.7453054,10.97364135,42.7599983215,39.1724777222,4.96999979019,-3.562677145,-49.7064361572,12.4680395126,-14.8300142288,2.22800540924,97266.9250488,35.719997406,-491.775146484,False
116.4,0.068,-0.293,-0.309,1.20621795,1.0198916,13.69989005,44.8400001526,39.1724777222,6.34999990463,-3.562677145,-49.7064361572,12.949590683,-14.5165786743,2.17363262177,97270.8557129,35.9799995422,-524.654174805,False
116.5,0.114,-0.272,-0.351,1.2748645,1.30428445,14.513842,44.8299980164,39.1724777222,6.36999988556,-3.562677145,-49.7064361572,13.6775722504,-13.9994974136,1.93798065186,97268.4997559,35.9799995422,-524.654174805,False
116.60000000000001,0.247,-0.304,-0.444,1.4121576,0.06864655,13.9842829,44.2599983215,39.5277252197,7.41999959946,-3.27668428421,-40.8020629883,14.385518074,-13.4318370819,1.82093572617,97278.7414551,36.4399986267,-548.73236084,False
116.7,-0.074,-0.372,-0.303,1.569064,0.2157463,15.62199345,43.0499992371,39.5277252197,7.85999965668,-3.27668428421,-40.8020629883,15.4726161957,-12.4740362167,1.47287511826,97269.2077637,36.6599998474,-548.73236084,False
116.80000000000001,-0.087,-0.394,-0.235,1.6867438,0.50013915,18.76012145,43.0599975586,39.5277252197,7.84999990463,-3.27668428421,-40.8020629883,15.9391021729,-12.0059108734,1.19182741642,97279.1870117,36.6599998474,-548.73236084,False
116.9,0.124,-0.35,-0.271,1.8240369,0.81395195,16.1417459,43.1699981689,39.2177619934,8.05000019073,-2.29771327972,-33.9708137512,16.66040802,-11.2503032684,0.853123009205,97283.380127,36.9599990845,-585.51348877,False
117.0,0.128,-0.334,-0.287,1.3533177,0.7060788,14.6511351,40.0799980164,39.2177619934,8.40999984741,-2.29771327972,-33.9708137512,17.5611934662,-10.1622858047,0.491024136543,97288.5986328,37.0599975586,-592.96472168,False
117.10000000000001,0.046,-0.384,-0.279,1.6867438,0.24516625,14.6903617,39.8199996948,39.2177619934,8.53999996185,-2.29771327972,-33.9708137512,18.2749652863,-9.18010616302,0.237036198378,97288.269043,37.1399993896,-592.96472168,False
117.2,0.046,-0.384,-0.279,1.6867438,0.24516625,14.6903617,37.8799972534,39.2177619934,8.65999984741,-2.29771327972,-33.9708137512,18.6021156311,-8.68183803558,0.150333896279,97285.6689453,37.1899986267,-620.213500977,False
117.30000000000001,-0.219,-0.376,-0.221,1.7259704,0.392266,16.26923235,35.5299987793,40.8886489868,8.63999938965,-0.278880685568,-22.2252368927,19.2381896973,-7.5651216507,-0.20532925427,97288.4460449,37.2299995422,-620.213500977,False
117.4,-0.219,-0.376,-0.221,1.7259704,0.392266,16.26923235,33.4300003052,40.8886489868,8.53999996185,-0.278880685568,-22.2252368927,19.601020813,-6.83401536942,-0.458666235209,97288.4460449,37.2299995422,-649.005859375,False
117.5,-0.381,-0.344,-0.225,1.69655045,0.6080123,13.5724036,33.4199981689,40.8886489868,8.5,-0.278880685568,-22.2252368927,19.9048614502,-6.23428964615,-0.595218002796,97287.2375488,37.219997406,-650.00579834,False
117.60000000000001,-0.171,-0.292,-0.334,1.1571847,0.4903325,12.22889255,29.5499992371,40.8886489868,8.44999980927,-0.278880685568,-22.2252368927,20.2149333954,-5.50315761566,-0.616967082024,97297.9187012,37.1800003052,-668.469726562,False
117.7,-0.076,-0.327,-0.347,1.1179581,0.4707192,14.0038962,27.4899997711,35.363899231,8.43999958038,1.8106225729,-12.7430534363,20.4526252747,-4.65163755417,-0.747252106667,97297.9187012,37.1499977112,-667.469787598,False
117.80000000000001,0.095,-0.35,-0.323,1.12776475,-0.24516625,16.5536252,24.7099990845,35.363899231,8.28999996185,1.8106225729,-12.7430534363,20.6450500488,-3.62703299522,-1.12423956394,97293.7316895,37.1100006104,-687.245544434,False
117.9,0.095,-0.35,-0.323,1.12776475,-0.24516625,16.5536252,24.7099990845,35.363899231,8.30999946594,1.8106225729,-12.7430534363,20.7144813538,-3.21440124512,-1.29239475727,97287.8479004,37.1100006104,-687.245544434,False
118.0,0.253,-0.348,-0.22,1.0002783,0.0196133,16.97531115,16.4799995422,35.363899231,7.57999992371,1.8106225729,-12.7430534363,20.8177776337,-1.6989877224,-1.9773004055,97286.0900879,36.9300003052,-674.061767578,False
118.10000000000001,-0.136,-0.386,-0.077,1.0983448,0.22555295,19.2994872,16.4599990845,36.4683380127,7.55999994278,4.48868370056,-3.67102313042,20.8258190155,-1.06735002995,-2.31533122063,97286.4990234,36.9300003052,-674.061767578,False
118.2,-0.431,-0.287,-0.063,1.02969825,1.01008495,14.1608026,6.94000005722,36.4683380127,6.05999994278,4.48868370056,-3.67102313042,20.7922382355,-0.0846499204636,-2.70673179626,97279.2480469,36.5400009155,-646.266967773,False
118.30000000000001,-0.553,-0.199,-0.179,0.81395195,1.3533177,12.17005265,3.90999984741,36.4683380127,5.42000007629,4.48868370056,-3.67102313042,20.7451591492,0.379908829927,-2.81084442139,97282.6171875,36.2999992371,-646.266967773,False
118.4,-0.577,-0.111,-0.295,0.5491724,0.3726527,10.591182,1.27999997139,26.7281723022,4.78999996185,6.57797193527,1.56883561611,20.6143932343,1.02589857578,-2.81423687935,97277.0080566,36.0299987793,-629.496948242,False
118.5,-0.577,-0.111,-0.295,0.5491724,0.3726527,10.591182,-1.20999991894,26.7281723022,4.17000007629,6.57797193527,1.56883561611,20.5087871552,1.38760721684,-2.87264275551,97277.0080566,35.7700004578,-629.496948242,False
118.60000000000001,-0.541,-0.118,-0.259,0.14709975,0.3530394,11.09132115,-3.54999995232,26.7281723022,3.55999994278,6.57797193527,1.56883561611,20.3923606873,1.69046080112,-2.8641936779,97261.1938477,35.5099983215,-614.35546875,False
118.7,-0.347,-0.158,-0.124,0.0980665,-0.12748645,13.7096967,-5.86999988556,26.7281723022,2.86999988556,6.57797193527,1.56883561611,20.1158676147,2.24858856201,-3.08432412148,97251.6296387,35.2399978638,-614.35546875,False
118.80000000000001,-0.347,-0.158,-0.124,0.0980665,-0.12748645,13.7096967,-5.86999988556,26.7281723022,2.84999990463,6.57797193527,1.56883561611,19.9718513489,2.48090815544,-3.26982736588,97251.6296387,35.2399978638,-614.35546875,False
118.9,-0.436,-0.115,-0.04,-0.02941995,0.5099458,11.89546645,-10.0100002289,17.4484806061,1.06999993324,7.12594366074,7.14211034775,19.6091022491,2.89232349396,-3.52581477165,97247.5280762,34.6300010681,-584.375732422,False
119.0,-0.47,-0.084,-0.068,-0.06864655,-0.06864655,11.3364874,-10.0100002289,17.4484806061,1.05999994278,7.12594366074,7.14211034775,19.5104007721,2.98365688324,-3.5992975235,97255.8105469,34.6300010681,-584.375732422,False
119.10000000000001,-0.425,-0.04,-0.027,-0.20593965,0.4314926,9.2378643,-12.7199993134,17.4484806061,-0.75,7.12594366074,7.14211034775,19.1762771606,3.16131663322,-3.55604243279,97233.7768555,33.9099998474,-589.017272949,False
119.2,-0.401,-0.003,-0.045,-0.20593965,0.67665885,7.4138274,-13.4399995804,8.38663482666,-1.5,7.99614334106,8.56661987305,19.1121368408,3.15130114555,-3.45867347717,97238.458252,33.5499992371,-545.859313965,False
119.30000000000001,-0.508,-0.017,-0.078,-0.2549729,0.65704555,8.5513988,-13.4499998093,8.38663482666,-1.50999999046,7.99614334106,8.56661987305,18.9340648651,3.15606117249,-3.35730743408,97223.1689453,33.2099990845,-545.859313965,False
119.4,-0.116,0.027,-0.139,-0.10787315,-0.20593965,10.0223963,-14.3899993896,8.38663482666,-3.07999992371,7.99614334106,8.56661987305,18.6638851166,3.14772963524,-3.35656499863,97215.3320312,32.8600006104,-507.521636963,False
119.5,-0.24,0.058,-0.049,-0.48052585,-0.4707192,8.18855275,-14.8899993896,8.38663482666,-3.95999979973,7.99614334106,8.56661987305,18.479681015,3.17290592194,-3.32952260971,97209.1003418,32.5099983215,-507.521636963,False
119.60000000000001,-0.24,0.058,-0.049,-0.48052585,-0.4707192,8.18855275,-15.4600000381,8.38663482666,-4.69000005722,7.99614334106,8.56661987305,18.299249649,3.17550683022,-3.16456985474,97209.1003418,32.1599998474,-470.392028809,False
119.7,-0.408,0.042,0.117,-0.50013915,-0.22555295,6.8842683,-15.8199996948,-0.144880324602,-5.42999982834,6.8924279213,10.8516845703,18.1448974609,3.15359330177,-3.01471948624,97208.3312988,31.8199996948,-470.392028809,False
119.80000000000001,-0.431,0.064,0.162,-0.588399,-0.0588399,6.2566427,-16.1700000763,-0.144880324602,-5.96000003815,6.8924279213,10.8516845703,18.0510101318,3.12648272514,-2.67388939857,97197.7111816,31.5,-427.908508301,False
119.9,-0.431,0.064,0.162,-0.588399,-0.0588399,6.2566427,-16.2899990082,-0.144880324602,-6.40999984741,6.8924279213,10.8516845703,17.944070816,3.06438112259,-2.41951847076,97197.7111816,31.2199993134,-427.908508301,False
120.0,-0.251,0.08,0.148,-0.2745862,-0.00980665,6.5508422,-16.2399997711,-0.144880324602,-6.76999998093,6.8924279213,10.8516845703,17.7827167511,2.91398239136,-1.97336041927,97190.5151367,30.9799995422,-401.644714355,False
120.10000000000001,-0.312,0.051,0.11,-0.30400615,-0.196133,6.6881353,-16.1299991608,-7.92619609833,-7.08999967575,5.12797689438,8.11084651947,17.6913509369,2.81617355347,-1.73872303963,97187.4328613,30.7600002289,-401.644714355,False
120.2,-0.205,0.084,0.107,-0.32361945,-0.00980665,6.34490255,-15.8399991989,-7.92619609833,-7.34999990463,5.12797689438,8.11084651947,17.5535564423,2.60955691338,-1.25757348537,97187.6464844,30.5699996948,-373.291595459,False
120.30000000000001,-0.104,0.099,0.083,-0.36284605,0.0980665,6.59987545,-15.8499994278,-7.92619609833,-7.34999990463,5.12797689438,8.11084651947,17.5190200806,2.54679465294,-1.12473201752,97179.284668,30.5699996948,-373.291595459,False
120.4,-0.078,0.089,0.06,-0.53936575,0.1372931,6.61948875,-15.1099996567,-7.92619609833,-7.59999990463,5.12797689438,8.11084651947,17.4003715515,2.32949495316,-0.671528458595,97180.6213379,30.2999992371,-348.645202637,False
120.5,-0.018,0.108,0.034,-0.30400615,-0.06864655,6.1193496,-14.8599996567,-11.5985612869,-7.58999967575,1.89721143246,6.68203830719,17.3092460632,2.17679452896,-0.25173664093,97173.5595703,30.2099990845,-348.645202637,False
120.60000000000001,-0.003,0.102,0.072,-0.4314926,-0.2549729,6.42335575,-14.5199995041,-11.5985612869,-7.5499997139,1.89721143246,6.68203830719,17.2522106171,2.06472277641,-0.0118637662381,97171.6369629,30.1599998474,-326.838684082,False
120.7,-0.066,0.102,0.105,-0.2941995,0.00980665,7.2176944,-14.0,-11.5985612869,-7.48999977112,1.89721143246,6.68203830719,17.1882972717,1.86568260193,0.31091684103,97173.1140137,30.1299991608,-326.838684082,False
120.80000000000001,-0.136,0.076,0.111,-0.3726527,0.12748645,7.85512665,-13.4399995804,-11.5985612869,-7.35999965668,1.89721143246,6.68203830719,17.1344966888,1.66312658787,0.54576253891,97170.3186035,30.1199989319,-307.731262207,False
120.9,-0.092,0.078,0.092,-0.2745862,0.1372931,7.6884136,-12.6799993515,-11.5985612869,-7.21999979019,1.89721143246,6.68203830719,17.1223087311,1.57929992676,0.622632265091,97171.4294434,30.1399993896,-307.731262207,False
121.0,-0.112,0.048,0.079,-0.20593965,0.22555295,8.8455983,-11.75,-14.0738048553,-7.09999990463,-1.16844153404,5.00806951523,17.0939979553,1.34190475941,0.759687662125,97169.9279785,30.1700000763,-293.02557373,False
121.10000000000001,-0.07,0.069,0.068,-0.44129925,0.2157463,8.36507245,-11.7399997711,-14.0738048553,-7.09999990463,-1.16844153404,5.00806951523,17.0733413696,1.11455392838,0.946096658707,97170.5932617,30.1700000763,-293.02557373,False
121.2,0.022,0.057,0.052,-0.196133,0.04903325,8.5513988,-9.8499994278,-14.0738048553,-6.71999979019,-1.16844153404,5.00806951523,17.069814682,0.795077204704,1.12313067913,97172.0214844,30.2799987793,-274.145324707,False
121.30000000000001,0.08,0.066,0.051,-0.16671305,-0.1176798,8.8455983,-9.8499994278,-14.0738048553,-6.73000001907,-1.16844153404,5.00806951523,17.0673294067,0.67264854908,1.20488131046,97171.5454102,30.2799987793,-274.145324707,False
121.4,0.186,0.065,0.083,-0.14709975,1.00881333276e-15,8.237586,-7.90999984741,-13.392282486,-6.35999965668,-3.18921685219,4.29935073853,17.0706577301,0.388783216476,1.37726581097,97172.9431152,30.4200000763,-267.405334473,False
121.5,0.206,0.049,0.075,-0.2941995,-0.14709975,8.3552658,-6.98000001907,-13.392282486,-6.13999986649,-3.18921685219,4.29935073853,17.0815525055,0.209815129638,1.48950278759,97174.2553711,30.5100002289,-267.405334473,False
121.60000000000001,0.409,0.011,0.089,-0.0392266,0.04903325,10.0812362,-6.26999998093,-10.3494997025,-5.90000009537,-4.26959609985,3.5246796608,17.1129665375,0.0598923265934,1.55715179443,97174.5117188,30.609998703,-264.833251953,False
121.7,0.409,0.011,0.089,-0.0392266,0.04903325,10.0812362,-6.26999998093,-10.3494997025,-5.90000009537,-4.26959609985,3.5246796608,17.1129665375,0.0598923265934,1.55715179443,97174.5117188,30.609998703,-264.833251953,False
121.80000000000001,0.072,0.07,0.157,0.0196133,-0.14709975,9.6301303,-5.01999998093,-10.3494997025,-5.53999996185,-4.26959609985,3.5246796608,17.1733207703,-0.159971773624,1.56847000122,97175.1525879,30.8199996948,-262.919036865,False
121.9,0.021,0.038,0.179,0.0392266,0.22555295,9.73800345,-4.5499997139,-10.3494997025,-5.32999992371,-4.26959609985,3.5246796608,17.2149906158,-0.269652426243,1.58777236938,97182.9223633,30.9200000763,-262.919036865,False
122.0,0.087,0.044,0.113,-0.00980665,0.51975245,8.73772515,-3.88999986649,-10.3494997025,-5.13000011444,-4.26959609985,3.5246796608,17.2387142181,-0.397620648146,1.63833653927,97182.9223633,31.0199985504,-262.670532227,False
122.10000000000001,0.087,0.044,0.113,-0.00980665,0.51975245,8.73772515,-3.19999980927,-5.65910387039,-4.82999992371,-6.16164064407,0.189988508821,17.2786693573,-0.548617422581,1.74778687954,97184.4726562,31.1299991608,-262.670532227,False
122.2,-0.087,0.005,0.024,0.0392266,0.3138128,9.36535075,-2.49000000954,-5.65910387039,-4.53999996185,-6.16164064407,0.189988508821,17.3062229156,-0.618563055992,1.80732667446,97186.2609863,31.2600002289,-272.215087891,False
122.30000000000001,-0.208,0.01,-0.049,-0.10787315,0.4707192,10.07142955,-1.68999993801,-5.65910387039,-4.21000003815,-6.16164064407,0.189988508821,17.3816642761,-0.844949960709,1.83292078972,97190.7531738,31.3799991608,-272.215087891,False
122.4,-0.208,0.01,-0.049,-0.10787315,0.4707192,10.07142955,-0.699999988079,-5.65910387039,-3.9399998188,-6.16164064407,0.189988508821,17.4141921997,-0.918544709682,1.81995558739,97190.7531738,31.3799991608,-272.215087891,False
122.5,0.023,-0.016,-0.076,-0.0392266,0.4314926,9.6497436,0.219999998808,-5.65910387039,-3.61999988556,-6.16164064407,0.189988508821,17.5075950623,-1.16137456894,1.91684389114,97189.9658203,31.6599998474,-280.485351562,False
122.60000000000001,0.035,-0.016,-0.107,0.08825985,0.2941995,9.36535075,1.12000000477,-7.89599657059,-3.25,-6.75809526443,1.04829394817,17.5394763947,-1.29190671444,1.95785212517,97202.5390625,31.8099994659,-289.784240723,False
122.7,0.035,-0.016,-0.107,0.08825985,0.2941995,9.36535075,2.09999990463,-7.89599657059,-2.97000002861,-6.75809526443,1.04829394817,17.6299438477,-1.43118059635,1.83023989201,97202.5390625,31.9599990845,-289.784240723,False
122.80000000000001,0.208,-0.047,-0.028,0.10787315,-0.392266,11.2188076,2.91999983788,-7.89599657059,-2.80999994278,-6.75809526443,1.04829394817,17.7084407806,-1.52629375458,1.61936914921,97200.1098633,32.0999984741,-304.648406982,False
122.9,0.26,-0.09,0.054,0.196133,-0.40207265,12.79767825,3.47000002861,-7.89599657059,-2.70000004768,-6.75809526443,1.04829394817,17.800485611,-1.58873987198,1.35369670391,97205.2429199,32.219997406,-304.648406982,False
123.0,0.291,-0.075,0.155,0.2549729,-0.12748645,12.99381125,3.89999985695,-4.57205629349,-2.69000005722,-5.57613801956,2.1369035244,17.8549404144,-1.62842309475,1.1299186945,97204.7302246,32.3199996948,-321.485717773,False
123.10000000000001,0.296,-0.06,0.187,0.196133,-0.02941995,12.0817928,4.26999998093,-4.57205629349,-2.78999996185,-5.57613801956,2.1369035244,17.9321250916,-1.6558175087,0.813951134682,97207.7453613,32.3800010681,-321.485717773,False
123.2,0.296,-0.06,0.187,0.196133,-0.02941995,12.0817928,4.56999969482,-4.57205629349,-2.87999987602,-5.57613801956,2.1369035244,17.9992656708,-1.67320942879,0.573813617229,97207.7453613,32.4099998474,-338.655853271,False
123.30000000000001,-0.136,-0.046,0.108,0.0392266,0.6080123,10.05181625,4.56999969482,-0.349809795618,-2.87999987602,-4.73442268372,-0.600318431854,18.0323810577,-1.71434152126,0.443185299635,97210.723877,32.4199981689,-338.655853271,False
123.4,-0.244,-0.016,0.034,0.02941995,0.73549875,9.4928372,5.33999967575,-0.349809795618,-3.04999995232,-4.73442268372,-0.600318431854,18.0620708466,-1.74687850475,0.415423065424,97207.7453613,32.4099998474,-352.185424805,False
123.5,-0.074,-0.029,-0.037,0.40207265,0.61781895,10.6696352,5.92000007629,-0.349809795618,-3.03999996185,-4.73442268372,-0.600318431854,18.1036243439,-1.82841515541,0.390345454216,97209.387207,32.4199981689,-352.185424805,False
123.60000000000001,-0.074,-0.029,-0.037,0.40207265,0.61781895,10.6696352,5.92000007629,-0.349809795618,-3.03999996185,-4.73442268372,-0.600318431854,18.1241607666,-1.86650145054,0.343863159418,97209.387207,32.4199981689,-352.185424805,False
123.7,0.056,0.014,-0.161,0.196133,0.75511205,11.0422879,6.71999979019,-0.349809795618,-3.15999984741,-4.73442268372,-0.600318431854,18.1733798981,-2.02726602554,0.0927316024899,97210.6628418,32.4199981689,-332.424163818,False
123.80000000000001,0.238,0.029,-0.229,-0.0784532,0.4511059,8.83579165,8.0,-2.37701034546,-3.40999984741,-4.21391105652,-0.975394904613,18.166135788,-2.05682873726,0.209582671523,97212.4816895,32.3699989319,-343.316650391,False
123.9,0.483,-0.013,-0.195,-0.24516625,-0.0196133,8.09048625,8.19999980927,-2.37701034546,-3.32999992371,-4.21391105652,-0.975394904613,18.1539955139,-2.04289889336,0.304831564426,97216.8640137,32.3499984741,-343.316650391,False
124.0,0.556,-0.082,-0.158,-0.0980665,0.14709975,9.4732239,8.19999980927,-2.37701034546,-3.26999998093,-4.21391105652,-0.975394904613,18.140171051,-1.98044812679,0.338863223791,97215.5822754,32.3600006104,-355.229553223,False
124.10000000000001,0.273,-0.063,-0.099,-0.1372931,0.28439285,10.2381426,8.19999980927,-2.37701034546,-3.26999998093,-4.21391105652,-0.975394904613,18.1346321106,-1.91654193401,0.336509585381,97215.6066895,32.3600006104,-355.229553223,False
124.2,0.149,-0.067,-0.1,-0.2549729,0.16671305,10.5127288,7.6299996376,5.71787214279,-3.27999997139,-3.73618125916,2.94737911224,18.0949134827,-1.69502353668,0.179182484746,97216.027832,32.3800010681,-346.590240479,False
124.30000000000001,0.074,-0.064,-0.093,-0.1569064,0.14709975,11.16977435,7.0,5.71787214279,-3.3599998951,-3.73618125916,2.94737911224,18.0653018951,-1.53050231934,0.117126956582,97216.6137695,32.3899993896,-346.590240479,False
124.4,0.134,-0.031,-0.056,-0.14709975,-0.3334261,9.34573745,6.26999998093,5.71787214279,-3.36999988556,-3.73618125916,2.94737911224,18.0335273743,-1.41972839832,0.115249872208,97218.927002,32.3899993896,-351.780700684,False
124.5,-0.148,-0.069,0.048,-0.22555295,0.0980665,9.07115125,5.59999990463,7.44001579285,-3.31999993324,-2.99953818321,4.37162685394,17.9988956451,-1.24988222122,0.234214290977,97216.192627,32.3999977112,-351.780700684,False
124.60000000000001,-0.037,-0.063,0.042,-0.0784532,0.12748645,9.75761675,5.01999998093,7.44001579285,-3.23000001907,-2.99953818321,4.37162685394,17.9511165619,-1.11652863026,0.286671251059,97220.8435059,32.4099998474,-344.043334961,False
124.7,-0.078,-0.051,0.034,-0.0196133,0.588399,10.983448,4.53999996185,7.44001579285,-3.24000000954,-2.99953818321,4.37162685394,17.9124698639,-1.01073288918,0.169308543205,97217.791748,32.4300003052,-344.043334961,False
124.80000000000001,-0.078,-0.051,0.034,-0.0196133,0.588399,10.983448,4.11999988556,7.44001579285,-3.30999994278,-2.99953818321,4.37162685394,17.8803291321,-0.92561095953,0.0816626101732,97217.791748,32.4399986267,-335.328857422,False
124.9,-0.103,-0.043,-0.05,-0.1569064,0.38245935,10.2773692,3.77999997139,7.44001579285,-3.32999992371,-2.99953818321,4.37162685394,17.832447052,-0.841920793056,0.0643145218492,97218.8720703,32.4500007629,-335.328857422,False
125.0,0.082,0.004,-0.109,-0.00980665,-0.0196133,9.24767095,3.49000000954,4.94688987732,-3.34999990463,-2.0237660408,3.99166369438,17.7924404144,-0.751453876495,0.0792318582535,97217.0471191,32.4500007629,-331.686218262,False
125.10000000000001,0.082,0.004,-0.109,-0.00980665,-0.0196133,9.24767095,3.0,4.94688987732,-3.34999990463,-2.0237660408,3.99166369438,17.7686100006,-0.654624819756,0.0372767858207,97217.0471191,32.4500007629,-331.686218262,False
125.2,-0.088,-0.022,0.001,0.06864655,-0.16671305,10.34601575,3.32999992371,4.94688987732,-3.40999984741,-2.0237660408,3.99166369438,17.7169303894,-0.50381231308,-0.00506250886247,97220.3186035,32.4500007629,-321.901123047,False
125.30000000000001,-0.04,-0.009,0.039,0.00980665,-0.1372931,10.4342756,2.77999997139,4.82235336304,-3.51999998093,-2.08324193954,5.21698665619,17.6926364899,-0.406404405832,-0.131425231695,97222.7966309,32.4399986267,-322.901062012,False
125.4,-0.125,-0.002,0.053,-0.04903325,0.1765197,10.01258965,2.28999996185,4.82235336304,-3.62999987602,-2.08324193954,5.21698665619,17.6484127045,-0.305546611547,-0.217493742704,97220.0500488,32.4199981689,-317.983520508,False
125.5,-0.125,-0.002,0.053,-0.04903325,0.1765197,10.01258965,2.5,4.82235336304,-3.74000000954,-2.08324193954,5.21698665619,17.5926208496,-0.245264306664,-0.256277799606,97220.0500488,32.3999977112,-317.983520508,False
125.60000000000001,0.019,-0.022,2.6942229581200003e-18,-0.16671305,0.22555295,9.6693569,2.32999992371,4.82235336304,-3.81999993324,-2.08324193954,5.21698665619,17.539730072,-0.180385679007,-0.255796939135,97223.7976074,32.3699989319,-306.060516357,False
125.7,0.019,-0.022,2.6942229581200003e-18,-0.16671305,0.22555295,9.6693569,5.46999979019,2.61895656586,-3.88999986649,-1.77426612377,4.37090921402,17.4872760773,-0.152448281646,-0.105805881321,97223.7976074,32.3400001526,-306.060516357,False
125.80000000000001,-0.061,-0.067,-0.069,-0.0588399,0.1176798,10.9442214,5.59999990463,2.61895656586,-3.84999990463,-1.77426612377,4.37090921402,17.4492702484,-0.142603397369,-0.145729094744,97218.8354492,32.3199996948,-299.105651855,False
125.9,-0.141,-0.047,-0.012,-0.04903325,0.53936575,13.533177,5.73999977112,2.61895656586,-3.95999979973,-1.77426612377,4.37090921402,17.4258480072,-0.160997077823,-0.301586419344,97218.9147949,32.3099975586,-299.105651855,False
126.0,0.248,0.023,-0.099,-0.18632635,0.5295591,12.09159945,8.6799993515,2.61895656586,-4.27999973297,-1.77426612377,4.37090921402,17.4145298004,-0.198292642832,-0.619330108166,97217.3095703,32.2700004578,-293.741027832,False
126.10000000000001,0.248,0.023,-0.099,-0.18632635,0.5295591,12.09159945,8.6799993515,2.61895656586,-4.27999973297,-1.77426612377,4.37090921402,17.3804912567,-0.205843582749,-0.671273291111,97217.3095703,32.2700004578,-293.741027832,False
126.2,0.534,0.007,-0.152,-0.4511059,0.06864655,8.4141057,13.8199996948,3.18423342705,-4.73000001907,-2.05673408508,6.27495241165,17.318315506,-0.155294090509,-0.561536669731,97213.8366699,32.1300010681,-284.961303711,False
126.30000000000001,0.534,0.007,-0.152,-0.4511059,0.06864655,8.4141057,13.9499998093,3.18423342705,-4.78999996185,-2.05673408508,6.27495241165,17.2416439056,-0.00886576808989,-0.345821708441,97213.8366699,32.0699996948,-284.961303711,False
126.4,0.233,-0.005,0.021,-0.1569064,-0.77472535,7.77667345,16.859998703,3.18423342705,-4.76999998093,-2.05673408508,6.27495241165,17.2027950287,0.153484985232,-0.324404805899,97213.1713867,32.0200004578,-284.079925537,False
126.5,0.233,-0.005,0.021,-0.1569064,-0.77472535,7.77667345,16.609998703,3.18423342705,-4.69000005722,-2.05673408508,6.27495241165,17.1642417908,0.254971444607,-0.106123134494,97213.1713867,31.9899997711,-284.079925537,False
126.60000000000001,0.422,0.044,0.069,-0.0784532,0.16671305,6.9627215,16.609998703,3.18423342705,-4.67999982834,-2.05673408508,6.27495241165,17.1061725616,0.434239566326,0.128380969167,97217.4560547,31.9899997711,-284.079925537,False
126.7,-0.051,-0.018,0.082,-0.196133,0.4118793,8.34545915,22.4499988556,13.9254627228,-4.32999992371,-2.47244572639,6.74439477921,17.060213089,0.62210893631,0.41407302022,97213.9648438,32.0099983215,-270.662689209,False
126.80000000000001,0.089,-0.018,0.002,-0.0196133,0.24516625,10.395049,22.4499988556,13.9254627228,-4.32999992371,-2.47244572639,6.74439477921,17.0175476074,0.822398602962,0.425479918718,97214.2700195,32.0099983215,-270.662689209,False
126.9,0.422,-0.021,-0.019,-0.55897905,-0.2353596,9.93413645,21.9699993134,13.9254627228,-3.90999984741,-2.47244572639,6.74439477921,16.9337310791,1.16270256042,0.629500210285,97209.6130371,32.1199989319,-264.403717041,False
127.0,0.426,-0.012,0.072,-0.2549729,-0.4118793,7.09020795,22.8899993896,13.9254627228,-3.57999992371,-2.47244572639,6.74439477921,16.8752784729,1.45831394196,0.91065955162,97216.3024902,32.2000007629,-258.276733398,False
127.10000000000001,0.0,-0.006,0.119,-0.0392266,-0.06864655,6.67832865,22.4300003052,20.4632148743,-3.08999991417,-3.05312275887,6.65511703491,16.825920105,1.73022007942,1.24070692062,97219.4091797,32.2999992371,-259.276672363,False
127.2,-0.288,-0.053,0.132,0.10787315,-0.26477955,4.83467845,27.7399997711,20.4632148743,-2.54999995232,-3.05312275887,6.65511703491,16.7986717224,1.97138917446,1.6735137701,97217.7429199,32.4300003052,-246.27885437,False
127.30000000000001,-0.288,-0.053,0.132,0.10787315,-0.26477955,4.83467845,27.6599998474,20.4632148743,-1.91999995708,-3.05312275887,6.65511703491,16.7815551758,2.290402174,1.85476207733,97217.7429199,32.6100006104,-245.278930664,False
127.4,0.311,-0.156,0.1,0.5687857,-0.00980665,12.58193195,27.1700000763,20.4632148743,-1.45999991894,-3.05312275887,6.65511703491,16.7757740021,2.64705038071,1.72899532318,97218.6218262,32.8099975586,-235.615539551,False
127.5,-0.067,-0.064,0.122,0.57859235,0.79433865,10.2381426,27.8899993896,20.1791038513,-1.15999996662,-1.10518443584,5.3112154007,16.7669563293,3.06562829018,1.58633959293,97220.2819824,32.9899978638,-235.615539551,False
127.60000000000001,-0.632,0.007,0.126,1.0983448,3.1185147,18.15210915,27.4599990845,20.1791038513,-0.909999966621,-1.10518443584,5.3112154007,16.7543048859,3.49939894676,1.10408830643,97222.1435547,33.1499977112,-242.821502686,False
127.7,-0.392,0.304,-0.329,1.0591182,2.91257505,12.8663248,32.6800003052,20.1791038513,-1.26999998093,-1.10518443584,5.3112154007,16.7911510468,3.69296908379,0.364261806011,97230.2001953,33.2599983215,-242.821502686,False
127.80000000000001,0.006,0.412,-0.692,0.4511059,1.89268345,6.63910205,33.4300003052,20.1791038513,-1.44999992847,-1.10518443584,5.3112154007,16.8545036316,3.73404216766,0.430963695049,97226.1779785,33.2900009155,-247.105407715,False
127.9,0.006,0.412,-0.692,0.4511059,1.89268345,6.63910205,37.3999977112,20.1791038513,-1.12000000477,-1.10518443584,5.3112154007,16.8775138855,3.86011385918,0.6870418787,97226.1779785,33.3199996948,-247.105407715,False
128.0,1.001,0.024,-0.71,0.0784532,-1.65732385,7.5511205,37.3800010681,17.589635849,-0.810000002384,-6.92424488068,11.9297885895,16.8506145477,4.25248289108,0.901055216789,97231.3598633,33.3600006104,-264.14050293,False
128.1,0.848,-0.062,-0.238,0.1765197,-1.8632635,8.20816605,38.9399986267,17.589635849,-0.329999983311,-6.92424488068,11.9297885895,16.7963047028,4.6660528183,1.17361783981,97232.4951172,33.4300003052,-264.14050293,False
128.20000000000002,0.561,-0.146,0.096,0.2549729,-1.1964113,9.7281968,38.3999977112,17.589635849,0.299999982119,-6.92424488068,11.9297885895,16.6570568085,5.54724168777,1.51345920563,97233.5266113,33.5599975586,-260.885803223,False
128.3,0.561,-0.146,0.096,0.2549729,-1.1964113,9.7281968,37.8299980164,32.0323371887,0.799999952316,-8.18787670135,18.3511962891,16.5682182312,6.2523932457,1.59623098373,97233.5266113,33.7099990845,-260.885803223,False
128.4,-0.064,-0.304,0.371,0.7060788,-0.4314926,11.7287534,38.2999992371,32.0323371887,1.28999996185,-8.18787670135,18.3511962891,16.4991550446,6.81062889099,1.63189578056,97236.6088867,33.8899993896,-267.624084473,False
128.5,-0.063,-0.406,0.367,1.48080415,1.1571847,15.36702055,37.7700004578,32.0323371887,1.69999992847,-8.18787670135,18.3511962891,16.4267883301,7.50081586838,1.45322370529,97239.3310547,34.0699996948,-267.624084473,False
128.6,-0.063,-0.406,0.367,1.48080415,1.1571847,15.36702055,41.3600006104,32.0323371887,1.83999991417,-8.18787670135,18.3511962891,16.3565406799,8.12905216217,1.08510887623,97239.3310547,34.219997406,-291.405090332,False
128.70000000000002,0.082,-0.141,-0.07,1.53964405,1.7848103,13.50375705,41.0999984741,33.2775039673,1.89999997616,-0.0288658738136,16.6808414459,16.292263031,8.74267864227,0.790772795677,97240.1794434,34.3400001526,-291.405090332,False
128.8,-0.035,-0.093,-0.243,1.20621795,1.9024901,12.160246,41.0999984741,33.2775039673,1.90999996662,-0.0288658738136,16.6808414459,16.2088718414,9.2923784256,0.639471650124,97251.0864258,34.4099998474,-320.29800415,False
128.9,0.328,-0.016,-0.484,1.14737805,1.7259704,9.85568325,43.9399986267,33.2775039673,2.33999991417,-0.0288658738136,16.6808414459,16.1899909973,9.47483921051,0.685489296913,97244.1833496,34.4899978638,-320.29800415,False
129.0,0.283,-0.118,-0.762,0.63743225,0.93163175,10.0223963,44.0200004578,33.2775039673,2.65999984741,-0.0288658738136,16.6808414459,16.0315170288,10.2601509094,0.854377925396,97250.4760742,34.5599975586,-355.172637939,False
129.1,0.463,-0.241,-0.753,0.40207265,-0.0588399,11.60126695,44.6199989319,33.2775039673,3.08999991417,-0.0288658738136,16.6808414459,15.8326349258,10.8988990784,0.990366101265,97250.4760742,34.6499977112,-355.172637939,False
129.20000000000002,0.383,-0.313,-0.588,0.32361945,-0.36284605,10.5323421,44.4799995422,39.0805473328,3.5,-6.87475395203,29.1448783875,15.5217475891,11.6459369659,1.09533619881,97248.2849121,34.7700004578,-374.444763184,False
129.3,0.383,-0.313,-0.588,0.32361945,-0.36284605,10.5323421,44.1699981689,39.0805473328,4.0499997139,-6.87475395203,29.1448783875,15.3979721069,11.9124956131,1.1869263649,97248.2849121,34.8899993896,-374.444763184,False
129.4,0.504,-0.472,-0.361,0.8237586,-0.3334261,15.3179873,44.5499992371,39.0805473328,4.40999984741,-6.87475395203,29.1448783875,14.4570055008,13.7277202606,1.13740360737,97267.2302246,35.0299987793,-395.253173828,False
129.5,0.221,-0.488,-0.106,0.97085835,-0.10787315,14.17060925,44.6299972534,39.0805473328,4.76999998093,-6.87475395203,29.1448783875,14.1285133362,14.2740468979,1.09662938118,97268.4875488,35.1599998474,-395.253173828,False
129.6,-0.068,-0.565,-0.061,1.3533177,1.0002783,17.3577705,44.7399978638,47.3948860168,5.13000011444,-5.30579566956,43.6128005981,13.4755487442,15.2616205215,0.98930567503,97270.0134277,35.2999992371,-354.661193848,False
129.70000000000002,-0.236,-0.539,-0.122,1.5886773,0.784532,18.42669535,43.3699989319,47.3948860168,5.30999994278,-5.30579566956,43.6128005981,12.5339126587,16.5139484406,0.686771690845,97270.0134277,35.4399986267,-354.661193848,False
129.8,0.19,-0.552,-0.192,2.0397832,0.7060788,21.21178395,43.3999977112,47.3948860168,5.2999997139,-5.30579566956,43.6128005981,11.7608661652,17.4031429291,0.302950382233,97283.1848145,35.5400009155,-388.624389648,False
129.9,-0.074,-0.486,-0.192,1.40235095,0.1176798,17.05376435,40.7000007629,47.3948860168,5.15999984741,-5.30579566956,43.6128005981,10.3183221817,18.814409256,-0.263026684523,97283.1848145,35.5999984741,-388.624389648,False
130.0,0.113,-0.414,-0.193,1.2552512,1.2748645,13.93524965,39.4599990845,46.150718689,5.17000007629,0.641803741455,55.3834495544,9.65795612335,19.355047226,-0.312496304512,97278.692627,35.6100006104,-426.092895508,False
130.1,0.34,-0.377,-0.308,1.02969825,1.5298374,17.063571,37.6399993896,46.150718689,5.28999996185,0.641803741455,55.3834495544,8.76602458954,19.9894599915,-0.502766788006,97278.692627,35.6300010681,-426.092895508,False
130.20000000000002,0.715,-0.542,-0.341,1.87307015,1.2748645,21.182364,34.6899986267,46.150718689,5.30999994278,0.641803741455,55.3834495544,7.3026714325,20.8926315308,-0.906282663345,97279.1564941,35.6199989319,-466.694824219,False
130.3,0.715,-0.542,-0.341,1.87307015,1.2748645,21.182364,31.359998703,46.150718689,5.08999967575,0.641803741455,55.3834495544,6.70166635513,21.2490272522,-1.07020890713,97279.1564941,35.5799980164,-466.694824219,False
130.4,0.342,-0.395,-0.352,1.8240369,0.51975245,16.46536535,31.359998703,54.4989471436,5.13000011444,1.17876505852,66.0231323242,5.55902385712,21.8873252869,-1.11624884605,97283.2458496,35.5799980164,-466.694824219,False
130.5,0.175,-0.453,-0.347,2.3928226,0.5099458,17.3185439,27.4699993134,54.4989471436,5.03999996185,1.17876505852,66.0231323242,4.25396203995,22.5906925201,-1.14844679832,97284.8876953,35.5200004578,-504.706390381,False
130.6,-0.429,-0.49,-0.056,2.79489525,0.00980665,17.848103,16.7199993134,54.4989471436,4.69000005722,1.17876505852,66.0231323242,2.38653540611,23.4890480042,-1.18317449093,97277.7160645,35.3999977112,-537.50402832,False
130.70000000000002,-0.429,-0.49,-0.056,2.79489525,0.00980665,17.848103,10.75,52.5105476379,4.46000003815,2.27249407768,74.6909637451,1.22701120377,23.9457912445,-1.24916327,97291.1621094,35.3400001526,-537.50402832,False
130.8,-0.352,-0.454,-0.005,2.7262487,1.10815145,15.8279331,5.07999992371,52.5105476379,4.19999980927,2.27249407768,74.6909637451,0.278587281704,24.249671936,-1.41129124165,97280.847168,35.2700004578,-601.353271484,False
130.9,-0.836,-0.272,-0.121,1.8632635,1.52003075,15.68083335,5.06999969482,52.5105476379,4.11999988556,2.27249407768,74.6909637451,-0.411751568317,24.4332637787,-1.53779613972,97281.0241699,35.2700004578,-601.353271484,False
131.0,-1.017,-0.234,-0.185,1.6082906,1.26505785,15.13166095,-0.889999985695,52.5105476379,3.65999984741,2.27249407768,74.6909637451,-1.58658897877,24.6580963135,-1.84755194187,97281.0241699,35.0699996948,-661.355224609,False
131.1,-1.013,-0.168,-0.212,1.1179581,1.7259704,14.1411893,-10.3800001144,39.0581817627,2.74000000954,5.77713871002,81.5440750122,-2.52364659309,24.7121715546,-2.11533999443,97272.1008301,34.9399986267,-661.355224609,False
131.20000000000002,-1.329,0.01,-0.33,0.69627215,1.5102241,10.83634825,-13.2699995041,39.0581817627,2.21000003815,5.77713871002,81.5440750122,-2.78483629227,24.7233924866,-2.07733988762,97267.8710938,34.7900009155,-701.239013672,False
131.3,-1.264,-0.015,-0.386,0.4903325,0.3138128,9.4928372,-15.5699996948,39.0581817627,1.87999999523,5.77713871002,81.5440750122,-3.14951729774,24.6850509644,-2.00676393509,97263.5681152,34.6300010681,-701.239013672,False
131.4,-0.834,-0.105,-0.318,0.08825985,-0.30400615,11.1991943,-17.7999992371,14.7631349564,1.40999996662,3.84164404869,88.8006210327,-3.62114286423,24.5563049316,-2.16608953476,97246.3623047,34.4599990845,-742.276184082,False
131.5,-0.705,-0.128,-0.149,0.04903325,0.02941995,11.5914603,-19.5100002289,14.7631349564,0.829999983311,3.84164404869,88.8006210327,-3.81455492973,24.4657707214,-2.3062505722,97236.8652344,34.2700004578,-742.276184082,False
131.6,-0.662,-0.128,-0.084,-0.1569064,-0.34323275,12.5917386,-21.0799999237,14.7631349564,0.0999999940395,3.84164404869,88.8006210327,-4.03314208984,24.2812957764,-2.59576201439,97247.6989746,34.0400009155,-729.327941895,False
131.70000000000002,-0.635,-0.104,0.113,-0.1372931,0.0392266,11.16977435,-22.2199993134,14.7631349564,-0.629999995232,3.84164404869,88.8006210327,-4.1405506134,24.125289917,-2.73456001282,97236.2243652,33.7700004578,-729.327941895,False
131.8,-0.635,-0.104,0.113,-0.1372931,0.0392266,11.16977435,-22.859998703,2.81419253349,-1.42999994755,5.40324163437,90.2258834839,-4.12094736099,23.9378490448,-2.89248418808,97233.9172363,33.4899978638,-709.104125977,False
131.9,-0.684,-0.07,0.091,-0.2941995,0.71588545,13.75872995,-22.9499988556,2.81419253349,-2.29999995232,5.40324163437,90.2258834839,-4.00926828384,23.7609329224,-3.09626245499,97227.5939941,33.1800003052,-709.104125977,False
132.0,-0.584,-0.049,-0.018,-0.40207265,0.53936575,11.8464332,-22.3899993896,2.81419253349,-3.34999990463,5.40324163437,90.2258834839,-3.74758911133,23.5213127136,-3.4201567173,97224.8779297,32.8499984741,-673.147949219,False
132.1,-0.584,-0.049,-0.018,-0.40207265,0.53936575,11.8464332,-21.609998703,2.81419253349,-4.34999990463,5.40324163437,90.2258834839,-3.48759675026,23.3149299622,-3.6002664566,97224.8779297,32.4799995422,-673.147949219,False
132.20000000000002,-0.266,0.023,-0.068,-0.55897905,0.1765197,8.95347145,-20.8899993896,-11.8619651794,-5.27999973297,6.41727924347,88.9700088501,-3.216401577,23.1115703583,-3.5475757122,97210.8642578,32.0999984741,-624.956726074,False
132.3,-0.15,-0.012,-0.042,-0.6668522,-0.0392266,10.395049,-20.1199989319,-11.8619651794,-6.10999965668,6.41727924347,88.9700088501,-2.96451973915,22.9228153229,-3.44795060158,97210.8642578,31.7199993134,-624.956726074,False
132.4,-0.053,-0.006,0.005,-0.588399,-0.3726527,11.32668075,-19.1599998474,-11.8619651794,-6.98999977112,6.41727924347,88.9700088501,-2.61413645744,22.6720256805,-3.4563703537,97207.800293,31.359998703,-580.001647949,False
132.5,-0.165,-0.023,0.116,-0.63743225,0.00980665,13.95486295,-18.0699996948,-11.8619651794,-7.98999977112,6.41727924347,88.9700088501,-2.34481310844,22.4895629883,-3.6133878231,97202.1179199,30.9799995422,-580.001647949,False
132.6,-0.165,-0.023,0.116,-0.63743225,0.00980665,13.95486295,-16.4899997711,-15.7532453537,-9.14999961853,6.12519979477,90.0568008423,-1.949254632,22.2442340851,-3.85707044601,97202.1606445,30.5900001526,-541.399597168,False
132.70000000000002,-0.156,0.044,0.175,-0.53936575,-0.02941995,9.71839015,-15.029999733,-15.7532453537,-10.2299995422,6.12519979477,90.0568008423,-1.61701452732,22.0338516235,-3.90506315231,97196.9299316,30.1899986267,-541.399597168,False
132.8,-0.01,0.071,0.146,-0.9218251,0.4118793,7.6884136,-13.6099996567,-15.7532453537,-11.2100000381,6.12519979477,90.0568008423,-1.26606750488,21.8254051208,-3.86167860031,97184.1369629,29.7699985504,-490.239532471,False
132.9,0.058,0.097,0.082,-0.93163175,0.196133,7.09020795,-12.25,-18.7646923065,-12.0500001907,3.97940945625,87.796005249,-0.926288306713,21.5991668701,-3.51172375679,97174.3408203,29.3699989319,-490.239532471,False
133.0,0.116,0.093,0.052,-0.99047165,-0.0196133,6.46258235,-11.1199998856,-18.7646923065,-12.779999733,3.97940945625,87.796005249,-0.745162844658,21.4543838501,-3.28659176826,97174.2248535,29.0100002289,-447.514526367,False
133.1,0.116,0.093,0.052,-0.99047165,-0.0196133,6.46258235,-10.3800001144,-18.7646923065,-13.3400001526,3.97940945625,87.796005249,-0.558973968029,21.2736167908,-2.63634324074,97174.2248535,28.6700000763,-447.514526367,False
133.20000000000002,0.327,0.101,0.049,-0.9610517,-0.1765197,3.92266,-9.88999938965,-18.7646923065,-13.6300001144,3.97940945625,87.796005249,-0.473620802164,21.1221313477,-1.99682116508,97169.7143555,28.3899993896,-410.744293213,False
133.3,0.295,0.126,0.078,-0.8825985,-0.392266,3.0596748,-9.61999988556,-15.010720253,-13.779999733,1.23001050949,87.6641921997,-0.427420318127,20.9821033478,-1.36290240288,97165.7226562,28.1800003052,-410.744293213,False
133.4,0.397,0.099,0.167,-0.980665,-0.28439285,7.1980811,-9.52999973297,-15.010720253,-13.7999992371,1.23001050949,87.6641921997,-0.362208306789,20.8299694061,-0.903876900673,97156.5673828,28.0399990082,-386.620513916,False
133.5,0.397,0.099,0.167,-0.980665,-0.28439285,7.1980811,-9.09000015259,-15.010720253,-13.9099998474,1.23001050949,87.6641921997,-0.275533527136,20.6819095612,-0.642258584499,97156.5673828,27.9499988556,-386.620513916,False
133.6,0.265,0.123,0.212,-1.02969825,-0.4314926,7.14904785,-8.76000022888,-15.010720253,-13.9600000381,1.23001050949,87.6641921997,-0.210244640708,20.5656089783,-0.433141708374,97156.1218262,27.8899993896,-361.932556152,False
133.70000000000002,0.055,0.122,0.271,-1.0787315,0.0784532,6.99214145,-8.34000015259,-9.31570911407,-13.9399995804,-2.06346750259,84.6786575317,-0.126857191324,20.4617729187,-0.192424729466,97155.7373047,27.8499984741,-361.932556152,False
133.8,-0.152,0.109,0.217,-0.9610517,0.34323275,7.256921,-7.67999982834,-9.31570911407,-13.8699998856,-2.06346750259,84.6786575317,0.102197304368,20.2617378235,0.213550895452,97151.2695312,27.8400001526,-331.06060791,False
133.9,-0.256,0.131,0.153,-0.97085835,0.2745862,7.3942141,-6.7999997139,-9.31570911407,-13.779999733,-2.06346750259,84.6786575317,0.248771965504,20.1734333038,0.409078091383,97153.2348633,27.8400001526,-331.06060791,False
134.0,-0.176,0.151,0.093,-0.9218251,0.53936575,7.36479415,-5.82999992371,-9.31570911407,-13.6099996567,-2.06346750259,84.6786575317,0.437473893166,20.068145752,0.698482632637,97152.7526855,27.8699989319,-309.334564209,False
134.1,-0.052,0.139,-0.091,-1.01008495,-0.44129925,6.4331624,-4.80999994278,-12.4169616699,-13.3599996567,-5.79291248322,81.8469314575,0.60311716795,19.9797878265,1.00939595699,97148.6328125,27.9300003052,-309.334564209,False
134.20000000000002,0.129,0.119,-0.046,-0.980665,-0.2353596,5.9232166,-4.11000013351,-12.4169616699,-13.0399999619,-5.79291248322,81.8469314575,0.715898454189,19.896024704,1.34925544262,97151.7272949,28.0100002289,-287.795074463,False
134.3,0.129,0.119,-0.046,-0.980665,-0.2353596,5.9232166,-4.11000013351,-12.4169616699,-13.0399999619,-5.79291248322,81.8469314575,0.802870094776,19.8585968018,1.52978599072,97151.7272949,28.0100002289,-287.795074463,False
134.4,0.072,0.079,0.009,-1.01008495,-0.196133,7.7276402,-3.39999985695,-12.4169616699,-12.6499996185,-5.79291248322,81.8469314575,0.934971153736,19.8036575317,1.76910293102,97155.9143066,28.1199989319,-287.795074463,False
134.5,0.308,0.077,0.086,-0.87279185,0.06864655,7.5707338,-1.81999993324,-12.4722328186,-11.8699998856,-8.28960800171,83.1785964966,1.12499547005,19.7537117004,2.07450413704,97159.4177246,28.4200000763,-276.152038574,False
134.6,0.286,0.067,0.113,-0.9022118,-0.26477955,7.1392412,-1.09000003338,-12.4722328186,-11.4099998474,-8.28960800171,83.1785964966,1.22656953335,19.7182846069,2.3495118618,97161.1022949,28.5999984741,-264.30682373,False
134.70000000000002,0.331,0.02,0.157,-0.9414384,-0.1569064,7.7080269,-0.5,-7.76206445694,-10.8899993896,-10.1391630173,81.9077224731,1.29662370682,19.7078018188,2.51251029968,97161.9750977,28.7999992371,-264.30682373,False
134.8,0.162,0.009,0.154,-0.97085835,0.4511059,9.3751574,0.0299999993294,-7.76206445694,-10.3400001526,-10.1391630173,81.9077224731,1.40493476391,19.6949386597,2.6677377224,97161.9750977,29.0299987793,-260.074432373,False
134.9,-0.043,-0.002,0.113,-0.97085835,-0.1765197,9.12999115,0.689999997616,-7.76206445694,-9.8499994278,-10.1391630173,81.9077224731,1.47850954533,19.7034397125,2.69988489151,97169.5617676,29.2699985504,-260.074432373,False
135.0,-0.043,-0.002,0.113,-0.97085835,-0.1765197,9.12999115,1.25999999046,-7.76206445694,-9.34000015259,-10.1391630173,81.9077224731,1.58134305477,19.7217235565,2.7385032177,97169.5617676,29.5100002289,-259.996612549,False
135.1,-0.14,-0.03,0.093,-0.79433865,0.34323275,9.63993695,1.97999989986,-7.76206445694,-8.85999965668,-10.1391630173,81.9077224731,1.63233757019,19.7351913452,2.71115779877,97176.1474609,29.75,-259.996612549,False
135.20000000000002,-0.233,-0.033,0.091,-1.01008495,0.22555295,9.4536106,1.97999989986,-7.76206445694,-8.85999965668,-10.1391630173,81.9077224731,1.73813164234,19.7450332642,2.78161096573,97177.947998,30.0,-268.557922363,False
135.3,-0.105,-0.008,0.049,-0.91201845,1.01001430101e-15,8.24739265,3.53999996185,-6.89269399643,-7.71000003815,-10.7145662308,78.613822937,1.84716141224,19.7510566711,2.89896512032,97179.6081543,30.25,-268.557922363,False
135.4,0.124,-0.028,0.031,-0.8041453,-0.24516625,8.07087295,4.13000011444,-6.89269399643,-7.02999973297,-10.7145662308,78.613822937,1.93880426884,19.7524013519,3.25830721855,97185.1257324,30.5199985504,-270.845397949,False
135.5,0.171,-0.008,0.044,-0.69627215,-0.1765197,6.3939358,4.5499997139,-6.89269399643,-6.19000005722,-10.7145662308,78.613822937,1.97225105762,19.758928299,3.41314721107,97189.1723633,30.8199996948,-270.845397949,False
135.6,0.533,-0.098,0.068,-0.5687857,-0.00980665,9.71839015,5.10999965668,-3.5881550312,-5.40999984741,-10.3435907364,77.2321014404,2.03171491623,19.7974662781,3.50994515419,97195.4345703,31.1399993896,-277.003479004,False
135.70000000000002,0.533,-0.098,0.068,-0.5687857,-0.00980665,9.71839015,5.10999965668,-3.5881550312,-5.40999984741,-10.3435907364,77.2321014404,2.04635930061,19.8317184448,3.48605775833,97195.4345703,31.1399993896,-277.003479004,False
135.8,0.429,-0.1,0.101,-0.42168595,0.392266,10.1400761,5.75999975204,-3.5881550312,-3.90999984741,-10.3435907364,77.2321014404,2.02514505386,19.9125709534,3.55009412766,97203.717041,31.7999992371,-277.07901001,False
135.9,0.429,-0.1,0.101,-0.42168595,0.392266,10.1400761,5.75999975204,-3.5881550312,-3.90999984741,-10.3435907364,77.2321014404,2.00722432137,19.9691429138,3.53011322021,97203.717041,31.7999992371,-277.07901001,False
136.0,0.252,-0.103,0.057,-0.3138128,0.6276256,11.36590735,5.88999986649,5.84766864777,-3.12999987602,-8.62602043152,75.6775436401,1.96257412434,20.0666313171,3.33307409286,97209.197998,32.1399993896,-277.07901001,False
136.1,0.186,-0.107,-0.062,0.00980665,0.73549875,12.18966595,5.80999994278,5.84766864777,-1.97999989986,-8.62602043152,75.6775436401,1.87485349178,20.2399311066,2.96410512924,97208.013916,32.7700004578,-292.607879639,False
136.20000000000002,0.261,-0.082,-0.162,0.28439285,0.51975245,12.77806495,5.52999973297,5.84766864777,-1.56999993324,-8.62602043152,75.6775436401,1.74924778938,20.4029903412,2.56964278221,97220.526123,33.0400009155,-301.14956665,False
136.3,0.261,-0.082,-0.162,0.28439285,0.51975245,12.77806495,5.52999973297,5.84766864777,-1.56999993324,-8.62602043152,75.6775436401,1.6839953661,20.4726543427,2.40353512764,97220.526123,33.0400009155,-301.14956665,False
136.4,-0.106,-0.089,-0.162,-0.12748645,0.36284605,12.36618565,4.33999967575,9.50279808044,-0.879999995232,-7.15652036667,78.7210235596,1.46402800083,20.6522483826,2.17393398285,97228.9489746,33.4799995422,-327.130493164,False
136.5,-0.106,-0.089,-0.162,-0.12748645,0.36284605,12.36618565,4.34999990463,9.50279808044,-0.879999995232,-7.15652036667,78.7210235596,1.31306195259,20.7624397278,1.97256982327,97228.9489746,33.4799995422,-327.130493164,False
136.6,-0.232,-0.079,-0.151,0.04903325,0.32361945,11.24822755,2.97000002861,9.50279808044,-0.209999993443,-7.15652036667,78.7210235596,1.12915575504,20.8807373047,1.82394635677,97234.0454102,33.8400001526,-353.262329102,False
136.70000000000002,-0.128,-0.113,-0.136,-0.0196133,1.44356384045e-15,11.7875933,2.28999996185,9.50279808044,0.070000000298,-7.15652036667,78.7210235596,1.02388870716,20.963804245,1.68538892269,97238.5131836,34.0099983215,-353.262329102,False
136.8,-0.128,-0.113,-0.136,-0.0196133,1.44356384045e-15,11.7875933,1.63999998569,9.50279808044,0.379999995232,-7.15652036667,78.7210235596,0.863747477531,21.0517940521,1.55150830746,97238.5131836,34.1699981689,-372.309112549,False
136.9,-0.002,-0.093,-0.095,0.1765197,-0.00980665,10.64021525,1.63999998569,6.41447257996,0.379999995232,-5.56687402725,82.7435302734,0.74149119854,21.1143360138,1.43384420872,97244.0551758,34.1699981689,-372.309112549,False
137.0,-0.13,-0.133,0.016,0.0392266,0.22555295,12.52309205,0.159999996424,6.41447257996,0.870000004768,-5.56687402725,82.7435302734,0.542872965336,21.2271881104,1.09993577003,97241.6992188,34.4399986267,-383.545501709,False
137.1,-0.187,-0.11,-0.002,0.02941995,0.4903325,12.38579895,-0.25,6.41447257996,0.989999949932,-5.56687402725,82.7435302734,0.489212244749,21.2767391205,0.841728806496,97247.3205566,34.5599975586,-383.545501709,False
137.20000000000002,-0.187,-0.11,-0.002,0.02941995,0.4903325,12.38579895,-0.689999997616,6.41447257996,1.02999997139,-5.56687402725,82.7435302734,0.412970751524,21.2978916168,0.572874426842,97247.3205566,34.6399993896,-398.494903564,False
137.3,-0.082,-0.105,-0.041,0.0392266,0.46091255,11.60126695,-1.04999995232,2.67013478279,1.07999992371,-2.91803479195,83.694984436,0.385730773211,21.3129482269,0.500828206539,97250.1403809,34.7000007629,-398.494903564,False
137.4,-0.11,-0.126,-0.029,0.04903325,0.50013915,12.50347875,-1.33999991417,2.67013478279,0.989999949932,-2.91803479195,83.694984436,0.329103022814,21.3103141785,0.050653744489,97249.4140625,34.7399978638,-405.305664062,False
137.5,-0.11,-0.126,-0.029,0.04903325,0.50013915,12.50347875,-1.33999991417,2.67013478279,0.989999949932,-2.91803479195,83.694984436,0.299983501434,21.3023548126,-0.207863092422,97249.4140625,34.7399978638,-405.305664062,False
137.6,-0.176,-0.134,-0.036,0.06864655,-0.10787315,12.7878716,-1.67999994755,-0.0210053399205,0.599999964237,-0.625210344791,84.5392150879,0.29494124651,21.2583274841,-0.546586334705,97250.5859375,34.7099990845,-404.676055908,False
137.70000000000002,0.269,-0.113,-0.035,0.26477955,0.34323275,11.8464332,-1.69999992847,-0.0210053399205,0.280000001192,-0.625210344791,84.5392150879,0.307052999735,21.2178630829,-0.865033209324,97250.3173828,34.6499977112,-404.676055908,False
137.8,0.269,-0.113,-0.035,0.26477955,0.34323275,11.8464332,-1.7199999094,-0.0210053399205,-0.070000000298,-0.625210344791,84.5392150879,0.294579416513,21.1704940796,-1.06804311275,97250.3173828,34.5699996948,-396.271331787,False
137.9,0.159,-0.089,-0.083,0.24516625,0.2745862,12.3759923,-1.7199999094,-0.0210053399205,-0.070000000298,-0.625210344791,84.5392150879,0.26576924324,21.1303901672,-1.2871516943,97244.7875977,34.5699996948,-396.271331787,False
138.0,0.009,-0.038,-0.07,0.0,0.5295591,10.3362091,-2.18000006676,2.62096738815,-0.969999969006,0.909308552742,85.4821548462,0.180123329163,21.0500526428,-1.5764901638,97246.7163086,34.3099975586,-389.218322754,False
138.1,0.009,-0.038,-0.07,0.0,0.5295591,10.3362091,-2.18000006676,2.62096738815,-0.969999969006,0.909308552742,85.4821548462,0.158781304955,21.0098876953,-1.58288633823,97246.7163086,34.3099975586,-389.218322754,False
138.20000000000002,-0.234,-0.033,-0.076,0.1569064,-0.22555295,9.34573745,-2.95000004768,2.62096738815,-1.67999994755,0.909308552742,85.4821548462,0.0686028823256,20.910654068,-1.4908080101,97242.9199219,33.9899978638,-295.18737793,False
138.3,-0.321,0.023,-0.041,0.0392266,-0.2745862,7.79628675,-3.24000000954,0.72759193182,-1.67999994755,1.34223115444,87.0791702271,0.0361785665154,20.8713684082,-1.35310125351,97240.0756836,33.9899978638,-295.18737793,False
138.4,0.12,-0.027,-0.014,0.02941995,0.0784532,8.7083052,-3.61999988556,0.72759193182,-2.06999993324,1.34223115444,87.0791702271,-0.0285098664463,20.7843608856,-1.27838587761,97238.6291504,33.719997406,-285.810668945,False
138.5,0.094,-0.007,0.05,0.2549729,0.40207265,10.7677017,-3.8599998951,2.12138867378,-2.39999985695,1.44295072556,87.1351470947,-0.0684033110738,20.6937675476,-1.40741419792,97238.104248,33.5999984741,-285.810668945,False
138.6,0.094,-0.007,0.05,0.2549729,0.40207265,10.7677017,-4.11000013351,2.12138867378,-2.78999996185,1.44295072556,87.1351470947,-0.0901991203427,20.6565628052,-1.47803246975,97233.7036133,33.469997406,-273.581512451,False
138.70000000000002,0.012,0.033,0.008,-0.10787315,0.588399,10.14988275,-4.11000013351,2.12138867378,-2.78999996185,1.44295072556,87.1351470947,-0.11542391777,20.5675029755,-1.52148067951,97231.2194824,33.469997406,-273.581512451,False
138.8,-0.206,0.038,-0.035,-0.1372931,0.34323275,8.85540495,-4.46000003815,2.12138867378,-3.41999983788,1.44295072556,87.1351470947,-0.131891742349,20.4691390991,-1.43758320808,97230.9509277,33.1800003052,-261.766052246,False
138.9,-0.269,0.013,-0.046,-0.2941995,0.30400615,9.4928372,-4.55999994278,-0.417322486639,-3.70999979973,0.886739253998,87.3969039917,-0.127729967237,20.3950614929,-1.40063107014,97227.5146484,33.0400009155,-261.766052246,False
139.0,-0.184,0.013,-0.038,-0.36284605,0.16671305,9.67916355,-4.56999969482,-0.417322486639,-4.01999998093,0.886739253998,87.3969039917,-0.106080561876,20.3116168976,-1.39441490173,97225.9033203,32.8999977112,-250.004577637,False
139.1,-0.184,0.013,-0.038,-0.36284605,0.16671305,9.67916355,-4.56999969482,-0.417322486639,-4.01999998093,0.886739253998,87.3969039917,-0.0835750624537,20.2623119354,-1.34177649021,97225.9033203,32.8999977112,-250.004577637,False
139.20000000000002,-0.071,0.037,-0.032,-0.08825985,-0.14709975,7.8845466,-4.48999977112,-0.417322486639,-4.46999979019,0.886739253998,87.3969039917,-0.0702661722898,20.1540412903,-1.06773591042,97220.3735352,32.6499977112,-234.295074463,False
139.3,-0.002,0.009,-1.10218211923e-18,-0.00980665,-0.34323275,8.4141057,-4.48999977112,-0.417322486639,-4.46999979019,0.886739253998,87.3969039917,-0.0699135512114,20.1309051514,-1.01107561588,97223.0041504,32.5400009155,-234.295074463,False
139.4,-0.046,0.015,0.063,0.0,-0.24516625,8.041453,-4.51999998093,-3.00401258469,-4.61999988556,0.159907534719,88.1180953979,-0.0545399151742,20.0736713409,-0.863263905048,97221.5148926,32.4500007629,-223.217010498,False
139.5,-0.149,0.017,0.096,-0.32361945,0.2157463,9.7085835,-4.25,-3.00401258469,-4.92999982834,0.159907534719,88.1180953979,0.0426119565964,19.9937496185,-0.816760003567,97217.401123,32.3699989319,-223.217010498,False
139.6,-0.149,0.017,0.096,-0.32361945,0.2157463,9.7085835,-3.86999988556,-3.00401258469,-5.08999967575,0.159907534719,88.1180953979,0.152329131961,19.9143352509,-0.743705868721,97217.401123,32.2900009155,-208.274658203,False
139.70000000000002,-0.146,0.061,0.019,-0.1569064,0.26477955,8.79656505,-3.31999993324,-3.00401258469,-5.19999980927,0.159907534719,88.1180953979,0.25219887495,19.8819389343,-0.656472206116,97209.6069336,32.2099990845,-208.274658203,False
139.8,-0.098,0.044,-0.007,-0.3726527,0.3138128,9.93413645,-2.64999985695,-6.30199766159,-5.30999994278,-1.21661269665,86.1945343018,0.381179511547,19.8127727509,-0.640840232372,97210.3393555,32.1499977112,-197.595977783,False
139.9,-0.196,0.03,-0.034,-0.34323275,0.4707192,9.1201845,-1.88999998569,-6.30199766159,-5.46999979019,-1.21661269665,86.1945343018,0.535508990288,19.7654685974,-0.620210289955,97216.2658691,32.0799980164,-197.595977783,False
140.0,-0.009,0.078,-0.102,-0.18632635,0.0196133,6.81562175,-1.00999999046,-6.30199766159,-5.59999990463,-1.21661269665,86.1945343018,0.66822630167,19.724527359,-0.453620642424,97210.5773926,32.0200004578,-189.823730469,False
140.1,-0.009,0.078,-0.102,-0.18632635,0.0196133,6.81562175,-0.459999978542,-6.30199766159,-5.5499997139,-1.21661269665,86.1945343018,0.742748022079,19.6723251343,-0.1867326051,97210.5773926,31.9699993134,-189.823730469,False
140.20000000000002,0.272,0.035,-0.021,-0.1569064,-0.26477955,7.93357985,-0.119999997318,-7.66971063614,-5.42999982834,-2.45573997498,87.6486053467,0.795149922371,19.6314525604,0.0584641769528,97213.2080078,31.9399986267,-178.223999023,False
140.3,0.357,0.049,0.038,-0.1372931,0.2157463,8.42391235,0.34999999404,-7.66971063614,-5.36999988556,-2.45573997498,87.6486053467,0.869440674782,19.6052589417,0.181084126234,97211.0534668,31.9399986267,-178.223999023,False
140.4,0.065,0.01,0.057,-0.0588399,0.30400615,11.0815145,0.8599999547,-7.66971063614,-5.27999973297,-2.45573997498,87.6486053467,0.962076604366,19.5801734924,0.170152246952,97208.6853027,31.9599990845,-174.540710449,False
140.5,0.065,0.01,0.057,-0.0588399,0.30400615,11.0815145,0.8599999547,-7.66971063614,-5.27999973297,-2.45573997498,87.6486053467,1.02769613266,19.5918693542,0.03041626513,97208.6853027,31.9599990845,-174.540710449,False
140.6,0.158,0.022,-0.017,-0.0196133,0.2549729,11.73856005,2.15999984741,-7.66971063614,-5.58999967575,-2.45573997498,87.6486053467,1.1110959053,19.5925006866,-0.169442608953,97209.4604492,31.9599990845,-168.838882446,False
140.70000000000002,-0.011,0.072,0.02,-0.3138128,-0.57859235,7.649187,2.40999984741,-2.14718961716,-5.84999990463,-3.48224163055,87.7087097168,1.11609709263,19.5972328186,-0.33150190115,97209.0148926,31.9200000763,-168.838882446,False
140.8,-0.011,0.072,0.02,-0.3138128,-0.57859235,7.649187,2.36999988556,-2.14718961716,-5.8799996376,-3.48224163055,87.7087097168,1.08553147316,19.5726833344,-0.206812620163,97209.0148926,31.8699989319,-172.630691528,False
140.9,0.239,-0.009,0.16,-0.28439285,-0.30400615,9.11037785,2.28999996185,-2.14718961716,-5.90000009537,-3.48224163055,87.7087097168,1.04320967197,19.5596141815,-0.0879907160997,97209.2468262,31.8400001526,-172.630691528,False
141.0,0.066,-0.009,0.199,-0.3334261,-0.02941995,10.05181625,2.25,0.41811349988,-6.0,-4.15760183334,86.1751480103,1.01279139519,19.5523853302,-0.158882498741,97210.2233887,31.8099994659,-172.702026367,False
141.1,-0.114,-0.041,0.196,-0.06864655,0.0588399,11.58165365,2.22000002861,0.41811349988,-6.17999982834,-4.15760183334,86.1751480103,1.00126755238,19.56483078,-0.283683180809,97209.552002,31.7699985504,-172.702026367,False
141.20000000000002,-0.154,-0.005,0.166,-0.24516625,0.196133,10.26756255,2.37999987602,0.41811349988,-6.46000003815,-4.15760183334,86.1751480103,1.00141119957,19.5867958069,-0.444940418005,97207.0739746,31.7199993134,-163.887405396,False
141.3,-0.026,0.011,0.111,-0.1176798,0.14709975,9.2378643,2.37999987602,0.41811349988,-6.46000003815,-4.15760183334,86.1751480103,1.01459264755,19.5909366608,-0.41584482789,97205.9509277,31.6700000763,-163.887405396,False
141.4,0.029,0.046,0.063,-0.36284605,0.1176798,7.6099604,2.82999992371,0.41811349988,-6.71999979019,-4.15760183334,86.1751480103,1.04155242443,19.5877227783,-0.297953546047,97203.8513184,31.609998703,-169.638061523,False
141.5,0.029,0.046,0.063,-0.36284605,0.1176798,7.6099604,2.82999992371,-0.968290746212,-6.71999979019,-4.46391248703,82.3520584106,1.06212043762,19.5838279724,-0.181188315153,97203.8513184,31.609998703,-169.638061523,False
141.6,0.098,0.06,0.021,-0.24516625,0.22555295,7.12943455,3.36999988556,-0.968290746212,-6.69000005722,-4.46391248703,82.3520584106,1.11123383045,19.5564689636,0.114808000624,97200.9216309,31.5399990082,-170.781890869,False
141.70000000000002,0.098,0.06,0.021,-0.24516625,0.22555295,7.12943455,3.3599998951,-0.968290746212,-6.69000005722,-4.46391248703,82.3520584106,1.13941276073,19.5548038483,0.243611887097,97200.9216309,31.5399990082,-170.781890869,False
141.8,0.161,0.065,-0.075,-0.196133,0.0196133,6.50180895,4.0,-0.520391821861,-6.42000007629,-5.44530820847,81.8988418579,1.1637506485,19.5699996948,0.499043703079,97203.0517578,31.5699996948,-168.282699585,False
141.9,0.152,0.041,-0.052,-0.18632635,0.2745862,7.01175475,4.21000003815,-0.520391821861,-6.17000007629,-5.44530820847,81.8988418579,1.17352950573,19.5739784241,0.788679242134,97205.291748,31.609998703,-168.282699585,False
142.0,0.152,0.065,-0.084,-0.40207265,0.4903325,6.85484835,4.48999977112,-0.520391821861,-5.86999988556,-5.44530820847,81.8988418579,1.20818781853,19.5855369568,1.05475437641,97203.4423828,31.6799983978,-165.103912354,False
142.1,0.152,0.065,-0.084,-0.40207265,0.4903325,6.85484835,4.77999973297,-0.520391821861,-5.46999979019,-5.44530820847,81.8988418579,1.21499586105,19.5888328552,1.34058833122,97203.4423828,31.7699985504,-165.103912354,False
142.20000000000002,0.197,0.047,-0.164,-0.1372931,-0.00980665,5.0210048,4.80999994278,3.65929222107,-4.83999967575,-7.36033582687,84.1649398804,1.17554664612,19.5821990967,1.84435880184,97206.7565918,31.9099998474,-169.026947021,False
142.3,0.213,-0.035,-0.163,-0.1569064,-0.30400615,7.1784678,4.73000001907,3.65929222107,-4.11999988556,-7.36033582687,84.1649398804,1.13196456432,19.6052894592,2.17622351646,97206.7565918,32.0900001526,-169.026947021,False
142.4,0.044,-0.055,-0.076,-0.02941995,-0.42168595,8.75733845,4.33999967575,3.65929222107,-3.39999985695,-7.36033582687,84.1649398804,0.991199612617,19.6693611145,2.42440009117,97211.9812012,32.3199996948,-170.510681152,False
142.5,0.044,-0.055,-0.076,-0.02941995,-0.42168595,8.75733845,3.79999995232,3.65929222107,-2.80999994278,-7.36033582687,84.1649398804,0.912052094936,19.7189807892,2.41823363304,97211.9812012,32.5599975586,-170.510681152,False
142.6,0.149,-0.055,0.053,0.0980665,-0.0588399,9.4339973,3.21000003815,6.2978014946,-2.22000002861,-7.71389770508,86.6849365234,0.727029323578,19.8433151245,2.46039772034,97213.092041,32.8099975586,-172.352416992,False
142.70000000000002,0.149,-0.055,0.053,0.0980665,-0.0588399,9.4339973,2.58999991417,6.2978014946,-1.63999998569,-7.71389770508,86.6849365234,0.58370423317,19.9529132843,2.42742967606,97216.9494629,33.0499992371,-172.352416992,False
142.8,0.079,-0.105,0.089,0.3138128,-0.12748645,11.66010685,1.75999999046,6.2978014946,-1.22000002861,-7.71389770508,86.6849365234,0.397602111101,20.0952548981,2.13313889503,97223.449707,33.2700004578,-185.951812744,False
142.9,-0.017,-0.134,0.143,0.3726527,0.2941995,13.337044,0.829999983311,7.68504476547,-1.04999995232,-5.98827075958,85.4983673096,0.197367101908,20.2839565277,1.61102080345,97226.7578125,33.469997406,-185.951812744,False
143.0,-0.017,-0.134,0.143,0.3726527,0.2941995,13.337044,0.189999997616,7.68504476547,-0.909999966621,-5.98827075958,85.4983673096,0.135216325521,20.3489837646,1.44412624836,97227.746582,33.6300010681,-199.364852905,False
143.1,-0.177,-0.089,-0.013,0.3138128,0.7649187,13.40569055,-0.359999984503,7.68504476547,-0.919999957085,-5.98827075958,85.4983673096,-0.0133153731003,20.5217552185,0.7694439888,97232.8796387,33.75,-199.364852905,False
143.20000000000002,-0.031,-0.076,-0.06,0.42168595,0.51975245,9.9243298,-0.919999957085,7.68504476547,-0.969999969006,-5.98827075958,85.4983673096,-0.0646666958928,20.5951385498,0.77159178257,97234.8022461,33.8099975586,-228.528015137,False
143.3,-0.031,-0.076,-0.06,0.42168595,0.51975245,9.9243298,-0.919999957085,7.68504476547,-0.969999969006,-5.98827075958,85.4983673096,-0.0876504555345,20.6190757751,0.718941450119,97235.7543945,33.8099975586,-228.528015137,False
143.4,0.106,-0.102,-0.123,0.44129925,0.8629852,11.40513395,-1.62999999523,6.73858451843,-0.849999964237,-3.63538265228,85.2099609375,-0.163141846657,20.7363243103,0.494487166405,97233.996582,33.8999977112,-241.386230469,False
143.5,-0.771,-0.026,-0.13,0.46091255,0.3138128,10.26756255,-1.86000001431,6.73858451843,-0.839999973774,-3.63538265228,85.2099609375,-0.195956245065,20.8169689178,0.376906007528,97235.1013184,33.9300003052,-241.386230469,False
143.6,-0.072,-0.086,-0.117,0.59820565,0.04903325,14.46480875,-1.86000001431,6.73858451843,-0.919999957085,-3.63538265228,85.2099609375,-0.140326932073,20.9000034332,-0.0183076877147,97233.8562012,33.9399986267,-254.354095459,False
143.70000000000002,-0.072,-0.086,-0.117,0.59820565,0.04903325,14.46480875,-1.86000001431,6.73858451843,-0.919999957085,-3.63538265228,85.2099609375,-0.103691808879,20.9203033447,-0.138829499483,97236.2854004,33.9300003052,-254.354095459,False
143.8,-0.182,-0.002,-0.065,0.4118793,1.27062441198e-15,10.3754357,-1.48000001907,-2.4566078186,-1.31999993324,-2.92748308182,87.8480682373,-0.0831778496504,20.9573440552,-0.236103385687,97235.9924316,33.8899993896,-270.534912109,False
143.9,0.004,-0.051,-0.065,0.26477955,-0.8629852,8.67888525,-1.61000001431,-2.4566078186,-1.26999998093,-2.92748308182,87.8480682373,-0.125760704279,21.0009975433,-0.0807766243815,97237.2070312,33.8600006104,-270.534912109,False
144.0,-0.216,-0.071,0.176,0.3138128,-0.08825985,8.5121722,-1.7199999094,-2.4566078186,-1.25,-2.92748308182,87.8480682373,-0.101013764739,21.0223674774,0.0348229371011,97237.9333496,33.8400001526,-280.488952637,False
144.1,-0.185,-0.07,0.162,0.22555295,0.02941995,7.99241975,-1.45999991894,-2.4566078186,-1.09000003338,-2.92748308182,87.8480682373,-0.046970769763,21.0203819275,0.176971063018,97235.925293,33.8299980164,-280.488952637,False
144.20000000000002,-0.185,-0.07,0.162,0.22555295,0.02941995,7.99241975,-0.769999980927,-4.58981657028,-0.899999976158,-2.23747777939,86.5818634033,0.0667392760515,21.0020828247,0.329917430878,97235.925293,33.8499984741,-284.523590088,False
144.3,0.103,-0.056,0.046,0.0588399,-0.10787315,10.05181625,-0.219999998808,-4.58981657028,-0.77999997139,-2.23747777939,86.5818634033,0.157403975725,20.9912109375,0.357914447784,97234.6801758,33.8800010681,-284.523590088,False
144.4,0.149,-0.035,0.064,0.08825985,0.02941995,9.3947707,0.319999992847,-4.58981657028,-0.680000007153,-2.23747777939,86.5818634033,0.236534237862,20.9831924438,0.351882100105,97239.9169922,33.9199981689,-283.92276001,False
144.5,0.149,-0.035,0.064,0.08825985,0.02941995,9.3947707,1.32999992371,-4.58981657028,-0.610000014305,-2.23747777939,86.5818634033,0.301019519567,20.963180542,0.30405074358,97239.9169922,33.9500007629,-283.92276001,False
144.6,-0.129,-0.028,0.076,0.0980665,-0.22555295,7.3746008,4.58999967575,-3.8785097599,-0.5,-1.20544540882,84.5060119629,0.367152869701,20.9259586334,0.382961153984,97243.536377,33.9799995422,-284.725097656,False
144.70000000000002,-0.129,-0.028,0.076,0.0980665,-0.22555295,7.3746008,4.58999967575,-3.8785097599,-0.5,-1.20544540882,84.5060119629,0.367371559143,20.9160327911,0.46431106329,97243.536377,34.0200004578,-283.725158691,False
144.8,0.211,-0.12,0.163,0.34323275,-0.75511205,11.0422879,5.10999965668,-3.8785097599,-0.149999991059,-1.20544540882,84.5060119629,0.385080635548,20.889623642,0.437602907419,97238.3178711,34.0699996948,-281.679138184,False
144.9,0.092,-0.089,0.265,0.26477955,-0.04903325,11.69933345,5.46999979019,-3.8785097599,-0.149999991059,-1.20544540882,84.5060119629,0.447156131268,20.8470573425,0.201272979379,97240.3564453,34.1100006104,-281.679138184,False
145.0,0.092,-0.089,0.265,0.26477955,-0.04903325,11.69933345,11.8499994278,-2.41100740433,-0.170000001788,0.338206112385,80.7200241089,0.480778992176,20.8178577423,0.0891261026263,97239.1845703,34.1300010681,-184.984008789,False
145.1,0.286,-0.027,0.182,0.4118793,0.1569064,10.1204628,12.4600000381,-2.41100740433,-0.189999997616,0.338206112385,80.7200241089,0.524673879147,20.7701396942,-0.00637102406472,97245.4040527,34.1399993896,-184.984008789,False
145.20000000000002,0.286,-0.027,0.182,0.4118793,0.1569064,10.1204628,16.7700004578,-2.41100740433,-0.199999988079,0.338206112385,80.7200241089,0.543744444847,20.7420730591,-0.0427336655557,97245.4040527,34.1399993896,-176.837158203,False
145.3,0.448,-0.025,0.126,0.20593965,0.6472389,9.4536106,16.7700004578,-2.41100740433,-0.199999988079,0.338206112385,80.7200241089,0.553128063679,20.7113513947,-0.0505526401103,97238.8427734,34.1399993896,-176.837158203,False
145.4,0.281,-0.05,-0.058,0.4511059,0.46091255,13.11149105,26.0399990082,4.03095006943,-0.280000001192,1.05976986885,77.6154251099,0.537986516953,20.6730442047,-0.311250537634,97242.1447754,34.1300010681,-178.556442261,False
145.5,0.281,-0.05,-0.058,0.4511059,0.46091255,13.11149105,26.0399990082,4.03095006943,-0.269999980927,1.05976986885,77.6154251099,0.501356005669,20.6578025818,-0.506288349628,97242.1447754,34.1300010681,-178.556442261,False
145.6,0.486,-0.023,-0.139,0.6080123,0.4511059,11.4933938,30.6399993896,4.03095006943,-0.839999973774,1.05976986885,77.6154251099,0.317014932632,20.6451053619,-0.877583801746,97236.1877441,34.0299987793,-168.742553711,False
145.70000000000002,0.486,-0.023,-0.139,0.6080123,0.4511059,11.4933938,30.9099998474,4.03095006943,-1.12000000477,1.05976986885,77.6154251099,0.208180636168,20.6448783875,-0.965076863766,97236.1877441,33.9399986267,-168.742553711,False
145.8,0.426,-0.02,-0.155,0.36284605,0.0588399,11.16977435,30.9099998474,4.03095006943,-1.12000000477,1.05976986885,77.6154251099,0.0428554713726,20.6489944458,-1.06372714043,97235.2233887,33.9399986267,-168.742553711,False
145.9,0.48,-0.006,-0.149,0.588399,0.16671305,10.65982855,30.8199996948,15.2106609344,-1.70999991894,0.896416783333,81.0983200073,-0.331102728844,20.6675319672,-1.17543780804,97235.2233887,33.719997406,-165.090179443,False
146.0,0.388,-0.025,-0.127,0.48052585,0.3726527,10.5715687,37.4399986267,15.2106609344,-1.97999989986,0.896416783333,81.0983200073,-0.718344330788,20.6781196594,-1.24745380878,97235.4736328,33.5900001526,-160.047149658,False
146.1,0.388,-0.025,-0.127,0.48052585,0.3726527,10.5715687,37.3099975586,15.2106609344,-2.26999998093,0.896416783333,81.0983200073,-0.919343590736,20.6864681244,-1.26694357395,97235.4736328,33.4599990845,-160.047149658,False
146.20000000000002,0.336,-0.032,-0.188,0.30400615,0.4118793,10.52253545,41.3499984741,15.2106609344,-2.50999999046,0.896416783333,81.0983200073,-1.51313745975,20.7228527069,-1.24822247028,97231.1645508,33.3199996948,-166.417312622,False
146.3,0.336,-0.032,-0.188,0.30400615,0.4118793,10.52253545,41.2799987793,15.2106609344,-2.74000000954,0.896416783333,81.0983200073,-1.77586686611,20.7310695648,-1.08755397797,97230.5603027,33.1899986267,-167.417236328,False
146.4,0.38,-0.035,-0.344,0.20593965,0.32361945,6.99214145,44.8699989319,26.6648750305,-2.70000004768,-0.793203651905,85.3046875,-2.05512189865,20.7349205017,-0.748601317406,97230.2185059,33.0799980164,-168.339447021,False
146.5,0.38,-0.035,-0.344,0.20593965,0.32361945,6.99214145,44.8400001526,26.6648750305,-2.55999994278,-0.793203651905,85.3046875,-2.24766206741,20.7468490601,-0.505203008652,97230.2185059,33.0099983215,-167.339508057,False
146.6,0.478,-0.023,-0.373,0.00980665,0.1372931,5.85457005,44.8099975586,26.6648750305,-2.21000003815,-0.793203651905,85.3046875,-2.38456583023,20.7594261169,-0.324530392885,97225.7324219,32.9899978638,-174.354736328,False
146.70000000000002,0.438,-0.162,-0.268,0.06864655,0.16671305,8.67888525,44.7899971008,34.6552886963,-1.79999995232,-3.64921474457,90.839515686,-3.22622537613,20.7660198212,0.500051021576,97229.0710449,33.0099983215,-174.354736328,False
146.8,0.438,-0.162,-0.268,0.06864655,0.16671305,8.67888525,44.7899971008,34.6552886963,-1.39999997616,-3.64921474457,90.839515686,-3.83707237244,20.7630214691,0.718135595322,97229.0710449,33.0699996948,-182.564361572,False
146.9,0.239,-0.234,-0.203,0.40207265,0.02941995,11.50320045,44.7999992371,34.6552886963,-1.06999993324,-3.64921474457,90.839515686,-4.69820690155,20.7753314972,0.865352332592,97228.692627,33.1599998474,-182.564361572,False
147.0,0.169,-0.225,-0.194,0.5295591,0.08825985,11.09132115,44.8099975586,34.6552886963,-0.709999978542,-3.64921474457,90.839515686,-5.2978887558,20.7609004974,0.922253549099,97228.692627,33.2700004578,-190.224456787,False
147.1,0.159,-0.262,-0.179,0.65704555,0.2353596,11.58165365,44.8199996948,41.0479011536,-0.689999997616,-3.57001781464,97.744392395,-5.76647186279,20.7510814667,0.977881371975,97232.8796387,33.3800010681,-190.224456787,False
147.20000000000002,0.076,-0.281,-0.225,0.71588545,0.2353596,11.6503002,44.8299980164,41.0479011536,0.0,-3.57001781464,97.744392395,-6.39527082443,20.7166957855,1.02312171459,97237.6525879,33.5,-217.717926025,False
147.3,0.014,-0.274,-0.218,0.65704555,0.42168595,12.07198615,44.8400001526,41.0479011536,0.0,-3.57001781464,97.744392395,-7.36035060883,20.6409111023,1.11981260777,97240.2954102,33.6300010681,-217.717926025,False
147.4,-0.116,-0.269,-0.305,0.7060788,0.51975245,12.03275955,44.8299980164,42.8704452515,0.839999973774,-3.18335914612,104.8491745,-8.36206436157,20.5303955078,1.33074176311,97229.296875,33.7700004578,-250.852020264,False
147.5,-0.142,-0.23,-0.321,0.5687857,1.20621795,12.34657235,44.8199996948,42.8704452515,1.20999991894,-3.18335914612,104.8491745,-9.18966674805,20.3945446014,1.30575764179,97235.4797363,33.9199981689,-251.85194397,False
147.6,-0.178,-0.274,-0.34,0.81395195,0.99047165,12.13082605,44.7999992371,42.8704452515,1.55999994278,-3.18335914612,104.8491745,-10.0950374603,20.2222328186,1.29874587059,97235.4797363,34.0599975586,-282.318206787,False
147.70000000000002,-0.178,-0.274,-0.34,0.81395195,0.99047165,12.13082605,44.7799987793,42.8704452515,1.92999994755,-3.18335914612,104.8491745,-10.5246639252,20.1343326569,1.3262553215,97253.729248,34.2099990845,-282.318206787,False
147.8,0.284,-0.215,-0.391,0.77472535,0.6276256,10.30678915,44.7599983215,42.8704452515,1.94999992847,-3.18335914612,104.8491745,-11.0765371323,20.0016822815,1.42569351196,97261.4013672,34.2099990845,-282.318206787,False
147.9,0.288,-0.271,-0.393,0.89240515,0.79433865,11.26784085,44.7299995422,42.0555267334,3.03999996185,-4.60765266418,114.446022034,-12.1034555435,19.7195110321,1.56886363029,97254.901123,34.5400009155,-390.923217773,False
148.0,-0.287,-0.325,-0.377,1.2160246,0.16671305,12.9055514,44.7099990845,42.0555267334,3.46000003815,-4.60765266418,114.446022034,-12.9707841873,19.4316501617,1.54101765156,97246.7651367,34.7299995422,-419.532958984,False
148.1,0.125,-0.346,-0.36,1.0591182,0.28439285,13.40569055,44.7099990845,42.0555267334,3.87999987602,-4.60765266418,114.446022034,-13.849360466,19.1126861572,1.51184904575,97255.2062988,34.9199981689,-419.532958984,False
148.20000000000002,0.125,-0.346,-0.36,1.0591182,0.28439285,13.40569055,44.719997406,42.0555267334,3.88999986649,-4.60765266418,114.446022034,-14.7326955795,18.745891571,1.46983647346,97255.2062988,34.9199981689,-419.532958984,False
148.3,-0.092,-0.394,-0.212,1.2160246,0.44129925,16.15155255,44.7599983215,42.0742263794,4.67000007629,-4.97708272934,127.342430115,-15.6884450912,18.2658195496,1.28457891941,97268.2556152,35.25,-457.379150391,False
148.4,-0.082,-0.377,-0.199,1.3337044,0.3138128,14.81784815,44.7999992371,42.0742263794,4.92999982834,-4.97708272934,127.342430115,-16.6049213409,17.768196106,1.10026085377,97272.3815918,35.3999977112,-472.678771973,False
148.5,-0.082,-0.377,-0.199,1.3337044,0.3138128,14.81784815,44.8199996948,42.0742263794,4.92000007629,-4.97708272934,127.342430115,-17.1474456787,17.4401760101,0.985340952873,97272.3815918,35.3999977112,-472.678771973,False
148.6,-0.051,-0.412,-0.177,1.4513842,0.30400615,16.2201991,44.8699989319,40.5917167664,5.30999994278,-2.18316960335,135.290176392,-18.0366725922,16.8429946899,0.700773239136,97266.7297363,35.6499977112,-507.823944092,False
148.70000000000002,-0.054,-0.382,-0.203,1.18660465,0.53936575,14.8864947,44.8699989319,40.5917167664,5.2999997139,-2.18316960335,135.290176392,-18.7995891571,16.2773742676,0.538505852222,97267.8283691,35.6499977112,-507.823944092,False
148.8,-0.174,-0.368,-0.217,1.1571847,0.980665,15.5337336,44.8799972534,40.5917167664,5.46999979019,-2.18316960335,135.290176392,-19.5507698059,15.6498155594,0.308829516172,97269.4458008,35.7399978638,-507.823944092,False
148.9,-0.075,-0.313,-0.271,0.89240515,0.6864655,12.6701918,44.8799972534,40.5917167664,5.69000005722,-2.18316960335,135.290176392,-20.3679199219,14.8736925125,0.197414860129,97276.0437012,35.8499984741,-553.113769531,False
149.0,-0.038,-0.333,-0.315,1.1964113,0.3334261,14.54326195,44.8799972534,37.7350654602,5.71999979019,0.0839905142784,144.159378052,-20.9782028198,14.201833725,-0.0378177911043,97276.0437012,35.8899993896,-590.250976562,False
149.1,-0.038,-0.333,-0.315,1.1964113,0.3334261,14.54326195,44.8799972534,37.7350654602,5.75,0.0839905142784,144.159378052,-21.3032569885,13.8059911728,-0.149542346597,97268.8598633,35.9099998474,-590.250976562,False
149.20000000000002,0.272,-0.343,-0.247,1.0591182,0.4314926,14.5530686,44.8699989319,37.7350654602,5.73000001907,0.0839905142784,144.159378052,-22.0821628571,12.7451725006,-0.441350162029,97275.4577637,35.9099998474,-605.130554199,False
149.3,0.269,-0.385,-0.216,1.3337044,0.34323275,15.0630144,44.8600006104,40.8246574402,5.69999980927,1.48148095608,151.680053711,-22.6028785706,11.9396085739,-0.599727630615,97273.9562988,35.8899993896,-605.130554199,False
149.4,0.08,-0.385,-0.214,1.4121576,0.196133,15.0237878,44.8199996948,40.8246574402,5.55999994278,1.48148095608,151.680053711,-23.120136261,11.0400819778,-0.813783466816,97266.583252,35.8499984741,-623.349182129,False
149.5,0.08,-0.385,-0.214,1.4121576,0.196133,15.0237878,44.8099975586,40.8246574402,5.38000011444,1.48148095608,151.680053711,-23.4884967804,10.3165664673,-0.949591577053,97266.583252,35.7999992371,-623.349182129,False
149.6,0.125,-0.321,-0.218,1.3337044,0.04903325,12.7290317,44.7799987793,40.8246574402,5.25999975204,1.48148095608,151.680053711,-23.9522361755,9.3527765274,-0.93405097723,97274.0234375,35.719997406,-627.137207031,False
149.70000000000002,0.097,-0.327,-0.2,1.40235095,0.3334261,12.8467115,44.7599983215,40.8246574402,5.21000003815,1.48148095608,151.680053711,-24.3401641846,8.39332675934,-0.878540813923,97272.6318359,35.6499977112,-627.137207031,False
149.8,0.097,-0.327,-0.2,1.40235095,0.3334261,12.8467115,44.7399978638,40.8246574402,5.19000005722,1.48148095608,151.680053711,-24.5243701935,7.9162197113,-0.850227594376,97272.6318359,35.5900001526,-635.321044922,False
149.9,0.001,-0.298,-0.225,1.4121576,0.42168595,11.7483667,44.7299995422,44.4675254822,5.17999982834,4.20828104019,162.974899292,-24.7910690308,7.11936092377,-0.799642443657,97274.5239258,35.5400009155,-635.321044922,False
150.0,0.029,-0.283,-0.264,1.30428445,0.8041453,12.62115855,44.7299995422,44.4675254822,5.15999984741,4.20828104019,162.974899292,-25.0431537628,6.2487783432,-0.802480280399,97267.2546387,35.5,-646.375244141,False
150.1,-0.134,-0.318,-0.271,1.61809725,0.7060788,15.48470035,44.719997406,44.4675254822,4.96999979019,4.20828104019,162.974899292,-25.3583049774,4.7746219635,-1.09232950211,97262.9211426,35.4500007629,-646.375244141,False
150.20000000000002,-0.135,-0.305,-0.27,1.36312435,0.784532,16.3967188,44.7099990845,44.1425323486,4.96000003815,4.20828104019,162.974899292,-25.4413719177,4.35554361343,-1.16978645325,97262.5549316,35.4500007629,-646.375244141,False
150.3,0.043,-0.299,-0.299,1.1571847,0.73549875,14.83746145,43.6100006104,44.1425323486,4.36000013351,4.64065313339,171.591812134,-25.6328239441,2.72726678848,-1.4676078558,97264.6789551,35.2799987793,-667.266479492,False
150.4,0.043,-0.299,-0.299,1.1571847,0.73549875,14.83746145,41.3299980164,44.1425323486,4.07999992371,4.64065313339,171.591812134,-25.6561603546,2.18384766579,-1.51596903801,97262.677002,35.1599998474,-680.844299316,False
150.5,0.139,-0.277,-0.345,1.0395049,0.55897905,11.7287534,39.1599998474,44.1425323486,3.90999984741,4.64065313339,171.591812134,-25.7063598633,1.21073567867,-1.40476858616,97261.0473633,35.0400009155,-680.844299316,False
150.6,0.139,-0.277,-0.345,1.0395049,0.55897905,11.7287534,36.7099990845,44.1425323486,3.80999994278,4.64065313339,171.591812134,-25.7228679657,0.507434487343,-1.31152129173,97261.0473633,34.9300003052,-694.194824219,False
150.70000000000002,-0.105,-0.244,-0.307,1.0983448,0.4314926,10.8657682,33.8800010681,46.9919929504,3.69999980927,3.59354615211,-176.33656311,-25.7069625854,-0.494240552187,-1.1465498209,97256.5063477,34.8299980164,-694.194824219,False
150.8,-0.105,-0.244,-0.307,1.0983448,0.4314926,10.8657682,33.8800010681,46.9919929504,3.6899998188,3.59354615211,-176.33656311,-25.7028846741,-0.954049170017,-0.991647064686,97256.5063477,34.8299980164,-694.194824219,False
150.9,-0.028,-0.265,-0.291,1.10815145,0.4707192,11.0619012,27.8799991608,46.9919929504,3.69999980927,3.59354615211,-176.33656311,-25.6282997131,-2.2207095623,-0.720730125904,97252.3193359,34.7000007629,-700.764831543,False
151.0,-0.342,-0.277,-0.241,1.0591182,0.46091255,12.4348322,24.2899990082,46.9919929504,3.6899998188,3.59354615211,-176.33656311,-25.5320281982,-2.89466619492,-0.655545830727,97252.2460938,34.6599998474,-707.263000488,False
151.1,-0.386,-0.261,-0.215,1.0983448,0.784532,12.5721253,20.1999988556,46.9919929504,3.62999987602,3.59354615211,-176.33656311,-25.3951034546,-3.6980919838,-0.616858124733,97249.2736816,34.6199989319,-707.263000488,False
151.20000000000002,-0.5,-0.27,-0.213,1.0395049,0.50013915,14.121576,15.6599998474,41.4013710022,3.46000003815,3.22395992279,-165.96232605,-25.2023410797,-4.54915094376,-0.741842567921,97248.6694336,34.5799980164,-727.220336914,False
151.3,-0.5,-0.27,-0.213,1.0395049,0.50013915,14.121576,15.6599998474,41.4013710022,3.41999983788,3.22395992279,-165.96232605,-25.079864502,-5.03379774094,-0.802912294865,97248.6694336,34.5799980164,-727.220336914,False
151.4,-0.449,-0.233,-0.208,0.8433719,0.48052585,12.15043935,6.5499997139,41.4013710022,3.00999999046,3.22395992279,-165.96232605,-24.6904716492,-6.09299755096,-0.962280452251,97251.2390137,34.469997406,-725.568603516,False
151.5,-0.488,-0.207,-0.226,0.4707192,0.8629852,13.1212977,6.5499997139,41.4013710022,2.97000002861,3.22395992279,-165.96232605,-24.5808429718,-6.33505725861,-1.02777373791,97239.3798828,34.469997406,-725.568603516,False
151.6,-0.495,-0.172,-0.237,0.2549729,0.6472389,13.1212977,-2.14999985695,41.4013710022,2.34999990463,3.22395992279,-165.96232605,-24.1717224121,-7.11734485626,-1.24104368687,97253.7780762,34.2999992371,-720.770812988,False
151.70000000000002,-0.565,-0.15,-0.206,0.1372931,0.6668522,12.3171524,-2.14999985695,28.4838027954,2.30999994278,4.15499925613,-157.616485596,-24.0002689362,-7.38949537277,-1.3183516264,97249.8962402,34.2999992371,-720.770812988,False
151.8,-0.586,-0.159,-0.174,0.20593965,0.4903325,11.91507975,-9.26999950409,28.4838027954,1.55999994278,4.15499925613,-157.616485596,-23.6648654938,-7.86288022995,-1.48191714287,97245.8862305,34.0599975586,-709.182373047,False
151.9,-0.585,-0.133,-0.152,0.1176798,0.0784532,12.2190859,-9.26999950409,28.4838027954,1.51999998093,4.15499925613,-157.616485596,-23.4342079163,-8.14200210571,-1.61711215973,97248.248291,33.9199981689,-709.182373047,False
152.0,-0.625,-0.092,-0.11,0.0784532,0.4118793,11.3364874,-14.8999996185,28.4838027954,0.579999983311,4.15499925613,-157.616485596,-23.1356620789,-8.42228126526,-1.76938092709,97224.8168945,33.7599983215,-692.057250977,False
152.1,-0.687,-0.077,-0.102,-0.08825985,0.5295591,11.28745415,-17.0200004578,14.855006218,0.0599999986589,5.17904806137,-153.45262146,-22.9147167206,-8.56196689606,-1.90324032307,97233.4960938,33.5900001526,-692.057250977,False
152.20000000000002,-0.632,-0.058,-0.094,-0.12748645,0.22555295,11.24822755,-18.8199996948,14.855006218,-0.52999997139,5.17904806137,-153.45262146,-22.6799449921,-8.65624427795,-2.04593753815,97227.34375,33.3899993896,-683.021911621,False
152.3,-0.614,-0.056,-0.082,-0.0784532,0.1372931,11.1011278,-18.8199996948,14.855006218,-0.539999961853,5.17904806137,-153.45262146,-22.5727539062,-8.67052555084,-2.10361027718,97221.472168,33.1699981689,-683.021911621,False
152.4,-0.608,-0.039,-0.049,-0.16671305,0.12748645,10.56176205,-21.1800003052,3.67566466331,-1.69999992847,5.54877328873,-151.727371216,-22.3951969147,-8.62114429474,-2.17055892944,97217.9870605,32.9500007629,-657.864562988,False
152.5,-0.511,-0.007,-0.038,-0.2745862,0.1765197,10.3362091,-21.9799995422,3.67566466331,-2.28999996185,5.54877328873,-151.727371216,-22.2745189667,-8.52035808563,-2.24185323715,97215.6433105,32.7099990845,-657.864562988,False
152.6,-0.407,-0.017,-0.01,-0.22555295,-0.12748645,10.6107953,-22.6000003815,3.67566466331,-2.95000004768,5.54877328873,-151.727371216,-22.1928958893,-8.40821933746,-2.29484558105,97211.1633301,32.4599990845,-627.027526855,False
152.70000000000002,-0.407,-0.017,-0.01,-0.22555295,-0.12748645,10.6107953,-22.9699993134,3.67566466331,-3.58999991417,5.54877328873,-151.727371216,-22.0862617493,-8.17395782471,-2.3239505291,97211.1633301,32.2099990845,-627.027526855,False
152.8,-0.363,-0.02,0.027,-0.16671305,-0.28439285,9.67916355,-23.2600002289,3.67566466331,-4.21999979019,5.54877328873,-151.727371216,-22.0389881134,-8.03427124023,-2.29204106331,97208.581543,31.9499988556,-597.739013672,False
152.9,-0.278,0.007,0.101,-0.1372931,-0.0980665,9.14960445,-23.4399986267,-8.9510679245,-4.80999994278,5.42406082153,-151.405426025,-21.991355896,-7.85842609406,-2.28449177742,97199.9755859,31.6899986267,-597.739013672,False
153.0,-0.227,-0.007,0.139,-0.18632635,-0.12748645,9.4928372,-23.4200000763,-8.9510679245,-5.38000011444,5.42406082153,-151.405426025,-21.9577674866,-7.62845087051,-2.23320031166,97197.644043,31.4299983978,-563.329101562,False
153.1,-0.296,0.027,0.154,-0.196133,1.0868762692199999e-15,8.87501825,-23.2899990082,-8.9510679245,-5.96000003815,5.42406082153,-151.405426025,-21.9379615784,-7.37912797928,-2.14943742752,97194.519043,31.1799983978,-563.329101562,False
153.20000000000002,-0.298,0.034,0.149,-0.4511059,0.0784532,8.77695175,-23.0799999237,-14.3384370804,-6.46000003815,4.49117422104,-153.531478882,-21.9267635345,-7.05910396576,-1.99550914764,97194.519043,30.9399986267,-537.974182129,False
153.3,-0.239,0.051,0.144,-0.38245935,0.10787315,8.1199062,-22.7399997711,-14.3384370804,-6.94000005722,4.49117422104,-153.531478882,-21.9360713959,-6.78167963028,-1.84024345875,97183.3312988,30.7099990845,-537.974182129,False
153.4,-0.239,0.051,0.144,-0.38245935,0.10787315,8.1199062,-22.2600002289,-14.3384370804,-7.34999990463,4.49117422104,-153.531478882,-21.953502655,-6.41229963303,-1.60693860054,97183.3312988,30.5,-507.39251709,False
153.5,-0.102,0.063,0.105,-0.2157463,0.02941995,7.52170055,-21.7600002289,-14.3384370804,-7.69000005722,4.49117422104,-153.531478882,-21.9726467133,-6.17119455338,-1.41758668423,97177.1850586,30.2999992371,-507.39251709,False
153.60000000000002,-0.102,0.063,0.105,-0.2157463,0.02941995,7.52170055,-21.2399997711,-19.5939674377,-7.98000001907,2.25672268867,-156.008270264,-21.986782074,-5.94688653946,-1.19950628281,97177.1850586,30.1199989319,-481.109802246,False
153.70000000000002,-0.014,0.049,0.106,-0.2353596,-0.1176798,7.46286065,-20.8099994659,-19.5939674377,-8.18999958038,2.25672268867,-156.008270264,-22.0080966949,-5.66484355927,-0.940774321556,97173.4558105,29.9699993134,-481.109802246,False
153.8,-0.014,0.049,0.106,-0.2353596,-0.1176798,7.46286065,-20.3099994659,-20.3342952728,-8.34000015259,0.870200335979,-157.064758301,-22.0248031616,-5.45241880417,-0.708758473396,97173.4558105,29.8400001526,-462.292297363,False
153.9,-0.014,0.038,0.143,-0.46091255,-0.06864655,7.9041599,-19.7899990082,-20.3342952728,-8.44999980927,0.870200335979,-157.064758301,-22.0549545288,-5.18688488007,-0.459575533867,97171.1242676,29.75,-462.292297363,False
154.0,0.017,0.053,0.175,-0.4903325,-0.22555295,7.30595425,-19.7899990082,-20.3342952728,-8.44999980927,0.870200335979,-157.064758301,-22.0714950562,-4.93957471848,-0.18221065402,97170.9411621,29.75,-462.292297363,False
154.10000000000002,0.028,0.045,0.228,-0.5295591,-0.18632635,7.453054,-18.7799987793,-20.3342952728,-8.51000022888,0.870200335979,-157.064758301,-22.1118850708,-4.57392930984,0.152366414666,97171.4111328,29.6299991608,-443.866149902,False
154.20000000000002,0.028,0.045,0.228,-0.5295591,-0.18632635,7.453054,-18.7799987793,-20.3342952728,-8.51000022888,0.870200335979,-157.064758301,-22.1311168671,-4.41527175903,0.30067294836,97171.4111328,29.6299991608,-443.866149902,False
154.3,0.045,0.033,0.236,-0.5687857,-0.0392266,7.7864801,-18.1700000763,-20.1925506592,-8.44999980927,-1.94589447975,-160.544235229,-22.1691474915,-4.14785242081,0.510559797287,97169.4824219,29.609998703,-430.20135498,False
154.4,0.048,0.023,0.24,-0.5687857,1.03283269783e-15,8.433719,-16.7899990082,-20.1925506592,-8.26000022888,-1.94589447975,-160.544235229,-22.2120399475,-3.87503027916,0.699316382408,97170.5810547,29.6299991608,-418.129730225,False
154.5,0.104,0.023,0.23,-0.46091255,-0.0980665,8.12971285,-16.7899990082,-20.1925506592,-8.26000022888,-1.94589447975,-160.544235229,-22.274553299,-3.55003857613,0.930090904236,97175.5065918,29.6799983978,-418.129730225,False
154.60000000000002,0.055,0.014,0.213,-0.4314926,0.00980665,8.6690786,-16.0100002289,-19.0668792725,-8.10999965668,-3.98924326897,-164.073471069,-22.3338012695,-3.25814533234,1.0533336401,97173.9807129,29.7399997711,-401.764862061,False
154.70000000000002,0.058,0.009,0.162,-0.38245935,-0.12748645,9.58109705,-14.2100000381,-19.0668792725,-7.75999975204,-3.98924326897,-164.073471069,-22.4263820648,-2.89937996864,1.14303445816,97173.9135742,29.8099994659,-401.764862061,False
154.8,0.107,-0.022,0.159,-0.2549729,-0.00980665,9.97336305,-13.1099996567,-19.0668792725,-7.61999988556,-3.98924326897,-164.073471069,-22.486164093,-2.61665844917,1.19605398178,97174.6765137,29.8899993896,-396.748718262,False
154.9,0.12,-0.009,0.157,-0.30400615,-0.12748645,9.85568325,-12.0900001526,-17.2921199799,-7.48999977112,-5.36937761307,-167.59262085,-22.5587158203,-2.32892012596,1.20620191097,97176.4526367,29.9699993134,-396.748718262,False
155.0,0.12,-0.009,0.157,-0.30400615,-0.12748645,9.85568325,-12.0900001526,-17.2921199799,-7.48999977112,-5.36937761307,-167.59262085,-22.5970859528,-2.15717315674,1.20635902882,97176.4526367,29.9699993134,-396.748718262,False
155.10000000000002,0.137,-0.032,0.156,-0.4511059,-0.00980665,10.58137535,-11.029999733,-17.2921199799,-7.36999988556,-5.36937761307,-167.59262085,-22.6550292969,-1.93896758556,1.18259239197,97182.0983887,30.0599994659,-390.104095459,False
155.20000000000002,0.195,-0.038,0.143,-0.14709975,-0.1176798,11.07170785,-7.82999992371,-17.2921199799,-7.23000001907,-5.36937761307,-167.59262085,-22.749666214,-1.63771724701,1.10825383663,97182.0983887,30.2099990845,-385.054382324,False
155.3,0.026,-0.016,0.155,-0.3138128,0.14709975,9.5516771,-5.46000003815,-13.7581529617,-7.03999996185,-6.27404165268,-171.431625366,-22.8135852814,-1.32886230946,1.25533294678,97182.3120117,30.2899990082,-385.054382324,False
155.4,0.207,-0.013,0.124,-0.5295591,0.2549729,8.8652116,-4.42000007629,-13.7581529617,-6.8799996376,-6.27404165268,-171.431625366,-22.8648872375,-1.05438220501,1.28695869446,97183.9355469,30.3699989319,-391.25994873,False
155.5,0.106,-0.022,0.089,-0.4511059,-0.10787315,9.79684335,-3.33999991417,-13.7581529617,-6.69999980927,-6.27404165268,-171.431625366,-22.903629303,-0.889350652695,1.31809878349,97185.0463867,30.4599990845,-391.25994873,False
155.60000000000002,0.106,-0.022,0.089,-0.4511059,-0.10787315,9.79684335,3.22000002861,-13.7581529617,-6.5499997139,-6.27404165268,-171.431625366,-22.9522590637,-0.704119384289,1.26975846291,97185.0463867,30.5599994659,-390.434265137,False
155.70000000000002,0.362,-0.037,0.111,-0.32361945,-0.10787315,8.89463155,4.36999988556,-11.2831392288,-6.39999961853,-6.64312648773,-173.782501221,-22.9773826599,-0.542330026627,1.31662523746,97191.7297363,30.6599998474,-390.434265137,False
155.8,0.357,-0.089,0.101,-0.3334261,-0.02941995,11.3168741,14.0399999619,-11.2831392288,-6.19999980927,-6.64312648773,-173.782501221,-23.0109157562,-0.401513487101,1.31394064426,97191.7297363,30.7600002289,-390.323242188,False
155.9,0.401,-0.073,0.121,-0.4903325,0.04903325,12.356379,15.2100000381,-11.2831392288,-6.11999988556,-6.64312648773,-173.782501221,-23.0506744385,-0.313670635223,1.11994028091,97194.8120117,30.859998703,-390.323242188,False
156.0,0.47,-0.069,0.131,-0.59820565,0.04903325,11.1207411,21.1000003815,-3.43787884712,-6.10999965668,-6.1249256134,-176.176147461,-23.0593700409,-0.272439301014,0.958836913109,97195.5444336,30.9399986267,-391.764831543,False
156.10000000000002,0.47,-0.069,0.131,-0.59820565,0.04903325,11.1207411,21.9899997711,-3.43787884712,-6.09999990463,-6.1249256134,-176.176147461,-23.0642414093,-0.265402376652,0.911301255226,97195.5444336,31.0100002289,-391.764831543,False
156.20000000000002,0.528,-0.07,0.058,-0.5687857,0.44129925,11.4345539,31.7199993134,-3.43787884712,-6.06999969482,-6.1249256134,-176.176147461,-23.0616474152,-0.282905131578,0.768550753593,97198.6633301,31.0699996948,-394.796936035,False
156.3,0.609,-0.098,0.022,-0.50013915,0.6668522,14.26867575,31.7399997711,5.27672767639,-6.05999994278,-5.18387699127,-177.903915405,-23.0715351105,-0.325484663248,0.580043554306,97196.7346191,31.109998703,-394.796936035,False
156.4,0.573,-0.086,-0.058,-0.30400615,1.06892485,14.64132845,32.9799995422,5.27672767639,-6.44999980927,-5.18387699127,-177.903915405,-23.0837497711,-0.527972817421,-0.00119715626352,97196.7346191,31.1199989319,-401.102844238,False
156.5,0.492,-0.05,-0.163,-0.55897905,0.6864655,12.944778,40.3699989319,5.27672767639,-6.84999990463,-5.18387699127,-177.903915405,-23.0839748383,-0.75483840704,-0.372631371021,97197.7783203,31.0900001526,-401.102844238,False
156.60000000000002,0.64,-0.014,-0.185,-0.65704555,0.20593965,9.81645665,40.5200004578,5.27672767639,-7.19999980927,-5.18387699127,-177.903915405,-23.046333313,-0.994593918324,-0.530246078968,97202.722168,31.0100002289,-407.755279541,False
156.70000000000002,0.64,-0.014,-0.185,-0.65704555,0.20593965,9.81645665,43.469997406,5.27672767639,-7.39999961853,-5.18387699127,-177.903915405,-22.9734077454,-1.34295129776,-0.376810759306,97202.722168,30.9299983978,-407.755279541,False
156.8,0.675,-0.035,-0.153,-0.4511059,-0.3530394,7.4922806,43.4899978638,19.7116832733,-7.2999997139,-4.87342786789,-175.090332031,-22.8879852295,-1.6787801981,-0.0483501218259,97199.0539551,30.859998703,-408.598999023,False
156.9,0.539,-0.013,-0.072,-0.63743225,-0.1765197,6.4920023,44.6899986267,19.7116832733,-7.1299996376,-4.87342786789,-175.090332031,-22.8007068634,-2.02844142914,0.29107773304,97199.8352051,30.8299999237,-408.598999023,False
157.0,0.22,-0.032,-0.043,-0.55897905,0.12748645,5.3152043,44.6899986267,19.7116832733,-6.82999992371,-4.87342786789,-175.090332031,-22.7237358093,-2.30820846558,0.618224203587,97198.5351562,30.8499984741,-408.026794434,False
157.10000000000002,0.141,-0.079,-0.087,-0.5295591,0.69627215,6.7862018,44.7000007629,28.8272666931,-6.3799996376,-5.47378969193,-173.38885498,-22.6163654327,-2.74326300621,1.204621315,97198.5351562,30.9099998474,-408.026794434,False
157.20000000000002,0.304,-0.083,-0.185,-0.3334261,1.01008495,8.9632781,44.7000007629,28.8272666931,-5.8799996376,-5.47378969193,-173.38885498,-22.5662822723,-2.94650959969,1.3825865984,97200.8422852,31.0299987793,-405.863586426,False
157.3,0.305,-0.048,-0.305,-0.48052585,1.0787315,8.91424485,44.6800003052,28.8272666931,-5.42000007629,-5.47378969193,-173.38885498,-22.5110034943,-3.38577485085,1.5079857111,97201.7456055,31.1700000763,-405.863586426,False
157.4,0.194,-0.066,-0.399,-0.55897905,1.0591182,10.7088618,44.5999984741,33.6365280151,-4.98000001907,-6.30117368698,-169.506698608,-22.3967819214,-4.12126398087,1.58222317696,97207.1166992,31.3299999237,-405.68371582,False
157.5,0.201,-0.091,-0.46,-0.5295591,0.7649187,9.9635564,44.5,33.6365280151,-4.57999992371,-6.30117368698,-169.506698608,-22.3347244263,-4.57084560394,1.62595939636,97206.2561035,31.4899997711,-405.68371582,False
157.60000000000002,0.254,-0.128,-0.477,-0.5295591,0.20593965,9.56148375,44.3799972534,33.6365280151,-4.09999990463,-6.30117368698,-169.506698608,-22.2217559814,-5.14139890671,1.77491378784,97209.753418,31.6599998474,-411.171142578,False
157.70000000000002,0.254,-0.128,-0.477,-0.5295591,0.20593965,9.56148375,44.3199996948,33.6365280151,-4.07999992371,-6.30117368698,-169.506698608,-22.1348991394,-5.5123500824,1.85475301743,97209.753418,31.6599998474,-411.171142578,False
157.8,0.299,-0.233,-0.338,-0.51975245,-0.0392266,12.71922505,44.2700004578,38.7992744446,-3.51999998093,-6.30117368698,-169.506698608,-21.9570846558,-6.32151699066,1.8339291811,97211.1633301,31.8499984741,-411.171142578,False
157.9,0.2,-0.301,-0.217,-0.08825985,-0.00980665,12.40541225,44.2999992371,38.7992744446,-2.61999988556,-9.81681156158,-158.853622437,-21.6606903076,-7.4695520401,1.82167041302,97220.0134277,32.2299995422,-428.406921387,False
158.0,0.131,-0.32,-0.186,-0.16671305,0.00980665,13.48414375,44.3499984741,38.7992744446,-2.16999983788,-9.81681156158,-158.853622437,-21.404920578,-8.30823612213,1.83931767941,97220.8862305,32.4199981689,-380.674560547,False
158.10000000000002,0.196,-0.364,-0.156,0.1372931,0.2745862,15.44547375,44.4399986267,38.7992744446,-1.74000000954,-9.81681156158,-158.853622437,-21.1049900055,-9.21521186829,1.74974310398,97227.5390625,32.6100006104,-380.674560547,False
158.20000000000002,-0.021,-0.348,-0.185,0.0,0.4511059,15.0630144,44.5099983215,41.4804611206,-1.4699999094,-8.365442276,-152.800521851,-20.796169281,-10.0349836349,1.53153789043,97227.5390625,32.7900009155,-400.523376465,False
158.3,-0.021,-0.348,-0.185,0.0,0.4511059,15.0630144,44.5599975586,41.4804611206,-1.4699999094,-8.365442276,-152.800521851,-20.5561180115,-10.6116056442,1.43555283546,97227.5390625,32.7900009155,-400.523376465,False
158.4,0.104,-0.326,-0.267,-0.0196133,1.0787315,13.533177,44.6299972534,41.4804611206,-0.919999957085,-8.365442276,-152.800521851,-19.8140945435,-12.1256303787,1.25431549549,97236.3098145,33.0999984741,-428.307739258,False
158.5,0.0,-0.345,-0.311,0.00980665,0.392266,13.337044,44.6399993896,41.4804611206,-0.610000014305,-8.365442276,-152.800521851,-19.4704284668,-12.7478666306,1.24057900906,97244.2138672,33.2399978638,-428.307739258,False
158.60000000000002,0.0,-0.345,-0.311,0.00980665,0.392266,13.337044,44.6399993896,41.4804611206,-0.310000002384,-8.365442276,-152.800521851,-19.0866260529,-13.3468780518,1.22411000729,97244.2138672,33.3800010681,-472.041900635,False
158.70000000000002,-0.082,-0.332,-0.332,0.10787315,0.04903325,11.50320045,44.6499977112,41.460357666,0.109999999404,-6.27914810181,-141.22428894,-18.5484313965,-14.1414937973,1.33823394775,97234.9365234,33.5299987793,-473.041809082,False
158.8,-0.007,-0.34,-0.287,0.20593965,-0.2157463,12.58193195,44.6699981689,41.460357666,0.509999990463,-6.27914810181,-141.22428894,-18.0093097687,-14.8465194702,1.34214890003,97240.2893066,33.6899986267,-501.875976562,False
158.9,-0.007,-0.34,-0.287,0.20593965,-0.2157463,12.58193195,44.7000007629,41.460357666,0.949999988079,-6.27914810181,-141.22428894,-17.5552387238,-15.4037370682,1.40014922619,97240.2893066,33.8499984741,-501.875976562,False
159.0,0.186,-0.366,-0.145,0.1765197,0.2549729,13.6312435,44.75,41.460357666,1.41999995708,-6.27914810181,-141.22428894,-16.790851593,-16.232421875,1.39872443676,97239.1906738,34.0200004578,-516.834655762,False
159.10000000000002,0.186,-0.366,-0.145,0.1765197,0.2549729,13.6312435,44.7899971008,41.460357666,1.42999994755,-6.27914810181,-141.22428894,-16.3786907196,-16.6487560272,1.35552930832,97239.1906738,34.0200004578,-516.834655762,False
159.20000000000002,0.076,-0.387,-0.119,0.40207265,-0.06864655,14.6315218,44.8499984741,42.7232284546,2.22000002861,-3.9422712326,-129.747772217,-15.2111225128,-17.7257499695,1.24516177177,97263.3422852,34.3499984741,-535.600280762,False
159.3,-0.02,-0.362,-0.198,0.7060788,0.42168595,14.4942287,44.8699989319,42.7232284546,2.62999987602,-3.9422712326,-129.747772217,-14.6393585205,-18.2059955597,1.19913172722,97238.885498,34.5099983215,-535.600280762,False
159.4,-0.02,-0.362,-0.198,0.7060788,0.42168595,14.4942287,44.8799972534,42.7232284546,2.92999982834,-3.9422712326,-129.747772217,-13.6613502502,-18.9554347992,0.985942780972,97238.885498,34.6699981689,-553.554260254,False
159.5,-0.031,-0.35,-0.241,0.6864655,0.61781895,14.9453346,44.8799972534,42.7232284546,3.13999986649,-3.9422712326,-129.747772217,-13.1628437042,-19.3169384003,0.897519111633,97249.6459961,34.7900009155,-553.554260254,False
159.60000000000002,-0.023,-0.356,-0.287,0.67665885,0.71588545,14.8276548,44.8799972534,42.9452362061,3.32999992371,-1.02597403526,-119.622375488,-12.3475475311,-19.8600654602,0.791973114014,97268.7194824,34.8899993896,-570.954040527,False
159.70000000000002,0.075,-0.322,-0.294,0.8237586,0.18632635,12.7682583,44.8799972534,42.9452362061,3.33999991417,-1.02597403526,-119.622375488,-11.7128162384,-20.240688324,0.751390218735,97264.3554688,34.8899993896,-570.954040527,False
159.8,-0.043,-0.335,-0.308,0.85317855,0.6864655,14.0823494,44.8799972534,42.9452362061,3.81999993324,-1.02597403526,-119.622375488,-10.3377151489,-20.9884929657,0.575776875019,97260.3820801,35.0900001526,-602.555480957,False
159.9,-0.127,-0.327,-0.329,0.8825985,0.40207265,13.97447625,44.8799972534,43.2362709045,3.99000000954,-0.464040160179,-111.501480103,-9.65870952606,-21.3232517242,0.533990859985,97270.1538086,35.1800003052,-602.555480957,False
160.0,0.015,-0.344,-0.332,0.8041453,0.36284605,15.50431365,44.8799972534,43.2362709045,4.17000007629,-0.464040160179,-111.501480103,-8.71797370911,-21.7205238342,0.39535471797,97265.246582,35.2599983215,-622.216247559,False
160.10000000000002,0.075,-0.345,-0.29,0.8433719,0.30400615,15.15127425,44.8799972534,43.2362709045,4.30999994278,-0.464040160179,-111.501480103,-7.73560667038,-22.0660839081,0.238460272551,97268.6767578,35.3400001526,-622.216247559,False
160.20000000000002,0.075,-0.345,-0.29,0.8433719,0.30400615,15.15127425,44.8799972534,43.2362709045,4.44000005722,-0.464040160179,-111.501480103,-6.57602310181,-22.4028816223,0.125921651721,97268.6767578,35.3999977112,-643.075927734,False
160.3,0.087,-0.368,-0.238,0.93163175,0.2157463,13.77834325,44.8799972534,43.7231826782,4.57999992371,0.321966797113,-101.593841553,-5.85739612579,-22.585269928,0.12581050396,97266.4367676,35.4399986267,-643.075927734,False
160.4,0.009,-0.361,-0.246,0.9610517,0.2157463,13.8469898,44.8699989319,43.7231826782,4.71999979019,0.321966797113,-101.593841553,-4.70979976654,-22.8018474579,0.0364305078983,97266.4367676,35.4899978638,-658.699035645,False
160.5,0.009,-0.361,-0.246,0.9610517,0.2157463,13.8469898,44.1599998474,43.7231826782,4.84999990463,0.321966797113,-101.593841553,-3.9455010891,-22.9196109772,-0.0203916002065,97267.8894043,35.5299987793,-658.699035645,False
160.60000000000002,0.074,-0.363,-0.252,0.980665,0.32361945,14.5726819,41.9300003052,44.7543792725,4.92999982834,1.6192561388,-94.4392242432,-2.93177342415,-23.0105876923,-0.123514890671,97271.6308594,35.5599975586,-671.255310059,False
160.70000000000002,0.026,-0.347,-0.257,1.0198916,0.32361945,14.3765489,39.4099998474,44.7543792725,4.98999977112,1.6192561388,-94.4392242432,-1.7537945509,-23.0589771271,-0.207180708647,97275.177002,35.5799980164,-671.255310059,False
160.8,-0.095,-0.324,-0.246,0.8041453,0.85317855,13.58221025,39.4099998474,44.7543792725,4.98999977112,1.6192561388,-94.4392242432,-1.7537945509,-23.0589771271,-0.207180708647,97273.2299805,35.5799980164,-671.255310059,False
160.9,-0.292,-0.312,-0.302,1.08853815,0.6276256,14.1804159,33.4399986267,44.4323768616,4.96999979019,2.30371856689,-87.8191757202,0.00406479742378,-23.0308303833,-0.428771287203,97273.0041504,35.5999984741,-684.237304688,False
161.0,-0.292,-0.312,-0.302,1.08853815,0.6276256,14.1804159,29.9499988556,44.4323768616,4.86999988556,2.30371856689,-87.8191757202,0.594326138496,-22.9979362488,-0.525100767612,97274.1699219,35.5900001526,-702.24206543,False
161.10000000000002,-0.344,-0.279,-0.331,0.79433865,0.3138128,13.4154972,26.0100002289,44.4323768616,4.71999979019,2.30371856689,-87.8191757202,1.91979658604,-22.8222560883,-0.77494096756,97271.1914062,35.5699996948,-702.24206543,False
161.20000000000002,-0.344,-0.279,-0.331,0.79433865,0.3138128,13.4154972,22.0799999237,44.4323768616,4.61999988556,2.30371856689,-87.8191757202,2.5646276474,-22.7104377747,-0.780991733074,97271.1914062,35.5299987793,-702.05078125,False
161.3,-0.162,-0.316,-0.278,0.6080123,0.5687857,13.42530385,22.0699996948,44.4323768616,4.59999990463,2.30371856689,-87.8191757202,3.23502421379,-22.5567855835,-0.903785526752,97270.4101562,35.5299987793,-702.05078125,False
161.4,-0.24,-0.265,-0.248,0.7453054,0.3138128,12.79767825,13.6700000763,38.3407707214,4.19999980927,2.71702361107,-76.923789978,4.30241680145,-22.2243099213,-1.11452686787,97270.2453613,35.4199981689,-712.371643066,False
161.5,-0.457,-0.233,-0.194,0.50013915,0.4314926,11.9444997,9.36999988556,38.3407707214,3.94999980927,2.71702361107,-76.923789978,4.93547916412,-21.9689025879,-1.20473945141,97262.7868652,35.3400001526,-712.371643066,False
161.60000000000002,-0.457,-0.233,-0.194,0.50013915,0.4314926,11.9444997,5.38000011444,38.3407707214,3.63999986649,2.71702361107,-76.923789978,5.42538690567,-21.7347240448,-1.34567451477,97262.7868652,35.2399978638,-712.124084473,False
161.70000000000002,-0.544,-0.181,-0.191,0.0980665,0.91201845,13.89602305,1.53999996185,38.3407707214,3.16999983788,2.71702361107,-76.923789978,6.0162396431,-21.3810443878,-1.59589993954,97260.4187012,35.1199989319,-712.124084473,False
161.8,-0.512,-0.117,-0.318,-0.0784532,0.71588545,11.8268199,-1.42999994755,26.8824958801,2.79999995232,3.93318533897,-68.2992172241,6.41837787628,-21.0723972321,-1.66080248356,97250.8972168,34.9799995422,-695.848449707,False
161.9,-0.512,-0.117,-0.318,-0.0784532,0.71588545,11.8268199,-4.30999994278,26.8824958801,2.34999990463,3.93318533897,-68.2992172241,6.75616025925,-20.7671051025,-1.90292203426,97250.8972168,34.8400001526,-695.848449707,False
162.0,-0.548,-0.1,-0.301,-0.2745862,0.8041453,13.7685366,-4.30999994278,26.8824958801,2.33999991417,3.93318533897,-68.2992172241,6.85859394073,-20.6514949799,-1.98413205147,97248.0529785,34.8400001526,-695.848449707,False
162.10000000000002,-0.448,-0.107,-0.212,-0.5099458,0.0196133,10.30678915,-9.36999988556,26.8824958801,1.30999994278,3.93318533897,-68.2992172241,7.16254472733,-20.2948379517,-1.97227549553,97257.1044922,34.469997406,-685.391967773,False
162.20000000000002,-0.251,-0.179,-0.138,-0.4511059,-0.196133,14.4550021,-11.4200000763,26.8824958801,0.799999952316,3.93318533897,-68.2992172241,7.35324048996,-20.0033779144,-2.16061687469,97245.7946777,34.2700004578,-656.257080078,False
162.3,-0.424,-0.162,-0.055,-0.26477955,-0.08825985,15.0434011,-13.6999998093,13.8606128693,0.0,3.97458696365,-60.2092018127,7.57026195526,-19.6024341583,-2.73471617699,97245.7946777,34.0499992371,-656.257080078,False
162.4,-0.424,-0.162,-0.055,-0.26477955,-0.08825985,15.0434011,-15.6599998474,13.8606128693,-0.949999988079,3.97458696365,-60.2092018127,7.66016817093,-19.4046840668,-3.00603055954,97234.4665527,33.7900009155,-627.821716309,False
162.5,-0.505,-0.104,0.007,-0.26477955,0.1176798,13.0232312,-15.6499996185,13.8606128693,-0.959999978542,3.97458696365,-60.2092018127,7.71098995209,-19.1960926056,-3.2491710186,97238.2568359,33.7900009155,-627.821716309,False
162.60000000000002,-0.449,-0.077,0.028,-0.392266,0.18632635,12.1798593,-18.2600002289,4.90268945694,-2.90999984741,5.84658193588,-59.5545310974,7.68277835846,-18.8684387207,-3.43582367897,97238.3117676,33.1300010681,-580.18548584,False
162.70000000000002,-0.639,-0.043,0.066,-0.40207265,0.2941995,8.9240515,-18.9799995422,4.90268945694,-3.70999979973,5.84658193588,-59.5545310974,7.55967664719,-18.6909065247,-3.3230099678,97228.2653809,32.7799987793,-580.18548584,False
162.8,-0.495,-0.007,0.011,-0.6864655,0.18632635,9.610517,-19.3799991608,4.90268945694,-4.51999998093,5.84658193588,-59.5545310974,7.45929002762,-18.5532855988,-3.32519698143,97218.7683105,32.4300003052,-541.166687012,False
162.9,-0.424,0.001,-0.011,-0.6472389,-0.2941995,8.6886919,-19.859998703,4.90268945694,-5.34999990463,5.84658193588,-59.5545310974,7.30111885071,-18.409576416,-3.26498866081,97216.394043,32.0799980164,-541.166687012,False
163.0,-0.408,0.06,0.067,-0.67665885,0.2157463,6.85484835,-19.8699989319,-6.21389102936,-6.17000007629,5.60963821411,-60.2139625549,7.09717702866,-18.2922286987,-3.1621389389,97208.3312988,31.7299995422,-510.160461426,False
163.10000000000002,-0.408,0.06,0.067,-0.67665885,0.2157463,6.85484835,-19.8999996185,-6.21389102936,-6.75999975204,5.60963821411,-60.2139625549,6.83750343323,-18.206325531,-2.86839437485,97208.3312988,31.4099998474,-510.160461426,False
163.20000000000002,-0.371,0.064,0.032,-0.85317855,0.61781895,8.0806796,-19.6299991608,-6.21389102936,-7.35999965668,5.60963821411,-60.2139625549,6.67940807343,-18.1746768951,-2.78113389015,97203.4057617,31.109998703,-466.318328857,False
163.3,-0.289,0.081,-0.033,-0.81395195,0.4903325,9.22805765,-19.6399993896,-6.21389102936,-7.34999990463,5.60963821411,-60.2139625549,6.37246656418,-18.1367359161,-2.65895175934,97199.3713379,30.8199996948,-466.318328857,False
163.4,-0.289,0.1,-0.066,-0.588399,0.1372931,8.1591328,-19.1700000763,-6.21389102936,-7.96000003815,5.60963821411,-60.2139625549,6.13548994064,-18.106464386,-2.55407190323,97193.2373047,30.8199996948,-466.318328857,False
163.5,-0.195,0.096,-0.067,-0.6864655,-0.3138128,7.83551335,-18.1199989319,-14.4652872086,-9.09000015259,3.58111000061,-59.3822860718,5.83325529099,-18.0528793335,-2.33978843689,97187.1520996,30.2799987793,-432.948883057,False
163.60000000000002,0.13,0.065,0.121,-0.93163175,-0.44129925,7.8257067,-17.7399997711,-14.4652872086,-9.63999938965,3.58111000061,-59.3822860718,5.55174160004,-17.9795665741,-2.13264012337,97180.6945801,30.0299987793,-395.292663574,False
163.70000000000002,0.13,0.065,0.121,-0.93163175,-0.44129925,7.8257067,-17.4899997711,-14.4652872086,-10.0900001526,3.58111000061,-59.3822860718,5.29779672623,-17.9232025146,-1.84264540672,97180.6945801,29.7999992371,-395.292663574,False
163.8,-0.004,0.082,0.233,-0.8629852,-0.34323275,7.2176944,-17.4899997711,-14.4652872086,-10.0900001526,3.58111000061,-59.3822860718,5.20157146454,-17.9033699036,-1.76328790188,97179.1015625,29.7999992371,-395.292663574,False
163.9,-0.126,0.06,0.273,-1.0591182,0.0196133,7.1588545,-16.6900005341,-14.2896471024,-10.7699995041,1.59774339199,-61.0793838501,4.92015171051,-17.8692588806,-1.44662809372,97173.9135742,29.3999996185,-367.959960938,False
164.0,-0.18,0.063,0.18,-0.9610517,0.57859235,7.6884136,-16.1399993896,-14.2896471024,-10.9899997711,1.59774339199,-61.0793838501,4.61243438721,-17.843290329,-1.06428849697,97169.8425293,29.2399997711,-343.789672852,False
164.10000000000002,-0.184,0.093,0.077,-0.9414384,0.46091255,7.48247395,-15.3699998856,-14.2896471024,-11.1599998474,1.59774339199,-61.0793838501,4.31212377548,-17.8601150513,-0.796519458294,97169.8425293,29.109998703,-343.789672852,False
164.20000000000002,-0.138,0.107,-0.001,-0.89240515,0.16671305,6.9823348,-14.5,-17.3579769135,-11.25,-1.27334070206,-64.6548233032,4.0244474411,-17.8786754608,-0.506390333176,97167.956543,29.0100002289,-313.513366699,False
164.3,-0.138,0.107,-0.001,-0.89240515,0.16671305,6.9823348,-13.6999998093,-17.3579769135,-11.279999733,-1.27334070206,-64.6548233032,3.70321273804,-17.8940620422,-0.165885016322,97166.1621094,28.9300003052,-313.513366699,False
164.4,0.19,0.099,-0.006,-0.79433865,-0.42168595,5.87418335,-13.0699996948,-17.3579769135,-11.2399997711,-1.27334070206,-64.6548233032,3.54135799408,-17.885383606,0.133572280407,97165.1672363,28.8899993896,-291.224487305,False
164.5,0.19,0.099,-0.006,-0.79433865,-0.42168595,5.87418335,-12.7199993134,-17.3579769135,-11.0900001526,-1.27334070206,-64.6548233032,3.43330621719,-17.8645629883,0.489091157913,97165.1672363,28.8799991608,-291.224487305,False
164.60000000000002,0.184,0.057,0.151,-0.7256921,-0.3138128,7.453054,-12.4399995804,-17.3579769135,-10.8599996567,-1.27334070206,-64.6548233032,3.22470068932,-17.8574047089,0.84014070034,97167.0776367,28.9200000763,-279.491821289,False
164.70000000000002,0.147,0.054,0.214,-0.91201845,-0.10787315,7.48247395,-12.0399999619,-15.1863384247,-10.6199998856,-4.43091535568,-64.7458114624,3.04933190346,-17.8745231628,1.1086332798,97167.8588867,28.9799995422,-279.491821289,False
164.8,0.147,0.054,0.214,-0.91201845,-0.10787315,7.48247395,-12.0399999619,-15.1863384247,-10.6199998856,-4.43091535568,-64.7458114624,3.04933190346,-17.8745231628,1.1086332798,97167.8588867,28.9799995422,-279.491821289,False
164.9,-0.202,-0.003,0.24,-0.6668522,0.00980665,10.6107953,-11.3000001907,-15.1863384247,-9.90999984741,-4.43091535568,-64.7458114624,2.70716547966,-17.9356899261,1.52824676037,97164.7338867,29.1899986267,-265.770324707,False
165.0,-0.202,-0.003,0.24,-0.6668522,0.00980665,10.6107953,-10.5100002289,-15.1863384247,-9.6799993515,-4.43091535568,-64.7458114624,2.56498408318,-17.9908256531,1.53296530247,97167.8955078,29.3199996948,-203.312683105,False
165.10000000000002,-0.109,0.058,0.189,-0.6668522,0.2353596,9.1594111,-9.57999992371,-14.7157344818,-9.42000007629,-7.07614707947,-69.4235839844,2.16432738304,-18.139837265,1.62600302696,97169.2810059,29.4499988556,-203.312683105,False
165.20000000000002,0.137,0.026,0.107,-0.8433719,-0.18632635,8.5513988,-8.75,-14.7157344818,-9.13000011444,-7.07614707947,-69.4235839844,1.97694659233,-18.2044143677,1.68305134773,97173.5290527,29.5799999237,-201.67427063,False
165.3,0.137,0.026,0.107,-0.8433719,-0.18632635,8.5513988,-7.88999986649,-14.7157344818,-8.8499994278,-7.07614707947,-69.4235839844,1.79988729954,-18.2617416382,1.79041588306,97173.5290527,29.7199993134,-201.67427063,False
165.4,0.275,9.18485099361e-18,0.075,-0.7060788,-0.00980665,7.5315072,-7.33999967575,-14.7157344818,-8.46000003815,-7.07614707947,-69.4235839844,1.60107207298,-18.32072258,2.09088683128,97173.9440918,29.8699989319,-207.231719971,False
165.5,0.05,-0.008,0.111,-0.69627215,-0.02941995,9.2967042,-6.92000007629,-10.022603035,-8.0,-8.43855762482,-71.3774871826,1.47367918491,-18.3711624146,2.20876526833,97178.2958984,30.0399990082,-207.231719971,False
165.60000000000002,0.045,-0.001,0.119,-0.71588545,0.0980665,8.3552658,-6.48000001907,-10.022603035,-7.58999967575,-8.43855762482,-71.3774871826,1.32818734646,-18.434431076,2.28698158264,97181.5063477,30.2299995422,-208.718109131,False
165.70000000000002,0.045,-0.001,0.119,-0.71588545,0.0980665,8.3552658,-5.96000003815,-10.022603035,-7.11999988556,-8.43855762482,-71.3774871826,1.24635803699,-18.464094162,2.40198874474,97180.8105469,30.4299983978,-208.718109131,False
165.8,0.238,-0.039,0.07,-0.71588545,1.0868762692199999e-15,8.87501825,-5.59999990463,-10.022603035,-6.52999973297,-8.43855762482,-71.3774871826,1.08956027031,-18.5124034882,2.59226441383,97185.7116699,30.6499996185,-214.207839966,False
165.9,0.238,-0.039,0.07,-0.71588545,1.0868762692199999e-15,8.87501825,-5.17999982834,-10.022603035,-6.01999998093,-8.43855762482,-71.3774871826,1.01391339302,-18.5522041321,2.62093782425,97186.4562988,30.8699989319,-214.207839966,False
166.0,0.234,-0.031,0.05,-0.59820565,0.22555295,8.1787461,-4.88999986649,-6.48186254501,-5.44999980927,-8.61524295807,-73.9280929565,0.911181151867,-18.6021633148,2.76193881035,97192.9748535,31.109998703,-217.920684814,False
166.10000000000002,0.234,-0.031,0.05,-0.59820565,0.22555295,8.1787461,-4.55999994278,-6.48186254501,-4.82999992371,-8.61524295807,-73.9280929565,0.816382229328,-18.6869220734,2.76664447784,97192.9748535,31.359998703,-217.920684814,False
166.20000000000002,-0.07,-0.076,0.032,-0.34323275,-0.3530394,11.73856005,-4.44000005722,-6.48186254501,-4.34999990463,-8.61524295807,-73.9280929565,0.758231759071,-18.7804775238,2.56157469749,97198.4924316,31.609998703,-224.077423096,False
166.3,-0.07,-0.076,0.032,-0.34323275,-0.3530394,11.73856005,-4.28999996185,-6.48186254501,-3.99000000954,-8.61524295807,-73.9280929565,0.73867726326,-18.8217849731,2.46968126297,97201.9958496,31.8499984741,-224.077423096,False
166.4,0.054,-0.063,0.107,-0.26477955,-0.26477955,10.95402805,-4.25999975204,-5.40307760239,-3.62999987602,-7.36371326447,-75.2429656982,0.680804491043,-18.9244632721,2.25798487663,97204.0283203,32.0599975586,-229.89730835,False
166.5,-0.109,-0.1,0.165,-0.32361945,-0.196133,11.5522337,-4.0499997139,-5.40307760239,-3.30999994278,-7.36371326447,-75.2429656982,0.615605950356,-19.0455284119,2.03282999992,97205.1940918,32.2599983215,-229.89730835,False
166.60000000000002,-0.109,-0.1,0.165,-0.32361945,-0.196133,11.5522337,-3.87999987602,-5.40307760239,-3.09999990463,-7.36371326447,-75.2429656982,0.544193863869,-19.1514320374,1.71627283096,97205.1940918,32.4300003052,-250.316802979,False
166.70000000000002,0.0,-0.083,0.209,0.14709975,-0.00980665,12.4740588,-3.53999996185,-5.40307760239,-2.99000000954,-7.36371326447,-75.2429656982,0.444778293371,-19.260383606,1.42874455452,97216.5710449,32.5699996948,-250.316802979,False
166.8,0.291,-0.082,0.15,0.24516625,0.20593965,11.64049355,-3.13999986649,-5.20801830292,-2.92999982834,-5.90091514587,-79.5247573853,0.358946174383,-19.3310890198,1.207482934,97220.2697754,32.6800003052,-241.964141846,False
166.9,0.291,-0.082,0.15,0.24516625,0.20593965,11.64049355,-2.75,-5.20801830292,-2.88999986649,-5.90091514587,-79.5247573853,0.243357241154,-19.4689807892,0.867113947868,97220.2697754,32.7700004578,-241.964141846,False
167.0,-0.085,-0.088,0.085,0.0,0.3138128,12.8859381,-2.41999983788,-5.20801830292,-2.91999983788,-5.90091514587,-79.5247573853,0.168940201402,-19.5220870972,0.688961148262,97219.152832,32.8299980164,-258.21685791,False
167.10000000000002,-0.085,-0.088,0.085,0.0,0.3138128,12.8859381,-2.41999983788,-5.20801830292,-2.91999983788,-5.90091514587,-79.5247573853,0.0906231626868,-19.5849914551,0.446509689093,97219.354248,32.8699989319,-258.21685791,False
167.20000000000002,0.135,-0.03,0.006,0.1765197,0.6080123,10.91480145,-1.37000000477,-5.20801830292,-3.16999983788,-5.90091514587,-79.5247573853,-0.057464517653,-19.6552906036,0.1827301085,97222.467041,32.8899993896,-273.106964111,False
167.3,0.132,-0.015,-0.051,0.0784532,0.44129925,10.8069283,-0.799999952316,-3.88120770454,-3.29999995232,-4.50228500366,-81.7157058716,-0.165661618114,-19.7188186646,0.0245360396802,97223.6450195,32.8800010681,-273.106964111,False
167.4,0.132,-0.015,-0.051,0.0784532,0.44129925,10.8069283,-0.409999996424,-3.88120770454,-3.38999986649,-4.50228500366,-81.7157058716,-0.223934471607,-19.7293987274,0.111243210733,97222.2167969,32.8600006104,-280.846008301,False
167.5,-0.071,-0.014,-0.074,-0.16671305,0.5687857,10.1204628,-0.070000000298,-3.88120770454,-3.36999988556,-4.50228500366,-81.7157058716,-0.295209854841,-19.7400779724,0.0610468387604,97224.5239258,32.8499984741,-280.846008301,False
167.60000000000002,-0.071,-0.014,-0.074,-0.16671305,0.5687857,10.1204628,0.340000003576,-3.88120770454,-3.41999983788,-4.50228500366,-81.7157058716,-0.364850223064,-19.7464008331,0.0710558816791,97224.5239258,32.8400001526,-296.818359375,False
167.70000000000002,0.07,-0.028,-0.098,-0.0588399,-0.1176798,7.79628675,0.659999966621,-3.30040168762,-3.39999985695,-4.59353494644,-79.9131011963,-0.397447615862,-19.7623729706,0.142704501748,97225.9033203,32.8299980164,-296.818359375,False
167.8,0.124,-0.049,-0.059,-0.08825985,-0.04903325,8.81617835,0.829999983311,-3.30040168762,-3.25,-4.59353494644,-79.9131011963,-0.420190662146,-19.7536468506,0.326550275087,97224.432373,32.8400001526,-294.392578125,False
167.9,0.124,-0.049,-0.059,-0.08825985,-0.04903325,8.81617835,1.00999999046,-3.30040168762,-3.08999991417,-4.59353494644,-79.9131011963,-0.454625099897,-19.7633113861,0.424721539021,97224.432373,32.8699989319,-294.392578125,False
168.0,0.144,-0.046,-0.013,-0.12748645,0.14709975,10.97364135,1.14999997616,-3.30040168762,-3.00999999046,-4.59353494644,-79.9131011963,-0.472123473883,-19.7706737518,0.338452577591,97223.8891602,32.9099998474,-294.78817749,False
168.10000000000002,0.042,-0.03,-0.021,0.0,0.20593965,10.71866845,1.31999993324,-1.13748645782,-2.99000000954,-4.35728931427,-78.5460586548,-0.494185209274,-19.7891387939,0.250447720289,97228.7231445,32.9500007629,-294.78817749,False
168.20000000000002,0.042,-0.03,-0.021,0.0,0.20593965,10.71866845,1.37000000477,-1.13748645782,-3.0,-4.35728931427,-78.5460586548,-0.490624308586,-19.7861461639,0.160929098725,97228.7231445,32.969997406,-299.295043945,False
168.3,-0.112,-0.007,-0.003,-0.2941995,-0.7649187,9.50264385,1.26999998093,-1.13748645782,-3.0,-4.35728931427,-78.5460586548,-0.449786305428,-19.785905838,0.112837515771,97225.6713867,32.9899978638,-299.295043945,False
168.4,-0.112,-0.007,-0.003,-0.2941995,-0.7649187,9.50264385,0.849999964237,-1.13748645782,-3.03999996185,-4.35728931427,-78.5460586548,-0.344679236412,-19.7605781555,-0.00195133814123,97225.6713867,33.0,-303.387084961,False
168.5,0.291,-0.033,0.295,-0.1569064,-0.3334261,10.18910935,0.329999983311,-0.970713078976,-3.16999983788,-3.69665932655,-78.935798645,-0.251508176327,-19.7421188354,-0.196891248226,97227.4719238,33.0,-303.387084961,False
168.60000000000002,0.193,-0.022,0.317,-0.32361945,0.2157463,8.7279185,0.019999999553,-0.970713078976,-3.24000000954,-3.69665932655,-78.935798645,-0.216160729527,-19.7201557159,-0.197491765022,97227.5085449,32.9799995422,-299.957641602,False
168.70000000000002,-0.171,-0.043,0.209,-0.0784532,0.57859235,7.91396655,-0.0299999993294,-0.970713078976,-3.21000003815,-3.69665932655,-78.935798645,-0.213396012783,-19.7036743164,-0.067009806633,97226.4282227,32.9599990845,-299.957641602,False
168.8,-0.028,-0.018,0.081,-0.2157463,0.57859235,7.58054045,-0.0299999993294,-0.970713078976,-3.12999987602,-3.69665932655,-78.935798645,-0.222448527813,-19.6733264923,0.0900410711765,97222.9187012,32.9599990845,-304.767028809,False
168.9,-0.028,-0.018,0.081,-0.2157463,0.57859235,7.58054045,0.00999999977648,1.03712546825,-2.99000000954,-3.0563325882,-84.2681274414,-0.230246022344,-19.6502857208,0.204615145922,97222.9187012,32.969997406,-304.767028809,False
169.0,0.0,-0.024,-0.015,-0.2157463,0.0392266,10.7284751,-0.070000000298,1.03712546825,-3.00999999046,-3.0563325882,-84.2681274414,-0.211542993784,-19.6217861176,0.100493937731,97225.177002,32.9799995422,-296.041290283,False
169.10000000000002,-0.013,-0.023,0.006,-0.0980665,-0.0392266,10.28717585,-0.219999998808,1.03712546825,-3.05999994278,-3.0563325882,-84.2681274414,-0.183003023267,-19.5910606384,0.00294047035277,97227.2094727,32.9899978638,-296.041290283,False
169.20000000000002,0.079,-0.04,0.032,-0.2941995,0.24516625,10.85596155,-0.399999976158,1.03712546825,-3.11999988556,-3.0563325882,-84.2681274414,-0.147084280849,-19.552488327,-0.094596400857,97226.1047363,32.9899978638,-295.264038086,False
169.3,0.084,-0.067,-0.001,-0.18632635,0.10787315,11.1011278,-0.449999988079,1.03712546825,-3.22000002861,-3.0563325882,-84.2681274414,-0.148682683706,-19.5298118591,-0.190686583519,97227.8991699,32.9799995422,-295.264038086,False
169.4,0.084,-0.067,-0.001,-0.18632635,0.10787315,11.1011278,-0.649999976158,2.60511493683,-3.44999980927,-2.00728321075,-84.1407241821,-0.054698087275,-19.5009803772,-0.761950910091,97227.8991699,32.9500007629,-288.724914551,False
169.5,0.171,-0.032,0.047,-0.0588399,-0.1176798,12.75845165,-1.18999993801,2.60511493683,-4.0,-2.00728321075,-84.1407241821,0.02651354298,-19.4907684326,-1.06986773014,97222.052002,32.8800010681,-288.724914551,False
169.60000000000002,-0.027,0.012,0.091,-0.3726527,0.75511205,7.0215614,-1.55999994278,2.60511493683,-4.36000013351,-2.00728321075,-84.1407241821,0.0692049190402,-19.4272651672,-1.01417195797,97225.78125,32.7700004578,-285.991271973,False
169.70000000000002,-0.027,0.012,0.091,-0.3726527,0.75511205,7.0215614,-1.62999999523,2.60511493683,-4.48000001907,-2.00728321075,-84.1407241821,0.057217746973,-19.3846626282,-0.90168941021,97225.78125,32.6599998474,-285.991271973,False
169.8,-0.529,-0.02,-0.007,-0.2157463,0.4903325,10.58137535,-1.74000000954,2.60511493683,-4.80999994278,-2.00728321075,-84.1407241821,0.0855358019471,-19.3593387604,-1.20982003212,97220.1538086,32.5599975586,-282.049926758,False
169.9,-0.032,-0.025,-0.05,0.0980665,0.10787315,12.81729155,-1.81999993324,0.724051356316,-5.40999984741,-1.49438774586,-84.3226165771,0.0806245952845,-19.3276348114,-1.44317221642,97219.6289062,32.4300003052,-282.049926758,False
170.0,0.218,0.022,-0.034,-0.16671305,0.196133,9.42419065,-1.80999994278,0.724051356316,-5.80999994278,-1.49438774586,-84.3226165771,0.0765594467521,-19.2830295563,-1.45955872536,97219.2077637,32.2700004578,-267.778381348,False
170.10000000000002,0.074,-0.011,-0.072,-0.28439285,-0.40207265,9.7085835,-1.99000000954,0.724051356316,-6.1299996376,-1.49438774586,-84.3226165771,0.132842212915,-19.2158527374,-1.39024507999,97220.4040527,32.1300010681,-267.778381348,False
170.20000000000002,0.074,-0.011,-0.072,-0.28439285,-0.40207265,9.7085835,-2.53999996185,0.724051356316,-6.50999975204,-1.49438774586,-84.3226165771,0.21490855515,-19.155538559,-1.42997968197,97220.4040527,31.9799995422,-266.941833496,False
170.3,0.138,0.005,0.045,-0.30400615,-0.4314926,9.0809579,-2.53999996185,0.724051356316,-6.50999975204,-1.49438774586,-84.3226165771,0.280234158039,-19.1054821014,-1.41465365887,97215.8935547,31.8299999237,-266.941833496,False
170.4,0.124,0.048,0.113,-0.2745862,0.2157463,8.5710121,-3.40999984741,3.76935124397,-7.14999961853,-1.85219335556,-83.4119338989,0.365409612656,-19.0434169769,-1.27890789509,97212.7685547,31.6899986267,-258.358764648,False
170.5,-0.08,0.065,0.074,-0.28439285,0.22555295,9.1790244,-3.73000001907,3.76935124397,-7.46000003815,-1.85219335556,-83.4119338989,0.411859095097,-19.003484726,-1.26764297485,97209.4726562,31.5599994659,-258.358764648,False
170.60000000000002,-0.312,0.067,0.04,-0.20593965,0.36284605,6.71755525,-4.07999992371,4.37119150162,-7.73999977112,-2.69345617294,-84.8219451904,0.45230782032,-18.9665718079,-1.19167995453,97206.463623,31.4399986267,-254.700653076,False
170.70000000000002,-0.516,0.117,-0.001,-0.5687857,0.57859235,5.12887795,-4.19000005722,4.37119150162,-7.83999967575,-2.69345617294,-84.8219451904,0.434293746948,-18.9256954193,-0.759342133999,97203.2775879,31.3299999237,-254.700653076,False
170.8,-0.212,0.08,-0.073,-0.46091255,0.392266,7.3942141,-4.05999994278,4.37119150162,-7.77999973297,-2.69345617294,-84.8219451904,0.392972648144,-18.8894538879,-0.509582698345,97203.2775879,31.25,-249.640838623,False
170.9,0.036,0.104,-0.121,-0.42168595,0.2353596,5.03081145,-3.87999987602,4.37119150162,-7.73000001907,-2.69345617294,-84.8219451904,0.350069403648,-18.8660678864,-0.188143968582,97204.8828125,31.2099990845,-249.640838623,False
171.0,-0.019,0.1,-0.128,-0.57859235,0.196133,4.4129925,-3.77999997139,4.37119150162,-7.41999959946,-2.69345617294,-84.8219451904,0.318130940199,-18.8244056702,0.305410206318,97202.8076172,31.2099990845,-240.383529663,False
171.10000000000002,-0.08,0.045,-0.085,-0.61781895,0.12748645,7.79628675,-3.67999982834,-1.71224963665,-7.02999973297,-5.31555843353,-83.3445510864,0.283016979694,-18.8040714264,0.651548087597,97206.0668945,31.2600002289,-240.383529663,False
171.20000000000002,-0.08,0.045,-0.085,-0.61781895,0.12748645,7.79628675,-3.53999996185,-1.71224963665,-6.73999977112,-5.31555843353,-83.3445510864,0.241462484002,-18.8060970306,0.777405977249,97206.0668945,31.3499984741,-232.747268677,False
171.3,-0.069,0.03,-0.043,-0.3334261,-0.00980665,9.20844435,-3.32999992371,-1.71224963665,-6.5499997139,-5.31555843353,-83.3445510864,0.225408449769,-18.8156871796,0.795733749866,97201.5686035,31.4399986267,-232.747268677,False
171.4,-0.045,-0.004,-0.004,-0.30400615,0.0980665,10.6304086,-3.32999992371,-1.71224963665,-6.5499997139,-5.31555843353,-83.3445510864,0.13776858151,-18.8890991211,0.698311567307,97204.7180176,31.4399986267,-232.747268677,False
171.5,-0.183,6.245698675650001e-18,0.051,-0.2353596,-0.16671305,9.58109705,-2.86999988556,-3.24627065659,-6.17999982834,-6.3547000885,-81.8659133911,0.0998643413186,-18.9174365997,0.83792757988,97206.2255859,31.609998703,-231.799697876,False
171.60000000000002,0.038,-0.022,0.047,-0.5295591,-0.10787315,10.6696352,-2.54999995232,-3.24627065659,-6.02999973297,-6.3547000885,-81.8659133911,0.0080581875518,-18.977016449,0.755801975727,97210.1867676,31.6899986267,-240.03237915,False
171.70000000000002,0.038,-0.022,0.047,-0.5295591,-0.10787315,10.6696352,-2.25999999046,-3.24627065659,-5.86999988556,-6.3547000885,-81.8659133911,-0.0424867868423,-19.0093746185,0.869826614857,97210.1867676,31.7699985504,-240.03237915,False
171.8,0.153,1.0042103753e-17,0.082,-0.3334261,0.14709975,7.0411747,-2.0,-3.24627065659,-5.55999994278,-6.3547000885,-81.8659133911,-0.0931144356728,-19.0242214203,1.11780166626,97208.8562012,31.8499984741,-240.130615234,False
171.9,0.153,1.0042103753e-17,0.082,-0.3334261,0.14709975,7.0411747,-1.79999995232,-3.31746768951,-5.10999965668,-7.07758808136,-83.2776107788,-0.11334425956,-19.0436668396,1.300365448,97208.8562012,31.9599990845,-240.130615234,False
172.0,0.062,-0.028,0.054,-0.5295591,0.18632635,8.95347145,-1.58999991417,-3.31746768951,-4.67000007629,-7.07758808136,-83.2776107788,-0.152827724814,-19.0583362579,1.50357544422,97213.1958008,32.0999984741,-247.502716064,False
172.10000000000002,0.016,-0.056,0.054,-0.4903325,-0.0392266,10.13026945,-1.43999993801,-3.31746768951,-4.2999997139,-7.07758808136,-83.2776107788,-0.187407851219,-19.1246871948,1.55433797836,97216.2536621,32.25,-247.502716064,False
172.20000000000002,0.016,-0.056,0.054,-0.4903325,-0.0392266,10.13026945,-1.43999993801,-2.18450164795,-4.2999997139,-7.04934453964,-84.0045318604,-0.194742202759,-19.1461181641,1.51628494263,97216.2536621,32.25,-247.502716064,False
172.3,0.069,-0.047,0.095,-0.3530394,0.196133,10.4342756,-1.31999993324,-2.18450164795,-3.99000000954,-7.04934453964,-84.0045318604,-0.243570417166,-19.2224731445,1.40296018124,97221.4660645,32.5499992371,-249.462890625,False
172.4,0.069,-0.047,0.095,-0.3530394,0.196133,10.4342756,-0.909999966621,-2.18450164795,-3.47000002861,-7.04934453964,-84.0045318604,-0.290316879749,-19.29646492,1.31086456776,97221.4660645,32.6800003052,-259.688568115,False
172.5,0.028,-0.044,0.077,-0.1569064,0.2353596,9.77723005,-0.909999966621,-2.18450164795,-3.47000002861,-7.04934453964,-84.0045318604,-0.306658059359,-19.3195667267,1.30756831169,97223.4436035,32.6800003052,-259.688568115,False
172.60000000000002,-0.12,-0.078,0.01,0.00980665,0.06864655,12.15043935,-0.25,-2.18450164795,-2.98000001907,-7.04934453964,-84.0045318604,-0.403168857098,-19.4093914032,1.08969473839,97224.0661621,32.9399986267,-270.455566406,False
172.70000000000002,0.016,-0.075,0.008,-0.0196133,0.0980665,12.3171524,0.0499999970198,-2.18450164795,-2.88999986649,-7.04934453964,-84.0045318604,-0.447810411453,-19.4755039215,0.862265348434,97229.0283203,33.0400009155,-270.455566406,False
172.8,-0.007,-0.064,0.03,0.0,0.0980665,12.28773245,0.42999997735,-2.51237630844,-2.89999985695,-5.50724554062,-85.9041137695,-0.525341391563,-19.5387744904,0.54064655304,97230.6518555,33.1199989319,-274.15637207,False
172.9,-0.049,-0.069,0.032,-0.18632635,-0.02941995,11.4933938,0.77999997139,-2.51237630844,-2.97000002861,-5.50724554062,-85.9041137695,-0.564910948277,-19.5825405121,0.314624547958,97233.2458496,33.1699981689,-274.15637207,False
173.0,-0.049,-0.069,0.032,-0.18632635,-0.02941995,11.4933938,1.12000000477,-2.51237630844,-3.02999997139,-5.50724554062,-85.9041137695,-0.625966370106,-19.6305294037,0.147638574243,97233.2458496,33.1899986267,-288.481140137,False
173.10000000000002,-0.096,-0.057,0.063,-0.1176798,0.08825985,10.5715687,1.5,-2.51237630844,-3.07999992371,-5.50724554062,-85.9041137695,-0.676078975201,-19.6470756531,0.0491871125996,97233.7646484,33.2000007629,-288.481140137,False
173.20000000000002,0.077,-0.056,0.06,-0.1765197,0.196133,10.9049948,1.89999997616,-3.17469668388,-3.14999985695,-4.16135311127,-86.9009857178,-0.74226462841,-19.6763286591,-0.0981861352921,97233.7646484,33.2000007629,-293.946472168,False
173.3,0.074,-0.065,0.057,-0.2549729,0.2745862,11.62088025,2.36999988556,-3.17469668388,-3.28999996185,-4.16135311127,-86.9009857178,-0.793905377388,-19.7094078064,-0.220836609602,97232.1716309,33.1899986267,-293.946472168,False
173.4,0.054,-0.046,0.022,-0.02941995,0.3334261,11.4345539,2.86999988556,-3.17469668388,-3.50999999046,-4.16135311127,-86.9009857178,-0.890918076038,-19.7269191742,-0.504538655281,97230.1879883,33.1599998474,-298.896972656,False
173.5,0.054,-0.046,0.022,-0.02941995,0.3334261,11.4345539,3.38999986649,-3.17469668388,-3.76999998093,-4.16135311127,-86.9009857178,-0.952314257622,-19.7363128662,-0.660284221172,97230.1879883,33.1100006104,-298.896972656,False
173.60000000000002,0.147,-0.066,-0.021,-0.06864655,0.0784532,10.87557485,3.77999997139,-1.37340140343,-4.02999973297,-3.04937839508,-87.3313140869,-1.00318431854,-19.7210636139,-0.742848575115,97231.1218262,33.0400009155,-300.181945801,False
173.70000000000002,0.06,0.019,-0.075,-0.1569064,0.02941995,8.3160392,4.17000007629,-1.37340140343,-4.17000007629,-3.04937839508,-87.3313140869,-1.02996361256,-19.6988201141,-0.712851583958,97224.7558594,32.969997406,-300.181945801,False
173.8,0.146,-0.006,-0.015,-0.06864655,-0.14709975,8.42391235,4.28999996185,-1.37340140343,-4.31999969482,-3.04937839508,-87.3313140869,-1.02438044548,-19.6677398682,-0.673246860504,97225.6286621,32.8899993896,-297.777954102,False
173.9,0.192,0.031,-0.005,0.0,0.53936575,5.01119815,4.46999979019,-1.37340140343,-4.38999986649,-3.04937839508,-87.3313140869,-1.03928673267,-19.6375045776,-0.393627762794,97226.159668,32.8199996948,-297.777954102,False
174.0,0.192,0.031,-0.005,0.0,0.53936575,5.01119815,4.46999979019,-1.37340140343,-4.38999986649,-3.04937839508,-87.3313140869,-1.06844747066,-19.6135005951,-0.0964161530137,97226.159668,32.8199996948,-297.777954102,False
174.10000000000002,-0.097,0.036,-0.179,-0.1765197,0.34323275,6.0997363,5.19000005722,1.5464758873,-3.81999993324,-3.41868591309,-86.5005722046,-1.12450182438,-19.5635261536,0.453182339668,97229.2236328,32.7999992371,-292.605957031,False
174.20000000000002,-0.051,-0.004,-0.189,-0.4118793,0.12748645,8.9632781,5.33999967575,1.5464758873,-3.49000000954,-3.41868591309,-86.5005722046,-1.1072152853,-19.5404129028,0.663647890091,97223.6938477,32.8600006104,-296.331207275,False
174.3,0.037,-0.04,-0.166,-0.2745862,-0.18632635,10.01258965,5.33999967575,1.5464758873,-3.49000000954,-3.41868591309,-86.5005722046,-1.09663999081,-19.5357017517,0.656526565552,97220.8129883,32.9399986267,-296.331207275,False
174.4,0.074,0.036,-0.076,-0.20593965,-0.55897905,5.91340995,5.28999996185,1.11069190502,-2.92999982834,-4.10952997208,-82.5614013672,-1.03575122356,-19.5000362396,0.878090679646,97220.8129883,33.0299987793,-285.499755859,False
174.5,0.208,0.001,0.028,-0.22555295,-0.5099458,6.99214145,5.28999996185,1.11069190502,-2.40999984741,-4.10952997208,-82.5614013672,-0.949391722679,-19.4712295532,1.2212703228,97231.036377,33.1499977112,-285.499755859,False
174.60000000000002,0.12,-0.028,0.083,-0.5295591,-0.18632635,7.8060934,5.00999975204,1.11069190502,-1.87999999523,-4.10952997208,-82.5614013672,-0.871054053307,-19.4361228943,1.47914147377,97233.0383301,33.2900009155,-291.12890625,False
174.70000000000002,0.029,-0.046,0.13,-0.36284605,0.0980665,8.63965865,5.34999990463,1.11069190502,-1.36000001431,-4.10952997208,-82.5614013672,-0.802828133106,-19.4173698425,1.63986980915,97235.0463867,33.4399986267,-291.12890625,False
174.8,0.029,-0.046,0.13,-0.36284605,0.0980665,8.63965865,5.34999990463,3.402302742,-1.36000001431,-3.84634208679,-83.3530502319,-0.752903342247,-19.4002399445,1.75840723515,97235.0463867,33.4399986267,-291.12890625,False
174.9,-0.026,-0.067,0.094,-0.0980665,0.4314926,8.9632781,5.03999996185,3.402302742,-0.829999983311,-3.84634208679,-83.3530502319,-0.713909387589,-19.4017772675,1.76881289482,97238.6230469,33.6300010681,-282.714569092,False
175.0,-0.01,-0.088,0.037,-0.1765197,0.14709975,10.3362091,7.55999994278,3.402302742,0.109999999404,-3.84634208679,-83.3530502319,-0.639216303825,-19.4043388367,1.62508106232,97236.0656738,34.0200004578,-277.189727783,False
175.10000000000002,0.082,-0.101,0.041,0.0,0.28439285,12.4936721,7.55999994278,3.402302742,0.109999999404,-3.84634208679,-83.3530502319,-0.639216303825,-19.4043388367,1.62508106232,97242.7185059,34.0200004578,-277.189727783,False
175.20000000000002,0.247,-0.082,-0.001,0.4314926,0.12748645,12.07198615,7.34999990463,3.9593706131,0.579999983311,-2.08178734779,-84.2493438721,-0.499941200018,-19.4339523315,1.1117708683,97244.909668,34.3400001526,-282.447631836,False
175.3,0.247,-0.082,-0.001,0.4314926,0.12748645,12.07198615,10.8899993896,3.9593706131,0.75,-2.08178734779,-84.2493438721,-0.440805882215,-19.442861557,0.975969016552,97244.909668,34.4599990845,-282.447631836,False
175.4,-0.052,-0.067,-0.028,0.24516625,0.4118793,10.77750835,14.0399999619,3.9593706131,0.989999949932,-2.08178734779,-84.2493438721,-0.30408757925,-19.4405326843,0.859587073326,97246.7407227,34.5599975586,-286.191162109,False
175.5,0.243,-0.062,-0.056,0.4118793,0.0392266,11.8072066,14.0,5.87423849106,1.16999995708,-0.991183578968,-83.7310562134,-0.208676442504,-19.4411487579,0.72848790884,97248.1689453,34.6499977112,-286.191162109,False
175.60000000000002,0.494,-0.126,-0.037,0.55897905,0.0196133,13.87640975,13.6799993515,5.87423849106,1.19999992847,-0.991183578968,-83.7310562134,-0.0365634560585,-19.4343109131,0.376065671444,97248.3947754,34.719997406,-287.405761719,False
175.70000000000002,0.494,-0.126,-0.037,0.55897905,0.0196133,13.87640975,20.5299987793,5.87423849106,1.10000002384,-0.991183578968,-83.7310562134,0.174280613661,-19.4074306488,0.0936351791024,97248.3947754,34.7599983215,-287.405761719,False
175.8,0.193,-0.082,-0.012,0.51975245,0.26477955,10.9246081,20.1999988556,5.87423849106,1.03999996185,-0.991183578968,-83.7310562134,0.410459935665,-19.3684597015,-0.0658423900604,97253.2653809,34.7700004578,-290.11126709,False
175.9,0.394,-0.077,-0.033,0.42168595,0.0588399,10.9246081,19.859998703,5.87423849106,1.01999998093,-0.991183578968,-83.7310562134,0.656204938889,-19.3257675171,-0.16434495151,97251.5808105,34.7599983215,-290.11126709,False
176.0,0.394,-0.077,-0.033,0.42168595,0.0588399,10.9246081,19.859998703,14.6605520248,1.03999996185,0.777594089508,-82.6249160767,0.810023128986,-19.2837924957,-0.0749651491642,97251.5808105,34.7599983215,-290.11126709,False
176.10000000000002,-0.077,-0.017,-0.148,0.24516625,1.40235095,8.42391235,23.3699989319,14.6605520248,1.25999999046,0.777594089508,-82.6249160767,0.994078457355,-19.2303237915,0.126086309552,97250.6530762,34.75,-283.622375488,False
176.20000000000002,0.007,0.016,-0.312,0.42168595,0.81395195,8.16893945,28.5799999237,16.5092163086,1.43999993801,0.367817759514,-80.9473114014,1.18069636822,-19.1948509216,0.260669976473,97251.739502,34.7599983215,-284.230041504,False
176.3,0.091,0.041,-0.349,0.30400615,0.06864655,8.2179727,28.6599998474,16.5092163086,1.67999994755,0.367817759514,-80.9473114014,1.40227591991,-19.1627922058,0.449725061655,97251.739502,34.7900009155,-284.230041504,False
176.4,0.327,-0.04,-0.302,0.3530394,-0.0196133,10.6892485,28.3699989319,16.5092163086,1.9699999094,0.367817759514,-80.9473114014,1.64467179775,-19.121963501,0.501368224621,97248.9929199,34.8499984741,-280.687713623,False
176.5,0.327,-0.04,-0.302,0.3530394,-0.0196133,10.6892485,31.1399993896,16.5092163086,2.18000006676,0.367817759514,-80.9473114014,2.00431919098,-19.0647182465,0.514757573605,97248.9929199,34.9199981689,-280.687713623,False
176.60000000000002,0.145,-0.09,-0.086,0.5099458,0.0392266,10.787315,30.4799995422,16.5092163086,2.39999985695,0.367817759514,-80.9473114014,2.49507451057,-18.9646244049,0.478781431913,97251.7944336,34.9799995422,-280.561157227,False
176.70000000000002,0.149,-0.109,-0.064,0.5295591,0.3334261,10.9246081,35.7799987793,21.4398040771,2.55999994278,-0.979957520962,-74.2830734253,2.9739408493,-18.8620319366,0.434048354626,97251.7944336,35.0400009155,-280.561157227,False
176.8,0.1,-0.148,-0.08,0.7453054,0.1569064,11.62088025,35.3199996948,21.4398040771,2.74000000954,-0.979957520962,-74.2830734253,3.38756847382,-18.7761211395,0.375564485788,97255.7556152,35.0999984741,-283.342163086,False
176.9,0.1,-0.148,-0.08,0.7453054,0.1569064,11.62088025,35.3199996948,21.4398040771,2.74000000954,-0.979957520962,-74.2830734253,3.57036852837,-18.7314357758,0.309435635805,97251.0437012,35.1499977112,-283.342163086,False
177.0,0.072,-0.125,-0.108,0.89240515,0.20593965,10.48330885,38.1599998474,21.4398040771,2.95000004768,-0.979957520962,-74.2830734253,4.25644207001,-18.5677642822,0.190429151058,97250.5554199,35.1800003052,-295.150177002,False
177.10000000000002,0.289,-0.116,-0.182,0.8041453,0.392266,10.983448,37.75,24.6120243073,3.00999999046,0.743085443974,-70.5728912354,4.60095739365,-18.4850158691,0.158075451851,97257.8857422,35.2099990845,-295.150177002,False
177.20000000000002,0.409,-0.08,-0.222,0.91201845,0.4903325,8.56120545,39.7099990845,24.6120243073,3.15999984741,0.743085443974,-70.5728912354,4.99468278885,-18.3677940369,0.210644453764,97257.8857422,35.2299995422,-296.056182861,False
177.3,0.409,-0.08,-0.222,0.91201845,0.4903325,8.56120545,39.5799980164,24.6120243073,3.48000001907,0.743085443974,-70.5728912354,5.22552585602,-18.316280365,0.341339945793,97252.3010254,35.2599983215,-297.056091309,False
177.4,0.194,-0.104,-0.29,0.91201845,0.16671305,8.85540495,43.4799995422,24.6120243073,3.78999996185,0.743085443974,-70.5728912354,5.89086771011,-18.1217498779,0.624461948872,97259.5153809,35.3099975586,-306.621826172,False
177.5,0.194,-0.104,-0.29,0.91201845,0.16671305,8.85540495,43.2799987793,31.8355522156,4.19000005722,-0.305805057287,-65.0467605591,6.25771093369,-18.0075016022,0.780210137367,97257.6477051,35.3800010681,-305.621917725,False
177.60000000000002,0.299,-0.118,-0.302,0.83356525,0.67665885,8.825985,43.0599975586,31.8355522156,4.65000009537,-0.305805057287,-65.0467605591,6.59553289413,-17.9023647308,0.95674264431,97252.7893066,35.4799995422,-316.708740234,False
177.70000000000002,0.177,-0.217,-0.356,1.26505785,0.2941995,11.05209455,43.9199981689,31.8355522156,5.21999979019,-0.305805057287,-65.0467605591,7.15647411346,-17.7356472015,1.23246216774,97268.4875488,35.5900001526,-316.708740234,False
177.8,0.177,-0.217,-0.356,1.26505785,0.2941995,11.05209455,43.2799987793,31.8355522156,5.65999984741,-0.305805057287,-65.0467605591,7.95789241791,-17.4176635742,1.20859968662,97268.4875488,35.7299995422,-323.85043335,False
177.9,0.222,-0.256,-0.312,1.4317709,0.2353596,12.3956056,44.8699989319,37.2005653381,6.02999973297,-1.53794014454,-56.7210350037,8.54195404053,-17.1611843109,1.16103434563,97257.8674316,35.8800010681,-323.85043335,False
178.0,0.26,-0.285,-0.248,1.5102241,0.18632635,12.7290317,44.8799972534,37.2005653381,6.44000005722,-1.53794014454,-56.7210350037,9.14390659332,-16.8875541687,1.14754807949,97260.4492188,36.0200004578,-335.994995117,False
178.10000000000002,0.26,-0.285,-0.248,1.5102241,0.18632635,12.7290317,44.8799972534,37.2005653381,6.8799996376,-1.53794014454,-56.7210350037,9.98571109772,-16.4572238922,1.16073775291,97277.8442383,36.1499977112,-335.994995117,False
178.20000000000002,0.216,-0.326,-0.23,1.63771055,0.392266,12.66038515,44.8799972534,37.2005653381,7.31999969482,-1.53794014454,-56.7210350037,10.7177143097,-16.052362442,1.18581223488,97277.0385742,36.2900009155,-353.914459229,False
178.3,0.075,-0.321,-0.215,1.6082906,0.83356525,12.1014061,44.4199981689,42.2208099365,7.75,-0.39325299859,-48.0488967896,11.1574029922,-15.7988872528,1.19005453587,97277.0385742,36.4300003052,-353.914459229,False
178.4,0.058,-0.278,-0.316,1.6671305,0.980665,11.09132115,44.8799972534,42.2208099365,8.25,-0.39325299859,-48.0488967896,12.0375156403,-15.2551116943,1.30822479725,97283.2946777,36.5699996948,-373.395355225,False
178.5,0.142,-0.291,-0.358,1.73577705,1.02969825,11.95430635,44.8799972534,42.2208099365,8.81999969482,-0.39325299859,-48.0488967896,12.5504961014,-14.9176206589,1.36892771721,97288.6169434,36.7399978638,-373.395355225,False
178.60000000000002,0.142,-0.291,-0.358,1.73577705,1.02969825,11.95430635,44.8799972534,42.2208099365,9.35999965668,-0.39325299859,-48.0488967896,13.3961391449,-14.2934761047,1.39966320992,97288.6169434,36.9099998474,-391.388122559,False
178.70000000000002,0.123,-0.348,-0.378,2.02997655,0.95124505,13.0624578,44.8799972534,42.2208099365,9.84000015259,-0.39325299859,-48.0488967896,14.1488418579,-13.6753025055,1.31465101242,97293.7805176,37.0900001526,-391.388122559,False
178.8,0.123,-0.348,-0.378,2.02997655,0.95124505,13.0624578,44.8799972534,42.2208099365,9.8499994278,-0.39325299859,-48.0488967896,14.403342247,-13.4537773132,1.31208002567,97293.7805176,37.0900001526,-391.388122559,False
178.9,0.122,-0.37,-0.441,2.18688295,0.7649187,13.13110435,44.8799972534,45.5004234314,10.8899993896,-1.02756094933,-32.9472389221,15.3610868454,-12.5547561646,1.31667339802,97294.1955566,37.4500007629,-419.887939453,False
179.0,0.044,-0.468,-0.378,2.44185585,0.50013915,15.102241,43.9300003052,45.5004234314,11.3699998856,-1.02756094933,-32.9472389221,16.266916275,-11.5683736801,1.1854442358,97307.3242188,37.6299972534,-446.180908203,False
179.10000000000002,0.177,-0.492,-0.336,2.4516625,0.53936575,16.23000575,43.2900009155,45.5004234314,11.779999733,-1.02756094933,-32.9472389221,16.8177757263,-10.8364181519,1.07410109043,97299.9206543,37.7999992371,-446.180908203,False
179.20000000000002,-0.119,-0.558,-0.281,2.75566865,0.1765197,17.38719045,41.1100006104,45.5004234314,12.1799993515,-1.02756094933,-32.9472389221,17.5138454437,-9.84404659271,0.947095572948,97306.854248,37.9599990845,-448.844329834,False
179.3,-0.088,-0.563,-0.232,2.59876225,0.38245935,17.30873725,41.1100006104,46.5561180115,12.1599998474,0.248533725739,-18.2262096405,18.022485733,-8.97818088531,0.757811009884,97313.4277344,38.0999984741,-448.844329834,False
179.4,0.109,-0.615,-0.215,2.89296175,0.81395195,21.81979625,35.8099975586,46.5561180115,12.6999998093,0.248533725739,-18.2262096405,18.7409324646,-7.47648906708,0.327796131372,97313.4277344,38.219997406,-486.304077148,False
179.5,0.109,-0.615,-0.215,2.89296175,0.81395195,21.81979625,31.3099994659,46.5561180115,12.6700000763,0.248533725739,-18.2262096405,19.3426856995,-5.7614402771,-0.350581049919,97308.3862305,38.2999992371,-487.304016113,False
179.60000000000002,-0.428,-0.553,-0.189,2.46146915,1.1964113,17.7892631,27.0,46.5561180115,12.5999994278,0.248533725739,-18.2262096405,19.5935401917,-4.85492801666,-0.56005692482,97314.9719238,38.3199996948,-486.685089111,False
179.70000000000002,-0.078,-0.514,-0.257,2.02997655,0.4118793,17.95597615,22.7600002289,45.353805542,12.6099996567,4.78861427307,-5.77169418335,19.808889389,-3.59912228584,-0.917946279049,97319.3908691,38.3099975586,-486.685089111,False
179.8,-0.078,-0.514,-0.257,2.02997655,0.4118793,17.95597615,17.1700000763,45.353805542,12.4299993515,4.78861427307,-5.77169418335,19.9574260712,-2.02348041534,-1.31419920921,97319.3908691,38.2599983215,-468.247406006,False
179.9,-0.396,-0.457,-0.145,2.24572285,0.8629852,17.1616375,11.2699995041,45.353805542,12.1700000763,4.78861427307,-5.77169418335,19.9852638245,-1.05531942844,-1.57050609589,97307.2143555,38.1800003052,-468.247406006,False
180.0,-0.396,-0.457,-0.145,2.24572285,0.8629852,17.1616375,5.23999977112,45.353805542,11.6999998093,4.78861427307,-5.77169418335,19.9575653076,-0.108648605645,-1.8794451952,97307.2143555,38.0599975586,-502.151306152,False
180.10000000000002,-0.326,-0.389,-0.168,2.16726965,0.91201845,18.6914749,-0.989999949932,45.353805542,11.1099996567,4.78861427307,-5.77169418335,19.7809352875,1.5514703989,-2.5834581852,97305.682373,37.9099998474,-502.151306152,False
180.20000000000002,-0.802,-0.322,-0.11,2.01036325,0.6864655,15.8475464,-7.01999998093,39.0191650391,10.3199996948,10.011136055,6.93370389938,19.6138572693,2.41957712173,-2.96990513802,97304.7973633,37.6899986267,-496.847351074,False
180.3,-1.116,-0.208,-0.093,1.8632635,0.99047165,13.7489233,-7.00999975204,39.0191650391,10.2199993134,10.011136055,6.93370389938,19.4093208313,3.26537084579,-3.31226038933,97288.1164551,37.4199981689,-496.847351074,False
180.4,-1.168,-0.116,-0.116,1.85345685,0.784532,12.52309205,-15.6199998856,39.0191650391,8.4299993515,10.011136055,6.93370389938,19.20561409,3.84637403488,-3.56100749969,97284.8388672,37.1199989319,-478.293792725,False
180.5,-1.16,-0.048,-0.137,1.1179581,0.9414384,12.6309652,-18.1599998474,39.0191650391,7.58999967575,10.011136055,6.93370389938,18.9834785461,4.25478935242,-3.72926187515,97283.7768555,36.7900009155,-478.293792725,False
180.60000000000002,-0.965,-0.032,-0.172,0.8041453,0.5491724,11.91507975,-19.8699989319,14.2445888519,6.6299996376,11.7038822174,12.0215320587,18.7804718018,4.44906902313,-3.90642476082,97271.875,36.4300003052,-500.473205566,False
180.70000000000002,-0.965,-0.032,-0.172,0.8041453,0.5491724,11.91507975,-21.1000003815,14.2445888519,5.67999982834,11.7038822174,12.0215320587,18.5706634521,4.5198059082,-4.04469347,97271.875,36.0499992371,-500.473205566,False
180.8,-0.616,0.001,-0.159,0.3138128,0.1765197,8.8848249,-21.6999988556,14.2445888519,4.69000005722,11.7038822174,12.0215320587,18.372253418,4.51784896851,-4.13380336761,97260.0769043,35.6599998474,-480.290802002,False
180.9,-0.374,-0.048,-0.127,0.3138128,0.0588399,8.46313895,-22.2099990845,14.2445888519,3.80999994278,11.7038822174,12.0215320587,18.2327308655,4.48455619812,-3.97120189667,97264.84375,35.25,-480.290802002,False
181.0,-0.285,-0.019,-0.014,0.1176798,-0.4314926,5.7663102,-22.4899997711,0.976889073849,3.0,11.4673166275,15.3067626953,18.0567951202,4.42117404938,-3.67790579796,97244.7631836,34.8600006104,-440.731628418,False
181.10000000000002,-0.631,-0.067,0.115,0.0,-0.14709975,10.7284751,-22.8099994659,0.976889073849,2.34999990463,11.4673166275,15.3067626953,17.9597415924,4.39268445969,-3.54548692703,97247.3937988,34.4799995422,-440.731628418,False
181.20000000000002,-0.613,-0.027,0.164,0.0196133,0.2549729,10.8265416,-22.6599998474,0.976889073849,1.50999999046,11.4673166275,15.3067626953,17.7441310883,4.20557546616,-3.62375473976,97224.3835449,34.1300010681,-405.569641113,False
181.3,-0.622,-0.006,0.128,-0.0392266,0.5099458,9.7478101,-22.6700000763,0.976889073849,1.52999997139,11.4673166275,15.3067626953,17.5810527802,3.96051263809,-3.61038517952,97226.5808105,33.7700004578,-405.569641113,False
181.4,-0.261,0.048,0.044,0.0784532,0.6080123,11.7875933,-21.0900001526,-10.8182849884,-0.179999992251,11.7186136246,13.830904007,17.4383659363,3.59342765808,-3.64192795753,97220.4528809,33.4099998474,-366.943725586,False
181.5,-0.154,0.04,-0.032,0.0588399,0.5099458,12.62115855,-19.6000003815,-10.8182849884,-1.20999991894,11.7186136246,13.830904007,17.2581558228,3.07586884499,-3.84492111206,97209.765625,33.0200004578,-366.943725586,False
181.60000000000002,-0.005,0.028,-0.038,0.2745862,0.3726527,15.5729602,-17.8299999237,-10.8182849884,-2.39999985695,11.7186136246,13.830904007,17.0831203461,2.55436778069,-4.27210712433,97209.765625,32.6100006104,-317.508880615,False
181.70000000000002,0.042,0.064,0.025,0.0392266,0.1569064,11.36590735,-15.7100000381,-10.8182849884,-3.86999988556,11.7186136246,13.830904007,16.9370765686,2.15742897987,-4.61189842224,97199.5422363,32.1499977112,-317.508880615,False
181.8,0.107,0.043,0.024,-0.20593965,-0.1765197,11.62088025,-13.9200000763,-15.2774066925,-5.26999998093,10.6441841125,13.9214859009,16.73869133,1.65911579132,-4.76784229279,97193.3410645,31.6399993896,-264.079864502,False
181.9,-0.04,0.118,0.092,-0.24516625,-0.02941995,10.0420096,-12.3099994659,-15.2774066925,-6.61999988556,10.6441841125,13.9214859009,16.608215332,1.38408148289,-4.82561397552,97187.4267578,31.109998703,-264.079864502,False
182.0,-0.04,0.118,0.092,-0.24516625,-0.02941995,10.0420096,-10.7299995422,-15.2774066925,-8.0,10.6441841125,13.9214859009,16.4373645782,1.04544067383,-4.82473373413,97187.4267578,30.5499992371,-208.639907837,False
182.10000000000002,-0.082,0.162,0.14,-0.57859235,-0.14709975,5.48191735,-9.76000022888,-15.2774066925,-9.10999965668,10.6441841125,13.9214859009,16.3204021454,0.849685311317,-4.42502975464,97174.9328613,30.0100002289,-208.639907837,False
182.20000000000002,-0.082,0.162,0.14,-0.57859235,-0.14709975,5.48191735,-8.80999946594,-16.0708045959,-10.0900001526,6.7129278183,12.6473865509,16.2097969055,0.672290980816,-4.15080356598,97174.9328613,29.5100002289,-165.306854248,False
182.3,-0.099,0.135,0.112,-0.4511059,-0.9218251,6.71755525,-7.82999992371,-16.0708045959,-11.029999733,6.7129278183,12.6473865509,16.0034751892,0.369623541832,-3.62275838852,97169.4580078,29.0399990082,-165.306854248,False
182.4,0.135,0.132,0.199,-0.392266,-0.87279185,7.85512665,-7.03999996185,-16.0708045959,-11.8499994278,6.7129278183,12.6473865509,15.9001464844,0.246721222997,-3.41231918335,97155.9570312,28.6299991608,-139.859390259,False
182.5,0.513,0.119,0.289,-0.392266,-0.5295591,10.16949605,-6.1299996376,-16.0708045959,-12.779999733,6.7129278183,12.6473865509,15.7818861008,0.0236806608737,-3.42857003212,97155.9570312,28.2399997711,-139.859390259,False
182.60000000000002,0.513,0.119,0.289,-0.392266,-0.5295591,10.16949605,-4.90999984741,-12.9027919769,-13.7999992371,2.69904828072,9.33868122101,15.6641721725,-0.181133300066,-3.27572083473,97151.2329102,27.8499984741,-108.821105957,False
182.70000000000002,0.246,0.269,0.382,-0.7453054,-0.00980665,4.67777205,-4.07999992371,-12.9027919769,-14.4200000763,2.69904828072,9.33868122101,15.6641721725,-0.181133300066,-3.27572083473,97142.7062988,27.4799995422,-108.821105957,False
182.8,0.152,0.246,0.181,-0.71588545,0.4118793,2.7850886,-3.47000002861,-12.9027919769,-14.7999992371,2.69904828072,9.33868122101,15.4947195053,-0.372316539288,-2.28153014183,97142.4377441,27.1700000763,-81.481552124,False
182.9,0.198,0.214,0.108,-1.0787315,0.1569064,4.6875787,-3.08999991417,-9.2260351181,-15.0899991989,-2.4306166172,5.79826307297,15.3131599426,-0.491726577282,-1.37415981293,97134.8205566,26.9200000763,-81.481552124,False
183.0,0.198,0.214,0.108,-1.0787315,0.1569064,4.6875787,-2.6099998951,-9.2260351181,-15.2699995041,-2.4306166172,5.79826307297,15.2660322189,-0.515259861946,-1.17545413971,97136.1694336,26.7399997711,-67.6622390747,False
183.10000000000002,0.134,0.173,0.015,-1.0591182,0.2941995,7.34518085,-1.97999989986,-9.2260351181,-15.4600000381,-2.4306166172,5.79826307297,15.1295156479,-0.690620660782,-0.640794456005,97130.5053711,26.5999984741,-67.6622390747,False
183.20000000000002,0.134,0.173,0.015,-1.0591182,0.2941995,7.34518085,-1.97999989986,-9.2260351181,-15.4600000381,-2.4306166172,5.79826307297,15.1295156479,-0.690620660782,-0.640794456005,97130.5053711,26.5999984741,-67.6622390747,False
183.3,0.109,0.204,0.034,-1.0591182,0.00980665,6.1781895,-0.919999957085,-6.99328374863,-15.7100000381,-6.80862951279,4.97914266586,15.0325813293,-0.790361344814,-0.222227007151,97131.4758301,26.4300003052,-44.7549819946,False
183.4,0.271,0.153,0.083,-1.2160246,0.14709975,6.2566427,-0.610000014305,-6.99328374863,-15.6999998093,-6.80862951279,4.97914266586,14.9432735443,-0.858189105988,0.2525613904,97130.2062988,26.3899993896,-28.1492233276,False
183.5,0.271,0.153,0.083,-1.2160246,0.14709975,6.2566427,-0.319999992847,-6.99328374863,-15.6599998474,-6.80862951279,4.97914266586,14.9122915268,-0.890634775162,0.470179498196,97130.2062988,26.3799991608,-28.1492233276,False
183.60000000000002,0.188,0.12,0.144,-1.2160246,-0.3138128,8.3356525,-0.0799999982119,-2.05184936523,-15.7299995422,-10.1285333633,3.69749140739,14.9074106216,-0.885812997818,0.535304248333,97131.2072754,26.3899993896,-16.3236618042,False
183.70000000000002,0.188,0.12,0.144,-1.2160246,-0.3138128,8.3356525,-0.0799999982119,-2.05184936523,-15.7299995422,-10.1285333633,3.69749140739,14.9073991776,-0.893131136894,0.616984188557,97131.2072754,26.3899993896,-16.3236618042,False
183.8,0.071,0.087,0.152,-1.1964113,-0.0392266,8.01203305,0.00999999977648,-2.05184936523,-15.7599992752,-10.1285333633,3.69749140739,14.9043550491,-0.903215289116,0.760504722595,97130.5541992,26.3999996185,-16.3236618042,False
183.9,-0.008,0.127,0.104,-1.30428445,0.3726527,5.491724,0.25,-2.05184936523,-15.6199998856,-10.1285333633,3.69749140739,14.8926639557,-0.915375471115,1.13361763954,97131.9641113,26.4799995422,-0.79402923584,False
184.0,-0.053,0.083,0.055,-1.20621795,0.22555295,4.06975975,0.389999985695,-1.06705546379,-15.2699995041,-13.0395307541,0.856238901615,14.842209816,-0.913157641888,1.57410049438,97134.588623,26.5599994659,7.76128768921,False
184.10000000000002,0.019,0.028,0.024,-1.20621795,0.20593965,5.6290171,0.599999964237,-1.06705546379,-14.7699995041,-13.0395307541,0.856238901615,14.8083677292,-0.932699799538,2.05286693573,97138.8366699,26.6800003052,7.76128768921,False
184.20000000000002,0.019,0.028,0.024,-1.20621795,0.20593965,5.6290171,0.870000004768,-1.06705546379,-14.2599992752,-13.0395307541,0.856238901615,14.8121089935,-0.964950740337,2.49438238144,97138.8366699,26.859998703,9.53817367554,False
184.3,0.018,0.032,-0.024,-1.08853815,0.6864655,8.40429905,1.09000003338,-1.06705546379,-13.7399997711,-13.0395307541,0.856238901615,14.843167305,-0.997199892998,2.6023004055,97140.2770996,27.0699996948,9.53817367554,False
184.4,0.018,0.032,-0.024,-1.08853815,0.6864655,8.40429905,1.09000003338,-1.06705546379,-13.7399997711,-13.0395307541,0.856238901615,14.9065904617,-1.02208328247,2.73652100563,97140.2770996,27.0699996948,9.53817367554,False
184.5,0.062,0.015,-0.092,-0.980665,-0.18632635,9.0809579,1.53999996185,-0.503409862518,-12.7100000381,-14.6427459717,0.984959483147,15.0131063461,-1.03190803528,2.84740424156,97144.8730469,27.5599994659,20.8815574646,False
184.60000000000002,0.083,-0.004,-0.048,-0.9610517,-0.30400615,9.11037785,1.63999998569,-0.503409862518,-12.1799993515,-14.6427459717,0.984959483147,15.0984725952,-1.00838649273,2.96153068542,97149.9816895,27.8199996948,7.57522583008,False
184.70000000000002,0.201,0.013,-0.01,-0.9610517,-0.196133,8.8455983,1.65999996662,-0.503409862518,-11.6300001144,-14.6427459717,0.984959483147,15.2068347931,-0.988790988922,3.02154350281,97150.9094238,28.0799999237,7.57522583008,False
184.8,-0.119,-0.008,0.04,-0.8825985,-0.0588399,9.20844435,1.64999997616,0.992104828358,-11.0699996948,-15.0969142914,1.93353652954,15.3070983887,-0.961973667145,3.09252047539,97159.6801758,28.359998703,-8.17890167236,False
184.9,-0.237,-0.044,0.066,-0.79433865,0.08825985,10.2381426,1.59999990463,0.992104828358,-10.4799995422,-15.0969142914,1.93353652954,15.4211387634,-0.942739129066,3.15900945663,97159.8754883,28.6299991608,-8.17890167236,False
185.0,-0.133,-0.048,0.078,-0.7453054,0.0784532,9.81645665,1.59999990463,0.992104828358,-9.92000007629,-15.0969142914,1.93353652954,15.5927371979,-0.93661147356,3.14960408211,97159.8754883,28.9200000763,-29.0943145752,False
185.10000000000002,0.099,-0.024,0.068,-0.7453054,-0.0784532,10.46369555,1.79999995232,0.992104828358,-9.35999965668,-15.0969142914,1.93353652954,15.7005720139,-0.942952573299,3.13208031654,97168.1945801,29.1999988556,-29.0943145752,False
185.20000000000002,0.276,-0.097,0.076,-0.6472389,0.04903325,12.99381125,1.88999998569,0.992104828358,-8.89999961853,-15.0969142914,1.93353652954,15.8987579346,-0.948956012726,2.87658143044,97176.6723633,29.4799995422,-46.7790603638,False
185.3,0.276,-0.097,0.076,-0.6472389,0.04903325,12.99381125,1.94999992847,0.560233294964,-8.5999994278,-14.1330461502,-0.143365249038,16.0260848999,-0.934486806393,2.70580649376,97176.6723633,29.7299995422,-46.7790603638,False
185.4,-0.031,-0.061,0.135,-0.6668522,0.14709975,9.91452315,1.92999994755,0.560233294964,-8.28999996185,-14.1330461502,-0.143365249038,16.2815742493,-0.913849592209,2.45110845566,97181.0119629,29.9599990845,-75.5060195923,False
185.5,-0.031,-0.061,0.135,-0.6668522,0.14709975,9.91452315,2.07999992371,0.560233294964,-7.89999961853,-14.1330461502,-0.143365249038,16.3504581451,-0.919612288475,2.45296955109,97181.0119629,30.1700000763,-75.5060195923,False
185.60000000000002,-0.159,-0.026,0.062,-0.73549875,-0.3334261,8.22777935,2.06999993324,0.560233294964,-7.90999984741,-14.1330461502,-0.143365249038,16.420633316,-0.897348344326,2.5317504406,97184.7412109,30.1700000763,-75.5060195923,False
185.70000000000002,-0.064,-0.136,0.163,-0.4903325,-0.20593965,9.12999115,1.9699999094,-1.51314425468,-6.83999967575,-12.8859872818,-2.93401479721,16.5182285309,-0.853501021862,2.7210817337,97193.6950684,30.609998703,-115.167427063,False
185.8,-0.064,-0.136,0.163,-0.4903325,-0.20593965,9.12999115,2.00999999046,-1.51314425468,-6.25,-12.8859872818,-2.93401479721,16.6018123627,-0.857418894768,2.79694509506,97193.6950684,30.859998703,-129.820068359,False
185.9,0.007,-0.113,0.164,-0.32361945,0.0980665,9.38496405,2.20000004768,-1.51314425468,-5.63999986649,-12.8859872818,-2.93401479721,16.7095031738,-0.882292032242,2.84448599815,97197.6257324,31.109998703,-129.820068359,False
186.0,0.007,-0.113,0.164,-0.32361945,0.0980665,9.38496405,2.45000004768,-1.51314425468,-5.06999969482,-12.8859872818,-2.93401479721,16.8104801178,-0.908178985119,2.74620246887,97197.6257324,31.3799991608,-145.866210938,False
186.10000000000002,-0.072,-0.101,0.117,-0.4511059,0.4118793,10.81673495,2.75999999046,-0.146574527025,-4.63000011444,-10.5447616577,-6.18618297577,16.9541816711,-0.950314283371,2.53831338882,97203.3569336,31.6399993896,-145.866210938,False
186.20000000000002,-0.006,-0.106,0.089,-0.4118793,0.5491724,10.3558224,3.00999999046,-0.146574527025,-4.13999986649,-10.5447616577,-6.18618297577,17.0149803162,-0.978833436966,2.5268573761,97208.190918,31.8799991608,-70.1459884644,False
186.3,-0.006,-0.106,0.089,-0.4118793,0.5491724,10.3558224,3.00999999046,-0.146574527025,-4.13999986649,-10.5447616577,-6.18618297577,17.0684528351,-1.00794303417,2.52244663239,97208.190918,31.8799991608,-70.1459884644,False
186.4,0.026,-0.1,0.017,-0.08825985,0.8825985,13.6312435,3.82999992371,-0.146574527025,-3.22000002861,-10.5447616577,-6.18618297577,17.2004871368,-1.09296369553,2.27367329597,97210.9741211,32.3499984741,-98.6261367798,False
186.5,0.277,-0.083,-0.096,0.0588399,0.89240515,12.64077185,4.48999977112,0.0748025476933,-3.0,-8.36548519135,-7.52121925354,17.3657779694,-1.20265591145,1.83289241791,97216.6320801,32.5499992371,-98.6261367798,False
186.60000000000002,0.023,-0.084,-0.152,-0.06864655,0.6080123,12.552512,4.96999979019,0.0748025476933,-2.81999993324,-8.36548519135,-7.52121925354,17.4646892548,-1.24403107166,1.56609475613,97222.3388672,32.7099990845,-118.968772888,False
186.70000000000002,0.109,-0.072,-0.163,0.1765197,0.36284605,11.52281375,5.25999975204,0.0748025476933,-2.65999984741,-8.36548519135,-7.52121925354,17.559047699,-1.26110076904,1.3612395525,97225.3967285,32.8499984741,-118.968772888,False
186.8,-0.142,-0.083,-0.143,-0.0784532,0.0196133,12.0621795,5.44999980927,0.0748025476933,-2.55999994278,-8.36548519135,-7.52121925354,17.6472244263,-1.25826871395,1.12653875351,97229.3945312,32.9599990845,-142.75378418,False
186.9,-0.114,-0.115,-0.104,-0.06864655,-0.0588399,11.42474725,5.57999992371,1.03454959393,-2.47000002861,-6.69029140472,-4.0038485527,17.7158794403,-1.24347734451,0.961990952492,97229.3945312,33.0599975586,-142.75378418,False
187.0,0.07,-0.103,-0.062,0.18632635,-0.0196133,11.4345539,5.67000007629,1.03454959393,-2.40999984741,-6.69029140472,-4.0038485527,17.7779350281,-1.22733914852,0.761567234993,97227.0751953,33.1300010681,-158.283233643,False
187.10000000000002,0.202,-0.112,-0.041,0.0196133,0.1569064,11.40513395,5.82999992371,1.03454959393,-2.39999985695,-6.69029140472,-4.0038485527,17.8398571014,-1.22459554672,0.572779238224,97233.1848145,33.2000007629,-158.283233643,False
187.20000000000002,0.25,-0.084,-0.054,0.02941995,0.06864655,10.6107953,5.90000009537,1.03454959393,-2.37999987602,-6.69029140472,-4.0038485527,17.8744106293,-1.18683516979,0.436925321817,97232.4523926,33.2399978638,-177.651397705,False
187.3,0.25,-0.084,-0.054,0.02941995,0.06864655,10.6107953,5.90000009537,1.03454959393,-2.37999987602,-6.69029140472,-4.0038485527,17.8971309662,-1.14538991451,0.390615522861,97232.4523926,33.2799987793,-177.651397705,False
187.4,0.12,-0.077,0.005,0.1176798,-0.0588399,9.1397978,5.46999979019,3.3102107048,-2.25,-4.55126714706,-2.34445810318,17.9132041931,-1.03907418251,0.40130507946,97229.8034668,33.3099975586,-185.788146973,False
187.5,-0.107,-0.055,0.001,0.06864655,0.36284605,9.4536106,5.25999975204,3.3102107048,-2.18000006676,-4.55126714706,-2.34445810318,17.9383468628,-0.985514521599,0.373981505632,97236.6699219,33.3499984741,-185.788146973,False
187.60000000000002,-0.107,-0.055,0.001,0.06864655,0.36284605,9.4536106,5.0499997139,3.3102107048,-2.08999991417,-4.55126714706,-2.34445810318,17.9262599945,-0.917710363865,0.331211745739,97236.6699219,33.3800010681,-198.017120361,False
187.70000000000002,0.205,-0.071,-0.068,0.0,0.3334261,11.1991943,4.94000005722,3.35313653946,-2.04999995232,-3.33051300049,-2.17350196838,17.9398784637,-0.873317718506,0.186896890402,97235.534668,33.4199981689,-198.017120361,False
187.8,0.056,-0.085,-0.083,0.22555295,0.0392266,12.1406327,4.73999977112,3.35313653946,-2.04999995232,-3.33051300049,-2.17350196838,17.938709259,-0.822521805763,0.105153612792,97228.6987305,33.4399986267,-200.889205933,False
187.9,-0.046,-0.047,-0.046,0.1372931,-0.1765197,10.4342756,4.94999980927,3.35313653946,-2.12999987602,-3.33051300049,-2.17350196838,17.9426460266,-0.71472132206,-0.0332435742021,97228.6987305,33.4599990845,-200.889205933,False
188.0,-0.046,-0.047,-0.046,0.1372931,-0.1765197,10.4342756,4.44999980927,3.35313653946,-2.16999983788,-3.33051300049,-2.17350196838,17.9283561707,-0.598564743996,-0.0902649611235,97234.8632812,33.4500007629,-201.005737305,False
188.10000000000002,0.1,-0.004,0.011,-0.0784532,0.2549729,5.85457005,4.76999998093,4.49508476257,-2.11999988556,-2.30295276642,-0.753041744232,17.9136238098,-0.510610103607,0.115342229605,97238.2507324,33.4500007629,-201.005737305,False
188.20000000000002,-0.218,-0.061,0.016,-0.02941995,0.784532,10.395049,4.48999977112,4.49508476257,-1.84999990463,-2.30295276642,-0.753041744232,17.8818435669,-0.466534793377,0.348500460386,97235.0769043,33.4599990845,-203.362945557,False
188.3,-0.168,-0.049,-0.065,0.2353596,0.51975245,14.60210185,6.55999994278,4.49508476257,-1.84999990463,-2.30295276642,-0.753041744232,17.8865413666,-0.434369027615,-0.00156557443552,97236.3708496,33.4899978638,-203.362945557,False
188.4,-0.085,-0.027,-0.099,0.0392266,-0.02941995,14.30790235,6.53999996185,4.49508476257,-2.15999984741,-2.30295276642,-0.753041744232,17.8740730286,-0.389494925737,-0.45381423831,97237.5854492,33.5,-203.66859436,False
188.5,-0.085,-0.027,-0.099,0.0392266,-0.02941995,14.30790235,6.46000003815,2.24822211266,-2.49000000954,-1.57510101795,0.26006051898,17.849779129,-0.327623695135,-0.725520193577,97237.5854492,33.4599990845,-203.66859436,False
188.60000000000002,0.06,-0.015,-0.063,0.0,-0.06864655,10.67944185,8.46000003815,2.24822211266,-2.71000003815,-1.57510101795,0.26006051898,17.814704895,-0.279818326235,-0.78269636631,97241.973877,33.3899993896,-203.461837769,False
188.70000000000002,0.262,-0.091,-0.04,0.00980665,-0.16671305,12.6113519,8.27999973297,2.24822211266,-3.07999992371,-1.57510101795,0.26006051898,17.7655906677,-0.183711603284,-1.05526232719,97238.1225586,33.3099975586,-204.461761475,False
188.8,0.086,-0.053,0.028,-0.06864655,0.00980665,9.71839015,7.94000005722,4.47441482544,-3.4399998188,-0.99656021595,0.8350892663,17.6955280304,-0.0588631890714,-1.21981203556,97237.2802734,33.2000007629,-201.280502319,False
188.9,-0.013,-0.003,0.039,-0.1569064,0.28439285,7.83551335,13.6499996185,4.47441482544,-3.70999979973,-0.99656021595,0.8350892663,17.635017395,0.0109175667167,-1.1459852457,97231.3415527,33.0900001526,-201.280502319,False
189.0,0.186,0.018,-0.03,-0.10787315,5.94479285376e-16,4.85429175,13.8099994659,4.47441482544,-3.80999994278,-0.99656021595,0.8350892663,17.5940380096,0.0559071078897,-0.921819448471,97232.5439453,32.9799995422,-191.254241943,False
189.10000000000002,0.183,-0.01,-0.056,-0.48052585,0.24516625,6.0016698,15.6899995804,5.51202392578,-3.65999984741,-1.06088912487,0.703958332539,17.5063591003,0.114701040089,-0.402122616768,97228.9916992,32.9099998474,-191.254241943,False
189.20000000000002,0.429,0.003,-0.086,-0.392266,-0.0980665,8.0610663,15.7699995041,5.51202392578,-3.53999996185,-1.06088912487,0.703958332539,17.4335689545,0.22789862752,-0.256704539061,97228.125,32.8800010681,-183.527191162,False
189.3,0.488,-0.061,-0.039,-0.0784532,-0.42168595,12.52309205,15.4899997711,5.51202392578,-3.5,-1.06088912487,0.703958332539,17.3635635376,0.488149911165,-0.32792365551,97226.8859863,32.8600006104,-183.527191162,False
189.4,0.395,-0.028,0.027,-0.1176798,-0.18632635,12.30734575,21.4499988556,5.51202392578,-3.63999986649,-1.06088912487,0.703958332539,17.3070163727,0.723659455776,-0.509928584099,97228.0944824,32.8499984741,-168.427856445,False
189.5,0.242,-0.008,0.095,-0.16671305,0.00980665,9.8654899,20.7899990082,5.51202392578,-3.83999991417,-1.06088912487,0.703958332539,17.240606308,1.01452946663,-0.613760709763,97226.4953613,32.8199996948,-169.427780151,False
189.60000000000002,0.175,-0.009,0.093,-0.22555295,0.5099458,8.26700595,21.8199996948,15.3027191162,-3.91999983788,-0.74238473177,1.3972209692,17.1634368896,1.25275218487,-0.521711289883,97230.4443359,32.7700004578,-152.51473999,False
189.70000000000002,0.184,-0.022,-0.023,-0.2549729,0.38245935,6.08992965,21.5499992371,15.3027191162,-3.88999986649,-0.74238473177,1.3972209692,17.1203193665,1.42171669006,-0.368895679712,97227.8503418,32.7299995422,-151.514816284,False
189.8,0.184,-0.022,-0.023,-0.2549729,0.38245935,6.08992965,27.359998703,15.3027191162,-3.65999984741,-0.74238473177,1.3972209692,17.0440425873,1.61705136299,0.0177425015718,97227.8503418,32.7099990845,-160.680007935,False
189.9,-0.095,0.023,-0.103,-0.20593965,0.46091255,7.7276402,27.3699989319,15.3027191162,-3.50999999046,-0.74238473177,1.3972209692,16.9923381805,1.81638932228,0.243038311601,97224.3652344,32.719997406,-160.680007935,False
190.0,0.247,0.037,-0.219,-0.1372931,0.50013915,6.69794195,27.3899993896,17.7345046997,-3.21000003815,-1.57284009457,2.34345126152,16.9390144348,1.99908912182,0.540259420872,97224.987793,32.7700004578,-159.023284912,False
190.10000000000002,0.181,0.008,-0.267,-0.392266,0.4903325,7.61976705,31.2899990082,17.7345046997,-2.82999992371,-1.57284009457,2.34345126152,16.8983631134,2.21077561378,0.788553118706,97224.987793,32.8400001526,-159.023284912,False
190.20000000000002,0.232,-0.018,-0.292,-0.0980665,0.26477955,7.8257067,31.3400001526,17.7345046997,-2.39999985695,-1.57284009457,2.34345126152,16.8531093597,2.44197154045,1.04150784016,97229.0466309,32.9300003052,-155.689056396,False
190.3,0.232,-0.018,-0.292,-0.0980665,0.26477955,7.8257067,33.5799980164,17.7345046997,-1.9699999094,-1.57284009457,2.34345126152,16.8145923615,2.70407867432,1.12153220177,97229.0466309,33.0499992371,-155.689056396,False
190.4,0.349,-0.082,-0.204,-0.04903325,-0.91201845,9.0417313,33.1899986267,22.5133171082,-1.50999999046,-3.65516471863,7.80042886734,16.7521972656,3.11436152458,1.30511343479,97229.7424316,33.1899986267,-142.933181763,False
190.5,0.349,-0.082,-0.204,-0.04903325,-0.91201845,9.0417313,32.6599998474,22.5133171082,-0.959999978542,-3.65516471863,7.80042886734,16.7118167877,3.38034296036,1.42666113377,97229.7424316,33.3400001526,-142.933181763,False
190.60000000000002,0.671,-0.181,0.023,-0.1569064,-0.0980665,14.71978165,35.1499977112,22.5133171082,-0.589999973774,-3.65516471863,7.80042886734,16.6000347137,4.15962123871,1.33046519756,97232.7331543,33.5099983215,-149.822525024,False
190.70000000000002,0.671,-0.181,0.023,-0.1569064,-0.0980665,14.71978165,34.0299987793,22.5133171082,-0.329999983311,-3.65516471863,7.80042886734,16.4890975952,4.87533807755,1.10757267475,97232.7331543,33.6499977112,-148.822601318,False
190.8,0.308,-0.232,0.019,0.28439285,0.4903325,10.99325465,35.0999984741,31.5732707977,0.0299999993294,-2.43672156334,10.8839111328,16.3285675049,5.64123678207,1.06791949272,97240.5761719,33.7700004578,-159.432983398,False
190.9,0.308,-0.232,0.019,0.28439285,0.4903325,10.99325465,34.2099990845,31.5732707977,0.379999995232,-2.43672156334,10.8839111328,16.2248382568,6.11887216568,1.10277485847,97240.5761719,33.8899993896,-160.432907104,False
191.0,-0.166,-0.175,-0.124,0.46091255,0.97085835,11.26784085,36.5999984741,31.5732707977,0.680000007153,-2.43672156334,10.8839111328,16.0653400421,6.86501407623,1.11601054668,97247.6928711,34.0200004578,-207.435134888,False
191.10000000000002,-0.166,-0.175,-0.124,0.46091255,0.97085835,11.26784085,35.969997406,34.7378158569,1.00999999046,0.107679001987,13.7761955261,15.9320802689,7.48444366455,1.10578036308,97247.6928711,34.1399993896,-206.435211182,False
191.20000000000002,0.028,-0.154,-0.31,0.392266,0.65704555,10.64021525,35.2299995422,34.7378158569,1.31999993324,0.107679001987,13.7761955261,15.7638578415,8.1733417511,1.15271353722,97250.7507324,34.2700004578,-218.970306396,False
191.3,-0.219,-0.15,-0.344,0.48052585,0.71588545,10.91480145,36.9099998474,34.7378158569,1.7199999094,0.107679001987,13.7761955261,15.636724472,8.60362911224,1.15878677368,97244.8364258,34.4099998474,-218.970306396,False
191.4,-0.219,-0.15,-0.344,0.48052585,0.71588545,10.91480145,36.3600006104,34.7378158569,2.05999994278,0.107679001987,13.7761955261,15.4752550125,9.18609333038,1.17671823502,97244.8364258,34.5400009155,-247.218505859,False
191.5,-0.155,-0.127,-0.394,0.44129925,1.0002783,11.20900095,39.1800003052,34.7378158569,2.37999987602,0.107679001987,13.7761955261,15.3507461548,9.60864639282,1.16136574745,97258.807373,34.6800003052,-247.218505859,False
191.60000000000002,-0.102,-0.148,-0.405,0.55897905,0.38245935,11.18938765,38.7599983215,32.3658332825,2.75,-1.79740488529,22.5438861847,15.0884399414,10.4079523087,1.15545165539,97254.7485352,34.8199996948,-267.43649292,False
191.70000000000002,0.148,-0.161,-0.4,0.3530394,0.69627215,11.2776475,40.4599990845,32.3658332825,3.13999986649,-1.79740488529,22.5438861847,14.9660463333,10.751619339,1.15060126781,97252.2766113,34.9599990845,-267.43649292,False
191.8,0.142,-0.261,-0.316,0.4903325,0.392266,12.99381125,39.9099998474,33.1757545471,3.48000001907,-2.94879961014,29.9685382843,14.6474933624,11.5450553894,1.05062603951,97251.4770508,35.0999984741,-303.225341797,False
191.9,0.142,-0.261,-0.316,0.4903325,0.392266,12.99381125,39.9099998474,33.1757545471,3.5,-2.94879961014,29.9685382843,14.484085083,11.9048318863,1.03950309753,97251.4770508,35.0999984741,-303.225341797,False
192.0,0.17,-0.307,-0.206,0.7256921,0.04903325,12.2386992,42.5799980164,33.1757545471,4.31999969482,-2.94879961014,29.9685382843,14.0507421494,12.7862110138,1.12924444675,97261.3098145,35.3699989319,-327.089111328,False
192.10000000000002,0.124,-0.319,-0.147,0.77472535,0.65704555,14.8668814,42.0400009155,33.1757545471,4.73000001907,-2.94879961014,29.9685382843,13.672545433,13.4535942078,1.06132245064,97259.3078613,35.5200004578,-327.089111328,False
192.20000000000002,0.373,-0.303,-0.195,1.0591182,0.91201845,14.1608026,41.1699981689,33.1757545471,5.00999975204,-2.94879961014,29.9685382843,13.1346416473,14.3292102814,0.812206506729,97267.4560547,35.6499977112,-358.791168213,False
192.3,0.373,-0.303,-0.195,1.0591182,0.91201845,14.1608026,42.0499992371,39.269859314,5.28999996185,-0.567714035511,39.7776756287,12.893280983,14.7116975784,0.770399332047,97267.4560547,35.7700004578,-358.791168213,False
192.4,-0.051,-0.292,-0.307,1.34351105,1.176798,13.3174307,41.3999977112,39.269859314,5.60999965668,-0.567714035511,39.7776756287,12.2766103745,15.6385784149,0.71044921875,97262.8601074,35.8699989319,-376.816741943,False
192.5,-0.073,-0.288,-0.332,1.63771055,0.5491724,13.5724036,43.0200004578,39.269859314,5.80999994278,-0.567714035511,39.7776756287,11.8850975037,16.2065086365,0.603827536106,97279.1442871,35.9599990845,-376.816741943,False
192.60000000000002,0.106,-0.231,-0.377,1.40235095,0.6668522,11.0030613,42.3199996948,39.269859314,5.98999977112,-0.567714035511,39.7776756287,11.4242944717,16.8206348419,0.599113225937,97273.3154297,36.0400009155,-408.718200684,False
192.70000000000002,0.106,-0.231,-0.377,1.40235095,0.6668522,11.0030613,41.8199996948,40.4609260559,6.34999990463,-0.956743359566,48.8356552124,10.9691925049,17.4169425964,0.619243562222,97273.3154297,36.1300010681,-408.718200684,False
192.8,-0.19,-0.306,-0.336,1.4317709,0.5295591,15.0826277,41.8899993896,40.4609260559,6.50999975204,-0.956743359566,48.8356552124,10.2190284729,18.2333869934,0.382669568062,97280.7006836,36.2099990845,-452.050109863,False
192.9,-0.19,-0.306,-0.336,1.4317709,0.5295591,15.0826277,40.6399993896,40.4609260559,6.59999990463,-0.956743359566,48.8356552124,9.94396305084,18.5246963501,0.328412145376,97277.8747559,36.2900009155,-451.050170898,False
193.0,0.042,-0.338,-0.246,1.6279039,0.2353596,12.7290317,39.6899986267,39.8220901489,6.77999973297,-0.615310013294,57.1519241333,9.06142520905,19.3568916321,0.2313683182,97278.2775879,36.3499984741,-480.711181641,False
193.10000000000002,-0.03,-0.371,-0.198,1.7259704,0.4707192,16.99492445,38.2900009155,39.8220901489,6.89999961853,-0.615310013294,57.1519241333,8.28270816803,19.9817390442,-0.0562658533454,97286.1206055,36.4099998474,-480.711181641,False
193.20000000000002,-0.03,-0.371,-0.198,1.7259704,0.4707192,16.99492445,36.5099983215,39.8220901489,6.90999984741,-0.615310013294,57.1519241333,7.52729654312,20.5215415955,-0.238631129265,97286.1206055,36.4399986267,-525.08795166,False
193.3,-0.048,-0.356,-0.217,1.3925443,0.4118793,14.4942287,34.5799980164,39.8220901489,6.92000007629,-0.615310013294,57.1519241333,6.88176584244,20.9338169098,-0.408289402723,97283.4106445,36.4500007629,-525.08795166,False
193.4,-0.048,-0.356,-0.217,1.3925443,0.4118793,14.4942287,34.5699996948,39.8220901489,6.90999984741,-0.615310013294,57.1519241333,6.0424990654,21.3992595673,-0.648063600063,97283.4106445,36.4500007629,-565.619628906,False
193.5,-0.112,-0.316,-0.239,1.4317709,0.83356525,14.3569356,29.5499992371,39.2718887329,6.63999986649,2.27496862411,67.2326507568,5.17803859711,21.8170967102,-0.976995408535,97286.9995117,36.4099998474,-565.619628906,False
193.60000000000002,-0.105,-0.306,-0.32,1.2944778,0.28439285,14.62171515,26.9300003052,39.2718887329,6.44000005722,2.27496862411,67.2326507568,4.03347826004,22.264673233,-1.2786552906,97286.9995117,36.3499984741,-582.414245605,False
193.70000000000002,-0.105,-0.306,-0.32,1.2944778,0.28439285,14.62171515,26.9300003052,39.2718887329,6.44000005722,2.27496862411,67.2326507568,3.6717505455,22.4032039642,-1.35619175434,97281.2194824,36.3499984741,-582.414245605,False
193.8,-0.242,-0.316,-0.222,1.2552512,0.2941995,13.99408955,20.5299987793,37.361076355,5.92000007629,3.65663409233,75.5504608154,2.36906695366,22.7722873688,-1.63868784904,97282.7392578,36.1800003052,-604.075805664,False
193.9,-0.216,-0.293,-0.219,1.16699135,0.3334261,14.2392558,17.0699996948,37.361076355,5.56999969482,3.65663409233,75.5504608154,1.72328567505,22.924987793,-1.78612554073,97276.4831543,36.0599975586,-604.075805664,False
194.0,-0.216,-0.293,-0.219,1.16699135,0.3334261,14.2392558,13.4899997711,37.361076355,5.15999984741,3.65663409233,75.5504608154,0.921486079693,23.0496463776,-1.97741675377,97276.4831543,35.9300003052,-618.947814941,False
194.10000000000002,-0.273,-0.272,-0.201,0.9218251,0.10787315,13.91563635,9.75,37.361076355,4.75,3.65663409233,75.5504608154,0.317530423403,23.1091117859,-2.1144862175,97270.9838867,35.7700004578,-618.947814941,False
194.20000000000002,-0.302,-0.254,-0.146,0.85317855,0.2941995,13.87640975,5.77999973297,32.7114257812,4.17999982834,5.61913537979,82.1857910156,-0.719839930534,23.1449222565,-2.4014544487,97273.0834961,35.5900001526,-636.010925293,False
194.3,-0.372,-0.22,-0.106,0.6080123,0.4314926,13.30762405,2.24000000954,32.7114257812,3.61999988556,5.61913537979,82.1857910156,-0.9623067379,23.1375999451,-2.44814443588,97269.3725586,35.3899993896,-636.010925293,False
194.4,-0.428,-0.188,-0.115,0.5687857,0.5687857,13.0232312,-1.02999997139,32.7114257812,2.98000001907,5.61913537979,82.1857910156,-1.53708803654,23.0820140839,-2.61013174057,97268.2495117,35.1699981689,-638.44909668,False
194.5,-0.615,-0.119,-0.175,0.42168595,0.50013915,12.0229529,-3.97000002861,32.7114257812,2.31999993324,5.61913537979,82.1857910156,-2.23863792419,22.9509296417,-2.84164428711,97252.2033691,34.9399986267,-638.44909668,False
194.60000000000002,-0.481,-0.125,-0.207,0.30400615,0.4511059,13.07226445,-6.75999975204,23.1559238434,1.54999995232,7.02282810211,86.7226791382,-2.70967698097,22.7861061096,-2.98837518692,97243.6523438,34.6800003052,-630.617919922,False
194.70000000000002,-0.569,-0.076,-0.198,0.08825985,0.77472535,11.1207411,-8.84000015259,23.1559238434,0.819999992847,7.02282810211,86.7226791382,-3.00797772408,22.6470108032,-3.07574343681,97235.8154297,34.3999977112,-630.617919922,False
194.8,-0.541,-0.055,-0.21,0.12748645,0.24516625,11.24822755,-10.8199996948,23.1559238434,0.0,7.02282810211,86.7226791382,-3.11873149872,22.5814399719,-3.11192059517,97247.5830078,34.0900001526,-610.04675293,False
194.9,-0.611,-0.016,-0.206,0.02941995,0.34323275,8.63965865,-12.1999998093,23.1559238434,-0.680000007153,7.02282810211,86.7226791382,-3.38813185692,22.3743610382,-3.10947299004,97239.6911621,33.7799987793,-610.04675293,False
195.0,-0.376,-0.036,-0.191,-0.10787315,0.3726527,12.36618565,-13.7399997711,11.126241684,-1.59999990463,6.35955905914,91.6885147095,-3.38813185692,22.3743610382,-3.10947299004,97237.8723145,33.469997406,-583.870910645,False
195.10000000000002,-0.436,-0.03,-0.114,-0.0784532,0.0784532,10.7284751,-13.7399997711,11.126241684,-1.61000001431,6.35955905914,91.6885147095,-3.65477180481,22.0890197754,-3.37888765335,97228.8085938,33.469997406,-583.870910645,False
195.20000000000002,-0.422,-9.062386313690001e-18,-0.074,-0.18632635,0.1372931,9.60071035,-15.0399999619,11.126241684,-2.50999999046,6.35955905914,91.6885147095,-3.69693255424,21.982585907,-3.36760854721,97228.2897949,33.1399993896,-583.870910645,False
195.3,-0.487,0.006,-0.02,-0.2941995,0.1569064,8.50236555,-15.9899997711,11.126241684,-3.29999995232,6.35955905914,91.6885147095,-3.75973296165,21.7532978058,-3.28258991241,97224.7802734,32.4599990845,-589.014221191,False
195.4,-0.419,0.008,-0.021,-0.3726527,-0.0980665,8.42391235,-17.2199993134,11.126241684,-4.73000001907,6.35955905914,91.6885147095,-3.75905323029,21.5912666321,-3.13932967186,97222.668457,32.1499977112,-551.288818359,False
195.5,-0.399,0.017,0.02,-0.69627215,0.392266,8.44352565,-17.2199993134,-1.86612379551,-4.73000001907,5.7779378891,93.8181991577,-3.69138741493,21.4283313751,-2.99348807335,97213.8183594,32.1499977112,-551.288818359,False
195.60000000000002,-0.243,0.012,0.009,-0.5687857,1.13851790411e-15,9.2967042,-17.4400005341,-1.86612379551,-6.06999969482,5.7779378891,93.8181991577,-3.52049541473,21.1579189301,-2.96702408791,97206.1828613,31.5499992371,-520.430541992,False
195.70000000000002,0.012,0.01,-0.025,-0.588399,1.15413049141e-15,9.42419065,-17.2899990082,-1.86612379551,-6.73999977112,5.7779378891,93.8181991577,-3.37942647934,20.9923839569,-2.86789274216,97206.1828613,31.2600002289,-520.430541992,False
195.8,0.012,0.01,-0.025,-0.588399,1.15413049141e-15,9.42419065,-17.2899990082,-1.86612379551,-6.73999977112,5.7779378891,93.8181991577,-3.37942647934,20.9923839569,-2.86789274216,97202.7709961,31.2600002289,-520.430541992,False
195.9,-0.244,0.048,0.059,-0.77472535,0.10787315,10.14988275,-16.9599990845,-6.91136407852,-8.0,5.02776575089,93.9736175537,-3.10094547272,20.6661987305,-2.71207118034,97189.1540527,30.6999988556,-479.041107178,False
196.0,-0.244,0.048,0.059,-0.77472535,0.10787315,10.14988275,-16.9599990845,-6.91136407852,-8.0,5.02776575089,93.9736175537,-2.99356245995,20.5481281281,-2.74794435501,97189.1540527,30.6999988556,-479.041107178,False
196.10000000000002,-0.069,0.088,0.098,-0.77472535,0.2745862,8.52197885,-16.2099990845,-9.5026102066,-9.3499994278,3.57542896271,93.3771591187,-2.74987506866,20.3395709991,-2.53390526772,97185.8642578,30.1499996185,-436.670684814,False
196.20000000000002,0.382,0.064,-0.055,-0.6080123,0.3530394,8.1002929,-15.7699995041,-9.5026102066,-9.84000015259,3.57542896271,93.3771591187,-2.57894563675,20.1996593475,-2.26416730881,97176.2145996,29.8799991608,-394.480133057,False
196.3,0.382,0.064,-0.055,-0.6080123,0.3530394,8.1002929,-15.7699995041,-9.5026102066,-9.8499994278,3.57542896271,93.3771591187,-2.50003671646,20.128698349,-2.17420315742,97176.2145996,29.8799991608,-394.480133057,False
196.4,0.24,0.059,-0.084,-0.61781895,-0.28439285,10.18910935,-15.4499998093,-9.5026102066,-10.9499998093,3.57542896271,93.3771591187,-2.39554691315,19.9605369568,-2.17817807198,97176.9897461,29.4099998474,-365.868377686,False
196.5,-0.136,0.152,0.06,-0.6668522,0.16671305,5.95263655,-15.4600000381,-4.80767679214,-10.9399995804,2.20523929596,94.3116149902,-2.34976625443,19.8697128296,-1.88942503929,97167.0776367,29.4099998474,-365.868377686,False
196.60000000000002,-0.147,0.128,0.068,-0.75511205,0.3334261,7.7864801,-15.5199995041,-4.80767679214,-11.3299999237,2.20523929596,94.3116149902,-2.26877975464,19.7543621063,-1.55621421337,97167.0776367,29.1899986267,-365.868377686,False
196.70000000000002,-0.139,0.131,0.026,-0.81395195,0.14709975,7.63938035,-15.3399991989,-4.80767679214,-11.8699998856,2.20523929596,94.3116149902,-2.11670470238,19.5974693298,-1.17882084846,97162.9272461,28.8299999237,-334.444610596,False
196.8,0.028,0.185,0.028,-0.83356525,0.59820565,4.903325,-15.1399993896,-7.51018333435,-12.0799999237,-0.822098255157,93.6479721069,-1.96741950512,19.463470459,-0.754736363888,97159.9609375,28.6899986267,-307.162475586,False
196.9,0.028,0.185,0.028,-0.83356525,0.59820565,4.903325,-14.7999992371,-7.51018333435,-12.0799999237,-0.822098255157,93.6479721069,-1.85409760475,19.394903183,-0.358950734138,97159.9609375,28.5900001526,-307.162475586,False
197.0,-0.037,0.126,-0.065,-0.9414384,0.83356525,6.18799615,-14.4600000381,-7.51018333435,-12.0199995041,-0.822098255157,93.6479721069,-1.77737939358,19.3416213989,-0.15623652935,97158.3496094,28.5399990082,-281.128509521,False
197.10000000000002,-0.029,0.093,-0.093,-0.83356525,-0.24516625,7.69822025,-14.2299995422,-9.5606584549,-11.9699993134,-3.86257195473,94.9783706665,-1.62332749367,19.2434978485,0.223754882812,97157.9284668,28.5100002289,-281.128509521,False
197.20000000000002,0.075,0.131,0.019,-0.83356525,-0.5491724,6.1781895,-14.0799999237,-9.5606584549,-11.8899993896,-3.86257195473,94.9783706665,-1.57076263428,19.1757926941,0.532220959663,97158.1542969,28.5100002289,-263.508789062,False
197.3,0.022,0.094,0.125,-0.87279185,-0.00980665,8.67888525,-14.029999733,-9.5606584549,-11.6999998093,-3.86257195473,94.9783706665,-1.47692704201,19.1296253204,0.736952781677,97158.7585449,28.5399990082,-263.508789062,False
197.4,-0.157,0.099,0.175,-0.89240515,0.04903325,8.2964259,-13.75,-9.5606584549,-11.5799999237,-3.86257195473,94.9783706665,-1.36496126652,19.0945243835,0.87665528059,97157.5378418,28.5900001526,-246.553039551,False
197.5,-0.467,0.061,0.183,-0.93163175,0.4314926,10.2185293,-13.25,-10.5191411972,-11.4399995804,-6.72791385651,93.7295455933,-1.18394601345,19.07853508,0.965660691261,97157.5378418,28.6499996185,-246.553039551,False
197.60000000000002,-0.428,0.095,0.101,-0.784532,0.0980665,9.36535075,-12.4699993134,-10.5191411972,-11.3299999237,-6.72791385651,93.7295455933,-0.927305579185,19.0775699615,1.01547169685,97162.701416,28.7099990845,-235.677520752,False
197.70000000000002,-0.267,0.048,0.082,-0.95124505,0.0588399,10.67944185,-11.4399995804,-10.5191411972,-11.2199993134,-6.72791385651,93.7295455933,-0.706517219543,19.1001644135,0.945607244968,97162.5,28.7799987793,-235.677520752,False
197.8,-0.045,0.082,0.081,-0.9414384,0.1765197,6.5704555,-10.2600002289,-10.5191411972,-11.1899995804,-6.72791385651,93.7295455933,-0.450646460056,19.1004543304,1.03103232384,97161.6943359,28.8400001526,-227.368927002,False
197.9,-0.045,0.082,0.081,-0.9414384,0.1765197,6.5704555,-9.13999938965,-16.4055767059,-10.9299993515,-8.90722084045,91.8673858643,-0.307901531458,19.0838356018,1.22365498543,97161.6943359,28.9099998474,-227.368927002,False
198.0,0.175,0.035,-0.094,-0.91201845,-0.24516625,6.6096821,-8.13000011444,-16.4055767059,-10.4899997711,-8.90722084045,91.8673858643,-0.0183349158615,19.0341644287,1.78108823299,97167.4804688,29.0199985504,-227.005386353,False
198.10000000000002,0.348,0.007,-0.083,-0.75511205,-0.26477955,7.2176944,-7.26999998093,-16.4055767059,-10.0500001907,-8.90722084045,91.8673858643,0.160317659378,19.0411834717,2.05215501785,97168.3776855,29.1599998474,-227.005386353,False
198.20000000000002,0.345,-0.02,0.007,-0.784532,-0.196133,8.75733845,-6.56999969482,-16.4055767059,-9.57999992371,-8.90722084045,91.8673858643,0.28731751442,19.0413589478,2.28328347206,97170.3186035,29.3299999237,-218.296051025,False
198.3,0.345,-0.02,0.007,-0.784532,-0.196133,8.75733845,-5.78999996185,-12.302980423,-9.13000011444,-9.58087825775,92.6319580078,0.418083012104,19.0875358582,2.30207777023,97170.3186035,29.5299987793,-218.296051025,False
198.4,0.411,-0.049,0.16,-0.46091255,-0.16671305,17.01453775,-4.83999967575,-12.302980423,-8.97999954224,-9.58087825775,92.6319580078,0.661973834038,19.2564411163,1.77204298973,97176.8554688,29.7199993134,-223.454467773,False
198.5,0.411,-0.049,0.16,-0.46091255,-0.16671305,17.01453775,-3.67999982834,-12.302980423,-9.13000011444,-9.58087825775,92.6319580078,0.864684045315,19.3934459686,1.2488206625,97176.8554688,29.8699989319,-223.454467773,False
198.60000000000002,0.0,-0.007,0.232,-0.7649187,0.42168595,10.81673495,-2.65999984741,-12.302980423,-9.28999996185,-9.58087825775,92.6319580078,1.01133918762,19.4716911316,0.978654682636,97183.6120605,29.9599990845,-234.140594482,False
198.70000000000002,-0.154,-0.016,0.167,-0.784532,0.3530394,8.825985,-1.87999999523,-6.66799545288,-9.28999996185,-10.0886154175,88.5639877319,1.14439046383,19.5117893219,0.994047224522,97183.6120605,30.0199985504,-234.140594482,False
198.8,-0.103,0.037,0.098,-0.9414384,0.12748645,5.5309506,-1.23000001907,-6.66799545288,-9.10999965668,-10.0886154175,88.5639877319,1.20342493057,19.5002727509,1.21296405792,97185.9680176,30.0799999237,-262.853240967,False
198.9,-0.103,0.037,0.098,-0.9414384,0.12748645,5.5309506,-0.569999992847,-6.66799545288,-8.76000022888,-10.0886154175,88.5639877319,1.30486631393,19.488658905,1.49756443501,97185.9680176,30.1700000763,-262.853240967,False
199.0,0.135,-0.06,0.001,-0.87279185,0.0588399,8.12971285,0.0999999940395,-8.39069271088,-8.32999992371,-10.6651296616,86.4398269653,1.4355032444,19.4725608826,1.79698550701,97188.3239746,30.2899990082,-268.496124268,False
199.10000000000002,0.135,-0.06,0.001,-0.87279185,0.0588399,8.12971285,0.839999973774,-8.39069271088,-7.94999980927,-10.6651296616,86.4398269653,1.56895089149,19.5068702698,1.84374296665,97188.3239746,30.4399986267,-268.496124268,False
199.20000000000002,0.284,-0.025,0.027,-0.7649187,-0.3530394,9.1005712,1.48000001907,-8.39069271088,-7.56999969482,-10.6651296616,86.4398269653,1.60029578209,19.5115623474,1.94778966904,97190.5273438,30.609998703,-260.589599609,False
199.3,0.316,-0.023,0.087,-0.85317855,-0.40207265,10.64021525,1.91999995708,-8.39069271088,-7.19999980927,-10.6651296616,86.4398269653,1.64006173611,19.5455322266,1.92758095264,97190.5273438,30.7899990082,-260.589599609,False
199.4,0.361,-0.039,0.158,-0.784532,-0.6276256,9.38496405,2.12999987602,-3.23904728889,-6.89999961853,-9.99070835114,85.6468048096,1.61779594421,19.565290451,1.89583110809,97199.8901367,30.9599990845,-271.813964844,False
199.5,0.361,-0.039,0.158,-0.784532,-0.6276256,9.38496405,2.04999995232,-3.23904728889,-6.5499997139,-9.99070835114,85.6468048096,1.56131017208,19.6107997894,1.79230034351,97199.8901367,31.1299991608,-271.813964844,False
199.60000000000002,0.375,-0.075,0.25,-0.61781895,-0.16671305,11.6895268,1.9699999094,-3.23904728889,-6.33999967575,-9.99070835114,85.6468048096,1.52399277687,19.6987934113,1.53076028824,97199.4445801,31.2899990082,-274.702270508,False
199.70000000000002,-0.366,-0.127,0.323,-0.4903325,0.06864655,12.0425662,1.9699999094,-3.23904728889,-6.33999967575,-9.99070835114,85.6468048096,1.52729809284,19.7251148224,1.47032308578,97207.1838379,31.2899990082,-274.702270508,False
199.8,-0.432,-0.094,0.274,-0.71588545,0.34323275,10.002783,2.55999994278,-0.157058864832,-5.94000005722,-8.81817436218,81.0941009521,1.57163047791,19.7489929199,1.43993031979,97203.2775879,31.4299983978,-274.702270508,False
199.9,0.016,-0.018,0.073,-0.4511059,0.3334261,10.2577559,3.17999982834,-0.157058864832,-5.67000007629,-8.81817436218,81.0941009521,1.69580888748,19.7965621948,1.36452901363,97204.4250488,31.6899986267,-282.462310791,False
200.0,0.045,-0.022,0.021,-0.5687857,0.22555295,9.2967042,3.8599998951,-0.157058864832,-5.46999979019,-8.81817436218,81.0941009521,1.79047858715,19.8068504333,1.33356070518,97204.4250488,31.8099994659,-292.474945068,False
200.10000000000002,0.045,-0.022,0.021,-0.5687857,0.22555295,9.2967042,3.8599998951,-0.157058864832,-5.46999979019,-8.81817436218,81.0941009521,1.79047858715,19.8068504333,1.33356070518,97205.9020996,31.8099994659,-292.474945068,False
200.20000000000002,0.202,-0.02,-0.01,-0.6864655,0.28439285,8.26700595,4.88000011444,-0.157058864832,-6.75999975204,-8.81817436218,81.0941009521,1.86664450169,19.784620285,1.57639706135,97211.0900879,32.0599975586,-303.583709717,False
200.3,0.203,-0.038,-0.027,-0.44129925,0.38245935,9.1201845,5.46000003815,-1.56922590733,-8.38000011444,-8.00269126892,78.0528793335,1.94472825527,19.7880249023,1.6276345253,97214.7949219,32.2000007629,-303.583709717,False
200.4,-0.204,-0.001,-0.079,-0.4903325,0.16671305,8.93385815,5.94999980927,-1.56922590733,-9.93999958038,-8.00269126892,78.0528793335,1.97304058075,19.7944793701,1.6460506916,97213.3178711,32.3600006104,-311.247070312,False
200.5,-0.204,-0.001,-0.079,-0.4903325,0.16671305,8.93385815,5.94999980927,-1.56922590733,-9.93999958038,-8.00269126892,78.0528793335,2.00135731697,19.8196525574,1.58830392361,97215.6982422,32.3600006104,-311.247070312,False
200.60000000000002,0.263,-0.008,-0.044,-0.51975245,-0.06864655,10.48330885,6.94999980927,-2.84722089767,-13.0399999619,-7.42738008499,79.094367981,2.05525827408,19.8337535858,1.51105415821,97219.0429688,32.6599998474,-231.491470337,False
200.70000000000002,0.263,-0.008,-0.044,-0.51975245,-0.06864655,10.48330885,6.94999980927,-2.84722089767,-13.0399999619,-7.42738008499,79.094367981,2.06949353218,19.8305854797,1.44146358967,97219.0429688,32.6599998474,-231.491470337,False
200.8,0.351,0.091,0.012,-0.69627215,-0.18632635,6.79600845,7.33999967575,-2.84722089767,-14.6199998856,-7.42738008499,79.094367981,2.02435326576,19.8012695312,1.71817207336,97220.5810547,32.9500007629,-237.281326294,False
200.9,0.317,0.056,0.041,-0.9414384,0.0980665,7.38440745,7.41999959946,-2.84722089767,-17.109998703,-7.42738008499,79.094367981,1.98093819618,19.7653961182,1.93595087528,97219.732666,33.1199989319,-237.281326294,False
201.0,0.158,0.077,0.035,-1.0983448,0.196133,7.05098135,7.40999984741,3.92069721222,-18.2099990845,-8.61735153198,79.1221237183,1.9041634798,19.7103710175,2.29401898384,97221.4294434,33.3199996948,-242.881774902,False
201.10000000000002,-0.191,0.085,-0.012,-1.16699135,0.48052585,8.14932615,7.44999980927,3.92069721222,-19.2199993134,-8.61735153198,79.1221237183,1.8697603941,19.6635227203,2.54646921158,97221.4294434,33.5499992371,-242.881774902,False
201.20000000000002,-0.489,0.131,-0.066,-1.20621795,0.36284605,9.28689755,7.55999994278,3.92069721222,-20.2299995422,-8.61735153198,79.1221237183,1.84912014008,19.6549282074,2.58286762238,97224.7314453,33.7999992371,-235.761077881,False
201.3,-0.489,0.131,-0.066,-1.20621795,0.36284605,9.28689755,7.5499997139,3.92069721222,-20.2299995422,-8.61735153198,79.1221237183,1.85708427429,19.6558074951,2.58015561104,97223.1872559,34.0499992371,-235.761077881,False
201.4,-0.012,0.166,-0.141,-1.372931,0.00980665,7.67860695,7.92999982834,1.07083213329,-22.2899990082,-10.6953353882,79.3277740479,1.86251032352,19.6485309601,2.64190220833,97231.7504883,34.2999992371,-232.450958252,False
201.5,0.024,0.12,-0.145,-1.3925443,0.2745862,6.5704555,8.25,1.07083213329,-23.0599994659,-10.6953353882,79.3277740479,1.87613642216,19.6037940979,3.00304508209,97232.7026367,34.5599975586,-232.450958252,False
201.60000000000002,0.25,0.118,-0.13,-1.36312435,0.2353596,7.48247395,8.32999992371,1.07083213329,-23.7399997711,-10.6953353882,79.3277740479,1.82539904118,19.5911808014,3.22423958778,97235.6994629,34.8499984741,-237.399581909,False
201.70000000000002,0.2,0.14,-0.04,-1.30428445,0.1176798,7.56092715,8.23999977112,1.07083213329,-24.3799991608,-10.6953353882,79.3277740479,1.7811665535,19.5916748047,3.41082882881,97237.1765137,35.1499977112,-236.399658203,False
201.8,0.219,0.129,0.059,-1.32389775,0.61781895,8.40429905,8.13999938965,2.24287509918,-24.9599990845,-14.7934980392,82.5527114868,1.7070505619,19.621963501,3.61166357994,97239.0075684,35.4799995422,-223.281097412,False
201.9,0.135,0.148,0.114,-1.46119085,0.5295591,7.60015375,8.03999996185,2.24287509918,-24.9200000763,-14.7934980392,82.5527114868,1.65734541416,19.6715240479,3.73721122742,97239.0075684,35.8299980164,-223.281097412,False
202.0,-0.026,0.147,0.095,-1.6867438,-0.5295591,7.05098135,7.90999984741,2.24287509918,-24.9099998474,-14.7934980392,82.5527114868,1.60038650036,19.6895847321,3.90365386009,97250.1464844,36.1899986267,-227.706726074,False
202.10000000000002,0.114,0.159,0.07,-1.6279039,0.42168595,6.44296905,7.71999979019,2.24287509918,-24.8999996185,-14.7934980392,82.5527114868,1.52931404114,19.7031803131,4.25062036514,97250.7263184,36.5699996948,-227.706726074,False
202.20000000000002,0.189,0.123,0.018,-1.61809725,0.4118793,6.5704555,7.73999977112,2.24287509918,-24.859998703,-14.7934980392,82.5527114868,1.51636850834,19.7242412567,4.47230625153,97258.8562012,36.969997406,-239.916992188,False
202.3,0.189,0.123,0.018,-1.61809725,0.4118793,6.5704555,7.71000003815,6.28906726837,-24.8299999237,-18.8908729553,80.3620529175,1.48301076889,19.745634079,4.73068904877,97258.8562012,36.969997406,-239.916992188,False
202.4,-0.067,0.112,-0.133,-1.61809725,0.18632635,7.4334407,7.81999969482,6.28906726837,-24.8400001526,-18.8908729553,80.3620529175,1.46063315868,19.8262653351,5.07041835785,97264.4226074,37.8799972534,-239.149856567,False
202.5,-0.067,0.112,-0.133,-1.61809725,0.18632635,7.4334407,7.78999996185,6.28906726837,-24.859998703,-18.8908729553,80.3620529175,1.44234323502,19.8677787781,5.19924688339,97264.4226074,37.8799972534,-239.149856567,False
202.60000000000002,0.208,0.125,-0.19,-1.6671305,0.10787315,6.14876955,7.63999986649,6.28906726837,-24.8199996948,-18.8908729553,80.3620529175,1.33154380322,19.9654998779,5.63443470001,97279.7546387,38.8799972534,-248.84223938,False
202.70000000000002,0.208,0.125,-0.19,-1.6671305,0.10787315,6.14876955,7.60999965668,6.28906726837,-24.7999992371,-18.8908729553,80.3620529175,1.29816532135,19.9934368134,5.75678062439,97279.7546387,38.8799972534,-248.84223938,False
202.8,0.031,0.095,-0.008,-1.7455837,-0.12748645,7.65899365,6.80999994278,7.16277933121,-24.7899990082,-22.7677650452,83.7342834473,1.11772191525,20.1406879425,6.06425380707,97291.5588379,39.9899978638,-262.687683105,False
202.9,-0.002,0.061,0.101,-1.7848103,0.1372931,6.7469752,6.33999967575,7.16277933121,-24.7600002289,-22.7677650452,83.7342834473,0.990735590458,20.2255897522,6.35583114624,97299.206543,40.5900001526,-262.687683105,False
203.0,0.171,0.037,0.115,-1.85345685,8.538884280859999e-16,6.97252815,5.98000001907,7.16277933121,-24.7199993134,-22.7677650452,83.7342834473,0.903095185757,20.337720871,6.58506822586,97306.1950684,41.219997406,-271.425811768,False
203.10000000000002,0.171,0.037,0.115,-1.85345685,8.538884280859999e-16,6.97252815,5.96999979019,7.16277933121,-24.6700000763,-22.7677650452,83.7342834473,0.854819059372,20.4044551849,6.7267165184,97306.1950684,41.219997406,-271.425811768,False
203.20000000000002,0.074,0.012,0.061,-1.8632635,0.588399,8.0218397,5.30999994278,9.35795879364,-24.609998703,-24.2892913818,82.3176574707,0.699872732162,20.6540851593,6.93511724472,97310.8947754,42.5499992371,-229.998016357,False
203.3,-0.154,0.016,-0.039,-2.01036325,0.00980665,8.1591328,4.94000005722,9.35795879364,-24.6299991608,-24.2892913818,82.3176574707,0.635512411594,20.7849292755,7.02402305603,97323.0224609,43.2399978638,-229.998016357,False
203.4,-0.184,-0.01,-0.032,-1.87307015,0.9610517,8.09048625,4.5,9.35795879364,-24.7099990845,-24.2892913818,82.3176574707,0.534560918808,20.9267272949,7.19081449509,97335.2111816,43.9500007629,-250.145248413,False
203.5,-0.196,-0.006,-0.087,-1.9809433,-0.20593965,7.71783355,4.2999997139,9.35795879364,-24.2799987793,-24.2892913818,82.3176574707,0.486135065556,21.06001091,7.36611652374,97346.4538574,44.6599998474,-250.145248413,False
203.60000000000002,-0.101,-9.062386313690001e-18,-0.074,-1.95152335,0.63743225,7.6099604,3.98000001907,6.67908620834,-23.7099990845,-24.9612731934,82.8684692383,0.42642056942,21.1802196503,7.5614528656,97352.3254395,45.3999977112,-282.290557861,False
203.70000000000002,-0.101,-9.062386313690001e-18,-0.074,-1.95152335,0.63743225,7.6099604,3.98000001907,6.67908620834,-23.7099990845,-24.9612731934,82.8684692383,0.403051018715,21.2584781647,7.67276477814,97352.3254395,46.1499977112,-281.290618896,False
203.8,-0.136,-0.022,-0.036,-1.9221034,0.61781895,7.73744685,3.55999994278,6.67908620834,-22.3699989319,-24.9612731934,82.8684692383,0.327969461679,21.4235019684,7.94347953796,97370.703125,46.9300003052,-300.447845459,False
203.9,-0.136,-0.022,-0.036,-1.9221034,0.61781895,7.73744685,3.51999998093,6.67908620834,-21.609998703,-24.9612731934,82.8684692383,0.322812020779,21.4817428589,8.00031280518,97370.703125,47.719997406,-300.447845459,False
204.0,-0.024,-0.054,-0.019,-2.02997655,0.30400615,8.99269805,8.51999950409,2.69384336472,-22.5,-24.9376220703,84.3915252686,0.269000977278,21.6960391998,8.21744251251,97390.020752,48.5299987793,-322.697631836,False
204.10000000000002,0.154,-0.065,-0.013,-1.97113665,0.4118793,9.3359308,4.25,2.69384336472,-24.9699993134,-24.9376220703,84.3915252686,0.269049555063,21.8660449982,8.26191997528,97398.5351562,49.3499984741,-322.697631836,False
204.20000000000002,0.154,-0.065,-0.013,-1.97113665,0.4118793,9.3359308,3.52999997139,2.69384336472,-18.5399990082,-24.9376220703,84.3915252686,0.244423300028,21.9494686127,8.31509304047,97398.5351562,50.1800003052,-345.561981201,False
204.3,0.153,-0.044,-0.019,-2.08881645,-0.6276256,10.05181625,3.25,2.69384336472,-18.3899993896,-24.9376220703,84.3915252686,0.166815817356,22.2002048492,8.23846817017,97409.7229004,51.0099983215,-345.561981201,False
204.4,0.15,-0.059,0.041,-1.99074995,-0.1372931,9.24767095,2.66999983788,2.69384336472,-17.8299999237,-24.9376220703,84.3915252686,0.0566566437483,22.4257488251,8.17748737335,97418.7805176,51.8199996948,-379.160308838,False
204.5,0.15,-0.059,0.041,-1.99074995,-0.1372931,9.24767095,2.66999983788,5.4380235672,-17.8299999237,-23.6313438416,84.6547698975,-0.00648771412671,22.5288257599,8.17203617096,97418.7805176,51.8199996948,-379.160308838,False
204.60000000000002,0.011,-0.116,0.156,-2.16726965,-0.16671305,11.48358715,1.61000001431,5.4380235672,-16.3500003815,-23.6313438416,84.6547698975,-0.152028426528,22.8195724487,7.99075984955,97451.3122559,53.4399986267,-416.044433594,False
204.70000000000002,0.011,-0.116,0.156,-2.16726965,-0.16671305,11.48358715,1.62000000477,5.4380235672,-16.3500003815,-23.6313438416,84.6547698975,-0.215092390776,22.9810199738,7.88237667084,97451.3122559,54.219997406,-416.044433594,False
204.8,-0.189,-0.103,0.009,-2.06920315,1.08853815,11.1403544,0.8599999547,6.8007311821,-15.1199998856,-21.8276996613,82.5759124756,-0.250977128744,23.1399269104,7.77643585205,97456.5979004,54.9799995422,-444.656555176,False
204.9,-0.239,-0.102,-0.079,-2.0005566,0.6080123,11.5522337,0.75,6.8007311821,-14.4899997711,-21.8276996613,82.5759124756,-0.259676843882,23.3554019928,7.59680938721,97473.9685059,55.7399978638,-444.656555176,False
205.0,-0.129,-0.076,-0.145,-1.99074995,0.75511205,9.69877685,0.659999966621,6.8007311821,-13.8899993896,-21.8276996613,82.5759124756,-0.261391848326,23.4879589081,7.52247047424,97481.451416,56.4899978638,-486.643218994,False
205.10000000000002,-0.051,-0.096,-0.17,-1.93191005,0.4707192,10.9638347,0.639999985695,6.8007311821,-13.1999998093,-21.8276996613,82.5759124756,-0.254695981741,23.5934333801,7.47902345657,97493.2373047,57.2399978638,-486.643218994,False
