t,p,q,r,ax,ay,az,roll_k,roll,pitch_k,pitch,yaw,vn,ve,vd,basinc,alt_hata,hiz_hata,ariza
0.2,1.181,-0.046,-0.065,-1.01008495,0.2157463,10.8657682,44.9799995422,4.57801771164,-3.39999985695,-1.47219622135,-98.9914855957,-4.08517408371,-21.4976177216,-0.596598088741,97677.5939941,-0.269999980927,-454.877471924,False
0.30000000000000004,0.968,0.026,-0.054,-1.0983448,0.5099458,10.46369555,44.9799995422,4.57801771164,-1.52999997139,-1.47219622135,-98.9914855957,-3.80683398247,-21.4348602295,-0.625296711922,97661.3098145,-0.340000003576,-446.521362305,False
0.4,0.843,-0.004,-0.077,-1.02969825,0.8237586,8.32584585,44.969997406,23.6809120178,-0.0899999961257,-1.83969819546,-97.8540802002,-3.49270558357,-21.3749370575,-0.503413319588,97669.4091797,-0.419999986887,-346.521362305,False
0.5,0.527,-0.1,-0.111,-1.0395049,0.79433865,8.97308475,44.9799995422,23.6809120178,1.40999996662,-1.83969819546,-97.8540802002,-3.06052923203,-21.3089771271,-0.313294678926,97664.9841309,-0.489999979734,-325.477966309,False
0.6000000000000001,0.471,-0.175,-0.16,-0.8825985,0.8825985,9.95374975,44.9799995422,23.6809120178,2.89999985695,-1.83969819546,-97.8540802002,-2.71332240105,-21.2661819458,-0.225969001651,97670.6481934,-0.569999992847,-325.477966309,False
0.7000000000000001,0.282,-0.196,-0.198,-0.77472535,0.980665,11.73856005,44.9899978638,33.152923584,4.33999967575,-1.36555814743,-95.2544555664,-2.2031083107,-21.2260665894,-0.180576011539,97669.3237305,-0.629999995232,-300.82208252,False
0.8,0.237,-0.198,-0.231,-0.50013915,0.85317855,10.95402805,44.0,33.152923584,5.73999977112,-1.36555814743,-95.2544555664,-1.64308512211,-21.1885185242,-0.14909440279,97671.6552734,-0.680000007153,-300.82208252,False
0.9,0.13,-0.223,-0.236,-0.06864655,0.81395195,13.32723735,44.6599998474,33.152923584,7.21999979019,-1.36555814743,-95.2544555664,-0.878133356571,-21.1506175995,-0.175660938025,97668.0603027,-0.740000009537,-277.777679443,False
1.0,0.049,-0.184,-0.233,-0.0784532,0.69627215,12.20927925,44.6599998474,33.152923584,8.60999965668,-1.36555814743,-95.2544555664,-0.317974597216,-21.1323719025,-0.227982461452,97673.4375,-0.789999961853,-277.777679443,False
1.1,0.178,-0.284,-0.195,0.0392266,0.6080123,12.4936721,44.6599998474,37.2436447144,8.61999988556,-0.52516490221,-88.4203643799,0.0817835554481,-21.1106548309,-0.218101963401,97678.1555176,-0.849999964237,-251.444244385,False
1.2000000000000002,0.223,-0.398,-0.18,0.34323275,0.81395195,16.21039245,44.7700004578,37.2436447144,11.5999994278,-0.52516490221,-88.4203643799,1.03225874901,-21.0308189392,-0.386562675238,97678.8391113,-0.899999976158,-251.444244385,False
1.3,0.022,-0.375,-0.148,0.77472535,1.2356379,15.44547375,44.7399978638,37.2436447144,12.9299993515,-0.52516490221,-88.4203643799,2.15455937386,-20.9065322876,-0.770747005939,97681.8908691,-0.989999949932,-242.988769531,False
1.4000000000000001,0.112,-0.262,-0.151,0.5099458,2.12804305,13.9450563,44.719997406,37.2436447144,14.2999992371,-0.52516490221,-88.4203643799,2.96392202377,-20.7699394226,-0.984803020954,97685.8520508,-1.09000003338,-242.988769531,False
1.5,0.112,-0.262,-0.151,0.5099458,2.12804305,13.9450563,44.7000007629,40.6102905273,15.6799993515,2.76080942154,-81.3364639282,3.8214969635,-20.5708446503,-1.17359912395,97685.8520508,-1.22000002861,-197.23777771,False
1.6,-0.038,-0.272,-0.325,0.6472389,1.85345685,11.64049355,44.6899986267,40.6102905273,16.4899997711,2.76080942154,-81.3364639282,4.48865365982,-20.3977470398,-1.22170424461,97691.6625977,-1.35000002384,-197.23777771,False
1.7000000000000002,0.218,-0.407,-0.373,0.91201845,1.34351105,13.85679645,44.6800003052,40.6102905273,16.0399990082,2.76080942154,-81.3364639282,5.2588596344,-20.1573696136,-1.37263166904,97696.270752,-1.49000000954,-190.091888428,False
1.8,0.218,-0.407,-0.373,0.91201845,1.34351105,13.85679645,44.6699981689,40.6102905273,16.0699996948,2.76080942154,-81.3364639282,5.57712936401,-20.0370159149,-1.42931234837,97696.270752,-1.49000000954,-190.091888428,False
1.9000000000000001,0.281,-0.361,-0.306,0.9022118,1.12776475,13.46453045,44.6399993896,40.6102905273,15.1799993515,2.76080942154,-81.3364639282,6.72430515289,-19.5420513153,-1.56758391857,97681.036377,-1.75999999046,-181.856155396,False
2.0,-0.045,-0.408,-0.292,1.0198916,1.26505785,14.89630135,44.6100006104,45.2121047974,14.7699995041,4.24471759796,-66.3144302368,7.50839328766,-19.1466255188,-1.61363780499,97687.6525879,-1.88999998569,-181.856155396,False
2.1,-0.097,-0.471,-0.26,1.2552512,0.63743225,17.0243444,44.5599975586,45.2121047974,14.1599998474,4.24471759796,-66.3144302368,8.51368236542,-18.5656852722,-1.88177514076,97676.2084961,-2.03999996185,-171.180908203,False
2.2,-0.097,-0.471,-0.26,1.2552512,0.63743225,17.0243444,44.4799995422,45.2121047974,13.4099998474,4.24471759796,-66.3144302368,9.48680686951,-17.9189434052,-2.13676142693,97676.2084961,-2.20000004768,-171.180908203,False
2.3000000000000003,-0.319,-0.485,-0.163,1.18660465,1.2160246,17.2008641,44.3600006104,45.2121047974,12.6099996567,4.24471759796,-66.3144302368,10.3755760193,-17.220331192,-2.40261459351,97680.8410645,-2.39999985695,-156.407348633,False
2.4000000000000004,-0.174,-0.419,-0.134,1.36312435,0.8041453,16.68111165,44.2299995422,44.9958572388,11.6399993896,7.66422605515,-55.2507896423,11.2396087646,-16.4413986206,-2.71796917915,97672.8271484,-2.62999987602,-156.407348633,False
2.5,-0.174,-0.419,-0.134,1.36312435,0.8041453,16.68111165,44.2299995422,44.9958572388,11.6399993896,7.66422605515,-55.2507896423,11.2396087646,-16.4413986206,-2.71796917915,97672.8271484,-2.62999987602,-156.407348633,False
2.6,0.009,-0.336,-0.141,1.2160246,1.69655045,13.8666031,43.9799995422,44.9958572388,10.6300001144,7.66422605515,-55.2507896423,12.3037443161,-15.287232399,-3.07944369316,97670.904541,-2.89999985695,-120.77331543,False
2.7,-0.125,-0.195,-0.282,0.89240515,1.52003075,11.9052731,43.9399986267,44.9958572388,8.68999958038,7.66422605515,-55.2507896423,13.0297985077,-14.2123374939,-3.17238974571,97665.1306152,-3.5,-113.967514038,False
2.8000000000000003,-0.125,-0.195,-0.282,0.89240515,1.52003075,11.9052731,43.9799995422,43.4268417358,7.78999996185,10.7252082825,-46.358089447,13.3934745789,-13.590338707,-3.12640976906,97665.1306152,-3.80999994278,-113.967514038,False
2.9000000000000004,-0.105,-0.185,-0.352,0.5687857,1.6475172,11.7483667,44.0599975586,43.4268417358,6.88999986649,10.7252082825,-46.358089447,13.7154884338,-12.9678297043,-3.08960723877,97662.1765137,-4.11999988556,-89.647102356,False
3.0,-0.105,-0.185,-0.352,0.5687857,1.6475172,11.7483667,44.0900001526,43.4268417358,6.88999986649,10.7252082825,-46.358089447,13.8378696442,-12.7136697769,-3.07264876366,97655.9570312,-4.11999988556,-89.647102356,False
3.1,-0.001,-0.215,-0.38,0.44129925,1.20621795,11.16977435,44.2299995422,43.500202179,5.13999986649,8.82273197174,-37.8049888611,14.2808647156,-11.6669511795,-2.9739587307,97648.3947754,-4.71999979019,-108.275604248,False
3.2,-0.004,-0.229,-0.365,0.50013915,0.980665,11.66010685,44.2900009155,43.500202179,4.30999994278,8.82273197174,-37.8049888611,14.5424375534,-10.9961090088,-2.87416172028,97637.0361328,-5.01999998093,-108.275604248,False
3.3000000000000003,0.024,-0.225,-0.344,0.38245935,0.9414384,11.03248125,44.3099975586,43.500202179,3.48000001907,8.82273197174,-37.8049888611,14.7326631546,-10.4498434067,-2.7850458622,97631.4575195,-5.30999994278,-85.6245040894,False
3.4000000000000004,0.024,-0.225,-0.344,0.38245935,0.9414384,11.03248125,44.3600006104,44.7830085754,2.71000003815,7.44392108917,-30.1100940704,14.9913492203,-9.6033449173,-2.65102577209,97631.4575195,-5.58999967575,-85.6245040894,False
3.5,0.016,-0.194,-0.295,0.18632635,1.0395049,12.11121275,44.3899993896,44.7830085754,1.93999993801,7.44392108917,-30.1100940704,15.1527833939,-8.99629974365,-2.61247014999,97621.5026855,-5.86999988556,-62.1549606323,False
3.6,0.09,-0.145,-0.311,0.1372931,0.93163175,10.83634825,44.4599990845,44.7830085754,1.18999993801,7.44392108917,-30.1100940704,15.368844986,-8.11641597748,-2.46571683884,97621.5026855,-6.13999986649,-62.1549606323,False
3.7,0.09,-0.145,-0.311,0.1372931,0.93163175,10.83634825,44.4799995422,44.7830085754,1.19999992847,7.44392108917,-30.1100940704,15.4324502945,-7.83940267563,-2.38952445984,97619.2138672,-6.13999986649,-62.1549606323,False
3.8000000000000003,0.088,-0.196,-0.278,0.22555295,0.95124505,11.2188076,44.5399971008,46.8657073975,-0.0799999982119,5.79723739624,-22.5524158478,15.6260795593,-6.86761665344,-2.11174297333,97611.932373,-6.65999984741,-48.2307434082,False
3.9000000000000004,0.116,-0.167,-0.262,0.18632635,1.20621795,10.4538889,44.5599975586,46.8657073975,-0.659999966621,5.79723739624,-22.5524158478,15.7458524704,-6.15003681183,-1.93999838829,97605.871582,-6.88999986649,-50.8878707886,False
4.0,0.091,-0.162,-0.306,0.196133,1.176798,9.48303055,44.6100006104,46.8657073975,-1.14999997616,5.79723739624,-22.5524158478,15.8437147141,-5.51262569427,-1.67941403389,97606.2805176,-7.10999965668,-50.8878707886,False
4.1000000000000005,-0.037,-0.222,-0.318,0.0980665,1.1179581,9.58109705,44.6499977112,49.4601249695,-1.54999995232,3.99802899361,-15.7949886322,15.9360542297,-4.74227714539,-1.34103274345,97598.8586426,-7.2999997139,-36.3618850708,False
4.2,-0.146,-0.18,-0.325,0.1569064,1.0787315,9.75761675,44.1899986267,49.4601249695,-1.89999997616,3.99802899361,-15.7949886322,15.9937076569,-4.20491838455,-1.13426411152,97604.2297363,-7.46999979019,-36.3618850708,False
4.3,-0.111,-0.211,-0.342,0.0980665,1.1179581,9.9635564,43.0499992371,49.4601249695,-2.22000002861,3.99802899361,-15.7949886322,16.0425434113,-3.53418159485,-0.89700615406,97594.8486328,-7.60999965668,-62.7746582031,False
4.4,-0.146,-0.232,-0.343,0.0980665,1.04931155,11.1207411,41.75,49.4601249695,-2.50999999046,3.99802899361,-15.7949886322,16.083896637,-2.82592916489,-0.686108231544,97596.0632324,-7.73000001907,-62.7746582031,False
4.5,-0.069,-0.229,-0.319,0.08825985,1.06892485,11.18938765,40.0499992371,47.7503509521,-2.77999997139,1.83339393139,-7.5317735672,16.1041507721,-2.04294490814,-0.560306847095,97596.3745117,-7.81999969482,-42.1298980713,False
4.6000000000000005,-0.143,-0.233,-0.336,0.04903325,1.0983448,12.24850585,38.3199996948,47.7503509521,-3.02999997139,1.83339393139,-7.5317735672,16.0905685425,-1.30950164795,-0.42340773344,97595.9533691,-7.90999984741,-42.1298980713,False
4.7,-0.181,-0.239,-0.324,0.0196133,0.980665,12.0425662,36.1599998474,47.7503509521,-3.27999997139,1.83339393139,-7.5317735672,16.0512046814,-0.494908094406,-0.355096280575,97589.5263672,-7.98000001907,-62.2114181519,False
4.800000000000001,-0.181,-0.239,-0.324,0.0196133,0.980665,12.0425662,33.8699989319,47.7503509521,-3.52999997139,1.83339393139,-7.5317735672,16.0028152466,0.0861616879702,-0.288630992174,97589.5263672,-8.03999996185,-62.2114181519,False
4.9,-0.343,-0.16,-0.302,-0.04903325,1.01008495,11.11093445,31.4799995422,47.7503509521,-3.78999996185,1.83339393139,-7.5317735672,15.9107093811,0.795487463474,-0.215027436614,97589.7155762,-8.0999994278,-72.5868225098,False
5.0,-0.318,-0.168,-0.312,-0.0980665,1.0002783,10.95402805,28.9499988556,42.452331543,-4.0499997139,-0.458318442106,4.15416479111,15.7829580307,1.58876371384,-0.0906698927283,97588.1469727,-8.14999961853,-72.5868225098,False
5.1000000000000005,-0.318,-0.168,-0.312,-0.0980665,1.0002783,10.95402805,28.9499988556,42.452331543,-4.0499997139,-0.458318442106,4.15416479111,15.7367258072,1.83201658726,-0.0281979907304,97588.1469727,-8.14999961853,-72.5868225098,False
5.2,-0.202,-0.108,-0.324,-0.20593965,1.04931155,8.14932615,24.2299995422,42.452331543,-4.17000007629,-0.458318442106,4.15416479111,15.5750350952,2.48199605942,0.352956086397,97585.15625,-8.21000003815,-92.5045013428,False
5.300000000000001,-0.46,-0.147,-0.322,-0.26477955,0.8629852,9.5909037,21.9499988556,42.452331543,-4.13000011444,-0.458318442106,4.15416479111,15.4178667068,3.02570152283,0.653414607048,97580.9143066,-8.21000003815,-101.08833313,False
5.4,-0.549,-0.154,-0.302,-0.2157463,0.53936575,11.3364874,19.2299995422,38.1465034485,-4.13999986649,-2.4405567646,10.9951095581,15.2681159973,3.5461370945,0.77114790678,97586.5112305,-8.1799993515,-101.08833313,False
5.5,-0.423,-0.154,-0.263,-0.18632635,0.77472535,11.2776475,16.0900001526,38.1465034485,-4.17999982834,-2.4405567646,10.9951095581,15.1026935577,4.07918119431,0.768453299999,97584.7167969,-8.13999938965,-122.590255737,False
5.6000000000000005,-0.274,-0.134,-0.229,-0.22555295,0.6080123,11.48358715,12.8400001526,38.1465034485,-4.26999998093,-2.4405567646,10.9951095581,14.9008293152,4.68985366821,0.707521080971,97584.7167969,-8.0999994278,-122.590255737,False
5.7,-0.299,-0.11,-0.203,-0.392266,0.77472535,9.75761675,9.63000011444,38.1465034485,-4.34999990463,-2.4405567646,10.9951095581,14.7353000641,5.08286380768,0.765068352222,97587.0300293,-8.06999969482,-144.912338257,False
5.800000000000001,-0.398,-0.105,-0.188,-0.22555295,0.63743225,9.8262633,6.82999992371,28.4623470306,-4.32999992371,-2.86246776581,18.5720081329,14.6085071564,5.35725975037,0.847779631615,97584.7717285,-8.02999973297,-144.912338257,False
5.9,-0.415,-0.137,-0.173,-0.20593965,0.5099458,12.1798593,3.94999980927,28.4623470306,-4.31999969482,-2.86246776581,18.5720081329,14.4116430283,5.81026029587,0.795696020126,97585.8337402,-7.98999977112,-154.418945312,False
6.0,-0.381,-0.096,-0.126,-0.3334261,0.8237586,10.4931155,0.870000004768,28.4623470306,-4.42000007629,-2.86246776581,18.5720081329,14.2808380127,6.05658864975,0.796258449554,97585.7971191,-7.94999980927,-154.418945312,False
6.1000000000000005,-0.381,-0.096,-0.126,-0.3334261,0.8237586,10.4931155,-1.7199999094,28.4623470306,-4.42000007629,-2.86246776581,18.5720081329,14.1592216492,6.26785421371,0.781081020832,97585.7971191,-7.90999984741,-155.60836792,False
6.2,-0.562,-0.099,-0.13,-0.16671305,0.7453054,11.571847,-4.23999977112,18.5486850739,-4.5499997139,-2.10482859612,23.5002994537,13.9718179703,6.59767484665,0.600191116333,97588.4338379,-7.86999988556,-155.60836792,False
6.300000000000001,-0.645,-0.061,-0.118,-0.2549729,0.6864655,12.2190859,-6.5,18.5486850739,-4.71000003815,-2.10482859612,23.5002994537,13.8836765289,6.72757911682,0.469825297594,97594.0673828,-7.84999990463,-173.788635254,False
6.4,-0.486,0.014,-0.108,-0.3138128,0.71588545,11.4541672,-8.38000011444,18.5486850739,-4.92999982834,-2.10482859612,23.5002994537,13.7892961502,6.83467531204,0.287335395813,97590.5517578,-7.84999990463,-173.788635254,False
6.5,-0.503,0.019,-0.091,-0.24516625,0.7060788,12.1210194,-9.86999988556,7.18430137634,-5.15000009537,-1.82295405865,26.1451778412,13.7264966965,6.8831653595,0.113959990442,97592.2790527,-7.85999965668,-201.922790527,False
6.6000000000000005,-0.433,0.064,-0.062,-0.392266,0.53936575,10.14988275,-11.1099996567,7.18430137634,-5.44000005722,-1.82295405865,26.1451778412,13.6821689606,6.88118743896,-0.0695898756385,97593.5302734,-7.88999986649,-201.922790527,False
6.7,-0.433,0.064,-0.062,-0.392266,0.53936575,10.14988275,-12.0399999619,7.18430137634,-5.63999986649,-1.82295405865,26.1451778412,13.6669740677,6.8302063942,-0.0574885942042,97593.5302734,-7.92999982834,-193.311126709,False
6.800000000000001,-0.548,-0.003,-0.038,-0.44129925,0.3726527,9.7281968,-12.7299995422,7.18430137634,-5.80999994278,-1.82295405865,26.1451778412,13.6650562286,6.76367330551,-0.0647905766964,97594.2016602,-7.96999979019,-193.311126709,False
6.9,-0.345,0.014,0.014,-0.50013915,0.2353596,9.58109705,-13.25,-4.07075071335,-5.92999982834,-2.35925841331,27.6293087006,13.6651191711,6.65924882889,-0.00557340634987,97593.6218262,-8.01000022888,-185.935028076,False
7.0,-0.181,-0.012,0.054,-0.40207265,0.2745862,9.83606995,-13.5900001526,-4.07075071335,-6.02999973297,-2.35925841331,27.6293087006,13.6947307587,6.49698066711,0.0448911748827,97593.0236816,-8.03999996185,-185.935028076,False
7.1000000000000005,-0.181,-0.012,0.054,-0.40207265,0.2745862,9.83606995,-13.7599992752,-4.07075071335,-6.08999967575,-2.35925841331,27.6293087006,13.7343254089,6.33336734772,0.0537788160145,97593.0236816,-8.05999946594,-181.026641846,False
7.2,-0.195,0.002,0.112,-0.392266,0.28439285,10.65982855,-13.8299999237,-7.79019117355,-6.17000007629,-2.44283556938,27.053314209,13.7923316956,6.14742422104,0.0394296087325,97590.7470703,-8.06999969482,-181.026641846,False
7.300000000000001,-0.15,0.02,0.133,-0.40207265,0.48052585,10.6304086,-13.6499996185,-7.79019117355,-6.25999975204,-2.44283556938,27.053314209,13.864689827,5.92776060104,0.00297670764849,97593.0969238,-8.07999992371,-177.733428955,False
7.4,-0.178,0.029,0.129,-0.40207265,0.4707192,10.44408225,-13.3299999237,-7.79019117355,-6.36999988556,-2.44283556938,27.053314209,13.9411811829,5.6883058548,-0.0205249711871,97591.4428711,-8.09000015259,-177.733428955,False
7.5,-0.103,0.034,0.127,-0.46091255,0.5491724,9.83606995,-12.8400001526,-10.8333473206,-6.46999979019,-2.99550151825,25.1585979462,14.0220508575,5.43233299255,-0.00991590134799,97593.6523438,-8.10999965668,-160.969924927,False
7.6000000000000005,-0.13,0.059,0.108,-0.4314926,0.50013915,9.6301303,-12.3000001907,-10.8333473206,-6.5499997139,-2.99550151825,25.1585979462,14.0849504471,5.22698926926,0.0267609655857,97594.8547363,-8.13000011444,-160.969924927,False
7.7,-0.103,0.031,0.09,-0.588399,0.588399,9.5516771,-11.6899995804,-10.8333473206,-6.56999969482,-2.99550151825,25.1585979462,14.1644878387,4.97001457214,0.111985333264,97596.1547852,-8.13999938965,-150.260543823,False
7.800000000000001,-0.088,-0.019,0.077,-0.51975245,0.48052585,9.6693569,-11.0699996948,-10.8333473206,-6.56999969482,-2.99550151825,25.1585979462,14.2297849655,4.76369571686,0.190831646323,97596.5576172,-8.14999961853,-150.260543823,False
7.9,0.005,-0.015,0.066,-0.4118793,0.3726527,10.0616229,-10.3899993896,-13.2424278259,-6.52999973297,-3.86137008667,23.0593338013,14.3060331345,4.50105285645,0.260490179062,97595.5383301,-8.13000011444,-140.84777832,False
8.0,0.116,0.03,0.068,-0.50013915,0.4118793,9.54187045,-9.64999961853,-13.2424278259,-6.50999975204,-3.86137008667,23.0593338013,14.3852548599,4.23935079575,0.310285687447,97596.307373,-8.10999965668,-140.84777832,False
8.1,0.078,0.014,0.079,-0.4707192,0.392266,9.65955025,-8.98999977112,-13.2424278259,-6.42000007629,-3.86137008667,23.0593338013,14.4492139816,3.99263167381,0.397712290287,97598.0651855,-8.07999992371,-127.13394165,False
8.200000000000001,0.085,0.079,0.082,-0.48052585,0.34323275,9.52225715,-8.31999969482,-13.2424278259,-6.33999967575,-3.86137008667,23.0593338013,14.5366191864,3.66633605957,0.488653808832,97596.5393066,-8.05000019073,-127.13394165,False
8.3,0.085,0.079,0.082,-0.48052585,0.34323275,9.52225715,-7.77999973297,-11.5200128555,-6.19999980927,-4.65516233444,21.6524467468,14.5623903275,3.59146642685,0.551258921623,97596.5393066,-7.98999977112,-124.213790894,False
8.4,0.107,0.008,0.109,-0.55897905,0.32361945,9.218251,-7.0499997139,-11.5200128555,-5.98999977112,-4.65516233444,21.6524467468,14.6544866562,3.28038573265,0.774052321911,97595.9655762,-7.92999982834,-124.213790894,False
8.5,0.107,0.008,0.109,-0.55897905,0.32361945,9.218251,-7.0499997139,-11.5200128555,-5.98999977112,-4.65516233444,21.6524467468,14.6697282791,3.24721646309,0.801911830902,97593.0664062,-7.92999982834,-124.213790894,False
8.6,0.049,0.05,0.127,-0.53936575,0.2353596,9.218251,-6.09999990463,-11.5200128555,-5.55999994278,-4.65516233444,21.6524467468,14.7743320465,2.96689128876,0.937708854675,97600.5371094,-7.77999973297,-55.0542831421,False
8.700000000000001,0.01,0.056,0.128,-0.5491724,0.10787315,8.09048625,-5.55999994278,-9.1866235733,-5.28999996185,-6.20001745224,19.0525817871,14.8323049545,2.80395483971,1.15115427971,97602.1057129,-7.67999982834,-49.8682022095,False
8.8,0.082,0.046,0.157,-0.4707192,-0.00980665,8.237586,-5.33999967575,-9.1866235733,-4.92999982834,-6.20001745224,19.0525817871,14.8617219925,2.71858119965,1.31979000568,97603.3081055,-7.57999992371,-49.8682022095,False
8.9,0.127,-0.009,0.186,-0.4511059,0.12748645,8.7475318,-4.11999988556,-9.1866235733,-4.52999973297,-6.20001745224,19.0525817871,14.9241409302,2.55198454857,1.52900326252,97604.3640137,-7.44999980927,-52.0538330078,False
9.0,0.178,-0.04,0.202,-0.40207265,0.36284605,9.60071035,-3.82999992371,-9.1866235733,-4.13999986649,-6.20001745224,19.0525817871,14.9595079422,2.48144483566,1.58358311653,97608.5083008,-7.30999994278,-52.0538330078,False
9.1,0.083,-0.026,0.185,-0.3530394,0.392266,10.09104285,-2.33999991417,-6.54588365555,-3.75,-6.88411903381,15.7377748489,15.0445280075,2.3396396637,1.61247527599,97609.1674805,-7.14999961853,-59.0953826904,False
9.200000000000001,0.083,-0.026,0.185,-0.3530394,0.392266,10.09104285,-2.33999991417,-6.54588365555,-3.75,-6.88411903381,15.7377748489,15.0708599091,2.29016923904,1.6092633009,97609.1674805,-7.14999961853,-59.0953826904,False
9.3,0.055,-0.102,0.148,-0.2353596,0.8237586,11.4149406,-0.729999959469,-6.54588365555,-3.06999993324,-6.88411903381,15.7377748489,15.1757650375,2.11540603638,1.5337677002,97618.7805176,-6.82999992371,-60.2617263794,False
9.4,0.055,-0.102,0.148,-0.2353596,0.8237586,11.4149406,-0.119999997318,-4.68878030777,-2.80999994278,-6.08118343353,12.5225505829,15.2608880997,1.94572103024,1.37830042839,97618.7805176,-6.67999982834,-60.2617263794,False
9.5,0.008,-0.106,0.082,-0.196133,0.7060788,11.4737805,0.479999989271,-4.68878030777,-2.56999993324,-6.08118343353,12.5225505829,15.3137664795,1.83456933498,1.26463210583,97621.3562012,-6.53999996185,-26.1253356934,False
9.600000000000001,0.062,-0.104,0.061,-0.22555295,0.7649187,11.8856598,5.05999994278,-4.68878030777,-2.38999986649,-6.08118343353,12.5225505829,15.3692617416,1.69742596149,1.1311776638,97621.0998535,-6.40999984741,-26.1253356934,False
9.700000000000001,0.062,-0.104,0.061,-0.22555295,0.7649187,11.8856598,6.27999973297,-4.68878030777,-2.25,-6.08118343353,12.5225505829,15.4282159805,1.52948701382,0.90175652504,97621.0998535,-6.2999997139,-34.987449646,False
9.8,0.151,-0.105,0.014,-0.0784532,0.8629852,12.50347875,8.47999954224,-4.68878030777,-2.18000006676,-6.08118343353,12.5225505829,15.4642925262,1.42419075966,0.723463773727,97626.4892578,-6.21000003815,-34.987449646,False
9.9,0.169,-0.092,-0.015,-0.0588399,0.7453054,12.2583125,9.39999961853,-1.80188667774,-2.18000006676,-2.94805645943,10.2835512161,15.4962282181,1.31082653999,0.484858244658,97626.965332,-6.15000009537,-38.9389038086,False
10.0,0.19,-0.066,-0.031,-0.06864655,0.6472389,12.0229529,10.2299995422,-1.80188667774,-2.23000001907,-2.94805645943,10.2835512161,15.5106658936,1.21767902374,0.225538149476,97626.965332,-6.09999990463,-38.9389038086,False
10.100000000000001,0.236,-0.062,-0.031,-0.08825985,0.6276256,11.7875933,16.1399993896,-1.80188667774,-2.31999993324,-2.94805645943,10.2835512161,15.5042257309,1.18137979507,0.0705827623606,97630.9204102,-6.08999967575,-41.8613433838,False
10.200000000000001,0.236,-0.062,-0.031,-0.08825985,0.6276256,11.7875933,16.8899993896,1.64699494839,-2.44000005722,-1.70842123032,10.7243728638,15.4954547882,1.16473162174,-0.0420374199748,97630.9204102,-6.07999992371,-41.8613433838,False
10.3,0.396,-0.061,-0.028,-0.1765197,0.4511059,11.0422879,18.5799999237,1.64699494839,-2.52999997139,-1.70842123032,10.7243728638,15.4273500443,1.20341169834,-0.208857268095,97629.9377441,-6.08999967575,-38.1023406982,False
10.4,0.436,-0.04,-0.014,-0.22555295,0.3726527,11.4933938,18.9200000763,1.64699494839,-2.6099998951,-1.70842123032,10.7243728638,15.3786840439,1.27477657795,-0.299295663834,97627.0935059,-6.10999965668,-38.1023406982,False
10.5,0.377,-0.052,0.021,-0.0588399,0.5099458,12.77806495,18.8500003815,1.64699494839,-2.74000000954,-1.70842123032,10.7243728638,15.3142108917,1.41613078117,-0.508442819118,97624.8596191,-6.13999986649,-43.7776565552,False
10.600000000000001,0.377,-0.052,0.021,-0.0588399,0.5099458,12.77806495,22.2999992371,9.78444004059,-3.01999998093,-0.688286006451,11.1608867645,15.1982049942,1.6647977829,-0.794182956219,97624.8596191,-6.19000005722,-43.7776565552,False
10.700000000000001,0.181,0.045,0.03,-0.2353596,0.6864655,10.46369555,22.1199989319,9.78444004059,-3.26999998093,-0.688286006451,11.1608867645,15.1307220459,1.79787898064,-0.84768229723,97625.958252,-6.25,-39.1196250916,False
10.8,0.131,0.064,-0.003,-0.32361945,0.81395195,9.05153795,24.2099990845,9.78444004059,-3.46000003815,-0.688286006451,11.1608867645,15.0624628067,1.9297426939,-0.829276263714,97625.958252,-6.32999992371,-39.1196250916,False
10.9,0.158,0.03,-0.036,-0.3334261,0.8825985,9.4339973,24.1599998474,9.78444004059,-3.58999991417,-0.688286006451,11.1608867645,14.9829568863,2.08257675171,-0.737509071827,97627.5817871,-6.40999984741,-34.2498779297,False
11.0,0.158,0.03,-0.036,-0.3334261,0.8825985,9.4339973,24.1599998474,9.78444004059,-3.57999992371,-0.688286006451,11.1608867645,14.9341259003,2.17912387848,-0.706080675125,97627.0996094,-6.40999984741,-34.2498779297,False
11.100000000000001,0.003,0.081,-0.101,-0.28439285,1.02969825,9.3751574,27.0599994659,15.1010036469,-3.72000002861,-1.24973344803,10.7640132904,14.833234787,2.40398073196,-0.564341127872,97626.0437012,-6.53999996185,-3.0834197998,False
11.200000000000001,0.134,0.031,-0.153,-0.38245935,0.9610517,9.6889702,27.0699996948,15.1010036469,-3.74000000954,-1.24973344803,10.7640132904,14.7434768677,2.65656995773,-0.480322450399,97625.6958008,-6.56999969482,-3.0834197998,False
11.3,0.156,-0.015,-0.197,-0.3138128,0.9610517,9.3555441,28.0100002289,15.1010036469,-3.74000000954,-1.24973344803,10.7640132904,14.6820363998,2.85178589821,-0.403843730688,97625.3601074,-6.59999990463,-11.1337661743,False
11.4,0.269,-0.003,-0.231,-0.3334261,0.8041453,9.73800345,27.9899997711,17.6540565491,-3.70999979973,-2.75666260719,13.3431396484,14.6260766983,3.03691577911,-0.353676229715,97626.5319824,-6.61999988556,-12.1336936951,False
11.5,0.269,-0.003,-0.231,-0.3334261,0.8041453,9.73800345,27.7799987793,17.6540565491,-3.66999983788,-2.75666260719,13.3431396484,14.5676851273,3.23619580269,-0.287647485733,97626.5319824,-6.6299996376,-4.35094833374,False
11.600000000000001,0.223,0.001,-0.229,-0.28439285,0.61781895,8.83579165,30.4799995422,17.6540565491,-3.56999993324,-2.75666260719,13.3431396484,14.4688510895,3.60558986664,-0.104292780161,97620.1049805,-6.6299996376,-4.35094833374,False
11.700000000000001,0.288,-0.028,-0.224,-0.32361945,0.44129925,8.89463155,30.2799987793,22.3626861572,-3.38999986649,-4.16213750839,17.6519184113,14.4078121185,3.83130741119,0.0485970564187,97624.1638184,-6.61999988556,-17.2051429749,False
11.8,0.471,-0.028,-0.204,-0.24516625,0.3334261,8.0610663,31.7899990082,22.3626861572,-3.14999985695,-4.16213750839,17.6519184113,14.3205108643,4.14110851288,0.24779009819,97622.9675293,-6.58999967575,-17.2051429749,False
11.9,0.422,-0.068,-0.164,-0.26477955,0.4118793,8.0610663,31.5,22.3626861572,-2.78999996185,-4.16213750839,17.6519184113,14.2256317139,4.47294664383,0.510982751846,97622.3022461,-6.52999973297,-24.87449646,False
12.0,0.275,-0.122,-0.148,-0.2353596,0.46091255,9.414384,33.6300010681,22.3626861572,-2.39999985695,-4.16213750839,17.6519184113,14.1157083511,4.85160636902,0.71414244175,97625.9277344,-6.46000003815,-24.87449646,False
12.100000000000001,0.104,-0.169,-0.138,-0.08825985,0.50013915,9.9047165,33.1899986267,29.7526550293,-2.02999997139,-4.70603132248,21.4494171143,14.0151424408,5.20219993591,0.82721555233,97620.9533691,-6.35999965668,-32.6187133789,False
12.200000000000001,0.034,-0.184,-0.108,0.0392266,0.71588545,10.4538889,32.6300010681,29.7526550293,-1.66999995708,-4.70603132248,21.4494171143,13.8737010956,5.65349435806,0.957975327969,97626.0192871,-6.25,-32.6187133789,False
12.3,0.027,-0.167,-0.101,0.06864655,0.81395195,10.395049,33.6199989319,29.7526550293,-1.31999993324,-4.70603132248,21.4494171143,13.6943883896,6.20702028275,1.057497859,97626.0192871,-6.1299996376,-45.6106185913,False
12.4,0.099,-0.17,-0.115,0.10787315,1.01008495,11.4345539,33.0900001526,29.7526550293,-0.969999969006,-4.70603132248,21.4494171143,13.4833049774,6.79473257065,1.04988431931,97631.8237305,-6.0,-45.6106185913,False
12.5,0.116,-0.171,-0.146,0.10787315,1.1571847,12.07198615,33.1699981689,31.7779712677,-0.680000007153,-2.75274538994,26.0340709686,13.3175983429,7.2193274498,0.979413032532,97633.8195801,-5.8799996376,-62.0113372803,False
12.600000000000001,-0.013,-0.159,-0.177,0.18632635,1.38273765,12.0621795,32.3899993896,31.7779712677,-0.42999997735,-2.75274538994,26.0340709686,13.0591402054,7.82941579819,0.901069879532,97637.6159668,-5.76999998093,-62.0113372803,False
12.700000000000001,-0.041,-0.077,-0.236,0.0980665,1.1179581,11.7483667,33.3199996948,31.7779712677,-0.219999998808,-2.75274538994,26.0340709686,12.8782701492,8.22811222076,0.841910302639,97635.3088379,-5.65999984741,-84.4264984131,False
12.8,-0.041,-0.077,-0.236,0.0980665,1.1179581,11.7483667,32.6199989319,31.7779712677,0.0,-2.75274538994,26.0340709686,12.6164722443,8.77704906464,0.86078453064,97635.3088379,-5.56999969482,-84.4264984131,False
12.9,-0.075,-0.085,-0.27,0.0980665,0.95124505,10.46369555,32.0099983215,32.1841201782,0.280000001192,-2.91977834702,31.1433944702,12.6164722443,8.77704906464,0.86078453064,97636.4685059,-5.46999979019,-107.302093506,False
13.0,-0.042,-0.122,-0.276,0.0980665,0.9218251,10.9049948,34.9099998474,32.1841201782,0.560000002384,-2.91977834702,31.1433944702,12.1825942993,9.6501083374,0.92973947525,97641.8395996,-5.36999988556,-107.302093506,False
13.100000000000001,0.102,-0.147,-0.272,0.0392266,1.06892485,11.20900095,34.5299987793,32.1841201782,0.870000004768,-2.91977834702,31.1433944702,11.9455108643,10.07700634,0.94459861517,97644.8547363,-5.25999975204,-135.00881958,False
13.200000000000001,0.063,-0.146,-0.271,-0.0392266,0.91201845,11.3953273,34.8800010681,32.1841201782,1.16999995708,-2.91977834702,31.1433944702,11.6828145981,10.5159311295,0.938794672489,97644.0856934,-5.15999984741,-135.00881958,False
13.3,0.063,-0.146,-0.271,-0.0392266,0.91201845,11.3953273,34.8800010681,32.1841201782,1.16999995708,-2.91977834702,31.1433944702,11.5699710846,10.7015209198,0.931096553802,97644.0856934,-5.15999984741,-135.00881958,False
13.4,0.066,-0.093,-0.255,0.00980665,0.93163175,10.8657682,33.8299980164,32.2214584351,1.77999997139,-3.9068467617,38.8988838196,11.2404212952,11.2080087662,0.949111461639,97642.2790527,-4.92999982834,-147.472198486,False
13.5,0.017,-0.156,-0.266,-0.04903325,1.0002783,10.46369555,36.1300010681,32.2214584351,2.12999987602,-3.9068467617,38.8988838196,10.852766037,11.7592611313,1.04387199879,97647.3571777,-4.81999969482,-164.109222412,False
13.600000000000001,0.063,-0.207,-0.261,0.06864655,0.9218251,10.983448,35.8400001526,32.2214584351,2.51999998093,-3.9068467617,38.8988838196,10.61024189,12.0804100037,1.07518053055,97651.7333984,-4.69999980927,-164.109222412,False
13.700000000000001,0.06,-0.255,-0.25,0.04903325,0.9414384,12.0621795,35.9399986267,33.2015609741,2.88999986649,-4.4436173439,45.1934280396,10.2004823685,12.592004776,1.05469715595,97650.2807617,-4.56999969482,-191.881561279,False
13.8,0.047,-0.249,-0.24,0.12748645,1.0395049,11.93469305,35.3499984741,33.2015609741,3.21000003815,-4.4436173439,45.1934280396,9.90268325806,12.9302082062,1.00996148586,97653.717041,-4.44999980927,-191.881561279,False
13.9,-0.07,-0.26,-0.243,0.20593965,1.14737805,12.97419795,34.6399993896,33.2015609741,3.48000001907,-4.4436173439,45.1934280396,9.41187477112,13.4492120743,0.877183020115,97656.9519043,-4.32999992371,-183.238601685,False
14.0,-0.142,-0.248,-0.245,0.30400615,1.14737805,12.83690485,34.8699989319,33.4579696655,3.69999980927,-3.20335435867,51.2924308777,8.98145484924,13.8658456802,0.746395349503,97660.8032227,-4.21999979019,-183.238601685,False
14.100000000000001,-0.193,-0.208,-0.234,0.3334261,1.0983448,13.1801376,34.0200004578,33.4579696655,3.8599998951,-3.20335435867,51.2924308777,8.62131023407,14.1914491653,0.612145483494,97661.0534668,-4.11999988556,-206.985092163,False
14.200000000000001,-0.096,-0.219,-0.219,0.2157463,1.04931155,13.17033095,34.1199989319,33.4579696655,3.99000000954,-3.20335435867,51.2924308777,8.17133903503,14.5711994171,0.432134211063,97661.2548828,-4.03999996185,-206.985092163,False
14.3,-0.008,-0.222,-0.231,0.20593965,0.93163175,12.9251647,33.2399978638,33.4579696655,4.06999969482,-3.20335435867,51.2924308777,7.7260184288,14.8998403549,0.274607688189,97659.3811035,-3.97000002861,-227.62727356,False
14.4,-0.058,-0.253,-0.241,0.26477955,0.77472535,12.8467115,32.3299980164,30.9340324402,4.17000007629,-1.62285506725,59.1961517334,7.2587313652,15.2120513916,0.113454632461,97659.979248,-3.91999983788,-227.62727356,False
14.5,-0.058,-0.253,-0.241,0.26477955,0.77472535,12.8467115,31.7099990845,30.9340324402,4.23000001907,-1.62285506725,59.1961517334,6.90131807327,15.4211206436,0.0727189332247,97659.979248,-3.88999986649,-232.240966797,False
14.600000000000001,-0.006,-0.226,-0.196,0.0784532,0.87279185,12.11121275,30.7799987793,30.9340324402,4.36999988556,-1.62285506725,59.1961517334,6.24766588211,15.760436058,-0.00380098540336,97663.0126953,-3.86999988556,-231.241027832,False
14.700000000000001,-0.046,-0.133,-0.185,0.0588399,1.04931155,11.11093445,29.6299991608,30.9340324402,4.40999984741,-1.62285506725,59.1961517334,5.88004779816,15.9264478683,-0.0302094426006,97664.7155762,-3.8599998951,-240.299804688,False
14.8,0.014,-0.16,-0.213,-0.02941995,0.95124505,9.7478101,28.6999988556,31.0965709686,4.55999994278,-0.174232572317,65.7197036743,5.42241239548,16.1049213409,0.0783128216863,97665.3869629,-3.83999991417,-240.299804688,False
14.9,-0.011,-0.22,-0.233,0.06864655,0.8237586,10.30678915,27.8099994659,31.0965709686,4.76999998093,-0.174232572317,65.7197036743,5.11034965515,16.2136592865,0.152682781219,97658.6120605,-3.81999993324,-242.045211792,False
15.0,-0.044,-0.194,-0.228,0.16671305,0.980665,11.50320045,26.7299995422,31.0965709686,4.96000003815,-0.174232572317,65.7197036743,4.57591629028,16.3840026855,0.156291693449,97662.0117188,-3.77999997139,-242.045211792,False
15.100000000000001,-0.129,-0.224,-0.231,0.22555295,1.02969825,12.1014061,25.3999996185,31.0965709686,5.09999990463,-0.174232572317,65.7197036743,4.19689798355,16.4979400635,0.110362008214,97658.0444336,-3.74000000954,-250.840942383,False
15.200000000000001,-0.165,-0.201,-0.232,0.28439285,0.91201845,12.6701918,23.8299999237,30.6754074097,5.15000009537,0.886852145195,72.506690979,3.68828248978,16.6337814331,-0.0195974558592,97664.6362305,-3.70999979973,-250.840942383,False
15.3,-0.203,-0.164,-0.212,0.3530394,0.83356525,12.3759923,22.1499996185,30.6754074097,5.11999988556,0.886852145195,72.506690979,3.09765529633,16.7569732666,-0.187184780836,97663.104248,-3.69999980927,-230.480773926,False
15.4,-0.203,-0.164,-0.212,0.3530394,0.83356525,12.3759923,22.1499996185,30.6754074097,5.10999965668,0.886852145195,72.506690979,2.72300362587,16.8252868652,-0.257218629122,97663.104248,-3.69999980927,-230.480773926,False
15.5,-0.126,-0.147,-0.169,0.32361945,0.8237586,12.5721253,18.6499996185,30.6754074097,5.02999973297,0.886852145195,72.506690979,2.15331983566,16.8993930817,-0.434639155865,97659.9731445,-3.70999979973,-232.098388672,False
15.600000000000001,-0.144,-0.093,-0.145,0.4314926,0.89240515,12.2386992,16.7799987793,26.8848190308,4.92999982834,2.29318571091,79.5490341187,1.78718328476,16.9357147217,-0.561756670475,97661.1083984,-3.73000001907,-232.098388672,False
15.700000000000001,-0.206,-0.137,-0.143,0.32361945,1.176798,11.6110736,15.0099992752,26.8848190308,4.76999998093,2.29318571091,79.5490341187,1.38687729836,16.9628429413,-0.66662979126,97659.979248,-3.77999997139,-232.292938232,False
15.8,-0.206,-0.137,-0.143,0.32361945,1.176798,11.6110736,15.0,26.8848190308,4.75999975204,2.29318571091,79.5490341187,1.15325200558,16.9700145721,-0.721310734749,97659.979248,-3.77999997139,-232.292938232,False
15.9,-0.213,-0.158,-0.191,0.3334261,1.0591182,11.66010685,11.6599998474,23.9261245728,4.44999980927,3.21800732613,83.3680419922,0.574520111084,16.9499168396,-0.870619893074,97664.9597168,-3.89999985695,-226.70993042,False
16.0,-0.248,-0.17,-0.192,0.3530394,0.7649187,11.79739995,9.98999977112,23.9261245728,4.25999975204,3.21800732613,83.3680419922,0.289701342583,16.9233760834,-0.959839463234,97652.4902344,-3.98000001907,-226.70993042,False
16.1,-0.286,-0.087,-0.179,0.3334261,0.85317855,11.44436055,8.28999996185,23.9261245728,4.00999975204,3.21800732613,83.3680419922,-0.1053891927,16.8573646545,-1.08835816383,97652.746582,-4.06999969482,-213.474456787,False
16.2,-0.329,-0.059,-0.165,0.22555295,0.75511205,9.8851032,6.71000003815,23.9261245728,3.75999999046,3.21800732613,83.3680419922,-0.322862893343,16.8095989227,-1.11533689499,97656.7810059,-4.15999984741,-213.474456787,False
16.3,-0.29,-0.123,-0.165,0.30400615,0.79433865,11.5914603,5.42999982834,19.0061168671,3.55999994278,3.94212532043,87.6684265137,-0.562630236149,16.7435665131,-1.13330292702,97652.1484375,-4.26999998093,-208.247955322,False
16.400000000000002,-0.29,-0.123,-0.165,0.30400615,0.79433865,11.5914603,5.42999982834,19.0061168671,3.54999995232,3.94212532043,87.6684265137,-0.715110838413,16.6977214813,-1.20513606071,97652.1484375,-4.26999998093,-208.247955322,False
16.5,-0.207,-0.077,-0.12,0.40207265,0.79433865,11.83662655,2.66999983788,19.0061168671,2.95000004768,3.94212532043,87.6684265137,-1.04611432552,16.5679836273,-1.39320528507,97650.2807617,-4.48999977112,-193.468856812,False
16.6,-0.207,-0.077,-0.12,0.40207265,0.79433865,11.83662655,1.37000000477,19.0061168671,2.57999992371,3.94212532043,87.6684265137,-1.21845924854,16.489030838,-1.50849997997,97650.2807617,-4.61999988556,-193.468856812,False
16.7,-0.237,-0.085,-0.079,0.32361945,0.6080123,11.571847,0.189999997616,13.7155237198,2.19000005722,5.22394704819,91.7286148071,-1.43335688114,16.364402771,-1.63287770748,97639.630127,-4.76999998093,-180.248840332,False
16.8,-0.185,-0.072,-0.055,0.3530394,0.7649187,11.32668075,-0.879999995232,13.7155237198,1.76999998093,5.22394704819,91.7286148071,-1.58851027489,16.2474403381,-1.76566660404,97642.1386719,-4.92000007629,-180.248840332,False
16.900000000000002,-0.185,-0.072,-0.055,0.3530394,0.7649187,11.32668075,-1.77999997139,13.7155237198,1.30999994278,5.22394704819,91.7286148071,-1.731159091,16.0987205505,-1.88598191738,97642.1386719,-5.09999990463,-155.234909058,False
17.0,-0.266,0.006,-0.043,0.34323275,0.87279185,10.99325465,-2.61999988556,13.7155237198,0.829999983311,5.22394704819,91.7286148071,-1.80064117908,15.99472332,-1.96418654919,97636.328125,-5.27999973297,-155.234909058,False
17.1,-0.302,-0.012,-0.047,0.2353596,0.7453054,10.30678915,-3.25999999046,13.7155237198,0.329999983311,5.22394704819,91.7286148071,-1.8768825531,15.845908165,-2.03037142754,97636.328125,-5.48000001907,-139.284896851,False
17.2,-0.343,0.003,-0.043,0.2745862,0.6472389,10.2773692,-3.78999996185,7.4103140831,-0.140000000596,5.94107294083,93.6756286621,-1.89659810066,15.7526302338,-2.03779673576,97632.4890137,-5.67999982834,-139.284896851,False
17.3,-0.324,0.06,-0.037,0.20593965,0.6276256,9.4339973,-4.17999982834,7.4103140831,-0.610000014305,5.94107294083,93.6756286621,-1.89995217323,15.6382255554,-2.01496648788,97629.5288086,-5.88999986649,-116.150093079,False
17.400000000000002,-0.193,0.076,-0.032,0.1765197,0.5295591,9.1397978,-4.40000009537,7.4103140831,-1.01999998093,5.94107294083,93.6756286621,-1.8853250742,15.5545320511,-1.96266126633,97626.6540527,-6.08999967575,-116.150093079,False
17.5,-0.18,0.07,-0.021,0.18632635,0.5099458,8.54159215,-4.52999973297,7.4103140831,-1.38999998569,5.94107294083,93.6756286621,-1.84479618073,15.4449748993,-1.81505572796,97624.041748,-6.27999973297,-91.8598175049,False
17.6,-0.18,0.07,-0.021,0.18632635,0.5099458,8.54159215,-4.59999990463,1.68744492531,-1.68999993801,4.80993270874,94.5476760864,-1.79279267788,15.3507909775,-1.60572504997,97624.041748,-6.46000003815,-91.8598175049,False
17.7,-0.128,0.071,0.028,0.14709975,0.44129925,8.67888525,-4.65000009537,1.68744492531,-1.92999994755,4.80993270874,94.5476760864,-1.75196635723,15.2914361954,-1.4707877636,97618.5546875,-6.60999965668,-69.130897522,False
17.8,-0.178,0.075,0.048,0.18632635,0.5099458,8.5317855,-4.65000009537,1.68744492531,-2.15999984741,4.80993270874,94.5476760864,-1.68764162064,15.2259187698,-1.3196567297,97617.1203613,-6.75999975204,-69.130897522,False
17.900000000000002,-0.134,0.086,0.059,0.1765197,0.4707192,8.73772515,-4.51999998093,1.68744492531,-2.32999992371,4.80993270874,94.5476760864,-1.62654340267,15.1788215637,-1.18392443657,97612.8112793,-6.8799996376,-59.2100143433,False
18.0,-0.121,0.095,0.071,0.26477955,0.6668522,8.89463155,-4.31999969482,-1.88208401203,-2.49000000954,3.02743792534,93.9753875732,-1.51490926743,15.117852211,-1.01168096066,97611.5844727,-6.98999977112,-59.2100143433,False
18.1,-0.137,0.115,0.067,0.24516625,0.6864655,8.97308475,-4.0,-1.88208401203,-2.6099998951,3.02743792534,93.9753875732,-1.42048692703,15.0874204636,-0.917681932449,97609.7167969,-7.07999992371,-46.445274353,False
18.2,-0.137,0.115,0.067,0.24516625,0.6864655,8.97308475,-4.0,-1.88208401203,-2.6099998951,3.02743792534,93.9753875732,-1.348326087,15.0715560913,-0.841648221016,97609.7167969,-7.07999992371,-46.445274353,False
18.3,-0.054,0.083,0.031,0.2157463,0.53936575,8.48275225,-3.17999982834,-1.88208401203,-2.79999995232,3.02743792534,93.9753875732,-1.1795592308,15.0340995789,-0.617084145546,97608.807373,-7.23999977112,-31.5364837646,False
18.400000000000002,-0.06,0.06,0.036,0.16671305,0.51975245,8.825985,-2.75999999046,-4.13633346558,-2.82999992371,0.533594310284,92.9444274902,-1.0650472641,15.0139694214,-0.461178392172,97607.421875,-7.2999997139,-31.5364837646,False
18.5,-0.044,0.084,0.051,0.14709975,0.392266,8.93385815,-2.31999993324,-4.13633346558,-2.8599998951,0.533594310284,92.9444274902,-0.899389028549,14.9930887222,-0.306283324957,97607.421875,-7.34999990463,-16.9351577759,False
18.6,-0.024,0.068,0.074,0.08825985,0.44129925,8.5710121,-1.87000000477,-4.13633346558,-2.86999988556,0.533594310284,92.9444274902,-0.808371007442,14.9893121719,-0.187507554889,97606.1706543,-7.3799996376,-16.9351577759,False
18.7,0.018,0.025,0.081,0.0784532,0.40207265,8.91424485,-1.38999998569,-4.13633346558,-2.83999991417,0.533594310284,92.9444274902,-0.689789295197,14.9815635681,-0.0449840910733,97605.0354004,-7.39999961853,-10.7980728149,False
18.8,0.004,0.015,0.097,0.1765197,0.4511059,8.91424485,-0.909999966621,-4.75487661362,-2.78999996185,-0.816618740559,91.8171844482,-0.57432705164,14.9727516174,0.078400336206,97604.864502,-7.41999959946,-10.7980728149,False
18.900000000000002,0.045,-0.005,0.108,0.12748645,0.4511059,9.01231135,-0.389999985695,-4.75487661362,-2.72000002861,-0.816618740559,91.8171844482,-0.457776069641,14.9701976776,0.190988123417,97605.3710938,-7.40999984741,-4.17137145996,False
19.0,0.068,-0.013,0.112,0.2549729,0.3726527,9.71839015,0.0999999940395,-4.75487661362,-2.63999986649,-0.816618740559,91.8171844482,-0.347297340631,14.9661502838,0.261679649353,97606.0974121,-7.39999961853,-4.17137145996,False
19.1,0.063,0.012,0.125,0.20593965,0.5099458,9.85568325,0.579999983311,-4.75487661362,-2.56999993324,-0.816618740559,91.8171844482,-0.240060269833,14.9666376114,0.311932206154,97604.5837402,-7.3799996376,-2.90622711182,False
19.200000000000003,0.023,0.077,0.134,0.2157463,0.50013915,9.79684335,1.09000003338,-3.57579064369,-2.50999999046,-0.965619146824,89.2443847656,-0.112778708339,14.9683227539,0.35649728775,97604.5837402,-7.35999965668,-2.90622711182,False
19.3,0.063,0.051,0.128,0.12748645,0.4903325,9.22805765,1.59999990463,-3.57579064369,-2.42999982834,-0.965619146824,89.2443847656,-0.0103810019791,14.9698200226,0.428279787302,97608.013916,-7.32999992371,1.59025192261,False
19.400000000000002,0.07,0.082,0.123,0.1176798,0.48052585,8.34545915,2.06999993324,-3.57579064369,-2.29999995232,-0.965619146824,89.2443847656,0.0625782683492,14.9674129486,0.514388740063,97607.7575684,-7.2999997139,1.59025192261,False
19.5,0.079,0.037,0.119,0.14709975,0.6080123,8.7279185,2.48000001907,-2.68610453606,-2.09999990463,-2.03434562683,87.235710144,0.1471426934,14.9671802521,0.667501688004,97606.628418,-7.25999975204,-0.14762878418,False
19.6,0.094,-0.015,0.112,0.24516625,0.79433865,9.7870367,2.95000004768,-2.68610453606,-1.87999999523,-2.03434562683,87.235710144,0.258206516504,14.9708414078,0.784349799156,97608.2763672,-7.19999980927,-0.14762878418,False
19.700000000000003,-0.043,-0.015,0.083,0.22555295,0.784532,9.85568325,3.46000003815,-2.68610453606,-1.69999992847,-2.03434562683,87.235710144,0.3595443964,14.9831066132,0.799027264118,97610.5163574,-7.1299996376,1.68409347534,False
19.8,-0.003,-0.033,0.049,0.2745862,0.79433865,10.09104285,4.00999975204,-2.68610453606,-1.52999997139,-2.03434562683,87.235710144,0.442333191633,14.9944725037,0.822805047035,97609.6679688,-7.05999994278,1.68409347534,False
19.900000000000002,0.046,-0.042,0.03,0.38245935,0.73549875,10.4538889,4.57999992371,-1.59241592884,-1.37000000477,-2.06084704399,84.9793701172,0.54593706131,15.0078058243,0.808339595795,97613.0065918,-6.98999977112,3.97844314575,False
20.0,0.069,-0.039,0.02,0.30400615,0.7060788,10.4538889,5.15999984741,-1.59241592884,-1.23000001907,-2.06084704399,84.9793701172,0.640014886856,15.0160446167,0.765636742115,97614.1723633,-6.92000007629,3.97844314575,False
20.1,0.077,-0.024,0.015,0.30400615,0.61781895,10.28717585,5.65000009537,-1.59241592884,-1.11000001431,-2.06084704399,84.9793701172,0.720754683018,15.0218486786,0.734910130501,97614.8742676,-6.85999965668,1.75189971924,False
20.200000000000003,0.077,-0.024,0.015,0.30400615,0.61781895,10.28717585,6.10999965668,-1.59241592884,-0.969999969006,-2.06084704399,84.9793701172,0.795268595219,15.021566391,0.717512786388,97614.8742676,-6.78999996185,1.75189971924,False
20.3,0.228,-0.014,0.027,0.36284605,0.588399,10.13026945,6.46000003815,-1.59241592884,-0.839999973774,-2.06084704399,84.9793701172,0.831116259098,15.0238847733,0.719764888287,97616.418457,-6.73000001907,-2.14595794678,False
20.400000000000002,0.232,0.004,0.028,0.40207265,0.5687857,10.8069283,6.75,1.35086214542,-0.689999997616,-1.12742638588,84.4309616089,0.852416694164,15.0302858353,0.670506715775,97619.2932129,-6.67000007629,-2.14595794678,False
20.5,0.232,0.004,0.028,0.40207265,0.5687857,10.8069283,6.75,1.35086214542,-0.689999997616,-1.12742638588,84.4309616089,0.852483510971,15.0427455902,0.622728645802,97619.2932129,-6.67000007629,-2.14595794678,False
20.6,0.033,0.028,0.055,0.3138128,0.6668522,9.9831697,6.92000007629,1.35086214542,-0.52999997139,-1.12742638588,84.4309616089,0.845301449299,15.0677452087,0.562685191631,97618.0908203,-6.56999969482,-3.4460067749,False
20.700000000000003,-0.015,0.054,0.044,0.18632635,0.6668522,9.5516771,6.96999979019,1.35086214542,-0.419999986887,-1.12742638588,84.4309616089,0.837463736534,15.0796079636,0.5872656703,97618.0908203,-6.51999998093,-8.21018218994,False
20.8,-0.015,0.054,0.044,0.18632635,0.6668522,9.5516771,6.96999979019,1.35086214542,-0.419999986887,-1.12742638588,84.4309616089,0.835086226463,15.0881605148,0.625132143497,97616.9128418,-6.51999998093,-8.21018218994,False
20.900000000000002,0.064,0.023,0.011,0.1765197,0.67665885,9.5909037,7.1299996376,4.23597145081,-0.070000000298,-1.67063879967,83.3646850586,0.826458394527,15.1141557693,0.746107935905,97620.7885742,-6.42000007629,-15.0316238403,False
21.0,0.064,0.023,0.011,0.1765197,0.67665885,9.5909037,7.1299996376,4.23597145081,-0.070000000298,-1.67063879967,83.3646850586,0.826383590698,15.1262407303,0.760302186012,97620.7885742,-6.42000007629,-15.0316238403,False
21.1,0.042,0.014,-1.7145055188100002e-18,0.2745862,0.8433719,10.2969825,7.19000005722,4.23597145081,0.269999980927,-1.67063879967,83.3646850586,0.80315220356,15.1629867554,0.743412852287,97622.5158691,-6.2999997139,-17.1894073486,False
21.200000000000003,0.007,0.036,-0.017,0.28439285,0.83356525,10.5323421,7.21000003815,5.5177822113,0.419999986887,-2.18722605705,83.1423187256,0.782784163952,15.2028150558,0.665375649929,97622.5158691,-6.23000001907,-17.1894073486,False
21.3,0.007,-0.003,-0.034,0.2549729,0.61781895,10.14988275,7.19999980927,5.5177822113,0.539999961853,-2.18722605705,83.1423187256,0.766755461693,15.233710289,0.660267412663,97629.4128418,-6.17000007629,-23.0968475342,False
21.400000000000002,-0.039,-0.055,-0.029,0.28439285,0.6668522,10.14988275,7.14999961853,5.5177822113,0.699999988079,-2.18722605705,83.1423187256,0.738696336746,15.2681207657,0.657894909382,97625.0,-6.10999965668,-23.0968475342,False
21.5,-0.08,-0.082,-0.023,0.2941995,0.6276256,10.62060195,7.0499997139,5.49638223648,0.839999973774,-1.90364801884,83.744178772,0.7133872509,15.2972564697,0.62678784132,97629.8522949,-6.0499997139,-28.8846969604,False
21.6,-0.029,-0.077,-0.026,0.3530394,0.65704555,10.3754357,7.02999973297,5.49638223648,0.959999978542,-1.90364801884,83.744178772,0.685842692852,15.3267707825,0.571585357189,97628.7841797,-5.98999977112,-28.8846969604,False
21.700000000000003,-0.043,-0.102,-0.025,0.42168595,0.6668522,10.64021525,6.94999980927,5.49638223648,1.07999992371,-1.90364801884,83.744178772,0.66810798645,15.3409280777,0.531408846378,97633.7341309,-5.92999982834,-40.0623321533,False
21.8,-0.065,-0.09,-0.012,0.4707192,0.73549875,11.2580342,6.92000007629,5.49638223648,1.17999994755,-1.90364801884,83.744178772,0.647289037704,15.3574790955,0.438981950283,97630.859375,-5.8799996376,-40.0623321533,False
21.900000000000002,0.027,-0.069,-0.012,0.4314926,0.6276256,11.32668075,6.8799996376,4.49682712555,1.23000001907,0.0697209686041,84.541595459,0.616996824741,15.3651571274,0.305603921413,97631.4331055,-5.83999967575,-48.2261657715,False
22.0,0.067,-0.076,0.005,0.4314926,0.6080123,11.1991943,6.78999996185,4.49682712555,1.25,0.0697209686041,84.541595459,0.588956832886,15.370631218,0.190826356411,97630.255127,-5.7999997139,-48.2261657715,False
22.1,0.0,-0.076,0.026,0.44129925,0.6472389,11.0226746,6.67000007629,4.49682712555,1.25,0.0697209686041,84.541595459,0.565009474754,15.3658037186,0.108564972878,97633.416748,-5.77999973297,-53.4711837769,False
22.200000000000003,-0.038,-0.08,0.038,0.5099458,0.81395195,11.32668075,6.57999992371,4.49682712555,1.23000001907,0.0697209686041,84.541595459,0.539647877216,15.3555221558,0.00934751331806,97631.0913086,-5.76999998093,-53.4711837769,False
22.3,-0.055,-0.012,0.023,0.57859235,0.8433719,11.2384209,6.53999996185,4.86833715439,1.15999996662,1.81804561615,84.4110794067,0.522028982639,15.327703476,-0.169071704149,97631.9274902,-5.76999998093,31.841468811,False
22.400000000000002,-0.055,-0.012,0.023,0.57859235,0.8433719,11.2384209,6.55999994278,4.86833715439,1.07999992371,1.81804561615,84.4110794067,0.51602101326,15.3132658005,-0.235996365547,97631.9274902,-5.78999996185,31.841468811,False
22.5,-0.013,0.005,-0.006,0.4118793,0.8433719,10.50292215,6.60999965668,4.86833715439,0.979999959469,1.81804561615,84.4110794067,0.520314633846,15.2805309296,-0.334063082933,97632.0983887,-5.80999994278,28.8805007935,False
22.6,-0.013,0.005,-0.006,0.4118793,0.8433719,10.50292215,6.69999980927,4.86833715439,0.889999985695,1.81804561615,84.4110794067,0.526096582413,15.2595996857,-0.395799189806,97632.0983887,-5.83999967575,28.8805007935,False
22.700000000000003,0.072,0.015,-0.02,0.4118793,0.9610517,10.67944185,6.78999996185,4.94000959396,0.789999961853,1.50338447094,84.4695510864,0.536948978901,15.2406873703,-0.452821552753,97631.2072754,-5.8799996376,33.1464767456,False
22.8,0.072,0.015,-0.02,0.4118793,0.9610517,10.67944185,6.78999996185,4.94000959396,0.789999961853,1.50338447094,84.4695510864,0.536527097225,15.2299461365,-0.491925209761,97631.2072754,-5.8799996376,33.1464767456,False
22.900000000000002,0.055,0.073,-0.074,0.30400615,0.784532,9.24767095,6.96000003815,4.94000959396,0.539999961853,1.50338447094,84.4695510864,0.538376033306,15.1999835968,-0.524786770344,97631.4147949,-5.96999979019,32.9686164856,False
23.0,0.1,0.077,-0.084,0.26477955,0.61781895,8.87501825,6.96999979019,4.94000959396,0.489999979734,1.50338447094,84.4695510864,0.514781296253,15.1909036636,-0.445404291153,97631.036377,-6.00999975204,32.9686164856,False
23.1,0.1,0.077,-0.084,0.26477955,0.61781895,8.87501825,6.84999990463,6.75065040588,0.52999997139,0.193853154778,85.701423645,0.463167756796,15.175195694,-0.214897274971,97631.036377,-6.0499997139,37.4455451965,False
23.200000000000003,0.018,0.053,-0.055,0.18632635,0.26477955,8.5317855,6.64999961853,6.75065040588,0.649999976158,0.193853154778,85.701423645,0.418645918369,15.1757040024,-0.0651717856526,97626.8310547,-6.05999994278,37.4455451965,False
23.3,0.042,-0.024,-0.018,0.24516625,0.3726527,8.62004535,6.3799996376,6.75065040588,0.799999952316,0.193853154778,85.701423645,0.353417754173,15.172577858,0.0807033777237,97628.0578613,-6.05999994278,39.3520355225,False
23.400000000000002,-0.006,-0.046,0.008,0.2549729,0.5295591,9.022118,6.08999967575,7.55644083023,0.949999988079,-0.155318722129,86.3982620239,0.291165709496,15.1703958511,0.193158179522,97629.0283203,-6.03999996185,39.3520355225,False
23.5,-0.05,-0.043,0.023,0.3138128,0.59820565,9.58109705,5.7999997139,7.55644083023,1.10000002384,-0.155318722129,86.3982620239,0.220577210188,15.1740903854,0.262114524841,97627.154541,-6.0,109.455108643,False
23.6,-0.035,-0.003,0.016,0.24516625,0.6864655,9.5516771,5.50999975204,7.55644083023,1.23000001907,-0.155318722129,86.3982620239,0.168667018414,15.1669492722,0.308807313442,97625.0061035,-5.96000003815,109.455108643,False
23.700000000000003,-0.092,0.002,0.023,0.34323275,0.97085835,10.1008495,5.28999996185,7.55644083023,1.37999999523,-0.155318722129,86.3982620239,0.138966992497,15.1603879929,0.31661900878,97628.4362793,-5.92000007629,106.979660034,False
23.8,0.027,-0.014,-0.015,0.30400615,0.91201845,10.0616229,5.17999982834,6.47491836548,1.5,0.462109029293,86.1271362305,0.119235940278,15.1596355438,0.31729516387,97630.8654785,-5.8799996376,106.979660034,False
23.900000000000002,-0.03,-0.029,-0.044,0.3138128,0.7453054,10.18910935,5.09999990463,6.47491836548,1.59999990463,0.462109029293,86.1271362305,0.102958329022,15.1630620956,0.308307409286,97627.3254395,-5.83999967575,101.951980591,False
24.0,-0.03,-0.029,-0.044,0.3138128,0.7453054,10.18910935,4.92999982834,6.35129737854,1.70999991894,0.726416349411,86.6359786987,0.084632627666,15.1618471146,0.311756044626,97627.3254395,-5.80999994278,101.951980591,False
24.1,-0.016,-0.053,-0.05,0.36284605,0.7060788,10.54214875,4.92999982834,6.35129737854,1.70999991894,0.726416349411,86.6359786987,0.0465113893151,15.1630849838,0.269686430693,97633.4411621,-5.80999994278,101.951980591,False
24.200000000000003,-0.011,-0.06,-0.034,0.48052585,0.7256921,10.91480145,4.55999994278,6.35129737854,1.81999993324,0.726416349411,86.6359786987,-0.0160098727793,15.1665887833,0.12447720021,97633.6364746,-5.73999977112,103.00579071,False
24.3,-0.011,-0.06,-0.034,0.48052585,0.7256921,10.91480145,4.2999997139,6.35129737854,1.82999992371,0.726416349411,86.6359786987,-0.0575239360332,15.168961525,0.0877439677715,97633.6364746,-5.73000001907,99.8726806641,False
24.400000000000002,-0.036,-3.06161699787e-18,-0.025,0.392266,0.588399,10.28717585,4.2999997139,6.48419189453,1.82999992371,1.48541891575,87.5637817383,-0.0811529010534,15.1643848419,0.0894527286291,97631.072998,-5.73000001907,99.8726806641,False
24.5,0.028,0.074,-0.022,0.36284605,0.588399,10.1793027,3.82999992371,6.48419189453,1.94999992847,1.48541891575,87.5637817383,-0.125885903835,15.1614933014,0.134628012776,97631.854248,-5.71000003815,99.8754501343,False
24.6,0.028,0.074,-0.022,0.36284605,0.588399,10.1793027,3.57999992371,6.48419189453,2.0,1.48541891575,87.5637817383,-0.16448970139,15.1655750275,0.125165268779,97631.854248,-5.69999980927,99.8754501343,False
24.700000000000003,-0.016,-0.047,0.004,0.40207265,0.5295591,10.4538889,3.25999999046,6.48419189453,2.03999996185,1.48541891575,87.5637817383,-0.228123873472,15.1670064926,0.0811772793531,97629.8156738,-5.67999982834,99.1183319092,False
24.8,-0.016,-0.047,0.004,0.40207265,0.5295591,10.4538889,3.25999999046,6.66495990753,2.03999996185,0.997551143169,87.882194519,-0.260659247637,15.1632490158,0.0439538769424,97629.8156738,-5.67999982834,99.1183319092,False
24.900000000000002,-0.07,-0.075,0.004,0.42168595,0.6276256,11.05209455,2.67999982834,6.66495990753,2.02999997139,0.997551143169,87.882194519,-0.324586868286,15.147274971,-0.0763275623322,97635.9558105,-5.67999982834,162.319274902,False
25.0,-0.07,-0.075,0.004,0.42168595,0.6276256,11.05209455,2.41999983788,6.66495990753,1.9699999094,0.997551143169,87.882194519,-0.342021763325,15.1403188705,-0.131810650229,97635.9558105,-5.69000005722,162.319274902,False
25.1,-0.032,-0.07,0.019,0.4118793,0.6668522,10.983448,2.20000004768,5.32426929474,1.88999998569,2.49476289749,87.8266448975,-0.365374326706,15.1240615845,-0.208987385035,97633.1726074,-5.69999980927,159.700958252,False
25.200000000000003,-0.026,-0.064,0.012,0.4511059,0.69627215,10.983448,2.02999997139,5.32426929474,1.79999995232,2.49476289749,87.8266448975,-0.38979741931,15.0946836472,-0.313449978828,97632.824707,-5.71999979019,159.700958252,False
25.3,-0.079,-0.037,0.001,0.3726527,0.5295591,10.4735022,1.89999997616,5.32426929474,1.7199999094,2.49476289749,87.8266448975,-0.398806154728,15.0566864014,-0.351878792048,97630.645752,-5.75,163.493530273,False
25.400000000000002,-0.015,-0.031,0.024,0.46091255,0.8041453,10.77750835,1.75,5.32426929474,1.63999998569,2.49476289749,87.8266448975,-0.410692214966,15.016872406,-0.385357171297,97630.645752,-5.78999996185,163.493530273,False
25.5,-0.135,-0.031,0.028,0.48052585,1.1375714,11.5130071,1.75,4.26565027237,1.5,3.48777985573,87.7233734131,-0.395176380873,14.9702749252,-0.506277143955,97630.6091309,-5.82999992371,169.300079346,False
25.6,-0.236,0.006,-0.002,0.4118793,1.0787315,11.22861425,1.88999998569,4.26565027237,1.28999996185,3.48777985573,87.7233734131,-0.347638845444,14.919919014,-0.6371139884,97634.7167969,-5.88999986649,169.300079346,False
25.700000000000003,-0.261,0.013,-0.037,0.38245935,0.91201845,10.93441475,2.15999984741,4.26565027237,1.05999994278,3.48777985573,87.7233734131,-0.263906091452,14.8531093597,-0.776168763638,97627.9174805,-5.96000003815,172.94921875,False
25.8,-0.119,-0.01,-0.051,0.4707192,0.8629852,11.58165365,2.52999997139,4.26565027237,0.819999992847,3.48777985573,87.7233734131,-0.178553566337,14.7983932495,-0.90946406126,97626.2817383,-6.03999996185,172.94921875,False
25.900000000000002,-0.069,0.016,-0.039,0.44129925,0.87279185,10.93441475,3.00999999046,0.289089292288,0.519999980927,3.67679548264,88.0978164673,-0.0869778841734,14.7407999039,-1.02347004414,97628.112793,-6.1299996376,189.107421875,False
26.0,0.006,0.122,-0.042,0.3334261,0.93163175,9.75761675,3.51999998093,0.289089292288,0.219999998808,3.67679548264,88.0978164673,0.0190166085958,14.6921443939,-1.09126865864,97628.4423828,-6.23000001907,189.107421875,False
26.1,0.106,0.119,-0.067,0.22555295,0.71588545,8.0610663,4.0499997139,0.289089292288,0.0,3.67679548264,88.0978164673,0.112840928137,14.6572742462,-0.966583371162,97626.5808105,-6.34999990463,199.210266113,False
26.200000000000003,0.106,0.119,-0.067,0.22555295,0.71588545,8.0610663,4.48000001907,0.289089292288,-0.0799999982119,3.67679548264,88.0978164673,0.192365825176,14.6272068024,-0.732065796852,97626.5808105,-6.44000005722,199.210266113,False
26.3,0.118,0.057,-0.053,0.196133,0.4707192,8.1395195,4.81999969482,1.23579704762,-0.119999997318,1.70624625683,89.3991851807,0.226675003767,14.6092977524,-0.590025424957,97623.1933594,-6.51999998093,278.707214355,False
26.400000000000002,0.156,0.005,-0.027,0.18632635,0.2941995,8.2964259,5.01999998093,1.23579704762,-0.129999995232,1.70624625683,89.3991851807,0.248382404447,14.5848045349,-0.391389727592,97619.354248,-6.56999969482,278.707214355,False
26.5,0.106,0.004,0.01,0.22555295,0.392266,8.5710121,5.11999988556,3.11942100525,-0.0899999961257,1.35954141617,89.9240341187,0.253197342157,14.5696926117,-0.271051377058,97618.4143066,-6.60999965668,286.588470459,False
26.6,0.052,-0.013,0.038,0.22555295,0.48052585,9.42419065,5.19000005722,3.11942100525,-0.0299999993294,1.35954141617,89.9240341187,0.260761857033,14.546245575,-0.129980906844,97620.5932617,-6.6299996376,286.588470459,False
26.700000000000003,0.07,-0.035,0.036,0.28439285,0.57859235,10.09104285,5.25,3.11942100525,-0.00999999977648,1.35954141617,89.9240341187,0.260343253613,14.5304956436,-0.130310922861,97617.199707,-6.6299996376,289.155090332,False
26.8,0.07,-0.035,0.036,0.28439285,0.57859235,10.09104285,5.26999998093,3.11942100525,-0.019999999553,1.35954141617,89.9240341187,0.253373682499,14.500787735,-0.131985917687,97617.199707,-6.63999986649,289.155090332,False
26.900000000000002,0.006,0.057,0.053,0.2941995,0.7649187,9.99297635,5.2999997139,3.11942100525,-0.0499999970198,1.35954141617,89.9240341187,0.253808736801,14.4767932892,-0.148289605975,97614.6911621,-6.64999961853,296.28704834,False
27.0,0.006,0.057,0.053,0.2941995,0.7649187,9.99297635,5.36999988556,3.11942100525,-0.070000000298,1.35954141617,89.9240341187,0.262908875942,14.4653806686,-0.142799437046,97614.6911621,-6.65999984741,296.28704834,False
27.1,-0.07,0.052,0.013,0.3138128,0.97085835,9.6301303,5.5499997139,4.37613105774,-0.119999997318,1.13211464882,88.7979278564,0.303454607725,14.4513406754,-0.15695887804,97619.4580078,-6.67999982834,300.816711426,False
27.200000000000003,-0.07,0.052,0.013,0.3138128,0.97085835,9.6301303,5.81999969482,4.37613105774,-0.129999995232,1.13211464882,88.7979278564,0.341349720955,14.4450292587,-0.0975921750069,97619.4580078,-6.69000005722,300.816711426,False
27.3,-0.044,0.079,-0.04,0.16671305,0.8629852,8.63965865,6.13999986649,4.37613105774,-0.0599999986589,1.13211464882,88.7979278564,0.401425808668,14.4446802139,0.0606338381767,97620.9594727,-6.69999980927,305.104736328,False
27.400000000000002,0.087,0.072,-0.069,0.3530394,0.67665885,9.1397978,6.33999967575,3.88948154449,0.0,-0.178101882339,89.0020141602,0.416391819715,14.4526433945,0.110875301063,97616.6625977,-6.69999980927,305.104736328,False
27.5,0.131,-0.009,-0.048,0.3138128,0.63743225,10.07142955,6.50999975204,3.88948154449,0.0599999986589,-0.178101882339,89.0020141602,0.429222017527,14.4684877396,0.129205286503,97616.394043,-6.69000005722,300.08581543,False
27.6,0.161,-0.019,-0.032,0.26477955,0.588399,10.07142955,6.59999990463,3.88948154449,0.0999999940395,-0.178101882339,89.0020141602,0.424728423357,14.489481926,0.119351223111,97617.9199219,-6.67000007629,300.08581543,False
27.700000000000003,0.161,-0.019,-0.032,0.26477955,0.588399,10.07142955,6.6299996376,3.88948154449,0.149999991059,-0.178101882339,89.0020141602,0.41736599803,14.4954576492,0.14342032373,97617.9199219,-6.65999984741,300.895874023,False
27.8,0.001,-0.046,-0.032,0.3726527,0.8629852,10.5519554,6.61999988556,6.41410160065,0.209999993443,-0.00634887441993,90.0704040527,0.39717644453,14.511756897,0.147376775742,97619.2626953,-6.63999986649,300.895874023,False
27.900000000000002,0.002,0.004,-0.047,0.34323275,0.6864655,10.14988275,6.55999994278,6.41410160065,0.199999988079,-0.00634887441993,90.0704040527,0.360965102911,14.5253620148,0.10366524756,97619.1589355,-6.6299996376,389.304168701,False
28.0,-0.028,-0.022,-0.031,0.36284605,0.6864655,10.2969825,6.42999982834,6.41410160065,0.209999993443,-0.00634887441993,90.0704040527,0.32801553607,14.5384788513,0.0821439400315,97621.1242676,-6.61999988556,389.304168701,False
28.1,0.025,-0.044,-0.03,0.392266,0.7256921,10.7088618,6.33999967575,6.41410160065,0.199999988079,-0.00634887441993,90.0704040527,0.300212681293,14.5503950119,0.0377550087869,97617.2790527,-6.61999988556,386.041259766,False
28.200000000000003,0.025,-0.044,-0.03,0.392266,0.7256921,10.7088618,6.17999982834,6.41410160065,0.159999996424,-0.00634887441993,90.0704040527,0.275794684887,14.5582170486,-0.00800956785679,97617.2790527,-6.61999988556,386.041259766,False
28.3,-0.069,0.021,-0.023,0.3726527,0.6668522,10.2381426,6.00999975204,6.64360046387,0.0999999940395,0.50637358427,91.0335540771,0.205951541662,14.5695772171,-0.0966500639915,97615.0390625,-6.6299996376,381.840423584,False
28.400000000000002,-0.086,0.017,-0.004,0.38245935,0.6668522,10.13026945,5.81999969482,6.64360046387,0.0599999986589,0.50637358427,91.0335540771,0.171207338572,14.5730705261,-0.11328586936,97618.6645508,-6.63999986649,381.840423584,False
28.5,-0.089,-0.016,0.005,0.392266,0.73549875,10.89518815,5.67999982834,6.64360046387,0.0,0.50637358427,91.0335540771,0.146363779902,14.5825071335,-0.146901547909,97618.6645508,-6.65999984741,376.362121582,False
28.6,-0.004,0.009,0.011,0.3334261,0.6668522,10.71866845,5.5499997139,6.64360046387,-0.109999999404,0.50637358427,91.0335540771,0.114661641419,14.5883693695,-0.251545608044,97616.3574219,-6.69000005722,376.362121582,False
28.700000000000003,-0.138,0.006,0.026,0.32361945,0.9414384,10.54214875,5.5,6.64360046387,-0.229999989271,0.50637358427,91.0335540771,0.112542435527,14.5930166245,-0.27181610465,97616.3574219,-6.71999979019,375.07723999,False
28.8,-0.201,0.028,0.011,0.2941995,0.9610517,10.6696352,5.58999967575,5.07036685944,-0.34999999404,0.421101868153,91.0517196655,0.131864011288,14.599401474,-0.336184442043,97617.5048828,-6.75999975204,375.07723999,False
28.900000000000002,-0.126,0.104,-0.039,0.28439285,0.81395195,9.83606995,5.82999992371,5.07036685944,-0.5,0.421101868153,91.0517196655,0.193675324321,14.6217575073,-0.354338645935,97616.1254883,-6.7999997139,374.558166504,False
29.0,-0.079,0.048,-0.057,0.2941995,0.5099458,9.65955025,6.0499997139,5.07036685944,-0.589999973774,0.421101868153,91.0517196655,0.211119025946,14.638422966,-0.330252349377,97618.0969238,-6.84999990463,374.558166504,False
29.1,-0.127,-5.63337527608e-18,-0.046,0.4118793,0.2745862,9.54187045,6.23999977112,5.07036685944,-0.659999966621,0.421101868153,91.0517196655,0.232283577323,14.6613998413,-0.281881600618,97613.3239746,-6.88999986649,374.076660156,False
29.200000000000003,-0.037,-0.04,-0.01,0.32361945,0.20593965,10.0420096,6.33999967575,1.62345850468,-0.709999978542,-0.666394293308,91.7123947144,0.244534164667,14.6985330582,-0.239336386323,97616.1621094,-6.92999982834,374.076660156,False
29.3,0.083,-0.043,0.052,0.2941995,0.24516625,9.9831697,6.46000003815,1.62345850468,-0.769999980927,-0.666394293308,91.7123947144,0.256562322378,14.7227735519,-0.228408098221,97614.5263672,-6.96000003815,371.93850708,False
29.400000000000002,0.164,-0.044,0.091,0.4511059,0.44129925,10.77750835,6.59999990463,1.62345850468,-0.839999973774,-0.666394293308,91.7123947144,0.273872852325,14.7501945496,-0.262440979481,97611.2731934,-6.98999977112,371.93850708,False
29.5,0.191,-0.003,0.105,0.36284605,0.73549875,10.6892485,6.73000001907,1.62345850468,-0.959999978542,-0.666394293308,91.7123947144,0.289667487144,14.7645683289,-0.337302923203,97613.7390137,-7.01999998093,424.569793701,False
29.6,0.191,-0.003,0.105,0.36284605,0.73549875,10.6892485,6.82999992371,3.80154752731,-1.11000001431,0.252820938826,90.3236618042,0.299827963114,14.7745494843,-0.38952305913,97613.7390137,-7.05999994278,424.569793701,False
29.700000000000003,0.123,0.071,0.051,0.28439285,0.7256921,9.62032365,6.96000003815,3.80154752731,-1.25,0.252820938826,90.3236618042,0.302108794451,14.7864809036,-0.387282192707,97612.890625,-7.10999965668,419.813537598,False
29.8,0.123,0.071,0.051,0.28439285,0.7256921,9.62032365,6.98000001907,3.80154752731,-1.35000002384,0.252820938826,90.3236618042,0.298203378916,14.7954502106,-0.338896661997,97612.890625,-7.15999984741,419.813537598,False
29.900000000000002,0.097,0.078,-0.013,0.3726527,0.50013915,10.56176205,7.00999975204,3.80154752731,-1.38999998569,0.252820938826,90.3236618042,0.271197795868,14.8260564804,-0.256986171007,97607.4645996,-7.19999980927,413.765625,False
30.0,0.01,0.067,0.028,0.4118793,0.48052585,10.65982855,6.77999973297,6.48755550385,-1.5,-0.984508574009,89.0706329346,0.210750609636,14.8742580414,-0.299304634333,97608.215332,-7.23999977112,413.765625,False
30.1,0.0,0.025,0.054,0.3138128,0.5295591,10.0812362,6.52999973297,6.48755550385,-1.62000000477,-0.984508574009,89.0706329346,0.156731620431,14.9112253189,-0.310704022646,97606.854248,-7.27999973297,412.303833008,False
30.200000000000003,0.015,0.032,0.055,0.196133,0.6276256,10.34601575,6.30999994278,6.48755550385,-1.70999991894,-0.984508574009,89.0706329346,0.10224159807,14.9555864334,-0.321406722069,97608.1176758,-7.31999969482,412.303833008,False
30.3,0.015,0.032,0.055,0.196133,0.6276256,10.34601575,6.13999986649,6.48755550385,-1.84999990463,-0.984508574009,89.0706329346,0.078538775444,14.9730596542,-0.326038688421,97608.1176758,-7.35999965668,403.334533691,False
30.400000000000002,-0.051,-0.006,0.028,-0.0196133,0.4314926,9.218251,5.90999984741,6.93739557266,-1.95999991894,-1.75699937344,88.0861053467,0.0226050280035,15.0019550323,-0.284896969795,97609.9060059,-7.40999984741,403.334533691,False
30.5,-0.14,-0.064,0.051,0.20593965,0.6864655,10.4146623,5.71000003815,6.93739557266,-2.01999998093,-1.75699937344,88.0861053467,-0.0250170286745,15.025847435,-0.240462765098,97603.3630371,-7.44999980927,398.598571777,False
30.6,-0.181,-0.055,0.048,0.2745862,0.8041453,11.40513395,5.5499997139,6.93739557266,-2.14999985695,-1.75699937344,88.0861053467,-0.0373510569334,15.0480537415,-0.363686084747,97610.8154297,-7.48000001907,398.598571777,False
30.700000000000003,-0.057,-0.01,0.021,0.0980665,0.8825985,10.93441475,5.56999969482,6.93739557266,-2.39999985695,-1.75699937344,88.0861053467,-0.0304163638502,15.0664167404,-0.482087016106,97610.6384277,-7.52999973297,393.397521973,False
30.8,-0.157,-0.011,-0.008,0.00980665,0.83356525,10.77750835,5.63999986649,4.66030073166,-2.59999990463,-1.01657307148,87.1649475098,-0.00903308950365,15.0686073303,-0.550008654594,97610.6384277,-7.58999967575,393.397521973,False
30.900000000000002,-0.157,-0.011,-0.008,0.00980665,0.83356525,10.77750835,5.84999990463,4.66030073166,-2.82999992371,-1.01657307148,87.1649475098,0.0438982918859,15.0731296539,-0.640125572681,97607.6904297,-7.65999984741,387.788879395,False
31.0,0.081,0.054,-0.064,0.02941995,0.81395195,9.7674234,6.09999990463,4.66030073166,-3.04999995232,-1.01657307148,87.1649475098,0.0824211314321,15.0772619247,-0.630447804928,97608.807373,-7.73000001907,387.788879395,False
31.1,0.136,0.047,-0.072,-0.04903325,0.9414384,9.5516771,6.39999961853,4.66030073166,-3.23000001907,-1.01657307148,87.1649475098,0.127728834748,15.084487915,-0.594704210758,97607.0739746,-7.7999997139,392.493927002,False
31.200000000000003,0.121,0.101,-0.091,-0.0392266,0.89240515,8.93385815,6.63999986649,4.48540210724,-3.36999988556,-1.94637680054,88.3045272827,0.167906731367,15.0875940323,-0.524871110916,97603.6437988,-7.86999988556,392.493927002,False
31.3,0.082,0.034,-0.107,-0.16671305,0.89240515,9.022118,6.88999986649,4.48540210724,-3.44999980927,-1.94637680054,88.3045272827,0.205167964101,15.1036109924,-0.397053688765,97603.3508301,-7.92999982834,389.59387207,False
31.400000000000002,-0.031,-0.027,-0.129,0.02941995,0.73549875,10.73828175,7.03999996185,4.48540210724,-3.52999997139,-1.94637680054,88.3045272827,0.210988104343,15.1181650162,-0.398120164871,97602.3010254,-7.98000001907,389.59387207,False
31.5,-0.031,-0.027,-0.129,0.02941995,0.73549875,10.73828175,7.0499997139,4.48540210724,-3.70999979973,-1.94637680054,88.3045272827,0.182822957635,15.1429691315,-0.453083157539,97602.3010254,-8.01999950409,388.876251221,False
31.6,0.173,0.015,-0.09,-0.16671305,0.59820565,9.99297635,6.94000005722,4.48540210724,-3.8599998951,-1.94637680054,88.3045272827,0.148415654898,15.1496124268,-0.450900673866,97604.3334961,-8.06999969482,388.876251221,False
31.700000000000003,0.031,-0.007,-0.081,-0.18632635,0.2941995,9.6301303,6.76999998093,6.87191152573,-4.0,-2.91477203369,91.0650100708,0.100386247039,15.1582899094,-0.416139930487,97601.5197754,-8.11999988556,391.76159668,False
31.8,-0.045,-0.007,-0.041,-0.2941995,0.26477955,9.4928372,6.42999982834,6.87191152573,-4.09999990463,-2.91477203369,91.0650100708,0.0279732141644,15.16355896,-0.350905358791,97598.7243652,-8.17000007629,391.76159668,False
31.900000000000002,-0.038,-0.007,0.009,-0.06864655,0.04903325,10.2381426,6.07999992371,6.87191152573,-4.17999982834,-2.91477203369,91.0650100708,-0.0527391880751,15.1653661728,-0.283673614264,97597.4365234,-8.21000003815,445.882232666,False
32.0,-0.038,-0.007,0.009,-0.06864655,0.04903325,10.2381426,6.07999992371,6.87191152573,-4.17999982834,-2.91477203369,91.0650100708,-0.117720209062,15.1790552139,-0.318955153227,97597.4365234,-8.21000003815,445.882232666,False
32.1,0.134,0.058,0.122,-0.1372931,0.30400615,10.6892485,5.00999975204,6.81078672409,-4.51999998093,-2.8277990818,91.8319396973,-0.269516885281,15.2116451263,-0.464582115412,97597.7966309,-8.28999996185,445.872680664,False
32.2,0.243,0.124,0.118,-0.22555295,0.4118793,9.01231135,4.50999975204,6.81078672409,-4.71999979019,-2.8277990818,91.8319396973,-0.339883208275,15.2200098038,-0.48837736249,97596.3867188,-8.3499994278,445.872680664,False
32.300000000000004,0.243,0.124,0.118,-0.22555295,0.4118793,9.01231135,4.50999975204,6.81078672409,-4.71000003815,-2.8277990818,91.8319396973,-0.383824020624,15.2267255783,-0.41357678175,97596.3867188,-8.3499994278,445.872680664,False
32.4,-0.152,0.041,0.062,-0.24516625,0.6080123,9.22805765,3.6099998951,6.81078672409,-4.90000009537,-2.8277990818,91.8319396973,-0.489035606384,15.2499008179,-0.27108669281,97598.8891602,-8.44999980927,432.454193115,False
32.5,-0.206,0.054,0.05,-0.2549729,0.73549875,9.4536106,3.14999985695,8.7480506897,-4.98999977112,-3.61962294579,89.1096115112,-0.548968970776,15.2639169693,-0.209385052323,97593.8110352,-8.48999977112,432.730682373,False
32.6,-0.193,0.033,0.014,-0.24516625,0.9414384,9.36535075,2.8599998951,8.7480506897,-5.06999969482,-3.61962294579,89.1096115112,-0.56833088398,15.2867517471,-0.140873521566,97593.8110352,-8.51999950409,432.730682373,False
32.7,-0.011,0.058,-0.046,-0.34323275,0.79433865,8.62004535,2.76999998093,8.7480506897,-5.10999965668,-3.61962294579,89.1096115112,-0.569517195225,15.3092727661,-0.0208514779806,97600.7263184,-8.53999996185,435.43270874,False
32.800000000000004,-0.011,0.058,-0.046,-0.34323275,0.79433865,8.62004535,2.67999982834,8.7480506897,-5.07999992371,-3.61962294579,89.1096115112,-0.557127833366,15.3307285309,0.106115855277,97600.7263184,-8.55999946594,435.43270874,False
32.9,-0.137,0.019,-0.07,-0.1569064,0.8825985,9.8654899,2.72000002861,5.40082931519,-5.01999998093,-4.57510471344,89.3215713501,-0.538415908813,15.3546333313,0.15300552547,97595.7336426,-8.55000019073,428.520874023,False
33.0,-0.118,0.044,-0.11,-0.1176798,0.59820565,9.58109705,2.75,5.40082931519,-5.01999998093,-4.57510471344,89.3215713501,-0.516153514385,15.4080944061,0.211407199502,97595.7885742,-8.53999996185,428.520874023,False
33.1,-0.034,0.07,-0.108,-0.24516625,0.40207265,9.16921775,2.76999998093,5.40082931519,-4.96999979019,-4.57510471344,89.3215713501,-0.513085722923,15.4454803467,0.292120426893,97597.6745605,-8.51999950409,425.620544434,False
33.2,0.077,0.073,-0.087,-0.26477955,0.2353596,8.9828914,2.64999985695,5.40082931519,-4.88999986649,-4.57510471344,89.3215713501,-0.52984380722,15.4789609909,0.369974255562,97594.5068359,-8.48999977112,425.620544434,False
33.300000000000004,0.077,0.073,-0.087,-0.26477955,0.2353596,8.9828914,2.45000004768,4.17940950394,-4.78999996185,-5.67513465881,91.167388916,-0.54686909914,15.5077095032,0.414058536291,97594.5068359,-8.46000003815,412.046447754,False
33.4,0.059,-0.021,-0.001,-0.24516625,0.3530394,9.67916355,2.23000001907,4.17940950394,-4.69000005722,-5.67513465881,91.167388916,-0.574901819229,15.5579051971,0.475180715322,97595.2148438,-8.42000007629,412.046447754,False
33.5,-0.063,0.048,0.031,-0.196133,0.48052585,9.42419065,2.28999996185,4.17940950394,-4.61999988556,-5.67513465881,91.167388916,-0.609555363655,15.632109642,0.525545835495,97595.5444336,-8.38000011444,410.556610107,False
33.6,-0.095,-0.024,0.026,-0.2941995,0.42168595,9.3751574,2.12999987602,4.17940950394,-4.51999998093,-5.67513465881,91.167388916,-0.62442278862,15.6773805618,0.588016092777,97595.5444336,-8.34000015259,410.556610107,False
33.7,-0.101,-0.027,0.027,-0.196133,0.44129925,10.14988275,2.00999999046,4.30747509003,-4.40000009537,-5.68091678619,91.1068191528,-0.634130299091,15.7231454849,0.616657793522,97596.8078613,-8.28999996185,400.012481689,False
33.800000000000004,-0.118,0.001,0.04,-0.20593965,0.46091255,10.46369555,2.05999994278,4.30747509003,-4.33999967575,-5.68091678619,91.1068191528,-0.636146306992,15.7913780212,0.55409181118,97598.6694336,-8.23999977112,400.012481689,False
33.9,-0.118,0.001,0.04,-0.20593965,0.46091255,10.46369555,2.05999994278,4.30747509003,-4.2999997139,-5.68091678619,91.1068191528,-0.627489924431,15.8313827515,0.531370699406,97598.6694336,-8.19999980927,395.356384277,False
34.0,-0.042,0.01,0.043,-0.20593965,0.61781895,10.4735022,2.80999994278,2.3971118927,-4.25999975204,-5.20484304428,90.5400772095,-0.593225002289,15.8857383728,0.481210082769,97598.1689453,-8.15999984741,395.356384277,False
34.1,0.039,-0.005,0.023,-0.196133,0.65704555,9.75761675,3.05999994278,2.3971118927,-4.25,-5.20484304428,90.5400772095,-0.537183582783,15.9413766861,0.473504602909,97599.0600586,-8.13000011444,382.024963379,False
34.2,0.054,0.012,-1.4695761589800001e-18,-0.2549729,0.7060788,9.46341725,5.06999969482,2.3971118927,-4.19000005722,-5.20484304428,90.5400772095,-0.484515339136,15.9770679474,0.511330425739,97601.4282227,-8.09000015259,382.024963379,False
34.300000000000004,0.119,-0.01,-0.021,-0.2157463,0.7256921,9.5909037,5.48999977112,2.3971118927,-4.11000013351,-5.20484304428,90.5400772095,-0.45076584816,16.0159568787,0.548782110214,97601.763916,-8.05999946594,365.111633301,False
34.4,0.119,-0.01,-0.021,-0.2157463,0.7256921,9.5909037,5.48999977112,3.2295601368,-4.11000013351,-5.1123213768,90.2490615845,-0.433016687632,16.0411529541,0.569629430771,97601.763916,-8.05999946594,365.111633301,False
34.5,0.162,-0.042,-0.036,-0.16671305,0.48052585,10.14988275,7.84999990463,3.2295601368,-3.95999979973,-5.1123213768,90.2490615845,-0.416617244482,16.1061000824,0.577358067036,97603.2775879,-7.98000001907,363.224700928,False
34.6,0.162,-0.042,-0.036,-0.16671305,0.48052585,10.14988275,7.84999990463,3.2295601368,-3.95999979973,-5.1123213768,90.2490615845,-0.427120149136,16.1340503693,0.556109845638,97603.2775879,-7.98000001907,363.224700928,False
34.7,0.186,-0.075,-0.012,-0.06864655,0.6080123,11.28745415,11.7399997711,3.2295601368,-3.8599998951,-5.1123213768,90.2490615845,-0.466624587774,16.1889514923,0.43906378746,97605.5419922,-7.89999961853,360.023498535,False
34.800000000000004,0.216,-0.012,1.4695761589800001e-18,-0.1569064,0.7256921,11.179581,11.9600000381,6.92002296448,-3.86999988556,-3.9624812603,91.0739212036,-0.516037285328,16.2314720154,0.322267651558,97605.2001953,-7.85999965668,360.023498535,False
34.9,0.189,-0.014,-0.021,-0.196133,0.9218251,10.7677017,12.1099996567,6.92002296448,-3.91999983788,-3.9624812603,91.0739212036,-0.587684214115,16.2651023865,0.210797458887,97605.1879883,-7.83999967575,350.934112549,False
35.0,0.092,-0.068,-0.053,-0.196133,0.89240515,10.85596155,15.0699996948,6.92002296448,-3.97000002861,-3.9624812603,91.0739212036,-0.662756800652,16.2804679871,0.132857561111,97607.1228027,-7.82999992371,350.934112549,False
35.1,0.101,-0.073,-0.069,-0.1372931,0.83356525,10.87557485,15.2199993134,6.92002296448,-4.02999973297,-3.9624812603,91.0739212036,-0.73685747385,16.2954998016,0.0653950721025,97607.0861816,-7.82999992371,339.435974121,False
35.2,0.117,-0.031,-0.079,-0.1176798,0.77472535,10.87557485,19.6299991608,10.6479024887,-4.13000011444,-3.00041604042,92.1520004272,-0.867230892181,16.3050918579,-0.0493583120406,97607.9528809,-7.82999992371,339.435974121,False
35.300000000000004,0.185,-0.013,-0.091,-0.18632635,0.77472535,10.3165958,19.8199996948,10.6479024887,-4.23000001907,-3.00041604042,92.1520004272,-0.961789011955,16.3078403473,-0.0924428775907,97606.6223145,-7.83999967575,333.045379639,False
35.4,0.267,0.028,-0.113,-0.18632635,0.79433865,9.75761675,19.9300003052,10.6479024887,-4.2999997139,-3.00041604042,92.1520004272,-1.11939811707,16.3049507141,-0.0929300561547,97606.9641113,-7.85999965668,333.045379639,False
35.5,0.212,0.009,-0.122,-0.24516625,0.980665,9.8654899,22.8199996948,10.6479024887,-4.34999990463,-3.00041604042,92.1520004272,-1.22659265995,16.299030304,-0.069827914238,97606.640625,-7.8799996376,330.210876465,False
35.6,0.252,0.034,-0.175,-0.2157463,0.75511205,9.3359308,22.9699993134,15.472234726,-4.36000013351,-3.4579334259,94.6971282959,-1.3795466423,16.2932472229,-0.0165286995471,97606.7871094,-7.88999986649,330.210876465,False
35.7,0.345,-0.008,-0.193,-0.20593965,0.57859235,9.71839015,26.8699989319,15.472234726,-4.32999992371,-3.4579334259,94.6971282959,-1.57519292831,16.2922229767,0.0592214651406,97603.0212402,-7.89999961853,317.510986328,False
35.800000000000004,0.345,-0.008,-0.193,-0.20593965,0.57859235,9.71839015,26.859998703,15.472234726,-4.23999977112,-3.4579334259,94.6971282959,-1.85796320438,16.2842063904,0.158138468862,97603.0212402,-7.88999986649,317.510986328,False
35.9,0.244,-0.021,-0.157,-0.18632635,0.65704555,10.0812362,29.0900001526,15.472234726,-4.17000007629,-3.4579334259,94.6971282959,-2.08371901512,16.2761173248,0.173497855663,97606.4575195,-7.8799996376,316.263397217,False
36.0,0.275,-0.056,-0.162,-0.26477955,0.7256921,10.05181625,28.9200000763,21.5676498413,-4.11999988556,-4.58165025711,98.1582946777,-2.38940525055,16.2682094574,0.211199894547,97608.9355469,-7.85999965668,315.263458252,False
36.1,0.246,-0.1,-0.158,-0.1569064,0.8825985,10.22833595,28.6299991608,21.5676498413,-4.03999996185,-4.58165025711,98.1582946777,-2.7768175602,16.2482433319,0.259145349264,97604.3395996,-7.83999967575,314.293579102,False
36.2,0.246,-0.1,-0.158,-0.1569064,0.8825985,10.22833595,31.7699985504,21.5676498413,-3.9399998188,-4.58165025711,98.1582946777,-3.10987234116,16.222360611,0.31714951992,97604.3395996,-7.81999969482,314.293579102,False
36.300000000000004,0.301,-0.131,-0.21,-0.1765197,0.73549875,9.9831697,31.5299987793,25.6307220459,-3.81999993324,-4.49204349518,101.060653687,-3.40431213379,16.1883907318,0.380481213331,97603.4912109,-7.78999996185,315.382965088,False
36.4,0.21,-0.112,-0.21,-0.16671305,0.8041453,10.0616229,31.0900001526,25.6307220459,-3.67999982834,-4.49204349518,101.060653687,-3.80184817314,16.1337680817,0.440165400505,97605.3039551,-7.75,315.382965088,False
36.5,0.21,-0.112,-0.21,-0.16671305,0.8041453,10.0616229,32.8899993896,25.6307220459,-3.50999999046,-4.49204349518,101.060653687,-4.1976776123,16.0589313507,0.527945101261,97605.3039551,-7.71000003815,309.145629883,False
36.6,0.123,-0.209,-0.225,-0.1569064,1.02969825,10.3165958,32.469997406,30.5178794861,-3.31999993324,-4.01160669327,106.446517944,-4.51717567444,15.9919099808,0.599596500397,97608.1298828,-7.65999984741,308.145721436,False
36.7,0.089,-0.254,-0.237,-0.06864655,1.0591182,11.54242705,35.0799980164,30.5178794861,-3.16999983788,-4.01160669327,106.446517944,-4.962870121,15.8955612183,0.623932301998,97607.8552246,-7.59999990463,296.477111816,False
36.800000000000004,0.069,-0.188,-0.244,0.04903325,1.0198916,11.964113,34.4500007629,30.5178794861,-3.07999992371,-4.01160669327,106.446517944,-5.57576704025,15.7332353592,0.525775671005,97612.701416,-7.53999996185,297.477050781,False
36.9,0.028,-0.167,-0.249,0.02941995,1.01008495,11.6503002,33.6699981689,30.5178794861,-3.02999997139,-4.01160669327,106.446517944,-6.08169794083,15.5750713348,0.459544509649,97611.7553711,-7.48999977112,291.402435303,False
37.0,0.018,-0.22,-0.258,0.00980665,0.9414384,11.64049355,35.0599975586,30.5178794861,-2.97000002861,-4.01160669327,106.446517944,-6.46913671494,15.4437704086,0.427043378353,97613.0004883,-7.44000005722,291.402435303,False
37.1,0.018,-0.22,-0.258,0.00980665,0.9414384,11.64049355,34.2700004578,31.9481658936,-2.9399998188,-2.57815551758,114.847503662,-7.10259246826,15.2105388641,0.313420593739,97613.0004883,-7.40999984741,277.715881348,False
37.2,0.112,-0.178,-0.235,0.2157463,0.93163175,12.6113519,36.3600006104,31.9481658936,-2.97000002861,-2.57815551758,114.847503662,-7.77812147141,14.9310293198,0.158383324742,97613.4765625,-7.3799996376,277.715881348,False
37.300000000000004,0.112,-0.178,-0.235,0.2157463,0.93163175,12.6113519,36.3699989319,31.9481658936,-2.97000002861,-2.57815551758,114.847503662,-7.97909212112,14.8349838257,0.143377617002,97613.4765625,-7.3799996376,277.715881348,False
37.4,0.138,-0.187,-0.215,0.00980665,0.89240515,11.5130071,36.7700004578,33.9949874878,-2.97000002861,-1.81813824177,114.847503662,-8.47198677063,14.5894441605,0.133036926389,97615.802002,-7.34999990463,260.699737549,False
37.5,0.128,-0.122,-0.224,0.08825985,1.04931155,10.89518815,36.0499992371,33.9949874878,-2.95000004768,-1.81813824177,120.082855225,-9.24828910828,14.1757764816,0.152177035809,97613.8671875,-7.34999990463,230.874450684,False
37.6,0.128,-0.122,-0.224,0.08825985,1.04931155,10.89518815,36.0400009155,33.9949874878,-2.9399998188,-1.81813824177,120.082855225,-9.51621055603,14.0187997818,0.185347825289,97613.8671875,-7.34999990463,230.874450684,False
37.7,0.073,-0.176,-0.258,0.0784532,1.0002783,11.09132115,37.6100006104,33.9949874878,-2.81999993324,-1.81813824177,120.082855225,-10.0836181641,13.6709871292,0.228062570095,97617.6208496,-7.31999969482,213.280105591,False
37.800000000000004,0.077,-0.181,-0.264,0.02941995,0.9218251,10.69905515,36.9300003052,36.4822502136,-2.72000002861,-1.89724767208,127.256980896,-10.6251392365,13.3035726547,0.306459993124,97613.0004883,-7.28999996185,213.280105591,False
37.9,0.021,-0.196,-0.258,0.0392266,1.0002783,11.1011278,38.1100006104,36.4822502136,-2.59999990463,-1.89724767208,127.256980896,-10.9827127457,13.0456180573,0.35861364007,97615.6433105,-7.25999975204,199.666015625,False
38.0,0.021,-0.196,-0.258,0.0392266,1.0002783,11.1011278,37.4899978638,36.4822502136,-2.46000003815,-1.89724767208,127.256980896,-11.5058383942,12.642411232,0.444763243198,97615.6433105,-7.21999979019,200.66595459,False
38.1,-0.029,-0.268,-0.27,0.1569064,1.0983448,11.4345539,36.8699989319,36.4822502136,-2.28999996185,-1.89724767208,127.256980896,-11.9333028793,12.2951879501,0.527792930603,97613.3361816,-7.17000007629,144.478988647,False
38.2,-0.026,-0.262,-0.264,0.2745862,1.0395049,12.6701918,38.6499977112,36.4822502136,-2.15999984741,-1.89724767208,127.256980896,-12.427271843,11.8706254959,0.470434337854,97611.7248535,-7.11999988556,144.478988647,False
38.300000000000004,-0.022,-0.205,-0.258,0.16671305,0.9610517,12.46425215,37.7900009155,36.9707527161,-2.09999990463,-1.44792199135,136.297851562,-12.8072404861,11.523891449,0.420093297958,97618.572998,-7.06999969482,122.89666748,False
38.400000000000006,-0.061,-0.226,-0.259,0.1569064,1.1179581,11.99353295,38.3400001526,36.9707527161,-2.04999995232,-1.44792199135,136.297851562,-13.2475147247,11.083319664,0.382232993841,97618.6645508,-7.01999998093,122.89666748,False
38.5,-0.061,-0.226,-0.259,0.1569064,1.1179581,11.99353295,38.3400001526,36.9707527161,-2.04999995232,-1.44792199135,136.297851562,-13.5012865067,10.815284729,0.358967572451,97618.6645508,-6.98999977112,105.401901245,False
38.6,0.043,-0.19,-0.284,0.2157463,1.02969825,11.71894675,38.3499984741,36.9375038147,-1.92999994755,-1.2963360548,142.4896698,-13.9046869278,10.3645277023,0.330820024014,97617.1691895,-6.94999980927,105.401901245,False
38.7,0.082,-0.167,-0.286,0.08825985,1.0002783,10.4342756,38.3499984741,36.9375038147,-1.91999995708,-1.2963360548,142.4896698,-14.2536287308,9.94918346405,0.399466216564,97617.1691895,-6.94999980927,105.401901245,False
38.800000000000004,0.12,-0.224,-0.289,0.00980665,0.50013915,9.83606995,37.0400009155,36.9375038147,-1.56999993324,-1.2963360548,142.4896698,-14.7611293793,9.26137924194,0.659912705421,97621.0205078,-6.8799996376,77.5235137939,False
38.900000000000006,0.12,-0.224,-0.289,0.00980665,0.50013915,9.83606995,37.0400009155,36.9375038147,-1.55999994278,-1.2963360548,142.4896698,-14.8869514465,9.07560157776,0.718727111816,97617.0532227,-6.8799996376,77.5235137939,False
39.0,0.063,-0.247,-0.235,0.0980665,0.588399,11.03248125,37.0499992371,37.9796714783,-1.29999995232,-1.84073960781,148.046585083,-15.2006912231,8.58245944977,0.832082748413,97618.1396484,-6.81999969482,56.4971923828,False
39.1,-0.065,-0.24,-0.193,0.12748645,0.9414384,11.0226746,35.1199989319,37.9796714783,-0.77999997139,-1.84073960781,148.046585083,-15.6272964478,7.86623191833,0.941496610641,97618.5058594,-6.64999961853,40.3100967407,False
39.2,-0.163,-0.276,-0.201,0.26477955,1.10815145,12.1798593,34.7000007629,37.9796714783,-0.52999997139,-1.84073960781,148.046585083,-15.9144935608,7.33823823929,0.96058177948,97623.7426758,-6.55999994278,40.3100967407,False
39.300000000000004,-0.145,-0.213,-0.223,0.28439285,1.1571847,12.5721253,33.5,37.7938919067,-0.359999984503,-0.682223975658,154.522781372,-16.2581996918,6.6600279808,0.881687760353,97625.4760742,-6.46999979019,14.1208648682,False
39.400000000000006,-0.125,-0.221,-0.249,0.38245935,1.3140911,12.85651815,32.2700004578,37.7938919067,-0.219999998808,-0.682223975658,154.522781372,-16.4685840607,6.20288085938,0.803871870041,97627.7648926,-6.3799996376,14.1208648682,False
39.5,-0.125,-0.221,-0.249,0.38245935,1.3140911,12.85651815,32.2700004578,37.7938919067,-0.219999998808,-0.682223975658,154.522781372,-16.620880127,5.85501384735,0.730297863483,97627.7648926,-6.3799996376,14.1208648682,False
39.6,0.001,-0.173,-0.278,0.36284605,1.16699135,12.7290317,29.0999984741,36.1598243713,-0.019999999553,-0.0522494539618,160.971328735,-16.9559593201,5.00100517273,0.56082457304,97624.1210938,-6.23000001907,-18.62449646,False
39.7,-0.085,-0.164,-0.262,0.30400615,1.01008495,11.8856598,27.4200000763,36.1598243713,0.0499999970198,-0.0522494539618,160.971328735,-17.1557312012,4.43375682831,0.520382881165,97630.7922363,-6.17999982834,-47.7109909058,False
39.800000000000004,-0.181,-0.193,-0.249,0.2745862,1.08853815,11.3561007,25.6700000763,36.1598243713,0.159999996424,-0.0522494539618,160.971328735,-17.3199310303,3.89622330666,0.502731502056,97625.8789062,-6.11999988556,-47.7109909058,False
39.900000000000006,-0.227,-0.147,-0.25,0.30400615,1.0787315,11.5522337,24.0100002289,36.1598243713,0.239999994636,-0.0522494539618,160.971328735,-17.4659996033,3.37234830856,0.475321054459,97627.130127,-6.07999992371,-76.5621185303,False
40.0,-0.241,-0.159,-0.263,0.26477955,1.02969825,11.2972608,22.2299995422,33.6952514648,0.329999983311,-0.290103107691,167.406982422,-17.5881633759,2.87393903732,0.452424734831,97628.5766602,-6.02999973297,-76.5621185303,False
40.1,-0.241,-0.159,-0.263,0.26477955,1.02969825,11.2972608,20.4599990845,33.6952514648,0.399999976158,-0.290103107691,167.406982422,-17.6780815125,2.48138570786,0.424270957708,97628.5766602,-5.98999977112,-101.178741455,False
40.2,-0.219,-0.148,-0.251,0.34323275,1.0395049,11.60126695,20.4599990845,33.6952514648,0.379999995232,-0.290103107691,167.406982422,-17.7552547455,2.091381073,0.386420667171,97631.9763184,-5.94000005722,-101.178741455,False
40.300000000000004,-0.269,-0.161,-0.22,0.40207265,0.97085835,11.99353295,16.8400001526,33.6952514648,0.539999961853,-0.290103107691,167.406982422,-17.8540744781,1.48014318943,0.364380776882,97629.6203613,-5.90999984741,-140.719421387,False
40.400000000000006,-0.276,-0.165,-0.215,0.42168595,0.7649187,12.48386545,14.8199996948,27.6117725372,0.539999961853,-0.126289874315,175.328918457,-17.9235401154,0.996505737305,0.213505998254,97631.2316895,-5.86999988556,-140.719421387,False
40.5,-0.184,-0.149,-0.187,0.392266,0.93163175,12.62115855,12.6999998093,27.6117725372,0.469999998808,-0.126289874315,175.328918457,-17.9687709808,0.544354438782,0.066829316318,97626.8127441,-5.84999990463,-161.016845703,False
40.6,-0.184,-0.149,-0.187,0.392266,0.93163175,12.62115855,10.6799993515,27.6117725372,0.389999985695,-0.126289874315,175.328918457,-17.9974021912,0.044102653861,-0.10909409076,97626.8127441,-5.84999990463,-161.016845703,False
40.7,-0.195,-0.16,-0.181,0.5295591,0.83356525,13.34685065,8.57999992371,27.6117725372,0.229999989271,-0.126289874315,175.328918457,-18.0089912415,-0.302971988916,-0.296937644482,97626.4221191,-5.85999965668,-175.960540771,False
40.800000000000004,-0.286,-0.114,-0.135,0.3530394,0.6472389,12.3956056,6.30999994278,22.8605041504,-0.019999999553,1.18151712418,-179.693649292,-17.9969425201,-0.73290514946,-0.52069324255,97629.6691895,-5.88999986649,-175.960540771,False
40.900000000000006,-0.374,-0.065,-0.092,0.2549729,0.65704555,12.05237285,4.19000005722,22.8605041504,-0.310000002384,1.18151712418,-179.693649292,-17.9576187134,-1.16436028481,-0.738128662109,97626.5075684,-5.96000003815,-188.583755493,False
41.0,-0.37,-0.079,-0.075,0.26477955,0.7060788,11.5326204,2.25999999046,22.8605041504,-0.610000014305,1.18151712418,-179.693649292,-17.9177074432,-1.40426445007,-0.858971655369,97625.8728027,-6.02999973297,-188.583755493,False
41.1,-0.366,-0.068,-0.056,0.1569064,0.784532,10.58137535,0.669999957085,22.8605041504,-0.949999988079,1.18151712418,-179.693649292,-17.8592243195,-1.6472094059,-0.9482447505,97622.3266602,-6.13999986649,-202.74029541,False
41.2,-0.3,-0.083,-0.061,0.04903325,0.65704555,10.18910935,-0.610000014305,22.8605041504,-1.23000001907,1.18151712418,-179.693649292,-17.7921848297,-1.82648003101,-0.964695632458,97621.8811035,-6.23999977112,-202.74029541,False
41.300000000000004,-0.372,-0.084,-0.066,-0.0196133,0.6276256,10.2381426,-1.7199999094,14.23487854,-1.51999998093,2.48838567734,-177.027313232,-17.733997345,-1.94188046455,-0.978281319141,97623.8830566,-6.35999965668,-206.747619629,False
41.400000000000006,-0.261,-0.04,-0.057,0.04903325,0.50013915,10.83634825,-2.75999999046,14.23487854,-1.81999993324,2.48838567734,-177.027313232,-17.6068592072,-2.13199996948,-1.06237983704,97622.5341797,-6.46999979019,-206.747619629,False
41.5,-0.275,-0.03,-0.019,0.0784532,0.57859235,10.5127288,-3.64999985695,14.23487854,-2.14999985695,2.48838567734,-177.027313232,-17.5154399872,-2.22557330132,-1.10953199863,97621.09375,-6.58999967575,-195.680618286,False
41.6,-0.238,-0.028,-0.005,0.1176798,0.6080123,10.6107953,-4.40999984741,9.31715965271,-2.46000003815,3.32537150383,-175.915969849,-17.4233150482,-2.28723502159,-1.15323841572,97621.09375,-6.69999980927,-195.680618286,False
41.7,-0.221,-0.027,3.3065463577000003e-18,0.12748645,0.5491724,10.36562905,-5.0,9.31715965271,-2.79999995232,3.32537150383,-175.915969849,-17.3479251862,-2.32436776161,-1.20294451714,97614.453125,-6.82999992371,-194.27355957,False
41.800000000000004,-0.221,-0.027,3.3065463577000003e-18,0.12748645,0.5491724,10.36562905,-5.53999996185,9.31715965271,-3.12999987602,3.32537150383,-175.915969849,-17.2968711853,-2.33887434006,-1.21447312832,97614.453125,-6.82999992371,-194.27355957,False
41.900000000000006,-0.19,-0.012,0.007,0.1176798,0.6276256,9.99297635,-5.90000009537,9.31715965271,-3.46000003815,3.32537150383,-175.915969849,-17.1865444183,-2.34459614754,-1.22624957561,97616.1865234,-7.08999967575,-178.325073242,False
42.0,-0.188,0.05,0.024,0.08825985,0.61781895,9.67916355,-6.19999980927,4.83260154724,-3.77999997139,3.79878091812,-175.817352295,-17.080160141,-2.3229341507,-1.2139083147,97610.559082,-7.21999979019,-178.325073242,False
42.1,-0.188,0.05,0.024,0.08825985,0.61781895,9.67916355,-6.35999965668,4.83260154724,-4.06999969482,3.79878091812,-175.817352295,-17.0495929718,-2.30808138847,-1.20070874691,97610.559082,-7.34999990463,-162.758453369,False
42.2,-0.263,0.077,0.032,0.06864655,0.59820565,9.36535075,-6.46999979019,4.83260154724,-4.33999967575,3.79878091812,-175.817352295,-16.9590320587,-2.25242114067,-1.13361990452,97608.4106445,-7.46999979019,-162.758453369,False
42.300000000000004,-0.264,0.123,0.032,-0.00980665,0.59820565,8.75733845,-6.38999986649,4.83260154724,-4.57999992371,3.79878091812,-175.817352295,-16.86186409,-2.13906860352,-1.00672066212,97605.1940918,-7.58999967575,-148.079864502,False
42.400000000000006,-0.23,0.082,0.032,0.02941995,0.63743225,8.6690786,-6.21999979019,-0.871123552322,-4.75999975204,2.22407817841,-176.405197144,-16.8067893982,-2.03588294983,-0.85786986351,97604.8706055,-7.69999980927,-148.079864502,False
42.5,-0.16,0.09,0.024,0.0392266,0.50013915,8.67888525,-5.92000007629,-0.871123552322,-4.88999986649,2.22407817841,-176.405197144,-16.7662696838,-1.91869020462,-0.722373366356,97602.130127,-7.78999996185,-132.021514893,False
42.6,-0.136,0.086,0.023,0.02941995,0.4511059,8.6690786,-5.59999990463,-0.871123552322,-5.0,2.22407817841,-176.405197144,-16.7314891815,-1.81995594501,-0.616918385029,97602.6855469,-7.86999988556,-132.021514893,False
42.7,-0.057,0.087,0.038,0.06864655,0.4314926,8.6886919,-5.19999980927,-4.43425178528,-5.06999969482,0.418678313494,-176.786102295,-16.6955318451,-1.6709331274,-0.438230514526,97601.4526367,-7.92999982834,-117.287445068,False
42.800000000000004,0.035,0.079,0.05,0.0,0.42168595,8.9436648,-4.80999994278,-4.43425178528,-5.10999965668,0.418678313494,-176.786102295,-16.672958374,-1.52089250088,-0.302276134491,97597.5769043,-7.98000001907,-117.287445068,False
42.900000000000006,-0.002,0.085,0.076,-0.06864655,0.51975245,8.63965865,-4.36000013351,-4.43425178528,-5.13999986649,0.418678313494,-176.786102295,-16.6597900391,-1.4196356535,-0.184144750237,97598.5900879,-8.01999950409,-102.210617065,False
43.0,-0.056,0.053,0.079,-0.00980665,0.5099458,8.63965865,-3.94999980927,-4.55269432068,-5.10999965668,-1.0270254612,-177.775939941,-16.6442165375,-1.29341888428,-0.0344431065023,97599.0600586,-8.03999996185,-102.210617065,False
43.1,-0.064,0.027,0.083,0.0,0.48052585,9.09076455,-3.47000002861,-4.55269432068,-5.0499997139,-1.0270254612,-177.775939941,-16.6350822449,-1.13633191586,0.111676067114,97601.0864258,-8.05000019073,-86.5396499634,False
43.2,-0.048,0.013,0.081,0.0392266,0.4707192,9.30651085,-2.97000002861,-4.55269432068,-4.98000001907,-1.0270254612,-177.775939941,-16.6325778961,-1.02990853786,0.19509601593,97597.2106934,-8.05000019073,-86.5396499634,False
43.300000000000004,0.008,0.051,0.085,0.10787315,0.4118793,9.2378643,-2.41999983788,-4.55269432068,-4.90999984741,-1.0270254612,-177.775939941,-16.6317634583,-0.895232200623,0.29797065258,97601.763916,-8.02999973297,-80.4479598999,False
43.400000000000006,0.037,0.095,0.088,0.04903325,0.46091255,8.8455983,-1.87000000477,-5.2463889122,-4.81999969482,-1.78468739986,-179.313796997,-16.6292095184,-0.736331999302,0.417440742254,97598.0285645,-8.01000022888,-80.4479598999,False
43.5,0.061,0.069,0.094,0.0784532,0.46091255,8.71811185,-1.33999991417,-5.2463889122,-4.67000007629,-1.78468739986,-179.313796997,-16.6305713654,-0.635926246643,0.532051622868,97599.4445801,-7.96999979019,-71.1458206177,False
43.6,0.06,0.074,0.095,-0.02941995,0.5491724,8.9240515,-0.789999961853,-5.2463889122,-4.48999977112,-1.78468739986,-179.313796997,-16.6454257965,-0.511253714561,0.655349195004,97598.0773926,-7.91999959946,-71.1458206177,False
43.7,0.06,0.074,0.095,-0.02941995,0.5491724,8.9240515,-0.239999994636,-4.20059728622,-4.2999997139,-3.34819412231,179.01675415,-16.6570949554,-0.371490359306,0.800926864147,97598.0773926,-7.85999965668,-60.5298995972,False
43.800000000000004,0.033,0.094,0.086,0.06864655,0.53936575,9.12999115,0.269999980927,-4.20059728622,-4.09999990463,-3.34819412231,179.01675415,-16.6883678436,-0.234754234552,0.916753530502,97603.5461426,-7.7999997139,-60.5298995972,False
43.900000000000006,0.062,0.037,0.092,0.0392266,0.48052585,9.1201845,0.789999961853,-4.20059728622,-3.8599998951,-3.34819412231,179.01675415,-16.7020549774,-0.168608546257,0.972884535789,97601.940918,-7.71999979019,-63.451385498,False
44.0,0.063,-0.029,0.091,0.0784532,0.5295591,9.6693569,1.30999994278,-4.20059728622,-3.6099998951,-3.34819412231,179.01675415,-16.7351226807,-0.0604863986373,1.05577421188,97604.5349121,-7.6299996376,-63.451385498,False
44.1,0.081,-0.041,0.091,0.1372931,0.4707192,10.26756255,1.84999990463,-3.04860639572,-3.3599998951,-4.24720001221,177.160247803,-16.7857570648,0.0860077440739,1.07360959053,97604.2236328,-7.52999973297,-57.7602386475,False
44.2,0.08,-0.043,0.102,0.1372931,0.57859235,10.56176205,2.34999990463,-3.04860639572,-3.14999985695,-4.24720001221,177.160247803,-16.8094577789,0.166498139501,1.03648519516,97606.9641113,-7.42999982834,-57.7602386475,False
44.300000000000004,0.009,-0.056,0.101,0.196133,0.6472389,10.9442214,2.88999986649,-3.04860639572,-2.97000002861,-4.24720001221,177.160247803,-16.8311519623,0.228433832526,0.999008059502,97610.5895996,-7.32999992371,-54.6405792236,False
44.400000000000006,-0.006,0.001,0.099,0.1569064,0.7060788,10.85596155,3.46000003815,-3.04860639572,-2.83999991417,-4.24720001221,177.160247803,-16.8726177216,0.33604490757,0.923790812492,97609.8632812,-7.23999977112,-54.6405792236,False
44.5,-0.01,-0.019,0.077,0.1372931,0.71588545,10.2773692,4.05999994278,-1.86661684513,-2.70000004768,-3.41594457626,174.770339966,-16.9022941589,0.445360064507,0.869794726372,97611.7858887,-7.15999984741,-70.0012207031,False
44.6,-0.01,-0.019,0.077,0.1372931,0.71588545,10.2773692,4.67999982834,-1.86661684513,-2.54999995232,-3.41594457626,174.770339966,-16.9314441681,0.552993118763,0.853619277477,97611.7858887,-7.08999967575,-70.0012207031,False
44.7,0.067,-0.015,0.046,0.14709975,0.71588545,10.36562905,5.25999975204,-1.86661684513,-2.38999986649,-3.41594457626,174.770339966,-16.9550418854,0.675914824009,0.840710163116,97613.4094238,-7.00999975204,-68.0881500244,False
44.800000000000004,0.074,0.033,0.034,0.18632635,0.7060788,9.8458766,5.8799996376,-1.86661684513,-2.23000001907,-3.41594457626,174.770339966,-16.9745903015,0.773131668568,0.830571472645,97617.8344727,-6.94000005722,-68.0881500244,False
44.900000000000006,0.071,2.3268289183800002e-18,0.019,0.16671305,0.65704555,10.11065615,6.44000005722,-0.833499789238,-2.03999996185,-3.16810464859,173.548675537,-17.0003299713,0.860435545444,0.84552115202,97616.5161133,-6.85999965668,-71.7460632324,False
45.0,0.071,2.3268289183800002e-18,0.019,0.16671305,0.65704555,10.11065615,6.44000005722,-0.833499789238,-2.03999996185,-3.16810464859,173.548675537,-17.0224342346,0.924427807331,0.843807756901,97616.5161133,-6.77999973297,-71.7460632324,False
45.1,0.142,0.039,0.016,0.16671305,0.71588545,9.62032365,7.44000005722,-0.833499789238,-1.63999998569,-3.16810464859,173.548675537,-17.047996521,1.00080442429,0.874369680882,97615.2770996,-6.69999980927,-64.7979736328,False
45.2,0.107,0.04,0.019,0.1176798,0.61781895,9.79684335,7.85999965668,-0.833499789238,-1.41999995708,-3.16810464859,173.548675537,-17.0810375214,1.0597782135,0.896108031273,97620.098877,-6.60999965668,-64.7979736328,False
45.300000000000004,0.088,0.036,0.02,0.1569064,0.55897905,9.4339973,8.19999980927,1.78850317001,-1.18999993801,-3.60063409805,173.080596924,-17.104631424,1.08867299557,0.931334674358,97622.8088379,-6.52999973297,-75.2540588379,False
45.400000000000006,0.123,-0.042,0.014,0.1765197,0.6276256,9.8851032,8.51000022888,1.78850317001,-0.919999957085,-3.60063409805,173.080596924,-17.1438560486,1.1181756258,0.985072612762,97618.560791,-6.42999982834,-75.2540588379,False
45.5,0.106,-0.058,0.016,0.2745862,0.588399,10.18910935,8.72000026703,1.78850317001,-0.669999957085,-3.60063409805,173.080596924,-17.173576355,1.12501907349,0.977321505547,97624.1760254,-6.33999967575,-79.1849136353,False
45.6,0.106,-0.058,0.016,0.2745862,0.588399,10.18910935,8.88999938965,1.78850317001,-0.449999988079,-3.60063409805,173.080596924,-17.2157478333,1.11929440498,0.938335955143,97624.1760254,-6.23999977112,-79.1849136353,False
45.7,0.109,-0.018,0.023,0.20593965,0.6276256,10.6304086,8.97000026703,4.10166549683,-0.25,-3.04141426086,172.734222412,-17.2376976013,1.11141872406,0.901679575443,97624.8596191,-6.15000009537,-86.7137908936,False
45.800000000000004,0.176,-0.014,0.027,0.24516625,0.85317855,9.97336305,9.01999950409,4.10166549683,-0.0499999970198,-3.04141426086,172.734222412,-17.2850494385,1.08614516258,0.872368276119,97625.0610352,-6.05999994278,-86.7137908936,False
45.900000000000006,0.094,-0.067,0.006,0.30400615,0.83356525,10.54214875,9.01999950409,4.10166549683,0.170000001788,-3.04141426086,172.734222412,-17.3181591034,1.05712747574,0.855728149414,97630.5541992,-5.96999979019,-93.1343078613,False
46.0,0.034,-0.103,-0.011,0.32361945,0.83356525,11.2972608,8.94999980927,4.10166549683,0.340000003576,-3.04141426086,172.734222412,-17.3656539917,0.999757528305,0.738246321678,97634.1796875,-5.88999986649,-93.1343078613,False
46.1,0.057,-0.093,-0.022,0.34323275,0.81395195,11.1207411,8.78999996185,7.21189260483,0.469999998808,-1.99769437313,172.547561646,-17.3906726837,0.951047122478,0.650946080685,97630.6945801,-5.80999994278,-106.243896484,False
46.2,0.016,-0.079,-0.029,0.24516625,0.8629852,10.87557485,8.5999994278,7.21189260483,0.599999964237,-1.99769437313,172.547561646,-17.4113559723,0.890718877316,0.562246143818,97632.3486328,-5.73999977112,-106.243896484,False
46.300000000000004,0.016,-0.079,-0.029,0.24516625,0.8629852,10.87557485,8.42000007629,7.21189260483,0.699999988079,-1.99769437313,172.547561646,-17.4230976105,0.841732084751,0.470700234175,97632.3486328,-5.67999982834,-113.220977783,False
46.400000000000006,-0.189,-0.087,-0.055,0.51975245,1.0787315,12.52309205,8.27999973297,7.21189260483,0.729999959469,-1.99769437313,172.547561646,-17.4520988464,0.78816139698,0.200637280941,97636.8347168,-5.63999986649,-113.220977783,False
46.5,-0.147,-0.037,-0.07,0.26477955,0.75511205,11.179581,8.14999961853,7.21189260483,0.659999966621,-1.99769437313,172.547561646,-17.4605293274,0.762822329998,0.0838053599,97637.0056152,-5.60999965668,-125.604629517,False
46.6,-0.277,-0.063,-0.082,0.42168595,0.67665885,11.6895268,8.0999994278,5.80506038666,0.629999995232,0.00319193955511,173.994842529,-17.456205368,0.735382258892,-0.0427987389266,97636.6760254,-5.58999967575,-125.604629517,False
46.7,0.004,-0.077,-0.062,0.46091255,0.46091255,12.05237285,7.98999977112,5.80506038666,0.509999990463,0.00319193955511,173.994842529,-17.4627361298,0.698943018913,-0.274609446526,97634.1918945,-5.59999990463,-132.937240601,False
46.800000000000004,0.136,-0.033,-0.015,0.392266,0.55897905,10.983448,7.86999988556,4.34942579269,0.34999999404,0.907107710838,175.006744385,-17.450302124,0.656444549561,-0.451094776392,97634.576416,-5.61999988556,-132.937240601,False
46.900000000000006,0.146,-0.061,0.004,0.34323275,0.6080123,10.65982855,7.78999996185,4.34942579269,0.229999989271,0.907107710838,175.006744385,-17.4270954132,0.619390964508,-0.522057116032,97635.2294922,-5.65999984741,-131.941986084,False
47.0,0.141,-0.015,0.007,0.3138128,0.50013915,10.36562905,7.61999988556,4.34942579269,0.0999999940395,0.907107710838,175.006744385,-17.404302597,0.569908499718,-0.566751420498,97631.1218262,-5.71000003815,-131.941986084,False
47.1,0.109,0.012,0.026,0.28439285,0.5491724,9.75761675,7.38999986649,4.34942579269,-0.019999999553,0.907107710838,175.006744385,-17.386505127,0.522181212902,-0.560078144073,97632.1777344,-5.76999998093,-131.067077637,False
47.2,0.128,-0.016,0.026,0.2745862,0.6276256,10.14988275,7.09999990463,6.93619537354,-0.0999999940395,1.47207176685,175.019195557,-17.3580188751,0.438741505146,-0.550056576729,97632.4279785,-5.81999969482,-131.067077637,False
47.300000000000004,0.049,0.018,0.021,0.14709975,0.67665885,9.0025047,6.75999975204,6.93619537354,-0.209999993443,1.47207176685,175.019195557,-17.3170623779,0.351028859615,-0.516100466251,97631.6101074,-5.8799996376,-131.158828735,False
47.400000000000006,0.097,0.063,0.014,0.1176798,0.8237586,8.63965865,6.5499997139,6.93619537354,-0.25,1.47207176685,175.019195557,-17.2975883484,0.309973686934,-0.408963084221,97630.7067871,-5.92999982834,-131.158828735,False
47.5,0.097,0.063,0.014,0.1176798,0.8237586,8.63965865,6.33999967575,6.93619537354,-0.209999993443,1.47207176685,175.019195557,-17.2568798065,0.256530493498,-0.284709960222,97630.7067871,-5.96000003815,-134.411437988,False
47.6,-0.139,0.054,-0.056,0.0980665,0.97085835,9.0809579,7.10999965668,8.70990753174,-0.209999993443,1.15047442913,174.61680603,-17.2406597137,0.235645294189,-0.247276693583,97631.0668945,-5.98999977112,-134.411437988,False
47.7,-0.066,0.023,-0.088,0.1176798,0.8629852,9.44380395,7.00999975204,8.70990753174,-0.159999996424,1.15047442913,174.61680603,-17.2148399353,0.205388084054,-0.168878093362,97628.9245605,-6.0,-122.818374634,False
47.800000000000004,-0.076,0.054,-0.104,0.1372931,0.69627215,9.50264385,6.89999961853,8.70990753174,-0.140000000596,1.15047442913,174.61680603,-17.1882839203,0.148869648576,-0.0745778232813,97627.2705078,-6.00999975204,-122.818374634,False
47.900000000000006,-0.091,0.013,-0.109,0.18632635,0.67665885,8.63965865,7.28999996185,8.70990753174,-0.070000000298,1.15047442913,174.61680603,-17.1804122925,0.122602842748,0.0249198749661,97630.7067871,-6.00999975204,-125.485038757,False
48.0,-0.031,-0.014,-0.1,0.1176798,0.53936575,8.7867584,7.23000001907,6.64593267441,0.0499999970198,0.107206650078,176.63822937,-17.1771030426,0.10374648124,0.112623907626,97629.5288086,-6.0,-125.485038757,False
48.1,-0.014,-0.053,-0.065,0.1569064,0.55897905,9.7478101,7.23000001907,6.64593267441,0.0499999970198,0.107206650078,176.63822937,-17.1747646332,0.0712839886546,0.199549391866,97627.4169922,-5.98000001907,-125.005340576,False
48.2,-0.096,-0.069,-0.038,0.28439285,0.5491724,10.5127288,10.25,6.64593267441,0.319999992847,0.107206650078,176.63822937,-17.1698951721,0.00428574671969,0.219314277172,97632.1472168,-5.94000005722,-125.005340576,False
48.300000000000004,-0.059,-0.011,-0.017,0.32361945,0.5491724,10.30678915,11.3400001526,6.64593267441,0.379999995232,0.107206650078,176.63822937,-17.1663703918,-0.0336557589471,0.177744314075,97630.6091309,-5.90999984741,-126.811027527,False
48.400000000000006,0.021,0.006,-7.34788079488e-19,0.30400615,0.5295591,10.20872265,11.4200000763,5.68829298019,0.459999978542,0.841645658016,177.963745117,-17.1638240814,-0.071711435914,0.153683573008,97629.1687012,-5.8799996376,-126.811027527,False
48.5,0.077,0.001,0.014,0.36284605,0.55897905,10.0223963,11.529999733,5.68829298019,0.52999997139,0.841645658016,177.963745117,-17.158744812,-0.106104128063,0.166221261024,97627.1789551,-5.85999965668,-126.131439209,False
48.6,0.101,0.001,0.025,0.34323275,0.6472389,10.2773692,17.1399993896,5.68829298019,0.610000014305,0.841645658016,177.963745117,-17.1578216553,-0.146417453885,0.1685731709,97631.6955566,-5.83999967575,-126.131439209,False
48.7,0.179,0.028,0.016,0.34323275,0.63743225,9.9635564,17.4799995422,5.68829298019,0.680000007153,0.841645658016,177.963745117,-17.1532936096,-0.210465610027,0.164652124047,97629.8278809,-5.81999969482,-128.379058838,False
48.800000000000004,0.215,0.071,-8.69499227395e-18,0.2353596,0.67665885,9.36535075,19.2799987793,8.00267028809,0.759999990463,0.620799839497,177.617477417,-17.1504383087,-0.255373597145,0.193126931787,97628.8513184,-5.7999997139,-128.379058838,False
48.900000000000006,0.228,-0.003,-0.019,0.28439285,0.7060788,9.0613446,19.5599994659,8.00267028809,0.899999976158,0.620799839497,177.617477417,-17.147518158,-0.323567867279,0.279319643974,97635.5285645,-5.76999998093,-126.569366455,False
49.0,0.244,-0.032,-0.043,0.2745862,0.7453054,9.38496405,19.7999992371,8.00267028809,1.06999993324,0.620799839497,177.617477417,-17.1490497589,-0.395512610674,0.340847074986,97629.6325684,-5.73999977112,-126.569366455,False
49.1,0.209,-0.052,-0.05,0.32361945,0.784532,9.69877685,25.8699989319,8.00267028809,1.25,0.620799839497,177.617477417,-17.1540241241,-0.511957645416,0.396075934172,97630.8044434,-5.69999980927,-125.80242157,False
49.2,0.234,-0.067,-0.064,0.3138128,0.81395195,10.0420096,26.1199989319,12.5713272095,1.43999993801,0.435981869698,178.116638184,-17.1580600739,-0.714929163456,0.427787840366,97634.0698242,-5.65000009537,-125.80242157,False
49.300000000000004,0.222,-0.061,-0.077,0.38245935,0.7649187,10.42446895,28.8299999237,12.5713272095,1.61000001431,0.435981869698,178.116638184,-17.1631298065,-0.893568456173,0.417836755514,97631.9213867,-5.59999990463,-132.880584717,False
49.400000000000006,0.222,-0.061,-0.077,0.38245935,0.7649187,10.42446895,28.9699993134,12.5713272095,1.75,0.435981869698,178.116638184,-17.1613407135,-1.05258619785,0.391901433468,97631.9213867,-5.5499997139,-132.880584717,False
49.5,0.257,0.019,-0.101,0.4118793,0.9022118,10.3165958,29.0100002289,12.5713272095,1.89999997616,0.435981869698,178.116638184,-17.1581726074,-1.26584899426,0.382482171059,97631.2316895,-5.5,-140.93170166,False
49.6,0.257,0.019,-0.101,0.4118793,0.9022118,10.3165958,29.0100002289,18.3926563263,1.90999996662,0.926518261433,-179.764984131,-17.1602611542,-1.39861857891,0.39602291584,97631.2316895,-5.46000003815,-140.93170166,False
49.7,0.262,-0.016,-0.133,0.42168595,0.9022118,9.9439431,32.8199996948,18.3926563263,2.25999999046,0.926518261433,-179.764984131,-17.1671867371,-1.73912143707,0.456586033106,97637.1948242,-5.40999984741,-154.405685425,False
49.800000000000004,0.274,-0.022,-0.153,0.3530394,1.01008495,9.610517,35.0599975586,18.3926563263,2.46000003815,0.926518261433,-179.764984131,-17.1669712067,-2.00826048851,0.519550144672,97634.0820312,-5.35999965668,-154.405685425,False
49.900000000000006,0.274,-0.022,-0.153,0.3530394,1.01008495,9.610517,35.0599975586,18.3926563263,2.48000001907,0.926518261433,-179.764984131,-17.1692008972,-2.18020963669,0.565624058247,97634.0820312,-5.35999965668,-154.405685425,False
50.0,0.278,-0.126,-0.19,0.4707192,1.02969825,10.13026945,35.0400009155,18.3926563263,2.99000000954,0.926518261433,-179.764984131,-17.1685619354,-2.63466334343,0.651213049889,97639.465332,-5.23999977112,-165.336425781,False
50.1,0.245,-0.12,-0.197,0.53936575,0.91201845,10.56176205,38.0499992371,27.0626220703,3.25,0.412362962961,-174.604248047,-17.1695823669,-2.92547631264,0.680005848408,97641.1315918,-5.17000007629,-186.128616333,False
50.2,0.245,-0.12,-0.197,0.53936575,0.91201845,10.56176205,37.9099998474,27.0626220703,3.5,0.412362962961,-174.604248047,-17.156671524,-3.32292556763,0.705532610416,97641.1315918,-5.08999967575,-186.128616333,False
50.300000000000004,0.189,-0.101,-0.209,0.6080123,1.1964113,10.60098865,38.7299995422,27.0626220703,3.77999997139,0.412362962961,-174.604248047,-17.140417099,-3.73337507248,0.736372888088,97647.0581055,-5.00999975204,-200.029754639,False
50.400000000000006,0.184,-0.104,-0.234,0.65704555,1.1571847,10.91480145,38.5099983215,31.6037540436,4.08999967575,0.18223413825,-169.98928833,-17.0987300873,-4.44191169739,0.768960356712,97641.6870117,-4.92999982834,-200.029754639,False
50.5,0.154,-0.07,-0.263,0.61781895,1.14737805,10.4931155,41.9300003052,31.6037540436,4.36000013351,0.18223413825,-169.98928833,-17.0851573944,-4.62755155563,0.778886258602,97641.9250488,-4.83999967575,-224.905014038,False
50.6,0.185,-0.046,-0.276,0.6864655,1.0983448,10.36562905,41.8299980164,31.6037540436,4.67999982834,0.18223413825,-169.98928833,-17.0493278503,-5.09277009964,0.824538946152,97648.0041504,-4.73999977112,-224.905014038,False
50.7,0.218,-0.068,-0.299,0.61781895,1.06892485,9.3947707,41.7000007629,31.6037540436,5.02999973297,0.18223413825,-169.98928833,-17.0113697052,-5.54875802994,0.928080141544,97644.4274902,-4.65000009537,-248.281478882,False
50.800000000000004,0.145,-0.191,-0.308,0.67665885,1.2160246,10.198916,43.3099975586,35.4016456604,5.46999979019,-1.58545207977,-164.737075806,-16.9649467468,-6.00333881378,1.07543194294,97647.1374512,-4.53999996185,-248.281478882,False
50.900000000000006,0.145,-0.191,-0.308,0.67665885,1.2160246,10.198916,43.3099975586,35.4016456604,5.46999979019,-1.58545207977,-164.737075806,-16.9149436951,-6.42215871811,1.14511656761,97647.1374512,-4.53999996185,-248.281478882,False
51.0,0.112,-0.17,-0.31,0.8433719,1.3337044,11.2580342,44.75,35.4016456604,6.23000001907,-1.58545207977,-164.737075806,-16.7905845642,-7.2048625946,1.17667508125,97654.8583984,-4.2999997139,-273.20803833,False
51.1,0.112,-0.17,-0.31,0.8433719,1.3337044,11.2580342,44.75,35.4016456604,6.61999988556,-1.58545207977,-164.737075806,-16.7092952728,-7.66633081436,1.21066665649,97654.8583984,-4.17000007629,-302.230926514,False
51.2,0.16,-0.224,-0.319,1.0002783,1.12776475,11.0226746,44.75,38.0948219299,7.03999996185,-2.26512241364,-155.208496094,-16.5168743134,-8.4829120636,1.264513731,97662.322998,-4.02999973297,-302.230926514,False
51.300000000000004,0.176,-0.259,-0.315,1.1179581,1.08853815,11.9248864,44.75,38.0948219299,7.48999977112,-2.26512241364,-155.208496094,-16.422252655,-8.83686351776,1.29189026356,97657.9284668,-3.88999986649,-347.875701904,False
51.400000000000006,0.175,-0.218,-0.291,1.10815145,1.0591182,11.67972015,44.7399978638,38.0948219299,7.98000001907,-2.26512241364,-155.208496094,-16.1841201782,-9.60584449768,1.31156754494,97659.9487305,-3.73000001907,-346.875762939,False
51.5,0.092,-0.302,-0.277,1.2160246,1.14737805,12.93497135,44.7399978638,38.0948219299,8.43999958038,-2.26512241364,-155.208496094,-16.002412796,-10.1285381317,1.32743692398,97665.8874512,-3.57999992371,-353.081512451,False
51.6,0.092,-0.302,-0.27,1.32389775,1.2356379,13.13110435,44.75,41.1380729675,8.88000011444,-2.3651804924,-147.934295654,-15.7227048874,-10.8245649338,1.2816798687,97668.359375,-3.41999983788,-353.081512451,False
51.7,0.092,-0.302,-0.27,1.32389775,1.2356379,13.13110435,44.7599983215,41.1380729675,9.27999973297,-2.3651804924,-147.934295654,-15.5416917801,-11.2500724792,1.25405025482,97668.359375,-3.26999998093,-389.649597168,False
51.800000000000004,0.069,-0.335,-0.283,1.4121576,1.3140911,13.28801075,44.7700004578,42.5234413147,9.69999980927,-1.65612494946,-140.846282959,-15.0168495178,-12.3519983292,1.21109592915,97680.4138184,-3.12999987602,-389.649597168,False
51.900000000000006,0.065,-0.363,-0.284,1.4709975,1.3140911,13.52337035,44.7700004578,42.5234413147,10.1099996567,-1.65612494946,-140.846282959,-14.4515113831,-13.3478765488,1.11431705952,97674.6948242,-2.98000001907,-436.806488037,False
52.0,0.075,-0.353,-0.271,1.53964405,1.38273765,13.52337035,44.7700004578,42.5234413147,10.5,-1.65612494946,-140.846282959,-14.2728500366,-13.6352043152,1.0791862011,97684.6008301,-2.83999991417,-436.806488037,False
52.1,0.017,-0.314,-0.259,1.67693715,1.40235095,13.97447625,44.7700004578,42.5234413147,10.8800001144,-1.65612494946,-140.846282959,-13.7935028076,-14.3333902359,0.982043266296,97688.1530762,-2.70000004768,-452.01550293,False
52.2,0.014,-0.279,-0.264,1.57887065,1.52003075,12.8663248,44.7700004578,42.5234413147,11.2299995422,-1.65612494946,-140.846282959,-13.2836065292,-15.0109901428,0.881000220776,97689.4042969,-2.56999993324,-452.01550293,False
52.300000000000004,0.014,-0.279,-0.264,1.57887065,1.52003075,12.8663248,44.7700004578,42.5234413147,11.5900001526,-1.65612494946,-140.846282959,-12.5736570358,-15.8954048157,0.806382000446,97689.4042969,-2.45000004768,-479.248809814,False
52.400000000000006,0.019,-0.382,-0.275,1.75539035,1.4906108,13.3762706,44.7700004578,42.5234413147,11.9699993134,-1.65612494946,-140.846282959,-12.2267398834,-16.267080307,0.747073292732,97684.8937988,-2.31999993324,-479.248809814,False
52.5,0.024,-0.349,-0.29,1.6475172,1.7259704,14.0431228,44.7700004578,44.6316986084,12.3099994659,0.380180388689,-124.705345154,-11.6143264771,-16.8644351959,0.643794298172,97686.3830566,-2.21000003815,-519.748474121,False
52.6,0.024,-0.349,-0.29,1.6475172,1.7259704,14.0431228,44.7700004578,44.6316986084,12.6199998856,0.380180388689,-124.705345154,-10.7137022018,-17.6531391144,0.49741089344,97686.3830566,-2.09999990463,-519.748474121,False
52.7,0.071,-0.364,-0.325,1.7063571,1.46119085,13.95486295,44.7700004578,44.6316986084,12.8999996185,0.380180388689,-124.705345154,-10.1685266495,-18.0694828033,0.42155444622,97694.2687988,-2.00999999046,-538.604919434,False
52.800000000000004,0.023,-0.362,-0.315,1.569064,1.50041745,14.4550021,44.7599983215,45.730884552,13.1999998093,0.784303069115,-116.116905212,-9.2950668335,-18.6819992065,0.308765232563,97694.0429688,-1.91999995708,-538.604919434,False
52.900000000000006,0.013,-0.442,-0.306,1.5102241,1.50041745,14.93552795,43.9799995422,45.730884552,13.4200000763,0.784303069115,-116.116905212,-8.48280143738,-19.1485691071,0.171720176935,97693.6950684,-1.84999990463,-570.826538086,False
53.0,-0.036,-0.413,-0.298,1.59848395,1.5298374,15.24934075,42.469997406,45.730884552,13.5999994278,0.784303069115,-116.116905212,-7.45483446121,-19.6580448151,-0.00471938680857,97694.0124512,-1.78999996185,-570.826538086,False
53.1,-0.079,-0.431,-0.291,1.6475172,1.48080415,14.56287525,42.469997406,45.730884552,13.5999994278,0.784303069115,-116.116905212,-7.11488246918,-19.7988872528,-0.0540346950293,97688.8000488,-1.75,-588.218688965,False
53.2,-0.068,-0.35,-0.294,1.65732385,1.6082906,14.73939495,38.7799987793,45.730884552,13.8400001526,0.784303069115,-116.116905212,-6.06170558929,-20.1743946075,-0.250533252954,97692.5292969,-1.7199999094,-588.218688965,False
53.300000000000004,-0.068,-0.35,-0.294,1.65732385,1.6082906,14.73939495,36.6499977112,45.8074989319,13.8800001144,2.34403848648,-103.381958008,-5.0532245636,-20.4878787994,-0.374569505453,97692.5292969,-1.70999991894,-586.134338379,False
53.400000000000006,-0.168,-0.405,-0.322,1.67693715,1.3925443,15.07282105,34.3600006104,45.8074989319,13.9200000763,2.34403848648,-103.381958008,-4.33656978607,-20.6506690979,-0.500082492828,97695.0439453,-1.7199999094,-586.134338379,False
53.5,-0.149,-0.45,-0.302,1.57887065,1.40235095,15.6514134,31.4899997711,45.8074989319,13.8199996948,2.34403848648,-103.381958008,-3.38904166222,-20.8022880554,-0.713005661964,97693.927002,-1.75,-586.932922363,False
53.6,-0.169,-0.444,-0.283,1.4513842,1.3925443,15.97503285,28.2299995422,45.8074989319,13.6799993515,2.34403848648,-103.381958008,-2.41361784935,-20.8832073212,-0.95978474617,97687.4023438,-1.78999996185,-586.932922363,False
53.7,-0.309,-0.426,-0.245,1.75539035,1.2944778,16.83801805,24.5499992371,43.493927002,13.3999996185,4.38698577881,-90.2546081543,-1.42389166355,-20.8973903656,-1.25827598572,97691.6320801,-1.86000001431,-597.711364746,False
53.800000000000004,-0.419,-0.419,-0.222,1.59848395,1.4317709,16.082906,20.4399986267,43.493927002,13.0099992752,4.38698577881,-90.2546081543,-0.267472833395,-20.842874527,-1.66370260715,97685.6872559,-1.95999991894,-597.711364746,False
53.900000000000006,-0.419,-0.419,-0.222,1.59848395,1.4317709,16.082906,16.2299995422,43.493927002,12.4899997711,4.38698577881,-90.2546081543,0.0817885771394,-20.7996120453,-1.78489041328,97685.6872559,-2.09999990463,-594.369689941,False
54.0,-0.395,-0.33,-0.214,1.26505785,1.3140911,14.81784815,12.1499996185,43.493927002,11.9799995422,4.38698577881,-90.2546081543,1.32520353794,-20.5339565277,-2.20725417137,97684.387207,-2.26999998093,-594.369689941,False
54.1,-0.461,-0.312,-0.196,1.32389775,1.4121576,14.97475455,8.51000022888,43.493927002,11.4200000763,4.38698577881,-90.2546081543,1.86679196358,-20.3635406494,-2.41627812386,97681.4025879,-2.47000002861,-578.91217041,False
54.2,-0.488,-0.3,-0.188,1.16699135,1.34351105,14.54326195,4.80999994278,33.524559021,10.75,8.7490940094,-77.947769165,2.51035094261,-20.111989975,-2.72800731659,97681.4025879,-2.70000004768,-578.91217041,False
54.300000000000004,-0.486,-0.228,-0.19,1.1571847,1.4121576,14.3765489,1.28999996185,33.524559021,9.93999958038,8.7490940094,-77.947769165,3.0709207058,-19.8129253387,-3.05095100403,97675.5981445,-2.97000002861,-556.118591309,False
54.400000000000006,-0.618,-0.241,-0.186,1.04931155,1.3337044,14.4550021,-1.92999994755,33.524559021,9.02999973297,8.7490940094,-77.947769165,3.5690536499,-19.4818344116,-3.44123268127,97666.7114258,-3.25999999046,-556.118591309,False
54.5,-0.382,-0.123,-0.221,0.7256921,1.0787315,12.552512,-4.73999977112,24.6160869598,7.96999979019,11.0494794846,-72.481300354,3.88117456436,-19.2107486725,-3.72734308243,97662.5854492,-3.59999990463,-524.627502441,False
54.6,-0.436,-0.159,-0.225,0.6080123,1.01008495,11.60126695,-6.92000007629,24.6160869598,7.0499997139,11.0494794846,-72.481300354,4.16386318207,-18.9241333008,-3.84995675087,97650.5432129,-3.97000002861,-524.627502441,False
54.7,-0.404,-0.179,-0.204,0.6080123,0.8825985,12.0425662,-8.80000019073,24.6160869598,6.07999992371,11.0494794846,-72.481300354,4.39630508423,-18.6145401001,-3.97140622139,97650.5554199,-4.36000013351,-485.729400635,False
54.800000000000004,-0.404,-0.179,-0.204,0.6080123,0.8825985,12.0425662,-10.4899997711,24.6160869598,5.01999998093,11.0494794846,-72.481300354,4.64713048935,-18.1484375,-4.18472480774,97650.5554199,-4.75999975204,-485.729400635,False
54.900000000000006,-0.495,-0.145,-0.114,0.3138128,0.83356525,12.01314625,-11.8299999237,15.2681312561,3.87999987602,13.1358480453,-72.481300354,4.71965074539,-17.9389228821,-4.29371786118,97630.8166504,-5.17999982834,-437.032897949,False
55.0,-0.542,-0.099,-0.087,0.2941995,0.8629852,11.7287534,-12.9600000381,15.2681312561,2.72000002861,13.1358480453,-66.6571273804,4.7981004715,-17.534778595,-4.47749567032,97626.348877,-5.61999988556,-437.032897949,False
55.1,-0.579,-0.066,-0.065,0.2157463,0.8041453,11.34629405,-13.6700000763,15.2681312561,1.49000000954,13.1358480453,-66.6571273804,4.79017114639,-17.2833480835,-4.58344268799,97622.5708008,-6.07999992371,-386.38458252,False
55.2,-0.497,0.03,-0.052,0.2549729,0.7649187,10.7677017,-14.0999994278,15.2681312561,0.269999980927,13.1358480453,-66.6571273804,4.70954370499,-16.9384994507,-4.69156360626,97616.4245605,-6.5499997139,-386.38458252,False
55.300000000000004,-0.448,0.087,-0.03,0.04903325,0.7453054,9.60071035,-14.279999733,15.2681312561,-0.959999978542,13.1358480453,-66.6571273804,4.61882734299,-16.740240097,-4.69627904892,97603.4912109,-7.03999996185,-320.964416504,False
55.400000000000006,-0.448,0.087,-0.03,0.04903325,0.7453054,9.60071035,-14.3199996948,15.2681312561,-2.1099998951,13.1358480453,-66.6571273804,4.47854948044,-16.5395927429,-4.59720230103,97603.4912109,-7.53999996185,-320.964416504,False
55.5,-0.412,0.074,-0.042,0.0588399,0.8237586,8.54159215,-14.1599998474,1.79502296448,-3.14999985695,13.5497245789,-64.602973938,4.34499549866,-16.4031925201,-4.479575634,97595.8740234,-8.01000022888,-267.788879395,False
55.6,-0.261,0.091,-0.034,0.0980665,0.4707192,8.3552658,-13.9399995804,1.79502296448,-4.19000005722,13.5497245789,-64.602973938,4.14326190948,-16.2100830078,-4.27787399292,97584.8022461,-8.47999954224,-267.788879395,False
55.7,-0.22,0.116,-0.014,0.00980665,0.2549729,8.18855275,-13.7100000381,1.79502296448,-5.17999982834,13.5497245789,-64.602973938,3.97185182571,-16.0668964386,-4.09052801132,97576.6723633,-8.9299993515,-226.56288147,False
55.800000000000004,-0.178,0.121,0.038,-0.02941995,0.16671305,8.0610663,-13.4899997711,1.79502296448,-6.10999965668,13.5497245789,-64.602973938,3.81196117401,-15.9386358261,-3.87594342232,97573.6206055,-9.35999965668,-226.56288147,False
55.900000000000006,-0.108,0.117,0.078,0.0196133,0.2549729,7.75706015,-13.279999733,1.79502296448,-6.94999980927,13.5497245789,-64.602973938,3.61563253403,-15.7943515778,-3.58888077736,97568.2250977,-9.76999950409,-180.157653809,False
56.0,-0.108,0.117,0.078,0.0196133,0.2549729,7.75706015,-13.2899999619,1.79502296448,-6.94999980927,13.5497245789,-64.602973938,3.55339336395,-15.7582359314,-3.48555541039,97568.2250977,-9.76999950409,-180.157653809,False
56.1,-0.111,0.18,0.139,-0.02941995,0.2157463,7.0804013,-12.779999733,-5.92228651047,-8.47999954224,10.5421791077,-64.3763885498,3.29931402206,-15.6027450562,-3.05923843384,97558.6669922,-10.5199995041,-146.311767578,False
56.2,-0.119,0.157,0.158,-0.06864655,0.3334261,7.1588545,-12.5699996948,-5.92228651047,-9.11999988556,10.5421791077,-64.3763885498,3.11020588875,-15.5137481689,-2.68730306625,97554.1015625,-10.8599996567,-146.311767578,False
56.300000000000004,-0.092,0.164,0.165,-0.1372931,0.38245935,7.16866115,-12.2299995422,-5.92228651047,-9.68999958038,10.5421791077,-64.3763885498,2.98077535629,-15.4664297104,-2.44693946838,97550.0427246,-11.1599998474,-115.384864807,False
56.400000000000006,-0.092,0.164,0.165,-0.1372931,0.38245935,7.16866115,-11.9399995804,-8.39452171326,-10.1899995804,6.59736347198,-67.1545333862,2.88531970978,-15.4412851334,-2.24634027481,97550.0427246,-11.4399995804,-115.384864807,False
56.5,-0.082,0.237,0.153,-0.08825985,0.392266,7.0215614,-11.5500001907,-8.39452171326,-10.6099996567,6.59736347198,-67.1545333862,2.65261387825,-15.3859233856,-1.81380307674,97539.9536133,-11.6799993515,-93.8371658325,False
56.6,-0.082,0.237,0.153,-0.08825985,0.392266,7.0215614,-11.1700000763,-8.39452171326,-10.9799995422,6.59736347198,-67.1545333862,2.5199110508,-15.3630571365,-1.54157030582,97539.9536133,-11.8899993896,-93.8371658325,False
56.7,-0.058,0.27,0.135,-0.14709975,0.44129925,6.56064885,-10.7699995041,-9.97568321228,-11.2299995422,1.71648144722,-69.7422943115,2.3710334301,-15.3528862,-1.17080390453,97535.7727051,-12.0699996948,-71.5089797974,False
56.800000000000004,-0.039,0.287,0.13,-0.16671305,0.28439285,6.0016698,-10.3999996185,-9.97568321228,-11.3999996185,1.71648144722,-69.7422943115,2.20543313026,-15.3506479263,-0.684812128544,97535.15625,-12.2199993134,-71.5089797974,False
56.900000000000006,0.031,0.23,0.118,-0.16671305,0.3726527,6.08992965,-10.0599994659,-9.97568321228,-11.4499998093,1.71648144722,-69.7422943115,2.07120680809,-15.3622503281,-0.248956888914,97531.6589355,-12.3299999237,-60.3061676025,False
57.0,-0.026,0.175,0.115,-0.16671305,0.32361945,6.54103555,-9.68999958038,-9.97568321228,-11.4299993515,1.71648144722,-69.7422943115,1.92754042149,-15.3925285339,0.139955103397,97533.0688477,-12.3999996185,-60.3061676025,False
57.1,-0.027,0.162,0.093,-0.1176798,0.30400615,7.34518085,-9.31999969482,-10.2076387405,-11.3199996948,-3.9812142849,-71.7682113647,1.76679348946,-15.4465999603,0.546329855919,97529.3884277,-12.4099998474,-59.787940979,False
57.2,-0.005,0.143,0.097,-0.1765197,0.34323275,7.4922806,-8.85999965668,-10.2076387405,-11.2199993134,-3.9812142849,-71.7682113647,1.62248551846,-15.5074262619,0.812542974949,97533.404541,-12.4099998474,-59.787940979,False
57.300000000000004,0.063,0.135,0.104,-0.2157463,0.42168595,7.52170055,-8.38999938965,-10.2076387405,-11.0500001907,-3.9812142849,-71.7682113647,1.48456847668,-15.5818109512,1.09488475323,97535.9680176,-12.3599996567,-50.4802703857,False
57.400000000000006,0.094,0.135,0.114,-0.18632635,0.30400615,8.1591328,-7.91999959946,-10.2076387405,-10.8599996567,-3.9812142849,-71.7682113647,1.34656608105,-15.6599998474,1.32261502743,97533.380127,-12.3000001907,-50.4802703857,False
57.5,-0.03,0.157,0.12,-0.18632635,0.2353596,8.03164635,-7.5,-9.33984851837,-10.6199998856,-6.98824119568,-73.3825683594,1.24837577343,-15.7399616241,1.48336172104,97532.824707,-12.2100000381,-60.4721069336,False
57.6,-0.087,0.096,0.137,-0.196133,0.36284605,7.91396655,-7.0499997139,-9.33984851837,-10.3599996567,-6.98824119568,-73.3825683594,1.09999382496,-15.8532304764,1.75728988647,97535.4736328,-12.0999994278,-60.4721069336,False
57.7,-0.037,0.095,0.141,-0.16671305,0.20593965,8.0022264,-6.58999967575,-9.33984851837,-10.029999733,-6.98824119568,-73.3825683594,0.99707877636,-15.9368057251,1.93564426899,97537.512207,-11.9699993134,-66.7028427124,False
57.800000000000004,0.001,0.076,0.153,-0.2157463,0.30400615,8.1395195,-6.06999969482,-9.33984851837,-9.67000007629,-6.98824119568,-73.3825683594,0.895914494991,-16.0296802521,2.10157680511,97540.5395508,-11.8199996948,-66.7028427124,False
57.900000000000006,-0.03,0.025,0.167,-0.12748645,0.2353596,8.3356525,-5.59999990463,-9.46264457703,-9.23999977112,-9.81089687347,-75.8667144775,0.741132616997,-16.1722106934,2.33286118507,97543.5546875,-11.6499996185,-75.9174346924,False
58.0,-0.068,0.037,0.176,-0.12748645,0.50013915,8.8848249,-5.02999973297,-9.46264457703,-8.81999969482,-9.81089687347,-75.8667144775,0.623357117176,-16.2793045044,2.45980286598,97547.3571777,-11.4600000381,-75.9174346924,False
58.1,0.091,0.047,0.159,-0.0784532,0.48052585,9.022118,-4.32999992371,-9.46264457703,-8.35999965668,-9.81089687347,-75.8667144775,0.439114451408,-16.4588165283,2.61810612679,97549.029541,-11.25,-98.4222412109,False
58.2,0.055,1.76349139077e-17,0.144,-0.0980665,0.51975245,9.414384,-3.59999990463,-9.46264457703,-7.88999986649,-9.81089687347,-75.8667144775,0.306799650192,-16.5838909149,2.70258378983,97552.0751953,-11.029999733,-98.4222412109,False
58.300000000000004,-0.014,0.009,0.137,-0.196133,0.46091255,9.30651085,-2.84999990463,-8.26364898682,-7.38999986649,-11.3000745773,-80.1946334839,0.153828844428,-16.7455291748,2.78162550926,97556.0241699,-10.7899999619,-128.026000977,False
58.400000000000006,0.018,-0.038,0.11,-0.22555295,0.5687857,9.4928372,-2.05999994278,-8.26364898682,-6.86999988556,-11.3000745773,-80.1946334839,0.000192848092411,-16.8896102905,2.88750863075,97560.2172852,-10.5500001907,-128.026000977,False
58.5,0.028,-0.036,0.092,-0.12748645,0.392266,9.7478101,-1.27999997139,-8.26364898682,-6.31999969482,-11.3000745773,-80.1946334839,-0.252439796925,-17.134765625,2.9920539856,97566.583252,-10.3000001907,-151.385879517,False
58.6,0.044,-0.03,0.085,-0.10787315,0.4314926,10.3754357,-0.439999997616,-8.26364898682,-5.76999998093,-11.3000745773,-80.1946334839,-0.312940180302,-17.1995239258,2.99907851219,97565.8569336,-10.0399999619,-151.385879517,False
58.7,0.085,-0.059,0.103,-0.04903325,0.40207265,10.9246081,0.379999995232,-7.34710121155,-5.23999977112,-11.1116790771,-82.7642440796,-0.467641949654,-17.3532676697,2.99112248421,97573.9562988,-9.77999973297,-175.900085449,False
58.800000000000004,0.077,-0.065,0.113,-0.196133,0.4118793,10.9442214,1.23000001907,-7.34710121155,-4.75,-11.1116790771,-82.7642440796,-0.666674017906,-17.5875701904,2.90076470375,97580.3039551,-9.51000022888,-175.900085449,False
58.900000000000006,0.029,-0.119,0.129,-0.0588399,0.392266,11.1403544,2.04999995232,-7.34710121155,-4.25,-11.1116790771,-82.7642440796,-0.785318553448,-17.7084236145,2.81673288345,97579.9987793,-9.25,-169.777679443,False
59.0,0.165,-0.083,0.138,-0.08825985,0.392266,11.34629405,2.88999986649,-7.34710121155,-3.79999995232,-11.1116790771,-82.7642440796,-0.945009469986,-17.8861865997,2.69566106796,97579.9987793,-9.0,-169.777679443,False
59.1,0.165,-0.083,0.138,-0.08825985,0.392266,11.34629405,2.88999986649,-5.07146501541,-3.79999995232,-9.37800598145,-85.9148406982,-0.99852591753,-17.9394130707,2.63884592056,97585.168457,-8.76000022888,-204.558944702,False
59.2,0.166,-0.112,0.138,-0.18632635,0.59820565,11.5522337,3.74000000954,-5.07146501541,-3.36999988556,-9.37800598145,-85.9148406982,-1.13080072403,-18.0700111389,2.48260426521,97594.5495605,-8.52999973297,-204.558944702,False
59.300000000000004,0.204,-0.026,0.105,-0.16671305,0.7649187,11.24822755,5.35999965668,-5.07146501541,-2.6099998951,-9.37800598145,-85.9148406982,-1.29177510738,-18.2100658417,2.28930854797,97596.7895508,-8.30999946594,-228.58581543,False
59.400000000000006,0.18,-0.088,0.08,-0.2157463,0.7060788,11.18938765,6.08999967575,-1.40533900261,-2.25,-7.83192014694,-88.3821487427,-1.38596367836,-18.2891464233,2.16689562798,97600.8483887,-8.0999994278,-228.58581543,False
59.5,0.207,-0.141,0.053,-0.08825985,0.8041453,11.66010685,6.73000001907,-1.40533900261,-1.91999995708,-7.83192014694,-88.3821487427,-1.46054422855,-18.3662891388,2.01102805138,97600.7324219,-7.90999984741,-250.088119507,False
59.6,0.207,-0.141,0.053,-0.08825985,0.8041453,11.66010685,7.30999994278,-1.40533900261,-1.64999997616,-7.83192014694,-88.3821487427,-1.52231740952,-18.4518871307,1.75214123726,97600.7324219,-7.73000001907,-250.088119507,False
59.7,0.156,-0.143,0.025,-0.02941995,0.7453054,12.13082605,7.75,2.30494475365,-1.43999993801,-5.42744493484,-89.5515823364,-1.55219340324,-18.5122070312,1.51022803783,97606.9580078,-7.56999969482,-271.878234863,False
59.800000000000004,0.131,-0.137,0.01,-0.02941995,0.7649187,12.83690485,8.13000011444,2.30494475365,-1.29999995232,-5.42744493484,-89.5515823364,-1.56470274925,-18.5502433777,1.29548203945,97613.9221191,-7.42999982834,-271.878234863,False
59.900000000000006,0.183,-0.08,-0.007,0.0,0.77472535,11.9248864,8.42000007629,2.30494475365,-1.24000000954,-5.42744493484,-89.5515823364,-1.5619174242,-18.5854282379,1.00405073166,97613.4765625,-7.31999969482,-237.096221924,False
60.0,0.089,-0.095,-0.012,0.0392266,0.7649187,11.83662655,8.60999965668,2.30494475365,-1.15999996662,-5.42744493484,-89.5515823364,-1.54144573212,-18.6017951965,0.816472291946,97617.9504395,-7.21999979019,-237.096221924,False
60.1,0.03,-0.057,-0.021,0.04903325,0.8237586,11.4541672,8.71000003815,2.30494475365,-1.12000000477,-5.42744493484,-89.5515823364,-1.51128280163,-18.6019306183,0.642233729362,97623.3093262,-7.14999961853,-244.787017822,False
60.2,0.019,-0.057,-0.026,-0.0588399,0.8629852,11.16977435,8.77999973297,5.7419500351,-1.10000002384,-2.34203267097,-89.3922348022,-1.48738920689,-18.5972061157,0.526785969734,97621.7407227,-7.08999967575,-244.787017822,False
60.300000000000004,-0.003,-0.096,-0.049,-0.00980665,0.8237586,11.20900095,8.88999938965,5.7419500351,-1.06999993324,-2.34203267097,-89.3922348022,-1.4622220993,-18.577545166,0.398172736168,97617.1020508,-7.03999996185,-255.876342773,False
60.400000000000006,0.011,-0.107,-0.069,-0.00980665,0.7256921,11.58165365,9.0,5.7419500351,-1.04999995232,-2.34203267097,-89.3922348022,-1.42848086357,-18.5516700745,0.245511904359,97624.1088867,-6.98999977112,-255.876342773,False
60.5,0.005,-0.108,-0.066,0.0196133,0.7649187,11.66010685,9.02999973297,5.7419500351,-1.09000003338,-2.34203267097,-89.3922348022,-1.40037572384,-18.524389267,0.120145969093,97624.8718262,-6.96000003815,-257.949066162,False
60.6,-0.031,-0.094,-0.068,0.04903325,0.8237586,11.7483667,9.05999946594,6.06825971603,-1.17999994755,-0.108942054212,-87.9531784058,-1.36429023743,-18.4809570312,-0.0622913651168,97623.5839844,-6.94000005722,-257.949066162,False
60.7,0.062,-0.088,-0.083,-0.0196133,0.5687857,11.2188076,9.05999946594,6.06825971603,-1.28999996185,-0.108942054212,-87.9531784058,-1.32700133324,-18.4364852905,-0.164738804102,97622.1008301,-6.94000005722,-256.037902832,False
60.800000000000004,0.072,-0.079,-0.064,-0.0196133,0.51975245,10.97364135,8.94999980927,6.06825971603,-1.37999999523,-0.108942054212,-87.9531784058,-1.23055160046,-18.3302593231,-0.312749117613,97621.5515137,-6.94999980927,-256.037902832,False
60.900000000000006,0.074,-0.08,-0.042,0.0,0.55897905,10.983448,8.80999946594,6.06825971603,-1.49000000954,-0.108942054212,-87.9531784058,-1.1881916523,-18.2824840546,-0.367537140846,97623.7548828,-6.96000003815,-248.687744141,False
61.0,0.07,-0.009,-0.027,0.0196133,0.6080123,11.0226746,8.63999938965,7.25655698776,-1.59999990463,1.61747920513,-86.4675979614,-1.11482048035,-18.1972255707,-0.464714735746,97621.9909668,-6.98999977112,-248.687744141,False
61.1,0.07,-0.024,-0.015,0.0392266,0.63743225,10.67944185,8.40999984741,7.25655698776,-1.75,1.61747920513,-86.4675979614,-1.03872072697,-18.112651825,-0.532569289207,97620.324707,-7.01999998093,-236.687088013,False
61.2,0.063,-0.043,-0.022,0.0588399,0.55897905,10.97364135,8.17000007629,7.25655698776,-1.88999998569,1.61747920513,-86.4675979614,-0.938633978367,-18.009393692,-0.622032344341,97621.5698242,-7.05999994278,-236.687088013,False
61.300000000000004,0.063,-0.006,-0.009,0.0,0.4903325,10.75789505,7.7999997139,7.25655698776,-2.07999992371,1.61747920513,-86.4675979614,-0.827512383461,-17.9197349548,-0.722716867924,97619.4213867,-7.10999965668,-231.973449707,False
61.400000000000006,0.077,-0.002,0.023,-0.02941995,0.588399,10.6696352,7.35999965668,9.08912658691,-2.26999998093,2.29603385925,-85.9073562622,-0.719806015491,-17.8224506378,-0.795012354851,97618.9208984,-7.17000007629,-231.973449707,False
61.5,0.077,-0.002,0.023,-0.02941995,0.588399,10.6696352,6.96000003815,9.08912658691,-2.47000002861,2.29603385925,-85.9073562622,-0.59888958931,-17.7161617279,-0.837066113949,97618.9208984,-7.23000001907,-214.644439697,False
61.6,0.09,0.022,0.004,0.0784532,0.7649187,11.09132115,6.5,10.6565418243,-2.65999984741,2.3687582016,-86.160736084,-0.501937866211,-17.6422271729,-0.89732003212,97617.8649902,-7.2999997139,-214.644439697,False
61.7,0.09,0.022,0.004,0.0784532,0.7649187,11.09132115,5.92999982834,10.6565418243,-2.91999983788,2.3687582016,-86.160736084,-0.367154687643,-17.5551338196,-0.968645989895,97617.8649902,-7.3799996376,-198.113250732,False
61.800000000000004,-0.068,0.043,-0.004,-0.0196133,0.4314926,9.75761675,5.27999973297,10.6565418243,-3.16999983788,2.3687582016,-86.160736084,-0.238397598267,-17.4745559692,-0.963695406914,97612.4511719,-7.46999979019,-198.113250732,False
61.900000000000006,-0.084,0.034,0.001,0.02941995,0.46091255,9.24767095,4.69000005722,10.6565418243,-3.34999990463,2.3687582016,-86.160736084,-0.12290700525,-17.4049739838,-0.867422282696,97613.1958008,-7.5499997139,-184.136962891,False
62.0,-0.044,0.023,0.011,-0.0392266,0.55897905,9.75761675,4.13000011444,10.3544130325,-3.5,1.55446958542,-86.2472000122,-0.0212866347283,-17.3361701965,-0.818181216717,97608.7646484,-7.6299996376,-184.136962891,False
62.1,0.03,0.018,0.006,0.04903325,0.67665885,10.13026945,3.63999986649,10.3544130325,-3.64999985695,1.55446958542,-86.2472000122,0.0791121423244,-17.2733459473,-0.823470175266,97609.9365234,-7.69999980927,-173.667526245,False
62.2,0.03,0.018,0.006,0.04903325,0.67665885,10.13026945,3.63999986649,10.3544130325,-3.64999985695,1.55446958542,-86.2472000122,0.120226770639,-17.2564506531,-0.813533186913,97609.9365234,-7.76999998093,-173.667526245,False
62.300000000000004,-0.26,0.09,0.001,0.0,0.97085835,8.73772515,2.69000005722,10.3544130325,-3.92999982834,1.55446958542,-86.2472000122,0.223628848791,-17.1804046631,-0.614578545094,97610.8520508,-7.83999967575,-170.205871582,False
62.400000000000006,-0.163,0.11,-0.036,0.02941995,1.18660465,8.8455983,2.44000005722,8.85370445251,-4.00999975204,0.288370281458,-86.5660018921,0.237080320716,-17.1628913879,-0.480241030455,97609.8876953,-7.88999986649,-170.205871582,False
62.5,-0.202,0.19,-0.112,-0.0392266,0.9414384,7.5118939,2.37999987602,8.85370445251,-4.01999998093,0.288370281458,-86.5660018921,0.230475008488,-17.1500701904,-0.333819359541,97610.9741211,-7.92999982834,-165.672485352,False
62.6,-0.153,0.117,-0.165,-0.0588399,0.8041453,7.1784678,2.39999985695,8.85370445251,-3.92999982834,0.288370281458,-86.5660018921,0.223508372903,-17.1501464844,-0.0768725425005,97606.9763184,-7.94000005722,-165.672485352,False
62.7,-0.2,0.079,-0.161,-0.08825985,0.588399,7.36479415,2.39999985695,8.85370445251,-3.73000001907,0.288370281458,-86.5660018921,0.22167314589,-17.1627578735,0.262924969196,97606.3964844,-7.92999982834,-161.262893677,False
62.800000000000004,-0.097,0.083,-0.131,-0.20593965,0.59820565,8.0218397,2.38999986649,8.85370445251,-3.48000001907,0.288370281458,-86.5660018921,0.216175273061,-17.1732673645,0.443714827299,97606.7260742,-7.88999986649,-161.262893677,False
62.900000000000006,-0.078,0.029,-0.114,-0.14709975,0.50013915,8.03164635,2.39999985695,4.64773178101,-3.21000003815,-3.17272615433,-83.5305328369,0.214356541634,-17.1949291229,0.646467924118,97607.9772949,-7.81999969482,-158.144760132,False
63.0,-0.089,0.002,-0.086,-0.0784532,0.4511059,8.1395195,2.36999988556,4.64773178101,-2.88999986649,-3.17272615433,-83.5305328369,0.211142748594,-17.2068786621,0.819037079811,97611.4562988,-7.73999977112,-158.144760132,False
63.1,-0.094,-0.035,-0.057,-0.0980665,0.24516625,9.32612415,2.38999986649,4.64773178101,-2.54999995232,-3.17272615433,-83.5305328369,0.215115681291,-17.2452926636,1.00611436367,97610.8337402,-7.63999986649,-157.511901855,False
63.2,-0.071,-0.032,-0.023,0.0,0.2549729,10.2969825,2.32999992371,4.64773178101,-2.25,-3.17272615433,-83.5305328369,0.220171645284,-17.2633266449,1.01674723625,97611.4562988,-7.51999998093,-157.511901855,False
63.300000000000004,-0.018,0.014,0.035,-0.0196133,0.34323275,9.83606995,2.26999998093,2.85521960258,-1.97999989986,-3.22208833694,-81.8828735352,0.224969655275,-17.2918395996,1.02303528786,97611.1206055,-7.39999961853,-157.529632568,False
63.400000000000006,-0.003,-0.003,0.057,-0.0392266,0.42168595,10.01258965,2.25,2.85521960258,-1.68999993801,-3.22208833694,-81.8828735352,0.22088727355,-17.3272190094,1.05128955841,97613.269043,-7.27999973297,-157.529632568,False
63.5,-0.037,-0.003,0.067,-0.0588399,0.4903325,9.54187045,2.30999994278,2.85521960258,-1.40999996662,-3.22208833694,-81.8828735352,0.20231218636,-17.3630046844,1.09554946423,97615.7226562,-7.15999984741,-167.891113281,True
63.6,-0.105,0.002,0.073,0.0,0.5295591,9.6693569,2.38999986649,2.85521960258,-1.12000000477,-3.22208833694,-81.8828735352,0.180677786469,-17.3950386047,1.11512553692,97617.1203613,-7.03999996185,-167.891113281,True
63.7,-0.052,0.019,0.05,-0.0980665,0.53936575,9.8654899,2.54999995232,2.03172779083,-0.789999961853,-3.26492261887,-83.0746383667,0.145669281483,-17.4277935028,1.20658493042,97617.4560547,-6.92000007629,-172.01423645,True
63.800000000000004,-0.033,-0.052,0.044,-0.14709975,0.2353596,10.5323421,2.70000004768,2.03172779083,-0.489999979734,-3.26492261887,-83.0746383667,0.119874358177,-17.4627361298,1.15486049652,97620.3979492,-6.7999997139,-172.01423645,True
63.900000000000006,-0.007,-0.073,0.069,-0.1176798,0.392266,10.1204628,2.83999991417,2.03172779083,-0.259999990463,-3.26492261887,-83.0746383667,0.0941124930978,-17.493396759,1.10820031166,97622.4182129,-6.67999982834,-179.540435791,True
64.0,0.121,-0.095,0.085,0.0588399,0.61781895,10.6107953,2.96000003815,1.31233477592,-0.00999999977648,-2.78233861923,-84.1302566528,0.0712620690465,-17.5180835724,1.03160750866,97622.4182129,-6.55999994278,-179.540435791,True
64.10000000000001,0.041,-0.065,0.102,0.00980665,0.6668522,11.05209455,3.09999990463,1.31233477592,0.199999988079,-2.78233861923,-84.1302566528,0.0468038916588,-17.5383415222,0.969377040863,97623.6633301,-6.46000003815,-178.833190918,True
64.2,-0.013,-0.012,0.085,0.0588399,0.63743225,11.34629405,3.27999997139,1.31233477592,0.370000004768,-2.78233861923,-84.1302566528,0.00454054307193,-17.5532531738,0.816868662834,97624.3408203,-6.34999990463,-178.833190918,True
64.3,-0.003,-0.033,0.065,0.0,0.46091255,11.01286795,3.5,2.58834052086,0.5,-1.62750244141,-85.5693130493,-0.0181809999049,-17.5649528503,0.709151208401,97628.0212402,-6.26999998093,-183.637420654,True
64.4,0.046,-0.015,0.085,0.10787315,0.5295591,11.54242705,3.61999988556,2.58834052086,0.629999995232,-1.62750244141,-85.5693130493,-0.035618301481,-17.582244873,0.627113282681,97627.8869629,-6.19000005722,-183.637420654,True
64.5,0.046,-0.015,0.085,0.10787315,0.5295591,11.54242705,3.77999997139,2.58834052086,0.680000007153,-1.62750244141,-85.5693130493,-0.0539405420423,-17.6006240845,0.471392512321,97627.8869629,-6.1299996376,-190.85369873,True
64.60000000000001,0.015,-0.002,0.1,0.10787315,0.6472389,11.4933938,3.88999986649,2.58834052086,0.699999988079,-1.62750244141,-85.5693130493,-0.0801096186042,-17.6134090424,0.296690255404,97630.6335449,-6.08999967575,-190.85369873,True
64.7,-0.117,-0.006,0.084,0.10787315,1.1375714,12.0425662,4.17000007629,3.24634408951,0.620000004768,-1.1426115036,-87.4194641113,-0.119700051844,-17.6206569672,0.108207188547,97628.4729004,-6.05999994278,-196.438781738,True
64.8,-0.125,3.4290110376100003e-18,0.028,-0.06864655,1.2160246,10.13026945,4.53999996185,3.24634408951,0.539999961853,-1.1426115036,-87.4194641113,-0.235345482826,-17.6258773804,-0.0306611396372,97628.4729004,-6.0499997139,-196.438781738,True
64.9,-0.156,-0.003,-0.047,-0.0588399,1.38273765,9.32612415,5.19999980927,3.24634408951,0.52999997139,-1.1426115036,-87.4194641113,-0.308374017477,-17.6227798462,-0.0310740508139,97634.576416,-6.05999994278,-190.582458496,True
65.0,-0.136,-0.004,-0.114,-0.0784532,1.3337044,9.24767095,5.92000007629,1.0187227726,0.599999964237,-1.03862893581,-87.9647369385,-0.434265732765,-17.6173973083,0.051541313529,97633.4899902,-6.05999994278,-190.582458496,True
65.10000000000001,0.003,-0.012,-0.168,-0.1176798,0.6276256,8.7083052,6.69999980927,1.0187227726,0.699999988079,-1.03862893581,-87.9647369385,-0.564097046852,-17.6070308685,0.15218745172,97635.925293,-6.0499997139,-193.617431641,True
65.2,0.081,-0.081,-0.143,-0.10787315,0.46091255,9.77723005,7.21999979019,1.0187227726,0.879999995232,-1.03862893581,-87.9647369385,-0.650306522846,-17.588634491,0.299938827753,97632.5927734,-6.01999998093,-193.617431641,True
65.3,0.305,-0.088,-0.117,-0.1372931,-0.08825985,10.6500219,7.69999980927,0.987491250038,1.04999995232,-0.422298103571,-85.4543991089,-0.673945844173,-17.5711421967,0.325816571712,97628.7536621,-5.98000001907,-192.317016602,True
65.4,0.319,-0.087,0.028,-0.06864655,-0.1372931,10.97364135,7.75,0.987491250038,1.15999996662,-0.422298103571,-85.4543991089,-0.651389300823,-17.5424613953,0.24602240324,97633.4106445,-5.92999982834,-192.317016602,True
65.5,0.398,-0.119,0.095,0.00980665,-0.1569064,11.30706745,7.6299996376,0.987491250038,1.18999993801,-0.422298103571,-85.4543991089,-0.583615660667,-17.4899520874,0.139260321856,97631.1462402,-5.88999986649,-186.212921143,True
65.60000000000001,0.228,-0.11,0.214,0.14709975,0.2157463,11.1011278,7.19000005722,0.987491250038,1.19999992847,-0.422298103571,-85.4543991089,-0.471881181002,-17.4320716858,0.0165688116103,97631.4758301,-5.86999988556,-186.212921143,True
65.7,0.085,-0.123,0.241,0.1765197,0.75511205,12.58193195,6.76999998093,8.01504135132,1.14999997616,2.11860466003,-86.5723953247,-0.351611584425,-17.3609199524,-0.186955630779,97631.854248,-5.85999965668,-180.034454346,True
65.8,-0.026,-0.036,0.189,0.2549729,0.9022118,12.6898051,6.36999988556,8.01504135132,0.959999978542,2.11860466003,-86.5723953247,-0.285562485456,-17.2968559265,-0.41020783782,97631.854248,-5.8799996376,-180.034454346,True
65.9,-0.129,-0.022,0.129,0.1569064,0.99047165,11.8660465,6.0499997139,8.01504135132,0.699999988079,2.11860466003,-86.5723953247,-0.215370044112,-17.2179088593,-0.63363468647,97629.699707,-5.92000007629,-171.299163818,True
66.0,-0.162,0.008,0.074,0.1765197,1.12776475,10.6107953,5.85999965668,7.16983413696,0.459999978542,3.53981137276,-89.7370071411,-0.176888361573,-17.1099395752,-0.791967451572,97633.1787109,-5.98000001907,-171.299163818,True
66.10000000000001,-0.099,-0.022,-0.013,0.14709975,1.0198916,9.77723005,5.8799996376,7.16983413696,0.239999994636,3.53981137276,-89.7370071411,-0.176286891103,-17.0501232147,-0.804903686047,97636.1694336,-6.06999969482,-156.848144531,True
66.2,-0.011,-0.003,-0.06,0.0588399,0.9022118,8.8455983,5.96999979019,7.16983413696,0.0899999961257,3.53981137276,-89.7370071411,-0.196540370584,-16.9688644409,-0.709002912045,97629.3273926,-6.13999986649,-156.848144531,True
66.3,-0.11,-0.016,-0.102,0.0980665,0.8629852,9.1005712,6.1299996376,7.16983413696,0.019999999553,3.53981137276,-89.7370071411,-0.213600561023,-16.9122657776,-0.614921033382,97631.4880371,-6.21999979019,-142.927368164,True
66.4,-0.11,-0.016,-0.102,0.0980665,0.8629852,9.1005712,6.27999973297,7.16983413696,-0.0399999991059,3.53981137276,-89.7370071411,-0.245093226433,-16.8177680969,-0.576921284199,97631.4880371,-6.26999998093,-142.927368164,True
66.5,-0.111,-0.049,-0.114,0.00980665,1.0395049,9.85568325,6.56999969482,4.97086334229,-0.140000000596,3.84566664696,-88.4124755859,-0.293506324291,-16.7288208008,-0.573302984238,97630.1696777,-6.31999969482,-125.385093689,True
66.60000000000001,-0.046,-0.053,-0.136,0.0392266,0.980665,10.787315,6.90999984741,4.97086334229,-0.239999994636,3.84566664696,-88.4124755859,-0.352269589901,-16.6356296539,-0.608018398285,97630.1696777,-6.36999988556,-125.385093689,True
66.7,-0.051,-0.043,-0.14,-0.06864655,0.7649187,10.4735022,7.31999969482,4.97086334229,-0.389999985695,3.84566664696,-88.4124755859,-0.394398450851,-16.562335968,-0.651605248451,97628.8513184,-6.40999984741,-115.291595459,True
66.8,-0.059,-0.039,-0.135,-0.0588399,0.4314926,9.85568325,7.59999990463,3.79221320152,-0.509999990463,4.50938796997,-86.0469436646,-0.433235615492,-16.4585819244,-0.65854626894,97624.4689941,-6.46000003815,-115.291595459,True
66.9,0.074,-0.076,-0.11,0.1176798,0.1569064,10.97364135,7.83999967575,3.79221320152,-0.639999985695,4.50938796997,-86.0469436646,-0.431942015886,-16.3289451599,-0.72940826416,97620.098877,-6.51999998093,-95.8198547363,True
67.0,0.178,-0.063,-0.025,0.0,0.32361945,10.591182,7.84999990463,3.79221320152,-0.839999973774,4.50938796997,-86.0469436646,-0.420667350292,-16.2385139465,-0.790754377842,97620.3430176,-6.57999992371,-95.8198547363,True
67.10000000000001,0.124,-0.104,0.028,0.0588399,0.2549729,11.20900095,7.86999988556,4.94389772415,-1.04999995232,5.60924911499,-84.0693435669,-0.401557058096,-16.1102924347,-0.873516201973,97622.9125977,-6.64999961853,-71.0260391235,True
67.2,0.125,-0.104,0.059,0.08825985,0.44129925,11.24822755,7.75999975204,4.94389772415,-1.32999992371,5.60924911499,-84.0693435669,-0.35139772296,-15.9349870682,-1.03612482548,97621.3806152,-6.73999977112,-71.0260391235,True
67.3,0.079,-0.095,0.075,0.12748645,0.6080123,10.79712165,7.65999984741,4.94389772415,-1.64999997616,5.60924911499,-84.0693435669,-0.320298433304,-15.8220462799,-1.09815597534,97621.3623047,-6.83999967575,-56.8685531616,True
67.4,0.075,-0.087,0.072,0.18632635,0.8433719,10.46369555,7.50999975204,4.94389772415,-1.95999991894,5.60924911499,-84.0693435669,-0.292649537325,-15.640212059,-1.15558373928,97621.3623047,-6.94999980927,-56.8685531616,True
67.5,0.029,-0.083,0.032,0.3138128,0.9218251,10.75789505,7.51999998093,7.26121664047,-2.25999999046,8.05616283417,-85.2038726807,-0.283777564764,-15.4931297302,-1.1906247139,97618.2861328,-7.06999969482,35.3910446167,True
67.60000000000001,0.029,-0.083,0.032,0.3138128,0.9218251,10.75789505,7.50999975204,7.26121664047,-2.25999999046,8.05616283417,-85.2038726807,-0.2801874578,-15.4299936295,-1.23665642738,97618.2861328,-7.19000005722,35.3910446167,True
67.7,0.104,-0.056,-0.044,0.5295591,0.99047165,12.6309652,7.44000005722,7.26121664047,-3.05999994278,8.05616283417,-85.2038726807,-0.230317637324,-15.1826591492,-1.55916512012,97616.2536621,-7.31999969482,72.1601486206,True
67.8,-0.038,-0.022,-0.072,0.38245935,0.6668522,11.8268199,7.13999986649,7.26121664047,-3.59999990463,8.05616283417,-85.2038726807,-0.156084284186,-15.0052080154,-1.73718094826,97610.2539062,-7.48000001907,72.1601486206,True
67.9,-0.038,-0.022,-0.072,0.38245935,0.6668522,11.8268199,7.13999986649,7.26121664047,-3.6099998951,8.05616283417,-85.2038726807,-0.110042415559,-14.8946313858,-1.82634055614,97610.2539062,-7.48000001907,72.1601486206,True
68.0,-0.059,0.078,-0.026,0.3138128,0.6668522,10.18910935,6.5,8.68674755096,-4.71000003815,9.21882343292,-84.4249954224,-0.0180557165295,-14.6291856766,-1.93036496639,97607.9772949,-7.84999990463,101.221656799,True
68.10000000000001,-0.043,0.036,-0.02,0.36284605,0.7256921,10.54214875,6.2999997139,8.68674755096,-5.23000001907,9.21882343292,-84.4249954224,0.0142753524706,-14.5044326782,-1.9284453392,97604.9133301,-8.05999946594,135.334869385,True
68.2,-0.117,0.024,-0.025,0.1176798,0.61781895,8.83579165,6.08999967575,8.68674755096,-5.75999975204,9.21882343292,-84.4249954224,0.0525675974786,-14.3290872574,-1.89961349964,97600.3173828,-8.26000022888,135.334869385,True
68.3,-0.238,-0.027,-0.022,0.22555295,0.53936575,9.14960445,6.0,8.68674755096,-6.21999979019,9.21882343292,-84.4249954224,0.0770480334759,-14.1933088303,-1.82799053192,97600.3173828,-8.46000003815,160.68182373,True
68.4,-0.027,-0.021,-0.015,0.32361945,0.5491724,9.77723005,5.85999965668,5.76152324677,-6.65999984741,8.64508342743,-83.7469558716,0.0916293114424,-14.058883667,-1.77623295784,97597.8393555,-8.65999984741,160.68182373,True
68.5,0.044,-0.017,-0.009,0.3334261,0.5687857,9.8458766,5.81999969482,5.76152324677,-7.11999988556,8.64508342743,-83.7469558716,0.100089356303,-13.9475917816,-1.76050555706,97591.4733887,-8.84000015259,190.900421143,True
68.60000000000001,0.05,-0.026,0.018,0.4118793,0.588399,9.9831697,5.73000001907,5.76152324677,-7.58999967575,8.64508342743,-83.7469558716,0.116903603077,-13.8126153946,-1.7441740036,97589.8132324,-9.02999973297,190.900421143,True
68.7,-0.055,-0.023,0.047,0.5295591,0.8433719,10.54214875,5.65000009537,5.76152324677,-8.09000015259,8.64508342743,-83.7469558716,0.128352358937,-13.6594009399,-1.77601182461,97586.71875,-9.22000026703,212.184432983,True
68.8,-0.055,-0.023,0.047,0.5295591,0.8433719,10.54214875,5.63999986649,5.79038143158,-8.61999988556,9.14356803894,-84.084236145,0.123063549399,-13.5746393204,-1.78803277016,97586.71875,-9.40999984741,212.184432983,True
68.9,-0.016,0.086,0.01,0.3334261,0.6472389,8.9828914,5.69999980927,5.79038143158,-9.10999965668,9.14356803894,-84.084236145,0.112440988421,-13.4065418243,-1.68953824043,97583.0688477,-9.5999994278,243.49937439,True
69.0,0.015,0.101,-0.007,0.34323275,0.53936575,8.8848249,5.73999977112,5.79038143158,-9.53999996185,9.14356803894,-84.084236145,0.107224874198,-13.3143787384,-1.5863096714,97576.0192871,-9.78999996185,243.49937439,True
69.10000000000001,0.094,0.106,-0.018,0.20593965,0.51975245,7.9041599,5.75999975204,5.79038143158,-9.9299993515,9.14356803894,-84.084236145,0.105914093554,-13.2067079544,-1.43734431267,97574.4812012,-9.96000003815,267.700012207,True
69.2,0.094,0.106,-0.018,0.20593965,0.51975245,7.9041599,5.75,6.41426992416,-10.2299995422,7.38283348083,-84.1975631714,0.107821941376,-13.0902633667,-1.17615199089,97574.4812012,-10.1199998856,267.700012207,True
69.3,0.121,0.1,-0.029,0.0980665,0.6472389,7.3157609,5.73999977112,6.41426992416,-10.4499998093,7.38283348083,-84.1975631714,0.123685613275,-13.0287570953,-0.974887788296,97569.3908691,-10.2600002289,299.684631348,True
69.4,-0.01,0.134,-0.019,0.1765197,0.53936575,6.95291485,5.65999984741,6.41426992416,-10.6099996567,7.38283348083,-84.1975631714,0.136412084103,-12.9510536194,-0.677331984043,97568.2189941,-10.3800001144,299.684631348,True
69.5,-0.076,0.129,-0.02,0.0784532,0.7256921,6.97252815,5.60999965668,6.41426992416,-10.6399993896,7.38283348083,-84.1975631714,0.145717129111,-12.8775053024,-0.307210922241,97568.5119629,-10.4499998093,311.839874268,True
69.60000000000001,-0.109,0.101,-0.036,0.0,0.81395195,6.85484835,5.59999990463,6.41426992416,-10.6300001144,7.38283348083,-84.1975631714,0.145764306188,-12.8396930695,-0.127526566386,97566.4367676,-10.5,311.839874268,True
69.7,-0.149,0.12,-0.061,0.12748645,0.69627215,7.3157609,5.67999982834,7.3159532547,-10.5199995041,4.42590332031,-83.9415664673,0.122123710811,-12.7624034882,0.343151539564,97566.1254883,-10.5199995041,327.735626221,True
69.8,-0.168,0.158,-0.071,0.0980665,0.89240515,7.52170055,5.75999975204,7.3159532547,-10.3800001144,4.42590332031,-83.9415664673,0.103697262704,-12.7431840897,0.499021917582,97567.8894043,-10.5100002289,327.735626221,True
69.9,-0.138,0.135,-0.093,0.18632635,0.93163175,8.26700595,5.96999979019,7.3159532547,-10.2100000381,4.42590332031,-83.9415664673,0.0625343248248,-12.7216730118,0.694697678089,97567.8466797,-10.4699993134,343.533996582,True
70.0,-0.099,0.12,-0.113,0.0980665,0.75511205,8.40429905,6.17000007629,4.79028320312,-10.029999733,1.8486841917,-82.9632644653,0.037836894393,-12.7131128311,0.833162426949,97569.9584961,-10.4099998474,343.533996582,True
70.10000000000001,-0.047,0.09,-0.115,0.1176798,0.67665885,8.3356525,6.38999986649,4.79028320312,-9.78999996185,1.8486841917,-82.9632644653,-0.00680031487718,-12.7088098526,1.06915485859,97569.4824219,-10.3299999237,346.192260742,True
70.2,0.003,0.09,-0.101,0.12748645,0.5099458,8.26700595,6.60999965668,4.79028320312,-9.53999996185,1.8486841917,-82.9632644653,-0.0161946304142,-12.7127008438,1.20887231827,97569.4824219,-10.2399997711,346.192260742,True
70.3,0.07,0.085,-0.085,0.22555295,0.4903325,8.38468575,6.67999982834,4.79028320312,-9.22000026703,1.8486841917,-82.9632644653,-0.0234351940453,-12.7225551605,1.38137030602,97571.5820312,-10.1300001144,355.348022461,True
70.4,0.148,0.072,-0.049,0.2941995,0.3726527,8.79656505,7.10999965668,3.98096895218,-8.89999961853,-0.724210560322,-80.5079803467,-0.0225144922733,-12.7474632263,1.53075134754,97571.3012695,-10.0100002289,355.348022461,True
70.5,0.151,0.073,-0.03,0.2549729,0.5687857,8.8455983,7.11999988556,3.98096895218,-8.53999996185,-0.724210560322,-80.5079803467,-0.00373311433941,-12.7796726227,1.65197193623,97573.2299805,-9.86999988556,359.539794922,True
70.60000000000001,0.113,0.065,-0.007,0.3138128,0.57859235,9.01231135,7.25999975204,3.98096895218,-8.1799993515,-0.724210560322,-80.5079803467,0.0318903550506,-12.8192615509,1.76477706432,97574.2919922,-9.71999931335,359.539794922,True
70.7,0.113,0.065,-0.007,0.3138128,0.57859235,9.01231135,7.25,3.98096895218,-8.1799993515,-0.724210560322,-80.5079803467,0.062720246613,-12.8437156677,1.82390654087,97574.2919922,-9.71999931335,359.539794922,True
70.8,0.048,0.052,-0.004,0.38245935,0.36284605,9.01231135,7.1299996376,6.80447006226,-7.7999997139,-2.38060665131,-80.0027542114,0.120190739632,-12.8889513016,1.935942173,97577.2155762,-9.55999946594,350.867279053,True
70.9,0.076,0.083,0.03,0.22555295,0.4707192,8.54159215,7.38999986649,6.80447006226,-6.92000007629,-2.38060665131,-80.0027542114,0.202332749963,-12.9588136673,2.16630077362,97583.0932617,-9.21000003815,345.596221924,True
71.0,0.076,0.083,0.03,0.22555295,0.4707192,8.54159215,7.15999984741,6.80447006226,-6.42000007629,-2.38060665131,-80.0027542114,0.263643801212,-13.0135650635,2.29417085648,97583.0932617,-9.01000022888,345.596221924,True
71.10000000000001,0.02,0.089,0.042,0.40207265,0.59820565,8.5317855,7.94999980927,8.24865627289,-5.8799996376,-3.82727694511,-80.6679458618,0.301149070263,-13.0592298508,2.37875366211,97583.8745117,-8.78999996185,336.505493164,True
71.2,-0.155,0.057,0.016,0.36284605,0.79433865,9.218251,7.8799996376,8.24865627289,-5.27999973297,-3.82727694511,-80.6679458618,0.378289431334,-13.1890411377,2.59273672104,97590.3259277,-8.56999969482,335.505584717,True
71.3,-0.102,0.068,0.006,0.4707192,0.8237586,9.16921775,9.10999965668,8.24865627289,-4.71000003815,-3.82727694511,-80.6679458618,0.418478190899,-13.2875013351,2.65494918823,97596.5026855,-8.31999969482,323.26260376,True
71.4,-0.102,0.068,0.006,0.4707192,0.8237586,9.16921775,9.25,6.76984357834,-4.11000013351,-5.07099199295,-81.1408157349,0.425765424967,-13.3290672302,2.68764162064,97596.5026855,-8.06999969482,324.262512207,True
71.5,-0.144,0.111,-0.024,0.4511059,1.0198916,9.2770909,9.56999969482,6.76984357834,-3.47000002861,-5.07099199295,-81.1408157349,0.428032249212,-13.4493770599,2.77787446976,97600.1403809,-7.80999994278,313.236633301,True
71.60000000000001,0.0,0.132,-0.101,0.3334261,0.8237586,8.60043205,12.3999996185,6.76984357834,-2.76999998093,-5.07099199295,-81.1408157349,0.422343730927,-13.6435852051,2.97301745415,97607.1960449,-7.52999973297,313.236633301,True
71.7,0.161,0.091,-0.109,0.3334261,0.7060788,8.6102387,12.9299993515,6.76984357834,-2.01999998093,-5.07099199295,-81.1408157349,0.440323203802,-13.7744512558,3.13138532639,97610.2539062,-7.23999977112,292.325500488,True
71.8,0.299,0.048,-0.099,0.4511059,0.61781895,9.05153795,14.3099994659,6.76984357834,-1.20999991894,-5.07099199295,-81.1408157349,0.477365195751,-13.9143037796,3.26803064346,97615.3442383,-6.92999982834,292.325500488,True
71.9,0.325,0.077,-0.085,0.36284605,0.71588545,9.2967042,14.7100000381,7.5397810936,-0.370000004768,-8.20042324066,-79.3618621826,0.537195086479,-14.0317554474,3.3367369175,97617.8344727,-6.60999965668,268.554321289,True
72.0,0.268,0.08,-0.073,0.4903325,0.5295591,9.5516771,14.9200000763,7.5397810936,0.489999979734,-8.20042324066,-79.3618621826,0.641275167465,-14.1808662415,3.41472816467,97623.2849121,-6.26999998093,268.554321289,True
72.10000000000001,0.268,0.08,-0.073,0.4903325,0.5295591,9.5516771,17.1999988556,7.5397810936,1.37999999523,-8.20042324066,-79.3618621826,0.811196446419,-14.3719921112,3.52459549904,97623.2849121,-5.92000007629,242.768188477,True
72.2,0.234,0.058,-0.037,0.48052585,0.7453054,9.2378643,17.3099994659,7.5397810936,2.29999995232,-8.20042324066,-79.3618621826,0.936445236206,-14.4998579025,3.59509372711,97630.7250977,-5.56999969482,243.768127441,True
72.3,0.122,0.033,-0.046,0.4511059,0.784532,9.09076455,19.6499996185,13.6693725586,3.25999999046,-10.0105819702,-78.0932998657,1.09134197235,-14.6594429016,3.71002960205,97637.8967285,-5.19999980927,216.498275757,True
72.4,0.14,0.051,-0.056,0.4707192,0.97085835,9.4536106,19.8799991608,13.6693725586,4.25999975204,-10.0105819702,-78.0932998657,1.22393739223,-14.7867660522,3.79013323784,97643.5913086,-4.82999992371,216.498275757,True
72.5,0.212,0.066,-0.083,0.53936575,1.16699135,9.12999115,20.0499992371,13.6693725586,5.27999973297,-10.0105819702,-78.0932998657,1.39398479462,-14.955786705,3.86395573616,97647.9736328,-4.44000005722,179.954528809,True
72.60000000000001,0.147,0.033,-0.154,0.4314926,0.83356525,9.2378643,22.6599998474,13.6693725586,6.36999988556,-10.0105819702,-78.0932998657,1.60335230827,-15.160615921,4.00439405441,97658.2885742,-4.03999996185,179.954528809,True
72.7,0.188,-0.02,-0.173,0.5295591,0.77472535,10.7677017,22.8199996948,17.5627040863,7.48999977112,-11.7324256897,-76.0211257935,1.79191923141,-15.2947416306,4.0654463768,97658.8623047,-3.61999988556,146.68359375,True
72.8,0.217,-0.041,-0.141,0.5687857,0.83356525,10.81673495,22.7099990845,17.5627040863,8.55000019073,-11.7324256897,-76.0211257935,2.2166428566,-15.5466403961,4.03664875031,97667.5842285,-3.19999980927,146.68359375,True
72.9,0.207,-0.035,-0.122,0.83356525,0.97085835,11.05209455,26.2299995422,17.5627040863,9.63999938965,-11.7324256897,-76.0211257935,2.47790932655,-15.6976537704,4.01119661331,97667.9199219,-2.76999998093,115.42616272,True
73.0,0.089,0.008,-0.11,0.8825985,0.980665,10.95402805,26.2399997711,17.5627040863,10.6999998093,-11.7324256897,-76.0211257935,2.88033938408,-15.9298858643,3.96030879021,97680.5664062,-2.34999990463,115.42616272,True
73.10000000000001,0.054,0.006,-0.125,0.99047165,0.85317855,10.09104285,28.5799999237,20.48736763,11.7299995422,-12.1077775955,-73.3859558105,3.19903635979,-16.1176166534,3.98862814903,97683.2092285,-1.93999993801,74.5742797852,True
73.2,0.054,0.006,-0.125,0.99047165,0.85317855,10.09104285,28.5599994659,20.48736763,11.7299995422,-12.1077775955,-73.3859558105,3.33779001236,-16.194890976,4.0101442337,97683.2092285,-1.93999993801,74.5742797852,True
73.3,0.19,-0.009,-0.128,0.980665,0.95124505,11.1991943,32.2299995422,20.48736763,13.9899997711,-12.1077775955,-73.3859558105,3.92161178589,-16.5113697052,4.04084062576,97692.9748535,-1.09000003338,23.4678268433,True
73.4,0.19,-0.009,-0.128,0.980665,0.95124505,11.1991943,32.4799995422,20.48736763,15.1499996185,-12.1077775955,-73.3859558105,4.07533693314,-16.5882568359,4.02545499802,97692.9748535,-0.659999966621,22.4678993225,True
73.5,0.265,-0.012,-0.129,1.0983448,1.08853815,11.58165365,34.7599983215,23.1208400726,16.2899990082,-13.2274618149,-70.5592880249,4.67631483078,-16.8794708252,3.9724342823,97717.6635742,-0.229999989271,-26.1553764343,True
73.60000000000001,0.265,-0.012,-0.129,1.0983448,1.08853815,11.58165365,35.0099983215,23.1208400726,17.4499988556,-13.2274618149,-70.5592880249,5.08731937408,-17.0687427521,4.00041723251,97717.6635742,0.199999988079,-25.1554489136,True
73.7,0.247,0.01,-0.195,1.30428445,1.0002783,10.6500219,35.25,23.1208400726,17.7099990845,-13.2274618149,-70.5592880249,5.5412569046,-17.2516384125,4.05839443207,97728.4606934,0.649999976158,-81.2166213989,True
73.8,0.296,0.012,-0.205,1.08853815,1.1375714,10.1400761,38.469997406,23.1208400726,17.7399997711,-13.2274618149,-70.5592880249,5.99078416824,-17.4127693176,4.13947105408,97738.7695312,1.11000001431,-81.2166213989,True
73.9,0.296,0.012,-0.205,1.08853815,1.1375714,10.1400761,38.719997406,28.6806812286,17.7700004578,-15.0107784271,-66.9245681763,6.48094415665,-17.5577259064,4.18682336807,97738.7695312,1.56999993324,-139.177886963,True
74.0,0.507,-0.121,-0.261,1.0002783,1.2356379,11.24822755,38.8499984741,28.6806812286,17.8099994659,-15.0107784271,-66.9245681763,7.0315489769,-17.6827583313,4.19700479507,97747.4304199,2.05999994278,-139.177886963,True
74.10000000000001,0.562,-0.138,-0.299,0.75511205,0.97085835,11.5130071,40.8299980164,28.6806812286,17.8799991608,-15.0107784271,-66.9245681763,7.65608215332,-17.7509784698,4.19701051712,97744.708252,2.54999995232,-196.676452637,True
74.2,0.636,-0.205,-0.283,0.87279185,0.44129925,12.89574475,40.6199989319,28.6806812286,17.9499988556,-15.0107784271,-66.9245681763,8.5113401413,-17.7231025696,4.23094272614,97756.6162109,3.03999996185,-196.676452637,True
74.3,0.566,-0.143,-0.194,0.89240515,0.0784532,14.03331615,43.0099983215,28.6806812286,18.0399990082,-15.0107784271,-66.9245681763,9.2486448288,-17.6310825348,4.2173242569,97756.2805176,3.52999997139,-258.490356445,True
74.4,0.086,-0.163,-0.025,0.73549875,0.44129925,12.18966595,42.3999977112,40.8459396362,18.0799999237,-15.7430534363,-58.3914108276,10.2736740112,-17.445520401,4.29569196701,97761.3342285,4.02999973297,-258.490356445,True
74.5,0.122,-0.132,-0.013,0.5295591,0.9414384,12.03275955,43.3600006104,40.8459396362,18.0900001526,-15.7430534363,-58.3914108276,10.8975133896,-17.3104095459,4.34787321091,97766.8701172,4.51999998093,-312.379455566,True
74.60000000000001,0.104,-0.07,-0.075,0.46091255,1.22583125,10.3558224,43.3999977112,42.1715774536,18.109998703,-14.5478982925,-56.6523857117,11.7300729752,-17.1298866272,4.52262210846,97766.8701172,5.02999973297,-312.379455566,True
74.7,0.045,-0.061,-0.151,0.30400615,1.3140911,8.99269805,43.3699989319,42.1715774536,18.1199989319,-14.5478982925,-56.6523857117,12.3058319092,-16.9983177185,4.75516366959,97781.7626953,5.53999996185,-368.436248779,True
74.8,0.187,-0.038,-0.239,0.46091255,1.3533177,7.0019481,43.2700004578,42.1715774536,18.1299991608,-14.5478982925,-56.6523857117,12.7734889984,-16.904668808,5.10286712646,97783.203125,6.07999992371,-368.436248779,True
74.9,0.048,-0.059,-0.314,0.63743225,1.5298374,7.69822025,43.1100006104,42.1715774536,18.1399993896,-14.5478982925,-56.6523857117,13.1377000809,-16.8359775543,5.40881443024,97798.6938477,6.63999986649,-422.718444824,True
75.0,-0.023,-0.048,-0.369,0.40207265,1.1964113,9.93413645,42.8699989319,43.4302101135,18.1499996185,-16.2472553253,-52.9082756042,13.7436141968,-16.6974029541,5.78537273407,97797.8393555,7.25999975204,-422.718444824,True
75.10000000000001,-0.023,-0.048,-0.369,0.40207265,1.1964113,9.93413645,42.469997406,43.4302101135,18.1199989319,-16.2472553253,-52.9082756042,14.2802019119,-16.5434246063,6.09994792938,97797.8393555,7.88999986649,-459.555908203,True
75.2,0.137,-0.066,-0.361,0.392266,0.5295591,8.09048625,42.2299995422,43.4302101135,18.1199989319,-16.2472553253,-52.9082756042,14.664721489,-16.4136047363,6.41694307327,97811.3037109,8.56999969482,-459.555908203,True
75.3,0.095,-0.17,-0.302,-0.0588399,0.34323275,8.67888525,42.0099983215,43.4302101135,18.1299991608,-16.2472553253,-52.9082756042,15.3020029068,-16.1551322937,6.8726773262,97811.3037109,9.27999973297,-505.256744385,True
75.4,0.113,-0.129,-0.214,0.0588399,0.0784532,5.7466969,41.8999977112,42.7387619019,18.1299991608,-20.6646575928,-44.8656311035,15.7463331223,-15.940030098,7.36518287659,97821.0266113,10.0199995041,-504.256835938,True
75.5,0.026,-0.221,-0.17,-0.0784532,0.3138128,8.46313895,41.9199981689,42.7387619019,18.1199989319,-20.6646575928,-44.8656311035,16.1317653656,-15.7479305267,7.69518470764,97833.3129883,10.8099994659,-545.556091309,True
75.60000000000001,0.026,-0.221,-0.17,-0.0784532,0.3138128,8.46313895,41.9599990845,42.7387619019,18.109998703,-20.6646575928,-44.8656311035,16.57213974,-15.5101699829,7.95282697678,97833.3129883,11.6399993896,-545.556091309,True
75.7,0.064,-0.196,-0.144,-0.34323275,0.67665885,11.48358715,42.0499992371,42.7387619019,18.109998703,-20.6646575928,-44.8656311035,17.3105602264,-15.0653886795,8.17725276947,97853.1555176,12.5,-561.374267578,True
75.8,-0.006,-0.158,-0.156,-0.3138128,0.81395195,10.97364135,42.0499992371,42.1444778442,18.1000003815,-20.3602695465,-38.4773826599,17.9231529236,-14.6804132462,8.32025909424,97857.1533203,13.3899993896,-561.374267578,True
75.9,0.014,-0.215,-0.185,-0.3138128,0.97085835,11.6110736,42.0999984741,42.1444778442,18.0799999237,-20.3602695465,-38.4773826599,18.7649803162,-14.1209554672,8.46951675415,97865.0695801,14.2699995041,-594.476989746,True
76.0,0.047,-0.173,-0.209,-0.50013915,0.980665,12.32695905,42.0900001526,42.1444778442,18.0799999237,-20.3602695465,-38.4773826599,19.0237674713,-13.9409151077,8.49877071381,97877.8015137,15.1799993515,-594.476989746,True
