t,p,q,r,ax,ay,az,roll_k,roll,pitch_k,pitch,yaw,vn,ve,vd,basinc,alt_hata,hiz_hata,ariza
0.1,0.4,-0.213,0.191,-0.51975245,-0.46091255,14.77862155,12.0799999237,-26.2358646393,-3.11999988556,7.6559548378,36.979888916,22.6294574738,12.2413568497,-2.82726502419,97267.9016113,-0.889999985695,-949.491699219,False
0.2,0.491,-0.137,0.303,-1.0198916,-0.08825985,13.2585908,-44.5799980164,-26.2358646393,-6.05999994278,7.6559548378,36.979888916,22.6110095978,11.7164449692,-2.95397639275,97260.7177734,-1.19999992847,-949.491699219,False
0.30000000000000004,0.743,-0.06,0.261,-1.02969825,-0.02941995,11.93469305,-44.6299972534,-26.2358646393,-7.13999986649,7.6559548378,36.979888916,22.5853881836,11.5394601822,-2.99514198303,97247.2473145,-1.54999995232,-813.140686035,False
0.4,-0.141,-0.024,0.292,-1.2356379,0.2745862,11.5130071,-44.6800003052,-26.2358646393,-8.85999965668,7.6559548378,36.979888916,22.485956192,10.8919258118,-3.0066151619,97232.989502,-1.90999996662,-813.140686035,False
0.5,-0.443,0.024,0.276,-1.38273765,0.51975245,8.8063717,-44.7299995422,-20.2318992615,-11.6700000763,6.71158885956,29.8188667297,22.4095439911,10.4699020386,-2.83141994476,97225.982666,-2.28999996185,-801.438110352,False
0.6000000000000001,-0.443,0.024,0.276,-1.38273765,0.51975245,8.8063717,-44.8299980164,-20.2318992615,-14.8899993896,6.71158885956,29.8188667297,22.3292579651,9.96730709076,-2.51301836967,97225.982666,-2.64999985695,-801.438110352,False
0.7000000000000001,-0.498,0.095,0.345,-1.59848395,0.61781895,6.7273619,-44.8899993896,-20.2318992615,-17.4599990845,6.71158885956,29.8188667297,22.2889270782,9.63310050964,-2.21497368813,97214.1601562,-2.98000001907,-759.547058105,False
0.8,-0.498,0.095,0.345,-1.59848395,0.61781895,6.7273619,-44.9500007629,-20.2318992615,-19.7899990082,6.71158885956,29.8188667297,22.2384624481,9.337059021,-1.80261588097,97214.1601562,-3.27999997139,-759.547058105,False
0.9,-0.336,0.137,0.311,-1.7259704,0.93163175,5.77611685,-44.9899978638,-30.4620742798,-19.109998703,2.39986729622,24.1016616821,22.1895141602,8.85033226013,-1.15666496754,97204.6325684,-3.51999998093,-717.073608398,False
1.0,-0.242,0.135,0.261,-1.65732385,0.93163175,5.7859235,-44.9899978638,-30.4620742798,-18.5699996948,2.39986729622,24.1016616821,22.1508808136,8.44728851318,-0.58647274971,97202.3986816,-3.70999979973,-717.073608398,False
1.1,-0.312,0.093,0.203,-1.69655045,0.980665,5.26617105,-44.9599990845,-30.4620742798,-17.5100002289,2.39986729622,24.1016616821,22.1148586273,8.03094768524,0.0027877590619,97202.3986816,-3.82999992371,-673.001464844,False
1.2000000000000002,-0.32,0.07,0.142,-1.71616375,0.8237586,5.3936575,-44.9199981689,-30.4620742798,-16.4899997711,2.39986729622,24.1016616821,22.0791149139,7.63859128952,0.591916024685,97198.3276367,-3.89999985695,-673.001464844,False
1.3,-0.227,0.044,0.085,-1.7455837,0.5099458,5.42307745,-44.8999977112,-38.3349075317,-16.1700000763,-3.80720496178,20.169588089,22.0432872772,7.23703718185,1.16974616051,97197.2839355,-3.89999985695,-611.101928711,False
1.4000000000000001,-0.139,0.011,0.048,-1.8828768,0.0196133,5.8055368,-44.8799972534,-38.3349075317,-16.1000003815,-3.80720496178,20.169588089,22.0114479065,6.93085336685,1.6405954361,97197.6745605,-3.84999990463,-611.101928711,False
1.5,-0.018,-0.002,0.067,-1.7259704,-0.14709975,6.46258235,-44.8600006104,-38.3349075317,-17.2299995422,-3.80720496178,20.169588089,21.9664440155,6.55520582199,2.19116401672,97196.0632324,-3.74000000954,-571.83605957,False
1.6,0.059,-0.005,0.114,-1.89268345,-0.48052585,6.9823348,-44.8499984741,-38.3349075317,-17.9099998474,-3.80720496178,20.169588089,21.9371185303,6.15617752075,2.65633368492,97196.6125488,-3.58999991417,-571.83605957,False
1.7000000000000002,0.067,0.03,0.227,-1.85345685,-0.7453054,6.7665885,-44.7899971008,-38.3349075317,-19.2799987793,-3.80720496178,20.169588089,21.8983688354,5.70609951019,3.16894769669,97200.0854492,-3.37999987602,-546.778503418,False
1.8,0.108,0.02,0.317,-1.7455837,-0.5491724,6.9823348,-44.6699981689,-39.4643974304,-19.5200004578,-5.79839468002,18.4460964203,21.8831787109,5.40181159973,3.50323748589,97202.4658203,-3.13999986649,-546.778503418,False
1.9000000000000001,0.108,0.02,0.317,-1.7455837,-0.5491724,6.9823348,-44.5,-39.4643974304,-19.7600002289,-5.79839468002,18.4460964203,21.8706932068,5.01009082794,3.89247894287,97202.4658203,-2.84999990463,-531.780456543,False
2.0,0.05,0.02,0.439,-1.765197,-0.1372931,6.4527757,-44.3299980164,-39.4643974304,-19.9200000763,-5.79839468002,18.4460964203,21.8588523865,4.55167818069,4.40828418732,97206.1218262,-2.52999997139,-531.780456543,False
2.1,-0.038,-0.009,0.418,-1.8240369,0.20593965,7.56092715,-44.0999984741,-39.4643974304,-20.0200004578,-5.79839468002,18.4460964203,21.8606719971,4.15634679794,4.80883169174,97214.0075684,-2.15999984741,-520.128845215,False
2.2,-0.126,-0.031,0.383,-1.91229675,0.14709975,7.8845466,-43.8699989319,-36.510597229,-20.0399990082,-12.302365303,11.1228704453,21.8736820221,3.70752668381,5.18646764755,97224.005127,-1.76999998093,-520.128845215,False
2.3000000000000003,-0.214,-0.053,0.326,-1.7848103,0.53936575,7.7864801,-43.6800003052,-36.510597229,-19.8899993896,-12.302365303,11.1228704453,21.895160675,3.2215077877,5.55531072617,97226.6601562,-1.30999994278,-537.970703125,False
2.4000000000000004,-0.214,-0.053,0.326,-1.7848103,0.53936575,7.7864801,-43.5099983215,-36.510597229,-19.6199989319,-12.302365303,11.1228704453,21.9185829163,2.62591290474,5.98410320282,97226.6601562,-0.829999983311,-537.970703125,False
2.5,-0.177,-0.096,0.177,-1.95152335,0.0196133,8.67888525,-43.4500007629,-38.5156974792,-19.4599990845,-15.2616481781,5.55612516403,21.9320411682,2.22219157219,6.26008653641,97238.1591797,-0.299999982119,-531.783691406,False
2.6,-0.177,-0.096,0.177,-1.95152335,0.0196133,8.67888525,-43.3899993896,-38.5156974792,-19.359998703,-15.2616481781,5.55612516403,21.9474239349,1.8983117342,6.44381856918,97238.1591797,0.269999980927,-531.783691406,False
2.7,-0.03,-0.109,0.174,-1.85345685,0.22555295,9.16921775,-43.3600006104,-38.5156974792,-18.6199989319,-15.2616481781,5.55612516403,22.0036468506,0.994849264622,6.83530330658,97244.0429688,0.8599999547,-523.241027832,False
2.8000000000000003,-0.017,-0.125,0.211,-1.8044236,-0.22555295,10.16949605,-43.3099975586,-38.5156974792,-16.8299999237,-15.2616481781,5.55612516403,22.0385017395,0.52021998167,6.99465799332,97263.6230469,1.48000001907,-523.241027832,False
2.9000000000000004,-0.019,-0.106,0.249,-1.8828768,-0.28439285,9.99297635,-43.2299995422,-38.1720199585,-15.0399999619,-16.2958011627,0.403634101152,22.0701904297,-0.068100258708,7.1676902771,97273.5839844,2.1099998951,-517.471496582,False
3.0,0.001,-0.139,0.281,-1.7848103,-0.2157463,10.44408225,-43.1299972534,-38.1720199585,-13.2100000381,-16.2958011627,0.403634101152,22.1037006378,-0.665733039379,7.33174610138,97278.1005859,2.75999999046,-517.471496582,False
3.1,0.0,-0.208,0.3,-1.71616375,0.0392266,11.6306869,-43.0799980164,-38.1720199585,-11.3199996948,-16.2958011627,0.403634101152,22.1301269531,-1.03239715099,7.41716766357,97288.1774902,3.44999980927,-528.375793457,False
3.2,-0.035,-0.234,0.308,-1.73577705,-0.0784532,12.36618565,-43.0499992371,-38.1720199585,-9.5,-16.2958011627,0.403634101152,22.1714706421,-1.84927451611,7.48056364059,97288.1774902,4.13000011444,-528.375793457,False
3.3000000000000003,-0.124,-0.268,0.313,-1.53964405,-0.0588399,11.99353295,-43.0499992371,-36.2014122009,-7.67999982834,-17.1854496002,-5.93351316452,22.197063446,-2.5544757843,7.48588132858,97307.1289062,4.81999969482,-549.174499512,False
3.4000000000000004,-0.164,-0.33,0.313,-1.4709975,0.1176798,13.42530385,-43.0999984741,-36.2014122009,-5.84999990463,-17.1854496002,-5.93351316452,22.2090568542,-3.29358410835,7.46000337601,97318.6523438,5.50999975204,-549.174499512,False
3.5,-0.171,-0.356,0.291,-1.42196425,0.1569064,14.58248855,-43.2099990845,-36.2014122009,-4.09999990463,-17.1854496002,-5.93351316452,22.2004699707,-4.13098955154,7.35176897049,97328.8757324,6.21000003815,-563.867919922,False
3.6,-0.173,-0.396,0.274,-1.2160246,0.1765197,15.8083198,-43.3499984741,-36.2014122009,-2.40999984741,-17.1854496002,-5.93351316452,22.1367206573,-5.22271108627,7.10368394852,97340.625,6.88999986649,-563.867919922,False
3.7,-0.173,-0.396,0.274,-1.2160246,0.1765197,15.8083198,-43.5900001526,-36.3701934814,-0.77999997139,-15.2923526764,-17.3331241608,22.0999279022,-5.61600589752,7.00228786469,97340.625,7.55999994278,-601.517883301,False
3.8000000000000003,-0.179,-0.435,0.266,-1.0787315,0.34323275,17.2204774,-43.7399978638,-36.3701934814,0.729999959469,-15.2923526764,-17.3331241608,21.8776607513,-7.16336488724,6.56402444839,97365.0512695,8.19999980927,-601.517883301,False
3.9000000000000004,-0.2,-0.448,0.232,-0.8629852,0.1569064,17.1027976,-42.9599990845,-36.3701934814,2.18000006676,-15.2923526764,-17.3331241608,21.6406478882,-8.20412540436,6.23815488815,97368.0969238,8.80999946594,-595.742431641,False
4.0,-0.2,-0.448,0.232,-0.8629852,0.1569064,17.1027976,-40.4500007629,-36.3701934814,3.56999993324,-15.2923526764,-17.3331241608,21.2719478607,-9.45393753052,5.79989385605,97368.0969238,9.39999961853,-595.742431641,False
4.1000000000000005,-0.111,-0.482,0.221,-0.77472535,0.08825985,17.1224109,-37.4099998474,-37.7508544922,4.90000009537,-10.6646308899,-28.6469402313,21.0511569977,-10.0637845993,5.57845258713,97385.2661133,9.96999931335,-641.916625977,False
4.2,-0.103,-0.495,0.247,-0.44129925,0.0980665,18.8091547,-33.8299980164,-37.7508544922,6.08999967575,-10.6646308899,-28.6469402313,20.595413208,-11.1407747269,5.15369129181,97394.3908691,10.4899997711,-641.916625977,False
4.3,0.041,-0.504,0.257,-0.2353596,-0.08825985,19.34852045,-29.5599994659,-37.7508544922,7.17000007629,-10.6646308899,-28.6469402313,20.0711536407,-12.2142724991,4.67186546326,97404.7607422,10.9799995422,-672.013061523,False
4.4,0.041,-0.504,0.257,-0.2353596,-0.08825985,19.34852045,-24.8400001526,-37.7508544922,8.11999988556,-10.6646308899,-28.6469402313,19.357383728,-13.4351654053,4.06530570984,97404.7607422,11.4299993515,-672.013061523,False
4.5,0.164,-0.509,0.292,-0.00980665,0.10787315,19.46620025,-19.6999988556,-36.7467918396,8.92000007629,-5.50468063354,-40.4316635132,18.8312358856,-14.2073516846,3.65368723869,97418.0969238,11.8199996948,-686.397338867,False
4.6000000000000005,0.23,-0.516,0.287,0.0392266,0.32361945,19.8682729,-14.1700000763,-36.7467918396,9.60999965668,-5.50468063354,-40.4316635132,18.1088314056,-15.1170854568,3.09860086441,97432.2570801,12.1700000763,-686.397338867,False
4.7,0.299,-0.497,0.254,0.196133,0.38245935,19.97614605,-8.22999954224,-36.7467918396,10.1099996567,-5.50468063354,-40.4316635132,17.1627540588,-16.1397571564,2.3533744812,97431.2683105,12.4699993134,-705.00604248,False
4.800000000000001,0.299,-0.497,0.254,0.196133,0.38245935,19.97614605,-2.40999984741,-31.8916187286,10.4699993134,-1.29397892952,-49.3300743103,16.8448810577,-16.4493350983,2.08075404167,97431.2683105,12.7199993134,-705.00604248,False
4.9,0.439,-0.433,0.224,0.2157463,0.3334261,19.6721399,-2.40999984741,-31.8916187286,10.4600000381,-1.29397892952,-49.3300743103,15.8922214508,-17.252658844,1.28575944901,97435.4919434,12.7199993134,-705.00604248,False
5.0,0.549,-0.4,0.232,0.20593965,0.4118793,18.87780125,7.42999982834,-31.8916187286,10.6700000763,-1.29397892952,-49.3300743103,14.7164163589,-18.0269012451,0.232427075505,97444.2687988,13.0099992752,-731.454101562,False
5.1000000000000005,0.655,-0.323,0.152,0.10787315,0.30400615,17.26951065,11.2599992752,-31.8916187286,10.5199995041,-1.29397892952,-49.3300743103,14.3161478043,-18.2327747345,-0.151582479477,97445.1049805,13.0499992371,-728.342651367,False
5.2,0.657,-0.285,0.126,-0.02941995,0.4314926,16.73995155,14.1899995804,-31.8916187286,10.3099994659,-1.29397892952,-49.3300743103,13.7267570496,-18.4535446167,-0.738941311836,97449.3347168,13.0399999619,-728.342651367,False
5.300000000000001,0.657,-0.285,0.126,-0.02941995,0.4314926,16.73995155,16.2399997711,-31.8916187286,9.90999984741,-1.29397892952,-49.3300743103,13.1301012039,-18.5656852722,-1.42529499531,97449.3347168,12.9600000381,-712.448852539,False
5.4,0.652,-0.217,0.065,-0.0588399,0.28439285,15.36702055,17.7099990845,-13.6991662979,9.46999931335,5.98707151413,-58.9738273621,12.7574167252,-18.548992157,-1.92918515205,97443.6218262,12.8499994278,-712.448852539,False
5.5,0.652,-0.217,0.065,-0.0588399,0.28439285,15.36702055,18.4200000763,-13.6991662979,8.88000011444,5.98707151413,-58.9738273621,12.5724630356,-18.4893989563,-2.21415829659,97443.6218262,12.6599998474,-684.876220703,False
5.6000000000000005,0.592,-0.159,0.034,-0.06864655,0.2745862,14.317709,18.7099990845,-13.6991662979,8.25,5.98707151413,-58.9738273621,12.2734050751,-18.2677669525,-2.77182984352,97437.4755859,12.4499998093,-684.876220703,False
5.7,0.59,-0.116,0.031,-0.0196133,0.14709975,13.3174307,18.4099998474,-2.55397486687,7.52999973297,8.88713645935,-60.4817771912,12.1626873016,-18.0323505402,-3.09484982491,97432.5378418,12.1799993515,-733.15222168,False
5.800000000000001,0.474,-0.081,0.037,-0.1372931,0.22555295,12.4936721,17.8299999237,-2.55397486687,6.77999973297,8.88713645935,-60.4817771912,12.1081056595,-17.69389534,-3.41275954247,97432.5378418,11.8899993896,-733.15222168,False
5.9,0.385,-0.075,0.027,-0.2353596,0.44129925,12.2779258,16.8400001526,-2.55397486687,5.92999982834,8.88713645935,-60.4817771912,12.114361763,-17.443195343,-3.58130526543,97417.7856445,11.5500001907,-676.522094727,False
6.0,0.344,-0.054,-0.001,-0.30400615,0.4707192,11.77778665,15.7999992371,7.8996295929,5.13000011444,10.6226606369,-61.1439971924,12.1431045532,-17.1207618713,-3.75221419334,97414.7399902,11.2100000381,-676.522094727,False
6.1000000000000005,0.209,-0.025,-0.026,-0.1569064,0.4118793,10.75789505,14.4399995804,7.8996295929,4.25999975204,10.6226606369,-61.1439971924,12.2176465988,-16.797372818,-3.84465742111,97414.7399902,10.8499994278,-636.649902344,False
6.2,0.209,-0.025,-0.026,-0.1569064,0.4118793,10.75789505,13.1899995804,7.8996295929,3.41999983788,10.6226606369,-61.1439971924,12.2721500397,-16.5428371429,-3.87445092201,97409.3811035,10.4699993134,-636.649902344,False
6.300000000000001,0.15,0.017,-0.052,-0.2353596,0.6276256,9.6889702,13.1999998093,7.8996295929,3.41999983788,10.6226606369,-61.1439971924,12.3676395416,-16.2535572052,-3.81045818329,97406.2561035,10.4699993134,-636.649902344,False
6.4,0.043,0.056,-0.086,-0.18632635,0.51975245,9.1005712,11.8699998856,7.8996295929,2.62999987602,10.6226606369,-61.1439971924,12.4310979843,-16.0375862122,-3.69426369667,97397.3571777,10.0999994278,-594.81640625,False
6.5,-0.073,0.083,-0.124,-0.22555295,0.46091255,6.9627215,9.5,13.4763946533,1.27999997139,10.3341627121,-60.3124961853,12.5509643555,-15.6856870651,-3.40372920036,97394.7692871,9.38999938965,-550.212463379,False
6.6000000000000005,0.013,0.057,-0.135,-0.30400615,0.5099458,8.81617835,8.89999961853,13.4763946533,0.769999980927,10.3341627121,-60.3124961853,12.6264362335,-15.4708499908,-3.14209961891,97387.2009277,9.06999969482,-550.212463379,False
6.7,0.013,0.057,-0.135,-0.30400615,0.5099458,8.81617835,8.90999984741,13.4763946533,0.769999980927,10.3341627121,-60.3124961853,12.6811752319,-15.3210506439,-3.06563162804,97387.2009277,9.06999969482,-550.212463379,False
6.800000000000001,-0.179,0.104,-0.119,-0.36284605,0.46091255,7.7864801,7.0499997139,12.9016599655,-0.199999988079,7.53650856018,-57.9140396118,12.7695417404,-15.0523910522,-2.80649232864,97381.3354492,8.51000022888,-525.687194824,False
6.9,-0.24,0.089,-0.091,-0.34323275,0.4903325,6.81562175,5.98999977112,12.9016599655,-0.52999997139,7.53650856018,-57.9140396118,12.8608417511,-14.8140554428,-2.47144913673,97369.0002441,8.27999973297,-494.87286377,False
7.0,-0.321,0.114,-0.108,-0.16671305,0.28439285,4.67777205,5.26999998093,12.9016599655,-0.789999961853,7.53650856018,-57.9140396118,12.8940811157,-14.6795282364,-2.04890155792,97369.0002441,8.06999969482,-494.87286377,False
7.1000000000000005,-0.321,0.114,-0.108,-0.16671305,0.28439285,4.67777205,6.75999975204,12.9016599655,-0.839999973774,7.53650856018,-57.9140396118,12.9328756332,-14.5401744843,-1.66702127457,97370.3186035,7.89999961853,-464.563171387,False
7.2,0.169,0.064,-0.112,-0.40207265,0.44129925,8.0610663,6.76999998093,11.0503005981,-0.839999973774,5.36588525772,-56.4150161743,12.9584293365,-14.432715416,-1.56114733219,97366.3635254,7.89999961853,-464.563171387,False
7.300000000000001,0.031,0.053,-0.074,-0.3334261,0.0784532,9.4732239,6.09999990463,11.0503005981,-1.20999991894,5.36588525772,-56.4150161743,13.100268364,-14.1100082397,-1.40920007229,97361.6394043,7.63999986649,-448.441894531,False
7.4,0.031,0.053,-0.074,-0.3334261,0.0784532,9.4732239,5.01999998093,11.0503005981,-1.41999995708,5.36588525772,-56.4150161743,13.1544618607,-13.9958591461,-1.34456193447,97361.6394043,7.51999998093,-448.441894531,False
7.5,-0.133,0.067,0.017,-0.30400615,0.392266,9.1005712,3.94999980927,11.0503005981,-1.59999990463,5.36588525772,-56.4150161743,13.2881984711,-13.7435045242,-1.19112980366,97356.817627,7.40999984741,-421.029846191,False
7.6000000000000005,-0.17,0.07,0.017,-0.30400615,0.55897905,9.01231135,7.90999984741,11.6952667236,-1.79999995232,3.32420516014,-55.4549942017,13.3569879532,-13.6141204834,-1.12594258785,97354.8339844,7.2999997139,-421.029846191,False
7.7,-0.149,0.106,-1.2981256071e-17,-0.26477955,0.8629852,8.34545915,7.14999961853,11.6952667236,-1.95999991894,3.32420516014,-55.4549942017,13.4022159576,-13.4919662476,-0.968443930149,97353.8818359,7.19999980927,-405.513946533,False
7.800000000000001,-0.149,0.106,-1.2981256071e-17,-0.26477955,0.8629852,8.34545915,11.1599998474,11.6952667236,-2.05999994278,3.32420516014,-55.4549942017,13.4100627899,-13.4270076752,-0.802477002144,97353.8818359,7.10999965668,-405.513946533,False
7.9,-0.017,0.108,-0.168,-0.26477955,0.7256921,8.11009955,10.8400001526,11.6952667236,-2.03999996185,3.32420516014,-55.4549942017,13.4339590073,-13.3259468079,-0.419142007828,97350.3662109,7.03999996185,-383.055114746,False
8.0,-0.069,0.1,-0.181,-0.2941995,0.5099458,8.0610663,10.4600000381,9.86840629578,-2.03999996185,0.611056149006,-54.7773857117,13.464928627,-13.2641820908,-0.26507973671,97350.1159668,6.98999977112,-383.055114746,False
8.1,-0.019,0.076,-0.176,-0.2157463,0.2745862,8.1395195,17.9599990845,9.86840629578,-1.94999992847,0.611056149006,-54.7773857117,13.5212049484,-13.1902809143,-0.0413562878966,97350.6164551,6.96999979019,-378.046234131,False
8.200000000000001,-0.016,0.048,-0.164,-0.20593965,0.2745862,8.7083052,17.5200004578,9.86840629578,-1.83999991417,0.611056149006,-54.7773857117,13.5918254852,-13.1183357239,0.141326949,97352.9663086,6.96999979019,-378.046234131,False
8.3,0.073,0.051,-0.151,-0.16671305,0.42168595,8.6690786,22.6299991608,9.86840629578,-1.70999991894,0.611056149006,-54.7773857117,13.6773471832,-13.049372673,0.275758713484,97348.2421875,6.98999977112,-369.839660645,False
8.4,0.264,0.064,-0.137,-0.2353596,0.55897905,8.69849855,22.2099990845,9.86840629578,-1.57999992371,0.611056149006,-54.7773857117,13.7391147614,-12.9987735748,0.389981120825,97352.9296875,7.01999998093,-370.839691162,False
8.5,0.264,0.064,-0.137,-0.2353596,0.55897905,8.69849855,21.7999992371,11.731921196,-1.37000000477,-2.38679718971,-50.6595840454,13.8736791611,-12.890007019,0.622173666954,97352.9296875,7.06999969482,-368.376739502,False
8.6,0.417,0.002,-0.191,-0.24516625,0.44129925,9.610517,23.9099998474,11.731921196,-1.16999995708,-2.38679718971,-50.6595840454,13.9614028931,-12.8239393234,0.67115521431,97352.6000977,7.1299996376,-368.376739502,False
8.700000000000001,0.414,-0.058,-0.148,-0.36284605,0.53936575,12.5132854,23.109998703,11.731921196,-0.909999966621,-2.38679718971,-50.6595840454,14.1271486282,-12.6853103638,0.787858963013,97357.0739746,7.21000003815,-365.800292969,False
8.8,0.358,-0.092,-0.13,-0.2549729,0.26477955,12.66038515,7.69000005722,11.731921196,-0.870000004768,-2.38679718971,-50.6595840454,14.5401668549,-12.362531662,0.492417305708,97355.3344727,7.27999973297,-365.800292969,False
8.9,-0.118,-0.074,-0.085,-0.3138128,0.4707192,11.1991943,7.00999975204,20.3052120209,-0.849999964237,-3.05262637138,-46.9224014282,14.744644165,-12.1853551865,0.445948690176,97353.6132812,7.33999967575,-313.018218994,False
9.0,-0.099,-0.073,-0.071,-0.18632635,0.34323275,10.5127288,4.75999975204,20.3052120209,-0.789999961853,-3.05262637138,-46.9224014282,14.9496250153,-12.0081691742,0.428560435772,97356.427002,7.3799996376,-313.018218994,False
9.1,-0.275,-0.104,-0.043,0.00980665,0.48052585,13.2193642,4.75999975204,20.3052120209,-0.799999952316,-3.05262637138,-46.9224014282,15.1460208893,-11.8473339081,0.407418251038,97356.427002,7.41999959946,-316.155822754,False
9.200000000000001,-0.275,-0.104,-0.043,0.00980665,0.48052585,13.2193642,-2.11999988556,20.3052120209,-0.959999978542,-3.05262637138,-46.9224014282,15.5071573257,-11.5763959885,0.00704859476537,97359.979248,7.44000005722,-316.155822754,False
9.3,-0.366,-0.054,-0.034,-0.2157463,1.12776475,13.6116302,-3.56999993324,17.1932563782,-1.41999995708,-2.04247283936,-45.5753860474,15.7925224304,-11.3531322479,-0.478270709515,97364.4836426,7.40999984741,-320.141021729,False
9.4,-0.366,-0.054,-0.034,-0.2157463,1.12776475,13.6116302,-6.28999996185,17.1932563782,-1.83999991417,-2.04247283936,-45.5753860474,16.0077476501,-11.1392154694,-0.850394427776,97364.4836426,7.34999990463,-320.141021729,False
9.5,-0.534,-0.002,-0.144,-0.24516625,0.61781895,11.1207411,-6.94999980927,17.1932563782,-2.25999999046,-2.04247283936,-45.5753860474,16.0835781097,-11.058514595,-0.949035823345,97363.1530762,7.25,-325.062194824,False
9.600000000000001,-0.534,-0.002,-0.144,-0.24516625,0.61781895,11.1207411,-7.3799996376,8.79777240753,-2.6099998951,-1.63541853428,-43.9123535156,16.1397514343,-10.993481636,-0.978626906872,97363.1530762,7.13999986649,-325.062194824,False
9.700000000000001,-0.403,0.009,-0.086,-0.1569064,0.588399,9.7478101,-11.3899993896,8.79777240753,-2.9399998188,-1.63541853428,-43.9123535156,16.1768531799,-10.9637269974,-0.986100256443,97355.2490234,7.01999998093,-340.044403076,False
9.8,-0.403,0.009,-0.086,-0.1569064,0.588399,9.7478101,-11.4899997711,8.79777240753,-3.22000002861,-1.63541853428,-43.9123535156,16.1777973175,-10.9616451263,-0.961477518082,97355.2490234,6.92000007629,-340.044403076,False
9.9,-0.371,0.022,-0.072,-0.22555295,0.63743225,9.9635564,-16.9599990845,2.40501403809,-3.44999980927,-2.26387262344,-42.4049987793,16.1442546844,-11.0030736923,-0.913633644581,97358.0627441,6.81999969482,-332.415771484,False
10.0,-0.286,0.045,-0.091,-0.2941995,0.4118793,9.1397978,-16.9499988556,2.40501403809,-3.70999979973,-2.26387262344,-42.4049987793,16.0947437286,-11.0575532913,-0.859889745712,97349.5056152,6.73000001907,-332.415771484,False
10.100000000000001,-0.406,0.038,-0.071,-0.28439285,0.36284605,9.1397978,-16.8400001526,2.40501403809,-3.87999987602,-2.26387262344,-42.4049987793,16.0451202393,-11.116944313,-0.775649547577,97349.3408203,6.64999961853,-331.241210938,False
10.200000000000001,-0.154,0.046,-0.072,-0.3138128,-0.1569064,7.85512665,-20.3400001526,2.40501403809,-4.0,-2.26387262344,-42.4049987793,15.9703321457,-11.2025766373,-0.570760130882,97346.9970703,6.57999992371,-331.241210938,False
10.3,-0.154,0.046,-0.072,-0.3138128,-0.1569064,7.85512665,-20.4499988556,-4.80045223236,-4.01999998093,-3.40128183365,-40.5452766418,15.9320859909,-11.232665062,-0.380300164223,97346.9970703,6.52999973297,-332.418823242,False
10.4,-0.187,0.041,0.027,-0.61781895,-0.3726527,7.9433865,-20.4499988556,-4.80045223236,-4.01999998093,-3.40128183365,-40.5452766418,15.8954811096,-11.2474880219,-0.146429046988,97347.4365234,6.52999973297,-332.418823242,False
10.5,-0.292,0.004,0.192,-0.61781895,-0.06864655,7.3942141,-26.109998703,-4.80045223236,-3.73000001907,-3.40128183365,-40.5452766418,15.8260622025,-11.2895889282,0.19549678266,97348.6450195,6.5,-332.418823242,False
10.600000000000001,-0.394,-0.039,0.221,-0.5295591,0.02941995,8.4729456,-26.109998703,-4.80045223236,-3.73000001907,-3.40128183365,-40.5452766418,15.6846904755,-11.4159927368,0.366177678108,97348.6450195,6.50999975204,-331.880004883,False
10.700000000000001,-0.471,-0.057,0.243,-0.51975245,0.26477955,9.0613446,-29.25,-9.85098934174,-3.59999990463,-3.93772959709,-43.1633300781,15.5605993271,-11.5409612656,0.463057547808,97352.6794434,6.53999996185,-331.880004883,False
10.8,-0.403,-0.043,0.207,-0.50013915,0.28439285,9.22805765,-28.6899986267,-9.85098934174,-3.24000000954,-3.93772959709,-43.1633300781,15.3655185699,-11.7276973724,0.576257288456,97349.2004395,6.65999984741,-324.233062744,False
10.9,-0.443,-0.053,0.177,-0.40207265,0.42168595,10.5323421,-32.5999984741,-16.8480453491,-2.98000001907,-4.07077455521,-46.7933158875,15.1345205307,-11.9630508423,0.643736720085,97347.4060059,6.73000001907,-317.924865723,False
11.0,-0.372,-0.051,0.139,-0.4314926,0.1765197,10.05181625,-32.0299987793,-16.8480453491,-2.81999993324,-4.07077455521,-46.7933158875,14.8333187103,-12.2512426376,0.708573520184,97350.6530762,6.80999994278,-317.924865723,False
11.100000000000001,-0.115,-0.089,0.187,-0.32361945,0.0980665,9.09076455,-34.3400001526,-16.8480453491,-2.53999996185,-4.07077455521,-46.7933158875,14.5062551498,-12.5408143997,0.884387791157,97351.6601562,6.88999986649,-315.839202881,False
11.200000000000001,-0.359,-0.149,0.174,-0.2745862,0.1765197,10.89518815,-33.75,-21.5189285278,-2.25999999046,-4.04490280151,-49.8908538818,14.2157840729,-12.8098363876,1.01791071892,97355.6152344,6.98999977112,-315.839202881,False
11.3,-0.308,-0.124,0.201,-0.30400615,-0.0196133,10.9442214,-32.8600006104,-21.5189285278,-2.01999998093,-4.04490280151,-49.8908538818,13.8675165176,-13.1274232864,1.01982593536,97355.2734375,7.08999967575,-314.489746094,False
11.4,-0.308,-0.124,0.201,-0.30400615,-0.0196133,10.9442214,-36.1199989319,-21.5189285278,-1.77999997139,-4.04490280151,-49.8908538818,13.5015773773,-13.4349451065,1.08677363396,97355.2734375,7.19999980927,-314.489746094,False
11.5,-0.156,-0.107,0.221,-0.24516625,0.2549729,9.6693569,-36.1100006104,-21.5189285278,-1.77999997139,-4.04490280151,-49.8908538818,13.272608757,-13.6223754883,1.16707026958,97356.3354492,7.19999980927,-314.489746094,False
11.600000000000001,-0.42,-0.139,0.195,-0.08825985,0.50013915,11.7287534,-34.0699996948,-25.8393135071,-1.19999992847,-3.75133061409,-54.5487861633,12.6289825439,-14.1310186386,1.15876710415,97362.6647949,7.42999982834,-312.670898438,False
11.700000000000001,-0.42,-0.139,0.195,-0.08825985,0.50013915,11.7287534,-35.5400009155,-25.8393135071,-0.930000007153,-3.75133061409,-54.5487861633,12.1462745667,-14.4949455261,1.19685065746,97362.6647949,7.5499997139,-311.510467529,False
11.8,-0.418,-0.122,0.17,-0.1569064,0.40207265,11.0226746,-34.2399978638,-31.0424518585,-0.599999964237,-3.5186548233,-57.8078994751,11.5482702255,-14.9239349365,1.31140887737,97361.151123,7.66999959946,-311.510467529,False
11.9,-0.01,-0.148,0.123,-0.02941995,-0.22555295,10.67944185,-36.9199981689,-31.0424518585,-0.269999980927,-3.5186548233,-57.8078994751,11.1346445084,-15.2046995163,1.37051284313,97364.1052246,7.7999997139,-300.654968262,False
12.0,0.066,-0.192,0.181,-0.00980665,-0.3334261,12.20927925,-35.8600006104,-31.0424518585,0.070000000298,-3.5186548233,-57.8078994751,10.5368509293,-15.6069021225,1.39972531796,97364.1052246,7.94000005722,-300.654968262,False
12.100000000000001,0.214,-0.154,0.289,-0.0980665,-0.22555295,11.1991943,-39.5900001526,-31.0424518585,0.359999984503,-3.5186548233,-57.8078994751,10.1317710876,-15.8644523621,1.39712226391,97371.9482422,8.09000015259,-323.183044434,False
12.200000000000001,0.178,-0.18,0.326,0.0392266,0.1176798,11.71894675,-38.7599983215,-30.4272937775,0.680000007153,-2.70891952515,-62.3624343872,9.63170146942,-16.162322998,1.42005765438,97371.9482422,8.22999954224,-323.183044434,False
12.3,-0.015,-0.17,0.32,0.08825985,0.16671305,11.18938765,-37.7000007629,-30.4272937775,1.0,-2.70891952515,-62.3624343872,9.10815238953,-16.4519557953,1.44041538239,97372.8515625,8.38000011444,-307.96585083,False
12.4,-0.11,-0.175,0.294,0.1569064,-0.0980665,11.97391965,-39.219997406,-30.4272937775,1.33999991417,-2.70891952515,-62.3624343872,8.59213352203,-16.7225627899,1.42877864838,97377.355957,8.51999950409,-307.96585083,False
12.5,-0.101,-0.223,0.336,0.0588399,0.1176798,13.3762706,-38.1599998474,-30.4272937775,1.62999999523,-2.70891952515,-62.3624343872,8.12434768677,-16.9512023926,1.34560024738,97376.159668,8.67000007629,-297.42565918,False
12.600000000000001,-0.101,-0.223,0.336,0.0588399,0.1176798,13.3762706,-38.1599998474,-30.4272937775,1.62999999523,-2.70891952515,-62.3624343872,7.77222013474,-17.106218338,1.27424788475,97376.159668,8.67000007629,-297.42565918,False
12.700000000000001,-0.251,-0.235,0.337,0.14709975,0.32361945,13.28801075,-39.3499984741,-30.6457099915,2.15999984741,-2.93279457092,-73.6632537842,6.70744085312,-17.5102596283,1.14217376709,97381.5856934,8.94999980927,-302.326019287,False
12.8,-0.221,-0.238,0.295,0.10787315,0.48052585,12.81729155,-37.9899978638,-30.6457099915,2.39999985695,-2.93279457092,-73.6632537842,5.85242986679,-17.7731628418,1.07048356533,97377.947998,9.06999969482,-302.326019287,False
12.9,-0.209,-0.257,0.261,0.28439285,0.55897905,13.5724036,-38.8899993896,-30.6457099915,2.63999986649,-2.93279457092,-73.6632537842,5.24492645264,-17.93542099,1.03312635422,97393.359375,9.1799993515,-304.737487793,False
13.0,-0.209,-0.257,0.261,0.28439285,0.55897905,13.5724036,-38.8899993896,-30.6457099915,2.64999985695,-2.93279457092,-73.6632537842,4.4618768692,-18.1179733276,0.975324392319,97393.359375,9.1799993515,-304.737487793,False
13.100000000000001,-0.064,-0.264,0.219,0.2157463,0.38245935,13.40569055,-39.1800003052,-34.5181694031,3.07999992371,-2.18715667725,-81.5590438843,3.9930100441,-18.2099189758,0.945728778839,97387.9577637,9.38999938965,-292.126098633,False
13.200000000000001,-0.005,-0.27,0.198,0.40207265,0.06864655,13.2585908,-37.6699981689,-34.5181694031,3.30999994278,-2.18715667725,-81.5590438843,2.90970373154,-18.3754558563,0.871575653553,97395.2697754,9.5,-291.126068115,False
13.3,-0.005,-0.27,0.198,0.40207265,0.06864655,13.2585908,-38.1599998474,-34.5181694031,3.50999999046,-2.18715667725,-81.5590438843,2.18505644798,-18.4523181915,0.868645608425,97395.2697754,9.5999994278,-289.642700195,False
13.4,0.192,-0.208,0.228,0.34323275,-0.04903325,11.50320045,-36.9099998474,-33.3144989014,3.78999996185,-0.741038680077,-87.4211196899,1.79601788521,-18.4824142456,0.892979681492,97387.8479004,9.69999980927,-289.642700195,False
13.5,0.06,-0.255,0.255,0.28439285,0.10787315,12.8467115,-35.3800010681,-33.3144989014,4.00999975204,-0.741038680077,-87.4211196899,0.955261409283,-18.5200691223,0.835338115692,97396.4172363,9.80999946594,-292.058959961,False
13.600000000000001,0.063,-0.277,0.316,0.4118793,0.02941995,13.64105015,-37.1899986267,-33.3144989014,4.19000005722,-0.741038680077,-87.4211196899,0.0974895730615,-18.4950771332,0.71144837141,97398.6022949,9.89999961853,-292.058959961,False
13.700000000000001,-0.184,-0.29,0.367,0.32361945,0.67665885,14.121576,-35.5099983215,-31.8012142181,4.31999969482,0.331737071276,-94.3468170166,-0.682402074337,-18.4268894196,0.562712848186,97393.0419922,9.97999954224,-291.598510742,False
13.8,-0.389,-0.287,0.29,0.392266,0.81395195,14.8276548,-33.4300003052,-31.8012142181,4.42999982834,0.331737071276,-94.3468170166,-1.52814340591,-18.3204784393,0.431410938501,97398.4436035,10.0500001907,-291.598510742,False
13.9,-0.034,-0.286,0.186,0.40207265,0.59820565,15.15127425,-32.1300010681,-31.8012142181,4.5,0.331737071276,-94.3468170166,-2.61540770531,-18.1215991974,0.243670642376,97400.7629395,10.0999994278,-303.074462891,False
14.0,-0.141,-0.249,0.177,0.4118793,0.0196133,12.44463885,-29.3400001526,-31.8012142181,4.48999977112,0.331737071276,-94.3468170166,-3.42221474648,-17.9360942841,0.164809331298,97400.7629395,10.1399993896,-303.074462891,False
14.100000000000001,-0.141,-0.249,0.177,0.4118793,0.0196133,12.44463885,-29.3400001526,-36.2920532227,4.5,2.04019880295,-102.928916931,-3.71408724785,-17.8528079987,0.183838352561,97398.7548828,10.1399993896,-303.074462891,False
14.200000000000001,0.276,-0.258,0.224,0.5099458,-0.0392266,12.11121275,-25.8499984741,-36.2920532227,4.71999979019,2.04019880295,-102.928916931,-4.76287126541,-17.528591156,0.265925198793,97399.029541,10.1999998093,-288.70010376,False
14.3,0.258,-0.281,0.243,0.588399,-0.0392266,12.4936721,-23.6499996185,-36.2920532227,4.80999994278,2.04019880295,-102.928916931,-5.29863834381,-17.3384628296,0.235462471843,97393.0114746,10.2299995422,-287.186248779,False
14.4,0.178,-0.245,0.285,0.44129925,1.5852780943399999e-15,12.944778,-21.1000003815,-36.2920532227,4.85999965668,2.04019880295,-102.928916931,-5.95511293411,-17.0619506836,0.17029966414,97400.0732422,10.2600002289,-286.186218262,False
14.5,0.178,-0.245,0.285,0.44129925,1.5852780943399999e-15,12.944778,-18.5399990082,-32.0932846069,4.88999986649,3.68089318275,-111.388656616,-6.28877210617,-16.9133071899,0.176816612482,97400.0732422,10.279999733,-285.296264648,False
14.600000000000001,0.311,-0.185,0.276,0.392266,-0.14709975,9.50264385,-16.6599998474,-32.0932846069,5.08999967575,3.68089318275,-111.388656616,-6.99423646927,-16.5281658173,0.394629657269,97400.9338379,10.3099994659,-285.296264648,False
14.700000000000001,0.3,-0.213,0.298,0.32361945,-0.02941995,12.3759923,-14.5699996948,-32.0932846069,5.23999977112,3.68089318275,-111.388656616,-7.46652650833,-16.2215995789,0.351957917213,97395.9350586,10.3499994278,-299.0390625,False
14.8,0.3,-0.213,0.298,0.32361945,-0.02941995,12.3759923,-14.5699996948,-32.0932846069,5.23999977112,3.68089318275,-111.388656616,-7.844227314,-15.9643630981,0.246410340071,97395.4772949,10.3499994278,-299.0390625,False
14.9,0.246,-0.192,0.299,0.4511059,0.16671305,12.54270535,-9.48999977112,-32.0932846069,5.25999975204,3.68089318275,-111.388656616,-8.2664270401,-15.6308641434,0.136103466153,97395.6298828,10.4200000763,-288.059997559,False
15.0,0.246,-0.192,0.299,0.4511059,0.16671305,12.54270535,-6.90999984741,-24.5159263611,5.19000005722,4.3110370636,-121.217498779,-8.5260848999,-15.418261528,0.0247777272016,97395.6298828,10.4399995804,-288.059997559,False
15.100000000000001,0.185,-0.189,0.224,0.50013915,0.3138128,12.42502555,-4.31999969482,-24.5159263611,5.08999967575,4.3110370636,-121.217498779,-9.08018112183,-14.9006595612,-0.192080527544,97398.3947754,10.4299993515,-276.408203125,False
15.200000000000001,0.185,-0.189,0.224,0.50013915,0.3138128,12.42502555,-1.69999992847,-24.5159263611,4.94000005722,4.3110370636,-121.217498779,-9.47347068787,-14.4868812561,-0.370792716742,97398.3947754,10.4099998474,-276.408203125,False
15.3,0.347,-0.132,0.176,0.26477955,0.2941995,12.77806495,-1.69999992847,-24.5159263611,4.92999982834,4.3110370636,-121.217498779,-9.58100414276,-14.3555927277,-0.446416556835,97395.4284668,10.4099998474,-276.408203125,False
15.4,0.418,-0.115,0.178,0.4511059,0.10787315,12.2779258,2.61999988556,-19.5396442413,4.48999977112,5.35003328323,-126.587501526,-9.91521549225,-13.893453598,-0.679058492184,97398.1384277,10.3099994659,-256.347839355,False
15.5,0.397,-0.062,0.161,0.16671305,0.2353596,10.62060195,4.40999984741,-19.5396442413,4.23000001907,5.35003328323,-126.587501526,-10.0777950287,-13.6140861511,-0.745594441891,97400.1403809,10.2299995422,-243.835266113,False
15.600000000000001,0.327,-0.079,0.183,0.16671305,0.392266,12.1994726,6.0,-19.5396442413,3.98000001907,5.35003328323,-126.587501526,-10.2194671631,-13.3343582153,-0.899206638336,97394.3908691,10.1499996185,-243.835266113,False
15.700000000000001,0.325,-0.023,0.137,0.0392266,0.4511059,10.40485565,7.50999975204,-11.7206678391,3.62999987602,5.95825767517,-130.950088501,-10.317111969,-13.0748806,-0.992518484592,97394.53125,10.0500001907,-226.073074341,False
15.8,0.325,-0.023,0.137,0.0392266,0.4511059,10.40485565,8.71000003815,-11.7206678391,3.39999985695,5.95825767517,-130.950088501,-10.3718585968,-12.8925991058,-0.978728652,97394.53125,9.93999958038,-226.073074341,False
15.9,0.355,-0.037,0.031,0.0980665,0.6276256,10.983448,9.71999931335,-11.7206678391,3.19999980927,5.95825767517,-130.950088501,-10.4203395844,-12.650229454,-0.922676205635,97394.152832,9.84000015259,-199.711029053,False
16.0,0.355,-0.037,0.031,0.0980665,0.6276256,10.983448,10.6700000763,-11.7206678391,2.95000004768,5.95825767517,-130.950088501,-10.4405231476,-12.4538879395,-0.991215884686,97394.152832,9.73999977112,-199.711029053,False
16.1,0.284,-0.006,0.014,0.0196133,0.67665885,10.56176205,10.6700000763,-4.10222053528,2.9399998188,5.93867206573,-132.941604614,-10.4353141785,-12.3510303497,-1.00475072861,97391.4978027,9.73999977112,-199.711029053,False
16.2,0.263,0.011,-0.041,0.06864655,0.3530394,9.0613446,11.9799995422,-4.10222053528,2.50999999046,5.93867206573,-132.941604614,-10.3887834549,-12.1744728088,-0.914106309414,97385.5895996,9.55000019073,-172.492599487,False
16.3,0.333,0.016,-0.049,0.0196133,0.22555295,9.7674234,11.9799995422,-4.10222053528,2.50999999046,5.93867206573,-132.941604614,-10.3470048904,-12.1156406403,-0.923491597176,97385.5895996,9.55000019073,-172.492599487,False
16.400000000000002,0.363,-0.005,-0.039,0.20593965,0.196133,11.1991943,12.3800001144,-4.10222053528,1.97999989986,5.93867206573,-132.941604614,-10.1956253052,-12.0293512344,-1.08289122581,97377.5756836,9.35999965668,-155.320159912,False
16.5,0.075,0.016,0.071,0.2157463,0.08825985,10.26756255,12.1700000763,3.35669803619,1.66999995708,5.68460035324,-132.324279785,-10.0584592819,-12.0099830627,-1.12374830246,97382.2998047,9.25,-133.632843018,False
16.6,0.075,0.016,0.071,0.2157463,0.08825985,10.26756255,11.9399995804,3.35669803619,1.39999997616,5.68460035324,-132.324279785,-9.96067333221,-12.0064258575,-1.06763768196,97382.2998047,9.13000011444,-133.632843018,False
16.7,0.027,0.065,0.1,0.16671305,0.1176798,8.0610663,11.7299995422,3.35669803619,1.24000000954,5.68460035324,-132.324279785,-9.80769729614,-12.0145130157,-0.801381349564,97376.1047363,9.01000022888,-113.965606689,False
16.8,0.078,0.044,0.106,0.1765197,0.3138128,9.54187045,11.5,5.51226234436,1.11000001431,4.74425268173,-134.292388916,-9.71170520782,-12.025226593,-0.727874338627,97371.3256836,8.92000007629,-113.965606689,False
16.900000000000002,0.101,0.062,0.094,0.20593965,0.36284605,8.85540495,11.2299995422,5.51226234436,0.939999997616,4.74425268173,-134.292388916,-9.60474777222,-12.0312147141,-0.648417234421,97374.0539551,8.82999992371,-97.1904754639,False
17.0,0.101,0.062,0.094,0.20593965,0.36284605,8.85540495,11.0399999619,5.51226234436,0.849999964237,4.74425268173,-134.292388916,-9.51958942413,-12.0335168839,-0.489489495754,97374.0539551,8.76000022888,-97.1904754639,False
17.1,0.065,0.097,-0.008,0.0588399,0.67665885,8.14932615,10.9499998093,5.51226234436,0.849999964237,4.74425268173,-134.292388916,-9.44521141052,-12.0352563858,-0.273173213005,97373.9929199,8.69999980927,-83.4421157837,False
17.2,0.034,0.089,-0.059,0.0,0.85317855,9.38496405,10.8599996567,5.51226234436,0.879999995232,4.74425268173,-134.292388916,-9.38342666626,-12.0275745392,-0.109106555581,97369.0673828,8.67000007629,-83.4421157837,False
17.3,-0.072,0.079,-0.114,0.0196133,0.9022118,8.85540495,10.779999733,7.72286081314,0.889999985695,2.43647193909,-135.7265625,-9.31270694733,-12.0310201645,-0.0263570807874,97370.8007812,8.64999961853,-74.3467330933,False
17.400000000000002,-0.145,0.067,-0.145,-0.0588399,0.53936575,7.81590005,10.7399997711,7.72286081314,0.949999988079,2.43647193909,-135.7265625,-9.25483036041,-12.0315761566,0.145239070058,97369.5861816,8.63999938965,-74.3467330933,False
17.5,0.028,0.069,-0.186,-0.0196133,0.4314926,7.16866115,10.6899995804,7.72286081314,1.13999998569,2.43647193909,-135.7265625,-9.21786785126,-12.0353078842,0.352014660835,97368.9331055,8.65999984741,-61.5940093994,False
17.6,0.11,0.028,-0.171,-0.0196133,0.20593965,7.58054045,10.5599994659,7.23264026642,1.40999996662,0.82096940279,-133.576843262,-9.15557670593,-12.0630474091,0.628799855709,97369.0307617,8.69999980927,-61.5940093994,False
17.7,0.11,0.028,-0.171,-0.0196133,0.20593965,7.58054045,10.3499994278,7.23264026642,1.7199999094,0.82096940279,-133.576843262,-9.06384658813,-12.1288776398,0.87711006403,97369.0307617,8.76999950409,-62.8229141235,False
17.8,0.116,-0.02,-0.067,0.1569064,-0.04903325,9.73800345,9.89999961853,7.23264026642,2.0,0.82096940279,-133.576843262,-8.95635700226,-12.2174272537,0.976908624172,97372.9797363,8.8499994278,-62.8229141235,False
17.900000000000002,0.137,-0.065,0.011,0.20593965,0.2353596,11.42474725,9.25,7.23264026642,2.20000004768,0.82096940279,-133.576843262,-8.82375144958,-12.3313560486,0.881106495857,97375.0,8.93999958038,-54.6123504639,False
18.0,0.088,-0.06,0.039,0.2745862,0.51975245,10.8461549,8.57999992371,7.23264026642,2.32999992371,0.82096940279,-133.576843262,-8.73135662079,-12.4083156586,0.820679068565,97375.0,9.02999973297,-54.6123504639,False
18.1,0.026,-0.046,0.043,0.26477955,0.57859235,10.8657682,8.57999992371,10.4914989471,2.33999991417,0.824362516403,-131.626724243,-8.63610935211,-12.4910879135,0.763956308365,97374.5239258,9.10999965668,-55.2192687988,False
18.2,0.026,-0.046,0.043,0.26477955,0.57859235,10.8657682,7.88999986649,10.4914989471,2.46000003815,0.824362516403,-131.626724243,-8.54329872131,-12.5614080429,0.712265312672,97374.5239258,9.10999965668,-55.2192687988,False
18.3,-0.152,-0.037,-0.031,0.2941995,0.85317855,10.07142955,6.71999979019,10.4914989471,2.73000001907,0.824362516403,-131.626724243,-8.38597774506,-12.6710624695,0.715205073357,97379.5227051,9.22999954224,-55.2097320557,False
18.400000000000002,-0.206,-0.021,-0.059,0.2745862,0.89240515,9.9439431,6.21000003815,10.4914989471,2.84999990463,0.824362516403,-131.626724243,-8.32368278503,-12.7156085968,0.716019153595,97375.0427246,9.28999996185,-55.2097320557,False
18.5,-0.234,-1.33486501107e-17,-0.109,0.28439285,0.73549875,9.28689755,5.80999994278,9.5898809433,2.99000000954,1.63762843609,-131.625762939,-8.25440502167,-12.7611408234,0.735020160675,97380.2246094,9.34000015259,-55.3672790527,False
18.6,-0.234,-1.33486501107e-17,-0.109,0.28439285,0.73549875,9.28689755,5.38999986649,9.5898809433,3.17999982834,1.63762843609,-131.625762939,-8.21309566498,-12.7902326584,0.773028433323,97380.2246094,9.40999984741,-55.3672790527,False
18.7,-0.063,-0.026,-0.12,0.3726527,0.36284605,10.2577559,4.94000005722,9.5898809433,3.31999993324,1.63762843609,-131.625762939,-8.08303165436,-12.8990240097,0.712073922157,97380.5358887,9.46999931335,-53.9901733398,False
18.8,-0.053,-0.023,-0.073,0.4118793,0.6864655,11.11093445,4.44999980927,9.5898809433,3.40999984741,1.63762843609,-131.625762939,-8.0356502533,-12.9318981171,0.62266087532,97380.4138184,9.52999973297,-53.9901733398,False
18.900000000000002,-0.184,-0.025,-0.061,0.44129925,0.81395195,11.1991943,3.98000001907,8.57929420471,3.4399998188,1.67873322964,-129.643234253,-7.9569234848,-12.9921140671,0.488125830889,97381.4880371,9.57999992371,-55.2740097046,False
19.0,-0.184,-0.025,-0.061,0.44129925,0.81395195,11.1991943,3.65999984741,8.57929420471,3.48000001907,1.67873322964,-129.643234253,-7.90999984741,-13.0167884827,0.434883594513,97381.4880371,9.63000011444,-55.2740097046,False
19.1,-0.157,0.013,-0.101,0.2745862,0.77472535,9.7478101,3.65999984741,8.57929420471,3.48000001907,1.67873322964,-129.643234253,-7.89941215515,-13.0205135345,0.434455364943,97386.6760254,9.63000011444,-55.2740097046,False
19.200000000000003,-0.081,-1.54305496693e-17,-0.126,0.32361945,0.44129925,10.1204628,3.1899998188,8.57929420471,3.64999985695,1.67873322964,-129.643234253,-7.84897661209,-13.0481004715,0.433517336845,97385.2233887,9.68999958038,-53.3695220947,False
19.3,-0.167,-0.02,-0.091,0.38245935,0.26477955,10.30678915,2.88999986649,6.05133104324,3.76999998093,1.47234106064,-127.627601624,-7.79658985138,-13.0882787704,0.455003291368,97379.7851562,9.72999954224,-6.62059783936,False
19.400000000000002,-0.204,-0.018,-0.039,0.3138128,0.22555295,9.7674234,2.55999994278,6.05133104324,3.86999988556,1.47234106064,-127.627601624,-7.76182126999,-13.1108846664,0.450530439615,97384.5581055,9.76999950409,-6.62059783936,False
19.5,-0.251,-0.031,0.003,0.40207265,0.02941995,9.9439431,2.32999992371,6.05133104324,3.98000001907,1.47234106064,-127.627601624,-7.7258939743,-13.1393976212,0.47865203023,97384.576416,9.80999946594,-3.50952148438,False
19.6,-0.119,-0.038,0.057,0.51975245,0.18632635,10.1008495,2.14999985695,6.05133104324,4.08999967575,1.47234106064,-127.627601624,-7.7177324295,-13.1486339569,0.479056954384,97384.576416,9.8499994278,-3.50952148438,False
19.700000000000003,-0.119,-0.038,0.057,0.51975245,0.18632635,10.1008495,2.13999986649,2.14654922485,4.19000005722,1.91385400295,-127.053062439,-7.72863054276,-13.1445922852,0.460855215788,97382.0068359,9.88999938965,0.234889984131,False
19.8,-0.226,-0.027,0.074,0.51975245,0.3138128,10.38524235,2.21000003815,2.14654922485,4.25999975204,1.91385400295,-127.053062439,-7.73759126663,-13.1327762604,0.42956790328,97383.2641602,9.92000007629,0.234889984131,False
19.900000000000002,-0.086,-0.026,0.098,0.50013915,0.3530394,10.3558224,2.38999986649,2.14654922485,4.32999992371,1.91385400295,-127.053062439,-7.78335952759,-13.0901880264,0.40372517705,97390.9729004,9.94999980927,3.15475463867,False
20.0,-0.031,-0.027,0.08,0.48052585,0.42168595,9.9635564,2.59999990463,0.412333339453,4.42999982834,2.25703525543,-128.50642395,-7.82508039474,-13.0485534668,0.413545787334,97385.6384277,9.98999977112,3.15475463867,False
20.1,0.025,-0.041,0.061,0.5687857,0.6864655,11.2972608,2.9399998188,0.412333339453,4.50999975204,2.25703525543,-128.50642395,-7.87356758118,-13.0006303787,0.352733850479,97389.654541,10.0199995041,1.81522369385,False
20.200000000000003,0.035,-0.049,0.035,0.5099458,0.5099458,12.3759923,3.28999996185,0.412333339453,4.50999975204,2.25703525543,-128.50642395,-7.92284202576,-12.9396820068,0.187894925475,97389.654541,10.0500001907,1.81522369385,False
20.3,0.035,-0.049,0.035,0.5099458,0.5099458,12.3759923,3.63999986649,0.694949567318,4.42000007629,2.76377534866,-129.764175415,-7.94956254959,-12.8729314804,0.0288442187011,97393.7255859,10.0599994659,8.2202911377,False
20.400000000000002,-0.033,-0.08,0.038,0.63743225,0.28439285,12.4348322,3.84999990463,0.694949567318,4.38999986649,2.76377534866,-129.764175415,-7.96060085297,-12.8417406082,-0.0681474730372,97387.4572754,10.0599994659,8.2202911377,False
20.5,0.088,-0.045,0.07,0.6080123,0.1765197,11.7483667,4.07999992371,0.694949567318,4.23000001907,2.76377534866,-129.764175415,-7.96679353714,-12.7939338684,-0.286460697651,97390.9118652,10.0399999619,7.457447052,False
20.6,0.088,-0.045,0.07,0.6080123,0.1765197,11.7483667,4.07999992371,0.694949567318,4.23000001907,2.76377534866,-129.764175415,-7.96686983109,-12.7654037476,-0.376329302788,97390.9118652,10.0399999619,7.457447052,False
20.700000000000003,-0.064,-0.032,0.063,0.51975245,0.71588545,10.83634825,4.51999998093,1.9193533659,3.88999986649,3.77843809128,-131.190246582,-7.99276351929,-12.6671133041,-0.511559963226,97388.4033203,9.96000003815,11.31772995,False
20.8,-0.154,-0.019,0.033,0.48052585,0.59820565,10.787315,4.81999969482,1.9193533659,3.70999979973,3.77843809128,-131.190246582,-8.01121520996,-12.6070699692,-0.577766418457,97388.7695312,9.89999961853,11.31772995,False
20.900000000000002,-0.154,-0.019,0.033,0.48052585,0.59820565,10.787315,4.81999969482,1.9193533659,3.70999979973,3.77843809128,-131.190246582,-8.02418231964,-12.5595169067,-0.619417130947,97388.7695312,9.89999961853,11.31772995,False
21.0,0.058,0.02,-0.021,0.40207265,0.50013915,9.414384,5.55999994278,1.9193533659,3.33999991417,3.77843809128,-131.190246582,-8.05513572693,-12.4499330521,-0.634784817696,97389.3188477,9.76000022888,18.8286781311,False
21.1,0.058,0.02,-0.021,0.40207265,0.50013915,9.414384,5.94000005722,1.9193533659,3.23000001907,3.77843809128,-131.190246582,-8.06565952301,-12.4091243744,-0.598542273045,97389.3188477,9.69999980927,29.4023513794,False
21.200000000000003,0.194,0.009,-0.031,0.38245935,0.2353596,9.8458766,6.17999982834,1.56207787991,3.14999985695,3.77242660522,-131.674804688,-8.07019329071,-12.3418045044,-0.515501379967,97385.7177734,9.63999938965,29.4023513794,False
21.3,0.196,0.022,0.014,0.392266,0.1569064,9.48303055,6.2999997139,1.56207787991,3.06999993324,3.77242660522,-131.674804688,-8.03736114502,-12.3146190643,-0.473688006401,97385.7177734,9.59000015259,38.1359100342,False
21.400000000000002,0.196,0.022,0.014,0.392266,0.1569064,9.48303055,6.2999997139,1.56207787991,3.0,3.77242660522,-131.674804688,-8.0254573822,-12.3085136414,-0.450014084578,97386.4196777,9.55000019073,38.1359100342,False
21.5,0.114,0.011,0.061,0.3726527,0.4314926,8.95347145,6.35999965668,1.56207787991,3.0,3.77242660522,-131.674804688,-8.00222015381,-12.2715053558,-0.322653830051,97385.2172852,9.51000022888,48.2526779175,False
21.6,-0.013,-1.4695761589800001e-18,-0.012,0.4314926,0.83356525,10.42446895,6.48999977112,4.87044000626,3.0,3.30934238434,-132.09375,-7.99707508087,-12.2384262085,-0.233678877354,97385.5285645,9.48999977112,48.2526779175,False
21.700000000000003,-0.029,0.021,-0.048,0.36284605,0.71588545,10.7284751,6.60999965668,4.87044000626,2.95000004768,3.30934238434,-132.09375,-7.97933912277,-12.2074508667,-0.290585279465,97384.3811035,9.46999931335,56.7818641663,False
21.8,-0.065,-1.2858791391e-17,-0.105,0.3726527,0.55897905,10.7480884,6.71999979019,4.87044000626,2.8599998951,3.30934238434,-132.09375,-7.96672916412,-12.1813058853,-0.318610936403,97384.2712402,9.43999958038,56.7818641663,False
21.900000000000002,-0.048,0.021,-0.095,0.3334261,0.5687857,10.0420096,6.76999998093,4.87044000626,2.75,3.30934238434,-132.09375,-7.94329309464,-12.1569814682,-0.356273710728,97381.7810059,9.40999984741,63.6183738708,False
22.0,-0.034,0.015,-0.094,0.32361945,0.63743225,10.1596894,6.94999980927,4.35038900375,2.66999983788,2.67564797401,-130.899200439,-7.92495203018,-12.1247425079,-0.366093873978,97380.9692383,9.38000011444,63.6183738708,False
22.1,-0.035,0.024,-0.111,0.2549729,0.38245935,9.48303055,7.03999996185,4.35038900375,2.58999991417,2.67564797401,-130.899200439,-7.91032981873,-12.1042356491,-0.348061233759,97381.652832,9.3499994278,162.679107666,False
22.200000000000003,0.027,0.019,-0.096,0.28439285,0.38245935,9.24767095,7.03999996185,4.35038900375,2.57999992371,2.67564797401,-130.899200439,-7.88731002808,-12.0913057327,-0.258481532335,97380.3161621,9.30999946594,162.679107666,False
22.3,0.047,0.018,-0.065,0.30400615,0.5491724,9.5516771,7.03999996185,4.35038900375,2.57999992371,2.67564797401,-130.899200439,-7.86889457703,-12.0799856186,-0.197656273842,97383.0688477,9.28999996185,170.753768921,False
22.400000000000002,0.08,0.033,-0.06,0.2941995,0.63743225,9.218251,7.10999965668,5.25339794159,2.56999993324,2.67564797401,-130.899200439,-7.8543009758,-12.0687112808,-0.135476365685,97380.5053711,9.26999950409,170.753768921,False
22.5,0.08,0.033,-0.06,0.2941995,0.63743225,9.218251,7.17999982834,5.25339794159,2.6099998951,1.77849853039,-128.689743042,-7.84172821045,-12.0627088547,0.00809738226235,97380.5053711,9.26000022888,176.404098511,False
22.6,0.029,0.021,-0.092,0.36284605,0.57859235,8.83579165,7.17999982834,5.25339794159,2.6099998951,1.77849853039,-128.689743042,-7.83010387421,-12.064455986,0.0583900026977,97375.5981445,9.26000022888,176.404098511,False
22.700000000000003,0.06,0.006,-0.097,0.30400615,0.26477955,8.6886919,7.17000007629,5.25339794159,2.69000005722,1.77849853039,-128.689743042,-7.7849407196,-12.0919618607,0.232326641679,97383.0627441,9.26000022888,176.404098511,False
22.8,0.052,-0.001,-0.054,0.34323275,0.4903325,8.1395195,6.83999967575,5.25339794159,2.98000001907,1.77849853039,-128.689743042,-7.74549436569,-12.1225070953,0.423654288054,97379.4494629,9.30000019073,176.895050049,False
22.900000000000002,0.025,-7.4703454748e-18,-0.061,0.36284605,0.4511059,8.30623255,6.71000003815,7.06691598892,3.21000003815,1.18110251427,-126.813568115,-7.71246814728,-12.1577377319,0.640384495258,97381.1462402,9.34000015259,175.658035278,False
23.0,-0.076,-0.041,-0.065,0.4707192,0.48052585,10.30678915,6.5,7.06691598892,3.46000003815,1.18110251427,-126.813568115,-7.68597555161,-12.18704319,0.724177479744,97374.005127,9.39999961853,175.658035278,False
23.1,-0.065,-0.045,-0.048,0.61781895,0.38245935,11.44436055,6.27999973297,7.06691598892,3.59999990463,1.18110251427,-126.813568115,-7.62793016434,-12.242975235,0.562621295452,97374.005127,9.46999931335,177.007675171,False
23.200000000000003,-0.032,-0.071,-0.041,0.69627215,0.38245935,13.32723735,5.92999982834,6.76188373566,3.59999990463,1.41522955894,-125.853813171,-7.57845497131,-12.2858314514,0.34654006362,97379.8095703,9.52999973297,177.007675171,False
23.3,-0.032,-0.071,-0.041,0.69627215,0.38245935,13.32723735,5.44000005722,6.76188373566,3.40999984741,1.41522955894,-125.853813171,-7.49451875687,-12.3576412201,-0.0783218666911,97378.8879395,9.55000019073,179.467102051,False
23.400000000000002,0.179,-0.057,0.012,0.784532,0.1176798,12.944778,4.75999975204,6.76188373566,3.05999994278,1.41522955894,-125.853813171,-7.37243747711,-12.4422340393,-0.461028754711,97386.5661621,9.53999996185,179.467102051,False
23.5,0.213,-0.067,0.088,0.63743225,0.42168595,12.05237285,3.88999986649,6.76188373566,2.71000003815,1.41522955894,-125.853813171,-7.24530649185,-12.5178174973,-0.719851076603,97381.3110352,9.46999931335,179.806427002,False
23.6,-0.075,-0.038,0.084,0.59820565,0.75511205,11.6110736,3.15999984741,9.78665065765,2.40999984741,3.09361457825,-125.848091125,-7.13484239578,-12.5667543411,-0.835685074329,97375.0549316,9.38000011444,179.806427002,False
23.700000000000003,-0.384,-0.044,0.069,0.6864655,0.7453054,12.07198615,2.49000000954,9.78665065765,2.06999993324,3.09361457825,-125.848091125,-7.03190612793,-12.6048021317,-1.0147074461,97375.9765625,9.27999973297,173.558044434,False
23.8,-0.43,-0.017,0.051,0.57859235,0.40207265,12.15043935,1.86000001431,9.78665065765,1.61000001431,3.09361457825,-125.848091125,-6.94141149521,-12.6261405945,-1.26346683502,97383.7768555,9.14999961853,173.558044434,False
23.900000000000002,-0.419,0.066,0.054,0.3530394,0.4707192,7.50208725,1.42999994755,9.78665065765,1.14999997616,3.09361457825,-125.848091125,-6.89693117142,-12.6197271347,-1.23550844193,97371.1486816,9.01000022888,184.437469482,False
24.0,-0.419,0.066,0.054,0.3530394,0.4707192,7.50208725,1.36000001431,2.37771821022,0.969999969006,3.33593940735,-127.55255127,-6.90902090073,-12.585606575,-0.992077708244,97371.1486816,8.86999988556,183.93182373,False
24.1,-0.116,0.064,-0.008,0.40207265,0.48052585,8.11009955,1.4699999094,2.37771821022,0.839999973774,3.33593940735,-127.55255127,-6.9476442337,-12.5322599411,-0.757445156574,97369.1772461,8.75,183.93182373,False
24.200000000000003,-0.116,0.064,-0.008,0.40207265,0.48052585,8.11009955,1.66999995708,2.37771821022,0.719999969006,3.33593940735,-127.55255127,-6.96582365036,-12.5146760941,-0.68959915638,97369.1772461,8.64999961853,183.93182373,False
24.3,-0.063,0.099,-0.001,0.44129925,0.5491724,8.4533323,1.67999994755,2.37771821022,0.719999969006,3.33593940735,-127.55255127,-7.02627038956,-12.46737957,-0.513456106186,97372.8393555,8.64999961853,183.93182373,False
24.400000000000002,-0.081,0.086,-0.025,0.4314926,-0.2745862,7.32556755,2.0,-0.717605769634,0.659999966621,1.81927514076,-127.602027893,-7.04814434052,-12.4674625397,-0.277134299278,97366.7297363,8.57999992371,187.758926392,False
24.5,0.34,0.024,0.038,0.6276256,-0.196133,10.14988275,2.00999999046,-0.717605769634,0.589999973774,1.81927514076,-127.602027893,-7.05993652344,-12.4771823883,-0.309877365828,97366.015625,8.51000022888,238.034057617,False
24.6,0.281,0.051,0.178,0.4511059,0.1569064,9.0809579,1.90999996662,-0.717605769634,0.479999989271,1.81927514076,-127.602027893,-7.06000185013,-12.5017595291,-0.253745347261,97369.6533203,8.47000026703,238.034057617,False
24.700000000000003,0.26,0.041,0.182,0.4314926,0.4118793,8.67888525,1.70999991894,5.15127277374,0.479999989271,0.671266615391,-129.854385376,-7.05184030533,-12.5254430771,-0.126304134727,97367.3706055,8.43999958038,233.029266357,False
24.8,-0.009,0.035,0.16,0.38245935,0.65704555,7.7080269,1.53999996185,5.15127277374,0.519999980927,0.671266615391,-129.854385376,-7.04917955399,-12.555065155,0.0491403974593,97368.1091309,8.42000007629,233.029266357,False
24.900000000000002,-0.065,0.014,0.122,0.4903325,1.0591182,8.2964259,1.49000000954,5.15127277374,0.639999985695,0.671266615391,-129.854385376,-7.07286167145,-12.568652153,0.240493059158,97368.2861328,8.42000007629,230.149261475,False
25.0,-0.297,0.057,0.01,0.44129925,1.2944778,8.7475318,1.62000000477,5.15127277374,0.769999980927,0.671266615391,-129.854385376,-7.13552331924,-12.5473518372,0.401623874903,97366.3391113,8.43999958038,230.149261475,False
25.1,-0.297,0.057,0.01,0.44129925,1.2944778,8.7475318,1.94999992847,4.18711185455,0.939999997616,-0.16088360548,-132.378356934,-7.19280004501,-12.5275068283,0.548277556896,97366.3391113,8.47000026703,229.723648071,False
25.200000000000003,-0.172,0.06,-0.131,0.36284605,0.6080123,8.5513988,2.16999983788,4.18711185455,1.17999994755,-0.16088360548,-132.378356934,-7.26480674744,-12.5147857666,0.753539979458,97370.3186035,8.51999950409,229.723648071,False
25.3,-0.172,0.06,-0.131,0.36284605,0.6080123,8.5513988,2.51999998093,4.18711185455,1.40999996662,-0.16088360548,-132.378356934,-7.35435724258,-12.5016889572,0.864027023315,97370.3186035,8.59000015259,220.55569458,False
25.400000000000002,-0.043,-1.9104490066700002e-17,-0.156,0.3726527,0.32361945,9.34573745,2.81999993324,4.18711185455,1.62999999523,-0.16088360548,-132.378356934,-7.41075468063,-12.5017251968,0.925120830536,97369.8669434,8.67000007629,220.55569458,False
25.5,0.069,-0.022,-0.123,0.4118793,0.1569064,9.58109705,3.04999995232,1.0950088501,1.87999999523,-1.22136425972,-129.519378662,-7.45879173279,-12.5151891708,0.996654331684,97368.8659668,8.76000022888,219.797698975,False
25.6,0.069,-0.022,-0.123,0.4118793,0.1569064,9.58109705,3.08999991417,1.0950088501,2.13999986649,-1.22136425972,-129.519378662,-7.49287891388,-12.5407581329,1.07273161411,97368.8659668,8.85999965668,219.797698975,False
25.700000000000003,-0.035,-0.068,-0.003,0.5099458,0.20593965,10.40485565,3.19999980927,1.0950088501,2.38999986649,-1.22136425972,-129.519378662,-7.52099561691,-12.5613994598,1.08452951908,97378.1860352,8.94999980927,208.763305664,False
25.8,-0.056,-0.064,0.022,0.5099458,0.18632635,9.87529655,3.22000002861,1.0950088501,2.59999990463,-1.22136425972,-129.519378662,-7.54979133606,-12.5891580582,1.07196235657,97374.9328613,9.05000019073,208.763305664,False
25.900000000000002,0.049,-0.143,0.055,0.8041453,0.2549729,12.95458465,3.25,2.17638683319,2.80999994278,-0.197974741459,-128.539413452,-7.57569074631,-12.6190776825,1.01716256142,97374.9328613,9.13999938965,208.699981689,False
26.0,0.005,-0.121,0.115,1.01008495,0.3138128,13.89602305,3.27999997139,2.17638683319,2.81999993324,-0.197974741459,-128.539413452,-7.6054019928,-12.6671953201,0.656199753284,97379.0588379,9.22999954224,208.699981689,False
26.1,-0.051,-0.106,0.152,0.8237586,0.6276256,13.4743371,3.27999997139,2.17638683319,2.81999993324,-0.197974741459,-128.539413452,-7.62404346466,-12.6965827942,0.334559708834,97379.0588379,9.27999973297,199.588775635,False
26.200000000000003,-0.051,-0.106,0.152,0.8237586,0.6276256,13.4743371,3.33999991417,2.17638683319,2.47000002861,-0.197974741459,-128.539413452,-7.65985441208,-12.6890993118,0.0136705171317,97378.1677246,9.28999996185,199.588775635,False
26.3,-0.092,-0.052,0.118,0.73549875,0.588399,11.93469305,3.55999994278,1.91168868542,2.24000000954,2.21816706657,-131.290740967,-7.6978187561,-12.6596956253,-0.236423745751,97380.9448242,9.26000022888,189.05859375,False
26.400000000000002,0.008,-0.049,0.08,0.4707192,0.16671305,11.1403544,3.64999985695,1.91168868542,2.01999998093,2.21816706657,-131.290740967,-7.70575761795,-12.6423768997,-0.411816596985,97378.1311035,9.22000026703,189.05859375,False
26.5,-0.018,-0.05,0.133,0.4511059,0.65704555,11.4933938,3.72000002861,1.91168868542,1.78999996185,2.21816706657,-131.290740967,-7.70263528824,-12.622833252,-0.497132688761,97379.2419434,9.14999961853,178.524871826,False
26.6,-0.015,-0.013,0.059,0.34323275,0.79433865,9.95374975,3.90999984741,1.91168868542,1.50999999046,2.21816706657,-131.290740967,-7.72183942795,-12.5597858429,-0.61410176754,97379.2419434,9.07999992371,191.380020142,False
26.700000000000003,-0.038,0.005,0.007,0.2549729,0.5687857,9.16921775,4.25999975204,1.91168868542,1.31999993324,2.21816706657,-131.290740967,-7.74933004379,-12.4914016724,-0.587933242321,97381.7687988,9.0,191.380020142,False
26.8,-0.038,0.005,0.007,0.2549729,0.5687857,9.16921775,4.25999975204,1.91168868542,1.31999993324,2.21816706657,-131.290740967,-7.76420545578,-12.4437847137,-0.508595347404,97381.7687988,9.0,191.380020142,False
26.900000000000002,-0.024,0.043,-0.03,0.2745862,0.69627215,8.50236555,4.86999988556,1.74964642525,1.15999996662,2.70565867424,-133.462600708,-7.79753255844,-12.3740291595,-0.368013381958,97374.4567871,8.86999988556,199.726196289,False
27.0,0.005,0.044,-0.061,0.32361945,0.99047165,8.4925589,4.86999988556,1.74964642525,1.15999996662,2.70565867424,-133.462600708,-7.84482765198,-12.3050327301,-0.222565516829,97377.4719238,8.86999988556,199.726196289,False
27.1,-0.102,0.071,-0.175,0.32361945,0.93163175,9.8654899,5.88999986649,0.8782158494,1.12999999523,1.72731029987,-132.169677734,-7.93668317795,-12.1796312332,-0.170157089829,97375.1953125,8.80000019073,206.003189087,False
27.200000000000003,0.064,0.064,-0.212,0.22555295,0.59820565,8.7671451,6.44000005722,0.8782158494,1.07999992371,1.72731029987,-132.169677734,-8.00049114227,-12.1038732529,-0.0761763826013,97375.1953125,8.78999996185,206.003189087,False
27.3,0.064,0.064,-0.212,0.22555295,0.59820565,8.7671451,6.44000005722,0.8782158494,1.07999992371,1.72731029987,-132.169677734,-8.01612854004,-12.0846986771,-0.0337649583817,97375.7507324,8.78999996185,206.003189087,False
27.400000000000002,0.297,0.036,-0.189,0.32361945,0.0588399,9.62032365,6.85999965668,0.8782158494,1.12999999523,1.72731029987,-132.169677734,-8.02363109589,-12.0701541901,0.0390981063247,97375.0610352,8.78999996185,208.050537109,False
27.5,0.283,0.01,-0.157,0.3138128,-0.02941995,10.05181625,7.02999973297,3.04295706749,1.17999994755,0.621615827084,-128.785049438,-8.01147842407,-12.0772008896,0.0455731190741,97375.0610352,8.78999996185,208.050537109,False
27.6,0.233,-0.002,-0.043,0.3726527,-0.00980665,10.16949605,6.92000007629,3.04295706749,1.18999993801,0.621615827084,-128.785049438,-7.9390501976,-12.1423959732,0.0381289087236,97377.1240234,8.78999996185,213.790985107,False
27.700000000000003,0.075,-0.04,0.063,0.40207265,0.40207265,10.01258965,6.33999967575,6.00294399261,1.15999996662,0.49888202548,-127.910575867,-7.86156892776,-12.2112264633,0.0215657483786,97375.390625,8.80000019073,217.118835449,False
27.8,-0.018,-0.055,0.072,0.392266,0.48052585,10.34601575,6.01999998093,6.00294399261,1.15999996662,0.49888202548,-127.910575867,-7.82198143005,-12.2457370758,0.01919554919,97379.309082,8.80999946594,212.432006836,False
27.900000000000002,-0.13,-0.052,0.052,0.4118793,0.7060788,10.9246081,5.75,6.93035316467,1.11000001431,1.11757874489,-128.73374939,-7.77133893967,-12.2866344452,-0.0637403279543,97373.6633301,8.80000019073,212.432006836,False
28.0,-0.168,-0.025,0.006,0.46091255,0.75511205,10.8657682,5.52999973297,6.93035316467,1.01999998093,1.11757874489,-128.73374939,-7.73618793488,-12.3109302521,-0.148968935013,97377.3986816,8.80000019073,212.432006836,False
28.1,-0.144,0.007,-0.025,0.44129925,0.69627215,10.2577559,5.40000009537,6.93035316467,0.919999957085,1.11757874489,-128.73374939,-7.72183609009,-12.313747406,-0.194557666779,97377.7893066,8.77999973297,213.232894897,False
28.200000000000003,-0.147,0.019,-0.057,0.4118793,0.7256921,10.0812362,5.34999990463,6.93035316467,0.839999973774,1.11757874489,-128.73374939,-7.71414422989,-12.3109779358,-0.209349602461,97373.2543945,8.76000022888,213.232894897,False
28.3,-0.14,0.015,-0.062,0.4118793,0.5295591,10.2773692,5.36999988556,3.73395037651,0.759999990463,1.37670969963,-128.651672363,-7.70919466019,-12.3088331223,-0.228188604116,97378.8574219,8.73999977112,213.094146729,False
28.400000000000002,-0.016,0.022,-0.077,0.40207265,0.3530394,10.18910935,5.40999984741,3.73395037651,0.669999957085,1.37670969963,-128.651672363,-7.71848249435,-12.3010616302,-0.239210903645,97370.7092285,8.71000003815,213.094146729,False
28.5,-0.016,0.022,-0.077,0.40207265,0.3530394,10.18910935,5.40999984741,3.73395037651,0.589999973774,1.37670969963,-128.651672363,-7.70865345001,-12.3106145859,-0.25206515193,97370.7092285,8.6799993515,216.812423706,False
28.6,0.068,0.009,-0.056,0.4903325,0.26477955,10.3754357,5.40999984741,3.73395037651,0.589999973774,1.37670969963,-128.651672363,-7.70031785965,-12.317990303,-0.262470722198,97372.5341797,8.6799993515,216.812423706,False
28.700000000000003,0.036,0.008,-0.001,0.40207265,0.28439285,10.0616229,5.21999979019,4.21177148819,0.399999976158,0.8886064291,-127.748390198,-7.66936635971,-12.3464517593,-0.270418256521,97374.7497559,8.61999988556,213.496871948,False
28.8,-0.002,2.81668763804e-18,0.023,0.4118793,0.36284605,10.1008495,5.08999967575,4.21177148819,0.299999982119,0.8886064291,-127.748390198,-7.65834188461,-12.3584051132,-0.305308431387,97374.1638184,8.59000015259,213.496871948,False
28.900000000000002,-0.124,-0.032,0.078,0.48052585,0.1372931,11.64049355,4.96000003815,4.21177148819,0.129999995232,0.8886064291,-127.748390198,-7.63794136047,-12.3797197342,-0.380372464657,97371.4538574,8.55000019073,210.607055664,False
29.0,-0.124,-0.032,0.078,0.48052585,0.1372931,11.64049355,4.77999973297,4.21177148819,-0.070000000298,0.8886064291,-127.748390198,-7.61320447922,-12.3964624405,-0.493702024221,97370.9838867,8.51000022888,210.607055664,False
29.1,-0.022,-0.014,0.134,0.2353596,0.30400615,9.8654899,4.63999986649,3.2051961422,-0.239999994636,1.1220189333,-129.149734497,-7.58672237396,-12.4018802643,-0.486256539822,97371.496582,8.44999980927,209.688095093,False
29.200000000000003,-0.022,-0.014,0.134,0.2353596,0.30400615,9.8654899,4.63999986649,3.2051961422,-0.239999994636,1.1220189333,-129.149734497,-7.58094358444,-12.3948383331,-0.453098654747,97374.8901367,8.44999980927,209.688095093,False
29.3,0.015,-0.003,0.104,0.2941995,0.57859235,9.30651085,4.71000003815,3.2051961422,-0.439999997616,1.1220189333,-129.149734497,-7.59465169907,-12.3631000519,-0.365995407104,97362.8051758,8.34000015259,209.875305176,False
29.400000000000002,-0.026,0.011,0.024,0.26477955,0.87279185,8.69849855,4.85999965668,3.2051961422,-0.479999989271,1.1220189333,-129.149734497,-7.61388587952,-12.3290615082,-0.21099460125,97368.5913086,8.30000019073,209.875305176,False
29.5,-0.026,0.011,0.024,0.26477955,0.87279185,8.69849855,5.08999967575,3.2051961422,-0.479999989271,1.1220189333,-129.149734497,-7.64139413834,-12.2938213348,-0.116024777293,97368.5913086,8.26999950409,214.853851318,False
29.6,-0.07,0.036,-0.094,0.196133,0.67665885,9.218251,5.35999965668,3.07119965553,-0.489999979734,0.974943041801,-131.18157959,-7.67929172516,-12.2427482605,-0.0390983000398,97370.2148438,8.26000022888,214.853851318,False
29.700000000000003,-0.07,0.036,-0.094,0.196133,0.67665885,9.218251,5.61999988556,3.07119965553,-0.479999989271,0.974943041801,-131.18157959,-7.70138645172,-12.2096748352,0.0534999929368,97370.2148438,8.25,219.427490234,False
29.8,0.101,0.023,-0.113,0.2353596,0.48052585,9.26728425,5.61999988556,3.07119965553,-0.479999989271,0.974943041801,-131.18157959,-7.70607185364,-12.2026205063,0.0812413543463,97367.755127,8.25,219.427490234,False
29.900000000000002,0.223,0.03,-0.072,0.22555295,0.59820565,8.60043205,5.80999994278,3.07119965553,-0.42999997735,0.974943041801,-131.18157959,-7.71432161331,-12.2001495361,0.162294641137,97368.0908203,8.26000022888,219.643875122,False
30.0,0.223,0.03,-0.072,0.22555295,0.59820565,8.60043205,5.80999994278,3.07119965553,-0.42999997735,0.974943041801,-131.18157959,-7.71101760864,-12.2053146362,0.201728254557,97368.0908203,8.26000022888,219.643875122,False
30.1,-0.051,-0.001,-0.072,0.3334261,0.6864655,10.44408225,5.80999994278,5.51997709274,-0.340000003576,0.00598676735535,-128.870758057,-7.70054721832,-12.2256259918,0.146049901843,97367.3400879,8.30000019073,220.320129395,False
30.200000000000003,-0.041,0.009,-0.09,0.28439285,0.61781895,10.5127288,5.75999975204,5.51997709274,-0.359999984503,0.00598676735535,-128.870758057,-7.69355916977,-12.2382411957,0.119829751551,97370.7946777,8.30999946594,220.320129395,False
30.3,-0.041,0.009,-0.09,0.28439285,0.61781895,10.5127288,5.75999975204,5.51997709274,-0.359999984503,0.00598676735535,-128.870758057,-7.68966817856,-12.2502012253,0.0813752263784,97370.7946777,8.30999946594,220.320129395,False
30.400000000000002,-0.011,-0.006,-0.082,0.28439285,0.65704555,11.34629405,5.71000003815,5.28903341293,-0.399999976158,-0.298397958279,-127.324546814,-7.6656293869,-12.2856550217,-0.0502289533615,97367.364502,8.31999969482,222.755050659,False
30.5,0.034,-9.797174393180001e-18,-0.08,0.26477955,0.3334261,10.71866845,5.34999990463,5.28903341293,-0.589999973774,-0.298397958279,-127.324546814,-7.63825941086,-12.3150682449,-0.0997932478786,97367.6696777,8.31999969482,314.721954346,False
30.6,0.005,-0.002,-0.039,0.22555295,0.14709975,10.52253545,5.01999998093,5.28903341293,-0.699999988079,-0.298397958279,-127.324546814,-7.56916236877,-12.3810577393,-0.180720761418,97371.496582,8.30000019073,314.721954346,False
30.700000000000003,-0.031,-0.026,0.038,0.3138128,0.44129925,11.03248125,4.69000005722,5.28903341293,-0.839999973774,-0.298397958279,-127.324546814,-7.52543640137,-12.425359726,-0.261111468077,97371.7102051,8.26999950409,314.17578125,False
30.8,0.037,-0.005,0.029,0.22555295,0.28439285,10.42446895,4.38999986649,5.56781482697,-1.00999999046,-0.231050893664,-126.867210388,-7.4929394722,-12.454331398,-0.34062358737,97367.3156738,8.23999977112,305.069458008,False
30.900000000000002,0.008,-0.019,0.051,0.28439285,0.44129925,10.4146623,4.05999994278,5.56781482697,-1.15999996662,-0.231050893664,-126.867210388,-7.44570541382,-12.5028162003,-0.397310376167,97368.5302734,8.19999980927,305.069458008,False
31.0,-0.028,-0.017,0.044,0.22555295,0.46091255,10.93441475,3.74000000954,5.56781482697,-1.33999991417,-0.231050893664,-126.867210388,-7.4079003334,-12.5392045975,-0.48613679409,97369.9401855,8.15999984741,305.069458008,False
31.1,-0.028,-0.017,0.044,0.22555295,0.46091255,10.93441475,3.4399998188,5.79686689377,-1.53999996185,0.0983745753765,-127.791374207,-7.36357784271,-12.564786911,-0.512273728848,97369.9401855,8.0999994278,312.361816406,False
31.200000000000003,-0.115,-0.006,0.035,0.04903325,0.40207265,9.7085835,3.16999983788,5.79686689377,-1.66999995708,0.0983745753765,-127.791374207,-7.31609773636,-12.5708684921,-0.460560977459,97365.9973145,8.03999996185,312.361816406,False
31.3,-0.172,0.02,0.023,0.02941995,0.6080123,9.28689755,2.98000001907,5.79686689377,-1.79999995232,0.0983745753765,-127.791374207,-7.29962491989,-12.5664634705,-0.398074001074,97366.8029785,7.98999977112,312.883666992,False
31.400000000000002,-0.107,0.018,-0.002,0.00980665,0.69627215,9.38496405,2.91999983788,5.79686689377,-1.87999999523,0.0983745753765,-127.791374207,-7.29759216309,-12.5500764847,-0.338148862123,97366.7480469,7.94999980927,312.883666992,False
31.5,-0.164,0.043,-0.042,0.0392266,0.53936575,9.7478101,2.98000001907,3.73747301102,-1.9699999094,-0.103378757834,-128.37046814,-7.30966806412,-12.521733284,-0.285630434752,97365.9667969,7.90999984741,305.619445801,False
31.6,-0.184,0.037,-0.038,0.08825985,0.4511059,9.36535075,3.01999998093,3.73747301102,-2.05999994278,-0.103378757834,-128.37046814,-7.32223510742,-12.5040588379,-0.260382056236,97363.7878418,7.86999988556,305.619445801,False
31.700000000000003,-0.184,0.037,-0.038,0.08825985,0.4511059,9.36535075,3.17999982834,3.73747301102,-2.09999990463,-0.103378757834,-128.37046814,-7.3676071167,-12.4599514008,-0.159437343478,97363.7878418,7.84999990463,315.723693848,False
31.8,0.008,0.066,-0.039,-0.0196133,0.2549729,9.8262633,3.34999990463,3.73747301102,-2.15999984741,-0.103378757834,-128.37046814,-7.38501358032,-12.4412260056,-0.153641566634,97363.0737305,7.82999992371,315.723693848,False
31.900000000000002,0.043,0.06,-0.015,-0.1569064,0.2353596,8.42391235,3.53999996185,0.499277532101,-2.22000002861,-1.14324510098,-127.670684814,-7.4071187973,-12.4056587219,-0.109987944365,97365.411377,7.80999994278,316.692749023,False
32.0,0.039,0.04,-0.012,-0.1569064,-0.0784532,6.9431082,3.64999985695,0.499277532101,-2.11999988556,-1.14324510098,-127.670684814,-7.41260623932,-12.3849477768,0.146393820643,97363.2873535,7.7999997139,316.692749023,False
32.1,0.039,0.04,-0.012,-0.1569064,-0.0784532,6.9431082,3.62999987602,0.499277532101,-2.11999988556,-1.14324510098,-127.670684814,-7.4069776535,-12.3774795532,0.357494771481,97363.2873535,7.81999969482,312.905029297,False
32.2,0.08,-0.042,0.065,-0.1569064,0.2549729,9.5516771,3.66999983788,0.499277532101,-1.75,-1.14324510098,-127.670684814,-7.41590595245,-12.3619308472,0.507850825787,97364.7583008,7.85999965668,330.428985596,False
32.300000000000004,0.08,-0.042,0.065,-0.1569064,0.2549729,9.5516771,3.73000001907,0.499277532101,-1.61000001431,-1.14324510098,-127.670684814,-7.42000150681,-12.3464984894,0.539116084576,97364.7583008,7.91999959946,330.428985596,False
32.4,0.049,-0.045,0.029,-0.1176798,0.4314926,10.4931155,3.75999999046,2.85142064095,-1.51999998093,-1.4270273447,-128.540588379,-7.41998052597,-12.3328275681,0.516546607018,97365.5273438,7.98000001907,330.428985596,False
32.5,0.197,-0.055,0.017,-0.0392266,0.24516625,10.8461549,3.6899998188,2.85142064095,-1.48000001907,-1.4270273447,-128.540588379,-7.39949131012,-12.3358154297,0.44665184617,97367.3339844,8.02999973297,329.110443115,False
32.6,0.197,-0.055,0.017,-0.0392266,0.24516625,10.8461549,3.48000001907,2.85142064095,-1.45999991894,-1.4270273447,-128.540588379,-7.35660839081,-12.3412694931,0.322164833546,97367.3339844,8.07999992371,329.110443115,False
32.7,0.031,-0.026,0.037,-0.02941995,0.5099458,10.40485565,3.26999998093,5.30249547958,-1.4699999094,-0.604744970798,-129.057876587,-7.32335281372,-12.3519945145,0.267570763826,97368.2250977,8.10999965668,335.067382812,False
32.800000000000004,-0.056,-0.02,0.021,-0.0392266,0.67665885,10.16949605,3.00999999046,5.30249547958,-1.45999991894,-0.604744970798,-129.057876587,-7.27478075027,-12.353302002,0.225852549076,97369.1467285,8.13999938965,335.067382812,False
32.9,-0.161,-0.004,0.008,0.02941995,0.6864655,9.9831697,2.83999991417,5.30249547958,-1.45999991894,-0.604744970798,-129.057876587,-7.24784374237,-12.3507947922,0.206597939134,97371.4111328,8.15999984741,326.768676758,False
33.0,-0.091,-4.8985871965900006e-18,-0.04,-0.0392266,0.6864655,10.0616229,2.73000001907,5.30249547958,-1.45999991894,-0.604744970798,-129.057876587,-7.23253774643,-12.3343391418,0.197270020843,97370.3857422,8.17000007629,326.768676758,False
33.1,-0.062,0.01,-0.055,-0.02941995,0.6472389,9.62032365,2.69000005722,4.49569225311,-1.44999992847,-0.221573576331,-129.344192505,-7.22045469284,-12.317481041,0.196843445301,97368.6767578,8.18999958038,326.00592041,False
33.2,-0.13,0.018,-0.075,-0.0980665,0.42168595,9.24767095,2.69000005722,4.49569225311,-1.39999997616,-0.221573576331,-129.344192505,-7.21666288376,-12.2943258286,0.261669039726,97368.7194824,8.21000003815,326.00592041,False
33.300000000000004,-0.13,0.018,-0.075,-0.0980665,0.42168595,9.24767095,2.69000005722,4.49569225311,-1.30999994278,-0.221573576331,-129.344192505,-7.20925331116,-12.2743034363,0.32879653573,97368.7194824,8.23999977112,335.918823242,False
33.4,-0.079,0.003,-0.068,-0.0196133,0.3334261,9.89490985,3.05999994278,4.49569225311,-1.23000001907,-0.221573576331,-129.344192505,-7.20473384857,-12.2610616684,0.361299932003,97371.6918945,8.26999950409,335.918823242,False
33.5,-0.079,0.003,-0.068,-0.0196133,0.3334261,9.89490985,3.05999994278,3.07818126678,-1.23000001907,-0.618000090122,-128.145797729,-7.20321369171,-12.2558364868,0.379051715136,97371.6918945,8.26999950409,335.918823242,False
33.6,0.033,0.006,-0.027,0.0392266,0.26477955,9.3751574,3.07999992371,3.07818126678,-1.07999992371,-0.618000090122,-128.145797729,-7.20499277115,-12.2459144592,0.428869366646,97366.229248,8.34000015259,333.806030273,False
33.7,0.003,-8.572527594029999e-19,-0.007,0.0588399,0.2353596,9.4928372,3.29999995232,3.07818126678,-0.959999978542,-0.618000090122,-128.145797729,-7.20185470581,-12.2478866577,0.479786396027,97370.4589844,8.38000011444,331.507202148,False
33.800000000000004,0.003,-8.572527594029999e-19,-0.007,0.0588399,0.2353596,9.4928372,3.29999995232,3.07818126678,-0.959999978542,-0.618000090122,-128.145797729,-7.19359636307,-12.260389328,0.52641326189,97370.4589844,8.38000011444,331.507202148,False
33.9,-0.055,-0.013,0.018,0.0784532,0.22555295,9.9047165,3.88999986649,3.24320626259,-0.719999969006,-0.864312112331,-127.541351318,-7.18629074097,-12.2715854645,0.5478515625,97372.1618652,8.47999954224,340.16809082,False
34.0,-0.05,-0.016,0.046,0.08825985,0.24516625,9.8851032,3.90999984741,3.24320626259,-0.589999973774,-0.864312112331,-127.541351318,-7.18647146225,-12.269618988,0.58206307888,97369.1955566,8.52999973297,340.16809082,False
34.1,-0.038,-0.018,0.048,0.1176798,0.36284605,10.34601575,3.99000000954,3.24320626259,-0.459999978542,-0.864312112331,-127.541351318,-7.19171333313,-12.2650060654,0.583861112595,97371.2463379,8.59000015259,347.244262695,False
34.2,0.034,-0.012,0.037,0.1176798,0.42168595,10.4342756,5.19000005722,2.59021711349,-0.370000004768,-0.634184539318,-128.63117981,-7.20545864105,-12.2559871674,0.553202450275,97374.0234375,8.63999938965,347.244262695,False
34.300000000000004,0.051,-0.001,0.032,0.14709975,0.46091255,9.93413645,5.40000009537,2.59021711349,-0.289999991655,-0.634184539318,-128.63117981,-7.20920181274,-12.2603616714,0.527930676937,97371.4050293,8.68999958038,335.620788574,False
34.4,0.076,-0.003,0.024,0.1765197,0.55897905,10.0223963,6.98999977112,2.59021711349,-0.199999988079,-0.634184539318,-128.63117981,-7.21620559692,-12.2587242126,0.520091414452,97371.6125488,8.73999977112,335.620788574,False
34.5,0.044,0.002,0.003,0.08825985,0.55897905,9.75761675,7.25999975204,3.82088375092,-0.0999999940395,-0.669835865498,-129.225738525,-7.22967433929,-12.2569246292,0.542211711407,97375.9887695,8.77999973297,334.937103271,False
34.6,0.076,0.003,-0.014,0.0980665,0.5099458,9.71839015,10.1499996185,3.82088375092,0.0,-0.669835865498,-129.225738525,-7.23524236679,-12.2616004944,0.570852637291,97375.3967285,8.82999992371,334.937103271,False
34.7,0.101,-0.019,-0.032,0.20593965,0.48052585,10.03220295,10.5100002289,3.82088375092,0.129999995232,-0.669835865498,-129.225738525,-7.23107004166,-12.2774438858,0.592503964901,97375.3967285,8.88000011444,338.73348999,False
34.800000000000004,0.101,-0.019,-0.032,0.20593965,0.48052585,10.03220295,10.7899999619,3.82088375092,0.259999990463,-0.669835865498,-129.225738525,-7.22063589096,-12.3023920059,0.591252863407,97377.6367188,8.9299993515,338.73348999,False
34.9,0.135,-0.025,-0.049,0.1765197,0.5491724,10.14988275,12.1099996567,5.74012184143,0.370000004768,-0.701085746288,-128.971954346,-7.19927978516,-12.3332939148,0.592723786831,97378.7536621,8.98999977112,333.229553223,False
35.0,0.179,-0.032,-0.06,0.2157463,0.4707192,10.3754357,12.3199996948,5.74012184143,0.479999989271,-0.701085746288,-128.971954346,-7.16360044479,-12.3765516281,0.566045284271,97378.6804199,9.03999996185,334.229553223,False
35.1,0.179,-0.032,-0.06,0.2157463,0.4707192,10.3754357,16.6800003052,5.74012184143,0.589999973774,-0.701085746288,-128.971954346,-7.12444448471,-12.4207181931,0.555191755295,97378.6804199,9.09000015259,333.071533203,False
35.2,0.212,-0.028,-0.062,0.1765197,0.48052585,10.07142955,16.6800003052,5.74012184143,0.589999973774,-0.701085746288,-128.971954346,-7.05447149277,-12.4891881943,0.55941683054,97376.8310547,9.09000015259,333.071533203,False
35.300000000000004,0.279,-0.022,-0.058,0.18632635,0.51975245,9.8458766,18.0499992371,11.5098552704,0.839999973774,-0.323292374611,-127.393699646,-6.92256069183,-12.6109685898,0.567339420319,97382.1838379,9.18999958038,328.316986084,False
35.4,0.279,-0.022,-0.058,0.18632635,0.51975245,9.8458766,18.0499992371,11.5098552704,0.849999964237,-0.323292374611,-127.393699646,-6.78072309494,-12.7359313965,0.591519117355,97382.1838379,9.18999958038,328.316986084,False
35.5,0.175,-0.055,-0.064,0.26477955,0.5491724,10.48330885,18.1299991608,11.5098552704,1.11000001431,-0.323292374611,-127.393699646,-6.67382526398,-12.8268499374,0.5808634758,97378.4362793,9.30000019073,324.584381104,False
35.6,0.121,-0.053,-0.069,0.32361945,0.63743225,10.65982855,20.1299991608,15.4087991714,1.24000000954,0.112021185458,-126.273422241,-6.51171922684,-12.9581756592,0.548889577389,97380.2185059,9.3499994278,324.584381104,False
35.7,0.121,-0.053,-0.069,0.32361945,0.63743225,10.65982855,20.0200004578,15.4087991714,1.32999992371,0.112021185458,-126.273422241,-6.33717679977,-13.0972213745,0.489261716604,97380.2185059,9.39999961853,322.24130249,False
35.800000000000004,0.124,-0.062,-0.093,0.38245935,0.6668522,11.28745415,20.0200004578,15.4087991714,1.32999992371,0.112021185458,-126.273422241,-6.1760225296,-13.2207975388,0.409654378891,97388.9648438,9.39999961853,322.24130249,False
35.9,0.142,-0.046,-0.095,0.3726527,0.6080123,10.60098865,21.6399993896,15.4087991714,1.41999995708,0.112021185458,-126.273422241,-6.01420307159,-13.3400449753,0.36465844512,97383.8195801,9.47999954224,314.19744873,False
36.0,0.063,-0.064,-0.137,0.38245935,0.6668522,10.16949605,21.4799995422,18.6623706818,1.50999999046,0.564458668232,-124.201309204,-5.73935079575,-13.5295505524,0.366042345762,97385.9680176,9.51000022888,314.19744873,False
36.1,0.074,-0.067,-0.157,0.3334261,0.6276256,10.2969825,23.3699989319,18.6623706818,1.58999991417,0.564458668232,-124.201309204,-5.52026176453,-13.6769037247,0.381563872099,97386.0534668,9.53999996185,308.140380859,False
36.2,0.132,-0.082,-0.167,0.42168595,0.61781895,10.5519554,23.1999988556,18.6623706818,1.69999992847,0.564458668232,-124.201309204,-5.29061031342,-13.8237037659,0.377710103989,97388.0004883,9.56999969482,308.140380859,False
36.300000000000004,0.112,-0.092,-0.165,0.3530394,0.61781895,10.8069283,22.8699989319,18.6623706818,1.77999997139,0.564458668232,-124.201309204,-5.02809762955,-13.9812612534,0.357414543629,97390.2099609,9.60999965668,300.994873047,False
36.4,0.068,-0.1,-0.145,0.38245935,0.6864655,10.87557485,25.6599998474,21.2148113251,1.84999990463,0.869414687157,-120.767036438,-4.80147695541,-14.1072044373,0.33032682538,97390.4907227,9.63999938965,300.994873047,False
36.5,0.113,-0.101,-0.164,0.392266,0.7256921,11.0619012,25.3199996948,21.2148113251,1.92999994755,0.869414687157,-120.767036438,-4.45288085938,-14.288561821,0.300831139088,97389.9291992,9.67000007629,293.132965088,False
36.6,0.113,-0.101,-0.164,0.392266,0.7256921,11.0619012,26.9399986267,21.2148113251,1.99000000954,0.869414687157,-120.767036438,-4.20882606506,-14.4128875732,0.263364821672,97389.9291992,9.71000003815,293.132965088,False
36.7,0.065,-0.091,-0.191,0.3334261,0.6668522,10.5127288,26.6399993896,23.2032756805,2.07999992371,1.39287650585,-117.647644043,-3.90965867043,-14.5527439117,0.264590501785,97390.1123047,9.73999977112,274.900817871,False
36.800000000000004,0.065,-0.091,-0.191,0.3334261,0.6668522,10.5127288,26.6399993896,23.2032756805,2.07999992371,1.39287650585,-117.647644043,-3.72114253044,-14.6372117996,0.279820561409,97391.2475586,9.73999977112,274.900817871,False
36.9,0.074,-0.12,-0.209,0.4511059,0.67665885,11.16977435,28.8499984741,23.2032756805,2.26999998093,1.39287650585,-117.647644043,-3.25699210167,-14.8362007141,0.264139980078,97392.1630859,9.80000019073,259.545318604,False
37.0,0.074,-0.12,-0.209,0.4511059,0.67665885,11.16977435,28.5,23.2032756805,2.32999992371,1.39287650585,-117.647644043,-3.03354287148,-14.9292001724,0.235836341977,97392.1630859,9.82999992371,259.545318604,False
37.1,0.115,-0.125,-0.181,0.4903325,0.7649187,11.2188076,29.0,25.7332115173,2.36999988556,1.70991432667,-112.27381897,-2.49147439003,-15.1388702393,0.17348921299,97384.3566895,9.8499994278,253.90663147,False
37.2,0.142,-0.124,-0.181,0.5295591,0.8237586,11.07170785,28.5499992371,25.7332115173,2.40999984741,1.70991432667,-112.27381897,-2.10307717323,-15.2785587311,0.131306782365,97391.0827637,9.86999988556,253.90663147,False
37.300000000000004,0.142,-0.124,-0.181,0.5295591,0.8237586,11.07170785,28.5499992371,25.7332115173,2.40999984741,1.70991432667,-112.27381897,-1.86136424541,-15.3593511581,0.117698833346,97391.0827637,9.86999988556,253.90663147,False
37.4,0.054,-0.144,-0.214,0.61781895,0.6472389,10.7284751,29.6499996185,28.2355442047,2.5,2.22215199471,-107.782623291,-1.21900582314,-15.55382061,0.159295618534,97391.4794922,9.88999938965,242.63343811,False
37.5,0.054,-0.144,-0.214,0.61781895,0.6472389,10.7284751,29.1399993896,28.2355442047,2.56999993324,2.22215199471,-107.782623291,-0.703410089016,-15.6950445175,0.173300325871,97391.4794922,9.90999984741,217.216201782,False
37.6,0.03,-0.158,-0.209,0.6668522,0.8041453,11.67972015,31.609998703,28.2355442047,2.6099998951,2.22215199471,-107.782623291,-0.431849002838,-15.7632255554,0.149948477745,97386.9689941,9.92000007629,217.216201782,False
37.7,0.031,-0.16,-0.2,0.67665885,0.8237586,11.77778665,31.0900001526,28.2355442047,2.62999987602,2.22215199471,-107.782623291,0.0474292598665,-15.8706569672,0.0922057256103,97394.0856934,9.9299993515,188.539703369,False
37.800000000000004,0.031,-0.16,-0.2,0.67665885,0.8237586,11.77778665,31.0900001526,28.2355442047,2.62999987602,2.22215199471,-107.782623291,0.4365632236,-15.9526338577,0.0404161028564,97394.0856934,9.9299993515,188.539703369,False
37.9,-0.036,-0.148,-0.211,0.784532,0.8825985,11.7875933,31.9599990845,29.9723758698,2.54999995232,2.89178776741,-101.816558838,0.922048151493,-16.0360527039,-0.0396395996213,97389.2089844,9.9299993515,178.961471558,False
38.0,-0.021,-0.145,-0.229,0.8433719,1.0591182,12.28773245,31.4499988556,29.9723758698,2.46000003815,2.89178776741,-101.816558838,1.62671518326,-16.1414012909,-0.193977966905,97390.9606934,9.92000007629,178.961471558,False
38.1,-0.032,-0.116,-0.277,0.8041453,0.784532,11.11093445,33.7999992371,29.9723758698,2.31999993324,2.89178776741,-101.816558838,1.92283022404,-16.1747360229,-0.25172573328,97395.7641602,9.88999938965,162.558074951,False
38.2,-0.032,-0.116,-0.277,0.8041453,0.784532,11.11093445,33.4799995422,29.9723758698,2.25,2.89178776741,-101.816558838,2.58411860466,-16.2298297882,-0.267188668251,97395.7641602,9.85999965668,162.558074951,False
38.300000000000004,0.026,-0.108,-0.291,0.6864655,0.69627215,10.77750835,34.8899993896,30.6022434235,2.18000006676,2.82669687271,-94.7031784058,2.99530148506,-16.2520980835,-0.290496736765,97393.1762695,9.81999969482,130.013458252,False
38.400000000000006,0.25,-0.139,-0.26,0.79433865,0.73549875,11.11093445,34.4899978638,30.6022434235,2.1099998951,2.82669687271,-94.7031784058,3.62470602989,-16.2736358643,-0.30646365881,97387.4694824,9.77999973297,130.013458252,False
38.5,0.09,-0.146,-0.26,0.67665885,0.7060788,10.36562905,34.0400009155,30.6022434235,2.05999994278,2.82669687271,-94.7031784058,4.03670024872,-16.276922226,-0.274816095829,97385.0280762,9.75,103.197860718,False
38.6,0.044,-0.16,-0.267,0.63743225,0.8041453,10.14988275,35.5900001526,34.6679725647,2.07999992371,2.23634171486,-88.3703918457,4.63151407242,-16.2618980408,-0.149343788624,97385.0280762,9.71999931335,103.197860718,False
38.7,0.053,-0.176,-0.278,0.71588545,0.75511205,10.40485565,35.219997406,34.6679725647,2.11999988556,2.23634171486,-88.3703918457,5.04014730453,-16.2388820648,-0.0590706542134,97390.7897949,9.69999980927,71.5179443359,False
38.800000000000004,0.053,-0.176,-0.278,0.71588545,0.75511205,10.40485565,36.7399978638,34.6679725647,2.18000006676,2.23634171486,-88.3703918457,5.67560625076,-16.1919727325,0.0486197397113,97390.7897949,9.6799993515,71.5179443359,False
38.900000000000006,0.082,-0.183,-0.281,0.7060788,0.67665885,10.395049,36.3299980164,34.6679725647,2.26999998093,2.23634171486,-88.3703918457,6.10207366943,-16.1440849304,0.129163578153,97390.5029297,9.68999958038,47.1921920776,False
39.0,0.136,-0.203,-0.288,0.7649187,0.69627215,10.69905515,35.8800010681,36.7734985352,2.39999985695,1.80232465267,-81.5167999268,6.76624679565,-16.0460891724,0.248390361667,97393.7011719,9.69999980927,47.1921920776,False
39.1,0.065,-0.219,-0.28,0.8433719,0.7649187,10.787315,38.2599983215,36.7734985352,2.53999996185,1.80232465267,-81.5167999268,7.33777332306,-15.9441928864,0.340387225151,97389.5751953,9.72999954224,22.5424766541,False
39.2,0.065,-0.219,-0.28,0.8433719,0.7649187,10.787315,37.8199996948,36.7734985352,2.72000002861,1.80232465267,-81.5167999268,7.80403900146,-15.8509874344,0.399927526712,97389.5751953,9.76999950409,22.5424766541,False
39.300000000000004,0.002,-0.214,-0.277,0.81395195,0.9022118,11.2972608,39.1499977112,38.8117752075,2.87999987602,1.6245008707,-75.0163116455,8.65176773071,-15.6518993378,0.482757627964,97386.8408203,9.81999969482,-7.77893066406,False
39.400000000000006,-0.005,-0.212,-0.287,0.8433719,1.10815145,10.9049948,38.75,38.8117752075,3.06999993324,1.6245008707,-75.0163116455,8.98780345917,-15.5633640289,0.536561310291,97394.4580078,9.86999988556,-7.77893066406,False
39.5,-0.192,-0.238,-0.329,0.95124505,1.24544455,11.6306869,40.969997406,38.8117752075,3.26999998093,1.6245008707,-75.0163116455,9.67921257019,-15.34902668,0.562770485878,97395.8984375,9.9299993515,-45.8522796631,False
39.6,0.052,-0.28,-0.394,0.9610517,1.1375714,12.6113519,40.969997406,38.8117752075,3.26999998093,1.6245008707,-75.0163116455,10.1984272003,-15.1786575317,0.491653591394,97394.8364258,10.0,-45.8522796631,False
39.7,0.067,-0.255,-0.399,0.97085835,0.83356525,11.87585315,40.0599975586,38.5358543396,3.53999996185,1.30095481873,-67.3844604492,10.8381280899,-14.9406042099,0.472911626101,97398.5778809,10.0599994659,-91.8560028076,False
39.800000000000004,0.073,-0.264,-0.38,0.85317855,1.0198916,12.1210194,41.3199996948,38.5358543396,3.69999980927,1.30095481873,-67.3844604492,11.5914869308,-14.6178884506,0.461626887321,97399.0234375,10.1199998856,-91.8560028076,False
39.900000000000006,0.073,-0.264,-0.38,0.85317855,1.0198916,12.1210194,40.7599983215,38.5358543396,3.84999990463,1.30095481873,-67.3844604492,12.1069660187,-14.3661499023,0.451884031296,97399.0234375,10.1700000763,-113.502120972,False
40.0,0.062,-0.298,-0.37,1.0002783,1.0002783,12.60154525,42.5699996948,38.5358543396,3.98000001907,1.30095481873,-67.3844604492,12.7638320923,-14.0310754776,0.419239163399,97397.3815918,10.2299995422,-113.502120972,False
40.1,0.026,-0.272,-0.358,0.93163175,1.1375714,11.9837263,42.0299987793,40.8818702698,4.08999967575,0.535366356373,-56.3533744812,13.3911466599,-13.6665201187,0.398666977882,97403.7109375,10.279999733,-146.384246826,False
40.2,-0.056,-0.319,-0.347,1.04931155,1.372931,13.07226445,42.8899993896,40.8818702698,4.23999977112,0.535366356373,-56.3533744812,14.1238203049,-13.1990613937,0.396865189075,97401.6845703,10.3299999237,-146.384246826,False
40.300000000000004,-0.056,-0.319,-0.347,1.04931155,1.372931,13.07226445,42.8899993896,40.8818702698,4.23999977112,0.535366356373,-56.3533744812,14.4939632416,-12.9471549988,0.36064979434,97401.6845703,10.3299999237,-146.384246826,False
40.400000000000006,-0.071,-0.29,-0.38,1.1964113,1.4121576,13.2782041,42.9199981689,41.2285041809,4.40999984741,0.244442224503,-47.2439346313,15.3359451294,-12.3086204529,0.237889230251,97409.3933105,10.4200000763,-188.400268555,False
40.5,0.034,-0.286,-0.446,1.176798,1.12776475,12.9251647,42.6699981689,41.2285041809,4.52999973297,0.244442224503,-47.2439346313,16.0209236145,-11.7294940948,0.221546202898,97404.2724609,10.4600000381,-198.163223267,False
40.6,0.174,-0.32,-0.398,1.0591182,1.0198916,12.50347875,41.9199981689,41.2285041809,4.63999986649,0.244442224503,-47.2439346313,16.6196727753,-11.1665048599,0.175636842847,97410.0219727,10.5100002289,-198.163223267,False
40.7,0.174,-0.32,-0.398,1.0591182,1.0198916,12.50347875,41.8799972534,42.6209869385,4.75999975204,-0.820251941681,-36.5776824951,17.0557022095,-10.6837596893,0.186438009143,97400.8666992,10.5500001907,-248.714828491,False
40.800000000000004,0.12,-0.344,-0.431,0.69627215,0.2941995,12.7094184,40.7599983215,42.6209869385,4.88999986649,-0.820251941681,-36.5776824951,17.6047897339,-9.99791908264,0.103212408721,97406.072998,10.5999994278,-247.714813232,False
40.900000000000006,-0.152,-0.34,-0.384,0.95124505,0.50013915,12.7094184,40.3499984741,42.6209869385,4.94999980927,-0.820251941681,-36.5776824951,18.0475387573,-9.39112186432,0.0986647754908,97405.2734375,10.6300001144,-279.121398926,False
41.0,-0.152,-0.34,-0.384,0.95124505,0.50013915,12.7094184,39.1599998474,40.9769020081,5.05999994278,-0.297736495733,-29.1265525818,18.4959506989,-8.67282485962,0.0461517721415,97409.4848633,10.6700000763,-279.121398926,False
41.1,0.044,-0.432,-0.278,0.89240515,0.3726527,14.91591465,37.5799980164,40.9769020081,5.13000011444,-0.297736495733,-29.1265525818,18.9232559204,-7.88431215286,-0.0313384793699,97414.5996094,10.6999998093,-281.394958496,False
41.2,0.044,-0.432,-0.278,0.89240515,0.3726527,14.91591465,35.7900009155,40.9769020081,5.15000009537,-0.297736495733,-29.1265525818,19.4100780487,-6.80118703842,-0.249298855662,97408.795166,10.7299995422,-281.394958496,False
41.300000000000004,0.033,-0.442,-0.178,1.0198916,0.8433719,15.7102533,33.3199996948,40.9769020081,5.09999990463,-0.297736495733,-29.1265525818,19.6946964264,-6.05090141296,-0.402098178864,97410.8581543,10.7399997711,-311.288085938,False
41.400000000000006,0.033,-0.442,-0.178,1.0198916,0.8433719,15.7102533,30.6199989319,43.0083808899,4.98000001907,2.78745436668,-18.4746551514,19.9381122589,-5.28902387619,-0.572237491608,97410.8581543,10.7299995422,-311.288085938,False
41.5,-0.152,-0.408,-0.23,1.2160246,1.01008495,15.0434011,27.5999984741,43.0083808899,4.80999994278,2.78745436668,-18.4746551514,20.2117137909,-4.163397789,-0.806563556194,97411.2854004,10.6999998093,-336.04296875,False
41.6,-0.265,-0.339,-0.242,1.0395049,1.2552512,14.5530686,24.3099994659,42.0670127869,4.56999969482,5.13748979568,-12.6622085571,20.4004707336,-3.06586122513,-1.04639184475,97411.0290527,10.6399993896,-336.04296875,False
41.7,-0.331,-0.253,-0.295,0.8629852,1.3533177,13.17033095,20.9499988556,42.0670127869,4.2999997139,5.13748979568,-12.6622085571,20.4743881226,-2.43369626999,-1.14046728611,97411.0290527,10.5699996948,-363.931091309,False
41.800000000000004,-0.331,-0.253,-0.295,0.8629852,1.3533177,13.17033095,20.9499988556,42.0670127869,4.27999973297,5.13748979568,-12.6622085571,20.5132694244,-1.99304032326,-1.18021345139,97409.2407227,10.5699996948,-363.931091309,False
41.900000000000006,-0.379,-0.212,-0.345,0.85317855,1.0591182,11.99353295,14.9499998093,42.0670127869,3.79999995232,5.13748979568,-12.6622085571,20.5441684723,-1.0505977869,-1.20896100998,97405.9326172,10.3899993896,-367.843444824,False
42.0,-0.423,-0.207,-0.361,0.79433865,0.9218251,12.01314625,11.9600000381,36.2704391479,3.55999994278,5.33368778229,-3.83306884766,20.5250988007,-0.410503536463,-1.22327148914,97402.1057129,10.2899999619,-367.843444824,False
42.1,-0.453,-0.215,-0.358,0.5687857,0.7453054,12.1210194,8.86999988556,36.2704391479,3.31999993324,5.33368778229,-3.83306884766,20.4696216583,0.194926843047,-1.26593756676,97403.7414551,10.1999998093,-382.683166504,False
42.2,-0.453,-0.18,-0.253,0.4511059,0.6472389,11.8268199,5.88999986649,36.2704391479,3.03999996185,5.33368778229,-3.83306884766,20.3909130096,0.749686181545,-1.31435251236,97398.2177734,10.0999994278,-382.683166504,False
42.300000000000004,-0.453,-0.18,-0.253,0.4511059,0.6472389,11.8268199,2.98000001907,36.2704391479,2.77999997139,5.33368778229,-3.83306884766,20.3089752197,1.16783976555,-1.33227038383,97398.2177734,10.0,-410.662078857,False
42.400000000000006,-0.48,-0.177,-0.221,0.4118793,0.6472389,11.8464332,0.34999999404,29.0087413788,2.47000002861,5.34569835663,3.16205143929,20.1945877075,1.61747705936,-1.37975132465,97394.6716309,9.89999961853,-410.662078857,False
42.5,-0.54,-0.135,-0.196,0.38245935,0.77472535,11.8856598,-2.12999987602,29.0087413788,2.11999988556,5.34569835663,3.16205143929,20.0543308258,2.02646565437,-1.48229777813,97389.8742676,9.77999973297,-397.385986328,False
42.6,-0.488,-0.11,-0.203,0.2941995,0.4903325,11.46397385,-4.44999980927,29.0087413788,1.63999998569,5.34569835663,3.16205143929,19.8375415802,2.51684427261,-1.72070729733,97386.932373,9.64999961853,-397.385986328,False
42.7,-0.479,-0.066,-0.194,0.2549729,0.61781895,10.1008495,-6.42999982834,18.1602325439,1.19999992847,6.25991725922,8.58888053894,19.72615242,2.71776175499,-1.73057746887,97388.9221191,9.5,-384.472290039,False
42.800000000000004,-0.479,-0.066,-0.194,0.2549729,0.61781895,10.1008495,-8.01000022888,18.1602325439,0.799999952316,6.25991725922,8.58888053894,19.6410865784,2.84341692924,-1.72440969944,97379.8034668,9.5,-384.472290039,False
42.900000000000006,-0.48,-0.039,-0.126,0.34323275,0.4903325,11.71894675,-9.39999961853,18.1602325439,0.340000003576,6.25991725922,8.58888053894,19.4415016174,3.08368229866,-1.83165454865,97382.1960449,9.17000007629,-367.024810791,False
43.0,-0.559,-0.017,-0.093,0.2549729,0.59820565,11.4149406,-10.6499996185,18.1602325439,-0.209999993443,6.25991725922,8.58888053894,19.291759491,3.20979237556,-1.97631168365,97375.5310059,8.98999977112,-367.024810791,False
43.1,-0.539,-8.45006291412e-18,-0.069,0.26477955,0.6472389,10.75789505,-11.5,18.1602325439,-0.759999990463,6.25991725922,8.58888053894,19.1817417145,3.25007581711,-2.05310893059,97375.2502441,8.80000019073,-348.296936035,False
43.2,-0.654,0.03,-0.072,0.196133,0.784532,10.93441475,-12.0599994659,6.99781274796,-1.31999993324,6.34569215775,11.607544899,19.042514801,3.22504687309,-2.13342213631,97369.6777344,8.59000015259,-348.296936035,False
43.300000000000004,-0.649,0.061,-0.099,0.196133,0.83356525,10.6696352,-12.1799993515,6.99781274796,-1.89999997616,6.34569215775,11.607544899,18.9458351135,3.13058066368,-2.19117808342,97368.6645508,8.38000011444,-326.970092773,False
43.400000000000006,-0.649,0.061,-0.099,0.196133,0.83356525,10.6696352,-12.1999998093,6.99781274796,-1.89999997616,6.34569215775,11.607544899,18.9020214081,3.04748916626,-2.18305301666,97368.6645508,8.38000011444,-326.970092773,False
43.5,-0.418,0.092,-0.128,-0.0196133,0.57859235,9.12999115,-11.6799993515,6.99781274796,-2.92999982834,6.34569215775,11.607544899,18.8056774139,2.82683897018,-2.04204940796,97364.630127,7.92999982834,-296.971130371,False
43.6,-0.289,0.07,-0.121,-0.12748645,0.46091255,10.1008495,-11.6799993515,-6.07895469666,-2.92999982834,4.78635644913,14.1989545822,18.7632255554,2.70966959,-2.02745914459,97363.3789062,7.92999982834,-296.971130371,False
43.7,-0.167,0.044,-0.102,-0.10787315,0.30400615,10.5127288,-10.5799999237,-6.07895469666,-3.99000000954,4.78635644913,14.1989545822,18.6718902588,2.47936749458,-2.08811998367,97361.7858887,7.50999975204,-273.345947266,False
43.800000000000004,-0.048,0.011,-0.04,-0.0980665,0.08825985,11.24822755,-9.94999980927,-6.07895469666,-4.61999988556,4.78635644913,14.1989545822,18.5947914124,2.28936743736,-2.1819794178,97357.7636719,7.28999996185,-273.345947266,False
43.900000000000006,0.016,0.039,0.096,-0.16671305,0.02941995,10.0223963,-9.39999961853,-7.44539356232,-5.19000005722,4.25539970398,14.9772644043,18.4972610474,2.09281849861,-2.1518008709,97354.8278809,7.06999969482,-252.676773071,False
44.0,0.016,0.039,0.096,-0.16671305,0.02941995,10.0223963,-8.97999954224,-7.44539356232,-5.71999979019,4.25539970398,14.9772644043,18.3974819183,1.92505443096,-2.05082154274,97354.8278809,6.85999965668,-252.676773071,False
44.1,0.007,0.044,0.182,-0.3726527,-0.02941995,8.99269805,-8.55000019073,-7.44539356232,-6.21000003815,4.25539970398,14.9772644043,18.3272094727,1.82562732697,-1.94909203053,97347.3510742,6.64999961853,-223.263931274,False
44.2,-0.054,0.079,0.205,-0.2745862,-0.0588399,7.6295737,-8.26000022888,-7.44539356232,-6.60999965668,4.25539970398,14.9772644043,18.2500457764,1.70687258244,-1.73846638203,97347.3510742,6.44000005722,-223.263931274,False
44.300000000000004,-0.24,0.007,0.197,-0.12748645,0.73549875,11.5522337,-7.64999961853,-7.44539356232,-7.01999998093,4.25539970398,14.9772644043,18.183511734,1.49220621586,-1.75989592075,97343.5058594,6.25999975204,-199.114807129,False
44.400000000000006,-0.056,0.064,0.102,-0.10787315,0.6864655,11.8072066,-6.52999973297,-8.60337162018,-7.59999990463,2.63900184631,10.1710233688,18.113319397,1.18798267841,-1.9130692482,97341.0339355,6.07999992371,-199.114807129,False
44.5,-0.056,0.064,0.102,-0.10787315,0.6864655,11.8072066,-6.52999973297,-8.60337162018,-7.59999990463,2.63900184631,10.1710233688,18.0934066772,1.09427320957,-1.95148551464,97336.8652344,6.07999992371,-199.114807129,False
44.6,0.079,0.107,0.03,-0.4511059,0.1569064,5.99186315,-4.06999969482,-8.60337162018,-8.65999984741,2.63900184631,10.1710233688,17.9984760284,0.845653057098,-1.69312632084,97335.0036621,5.69000005722,-178.047363281,False
44.7,0.079,0.107,0.03,-0.4511059,0.1569064,5.99186315,-3.58999991417,-8.60337162018,-8.88999938965,2.63900184631,10.1710233688,17.9489707947,0.7759141922,-1.34992873669,97335.0036621,5.50999975204,-158.623687744,False
44.800000000000004,0.286,0.142,0.026,-0.3726527,-0.196133,6.07031635,-3.58999991417,-7.85317134857,-8.89999961853,0.132172062993,8.51994800568,17.912820816,0.727268099785,-1.01350617409,97329.119873,5.50999975204,-158.623687744,False
44.900000000000006,0.421,0.129,0.126,-0.32361945,0.18632635,6.3350959,-1.67999994755,-7.85317134857,-9.02999973297,0.132172062993,8.51994800568,17.8424701691,0.646040558815,-0.455965191126,97329.4250488,5.27999973297,-138.58795166,False
45.0,0.301,0.11,0.146,-0.3138128,0.2549729,7.3746008,-1.67999994755,-7.85317134857,-9.02999973297,0.132172062993,8.51994800568,17.827747345,0.604742109776,-0.337374925613,97327.1789551,5.27999973297,-138.58795166,False
45.1,0.113,0.082,0.138,-0.2157463,0.40207265,9.16921775,0.610000014305,-1.96234238148,-9.13000011444,-2.3732624054,5.87482833862,17.801317215,0.512564361095,-0.192034348845,97322.5463867,5.19000005722,-131.789398193,False
45.2,0.02,0.097,0.135,-0.22555295,0.61781895,9.5712904,1.07999992371,-1.96234238148,-9.22999954224,-2.3732624054,5.87482833862,17.7917385101,0.42158806324,-0.129124477506,97323.0041504,5.17000007629,-131.789398193,False
45.300000000000004,-0.051,0.125,0.045,-0.3334261,0.73549875,8.6494653,5.08999967575,-1.96234238148,-9.30000019073,-2.3732624054,5.87482833862,17.7876873016,0.358797580004,-0.0113248722628,97324.6520996,5.13999986649,-119.101715088,False
45.400000000000006,-0.11,0.12,0.003,-0.34323275,0.59820565,9.09076455,5.75999975204,-1.96234238148,-9.31999969482,-2.3732624054,5.87482833862,17.7885875702,0.277860015631,0.136986449361,97326.0437012,5.13000011444,-119.101715088,False
45.5,-0.097,0.098,-0.025,-0.30400615,0.5295591,8.99269805,6.40999984741,-2.60324883461,-9.32999992371,-5.09423875809,4.21387672424,17.8003234863,0.204114705324,0.236442044377,97324.621582,5.13000011444,-114.115142822,False
45.6,0.262,0.138,-0.057,-0.44129925,0.5099458,7.5707338,13.3299999237,-2.60324883461,-9.30999946594,-5.09423875809,4.21387672424,17.8111076355,0.143101125956,0.440610289574,97324.6520996,5.13999986649,-114.115142822,False
45.7,0.336,0.105,-0.065,-0.5491724,0.53936575,7.5511205,14.1199998856,-2.60324883461,-9.13999938965,-5.09423875809,4.21387672424,17.8137836456,0.0966635197401,0.702961146832,97322.7172852,5.17999982834,-116.526031494,False
45.800000000000004,0.283,0.074,-0.075,-0.55897905,0.63743225,7.7472535,14.9200000763,-2.60324883461,-8.89999961853,-5.09423875809,4.21387672424,17.8169975281,0.0621669664979,0.987628340721,97322.7172852,5.23999977112,-116.526031494,False
45.900000000000006,0.283,0.074,-0.075,-0.55897905,0.63743225,7.7472535,18.9699993134,-2.60324883461,-8.67000007629,-5.09423875809,4.21387672424,17.8169975281,0.0621669664979,0.987628340721,97326.5625,5.31999969482,-124.098587036,False
46.0,0.353,-0.001,-0.144,-0.4511059,0.22555295,9.8262633,19.6499996185,3.45030403137,-8.47000026703,-7.5660738945,5.88865470886,17.8778839111,0.103437796235,1.17667961121,97328.0578613,5.42000007629,-124.098587036,False
46.1,0.38,-0.008,-0.09,-0.40207265,0.26477955,10.36562905,24.7099990845,3.45030403137,-8.27999973297,-7.5660738945,5.88865470886,17.8993339539,0.157623708248,1.18539965153,97329.7546387,5.52999973297,-112.633514404,False
46.2,0.407,0.007,-0.06,-0.36284605,0.3726527,10.2773692,25.1999988556,3.45030403137,-8.11999988556,-7.5660738945,5.88865470886,17.9502677917,0.308289915323,1.17339253426,97331.7626953,5.63999986649,-113.633537292,False
46.300000000000004,0.403,0.006,-0.038,-0.4903325,0.40207265,9.8654899,28.2299995422,10.8665904999,-7.96000003815,-7.84839010239,7.4466958046,17.9908008575,0.516803622246,1.15455293655,97333.2641602,5.73999977112,-118.231010437,False
46.400000000000006,0.362,-0.007,-0.054,-0.36284605,0.48052585,9.8654899,28.5100002289,10.8665904999,-7.77999973297,-7.84839010239,7.4466958046,18.0197467804,0.710744917393,1.20246446133,97333.0383301,5.83999967575,-117.230987549,False
46.5,0.362,-0.007,-0.054,-0.36284605,0.48052585,9.8654899,28.5100002289,10.8665904999,-7.76999998093,-7.84839010239,7.4466958046,18.0319137573,0.804956078529,1.20570552349,97333.0383301,5.83999967575,-117.230987549,False
46.6,0.338,-0.005,-0.067,-0.48052585,0.5099458,9.0417313,32.5599975586,10.8665904999,-7.46000003815,-7.84839010239,7.4466958046,18.0827064514,1.24371862411,1.16943490505,97335.3881836,6.0499997139,-140.454864502,False
46.7,0.338,-0.005,-0.067,-0.48052585,0.5099458,9.0417313,32.6199989319,17.9095153809,-7.21000003815,-7.70338630676,8.1874370575,18.0871181488,1.57890725136,1.27746939659,97339.6057129,6.15000009537,-148.478515625,False
46.800000000000004,0.334,-0.046,-0.101,-0.38245935,0.55897905,10.0812362,36.0099983215,17.9095153809,-7.00999975204,-7.70338630676,8.1874370575,18.1018676758,1.79381811619,1.26019775867,97341.0827637,6.26999998093,-148.478515625,False
46.900000000000006,0.28,-0.058,-0.117,-0.392266,0.6276256,10.32640245,35.9599990845,17.9095153809,-6.80999994278,-7.70338630676,8.1874370575,18.1037025452,2.14733099937,1.28160154819,97340.2526855,6.3799996376,-167.210006714,False
47.0,0.141,-0.072,-0.169,-0.4903325,0.79433865,11.0226746,35.8699989319,17.9095153809,-6.55999994278,-7.70338630676,8.1874370575,18.094329834,2.59507870674,1.29156279564,97344.0917969,6.5,-167.210006714,False
47.1,0.141,-0.072,-0.169,-0.4903325,0.79433865,11.0226746,37.8400001526,24.4079113007,-6.3799996376,-7.67615413666,10.9584503174,18.089799881,2.92912054062,1.26504480839,97344.0917969,6.60999965668,-182.756225586,False
47.2,0.19,-0.068,-0.225,-0.38245935,0.8041453,9.81645665,37.8299980164,24.4079113007,-6.3799996376,-7.67615413666,10.9584503174,18.0717315674,3.22569441795,1.3168194294,97347.1374512,6.60999965668,-182.756225586,False
47.300000000000004,0.213,-0.094,-0.258,-0.4118793,0.65704555,9.99297635,40.4899978638,24.4079113007,-5.81999969482,-7.67615413666,10.9584503174,18.0327320099,3.64125370979,1.38046836853,97347.7111816,6.84999990463,-186.16809082,False
47.400000000000006,0.195,-0.122,-0.28,-0.4118793,0.7060788,10.28717585,40.3899993896,24.4079113007,-5.51999998093,-7.67615413666,10.9584503174,17.990234375,4.07177829742,1.43999099731,97350.0183105,6.98999977112,-187.168121338,False
47.5,0.212,-0.136,-0.271,-0.32361945,0.61781895,9.73800345,42.5099983215,29.071023941,-5.15000009537,-8.06008720398,17.2688789368,17.8946838379,4.70958185196,1.57440805435,97351.8127441,7.1299996376,-201.625823975,False
47.6,0.283,-0.167,-0.248,-0.2157463,0.6472389,11.48358715,42.5099983215,29.071023941,-4.76999998093,-8.06008720398,17.2688789368,17.8039951324,5.23154115677,1.61209833622,97356.5673828,7.27999973297,-200.625793457,False
47.7,0.236,-0.188,-0.243,-0.24516625,0.5491724,11.2776475,42.2900009155,29.071023941,-4.40999984741,-8.06008720398,17.2688789368,17.6894836426,5.79017114639,1.6046282053,97360.5224609,7.44000005722,-212.578201294,False
47.800000000000004,0.236,-0.188,-0.243,-0.24516625,0.5491724,11.2776475,42.5499992371,33.7753334045,-4.02999973297,-7.78123140335,23.3391284943,17.5178699493,6.42663669586,1.71127951145,97360.5224609,7.60999965668,-212.578201294,False
47.900000000000006,0.262,-0.212,-0.251,-0.2745862,0.6668522,11.56204035,42.5499992371,33.7753334045,-3.55999994278,-7.78123140335,23.3391284943,17.3852233887,6.85537290573,1.79751336575,97366.7541504,7.77999973297,-230.247680664,False
48.0,0.262,-0.212,-0.251,-0.2745862,0.6668522,11.56204035,42.5699996948,33.7753334045,-3.1099998951,-7.78123140335,23.3391284943,17.1542320251,7.55001306534,1.83326756954,97366.7541504,7.96000003815,-230.247680664,False
48.1,0.189,-0.231,-0.265,-0.24516625,0.9218251,11.3953273,42.5799980164,33.7753334045,-2.64999985695,-7.78123140335,23.3391284943,17.0292110443,7.88907051086,1.86198627949,97366.5710449,8.14999961853,-248.083496094,False
48.2,0.131,-0.255,-0.345,-0.08825985,0.8237586,11.6895268,42.5799980164,33.7753334045,-2.19000005722,-7.78123140335,23.3391284943,16.7452411652,8.59242534637,1.89539313316,97372.2106934,8.3499994278,-248.083496094,False
48.300000000000004,0.134,-0.289,-0.37,0.0392266,0.8041453,13.73911665,42.5799980164,37.8556289673,-1.73000001907,-7.42533016205,32.3779678345,16.4605865479,9.24714374542,1.8402286768,97372.2106934,8.55000019073,-262.323944092,False
48.400000000000006,0.113,-0.311,-0.356,0.02941995,0.784532,13.6900834,42.5900001526,37.8556289673,-1.38999998569,-7.42533016205,32.3779678345,16.0794773102,10.0111656189,1.68061339855,97380.3955078,8.73999977112,-262.323944092,False
48.5,0.113,-0.311,-0.356,0.02941995,0.784532,13.6900834,42.5999984741,37.8556289673,-1.37999999523,-7.42533016205,32.3779678345,15.840883255,10.436542511,1.62409818172,97380.3955078,8.73999977112,-262.323944092,False
48.6,0.096,-0.361,-0.333,0.0588399,0.65704555,14.4157755,42.6399993896,37.8556289673,-1.04999995232,-7.42533016205,32.3779678345,15.383690834,11.1837434769,1.47904479504,97384.4604492,8.92000007629,-252.059356689,False
48.7,0.084,-0.38,-0.275,0.14709975,0.2549729,15.9652262,42.6899986267,39.7892379761,-0.539999961853,-6.88911771774,40.9553871155,14.6112632751,12.2573795319,1.20906352997,97388.9099121,9.22999954224,-258.679382324,False
48.800000000000004,0.267,-0.37,-0.225,0.08825985,0.28439285,14.13138265,42.7399978638,39.7892379761,-0.359999984503,-6.88911771774,40.9553871155,13.9840269089,13.0116853714,1.03806555271,97390.8630371,9.36999988556,-258.679382324,False
48.900000000000006,0.115,-0.378,-0.17,0.1765197,0.8433719,14.03331615,42.7999992371,39.7892379761,-0.140000000596,-6.88911771774,40.9553871155,13.3720569611,13.663526535,0.967918932438,97389.5812988,9.47999954224,-277.402099609,False
49.0,0.115,-0.378,-0.17,0.1765197,0.8433719,14.03331615,42.8499984741,39.7892379761,0.0599999986589,-6.88911771774,40.9553871155,12.8648052216,14.1576509476,0.89376938343,97389.5812988,9.57999992371,-277.402099609,False
49.1,0.112,-0.369,-0.215,0.2157463,1.1571847,14.11176935,42.8699989319,43.5746841431,0.239999994636,-3.1739423275,53.4547843933,12.0588922501,14.8611383438,0.768944978714,97391.6137695,9.6799993515,-268.03112793,False
49.2,0.018,-0.358,-0.272,0.2549729,1.0983448,14.4353888,42.8899993896,43.5746841431,0.379999995232,-3.1739423275,53.4547843933,11.3178005219,15.4376249313,0.639501214027,97398.6022949,9.76999950409,-268.03112793,False
49.300000000000004,-0.145,-0.375,-0.308,0.59820565,1.0002783,15.494507,42.8999977112,43.5746841431,0.419999986887,-3.1739423275,53.4547843933,10.5328683853,16.0015048981,0.431734293699,97397.1801758,9.82999992371,-274.272918701,False
49.400000000000006,-0.114,-0.384,-0.331,0.7256921,1.12776475,17.0243444,42.9099998474,43.5746841431,0.379999995232,-3.1739423275,53.4547843933,9.68721389771,16.5612487793,0.14591127634,97397.1801758,9.88999938965,-274.272918701,False
49.5,-0.107,-0.387,-0.321,0.6668522,0.9022118,17.48525695,42.5599975586,43.5746841431,0.159999996424,-3.1739423275,53.4547843933,8.71795368195,17.1347694397,-0.239735722542,97396.4294434,9.90999984741,-279.965393066,False
49.6,-0.107,-0.387,-0.321,0.6668522,0.9022118,17.48525695,42.6800003052,43.5746841431,-0.0799999982119,-3.1739423275,53.4547843933,7.98463153839,17.4976844788,-0.469079613686,97396.4294434,9.89999961853,-279.965393066,False
49.7,-0.011,-0.314,-0.271,0.30400615,0.73549875,14.03331615,42.6899986267,41.57371521,-0.0799999982119,-1.25477933884,67.5817260742,7.46104288101,17.7203788757,-0.59837770462,97398.5229492,9.89999961853,-279.965393066,False
49.800000000000004,-0.273,-0.287,-0.272,0.0980665,0.8433719,11.964113,39.9599990845,41.57371521,-0.579999983311,-1.25477933884,67.5817260742,6.2342839241,18.1459941864,-0.697470903397,97397.6989746,9.76999950409,-299.224273682,False
49.900000000000006,-0.14,-0.265,-0.284,0.06864655,0.81395195,11.3561007,41.6800003052,41.57371521,-0.729999959469,-1.25477933884,67.5817260742,5.56539487839,18.322353363,-0.641146838665,97393.0114746,9.68999958038,-299.224273682,False
50.0,-0.116,-0.263,-0.287,0.02941995,0.85317855,12.6113519,40.7999992371,39.4465713501,-0.819999992847,-0.379940152168,75.8129348755,4.76298570633,18.4769020081,-0.604724645615,97395.2087402,9.63000011444,-300.224304199,False
50.1,-0.118,-0.267,-0.286,0.0980665,0.8629852,13.26839745,41.4300003052,39.4465713501,-1.0,-0.379940152168,75.8129348755,4.19716453552,18.5590457916,-0.659862577915,97394.8120117,9.56999969482,-292.65020752,False
50.2,-0.118,-0.267,-0.286,0.0980665,0.8629852,13.26839745,40.3299980164,39.4465713501,-1.22000002861,-0.379940152168,75.8129348755,3.34287190437,18.6413631439,-0.785020291805,97394.8120117,9.5,-291.65020752,False
50.300000000000004,-0.095,-0.241,-0.3,-0.06864655,1.04931155,12.1994726,41.5099983215,39.4465713501,-1.4699999094,-0.379940152168,75.8129348755,2.96665716171,18.6536960602,-0.797803878784,97394.5922852,9.4299993515,-317.020996094,False
50.400000000000006,-0.053,-0.19,-0.386,-0.28439285,0.69627215,9.610517,40.75,39.4465713501,-1.59999990463,-0.379940152168,75.8129348755,2.30553770065,18.6400337219,-0.681893885136,97388.659668,9.3499994278,-317.020996094,False
50.5,-0.121,-0.219,-0.372,-0.26477955,0.48052585,10.38524235,41.2399978638,37.2922019958,-1.64999997616,-0.633589446545,86.7948074341,1.77266776562,18.5978565216,-0.525865316391,97389.0075684,9.27999973297,-307.351501465,False
50.6,-0.121,-0.219,-0.372,-0.26477955,0.48052585,10.38524235,41.2399978638,37.2922019958,-1.65999996662,-0.633589446545,86.7948074341,1.43030273914,18.5671882629,-0.430239349604,97389.0075684,9.27999973297,-307.351501465,False
50.7,0.205,-0.248,-0.259,-0.2353596,0.26477955,11.0030613,39.6299972534,37.2922019958,-1.61000001431,-0.633589446545,86.7948074341,0.617582321167,18.4561100006,-0.21141628921,97387.322998,9.19999980927,-292.309204102,False
50.800000000000004,0.205,-0.248,-0.259,-0.2353596,0.26477955,11.0030613,39.8600006104,37.2922019958,-1.55999994278,-0.633589446545,86.7948074341,-0.0621069185436,18.3492336273,-0.152256593108,97387.322998,9.18999958038,-292.309204102,False
50.900000000000006,0.095,-0.282,-0.168,-0.00980665,0.8237586,12.7682583,38.5799980164,40.4356002808,-1.54999995232,-0.456720620394,96.1711425781,-0.794446825981,18.2172698975,-0.14990028739,97379.6142578,9.17000007629,-261.730957031,False
51.0,0.095,-0.282,-0.168,-0.00980665,0.8237586,12.7682583,38.5799980164,40.4356002808,-1.53999996185,-0.456720620394,96.1711425781,-1.2410235405,18.1289615631,-0.184331446886,97379.6142578,9.17000007629,-261.730957031,False
51.1,-0.268,-0.244,-0.234,0.04903325,0.83356525,12.1798593,36.0699996948,40.4356002808,-1.73000001907,-0.456720620394,96.1711425781,-2.27784967422,17.8691978455,-0.297058641911,97386.6760254,9.13999938965,-243.396759033,False
51.2,-0.268,-0.244,-0.234,0.04903325,0.83356525,12.1798593,36.0699996948,40.4356002808,-1.74000000954,-0.456720620394,96.1711425781,-2.7811870575,17.7209320068,-0.257611036301,97386.6760254,9.13999938965,-243.396759033,False
51.300000000000004,0.033,-0.229,-0.308,0.02941995,0.9610517,12.1014061,33.5099983215,40.4356002808,-1.84999990463,-0.456720620394,96.1711425781,-3.50711035728,17.4683666229,-0.236877605319,97381.2683105,9.09000015259,-227.78338623,False
51.400000000000006,0.033,-0.229,-0.308,0.02941995,0.9610517,12.1014061,33.5099983215,39.0569648743,-1.83999991417,0.789085268974,105.033348083,-3.88870644569,17.329706192,-0.22901314497,97381.2683105,9.09000015259,-227.78338623,False
51.5,-0.066,-0.242,-0.331,0.0196133,0.7256921,11.3168741,30.0999984741,39.0569648743,-1.90999996662,0.789085268974,105.033348083,-4.74350070953,16.97174263,-0.152875468135,97381.5124512,9.05000019073,-211.066436768,False
51.6,-0.066,-0.242,-0.331,0.0196133,0.7256921,11.3168741,30.0999984741,39.0569648743,-1.91999995708,0.789085268974,105.033348083,-5.23137903214,16.7544994354,-0.122561447322,97381.5124512,9.05000019073,-211.066436768,False
51.7,-0.302,-0.234,-0.291,0.12748645,0.7649187,12.2583125,26.109998703,39.0569648743,-1.94999992847,0.789085268974,105.033348083,-5.96889305115,16.4077682495,-0.156407430768,97377.7648926,9.03999996185,-221.337127686,False
51.800000000000004,-0.247,-0.178,-0.306,0.196133,0.8433719,12.2190859,23.9099998474,36.8697738647,-2.01999998093,0.47231015563,113.978713989,-6.55084466934,16.1133975983,-0.192975014448,97378.137207,9.02999973297,-221.337127686,False
51.900000000000006,-0.342,-0.146,-0.295,0.26477955,0.980665,12.20927925,21.6299991608,36.8697738647,-2.12999987602,0.47231015563,113.978713989,-7.19251441956,15.7616624832,-0.288698196411,97378.137207,9.01999950409,-205.14239502,False
52.0,-0.342,-0.146,-0.295,0.26477955,0.980665,12.20927925,19.3899993896,36.8697738647,-2.25,0.47231015563,113.978713989,-7.47774171829,15.596821785,-0.301841020584,97377.3620605,9.0,-205.14239502,False
52.1,-0.248,-0.109,-0.318,0.10787315,0.5099458,9.77723005,17.4599990845,36.8697738647,-2.28999996185,0.47231015563,113.978713989,-7.93133640289,15.3017425537,-0.176386535168,97375.5737305,8.97000026703,-193.4637146,False
52.2,-0.248,-0.109,-0.318,0.10787315,0.5099458,9.77723005,15.6099996567,30.399017334,-2.25999999046,-0.733163297176,122.002044678,-8.23089504242,15.1018066406,-0.0988201498985,97375.5737305,8.96000003815,-193.4637146,False
52.300000000000004,-0.325,-0.116,-0.244,0.0392266,0.75511205,10.44408225,13.6899995804,30.399017334,-2.25,-0.733163297176,122.002044678,-8.65408229828,14.7960338593,-0.0174435079098,97374.5544434,8.94999980927,-183.382415771,False
52.400000000000006,-0.365,-0.111,-0.261,-0.0196133,0.6668522,10.91480145,11.7899999619,30.399017334,-2.25,-0.733163297176,122.002044678,-8.96891593933,14.5505065918,0.0120079107583,97375.1708984,8.94999980927,-183.382415771,False
52.5,-0.365,-0.111,-0.261,-0.0196133,0.6668522,10.91480145,9.80999946594,30.399017334,-2.25999999046,-0.733163297176,122.002044678,-9.26760196686,14.3083925247,0.0286542661488,97375.1708984,8.94999980927,-185.474975586,False
52.6,-0.299,-0.115,-0.252,-0.00980665,0.73549875,10.4735022,8.0,24.5406723022,-2.25,-1.26588404179,128.196533203,-9.47708034515,14.1262121201,0.0446056090295,97372.3632812,8.96000003815,-185.474975586,False
52.7,-0.359,-0.091,-0.249,-0.0784532,0.69627215,10.4931155,6.2999997139,24.5406723022,-2.25999999046,-1.26588404179,128.196533203,-9.74723434448,13.8702764511,0.0492695756257,97374.5361328,8.97000026703,-183.804504395,False
52.800000000000004,-0.38,-0.1,-0.233,0.02941995,0.53936575,11.89546645,4.63000011444,24.5406723022,-2.32999992371,-1.26588404179,128.196533203,-9.97322273254,13.6558818817,-0.0509660765529,97373.4191895,8.97000026703,-183.804504395,False
52.900000000000006,-0.287,-0.11,-0.201,-0.00980665,0.50013915,11.87585315,2.89999985695,17.6809234619,-2.45000004768,-1.15329062939,132.929550171,-10.1812591553,13.4467153549,-0.184949919581,97377.7038574,8.96000003815,-178.136825562,False
53.0,-0.287,-0.11,-0.201,-0.00980665,0.50013915,11.87585315,1.28999996185,17.6809234619,-2.61999988556,-1.15329062939,132.929550171,-10.3794336319,13.218873024,-0.326365500689,97377.7038574,8.93999958038,-178.136825562,False
53.1,-0.115,-0.057,-0.17,-0.0784532,0.6080123,11.01286795,-0.170000001788,17.6809234619,-2.75999999046,-1.15329062939,132.929550171,-10.4898414612,13.0781774521,-0.345445603132,97376.4648438,8.90999984741,-167.421340942,False
53.2,-0.134,-0.041,-0.15,-0.18632635,0.5687857,9.91452315,-1.48000001907,17.6809234619,-2.83999991417,-1.15329062939,132.929550171,-10.5525856018,12.9852819443,-0.318911641836,97373.651123,8.88000011444,-167.421340942,False
53.300000000000004,-0.242,-0.031,-0.138,-0.2157463,0.4707192,9.18883105,-2.61999988556,17.6809234619,-2.82999992371,-1.15329062939,132.929550171,-10.6601886749,12.8120546341,-0.175155311823,97371.7651367,8.8499994278,-160.176467896,False
53.400000000000006,-0.35,-0.048,-0.12,-0.16671305,0.5295591,9.87529655,-3.70999979973,12.996676445,-2.82999992371,-0.78819590807,137.405319214,-10.7444076538,12.6516456604,-0.111817829311,97375.994873,8.82999992371,-160.176467896,False
53.5,-0.318,-0.043,-0.113,-0.16671305,0.61781895,10.07142955,-4.71000003815,12.996676445,-2.84999990463,-0.78819590807,137.405319214,-10.791847229,12.544549942,-0.0843045115471,97371.4294434,8.82999992371,-147.169311523,False
53.6,-0.318,-0.043,-0.113,-0.16671305,0.61781895,10.07142955,-5.51999998093,12.996676445,-2.88999986649,-0.78819590807,137.405319214,-10.816617012,12.4519586563,-0.135075449944,97371.4294434,8.81999969482,-147.169311523,False
53.7,-0.39,-0.037,-0.123,0.0,0.3726527,12.46425215,-6.19000005722,4.71407842636,-3.02999997139,-0.425512999296,139.881988525,-10.8378658295,12.4036054611,-0.384030401707,97375.8544922,8.80999946594,-134.642410278,False
53.800000000000004,-0.39,-0.037,-0.123,0.0,0.3726527,12.46425215,-6.80999994278,4.71407842636,-3.29999995232,-0.425512999296,139.881988525,-10.8378400803,12.3674602509,-0.508262395859,97375.8544922,8.76999950409,-134.642410278,False
53.900000000000006,-0.203,0.001,-0.074,-0.1176798,0.3334261,10.4538889,-7.25999975204,4.71407842636,-3.47000002861,-0.425512999296,139.881988525,-10.8181295395,12.3347759247,-0.537598073483,97372.3388672,8.72999954224,-130.877502441,False
54.0,-0.157,0.013,-0.039,-0.0980665,0.2157463,9.8458766,-7.25999975204,4.71407842636,-3.47000002861,-0.425512999296,139.881988525,-10.7995643616,12.3164815903,-0.517502784729,97372.5219727,8.72999954224,-130.877502441,False
54.1,-0.209,0.003,0.048,-0.2157463,0.26477955,10.24794925,-7.94000005722,0.304154396057,-3.73000001907,-0.508144557476,140.835983276,-10.7428655624,12.299246788,-0.513519525528,97372.4487305,8.61999988556,-114.637184143,False
54.2,-0.209,0.003,0.048,-0.2157463,0.26477955,10.24794925,-8.10999965668,0.304154396057,-3.88999986649,-0.508144557476,140.835983276,-10.6963806152,12.3031435013,-0.546164155006,97367.1447754,8.56999969482,-114.637184143,False
54.300000000000004,-0.203,0.018,0.076,-0.14709975,0.4314926,10.5127288,-8.10999965668,0.304154396057,-4.08999967575,-0.508144557476,140.835983276,-10.6132078171,12.3355894089,-0.62618714571,97368.6462402,8.51000022888,-108.301544189,False
54.400000000000006,-0.338,0.029,0.079,-0.30400615,0.67665885,9.50264385,-7.94000005722,0.304154396057,-4.30999994278,-0.508144557476,140.835983276,-10.4879255295,12.3923187256,-0.62586838007,97370.3125,8.43999958038,-108.301544189,False
54.5,-0.319,-0.024,0.043,-0.2353596,0.51975245,11.3953273,-7.59999990463,-5.03238391876,-4.44000005722,-0.874594688416,138.960235596,-10.3487100601,12.4723920822,-0.648561358452,97372.833252,8.38000011444,-96.014213562,False
54.6,-0.319,-0.024,0.043,-0.2353596,0.51975245,11.3953273,-7.00999975204,-5.03238391876,-4.69000005722,-0.874594688416,138.960235596,-10.2216176987,12.5566177368,-0.724797725677,97372.833252,8.30999946594,-96.014213562,False
54.7,-0.137,0.013,-0.003,-0.32361945,0.5099458,11.58165365,-6.23999977112,-5.03238391876,-4.96999979019,-0.874594688416,138.960235596,-10.0557746887,12.6702318192,-0.838327884674,97369.7692871,8.23999977112,-93.0229187012,False
54.800000000000004,-0.003,0.02,-0.005,-0.4314926,0.2353596,9.9635564,-5.6299996376,-5.03238391876,-5.19000005722,-0.874594688416,138.960235596,-9.87243461609,12.7657232285,-0.786091327667,97365.9301758,8.15999984741,-93.0229187012,False
54.900000000000006,-0.021,0.008,0.011,-0.46091255,0.34323275,9.9439431,-5.6299996376,-7.47721147537,-5.19000005722,-1.13318860531,138.607040405,-9.78370857239,12.8078727722,-0.740679264069,97365.9301758,8.07999992371,-80.8980941772,False
55.0,0.035,0.021,0.015,-0.53936575,0.26477955,8.4141057,-4.46999979019,-7.47721147537,-5.44999980927,-1.13318860531,138.607040405,-9.61772537231,12.8772087097,-0.577703177929,97365.5151367,8.01000022888,-80.8980941772,False
55.1,0.021,0.002,0.034,-0.46091255,0.2157463,8.81617835,-3.88999986649,-7.47721147537,-5.48999977112,-1.13318860531,138.607040405,-9.42799949646,12.9579849243,-0.374065339565,97365.2954102,7.96000003815,-70.2924728394,False
55.2,0.065,-0.005,0.032,-0.44129925,0.3334261,10.2773692,-3.27999997139,-7.47721147537,-5.55999994278,-1.13318860531,138.607040405,-9.31531715393,13.012928009,-0.364354044199,97364.050293,7.91999959946,-70.2924728394,False
55.300000000000004,0.065,-0.005,0.032,-0.44129925,0.3334261,10.2773692,-2.69000005722,-6.2292509079,-5.67000007629,-1.47552454472,137.638259888,-9.21190261841,13.0560808182,-0.391766399145,97362.487793,7.8799996376,-63.338470459,False
55.400000000000006,0.032,0.002,0.082,-0.3530394,0.3334261,11.52281375,-2.69000005722,-6.2292509079,-5.67000007629,-1.47552454472,137.638259888,-9.1079492569,13.1068296432,-0.457319885492,97362.8479004,7.8799996376,-63.338470459,False
55.5,0.006,0.044,0.064,-0.4903325,0.5687857,9.75761675,-1.43999993801,-6.2292509079,-6.03999996185,-1.47552454472,137.638259888,-8.91093635559,13.1933736801,-0.487517356873,97361.2060547,7.78999996185,-50.0637054443,False
55.6,-0.078,0.023,0.024,-0.3726527,0.75511205,11.2776475,-0.729999959469,-6.2292509079,-6.19000005722,-1.47552454472,137.638259888,-8.76129627228,13.2723121643,-0.529450893402,97362.4694824,7.73999977112,-50.0637054443,False
55.7,-0.076,0.049,-0.034,-0.48052585,0.7060788,10.44408225,0.129999995232,-5.68998193741,-6.42999982834,-2.1021900177,136.066925049,-8.63576984406,13.3471078873,-0.613611459732,97362.0666504,7.67999982834,-53.1894683838,False
55.800000000000004,-0.021,0.057,-0.064,-0.51975245,0.46091255,8.8063717,0.979999959469,-5.68998193741,-6.63999986649,-2.1021900177,136.066925049,-8.46438980103,13.4340286255,-0.575730979443,97358.4289551,7.61999988556,-53.1894683838,False
55.900000000000006,-0.021,0.057,-0.064,-0.51975245,0.46091255,8.8063717,1.70999991894,-5.68998193741,-6.73999977112,-2.1021900177,136.066925049,-8.36137294769,13.470281601,-0.464083552361,97358.4289551,7.5499997139,-44.0006256104,False
56.0,0.157,0.06,-0.066,-0.4511059,0.2549729,8.89463155,2.28999996185,-5.68998193741,-6.7999997139,-2.1021900177,136.066925049,-8.23783683777,13.5165462494,-0.296773970127,97358.581543,7.5,-44.0006256104,False
56.1,0.157,0.06,-0.066,-0.4511059,0.2549729,8.89463155,2.75999999046,-5.68998193741,-6.86999988556,-2.1021900177,136.066925049,-8.15877246857,13.5361242294,-0.254339545965,97358.581543,7.46999979019,-42.8544998169,False
56.2,0.081,0.024,-0.002,-0.5295591,0.20593965,10.14988275,3.21000003815,-3.84690308571,-6.96000003815,-3.23243737221,137.224899292,-8.07039070129,13.573548317,-0.212068378925,97362.8051758,7.44000005722,-42.8544998169,False
56.300000000000004,0.064,0.033,0.048,-0.4903325,0.46091255,8.95347145,3.21000003815,-3.84690308571,-6.96000003815,-3.23243737221,137.224899292,-8.02390861511,13.5902042389,-0.0559454746544,97356.4331055,7.44000005722,-42.8544998169,False
56.400000000000006,0.107,0.033,-0.013,-0.48052585,0.18632635,7.91396655,4.02999973297,-3.84690308571,-6.63999986649,-3.23243737221,137.224899292,-7.94043302536,13.6046514511,0.41135007143,97358.9050293,7.44000005722,-33.8735580444,False
56.5,0.03,0.048,0.003,-0.4118793,0.36284605,8.87501825,4.33999967575,-2.42099571228,-6.5,-4.02564001083,136.799865723,-7.89040279388,13.6286182404,0.475923627615,97358.1787109,7.48000001907,-29.9922943115,False
56.6,0.03,0.048,0.003,-0.4118793,0.36284605,8.87501825,4.59999990463,-2.42099571228,-6.32999992371,-4.02564001083,136.799865723,-7.86227321625,13.6312637329,0.624955534935,97358.1787109,7.52999973297,-29.9922943115,False
56.7,0.112,0.04,0.011,-0.4903325,0.1765197,8.6690786,4.73999977112,-2.42099571228,-6.08999967575,-4.02564001083,136.799865723,-7.84737968445,13.6231403351,0.745900332928,97355.5969238,7.59999990463,-28.5276412964,False
56.800000000000004,0.178,0.04,0.042,-0.4511059,0.0784532,9.69877685,4.76999998093,-2.42099571228,-5.88999986649,-4.02564001083,136.799865723,-7.84935426712,13.622549057,0.816138505936,97356.7871094,7.67999982834,-28.5276412964,False
56.900000000000006,0.035,0.038,0.079,-0.32361945,0.6472389,9.8458766,4.76999998093,-2.42099571228,-5.88999986649,-4.02564001083,136.799865723,-7.83455467224,13.6346254349,0.814515292645,97355.4016113,7.67999982834,-28.5276412964,False
57.0,-0.028,0.048,0.053,-0.392266,0.7453054,9.2770909,4.92000007629,0.767977058887,-5.73000001907,-5.08515071869,135.459259033,-7.82159805298,13.661444664,0.889401614666,97357.5683594,7.75999975204,-30.2598953247,False
57.1,-0.087,0.047,0.003,-0.34323275,0.40207265,8.3552658,5.10999965668,0.767977058887,-5.52999973297,-5.08515071869,135.459259033,-7.81012439728,13.678694725,1.00303459167,97359.753418,7.83999967575,-30.2598953247,False
57.2,-0.004,0.008,-0.018,-0.3334261,0.4118793,9.7674234,5.44999980927,-0.522721230984,-5.0499997139,-5.80541467667,134.952087402,-7.80966520309,13.7383241653,1.06029427052,97365.4296875,8.01999950409,-35.0408554077,False
57.300000000000004,0.021,0.007,-0.015,-0.30400615,0.32361945,9.36535075,5.65999984741,-0.522721230984,-4.80999994278,-5.80541467667,134.952087402,-7.80610227585,13.7767009735,1.11481523514,97368.536377,8.11999988556,-37.505531311,False
57.400000000000006,0.021,0.007,-0.015,-0.30400615,0.32361945,9.36535075,5.84999990463,-0.522721230984,-4.53999996185,-5.80541467667,134.952087402,-7.80649518967,13.8199357986,1.17603635788,97368.536377,8.22999954224,-37.505531311,False
57.5,0.07,-0.01,-0.006,-0.3138128,0.4707192,9.0809579,6.0499997139,-0.522721230984,-4.25,-5.80541467667,134.952087402,-7.81031894684,13.852309227,1.22846651077,97371.3623047,8.3499994278,-54.1715621948,False
57.6,0.09,-0.023,-0.01,-0.3334261,0.48052585,9.73800345,6.23999977112,0.661599993706,-3.90999984741,-5.84766483307,134.833343506,-7.81175041199,13.8926134109,1.31348955631,97369.5739746,8.47999954224,-54.1715621948,False
57.7,0.167,-0.025,-0.024,-0.3726527,0.34323275,9.73800345,6.38999986649,0.661599993706,-3.57999992371,-5.84766483307,134.833343506,-7.8213763237,13.9234209061,1.3618568182,97372.833252,8.60999965668,-56.1023712158,False
57.800000000000004,0.226,-0.021,-0.028,-0.24516625,0.392266,9.36535075,6.44000005722,0.661599993706,-3.22000002861,-5.84766483307,134.833343506,-7.85671806335,13.946138382,1.42798566818,97372.833252,8.75,-56.1023712158,False
57.900000000000006,0.226,-0.021,-0.028,-0.24516625,0.392266,9.36535075,6.38999986649,0.661599993706,-2.87999987602,-5.84766483307,134.833343506,-7.89807939529,13.9544448853,1.43181014061,97375.5432129,8.89999961853,-67.4268722534,False
58.0,0.112,-0.05,-0.019,-0.1372931,0.32361945,10.7480884,6.17999982834,4.4798822403,-2.55999994278,-5.38064098358,135.061569214,-7.98588848114,13.9434804916,1.36936068535,97379.7058105,9.03999996185,-67.4268722534,False
58.1,0.112,-0.05,-0.019,-0.1372931,0.32361945,10.7480884,6.17999982834,4.4798822403,-2.55999994278,-5.38064098358,135.061569214,-8.02304458618,13.9365282059,1.33396780491,97379.7058105,9.03999996185,-67.4268722534,False
58.2,-0.051,-0.084,0.021,0.02941995,0.38245935,12.13082605,5.48999977112,4.4798822403,-2.06999993324,-5.38064098358,135.061569214,-8.17869758606,13.9033069611,1.1318410635,97377.4047852,9.30999946594,-74.7840881348,False
58.300000000000004,-0.103,-0.064,0.036,0.02941995,0.0980665,11.4737805,4.96999979019,4.4798822403,-1.95999991894,-5.38064098358,135.061569214,-8.27013301849,13.8787508011,0.981260716915,97384.8205566,9.40999984741,-83.0001831055,False
58.400000000000006,0.047,-0.106,0.068,0.2353596,0.16671305,13.2978174,4.40000009537,4.4798822403,-1.88999998569,-5.38064098358,135.061569214,-8.41058635712,13.8426980972,0.668359518051,97384.3078613,9.51000022888,-83.0001831055,False
58.5,0.089,-0.085,0.106,0.1765197,0.2941995,12.748645,3.84999990463,5.70604515076,-1.95999991894,-3.21614742279,134.161087036,-8.52404212952,13.8104848862,0.39621090889,97386.3830566,9.56999969482,-93.3073043823,False
58.6,0.089,-0.085,0.106,0.1765197,0.2941995,12.748645,3.28999996185,5.70604515076,-2.02999997139,-3.21614742279,134.161087036,-8.58056640625,13.7881183624,0.266082584858,97386.3830566,9.5999994278,-96.1669921875,False
58.7,-0.056,0.02,0.054,-0.0392266,1.06892485,8.5906254,3.00999999046,5.70604515076,-2.00999999046,-3.21614742279,134.161087036,-8.64038276672,13.7686958313,0.314254611731,97385.1257324,9.61999988556,-96.1669921875,False
58.800000000000004,-0.056,0.02,0.054,-0.0392266,1.06892485,8.5906254,3.0,5.70604515076,-2.00999999046,-3.21614742279,134.161087036,-8.64489555359,13.7765140533,0.35905739665,97388.3789062,9.61999988556,-96.1669921875,False
58.900000000000006,-0.011,0.046,-0.136,0.04903325,0.8629852,8.85540495,2.95000004768,6.32294750214,-1.7199999094,-2.68062901497,132.376708984,-8.67117118835,13.7982387543,0.49949452281,97390.9606934,9.67000007629,-107.437133789,False
59.0,-0.011,0.046,-0.136,0.04903325,0.8629852,8.85540495,2.83999991417,6.32294750214,-1.51999998093,-2.68062901497,132.376708984,-8.68584823608,13.8020019531,0.546034455299,97390.9606934,9.71999931335,-107.437133789,False
59.1,-0.035,0.044,-0.171,-0.0392266,0.69627215,8.89463155,2.66999983788,6.32294750214,-1.28999996185,-2.68062901497,132.376708984,-8.72575569153,13.8037471771,0.654495894909,97389.4348145,9.77999973297,-118.365478516,False
59.2,0.027,0.015,-0.175,0.0392266,0.3726527,9.4928372,2.66999983788,6.13412714005,-1.28999996185,-3.60459828377,134.622680664,-8.78785610199,13.7928848267,0.72321999073,97389.3493652,9.77999973297,-118.365478516,False
59.300000000000004,-0.069,-0.032,-0.093,0.0,0.196133,9.9635564,2.01999998093,6.13412714005,-0.77999997139,-3.60459828377,134.622680664,-8.87902832031,13.7669811249,0.819652140141,97392.388916,9.94999980927,-115.350914001,False
59.400000000000006,-0.069,-0.032,-0.093,0.0,0.196133,9.9635564,1.62000000477,6.13412714005,-0.509999990463,-3.60459828377,134.622680664,-8.94801521301,13.7527322769,0.858018279076,97392.388916,10.0399999619,-115.350914001,False
59.5,-0.164,-0.044,-0.036,0.196133,0.3138128,10.7480884,1.25999999046,4.71174573898,-0.319999992847,-3.24116635323,136.43031311,-9.0007019043,13.7526493073,0.78218793869,97390.0695801,10.1399993896,-123.107910156,False
59.6,-0.224,-0.036,0.052,0.16671305,0.24516625,10.89518815,0.839999973774,4.71174573898,-0.259999990463,-3.24116635323,136.43031311,-9.10834598541,13.766248703,0.546628594398,97394.2565918,10.2100000381,-123.107910156,False
59.7,-0.154,-0.06,0.061,0.2157463,0.38245935,11.48358715,0.699999988079,4.71174573898,-0.159999996424,-3.24116635323,136.43031311,-9.13199043274,13.7906179428,0.420270055532,97394.8364258,10.279999733,-121.05846405,False
59.800000000000004,-0.154,-0.06,0.061,0.2157463,0.38245935,11.48358715,0.699999988079,4.71174573898,-0.159999996424,-3.24116635323,136.43031311,-9.15085887909,13.8106412888,0.327467352152,97394.8364258,10.279999733,-121.05846405,False
59.900000000000006,-0.205,-0.039,0.099,0.08825985,0.5099458,10.5519554,0.589999973774,4.71174573898,-0.129999995232,-3.24116635323,136.43031311,-9.17356967926,13.8608188629,0.128825366497,97398.059082,10.3599996567,-136.931228638,False
60.0,-0.127,-0.002,0.052,-0.00980665,0.77472535,9.8458766,0.709999978542,1.04775416851,-0.0999999940395,-1.88377833366,134.616363525,-9.1422662735,13.9054470062,0.120772138238,97399.3835449,10.3800001144,-136.931228638,False
60.1,-0.127,-0.002,0.052,-0.00980665,0.77472535,9.8458766,1.03999996185,1.04775416851,-0.00999999977648,-1.88377833366,134.616363525,-9.10621929169,13.9383573532,0.154449850321,97398.1201172,10.3899993896,-136.460113525,False
60.2,0.04,-0.037,-0.041,0.0,0.3334261,8.95347145,1.29999995232,1.04775416851,0.179999992251,-1.88377833366,134.616363525,-9.04846668243,13.9918603897,0.359596312046,97396.9665527,10.4200000763,-136.460113525,False
60.300000000000004,-0.017,-0.045,-0.021,0.0392266,0.4707192,9.77723005,1.56999993324,1.04775416851,0.379999995232,-1.88377833366,134.616363525,-9.0158996582,14.0215082169,0.428278505802,97396.9665527,10.4699993134,-145.509719849,False
60.400000000000006,-0.017,-0.045,-0.021,0.0392266,0.4707192,9.77723005,1.76999998093,1.23023557663,0.560000002384,-1.5228382349,134.527481079,-8.99391937256,14.0486068726,0.447919011116,97400.5065918,10.5199995041,-145.509719849,False
60.5,-0.129,-0.071,0.011,0.26477955,0.4511059,11.77778665,2.08999991417,1.23023557663,0.719999969006,-1.5228382349,134.527481079,-8.95551967621,14.0956106186,0.38719445467,97401.4221191,10.5799999237,-143.561553955,False
60.6,-0.126,-0.057,0.029,0.20593965,0.08825985,11.375714,2.36999988556,1.23023557663,0.769999980927,-1.5228382349,134.527481079,-8.91546440125,14.1384086609,0.23137806356,97401.4221191,10.6300001144,-143.561553955,False
60.7,-0.117,-0.067,0.091,0.24516625,0.2941995,11.16977435,2.69000005722,1.23023557663,0.789999961853,-1.5228382349,134.527481079,-8.87143230438,14.1704072952,0.108662471175,97400.7995605,10.6599998474,-149.46383667,False
60.800000000000004,-0.117,-0.067,0.091,0.24516625,0.2941995,11.16977435,3.07999992371,-1.16674768925,0.789999961853,-0.124223530293,133.515777588,-8.83542251587,14.1999416351,0.0223567578942,97400.7995605,10.6899995804,-149.46383667,False
60.900000000000006,0.048,-0.044,0.094,0.20593965,0.48052585,10.8461549,3.66999983788,-1.16674768925,0.759999990463,-0.124223530293,133.515777588,-8.70906829834,14.2860326767,-0.144628882408,97400.4760742,10.6899995804,-150.190734863,False
61.0,0.062,-0.049,0.079,0.1569064,0.63743225,11.50320045,3.66999983788,-1.16674768925,0.759999990463,-0.124223530293,133.515777588,-8.65204048157,14.3222856522,-0.205445736647,97401.7150879,10.6899995804,-150.190734863,False
61.1,0.001,-0.045,0.055,0.14709975,0.59820565,10.8069283,4.88000011444,-0.447729736567,0.629999995232,0.59852874279,131.896453857,-8.52309513092,14.3876390457,-0.295316249132,97402.331543,10.6599998474,-158.267593384,False
61.2,0.017,-0.037,0.021,0.12748645,0.53936575,10.77750835,5.48000001907,-0.447729736567,0.569999992847,0.59852874279,131.896453857,-8.44528198242,14.4191570282,-0.332001179457,97402.2216797,10.6399993896,-158.267593384,False
61.300000000000004,0.269,-0.021,-0.012,0.1176798,0.48052585,9.6693569,6.03999996185,-0.447729736567,0.519999980927,0.59852874279,131.896453857,-8.38385295868,14.4360532761,-0.307894557714,97403.1982422,10.6099996567,-158.561325073,False
61.400000000000006,0.269,-0.021,-0.012,0.1176798,0.48052585,9.6693569,6.03999996185,-0.447729736567,0.519999980927,0.59852874279,131.896453857,-8.343085289,14.437713623,-0.292355567217,97398.651123,10.5799999237,-156.652832031,False
61.5,0.262,-0.035,-0.014,0.196133,0.36284605,10.6500219,6.77999973297,2.55868434906,0.469999998808,1.05536484718,131.683151245,-8.30503559113,14.4220399857,-0.351988941431,97403.2653809,10.5599994659,-156.652832031,False
61.6,0.262,-0.035,-0.014,0.196133,0.36284605,10.6500219,6.77999973297,2.55868434906,0.479999989271,1.05536484718,131.683151245,-8.30159473419,14.4029140472,-0.393210530281,97403.2653809,10.5599994659,-156.652832031,False
61.7,0.333,-0.018,-0.011,0.28439285,0.40207265,10.67944185,6.80999994278,6.11243104935,0.280000001192,1.4487169981,131.724945068,-8.32813358307,14.3248910904,-0.514672994614,97397.4365234,10.5,-97.6741790771,False
61.800000000000004,0.037,-0.006,0.011,0.28439285,0.34323275,10.50292215,6.56999969482,6.11243104935,0.170000001788,1.4487169981,131.724945068,-8.3996591568,14.2229213715,-0.57968467474,97395.6481934,10.4600000381,-97.6741790771,False
61.900000000000006,0.01,0.003,0.041,0.24516625,0.34323275,9.89490985,6.19000005722,6.11243104935,0.0499999970198,1.4487169981,131.724945068,-8.45405769348,14.1416091919,-0.577600061893,97399.0905762,10.4099998474,-91.8357849121,False
62.0,0.01,0.003,0.041,0.24516625,0.34323275,9.89490985,5.71999979019,6.11243104935,-0.019999999553,1.4487169981,131.724945068,-8.51217556,14.0559902191,-0.557984828949,97399.0905762,10.3599996567,-91.8357849121,False
62.1,-0.051,-0.003,0.039,0.0784532,0.3530394,9.3163175,5.2999997139,9.19405174255,-0.119999997318,1.62530422211,131.081375122,-8.56297779083,13.9659156799,-0.530309617519,97391.003418,10.3000001907,-87.9451751709,False
62.2,-0.035,-0.035,0.04,0.10787315,0.36284605,10.5323421,4.88000011444,9.19405174255,-0.170000001788,1.62530422211,131.081375122,-8.6120557785,13.8748474121,-0.488437056541,97395.4772949,10.25,-87.9451751709,False
62.300000000000004,-0.029,4.1637991171e-18,0.034,0.0,0.26477955,9.95374975,4.44999980927,9.19405174255,-0.280000001192,1.62530422211,131.081375122,-8.66644477844,13.7629680634,-0.492443084717,97393.7805176,10.1999998093,-71.5396881104,False
62.400000000000006,-0.041,-0.019,0.044,-0.0392266,0.24516625,10.7677017,3.91999983788,9.19405174255,-0.370000004768,1.62530422211,131.081375122,-8.71379756927,13.6532869339,-0.509560644627,97390.4724121,10.1499996185,-71.5396881104,False
62.5,-0.041,-0.019,0.044,-0.0392266,0.24516625,10.7677017,3.47000002861,9.19405174255,-0.479999989271,1.62530422211,131.081375122,-8.73299121857,13.5693302155,-0.502827763557,97390.4724121,10.0999994278,-66.7554855347,False
62.6,-0.24,-0.006,0.056,-0.0784532,0.50013915,10.198916,3.15999984741,8.40074253082,-0.569999992847,1.90137910843,129.775222778,-8.72897338867,13.4792165756,-0.472530424595,97394.4519043,10.0500001907,-66.7554855347,False
62.7,-0.273,-0.021,0.002,0.0588399,0.73549875,10.5323421,3.1099998951,8.40074253082,-0.689999997616,1.90137910843,129.775222778,-8.71041107178,13.4192438126,-0.537175297737,97390.9301758,10.0,-44.5245742798,False
62.800000000000004,-0.273,-0.021,0.002,0.0588399,0.73549875,10.5323421,3.06999993324,8.40074253082,-0.810000002384,1.90137910843,129.775222778,-8.68052101135,13.3887548447,-0.506094634533,97390.9301758,9.94999980927,-44.5245742798,False
62.900000000000006,-0.149,0.013,-0.058,0.0196133,0.3334261,10.28717585,3.12999987602,8.40074253082,-0.889999985695,1.90137910843,129.775222778,-8.63850784302,13.3390760422,-0.503172516823,97389.0380859,9.90999984741,-36.6128921509,False
63.0,-0.149,0.013,-0.058,0.0196133,0.3334261,10.28717585,3.09999990463,8.40074253082,-0.989999949932,1.90137910843,129.775222778,-8.6098947525,13.2961587906,-0.497016012669,97389.0380859,9.85999965668,-36.6128921509,False
63.1,0.09,0.026,0.021,-0.0588399,0.12748645,9.63993695,3.15999984741,2.8989648819,-1.10000002384,1.54117918015,129.887054443,-8.58222293854,13.2420005798,-0.491893976927,97388.7817383,9.80999946594,-27.40650177,False
63.2,0.09,0.026,0.021,-0.0588399,0.12748645,9.63993695,3.07999992371,2.8989648819,-1.14999997616,1.54117918015,129.887054443,-8.57255649567,13.206662178,-0.3853289783,97388.7817383,9.76000022888,-27.40650177,False
63.300000000000004,0.169,0.032,0.055,-0.0784532,0.3334261,8.1787461,3.09999990463,2.8989648819,-1.10000002384,1.54117918015,129.887054443,-8.55278778076,13.1742343903,-0.198343530297,97384.7167969,9.72999954224,-22.7769851685,False
63.400000000000006,0.169,0.032,0.055,-0.0784532,0.3334261,8.1787461,3.09999990463,2.8989648819,-1.10000002384,1.54117918015,129.887054443,-8.54529094696,13.1556053162,-0.0955518782139,97384.7167969,9.72999954224,-22.7769851685,False
63.5,-0.223,0.026,0.016,0.0392266,0.67665885,9.50264385,3.01999998093,5.92269802094,-0.889999985695,0.86836540699,129.153457642,-8.52935123444,13.127863884,0.0869420319796,97386.8347168,9.71000003815,-11.071395874,False
63.6,-0.209,0.044,-0.019,0.04903325,0.46091255,9.7478101,3.02999997139,5.92269802094,-0.819999992847,0.86836540699,129.153457642,-8.5148563385,13.1124305725,0.128191754222,97388.28125,9.71999931335,-11.071395874,False
63.7,-0.133,0.05,-0.033,0.0,0.20593965,9.0613446,3.07999992371,5.92269802094,-0.769999980927,0.86836540699,129.153457642,-8.50864124298,13.0901126862,0.148883804679,97388.28125,9.73999977112,-8.29963684082,False
63.800000000000004,-0.106,0.025,0.012,0.0196133,0.3334261,9.50264385,3.00999999046,3.14020705223,-0.659999966621,-0.0312806665897,128.884765625,-8.49407482147,13.0869140625,0.219854876399,97386.8835449,9.76000022888,-8.29963684082,False
63.900000000000006,-0.106,0.025,0.012,0.0196133,0.3334261,9.50264385,3.00999999046,3.14020705223,-0.659999966621,-0.0312806665897,128.884765625,-8.47954082489,13.0879507065,0.25344991684,97386.8835449,9.76000022888,-8.29963684082,False
64.0,0.028,0.017,0.008,0.08825985,0.2745862,10.01258965,3.13999986649,3.14020705223,-0.469999998808,-0.0312806665897,128.884765625,-8.46553993225,13.0881347656,0.294111639261,97384.3444824,9.80999946594,8.81757736206,False
64.10000000000001,0.0,0.038,0.058,0.02941995,0.32361945,8.71811185,3.19999980927,3.14020705223,-0.340000003576,-0.0312806665897,128.884765625,-8.45410251617,13.0927696228,0.395654559135,97386.2792969,9.82999992371,4.65202331543,False
64.2,0.0,0.038,0.058,0.02941995,0.32361945,8.71811185,3.27999997139,2.68293619156,-0.159999996424,-0.759754538536,128.321166992,-8.44393062592,13.101770401,0.473173677921,97386.2792969,9.86999988556,3.21359634399,False
64.3,-0.026,0.009,0.07,0.0,0.1765197,8.81617835,3.33999991417,2.68293619156,-0.00999999977648,-0.759754538536,128.321166992,-8.43989562988,13.1080341339,0.52846378088,97385.546875,9.92000007629,3.21359634399,False
64.4,-0.026,0.009,0.07,0.0,0.1765197,8.81617835,3.38999986649,2.68293619156,0.199999988079,-0.759754538536,128.321166992,-8.4363451004,13.1108970642,0.61489379406,97385.546875,9.96999931335,3.21359634399,False
64.5,-0.039,-0.004,0.075,0.0588399,0.26477955,8.8455983,3.52999997139,2.68293619156,0.449999988079,-0.759754538536,128.321166992,-8.41741847992,13.126953125,0.743553519249,97389.6240234,10.029999733,9.22183990479,False
64.60000000000001,0.035,-0.02,0.073,0.0,0.48052585,10.0420096,3.64999985695,2.34015226364,0.639999985695,-0.690369486809,126.53453064,-8.39501285553,13.1462059021,0.731637656689,97384.5825195,10.0999994278,9.22183990479,False
64.7,0.069,-0.055,0.046,0.20593965,0.2745862,11.36590735,3.75999999046,2.34015226364,0.729999959469,-0.690369486809,126.53453064,-8.40405845642,13.1640539169,0.493475466967,97386.9140625,10.1700000763,3.57236862183,False
64.8,0.207,-0.087,0.045,0.34323275,0.32361945,12.552512,3.75999999046,2.34015226364,0.729999959469,-0.690369486809,126.53453064,-8.42185211182,13.1600284576,0.394841551781,97390.0695801,10.1700000763,3.57236862183,False
64.9,-0.024,0.004,0.078,0.16671305,0.7649187,9.218251,3.59999990463,2.34015226364,0.680000007153,-0.690369486809,126.53453064,-8.43316268921,13.1663036346,0.297865569592,97390.612793,10.2299995422,1.21517181396,False
65.0,-0.024,0.004,0.078,0.16671305,0.7649187,9.218251,3.59999990463,2.34015226364,0.680000007153,-0.690369486809,126.53453064,-8.42417240143,13.1768712997,0.336401551962,97390.612793,10.2299995422,1.21517181396,False
65.10000000000001,-0.06,0.001,0.017,0.1569064,0.87279185,8.9436648,3.94999980927,4.64270591736,0.899999976158,0.134105324745,125.099533081,-8.3669834137,13.2106819153,0.39244812727,97391.015625,10.2699995041,11.4001274109,False
65.2,-0.08,-4.776122516670001e-18,-0.039,0.20593965,1.08853815,10.2773692,3.94999980927,4.64270591736,0.899999976158,0.134105324745,125.099533081,-8.33810329437,13.2286949158,0.354096233845,97389.8742676,10.2699995041,11.4001274109,False
65.3,-0.135,-0.005,-0.162,0.22555295,0.6472389,12.26811915,4.63000011444,4.64270591736,0.829999983311,0.134105324745,125.099533081,-8.26758003235,13.2841463089,-0.0618920326233,97391.2231445,10.3099994659,6.51712417603,False
65.4,0.067,-0.007,-0.169,0.08825985,0.46091255,10.4931155,4.88999986649,2.54528856277,0.669999957085,0.104409471154,126.641075134,-8.23508548737,13.2962598801,-0.156801402569,97395.6481934,10.3000001907,6.51712417603,False
65.5,0.067,-0.007,-0.169,0.08825985,0.46091255,10.4931155,5.13999986649,2.54528856277,0.589999973774,0.104409471154,126.641075134,-8.21024894714,13.2999210358,-0.212305933237,97393.8659668,10.2699995041,4.15658950806,False
65.60000000000001,-0.018,-0.021,-0.077,0.0588399,0.2941995,10.0223963,5.25,2.54528856277,0.439999997616,0.104409471154,126.641075134,-8.18282222748,13.2955551147,-0.346111416817,97395.3674316,10.2399997711,4.15658950806,False
65.7,0.066,-0.039,-0.032,0.10787315,0.10787315,10.6696352,5.40000009537,3.08106279373,0.329999983311,0.43023660779,128.887207031,-8.18001174927,13.2752733231,-0.372148156166,97394.921875,10.1899995804,5.86585998535,False
65.8,0.023,-0.024,0.025,0.06864655,0.16671305,10.591182,5.36999988556,3.08106279373,0.199999988079,0.43023660779,128.887207031,-8.17451381683,13.2428512573,-0.460198909044,97394.921875,10.1499996185,5.86585998535,False
65.9,0.063,-0.012,0.061,0.0,0.3530394,9.69877685,5.34999990463,3.08106279373,0.0599999986589,0.43023660779,128.887207031,-8.17177581787,13.2154664993,-0.463009625673,97392.364502,10.0900001526,1.3032913208,False
66.0,0.063,-0.012,0.061,0.0,0.3530394,9.69877685,5.34999990463,3.08106279373,0.0599999986589,0.43023660779,128.887207031,-8.16255569458,13.2018537521,-0.446779489517,97392.364502,10.0900001526,1.3032913208,False
66.10000000000001,-0.009,-0.013,0.063,0.04903325,0.4118793,9.56148375,5.40999984741,4.10582923889,-0.140000000596,0.791952013969,128.493179321,-8.14034938812,13.1585388184,-0.40001347661,97391.583252,9.97999954224,7.94811248779,False
66.2,0.003,-0.006,0.027,0.02941995,0.6080123,9.7281968,5.42000007629,4.10582923889,-0.189999997616,0.791952013969,128.493179321,-8.11459541321,13.1382980347,-0.348629981279,97387.6708984,9.93999958038,7.94811248779,False
66.3,-0.01,-0.016,0.014,0.04903325,0.75511205,10.2381426,5.56999969482,4.10582923889,-0.25,0.791952013969,128.493179321,-8.09325027466,13.1219186783,-0.34809833765,97385.8886719,9.88999938965,93.6240234375,False
66.4,-0.01,-0.016,0.014,0.04903325,0.75511205,10.2381426,5.56999969482,4.10582923889,-0.25,0.791952013969,128.493179321,-8.07047748566,13.1127290726,-0.350738406181,97385.8886719,9.88999938965,93.6240234375,False
66.5,-0.125,-0.011,-0.043,0.10787315,0.57859235,10.81673495,5.82999992371,4.30549669266,-0.389999985695,0.992671847343,127.558403015,-8.02698707581,13.0841913223,-0.33406946063,97389.7644043,9.81999969482,97.7714538574,False
66.60000000000001,-0.125,-0.011,-0.043,0.10787315,0.57859235,10.81673495,5.94999980927,4.30549669266,-0.509999990463,0.992671847343,127.558403015,-7.98542451859,13.0583982468,-0.42325553298,97385.2722168,9.77999973297,97.7714538574,False
66.7,-0.119,0.006,-0.039,0.0,0.1176798,10.07142955,6.10999965668,4.30549669266,-0.649999976158,0.992671847343,127.558403015,-7.95799303055,13.0377254486,-0.445568680763,97386.114502,9.73999977112,106.365875244,False
66.8,-0.119,0.006,-0.039,0.0,0.1176798,10.07142955,6.21000003815,1.84929609299,-0.75,0.774441540241,128.381530762,-7.94775009155,13.0172424316,-0.441939741373,97386.114502,9.68999958038,106.365875244,False
66.9,0.035,-0.008,0.042,0.0588399,0.36284605,9.99297635,6.36999988556,1.84929609299,-0.849999964237,0.774441540241,128.381530762,-7.90383529663,12.9867200851,-0.424488425255,97385.4370117,9.63999938965,116.738891602,False
67.0,0.035,-0.008,0.042,0.0588399,0.36284605,9.99297635,6.50999975204,1.84929609299,-0.959999978542,0.774441540241,128.381530762,-7.88469362259,12.9768915176,-0.432620376348,97382.0678711,9.59000015259,118.25151062,False
67.10000000000001,-0.016,-0.012,0.067,0.12748645,0.46091255,10.56176205,6.6299996376,1.84929609299,-1.12999999523,0.774441540241,128.381530762,-7.85968065262,12.9579687119,-0.527257323265,97380.090332,9.53999996185,118.25151062,False
67.2,-0.002,1.0164568432900001e-17,0.083,0.18632635,0.392266,11.1207411,6.81999969482,1.84929609299,-1.37000000477,0.774441540241,128.381530762,-7.81641721725,12.9621515274,-0.677757561207,97378.2775879,9.46999931335,124.786567688,False
67.3,0.083,0.031,0.047,0.196133,0.4903325,10.75789505,7.06999969482,2.02662396431,-1.61000001431,0.892313718796,126.75327301,-7.77589559555,12.9669599533,-0.757272362709,97377.9907227,9.39999961853,124.786567688,False
67.4,0.173,0.058,0.032,0.1569064,0.588399,9.9047165,7.28999996185,2.02662396431,-1.87000000477,0.892313718796,126.75327301,-7.74310731888,12.9703645706,-0.818781137466,97378.5766602,9.30999946594,124.786567688,False
67.5,0.221,0.079,-0.019,0.02941995,0.51975245,8.28661925,7.53999996185,2.02662396431,-2.06999993324,0.892313718796,126.75327301,-7.71303081512,12.9701442719,-0.701316416264,97379.8950195,9.21000003815,133.134552002,False
67.60000000000001,0.066,0.086,-0.036,0.06864655,0.392266,8.1199062,7.67999982834,2.02662396431,-2.13999986649,0.892313718796,126.75327301,-7.70202159882,12.9635000229,-0.551173627377,97377.2705078,9.13000011444,133.134552002,False
67.7,0.038,0.065,-0.024,0.0196133,0.63743225,9.03192465,7.76999998093,5.19085454941,-2.16999983788,-0.361169308424,126.252876282,-7.70260429382,12.9536046982,-0.384536325932,97377.2705078,9.05999946594,129.632385254,False
67.8,-0.039,0.051,-0.051,0.04903325,0.67665885,9.54187045,7.85999965668,5.19085454941,-2.23000001907,-0.361169308424,126.252876282,-7.69631099701,12.9515657425,-0.299035996199,97377.6916504,9.01000022888,129.632385254,False
67.9,-0.039,0.051,-0.051,0.04903325,0.67665885,9.54187045,7.85999965668,5.19085454941,-2.23000001907,-0.361169308424,126.252876282,-7.69547891617,12.9587049484,-0.258334696293,97377.6916504,9.01000022888,129.632385254,False
68.0,-0.021,0.064,-0.099,0.0196133,0.5491724,8.67888525,8.05999946594,5.19085454941,-2.28999996185,-0.361169308424,126.252876282,-7.70839834213,12.9651184082,-0.171813905239,97371.4416504,8.94999980927,133.267684937,False
68.10000000000001,0.038,0.048,-0.093,0.0196133,0.4118793,8.75733845,8.05999946594,5.22433042526,-2.28999996185,-1.82717359066,127.300971985,-7.71484231949,12.9697132111,-0.0649850517511,97375.402832,8.93999958038,141.84236145,False
68.2,0.079,0.014,-0.102,0.0196133,0.1372931,9.5320638,8.05000019073,5.22433042526,-2.18000006676,-1.82717359066,127.300971985,-7.75600862503,12.9670639038,0.108517944813,97374.8474121,8.9299993515,141.84236145,False
68.3,0.242,0.019,-0.049,0.00980665,0.0588399,9.6497436,7.8799996376,5.22433042526,-2.11999988556,-1.82717359066,127.300971985,-7.84201526642,12.9357385635,0.183253362775,97373.9929199,8.93999958038,133.683486938,False
68.4,0.263,0.028,-0.013,-0.0392266,0.14709975,8.5906254,7.8799996376,5.22433042526,-2.11999988556,-1.82717359066,127.300971985,-7.88897800446,12.9201011658,0.251864016056,97372.3815918,8.94999980927,128.343673706,False
68.5,0.242,0.02,-0.012,-0.0392266,0.2353596,8.34545915,7.15999984741,5.22433042526,-1.83999991417,-1.82717359066,127.300971985,-7.96812105179,12.8850383759,0.440675973892,97375.3173828,8.97999954224,128.343673706,False
68.60000000000001,0.242,0.02,-0.012,-0.0392266,0.2353596,8.34545915,6.64999961853,9.40551376343,-1.62000000477,-2.99400472641,128.903381348,-8.02466678619,12.8603801727,0.552955687046,97375.3173828,9.01999950409,128.343673706,False
68.7,-0.079,-0.031,0.008,-0.00980665,0.48052585,8.77695175,6.13999986649,9.40551376343,-1.37999999523,-2.99400472641,128.903381348,-8.15598964691,12.7933149338,0.766720533371,97374.7009277,9.09000015259,131.933685303,False
68.8,-0.079,-0.027,3.3065463577000003e-18,0.0392266,0.61781895,9.71839015,5.63999986649,9.40551376343,-1.11000001431,-2.99400472641,128.903381348,-8.2803106308,12.7445039749,0.892879784107,97376.5380859,9.15999984741,131.933685303,False
68.9,-0.079,-0.027,3.3065463577000003e-18,0.0392266,0.61781895,9.71839015,5.10999965668,10.079957962,-0.899999976158,-2.72810220718,128.822387695,-8.32335758209,12.7295255661,0.885674476624,97376.5380859,9.25,123.773284912,False
69.0,-0.053,-0.029,-0.04,0.12748645,0.46091255,10.4931155,4.51999998093,10.079957962,-0.719999969006,-2.72810220718,128.822387695,-8.46982955933,12.6795139313,0.861686944962,97380.291748,9.32999992371,123.773284912,False
69.10000000000001,-0.053,-0.029,-0.04,0.12748645,0.46091255,10.4931155,3.92999982834,10.079957962,-0.560000002384,-2.72810220718,128.822387695,-8.59633827209,12.6421232224,0.778074860573,97380.291748,9.40999984741,117.543884277,False
69.2,-0.048,-0.032,-0.046,0.20593965,0.5687857,10.7677017,3.30999994278,10.079957962,-0.439999997616,-2.72810220718,128.822387695,-8.67467403412,12.621006012,0.736100375652,97379.5593262,9.47999954224,117.543884277,False
69.3,-0.097,-0.016,-0.059,0.1765197,0.6080123,10.11065615,2.71000003815,9.20934867859,-0.299999982119,-2.29251408577,129.882507324,-8.75993728638,12.5971088409,0.727814495564,97379.8278809,9.55000019073,115.583992004,False
69.4,-0.2,-0.013,-0.07,0.18632635,0.67665885,10.3362091,2.19000005722,9.20934867859,-0.129999995232,-2.29251408577,129.882507324,-8.83349609375,12.5855016708,0.724371254444,97386.5905762,9.61999988556,115.583992004,False
69.5,-0.198,-0.012,-0.078,0.16671305,0.6668522,10.1793027,1.75999999046,9.20934867859,-0.00999999977648,-2.29251408577,129.882507324,-8.89795303345,12.5855503082,0.700220048428,97383.4533691,9.67000007629,101.447486877,False
69.60000000000001,-0.198,-0.012,-0.078,0.16671305,0.6668522,10.1793027,1.32999992371,9.20934867859,0.129999995232,-2.29251408577,129.882507324,-8.93772220612,12.5937356949,0.703586399555,97383.4533691,9.72999954224,101.447486877,False
69.7,-0.158,0.005,-0.112,0.1372931,0.51975245,9.6889702,1.06999993324,6.50991535187,0.310000002384,-2.33840179443,131.296401978,-8.991065979,12.608332634,0.745197474957,97381.8664551,9.80000019073,104.116249084,False
69.8,-0.115,-0.026,-0.1,0.1372931,0.4511059,9.7085835,0.129999995232,6.50991535187,0.5,-2.33840179443,131.296401978,-9.01965427399,12.6205921173,0.778795063496,97387.9821777,9.85999965668,101.490875244,False
69.9,-0.045,-0.031,-0.032,0.1569064,0.4314926,9.022118,-0.179999992251,6.50991535187,0.719999969006,-2.33840179443,131.296401978,-9.06453132629,12.6346158981,0.858459293842,97388.3911133,9.9299993515,102.490905762,False
70.0,-0.045,-0.031,-0.032,0.1569064,0.4314926,9.022118,-0.439999997616,4.79994153976,1.0,-2.20697808266,132.905029297,-9.08057498932,12.6428289413,0.913105547428,97386.0107422,10.0100002289,102.490905762,False
70.10000000000001,0.021,-0.027,-0.04,0.1176798,0.48052585,9.22805765,-0.439999997616,4.79994153976,1.0,-2.20697808266,132.905029297,-9.10211372375,12.6639890671,1.00250256062,97390.9423828,10.0100002289,102.490905762,False
70.2,-0.089,-0.065,-0.01,0.2941995,0.3530394,10.7088618,-3.25,4.79994153976,1.56999993324,-2.20697808266,132.905029297,-9.16067123413,12.6753053665,1.02541923523,97392.9992676,10.1999998093,86.9647979736,False
70.3,-0.191,-0.068,0.031,0.34323275,0.2745862,11.4345539,-3.67999982834,4.23188209534,1.78999996185,-1.56099355221,133.41317749,-9.18824768066,12.6906385422,0.918715178967,97392.9992676,10.3099994659,95.0659790039,False
70.4,-0.158,-0.076,0.053,0.392266,0.6080123,11.7483667,-4.94000005722,4.23188209534,1.94999992847,-1.56099355221,133.41317749,-9.19756984711,12.7150802612,0.800673305988,97396.697998,10.3999996185,95.0659790039,False
70.5,-0.123,-0.064,0.054,0.392266,0.71588545,11.66010685,-5.19000005722,4.23188209534,2.03999996185,-1.56099355221,133.41317749,-9.18566894531,12.7627067566,0.637516617775,97395.4345703,10.4799995422,76.9083023071,False
70.60000000000001,-0.177,-0.057,0.023,0.36284605,0.57859235,11.15016105,-7.50999975204,4.23188209534,2.11999988556,-1.56099355221,133.41317749,-9.1545753479,12.8142995834,0.488329827785,97395.4345703,10.5399999619,76.9083023071,False
70.7,-0.281,-0.066,0.02,0.44129925,0.588399,11.44436055,-7.60999965668,0.296878665686,2.15999984741,0.00947539322078,132.347427368,-9.10863113403,12.8691244125,0.368792682886,97398.5900879,10.5799999237,81.0129165649,False
70.8,-0.299,-0.053,0.038,0.3726527,0.6472389,11.4737805,-11.6099996567,0.296878665686,2.16999983788,0.00947539322078,132.347427368,-9.03049278259,12.9485731125,0.223583564162,97399.5788574,10.6199998856,81.0129165649,False
70.9,-0.246,-0.055,0.016,0.36284605,0.4118793,11.22861425,-11.6300001144,0.296878665686,2.14999985695,0.00947539322078,132.347427368,-8.95349121094,13.0153493881,0.142685383558,97399.7924805,10.6300001144,74.9268493652,False
71.0,-0.246,-0.055,0.016,0.36284605,0.4118793,11.22861425,-11.6300001144,0.296878665686,2.14999985695,0.00947539322078,132.347427368,-8.87140846252,13.0819311142,0.0658692121506,97399.7924805,10.6300001144,74.9268493652,False
71.10000000000001,-0.269,-0.073,0.05,0.3726527,0.32361945,11.4345539,-14.5099992752,-5.22970438004,2.05999994278,1.24802982807,131.469802856,-8.65888977051,13.2421913147,-0.180805802345,97398.9746094,10.6300001144,70.080657959,False
71.2,-0.284,-0.063,0.119,0.28439285,0.3138128,10.8069283,-17.3500003815,-5.22970438004,1.92999994755,1.24802982807,131.469802856,-8.52003860474,13.3325376511,-0.28818410635,97396.2036133,10.6099996567,70.080657959,False
71.3,-0.284,-0.063,0.119,0.28439285,0.3138128,10.8069283,-17.1599998474,-5.22970438004,1.87000000477,1.24802982807,131.469802856,-8.35112857819,13.4410409927,-0.21167524159,97396.2036133,10.5799999237,65.9317932129,False
71.4,-0.189,-0.043,0.089,0.3138128,0.40207265,9.218251,-16.9799995422,-9.84865093231,1.97999989986,1.9670163393,129.343490601,-8.16687965393,13.5645093918,-0.0470151044428,97396.5576172,10.5599994659,65.9317932129,False
71.5,-0.209,-0.055,0.092,0.4511059,0.3334261,10.30678915,-21.1899986267,-9.84865093231,2.05999994278,1.9670163393,129.343490601,-7.95686769485,13.7080917358,-0.00670633185655,97399.8962402,10.5500001907,155.458251953,False
71.60000000000001,-0.275,-0.04,0.1,0.32361945,0.3334261,10.1008495,-20.9300003052,-9.84865093231,2.08999991417,1.9670163393,129.343490601,-7.72509479523,13.8665628433,0.0273641236126,97396.6552734,10.5399999619,154.458236694,False
71.7,-0.397,-0.056,0.105,0.40207265,0.10787315,10.81673495,-23.4099998474,-9.84865093231,2.14999985695,1.9670163393,129.343490601,-7.47757482529,14.0225362778,0.0276328716427,97398.2421875,10.5399999619,154.576782227,False
71.8,-0.357,-0.081,0.155,0.48052585,-0.1176798,11.56204035,-23.0100002289,-15.173579216,2.18000006676,2.3616642952,126.99597168,-7.24556112289,14.1662483215,-0.032409157604,97395.5688477,10.5500001907,155.576797485,False
71.9,-0.307,-0.084,0.213,0.46091255,0.08825985,10.85596155,-22.3199996948,-15.173579216,2.13999986649,2.3616642952,126.99597168,-6.86696147919,14.3976554871,-0.120568104088,97395.1049805,10.5500001907,154.042236328,False
72.0,-0.067,-0.081,0.248,0.48052585,0.196133,11.20900095,-26.0399990082,-15.173579216,2.13999986649,2.3616642952,126.99597168,-6.58853673935,14.5614929199,-0.148694306612,97392.8344727,10.5399999619,154.042236328,False
72.10000000000001,-0.184,-0.092,0.277,0.4314926,0.22555295,10.6892485,-26.0499992371,-15.173579216,2.13999986649,2.3616642952,126.99597168,-6.21130371094,14.7747831345,-0.192229539156,97395.513916,10.5199995041,156.106750488,False
72.2,-0.251,-0.09,0.275,0.50013915,0.2157463,10.8657682,-27.4599990845,-20.5153846741,2.08999991417,2.37702918053,121.410713196,-5.84466075897,14.9747047424,-0.159591645002,97393.560791,10.5,156.106750488,False
72.3,-0.251,-0.09,0.275,0.50013915,0.2157463,10.8657682,-26.6299991608,-20.5153846741,2.06999993324,2.37702918053,121.410713196,-5.42366600037,15.1986618042,-0.188238576055,97393.560791,10.4799995422,143.206115723,False
72.4,-0.304,-0.119,0.294,0.4903325,0.4118793,10.9246081,-25.6800003052,-20.5153846741,2.02999997139,2.37702918053,121.410713196,-4.96143388748,15.432559967,-0.229399040341,97395.7092285,10.4600000381,143.206115723,False
72.5,-0.146,-0.107,0.256,0.40207265,0.2745862,10.0616229,-25.6800003052,-20.5153846741,2.03999996185,2.37702918053,121.410713196,-4.48963022232,15.6561908722,-0.159512966871,97396.8505859,10.4299993515,135.476013184,False
72.60000000000001,-0.095,-0.131,0.26,0.51975245,0.14709975,10.16949605,-28.2399997711,-26.5655117035,2.13999986649,1.72038662434,114.42049408,-4.04474925995,15.8562192917,-0.0470083467662,97396.8505859,10.4200000763,135.476013184,False
72.7,-0.058,-0.124,0.252,0.4903325,-0.00980665,10.0616229,-31.4899997711,-26.5655117035,2.24000000954,1.72038662434,114.42049408,-3.47850322723,16.0929431915,0.0945420116186,97392.7001953,10.4200000763,125.329589844,False
72.8,0.025,-0.158,0.271,0.5099458,-0.0196133,10.75789505,-30.8400001526,-26.5655117035,2.36999988556,1.72038662434,114.42049408,-2.99438905716,16.2776317596,0.171105548739,97393.4265137,10.4299993515,125.329589844,False
72.9,0.034,-0.177,0.308,0.59820565,-0.16671305,11.28745415,-29.9899997711,-26.5655117035,2.48000001907,1.72038662434,114.42049408,-2.48018479347,16.4592475891,0.197271674871,97395.7336426,10.4600000381,105.547142029,False
73.0,0.06,-0.171,0.356,0.6472389,0.0980665,11.34629405,-34.4899978638,-27.2266330719,2.54999995232,1.57043457031,106.202400208,-1.96147835255,16.6283149719,0.190593510866,97394.934082,10.4799995422,105.547142029,False
73.10000000000001,-0.188,-0.202,0.382,0.6668522,0.196133,11.77778665,-33.8099975586,-27.2266330719,2.62999987602,1.57043457031,106.202400208,-1.39900457859,16.7930850983,0.173506215215,97400.8422852,10.5,88.1872177124,False
73.2,-0.188,-0.202,0.382,0.6668522,0.196133,11.77778665,-35.4500007629,-27.2266330719,2.70000004768,1.57043457031,106.202400208,-0.66299277544,16.9682579041,0.114245444536,97400.8422852,10.529999733,88.1872177124,False
73.3,-0.233,-0.214,0.377,0.7453054,0.30400615,11.8856598,-34.5999984741,-27.2266330719,2.76999998093,1.57043457031,106.202400208,-0.0360821001232,17.0930900574,0.138969287276,97399.3164062,10.5399999619,72.3045349121,False
73.4,-0.35,-0.21,0.38,0.75511205,0.392266,11.3561007,-37.3299980164,-27.2266330719,2.90999984741,1.57043457031,106.202400208,0.351526409388,17.1597232819,0.179058551788,97396.295166,10.5699996948,72.3045349121,True
73.5,-0.127,-0.248,0.307,0.9022118,0.2745862,12.1406327,-36.5200004578,-27.2266330719,3.07999992371,1.57043457031,106.202400208,1.14420223236,17.2641010284,0.264146834612,97391.0339355,10.5900001526,53.9435386658,True
73.60000000000001,-0.025,-0.252,0.308,0.97085835,0.10787315,13.0624578,-35.5,-34.0366477966,3.1899998188,1.31461083889,91.9842224121,1.88687515259,17.3337039948,0.253775596619,97391.2414551,10.6300001144,53.9435386658,True
73.7,0.174,-0.256,0.318,1.176798,0.196133,13.5135637,-36.7799987793,-34.0366477966,3.25999999046,1.31461083889,91.9842224121,2.69070267677,17.3781871796,0.184485659003,97389.9169922,10.6599998474,26.2229919434,True
73.8,0.174,-0.256,0.318,1.176798,0.196133,13.5135637,-35.5499992371,-34.0366477966,3.25999999046,1.31461083889,91.9842224121,3.32775568962,17.3911342621,0.100777477026,97389.9169922,10.6799993515,25.2229690552,True
73.9,-0.046,-0.256,0.355,0.9218251,0.18632635,13.26839745,-34.0900001526,-34.0366477966,3.22000002861,1.31461083889,91.9842224121,4.28862714767,17.3599491119,-0.0271704867482,97392.5842285,10.6799993515,-6.08024597168,True
74.0,0.015,-0.259,0.355,0.89240515,0.08825985,12.91535805,-36.9199981689,-33.5566864014,3.16999983788,1.68920838833,82.6804351807,5.22876977921,17.2816410065,-0.131941735744,97402.2155762,10.6700000763,-6.08024597168,True
74.10000000000001,0.317,-0.215,0.391,0.8041453,0.392266,10.58137535,-35.7900009155,-33.5566864014,3.11999988556,1.68920838833,82.6804351807,5.75121450424,17.2176170349,-0.090868063271,97400.3662109,10.6499996185,-47.025680542,True
74.2,0.302,-0.263,0.359,0.9414384,0.6472389,11.26784085,-41.2399978638,-33.5566864014,3.19999980927,1.68920838833,82.6804351807,6.396961689,17.1123142242,0.0299946088344,97405.4138184,10.6399993896,-47.025680542,True
74.3,0.205,-0.227,0.313,0.9610517,0.588399,11.5130071,-40.5599975586,-33.5566864014,3.28999996185,1.68920838833,82.6804351807,6.93695163727,17.0012817383,0.0677309632301,97405.4138184,10.6499996185,-74.9387741089,True
74.4,-0.05,-0.206,0.286,0.9022118,0.8237586,11.8268199,-41.0699996948,-29.9484729767,3.39999985695,1.79515600204,73.5796127319,7.70829486847,16.8074150085,0.127235412598,97398.5839844,10.6700000763,-74.9387741089,True
74.5,-0.136,-0.222,0.24,0.9414384,0.6472389,12.66038515,-40.2799987793,-29.9484729767,3.5,1.79515600204,73.5796127319,8.3883562088,16.599193573,0.0917247161269,97398.5839844,10.6899995804,-109.837532043,True
74.60000000000001,-0.136,-0.222,0.24,0.9414384,0.6472389,12.66038515,-40.2700004578,-29.9484729767,3.50999999046,1.79515600204,73.5796127319,8.80711460114,16.4587745667,0.0473006591201,97403.2714844,10.6899995804,-109.837532043,True
74.7,0.033,-0.19,0.226,0.83356525,0.392266,11.4933938,-43.3099975586,-29.9484729767,3.59999990463,1.79515600204,73.5796127319,9.81174278259,16.0624599457,0.0455457270145,97397.1923828,10.7199993134,-131.411743164,True
74.8,0.062,-0.209,0.279,0.8825985,0.4903325,12.30734575,-42.7399978638,-30.7763881683,3.69999980927,2.85141444206,65.1248779297,10.30265522,15.8430433273,0.0364371463656,97397.1923828,10.7399997711,-131.411743164,True
74.9,0.062,-0.209,0.279,0.8825985,0.4903325,12.30734575,-44.2399978638,-30.7763881683,3.75,2.85141444206,65.1248779297,10.6782741547,15.6666097641,0.0308019574732,97398.4924316,10.75,-166.273681641,True
75.0,-0.053,-0.204,0.284,0.980665,0.4903325,12.4348322,-43.6800003052,-30.7763881683,3.79999995232,2.85141444206,65.1248779297,11.5227689743,15.2240505219,-0.00689596915618,97394.2321777,10.7600002289,-166.273681641,True
75.10000000000001,-0.231,-0.222,0.311,0.9610517,0.38245935,12.6309652,-44.9199981689,-31.6310844421,3.83999991417,3.1962621212,58.5190467834,12.1252441406,14.8616352081,-0.00676385872066,97404.9438477,10.7600002289,-173.78024292,True
75.2,-0.214,-0.219,0.316,0.85317855,0.22555295,12.2975391,-44.9099998474,-31.6310844421,3.88999986649,3.1962621212,58.5190467834,12.7135562897,14.4755115509,-0.0207213200629,97398.3398438,10.7699995041,-174.780273438,True
75.3,-0.058,-0.234,0.342,0.89240515,0.44129925,12.50347875,-44.6599998474,-31.6310844421,3.9399998188,3.1962621212,58.5190467834,13.3192586899,14.0448942184,-0.0275999009609,97398.3398438,10.7699995041,-223.801040649,True
75.4,-0.058,-0.234,0.342,0.89240515,0.44129925,12.50347875,-44.9199981689,-31.6310844421,3.97000002861,3.1962621212,58.5190467834,13.7995901108,13.6857767105,-0.0502993911505,97403.3325195,10.7699995041,-223.801040649,True
75.5,-0.1,-0.239,0.356,1.0395049,0.32361945,12.4152189,-44.9300003052,-31.6310844421,3.98000001907,3.1962621212,58.5190467834,14.5154657364,13.0901536942,-0.0737745910883,97397.9370117,10.7699995041,-245.47442627,True
75.60000000000001,-0.118,-0.244,0.366,1.01008495,0.30400615,12.3367657,-44.9300003052,-34.7964859009,4.0,2.93233466148,47.569770813,15.0974445343,12.5754327774,-0.0936266705394,97400.6774902,10.7699995041,-245.47442627,True
75.7,-0.026,-0.256,0.366,1.12776475,0.2745862,13.40569055,-44.9300003052,-34.7964859009,4.01999998093,2.93233466148,47.569770813,15.6542854309,12.0485153198,-0.110952533782,97402.2949219,10.7699995041,-268.773651123,True
75.8,-0.041,-0.243,0.386,1.01008495,0.4314926,13.50375705,-44.9399986267,-34.7964859009,4.00999975204,2.93233466148,47.569770813,16.2257156372,11.4382591248,-0.168336540461,97402.9846191,10.7600002289,-268.773651123,True
75.9,-0.056,-0.255,0.406,0.97085835,0.5295591,13.09187775,-44.2999992371,-34.7964859009,3.97000002861,2.93233466148,47.569770813,16.6707706451,10.9345197678,-0.217831939459,97402.9663086,10.75,-281.036560059,True
76.0,-0.179,-0.24,0.383,0.980665,0.61781895,13.03303785,-43.1800003052,-34.7964859009,3.95999979973,2.93233466148,47.569770813,17.192243576,10.2797765732,-0.224243015051,97402.9663086,10.7299995422,-281.036560059,True
76.10000000000001,-0.27,-0.253,0.338,0.9022118,0.5295591,12.3956056,-42.5,-37.2569160461,3.95999979973,1.90747761726,34.8269309998,17.6951637268,9.59643650055,-0.206866011024,97408.4899902,10.7100000381,-307.374206543,True
76.2,-0.203,-0.25,0.296,0.8041453,0.392266,12.1210194,-41.2099990845,-37.2569160461,4.0499997139,1.90747761726,34.8269309998,18.139333725,8.92706298828,-0.0980458259583,97400.958252,10.6999998093,-307.374206543,True
76.3,-0.203,-0.25,0.296,0.8041453,0.392266,12.1210194,-39.9799995422,-37.2569160461,4.19999980927,1.90747761726,34.8269309998,18.4904308319,8.37064266205,-0.0106770228595,97400.958252,10.6999998093,-333.38470459,True
76.4,-0.2,-0.284,0.293,0.95124505,0.1176798,12.3759923,-38.4300003052,-37.2569160461,4.36000013351,1.90747761726,34.8269309998,19.0647907257,7.39298915863,0.140275105834,97406.4819336,10.7100000381,-333.38470459,True
76.5,-0.037,-0.283,0.331,0.91201845,-0.2745862,11.1403544,-36.7799987793,-42.8511390686,4.55999994278,1.48585677147,23.3559913635,19.3474807739,6.85092782974,0.266161888838,97400.6286621,10.7399997711,-355.412109375,True
76.60000000000001,-0.037,-0.283,0.331,0.91201845,-0.2745862,11.1403544,-34.9399986267,-42.8511390686,4.75999975204,1.48585677147,23.3559913635,19.5561733246,6.44655370712,0.338149398565,97400.6286621,10.779999733,-355.412109375,True
76.7,-0.009,-0.345,0.393,1.0198916,0.24516625,13.32723735,-32.6199989319,-42.8511390686,4.98999977112,1.48585677147,23.3559913635,20.0301933289,5.32496452332,0.475688397884,97405.7556152,10.8299999237,-374.30078125,True
76.80000000000001,0.09,-0.36,0.382,1.06892485,0.22555295,14.03331615,-29.8499984741,-42.8511390686,5.19999980927,1.48585677147,23.3559913635,20.416557312,4.2448387146,0.501025319099,97405.3710938,10.8899993896,-374.30078125,True
76.9,0.072,-0.327,0.383,1.0591182,0.5687857,13.7096967,-26.3999996185,-42.8856239319,5.34999990463,0.639161527157,13.9918737411,20.6816215515,3.31811881065,0.508657932281,97410.8154297,10.9499998093,-401.599304199,True
77.0,0.028,-0.36,0.308,1.0591182,0.48052585,14.58248855,-22.609998703,-42.8856239319,5.53999996185,0.639161527157,13.9918737411,20.9145412445,2.32356977463,0.486428916454,97410.5163574,11.0100002289,-401.599304199,True
77.10000000000001,0.121,-0.345,0.227,1.02969825,0.08825985,12.99381125,-22.609998703,-42.8856239319,5.52999973297,0.639161527157,13.9918737411,21.0589981079,1.57305264473,0.481153219938,97406.3903809,11.0699996948,-411.040313721,True
77.2,0.12,-0.33,0.252,0.9218251,-0.18632635,13.2978174,-14.3999996185,-42.8856239319,5.88999986649,0.639161527157,13.9918737411,21.1907043457,0.551744163036,0.512659609318,97407.0922852,11.1300001144,-411.040313721,True
77.30000000000001,0.12,-0.33,0.252,0.9218251,-0.18632635,13.2978174,-10.0,-40.6477622986,6.0499997139,1.71740853786,1.9018996954,21.2440700531,-0.174125239253,0.455311030149,97407.0922852,11.1899995804,-428.962524414,True
77.4,0.217,-0.357,0.316,1.0395049,0.32361945,15.22972745,-4.90000009537,-40.6477622986,6.09999990463,1.71740853786,1.9018996954,21.2616271973,-1.15027856827,0.29391258955,97411.2731934,11.2399997711,-428.962524414,True
77.5,0.291,-0.333,0.258,0.9022118,0.1176798,14.83746145,0.399999976158,-40.6477622986,6.08999967575,1.71740853786,1.9018996954,21.2300281525,-2.11258339882,0.11383625865,97413.4521484,11.2699995041,-459.03302002,True
77.60000000000001,0.291,-0.333,0.258,0.9022118,0.1176798,14.83746145,5.58999967575,-40.6477622986,6.02999973297,1.71740853786,1.9018996954,21.086233139,-3.35330581665,-0.0961950719357,97413.4521484,11.279999733,-459.03302002,True
77.7,0.379,-0.277,0.173,0.784532,0.0392266,13.8077632,10.3599996567,-35.6308479309,5.96999979019,3.37298440933,-7.13991069794,20.9951629639,-3.85442304611,-0.179693236947,97409.3078613,11.279999733,-482.468994141,True
77.80000000000001,0.431,-0.245,0.147,0.79433865,-0.1176798,13.5135637,14.7100000381,-35.6308479309,5.84999990463,3.37298440933,-7.13991069794,20.7575778961,-4.8471903801,-0.391039699316,97411.4013672,11.2599992752,-482.468994141,True
77.9,0.568,-0.194,0.15,0.59820565,-0.4903325,12.17005265,18.4799995422,-35.6308479309,5.67000007629,3.37298440933,-7.13991069794,20.6359367371,-5.21465063095,-0.468774467707,97410.1623535,11.2100000381,-494.177612305,True
78.0,0.71,-0.176,0.156,0.44129925,-0.67665885,13.50375705,21.4300003052,-35.6308479309,5.48999977112,3.37298440933,-7.13991069794,20.4372634888,-5.71504068375,-0.603183031082,97407.7331543,11.1599998474,-494.177612305,True
78.10000000000001,0.698,-0.111,0.278,0.392266,-0.53936575,13.2193642,24.109998703,-35.6308479309,5.13000011444,3.37298440933,-7.13991069794,20.2089061737,-6.13458538055,-0.861993908882,97405.1696777,11.0799999237,-490.333557129,True
78.2,0.698,-0.111,0.278,0.392266,-0.53936575,13.2193642,26.3699989319,-21.3988933563,4.71000003815,5.75356674194,-14.5900783539,19.9918327332,-6.48019647598,-1.14682900906,97405.1696777,10.9799995422,-490.333557129,True
78.30000000000001,0.623,-0.083,0.31,0.3334261,0.4707192,12.7878716,28.2899990082,-21.3988933563,4.15000009537,5.75356674194,-14.5900783539,19.7506942749,-6.78150177002,-1.45622050762,97399.5117188,10.8299999237,-482.662597656,True
78.4,0.623,-0.083,0.31,0.3334261,0.4707192,12.7878716,30.0100002289,-21.3988933563,3.55999994278,5.75356674194,-14.5900783539,19.4780731201,-7.06293725967,-1.74686658382,97399.5117188,10.6599998474,-482.662597656,True
78.5,0.392,-0.045,0.117,0.04903325,0.30400615,10.24794925,31.2799987793,-21.3988933563,2.98000001907,5.75356674194,-14.5900783539,19.3237724304,-7.16736221313,-1.82213306427,97391.9799805,10.4499998093,-468.918029785,True
78.60000000000001,0.512,-0.024,0.082,0.08825985,0.4314926,10.6500219,32.2799987793,-6.98810052872,2.47000002861,5.95175504684,-21.8437328339,19.147813797,-7.24315261841,-1.87791657448,97388.9648438,10.25,-468.918029785,True
78.7,0.527,-0.005,-0.015,0.08825985,0.55897905,10.8853815,33.1100006104,-6.98810052872,1.87999999523,5.95175504684,-21.8437328339,18.9882049561,-7.28556394577,-1.92343246937,97387.2924805,10.0199995041,-455.098144531,True
78.80000000000001,0.441,0.022,-0.063,0.0980665,0.588399,10.7088618,33.8199996948,-6.98810052872,1.26999998093,5.95175504684,-21.8437328339,18.8111782074,-7.27763843536,-2.05930137634,97387.2924805,9.78999996185,-455.098144531,True
78.9,0.39,0.03,-0.125,0.0,0.30400615,10.07142955,34.2900009155,-6.98810052872,0.610000014305,5.95175504684,-21.8437328339,18.7153511047,-7.22138261795,-2.14069271088,97382.6538086,9.53999996185,-435.356903076,True
79.0,0.536,0.051,-0.146,0.0,-0.18632635,8.7867584,34.5599975586,4.69507026672,0.0299999993294,5.50457382202,-21.4197864532,18.6259479523,-7.05936861038,-2.09559106827,97380.859375,9.30000019073,-435.356903076,True
79.10000000000001,0.466,0.055,-0.071,0.02941995,-0.04903325,8.2768126,34.5999984741,4.69507026672,-0.459999978542,5.50457382202,-21.4197864532,18.6024703979,-6.9079451561,-1.97886693478,97373.9379883,9.05000019073,-410.35824585,True
79.2,0.383,0.052,-0.041,0.0,0.0980665,8.38468575,34.5799980164,4.69507026672,-0.870000004768,5.50457382202,-21.4197864532,18.5877361298,-6.66100978851,-1.77071332932,97372.6013184,8.82999992371,-410.35824585,True
79.30000000000001,0.383,0.052,-0.041,0.0,0.0980665,8.38468575,34.5900001526,4.69507026672,-0.870000004768,5.50457382202,-21.4197864532,18.585351944,-6.57747840881,-1.71621572971,97372.6013184,8.82999992371,-410.35824585,True
79.4,0.316,0.029,-0.034,-0.00980665,0.1176798,9.09076455,34.0799980164,14.5064544678,-1.56999993324,4.0567522049,-20.2468395233,18.6077308655,-6.118663311,-1.4956099987,97368.5974121,8.44999980927,-403.847686768,True
79.5,0.289,0.028,-0.062,0.02941995,0.4707192,9.2574776,33.7000007629,14.5064544678,-1.89999997616,4.0567522049,-20.2468395233,18.6248912811,-5.9464468956,-1.43246030807,97361.6455078,8.27999973297,-385.32220459,True
79.60000000000001,0.289,0.028,-0.062,0.02941995,0.4707192,9.2574776,32.4300003052,14.5064544678,-2.20000004768,4.0567522049,-20.2468395233,18.6432056427,-5.78222560883,-1.37063729763,97361.6455078,8.13000011444,-385.32220459,True
79.7,0.214,0.039,-0.094,-0.00980665,0.4903325,8.89463155,31.8899993896,20.3003959656,-2.45000004768,3.08565068245,-19.6854953766,18.7079772949,-5.36809062958,-1.16955959797,97362.5610352,7.98999977112,-374.42074585,True
79.80000000000001,0.211,0.024,-0.141,-0.0196133,0.5491724,9.0613446,31.2799987793,20.3003959656,-2.67999982834,3.08565068245,-19.6854953766,18.7697181702,-5.05021429062,-1.04650318623,97363.104248,7.85999965668,-374.42074585,True
79.9,0.179,0.041,-0.166,-0.1176798,0.51975245,8.24739265,28.8400001526,20.3003959656,-2.83999991417,3.08565068245,-19.6854953766,18.8368415833,-4.73998212814,-0.851520955563,97357.4584961,7.75,-360.787017822,True
80.0,0.165,0.041,-0.179,-0.02941995,0.588399,7.85512665,28.0599994659,20.3003959656,-2.91999983788,3.08565068245,-19.6854953766,18.9031829834,-4.43381023407,-0.617923140526,97359.7961426,7.64999961853,-361.78704834,True
80.10000000000001,0.05,-0.004,-0.195,-0.0588399,0.784532,9.3163175,25.2299995422,25.6636734009,-2.92999982834,0.747314155102,-16.8305091858,18.98229599,-4.11791801453,-0.39745542407,97357.0678711,7.58999967575,-353.125366211,True
80.2,-0.151,-0.002,-0.225,0.04903325,0.53936575,9.46341725,24.0,25.6636734009,-2.99000000954,0.747314155102,-16.8305091858,19.090177536,-3.69558668137,-0.25356990099,97357.0678711,7.53999996185,-352.125366211,True
80.30000000000001,-0.09,-0.008,-0.219,-0.00980665,0.4314926,10.5715687,18.1900005341,25.6636734009,-3.02999997139,0.747314155102,-16.8305091858,19.2094631195,-3.25130438805,-0.161924645305,97357.2570801,7.51999998093,-343.805511475,True
80.4,-0.035,-0.006,-0.207,0.0,0.61781895,10.48330885,16.3400001526,25.6636734009,-3.08999991417,0.747314155102,-16.8305091858,19.2670650482,-3.02475953102,-0.143344342709,97355.1696777,7.48999977112,-344.805541992,True
80.5,-0.098,-0.028,-0.196,-0.1176798,0.392266,9.83606995,14.3499994278,24.7870445251,-3.13999986649,-1.1192330122,-13.0358829498,19.3756866455,-2.57438755035,-0.0679353550076,97355.8044434,7.46999979019,-338.677032471,True
80.60000000000001,-0.098,-0.028,-0.196,-0.1176798,0.392266,9.83606995,5.69999980927,24.7870445251,-3.14999985695,-1.1192330122,-13.0358829498,19.4334430695,-2.30582022667,0.0419925525784,97355.8044434,7.46000003815,-338.677032471,True
80.7,-0.371,-0.039,-0.098,-0.1372931,0.63743225,9.26728425,3.48000001907,24.7870445251,-3.1099998951,-1.1192330122,-13.0358829498,19.5110645294,-1.93643581867,0.217147007585,97355.7250977,7.46000003815,-342.921081543,True
80.80000000000001,-0.371,-0.039,-0.098,-0.1372931,0.63743225,9.26728425,3.48000001907,24.7870445251,-3.11999988556,-1.1192330122,-13.0358829498,19.5422916412,-1.77665960789,0.289256036282,97355.7250977,7.46000003815,-342.921081543,True
80.9,-0.483,-0.033,-0.094,-0.0392266,0.69627215,9.1790244,-11.1499996185,20.7066726685,-2.99000000954,-1.75799953938,-10.3199529648,19.594127655,-1.53690981865,0.401769727468,97354.7180176,7.48999977112,-340.868560791,True
81.0,-0.411,-0.007,-0.119,0.0980665,0.7453054,9.42419065,-13.2599992752,20.7066726685,-2.90999984741,-1.75799953938,-10.3199529648,19.6546459198,-1.28579163551,0.514514446259,97356.1218262,7.52999973297,-340.868560791,True
81.10000000000001,-0.326,-0.01,-0.106,0.02941995,0.44129925,9.3947707,-20.1599998474,20.7066726685,-2.80999994278,-1.75799953938,-10.3199529648,19.7021026611,-1.13569736481,0.58947956562,97358.6608887,7.56999969482,-345.990356445,True
81.2,-0.161,-0.036,-0.04,0.0588399,0.69627215,10.0223963,-22.1199989319,11.4002027512,-2.66999983788,-2.00710940361,-8.06128311157,19.7511882782,-0.992477953434,0.657205581665,97360.144043,7.6299996376,-345.990356445,True
81.30000000000001,-0.233,-0.049,-0.022,0.0980665,0.81395195,11.0422879,-32.2900009155,11.4002027512,-2.56999993324,-2.00710940361,-8.06128311157,19.7836666107,-0.912671327591,0.604662418365,97356.9763184,7.69000005722,-347.021850586,True
81.4,-0.427,-0.027,0.014,0.0,0.6864655,10.60098865,-33.9899978638,11.4002027512,-2.55999994278,-2.00710940361,-8.06128311157,19.8153991699,-0.83040034771,0.520035564899,97356.9763184,7.73999977112,-347.021850586,True
81.5,-0.501,-0.012,0.025,0.0,0.79433865,10.4146623,-35.3800010681,11.4002027512,-2.51999998093,-2.00710940361,-8.06128311157,19.8224105835,-0.815381407738,0.484395414591,97362.6831055,7.78999996185,-357.263366699,True
81.60000000000001,-0.501,-0.012,0.025,0.0,0.79433865,10.4146623,-42.7999992371,11.4002027512,-2.48000001907,-2.00710940361,-8.06128311157,19.8191566467,-0.83552801609,0.483124107122,97362.6831055,7.82999992371,-357.263366699,True
81.7,-0.459,-0.005,0.008,-0.1176798,0.588399,9.89490985,-43.7700004578,11.4002027512,-2.40999984741,-2.00710940361,-8.06128311157,19.8163051605,-0.866694509983,0.490518510342,97364.2150879,7.86999988556,-358.648681641,True
81.80000000000001,-0.439,-0.027,0.052,-0.08825985,0.5295591,10.26756255,-44.9799995422,-0.51945656538,-2.34999990463,-1.3769351244,-8.165391922,19.8077983856,-0.94058072567,0.483545452356,97364.8010254,7.90999984741,-358.648681641,True
81.9,-0.555,-0.031,0.127,-0.16671305,0.8825985,10.9049948,-44.9799995422,-0.51945656538,-2.26999998093,-1.3769351244,-8.165391922,19.7403259277,-1.21464455128,0.439277082682,97361.6088867,7.96000003815,-355.962371826,True
82.0,-0.609,-0.035,0.133,-0.18632635,0.8041453,10.89518815,-44.9799995422,-0.51945656538,-2.24000000954,-1.3769351244,-8.165391922,19.6912307739,-1.41632175446,0.367137342691,97366.2963867,8.0,-355.962371826,True
82.10000000000001,-0.609,-0.035,0.133,-0.18632635,0.8041453,10.89518815,-44.9799995422,-0.51945656538,-2.24000000954,-1.3769351244,-8.165391922,19.6503562927,-1.58691501617,0.348338633776,97366.2963867,8.0,-355.962371826,True
82.2,-0.443,-0.045,0.108,-0.1765197,0.63743225,10.54214875,-44.9799995422,-14.1683397293,-2.12999987602,-1.28237402439,-11.2521572113,19.5197696686,-2.12226080894,0.389474570751,97366.0888672,8.06999969482,-359.924316406,True
82.30000000000001,-0.579,-0.053,0.103,-0.12748645,0.73549875,11.42474725,-44.9899978638,-14.1683397293,-2.04999995232,-1.28237402439,-11.2521572113,19.4423408508,-2.45895171165,0.374929100275,97364.5629883,8.0999994278,-351.571289062,True
82.4,-0.579,-0.053,0.103,-0.12748645,0.73549875,11.42474725,-44.9899978638,-14.1683397293,-2.02999997139,-1.28237402439,-11.2521572113,19.3125400543,-3.00186276436,0.330014616251,97364.5629883,8.13999938965,-352.571289062,True
82.5,-0.345,-0.066,0.148,-0.12748645,0.0196133,10.1008495,-44.9899978638,-23.2397537231,-1.93999993801,-1.22392117977,-13.4382715225,19.1996955872,-3.44291496277,0.384157627821,97368.2556152,8.17000007629,-350.235748291,True
82.60000000000001,-0.345,-0.066,0.148,-0.12748645,0.0196133,10.1008495,-44.9899978638,-23.2397537231,-1.82999992371,-1.22392117977,-13.4382715225,19.1996955872,-3.44291496277,0.384157627821,97363.3483887,8.19999980927,-350.235748291,True
82.7,-0.254,-0.108,0.237,-0.16671305,0.08825985,10.1400761,-44.9799995422,-23.2397537231,-1.81999993324,-1.22392117977,-13.4382715225,18.9992961884,-4.18143892288,0.512633085251,97367.0288086,8.19999980927,-350.235748291,True
82.80000000000001,-0.253,-0.132,0.286,-0.14709975,0.04903325,10.6892485,-44.9799995422,-23.2397537231,-1.65999996662,-1.22392117977,-13.4382715225,18.8370800018,-4.70340156555,0.566212117672,97370.3186035,8.30000019073,-347.590057373,True
82.9,-0.15,-0.131,0.329,-0.0980665,0.3726527,11.07170785,-44.969997406,-27.8230266571,-1.32999992371,-1.70178222656,-18.8186340332,18.5916366577,-5.48333215714,0.646927893162,97368.4448242,8.35999965668,-345.118896484,True
83.0,-0.216,-0.155,0.309,0.0784532,0.42168595,12.24850585,-44.969997406,-27.8230266571,-1.18999993801,-1.70178222656,-18.8186340332,18.4293994904,-5.98244047165,0.642923593521,97369.934082,8.4299993515,-345.118896484,True
83.10000000000001,-0.216,-0.155,0.309,0.0784532,0.42168595,12.24850585,-44.969997406,-27.8230266571,-1.17999994755,-1.70178222656,-18.8186340332,18.2972869873,-6.34961891174,0.643414080143,97369.934082,8.5,-344.995880127,True
83.2,-0.462,-0.189,0.331,0.02941995,0.48052585,12.75845165,-44.9599990845,-27.8230266571,-0.849999964237,-1.70178222656,-18.8186340332,17.9266262054,-7.26488542557,0.631193161011,97375.1281738,8.56999969482,-343.995849609,True
83.30000000000001,-0.285,-0.216,0.297,0.0392266,0.3138128,12.18966595,-44.9599990845,-34.5131759644,-0.669999957085,-2.50806188583,-27.8315963745,17.6148662567,-7.96344423294,0.659177005291,97377.8747559,8.63999938965,-346.432128906,True
83.4,-0.278,-0.213,0.3,-0.08825985,0.196133,11.1403544,-44.9599990845,-34.5131759644,-0.439999997616,-2.50806188583,-27.8315963745,17.2210445404,-8.73593330383,0.802057206631,97377.0202637,8.71000003815,-347.432128906,True
83.5,-0.23,-0.247,0.275,-0.04903325,0.588399,12.15043935,-44.9500007629,-34.5131759644,-0.0799999982119,-2.50806188583,-27.8315963745,16.9354038239,-9.24985694885,0.967726528645,97373.4436035,8.80000019073,-352.230834961,True
83.60000000000001,-0.23,-0.247,0.275,-0.04903325,0.588399,12.15043935,-44.9599990845,-34.5131759644,-0.070000000298,-2.50806188583,-27.8315963745,16.6852550507,-9.67794322968,1.01766943932,97373.4436035,8.80000019073,-352.230834961,True
83.7,-0.029,-0.268,0.213,0.196133,0.28439285,12.1994726,-44.969997406,-38.4045982361,0.52999997139,-2.66505527496,-33.6740646362,15.9354562759,-10.8920412064,1.05588388443,97380.6091309,9.02999973297,-429.236419678,True
83.80000000000001,-0.056,-0.303,0.227,0.196133,0.1765197,12.2190859,-44.9799995422,-38.4045982361,0.8599999547,-2.66505527496,-33.6740646362,15.5631790161,-11.4393949509,1.12940216064,97378.9978027,9.14999961853,-429.236419678,True
83.9,-0.08,-0.287,0.288,0.1176798,-0.04903325,12.20927925,-44.9799995422,-39.4852294922,1.19999992847,-1.59933042526,-39.6760368347,15.1719503403,-11.981095314,1.17755174637,97386.5539551,9.26999950409,-435.262115479,True
84.0,-0.08,-0.287,0.288,0.1176798,-0.04903325,12.20927925,-44.9899978638,-39.4852294922,1.57999992371,-1.59933042526,-39.6760368347,14.6756668091,-12.6013145447,1.27534425259,97389.0625,9.40999984741,-435.262115479,True
84.10000000000001,-0.135,-0.302,0.349,0.20593965,0.30400615,12.42502555,-44.9799995422,-39.4852294922,2.05999994278,-1.59933042526,-39.6760368347,14.0475273132,-13.3147678375,1.42591822147,97383.3984375,9.55999946594,-427.189056396,True
84.2,-0.216,-0.338,0.35,0.4314926,0.2157463,13.5527903,-44.9799995422,-40.9174499512,2.51999998093,-1.55422401428,-47.7196884155,13.4496870041,-13.9468479156,1.4775313139,97395.9106445,9.71999931335,-427.189056396,True
84.30000000000001,-0.214,-0.338,0.351,0.40207265,-0.14709975,13.42530385,-44.9799995422,-40.9174499512,2.97000002861,-1.55422401428,-47.7196884155,12.7888259888,-14.5836935043,1.51896870136,97390.612793,9.88999938965,-444.847473145,True
84.4,-0.183,-0.361,0.363,0.4707192,-0.28439285,13.83718315,-44.9799995422,-40.9174499512,3.40999984741,-1.55422401428,-47.7196884155,12.0747528076,-15.2164564133,1.52000308037,97394.8730469,10.0599994659,-444.847473145,True
84.5,-0.183,-0.361,0.363,0.4707192,-0.28439285,13.83718315,-44.9799995422,-40.9174499512,3.82999992371,-1.55422401428,-47.7196884155,11.4697027206,-15.7279558182,1.47585523129,97394.8730469,10.2299995422,-442.795959473,True
84.60000000000001,-0.143,-0.429,0.53,0.99047165,-0.1372931,15.7102533,-44.9799995422,-44.1450271606,4.07999992371,-1.73255801201,-59.3762817383,10.1857824326,-16.6788043976,1.23655438423,97402.5390625,10.3899993896,-442.795959473,True
84.7,-0.071,-0.435,0.52,1.01008495,0.14709975,15.26895405,-44.969997406,-44.1450271606,4.36000013351,-1.73255801201,-59.3762817383,9.62406921387,-17.0490856171,1.17897164822,97404.2480469,10.5399999619,-444.234069824,True
84.80000000000001,-0.071,-0.448,0.487,1.08853815,0.5099458,15.2787607,-44.9599990845,-44.1450271606,4.69000005722,-1.73255801201,-59.3762817383,8.45141220093,-17.7325363159,1.15322935581,97411.8103027,10.6799993515,-444.234069824,True
84.9,-0.071,-0.448,0.487,1.08853815,0.5099458,15.2787607,-44.9500007629,-44.1450271606,4.69000005722,-1.73255801201,-59.3762817383,8.03582954407,-17.9516353607,1.13877391815,97411.8103027,10.6799993515,-444.234069824,True
85.0,-0.199,-0.462,0.384,1.14737805,0.61781895,15.99464615,-44.9599990845,-44.1450271606,5.02999973297,-1.73255801201,-59.3762817383,6.96683263779,-18.4608459473,1.10702753067,97409.5214844,10.8199996948,-454.599365234,True
85.10000000000001,-0.142,-0.491,0.309,1.0787315,0.30400615,15.5925735,-44.969997406,-46.5566368103,5.75999975204,-2.65062761307,-75.7018356323,5.413169384,-19.058921814,1.10629582405,97417.1569824,11.0999994278,-450.460235596,True
85.2,-0.106,-0.496,0.319,1.3337044,0.14709975,15.9259996,-44.9799995422,-46.5566368103,6.17000007629,-2.65062761307,-75.7018356323,4.03068065643,-19.4696922302,1.09969305992,97418.6767578,11.25,-450.460235596,True
85.30000000000001,-0.129,-0.501,0.33,1.48080415,0.02941995,16.05348605,-44.9899978638,-46.5566368103,6.55999994278,-2.65062761307,-75.7018356323,3.05142402649,-19.7082462311,1.06271803379,97419.1101074,11.3999996185,-455.859191895,True
85.4,-0.249,-0.521,0.377,1.4513842,-0.02941995,15.9259996,-44.9899978638,-46.5566368103,6.96000003815,-2.65062761307,-75.7018356323,1.85443103313,-19.926027298,1.04057824612,97423.1018066,11.5500001907,-455.859191895,True
85.5,-0.249,-0.521,0.377,1.4513842,-0.02941995,15.9259996,-44.9899978638,-49.5688247681,6.98000001907,-1.06288468838,-89.2389602661,0.852508723736,-20.0424690247,1.05843985081,97423.1018066,11.5500001907,-455.859191895,True
85.60000000000001,-0.117,-0.541,0.36,1.50041745,-0.02941995,16.1613592,-44.9899978638,-49.5688247681,7.40999984741,-1.06288468838,-89.2389602661,-0.402881473303,-20.1188526154,1.07178974152,97421.6491699,11.6899995804,-466.569519043,True
85.7,-0.08,-0.574,0.386,1.765197,0.0196133,17.38719045,-44.9899978638,-49.5688247681,8.23999977112,-1.06288468838,-89.2389602661,-2.30917072296,-20.0766963959,1.01963794231,97430.7922363,11.9899997711,-465.491088867,True
85.80000000000001,-0.13,-0.558,0.397,1.7259704,-0.1765197,17.2008641,-44.9899978638,-49.5688247681,8.61999988556,-1.06288468838,-89.2389602661,-3.67091274261,-19.93318367,0.971151709557,97434.7717285,12.1300001144,-465.491088867,True
85.9,-0.006,-0.595,0.424,1.69655045,-0.1372931,17.85790965,-44.9899978638,-52.4927597046,8.98999977112,-0.420899510384,-105.536720276,-5.33509922028,-19.6164283752,0.899746835232,97434.7717285,12.2699995041,-463.856323242,True
86.0,-0.006,-0.595,0.424,1.69655045,-0.1372931,17.85790965,-44.9899978638,-52.4927597046,8.98999977112,-0.420899510384,-105.536720276,-5.89307928085,-19.4773197174,0.878174781799,97433.6853027,12.2699995041,-463.856323242,True
86.10000000000001,0.068,-0.609,0.442,1.87307015,0.28439285,18.4757286,-44.9899978638,-52.4927597046,9.34000015259,-0.420899510384,-105.536720276,-7.30211448669,-19.0269889832,0.786133289337,97444.5922852,12.5399999619,-468.158538818,True
86.2,-0.048,-0.593,0.402,1.7455837,0.30400615,18.4953419,-38.1199989319,-52.4927597046,9.94999980927,-0.420899510384,-105.536720276,-9.25418186188,-18.2216033936,0.644513189793,97447.442627,12.6599998474,-468.158538818,True
86.30000000000001,0.109,-0.617,0.359,1.71616375,0.4314926,20.23111895,-33.2399978638,-52.2652320862,10.2199993134,-0.15399505198,-123.184295654,-10.3544540405,-17.6294021606,0.531122326851,97443.3166504,12.7699995041,-459.124755859,True
86.4,0.112,-0.604,0.338,1.7259704,0.69627215,19.64271995,-26.9499988556,-52.2652320862,10.3999996185,-0.15399505198,-123.184295654,-11.9863576889,-16.5710334778,0.309718430042,97448.6694336,12.8699998856,-459.124755859,True
86.5,0.094,-0.592,0.241,1.4906108,0.38245935,19.1425808,-19.5499992371,-52.2652320862,10.5399999619,-0.15399505198,-123.184295654,-13.0047092438,-15.7905521393,0.157141208649,97448.6694336,12.9399995804,-444.302734375,True
86.60000000000001,0.094,-0.592,0.241,1.4906108,0.38245935,19.1425808,-11.4699993134,-52.2652320862,10.6799993515,-0.15399505198,-123.184295654,-14.3264093399,-14.5705013275,-0.040547799319,97444.4091797,13.0,-444.302734375,True
86.7,0.392,-0.599,0.133,1.57887065,-0.196133,20.593965,-2.91999983788,-49.9937477112,10.6999998093,2.78278803825,-137.435562134,-15.1657352448,-13.6500816345,-0.277936279774,97439.8803711,13.029999733,-440.131195068,True
86.80000000000001,0.657,-0.52,0.167,1.52003075,-0.36284605,18.7110882,5.84999990463,-49.9937477112,10.529999733,2.78278803825,-137.435562134,-16.2502479553,-12.2702608109,-0.709159553051,97439.8803711,13.029999733,-440.131195068,True
86.9,0.684,-0.453,0.185,1.24544455,-0.6472389,17.50487025,13.5799999237,-49.9937477112,10.1899995804,2.78278803825,-137.435562134,-16.8159408569,-11.4077577591,-1.02012479305,97444.9035645,12.9699993134,-448.512634277,True
87.0,0.659,-0.397,0.265,0.980665,-0.24516625,17.99520275,20.0699996948,-49.9937477112,9.73999977112,2.78278803825,-137.435562134,-17.3679199219,-10.3674411774,-1.47268164158,97439.453125,12.8699998856,-448.512634277,True
87.10000000000001,0.659,-0.397,0.265,0.980665,-0.24516625,17.99520275,25.1800003052,-38.4238319397,9.11999988556,7.57764339447,-148.514526367,-17.8130702972,-9.09048461914,-1.97363829613,97439.453125,12.7100000381,-426.204681396,True
87.2,0.963,-0.317,0.188,0.44129925,-0.5687857,16.1221326,29.1399993896,-38.4238319397,8.46000003815,7.57764339447,-148.514526367,-17.8960189819,-8.7611284256,-2.14828681946,97434.0820312,12.5199995041,-426.204681396,True
87.30000000000001,0.926,-0.2,0.236,0.08825985,-0.4314926,16.2594257,32.3699989319,-38.4238319397,7.39999961853,7.57764339447,-148.514526367,-17.9905605316,-7.64830875397,-2.97406744957,97422.0214844,12.25,-390.600006104,True
87.4,0.926,-0.2,0.236,0.08825985,-0.4314926,16.2594257,34.6399993896,-23.1625137329,6.32999992371,9.77649497986,-154.974319458,-17.9151420593,-7.0755982399,-3.46586632729,97422.0214844,11.9299993515,-390.600006104,True
87.5,0.96,-0.112,0.225,-0.0392266,-0.4118793,14.03331615,36.1499977112,-23.1625137329,5.03999996185,9.77649497986,-154.974319458,-17.7082290649,-6.59769248962,-3.85443854332,97417.5292969,11.529999733,-429.956054688,True
87.60000000000001,0.904,-0.057,0.219,-0.196133,-0.36284605,12.09159945,37.1399993896,-23.1625137329,3.86999988556,9.77649497986,-154.974319458,-17.5856685638,-6.45731258392,-3.97370100021,97410.3515625,11.1099996567,-429.956054688,True
87.7,0.68,-0.02,0.124,-0.38245935,0.16671305,10.79712165,37.6800003052,-23.1625137329,2.63999986649,9.77649497986,-154.974319458,-17.2926006317,-6.2675909996,-4.11924743652,97399.7375488,10.6399993896,-382.214172363,True
87.80000000000001,0.68,-0.02,0.124,-0.38245935,0.16671305,10.79712165,38.0499992371,-23.1625137329,1.43999993801,9.77649497986,-154.974319458,-17.0825614929,-6.19617319107,-4.19194316864,97400.7141113,10.1700000763,-382.214172363,True
87.9,0.473,-0.026,0.076,-0.24516625,0.12748645,11.26784085,38.0499992371,-23.1625137329,1.43999993801,9.77649497986,-154.974319458,-16.8453407288,-6.17258882523,-4.31133127213,97390.2160645,10.1700000763,-382.214172363,True
88.0,0.529,0.049,-0.039,-0.26477955,0.22555295,10.67944185,38.2000007629,1.66650378704,-1.10000002384,10.3696832657,-161.079376221,-16.4232349396,-6.22240447998,-4.4773273468,97370.4223633,9.21000003815,-336.601837158,True
88.10000000000001,0.529,0.049,-0.039,-0.26477955,0.22555295,10.67944185,38.0599975586,1.66650378704,-1.09000003338,10.3696832657,-161.079376221,-16.2426528931,-6.28105354309,-4.51027965546,97370.4223633,8.71000003815,-280.940246582,True
88.2,0.513,0.094,-0.066,-0.3726527,0.3726527,9.4928372,38.0,1.66650378704,-3.51999998093,10.3696832657,-161.079376221,-15.8660049438,-6.45515823364,-4.37705993652,97372.2229004,8.21000003815,-280.940246582,True
88.30000000000001,0.441,0.114,-0.096,-0.38245935,0.18632635,8.3748791,37.8299980164,13.8493394852,-4.53999996185,8.51671695709,-160.603744507,-15.7152509689,-6.55614471436,-4.24818515778,97363.7084961,8.21000003815,-280.940246582,True
88.4,0.523,0.119,-0.109,-0.44129925,0.14709975,7.75706015,37.6800003052,13.8493394852,-5.46000003815,8.51671695709,-160.603744507,-15.326874733,-6.88050079346,-3.84572839737,97352.4414062,7.27999973297,-236.758804321,True
88.5,0.389,0.105,-0.117,-0.4314926,0.3138128,7.69822025,37.3699989319,13.8493394852,-6.28999996185,8.51671695709,-160.603744507,-15.1377439499,-7.0649433136,-3.61641454697,97342.8039551,6.84999990463,-206.33984375,True
88.60000000000001,0.389,0.105,-0.117,-0.4314926,0.3138128,7.69822025,37.4099998474,13.8493394852,-6.27999973297,8.51671695709,-160.603744507,-14.8525409698,-7.37143087387,-3.31457018852,97342.8039551,6.84999990463,-206.33984375,True
88.7,0.164,0.143,-0.175,-0.50013915,0.6472389,5.42307745,36.7999992371,24.4648418427,-7.69999980927,5.15037822723,-159.035263062,-14.6988420486,-7.53759670258,-2.98205018044,97334.5214844,6.09999990463,-181.520843506,True
88.80000000000001,0.164,0.143,-0.175,-0.50013915,0.6472389,5.42307745,36.7799987793,24.4648418427,-8.15999984741,5.15037822723,-159.035263062,-14.6004333496,-7.63441801071,-2.68038129807,97334.5214844,5.78999996185,-181.520843506,True
88.9,0.197,0.124,-0.251,-0.57859235,0.6472389,6.0016698,36.6599998474,24.4648418427,-8.47000026703,5.15037822723,-159.035263062,-14.346657753,-7.91900539398,-2.04170155525,97330.0964355,5.52999973297,-162.496002197,True
89.0,0.184,0.085,-0.307,-0.6472389,0.4707192,6.9823348,36.3699989319,29.0592575073,-8.76000022888,0.816781640053,-156.342651367,-14.1442279816,-8.16939544678,-1.65871453285,97322.5769043,5.30999994278,-162.496002197,True
89.10000000000001,0.193,0.066,-0.305,-0.588399,0.3334261,7.10982125,35.9300003052,29.0592575073,-8.96000003815,0.816781640053,-156.342651367,-13.9235486984,-8.46889209747,-1.30423605442,97320.8251953,5.13000011444,-141.597366333,True
89.2,0.193,0.066,-0.305,-0.588399,0.3334261,7.10982125,35.4300003052,29.0592575073,-9.09000015259,0.816781640053,-156.342651367,-13.7641334534,-8.69137096405,-0.982282936573,97320.8251953,4.98999977112,-141.597366333,True
89.30000000000001,0.07,-0.008,-0.265,-0.61781895,0.3138128,7.65899365,34.9399986267,29.0592575073,-9.07999992371,0.816781640053,-156.342651367,-13.4681425095,-9.10991191864,-0.415899693966,97318.4448242,4.90000009537,-130.765350342,True
89.4,0.131,-0.014,-0.243,-0.6276256,0.0980665,7.73744685,34.3299980164,33.3587036133,-9.05999946594,-3.54780888557,-151.397323608,-13.2835083008,-9.39065933228,-0.149195581675,97318.0419922,4.82999992371,-130.765350342,True
89.5,0.131,-0.014,-0.243,-0.6276256,0.0980665,7.73744685,34.3099975586,33.3587036133,-9.05000019073,-3.54780888557,-151.397323608,-13.1302595139,-9.61638736725,0.0610565617681,97318.0419922,4.82999992371,-130.765350342,True
89.60000000000001,-0.015,-0.069,-0.151,-0.65704555,0.3726527,8.0610663,32.6300010681,33.3587036133,-8.82999992371,-3.54780888557,-151.397323608,-12.7748794556,-10.1671152115,0.515468835831,97317.8344727,4.80999994278,-133.477600098,True
89.7,-0.156,-0.081,-0.138,-0.67665885,0.48052585,8.0022264,31.7399997711,33.3587036133,-8.5999994278,-3.54780888557,-151.397323608,-12.5291166306,-10.528968811,0.837355673313,97318.9758301,4.84999990463,-137.790496826,True
89.80000000000001,-0.156,-0.081,-0.138,-0.67665885,0.48052585,8.0022264,30.9399986267,34.474407196,-8.34000015259,-4.84785461426,-147.821151733,-12.3502540588,-10.7841234207,1.11511361599,97318.9758301,4.92000007629,-137.790496826,True
89.9,-0.192,-0.07,-0.192,-0.4903325,0.63743225,7.9826131,30.0699996948,34.474407196,-7.96999979019,-4.84785461426,-147.821151733,-12.1651582718,-11.0608892441,1.35887658596,97318.5974121,5.02999973297,-136.130340576,True
90.0,0.067,-0.086,-0.247,-0.40207265,0.3726527,9.3163175,28.9099998474,34.474407196,-7.63999986649,-4.84785461426,-147.821151733,-11.9045248032,-11.4795970917,1.53541207314,97317.5476074,5.15999984741,-136.130340576,True
90.10000000000001,0.368,-0.083,-0.227,-0.3138128,0.48052585,10.48330885,28.8999996185,34.474407196,-7.6299996376,-4.84785461426,-147.821151733,-11.6020431519,-11.9547643661,1.63814628124,97322.076416,5.15999984741,-136.130340576,True
90.2,-0.173,-0.116,-0.267,-0.48052585,1.36312435,11.1599677,26.0799999237,36.3102874756,-6.94000005722,-5.89444875717,-142.7162323,-11.2078447342,-12.5148305893,1.8515638113,97321.661377,5.46000003815,-140.791702271,True
90.30000000000001,-0.173,-0.116,-0.267,-0.48052585,1.36312435,11.1599677,24.2999992371,36.3102874756,-6.94999980927,-5.89444875717,-142.7162323,-10.9993896484,-12.8235607147,1.81369519234,97329.3518066,5.46000003815,-140.791702271,True
90.4,-0.238,-0.112,-0.332,-0.36284605,1.1179581,13.0428445,22.1199989319,36.3102874756,-6.51999998093,-5.89444875717,-142.7162323,-10.4068565369,-13.6707763672,1.59478914738,97331.237793,5.76999998093,-170.105743408,True
90.5,-0.04,-0.113,-0.383,-0.4314926,0.7256921,12.0621795,19.75,36.3102874756,-6.36999988556,-5.89444875717,-142.7162323,-10.1126556396,-14.0619726181,1.54507088661,97333.7402344,5.90999984741,-177.270126343,True
90.60000000000001,0.023,-0.177,-0.324,-0.28439285,0.784532,12.07198615,17.359998703,36.3102874756,-6.17999982834,-5.89444875717,-142.7162323,-9.72834873199,-14.5450220108,1.4687204361,97339.3493652,6.03999996185,-177.270126343,True
90.7,0.023,-0.177,-0.324,-0.28439285,0.784532,12.07198615,14.7299995422,32.7359046936,-6.0499997139,-8.10069274902,-132.797103882,-9.42212295532,-14.9118204117,1.42261767387,97339.3493652,6.15999984741,-207.586486816,True
90.80000000000001,-0.18,-0.187,-0.269,-0.46091255,0.59820565,11.7091401,12.1799993515,32.7359046936,-5.85999965668,-8.10069274902,-132.797103882,-8.96341323853,-15.397819519,1.41189646721,97342.2973633,6.27999973297,-207.586486816,True
90.9,-0.162,-0.207,-0.231,-0.5099458,0.3530394,11.58165365,9.38999938965,32.7359046936,-5.67999982834,-8.10069274902,-132.797103882,-8.65622329712,-15.7001104355,1.41635239124,97342.2973633,6.39999961853,-223.923110962,True
91.0,-0.162,-0.207,-0.231,-0.5099458,0.3530394,11.58165365,9.39999961853,32.7359046936,-5.69000005722,-8.10069274902,-132.797103882,-8.25055217743,-16.0735530853,1.40224921703,97343.9208984,6.39999961853,-223.923110962,True
91.10000000000001,-0.311,-0.215,-0.101,-0.44129925,0.6472389,12.30734575,3.48000001907,28.9138908386,-5.35999965668,-7.03587913513,-125.441413879,-7.83285284042,-16.4267692566,1.30413842201,97345.1904297,6.6299996376,-239.718811035,True
91.2,-0.371,-0.202,-0.088,-0.46091255,0.588399,11.76798,0.379999995232,28.9138908386,-5.30999994278,-7.03587913513,-125.441413879,-7.35841989517,-16.7946720123,1.13546359539,97349.9572754,6.73999977112,-239.718811035,True
91.30000000000001,-0.147,-0.183,-0.099,-0.42168595,0.69627215,12.4740588,-2.44000005722,28.9138908386,-5.25999975204,-7.03587913513,-125.441413879,-6.98328924179,-17.045217514,0.994506657124,97349.8168945,6.83999967575,-256.81552124,True
91.4,-0.116,-0.188,-0.1,-0.2353596,0.8237586,14.09215605,-5.31999969482,28.9138908386,-5.26999998093,-7.03587913513,-125.441413879,-6.60858535767,-17.2927360535,0.76892220974,97351.8798828,6.92000007629,-256.81552124,True
91.5,-0.303,-0.14,-0.081,-0.2353596,0.77472535,12.97419795,-8.43999958038,23.8769550323,-5.44999980927,-3.98521900177,-121.627502441,-6.21034622192,-17.522233963,0.457807183266,97352.2583008,6.96999979019,-277.100769043,True
91.60000000000001,-0.245,-0.113,-0.078,-0.28439285,0.9414384,12.66038515,-11.1799993515,23.8769550323,-5.65000009537,-3.98521900177,-121.627502441,-5.87069511414,-17.6895523071,0.217762261629,97352.3986816,6.98999977112,-277.100769043,True
91.7,-0.245,-0.113,-0.078,-0.28439285,0.9414384,12.66038515,-11.1799993515,23.8769550323,-5.65000009537,-3.98521900177,-121.627502441,-5.87069511414,-17.6895523071,0.217762261629,97352.3986816,6.98999977112,-277.100769043,True
91.80000000000001,-0.366,-0.03,-0.102,-0.51975245,0.8825985,10.2381426,-15.5399999619,23.8769550323,-6.05999994278,-3.98521900177,-121.627502441,-5.32718849182,-17.8453941345,0.0814624726772,97351.348877,6.96000003815,-293.404571533,True
91.9,-0.379,-0.021,-0.096,-0.6472389,0.9218251,8.7475318,-17.0599994659,16.747549057,-6.15000009537,-2.76311540604,-118.939544678,-5.21041107178,-17.8382472992,0.182003647089,97351.1535645,6.94000005722,-307.98223877,True
92.0,-0.433,-0.016,-0.12,-0.5295591,0.75511205,9.022118,-18.2600002289,16.747549057,-6.15000009537,-2.76311540604,-118.939544678,-5.08664464951,-17.8117523193,0.287053465843,97351.4343262,6.92999982834,-307.98223877,True
92.10000000000001,-0.45,0.012,-0.098,-0.65704555,0.63743225,8.8455983,-19.2999992371,16.747549057,-6.15999984741,-2.76311540604,-118.939544678,-4.96867179871,-17.764509201,0.396412581205,97351.4343262,6.92999982834,-297.689819336,True
92.2,-0.45,0.012,-0.098,-0.65704555,0.63743225,8.8455983,-19.2999992371,16.747549057,-6.15999984741,-2.76311540604,-118.939544678,-4.94411802292,-17.7449970245,0.457250356674,97349.2370605,6.94999980927,-297.689819336,True
92.30000000000001,-0.486,0.013,-0.073,-0.7060788,0.50013915,8.50236555,-20.8199996948,9.05547428131,-5.96000003815,-2.99558925629,-116.919448853,-4.89291906357,-17.6453647614,0.63079637289,97352.7770996,6.98000001907,-296.918487549,True
92.4,-0.269,-0.015,-0.044,-0.6864655,0.38245935,9.44380395,-21.4499988556,9.05547428131,-5.85999965668,-2.99558925629,-116.919448853,-4.85929441452,-17.5564231873,0.678204357624,97352.9052734,7.02999973297,-296.918487549,True
92.5,-0.212,-0.033,0.039,-0.61781895,0.26477955,9.4536106,-21.9499988556,9.05547428131,-5.76999998093,-2.99558925629,-116.919448853,-4.84068822861,-17.47240448,0.717146575451,97351.6784668,7.08999967575,-285.467163086,True
92.60000000000001,-0.284,-0.037,0.099,-0.588399,0.4118793,10.03220295,-22.4200000763,2.11722373962,-5.61999988556,-2.69720721245,-116.228645325,-4.85281229019,-17.3834590912,0.777370750904,97353.2775879,7.14999961853,-285.467163086,True
92.7,-0.295,-0.031,0.12,-0.40207265,0.5099458,10.34601575,-22.6399993896,2.11722373962,-5.5,-2.69720721245,-116.228645325,-4.90702438354,-17.2638053894,0.753109693527,97357.03125,7.21000003815,-274.258239746,True
92.80000000000001,-0.244,-0.023,0.128,-0.4903325,0.46091255,10.64021525,-22.7999992371,2.11722373962,-5.42000007629,-2.69720721245,-116.228645325,-4.96424484253,-17.178144455,0.704228162766,97354.5043945,7.27999973297,-274.258239746,True
92.9,-0.244,-0.023,0.128,-0.4903325,0.46091255,10.64021525,-22.7999992371,2.11722373962,-5.42000007629,-2.69720721245,-116.228645325,-5.01899242401,-17.104642868,0.666398525238,97354.5043945,7.27999973297,-274.258239746,True
93.0,-0.265,-0.03,0.157,-0.46091255,0.55897905,10.7677017,-22.6199989319,-4.15875816345,-5.33999967575,-2.11128926277,-119.147865295,-5.17840909958,-16.9289112091,0.55339628458,97356.4819336,7.38999986649,-265.380279541,True
93.10000000000001,-0.265,-0.03,0.157,-0.46091255,0.55897905,10.7677017,-22.1999988556,-4.15875816345,-5.30999994278,-2.11128926277,-119.147865295,-5.26843833923,-16.8368339539,0.52397274971,97356.4819336,7.38999986649,-265.380279541,True
93.2,-0.321,-0.022,0.158,-0.4118793,0.8237586,10.20872265,-21.6299991608,-4.15875816345,-5.25999975204,-2.11128926277,-119.147865295,-5.5361700058,-16.5959529877,0.500661730766,97356.237793,7.46999979019,-255.198486328,True
93.30000000000001,-0.44,-0.003,0.09,-0.34323275,0.8041453,10.73828175,-20.6800003052,-4.15875816345,-5.25999975204,-2.11128926277,-119.147865295,-5.72713851929,-16.4406452179,0.438709586859,97356.7016602,7.5,-243.481826782,True
93.4,-0.403,0.003,0.051,-0.34323275,0.65704555,10.73828175,-19.6000003815,-12.1087913513,-5.26999998093,-2.13482737541,-121.531059265,-6.05905199051,-16.1840553284,0.354980498552,97357.1533203,7.52999973297,-243.481826782,True
93.5,-0.237,0.019,0.037,-0.50013915,0.71588545,10.1596894,-18.1399993896,-12.1087913513,-5.25,-2.13482737541,-121.531059265,-6.36190652847,-15.9462795258,0.383047550917,97360.369873,7.5499997139,-231.280334473,True
93.60000000000001,-0.229,0.032,-0.009,-0.5099458,0.8041453,9.69877685,-16.5100002289,-12.1087913513,-5.21999979019,-2.13482737541,-121.531059265,-6.71036100388,-15.6847667694,0.387481123209,97360.5529785,7.57999992371,-231.280334473,True
93.7,-0.229,0.032,-0.009,-0.5099458,0.8041453,9.69877685,-14.6799993515,-12.1087913513,-5.13000011444,-2.13482737541,-121.531059265,-7.07720422745,-15.3964548111,0.53222489357,97360.5529785,7.59999990463,-223.106002808,True
93.80000000000001,0.032,0.001,-0.059,-0.30400615,-0.1569064,9.99297635,-13.1099996567,-12.1087913513,-5.0,-2.13482737541,-121.531059265,-7.30903148651,-15.2273626328,0.579325020313,97365.3198242,7.63999986649,-223.106002808,True
93.9,0.05,0.003,0.054,-0.4118793,-0.2549729,9.40457735,-11.5099992752,-17.6635761261,-4.88000011444,-2.55821800232,-121.416732788,-7.61550760269,-15.0031576157,0.674518585205,97358.8806152,7.69999980927,-202.442169189,True
94.0,0.087,0.003,0.159,-0.4707192,-0.2157463,9.8262633,-10.1399993896,-17.6635761261,-4.69999980927,-2.55821800232,-121.416732788,-7.80101060867,-14.8569049835,0.760056197643,97363.9526367,7.75999975204,-202.442169189,True
94.10000000000001,0.047,-0.034,0.202,-0.4314926,-0.1176798,10.48330885,-8.60999965668,-17.6635761261,-4.48999977112,-2.55821800232,-121.416732788,-8.05907249451,-14.6679201126,0.793086230755,97362.2192383,7.83999967575,-197.619247437,True
94.2,0.047,-0.034,0.202,-0.4314926,-0.1176798,10.48330885,-7.0499997139,-16.1577701569,-4.33999967575,-3.22697234154,-123.621368408,-8.35186004639,-14.4608764648,0.825754463673,97362.2192383,7.92999982834,-197.619247437,True
94.30000000000001,0.249,0.001,0.289,-0.4511059,-0.1176798,9.4536106,-5.6299996376,-16.1577701569,-4.11000013351,-3.22697234154,-123.621368408,-8.47852230072,-14.3671722412,0.905065000057,97361.6638184,8.01000022888,-191.091537476,True
94.4,-0.008,-0.075,0.306,-0.3530394,0.1176798,11.64049355,-4.23000001907,-16.1577701569,-3.83999991417,-3.22697234154,-123.621368408,-8.75315952301,-14.1678361893,0.959727108479,97368.4814453,8.10999965668,-191.091537476,True
94.5,0.128,-0.046,0.282,-0.3530394,0.67665885,10.8853815,-2.36999988556,-16.1577701569,-3.73000001907,-3.22697234154,-123.621368408,-9.08743190765,-13.9215478897,0.810787022114,97368.0664062,8.19999980927,-185.950088501,True
94.60000000000001,0.07,-0.036,0.19,-0.46091255,0.5099458,9.7478101,-0.519999980927,-16.1577701569,-3.61999988556,-3.22697234154,-123.621368408,-9.3381986618,-13.7209558487,0.825452923775,97368.0664062,8.27999973297,-185.950088501,True
94.7,-0.061,-0.051,0.114,-0.392266,0.57859235,11.07170785,1.23000001907,-12.3311052322,-3.39999985695,-4.22080135345,-131.694488525,-9.57738304138,-13.528676033,0.829175651073,97367.6696777,8.36999988556,-187.893676758,True
94.80000000000001,-0.061,-0.051,0.114,-0.392266,0.57859235,11.07170785,3.06999993324,-12.3311052322,-3.25999999046,-4.22080135345,-131.694488525,-9.77865314484,-13.3643703461,0.777154803276,97369.0429688,8.44999980927,-187.893676758,True
94.9,0.067,-0.037,0.047,-0.4118793,0.6472389,11.6503002,5.08999967575,-12.3311052322,-3.15999984741,-4.22080135345,-131.694488525,-10.0677633286,-13.1197595596,0.716238439083,97374.5117188,8.52999973297,-177.965927124,True
95.0,0.185,-0.027,-0.019,-0.4314926,0.1372931,9.63993695,6.77999973297,-12.3311052322,-2.99000000954,-4.22080135345,-131.694488525,-10.2543516159,-12.9573955536,0.769936025143,97375.5737305,8.5999994278,-177.965927124,True
95.10000000000001,0.185,-0.027,-0.019,-0.4314926,0.1372931,9.63993695,6.77999973297,-11.117890358,-2.99000000954,-3.87527298927,-132.612167358,-10.3188734055,-12.8994035721,0.819772064686,97375.5737305,8.5999994278,-177.965927124,True
95.2,0.272,-0.003,0.02,-0.40207265,-0.12748645,8.8455983,9.55000019073,-11.117890358,-2.47000002861,-3.87527298927,-132.612167358,-10.4957790375,-12.7414035797,1.00640666485,97375.0305176,8.77999973297,-174.854278564,True
95.30000000000001,0.272,-0.003,0.02,-0.40207265,-0.12748645,8.8455983,10.6700000763,-7.29432964325,-2.12999987602,-3.82406592369,-132.648025513,-10.6065149307,-12.6563949585,1.13217008114,97375.0305176,8.88999938965,-181.929199219,True
95.4,0.275,-0.022,0.067,-0.22555295,-0.38245935,10.18910935,11.5199995041,-7.29432964325,-1.81999993324,-3.82406592369,-132.648025513,-10.685303688,-12.6162424088,1.07989478111,97378.5827637,9.01000022888,-181.929199219,True
95.5,0.188,-0.053,0.209,-0.26477955,-0.08825985,11.26784085,12.3199996948,-7.29432964325,-1.59999990463,-3.82406592369,-132.648025513,-10.747171402,-12.584274292,0.967198312283,97378.5827637,9.13999938965,-170.277587891,True
95.60000000000001,0.188,-0.053,0.209,-0.26477955,-0.08825985,11.26784085,13.029999733,-7.29432964325,-1.42999994755,-3.82406592369,-132.648025513,-10.8232107162,-12.5535392761,0.798104703426,97380.7250977,9.25,-170.277587891,True
95.7,-0.001,-0.1,0.239,-0.12748645,0.1176798,12.56231865,13.0399999619,-7.29432964325,-1.42999994755,-3.82406592369,-132.648025513,-10.8530817032,-12.5397825241,0.697198987007,97381.8908691,9.25,-170.277587891,True
95.80000000000001,0.025,-0.091,0.193,-0.18632635,0.30400615,12.2386992,14.6700000763,-2.43351602554,-1.37999999523,-2.80057644844,-137.261444092,-10.9581785202,-12.4635953903,0.398677885532,97384.0148926,9.39999961853,-178.772918701,True
95.9,0.025,-0.091,0.193,-0.18632635,0.30400615,12.2386992,15.5599994659,-2.43351602554,-1.41999995708,-2.80057644844,-137.261444092,-11.0151500702,-12.4050273895,0.23852019012,97384.0148926,9.43999958038,-184.268768311,True
96.0,0.23,-0.044,0.068,-0.3138128,0.26477955,12.2583125,16.4200000763,-2.43351602554,-1.5,-2.80057644844,-137.261444092,-11.0806436539,-12.3232746124,-0.0308879725635,97386.5539551,9.46999931335,-184.268768311,True
96.10000000000001,0.334,0.011,0.05,-0.44129925,0.20593965,10.4342756,16.4200000763,0.464265674353,-1.5,-1.89129137993,-140.228347778,-11.0853061676,-12.2939414978,-0.108006693423,97388.2019043,9.46000003815,-178.836242676,True
96.2,0.296,-0.021,0.045,-0.38245935,0.36284605,9.93413645,17.4499988556,0.464265674353,-1.67999994755,-1.89129137993,-140.228347778,-11.0680875778,-12.2729320526,-0.134467095137,97388.7573242,9.44999980927,-178.836242676,True
96.30000000000001,0.296,-0.021,0.045,-0.38245935,0.36284605,9.93413645,17.8299999237,0.464265674353,-1.68999993801,-1.89129137993,-140.228347778,-11.0333518982,-12.2643642426,-0.0233270246536,97388.7573242,9.4299993515,-179.935638428,True
96.4,0.162,-0.021,-0.039,-0.38245935,0.69627215,10.44408225,18.1199989319,6.04816913605,-1.62000000477,-1.88015496731,-140.783935547,-11.0042247772,-12.2655506134,0.0194761455059,97387.0300293,9.4299993515,-179.935638428,True
96.5,0.15,-0.042,-0.082,-0.48052585,0.588399,11.30706745,18.2999992371,6.04816913605,-1.62999999523,-1.88015496731,-140.783935547,-10.9312601089,-12.3032245636,-0.119043700397,97388.092041,9.4299993515,-170.994949341,True
96.60000000000001,0.045,0.011,-0.107,-0.51975245,0.50013915,8.5710121,18.3299999237,6.04816913605,-1.69999992847,-1.88015496731,-140.783935547,-10.8746509552,-12.3183774948,-0.104883342981,97388.4338379,9.4299993515,-170.994949341,True
96.7,0.142,-0.005,-0.151,-0.44129925,0.1372931,8.0806796,18.4300003052,6.04816913605,-1.58999991417,-1.88015496731,-140.783935547,-10.8053216934,-12.3501825333,0.0733498260379,97388.0126953,9.43999958038,-167.00592041,True
96.80000000000001,0.202,-0.039,-0.111,-0.3726527,0.46091255,10.2969825,18.3699989319,9.37235546112,-1.38999998569,-1.87467622757,-138.484680176,-10.7189493179,-12.4096212387,0.192890048027,97386.8835449,9.46000003815,-167.00592041,True
96.9,0.214,-0.049,-0.132,-0.32361945,0.46091255,12.7682583,18.1900005341,9.37235546112,-1.32999992371,-1.87467622757,-138.484680176,-10.5796489716,-12.5209302902,0.0116183133796,97386.8835449,9.48999977112,-161.738586426,True
97.0,0.214,-0.049,-0.132,-0.32361945,0.46091255,12.7682583,17.6499996185,9.37235546112,-1.44999992847,-1.87467622757,-138.484680176,-10.474896431,-12.6159687042,-0.135720655322,97389.5690918,9.51000022888,-161.738586426,True
97.10000000000001,0.345,-0.026,-0.044,-0.38245935,0.0980665,10.6107953,16.8400001526,9.37235546112,-1.54999995232,-1.87467622757,-138.484680176,-10.2483243942,-12.8139152527,-0.278858691454,97391.9433594,9.51000022888,-158.697692871,True
97.2,0.296,-0.048,-0.011,-0.392266,0.588399,9.69877685,16.0299987793,15.9484519958,-1.55999994278,-1.42721092701,-136.365875244,-10.030834198,-12.9878454208,-0.24911083281,97386.8041992,9.5,-158.697692871,True
97.30000000000001,0.296,-0.048,-0.011,-0.392266,0.588399,9.69877685,15.2100000381,15.9484519958,-1.55999994278,-1.42721092701,-136.365875244,-9.88137817383,-13.1041212082,-0.217712894082,97386.8041992,9.47999954224,-156.642532349,True
97.4,0.088,-0.046,-0.016,-0.3138128,0.65704555,10.07142955,15.2100000381,15.9484519958,-1.55999994278,-1.42721092701,-136.365875244,-9.77593994141,-13.1831026077,-0.184483960271,97386.7553711,9.47999954224,-156.642532349,True
97.5,0.034,-0.025,-0.059,-0.3530394,0.8825985,9.28689755,13.5199995041,18.3636379242,-1.49000000954,-1.02668559551,-135.717498779,-9.60577392578,-13.3104734421,-0.0759571865201,97387.9577637,9.46000003815,-159.940917969,True
97.60000000000001,0.273,0.019,-0.171,-0.20593965,0.42168595,8.48275225,12.3999996185,18.3636379242,-1.55999994278,-1.02668559551,-135.717498779,-9.32941818237,-13.5410242081,-0.139567777514,97387.0300293,9.46000003815,-159.940917969,True
97.7,0.346,-0.025,-0.161,-0.2353596,0.392266,8.63965865,11.3899993896,18.3636379242,-1.40999996662,-1.02668559551,-135.717498779,-9.14823246002,-13.6849851608,0.0863749533892,97387.1826172,9.46000003815,-151.171295166,True
97.80000000000001,0.079,-0.006,-0.11,-0.34323275,0.5099458,7.85512665,10.2100000381,18.3636379242,-1.23000001907,-1.02668559551,-135.717498779,-8.94857120514,-13.83984375,0.265430867672,97385.5041504,9.47999954224,-151.171295166,True
97.9,0.079,-0.006,-0.11,-0.34323275,0.5099458,7.85512665,10.2100000381,21.7581882477,-1.23000001907,-1.59483110905,-133.079498291,-8.78675746918,-13.9627790451,0.438006311655,97385.5041504,9.47999954224,-151.171295166,True
98.0,0.147,-0.065,-0.094,-0.10787315,0.42168595,9.71839015,7.5499997139,21.7581882477,-0.740000009537,-1.59483110905,-133.079498291,-8.49540233612,-14.2042427063,0.561565995216,97386.0595703,9.57999992371,-153.798858643,True
98.10000000000001,0.151,-0.048,-0.015,0.06864655,1.57887065,10.5715687,5.83999967575,21.7581882477,-0.519999980927,-1.59483110905,-133.079498291,-8.29178237915,-14.3772735596,0.582790195942,97386.0595703,9.64999961853,-154.251281738,True
98.2,-0.1,-0.026,-0.091,-0.06864655,2.04958985,10.3165958,4.34999990463,23.992898941,-0.34999999404,-1.16109323502,-131.742446899,-8.02799320221,-14.6001882553,0.549583375454,97390.4724121,9.71999931335,-154.251281738,True
98.30000000000001,-0.1,-0.026,-0.091,-0.06864655,2.04958985,10.3165958,2.98000001907,23.992898941,-0.229999989271,-1.16109323502,-131.742446899,-7.8695640564,-14.7290048599,0.495910078287,97390.4724121,9.77999973297,-167.196273804,True
98.4,-0.13,0.013,-0.343,-0.0784532,1.26505785,10.1596894,2.97000002861,23.992898941,-0.239999994636,-1.16109323502,-131.742446899,-7.74713230133,-14.8308887482,0.514513194561,97389.6240234,9.77999973297,-167.196273804,True
98.5,-0.139,-0.09,-0.353,0.0196133,0.36284605,12.75845165,-0.639999985695,23.0987949371,-0.0299999993294,-2.58016252518,-127.550300598,-7.33123779297,-15.1750802994,0.317287176847,97394.519043,9.89999961853,-167.804718018,True
98.60000000000001,-0.139,-0.09,-0.353,0.0196133,0.36284605,12.75845165,-3.14999985695,23.0987949371,-0.0499999970198,-2.58016252518,-127.550300598,-6.97516679764,-15.4357175827,0.298349440098,97394.519043,9.93999958038,-167.804718018,True
98.7,-0.145,-0.132,-0.027,-0.2353596,0.2353596,9.48303055,-5.08999967575,23.0987949371,0.140000000596,-2.58016252518,-127.550300598,-6.78401660919,-15.5529584885,0.428930878639,97397.2167969,9.97999954224,-179.449081421,True
98.80000000000001,-0.29,-0.154,0.056,-0.0784532,0.4511059,12.17005265,-6.94999980927,23.0987949371,0.34999999404,-2.58016252518,-127.550300598,-6.58884143829,-15.6704759598,0.45218333602,97396.9299316,10.0399999619,-179.449081421,True
98.9,-0.216,-0.126,0.079,-0.0588399,0.7256921,10.42446895,-8.97999954224,17.6806640625,0.340000003576,-1.0453312397,-123.88445282,-6.29324197769,-15.845621109,0.232357338071,97399.4812012,10.0900001526,-161.67678833,True
99.0,-0.422,-0.114,0.075,-0.06864655,0.9218251,9.63993695,-10.5699996948,17.6806640625,0.399999976158,-1.0453312397,-123.88445282,-6.12513113022,-15.9159097672,0.240062400699,97394.5617676,10.1199998856,-161.67678833,True
99.10000000000001,-0.422,-0.114,0.075,-0.06864655,0.9218251,9.63993695,-11.7299995422,17.6806640625,0.519999980927,-1.0453312397,-123.88445282,-6.02111434937,-15.9328508377,0.250146329403,97394.5617676,10.1599998474,-159.739303589,True
99.2,-0.594,-0.028,-0.012,-0.0196133,1.04931155,10.71866845,-12.7199993134,13.0957984924,0.569999992847,0.670711636543,-124.438072205,-5.90768957138,-15.9175758362,0.152655497193,97397.0214844,10.1999998093,-159.739303589,True
99.30000000000001,-0.616,-0.02,-0.044,0.0,1.02969825,11.0815145,-13.279999733,13.0957984924,0.579999983311,0.670711636543,-124.438072205,-5.88617038727,-15.8917951584,0.110751874745,97397.0397949,10.2100000381,-168.133361816,True
99.4,-0.6,0.025,-0.061,-0.0784532,0.8629852,9.9635564,-13.6199998856,13.0957984924,0.569999992847,0.670711636543,-124.438072205,-5.90384674072,-15.7954549789,0.0450714491308,97395.5627441,10.2299995422,-168.133361816,True
99.5,-0.383,0.029,-0.096,-0.1176798,0.89240515,9.5909037,-13.5999994278,13.0957984924,0.589999973774,0.670711636543,-124.438072205,-5.94518995285,-15.7119178772,0.0373302809894,97394.9951172,10.2299995422,-160.306732178,True
99.60000000000001,-0.324,0.019,-0.095,-0.20593965,0.5491724,10.24794925,-13.4799995422,-0.851131081581,0.669999957085,0.723886609077,-123.240097046,-6.0157365799,-15.5949888229,0.0784543678164,97394.9951172,10.2399997711,-160.306732178,True
99.7,-0.251,-7.34788079488e-18,-0.06,-0.22555295,0.14709975,9.38496405,-13.1599998474,-0.851131081581,0.699999988079,0.723886609077,-123.240097046,-6.11493062973,-15.4421396255,0.091822616756,97391.1804199,10.25,-152.660369873,True
99.80000000000001,-0.149,-0.023,0.009,-0.196133,0.4118793,9.6497436,-12.9200000763,-0.851131081581,0.810000002384,0.723886609077,-123.240097046,-6.17851018906,-15.3443336487,0.160245478153,97392.2790527,10.2600002289,-152.660369873,True
99.9,-0.15,-0.03,0.029,-0.20593965,0.16671305,10.26756255,-12.3999996185,-0.851131081581,0.889999985695,0.723886609077,-123.240097046,-6.3120675087,-15.1702375412,0.177451699972,97392.2790527,10.2699995041,-136.379425049,True
100.0,-0.15,-0.03,0.029,-0.20593965,0.16671305,10.26756255,-11.9200000763,-0.851131081581,0.930000007153,0.723886609077,-123.240097046,-6.34828519821,-15.1176128387,0.171753898263,97393.1396484,10.2899999619,-136.379425049,True
100.10000000000001,-0.181,-0.098,0.119,-0.06864655,0.4118793,12.2583125,-11.9200000763,-6.72331809998,0.930000007153,1.06358516216,-122.972709656,-6.54818105698,-14.8742675781,-0.0674700513482,97394.8242188,10.2899999619,-117.162704468,True
100.2,-0.136,-0.086,0.138,0.0392266,0.42168595,12.32695905,-10.1799993515,-6.72331809998,0.659999966621,1.06358516216,-122.972709656,-6.71335744858,-14.6796360016,-0.282970666885,97394.8242188,10.2699995041,-117.162704468,True
100.30000000000001,-0.183,-0.075,0.129,0.04903325,0.50013915,13.337044,-8.98999977112,-6.72331809998,0.399999976158,1.06358516216,-122.972709656,-6.94532489777,-14.4051809311,-0.603011608124,97393.7866211,10.2199993134,-104.271507263,True
100.4,-0.105,-0.058,0.128,-0.00980665,0.2941995,12.4152189,-7.71999979019,-9.12386608124,0.0599999986589,2.06126904488,-125.059806824,-7.13338279724,-14.1718931198,-0.852736413479,97393.4570312,10.1499996185,-104.271507263,True
100.5,-0.107,-0.043,0.16,0.02941995,0.38245935,11.58165365,-6.34999990463,-9.12386608124,-0.299999982119,2.06126904488,-125.059806824,-7.32510280609,-13.932267189,-1.02553415298,97393.4570312,10.0500001907,-89.3337249756,True
100.60000000000001,-0.043,-0.021,0.134,-0.0196133,0.3530394,10.71866845,-5.0,-9.12386608124,-0.629999995232,2.06126904488,-125.059806824,-7.50441980362,-13.6988620758,-1.12081694603,97389.9963379,9.93999958038,-89.3337249756,True
100.7,-0.114,-0.018,0.143,-0.0980665,0.2549729,10.38524235,-3.56999993324,-9.12386608124,-0.939999997616,2.06126904488,-125.059806824,-7.68266963959,-13.460436821,-1.13994252682,97392.3339844,9.80999946594,-57.5645446777,True
100.80000000000001,-0.114,-0.018,0.143,-0.0980665,0.2549729,10.38524235,-2.21000003815,-9.12386608124,-1.23000001907,2.06126904488,-125.059806824,-7.86421012878,-13.221075058,-1.14510691166,97392.3339844,9.68999958038,-57.5645446777,True
100.9,-0.008,0.03,0.106,-0.0196133,0.2941995,9.8458766,-0.649999976158,-12.1807775497,-1.50999999046,2.03809690475,-129.405685425,-8.04988670349,-12.9823255539,-1.14099538326,97385.4919434,9.56999969482,-38.5749816895,True
101.0,-0.008,0.03,0.106,-0.0196133,0.2941995,9.8458766,-0.649999976158,-12.1807775497,-1.50999999046,2.03809690475,-129.405685425,-8.04988670349,-12.9823255539,-1.14099538326,97385.4919434,9.56999969482,-38.5749816895,True
101.10000000000001,0.114,0.034,0.087,-0.1372931,0.22555295,9.22805765,2.28999996185,-12.1807775497,-1.9699999094,2.03809690475,-129.405685425,-8.37799358368,-12.5496273041,-0.987948834896,97383.0383301,9.32999992371,-16.0537719727,True
101.2,0.113,-0.014,0.084,-0.1569064,0.1176798,10.6696352,3.58999991417,-12.1807775497,-2.12999987602,2.03809690475,-129.405685425,-8.51990318298,-12.3519554138,-0.901069402695,97379.5471191,9.22999954224,-16.0537719727,True
101.30000000000001,0.113,-0.014,0.084,-0.1569064,0.1176798,10.6696352,5.00999975204,-10.580953598,-2.34999990463,0.96754014492,-131.757324219,-8.60482120514,-12.2328538895,-0.8818770051,97379.5471191,9.13999938965,0.0899314880371,True
101.4,0.176,0.02,0.103,-0.18632635,0.0588399,9.12999115,6.17000007629,-10.580953598,-2.49000000954,0.96754014492,-131.757324219,-8.7156419754,-12.058927536,-0.783858180046,97376.9958496,9.05000019073,0.0899314880371,True
101.5,0.155,0.031,0.11,-0.16671305,0.22555295,9.46341725,7.28999996185,-10.580953598,-2.61999988556,0.96754014492,-131.757324219,-8.85572814941,-11.8393793106,-0.680570662022,97372.8393555,8.97000026703,11.1550331116,True
101.60000000000001,0.155,0.031,0.11,-0.16671305,0.22555295,9.46341725,8.32999992371,-7.3595995903,-2.74000000954,0.266459435225,-133.430450439,-8.96163654327,-11.6705722809,-0.548032402992,97372.8393555,8.89999961853,11.1550331116,True
101.7,0.27,0.045,0.108,-0.1765197,0.08825985,8.5710121,9.26999950409,-7.3595995903,-2.78999996185,0.266459435225,-133.430450439,-8.99932861328,-11.6115217209,-0.44712254405,97374.7314453,8.84000015259,22.5873947144,True
101.80000000000001,0.27,0.045,0.108,-0.1765197,0.08825985,8.5710121,10.029999733,-7.3595995903,-2.79999995232,0.266459435225,-133.430450439,-9.06941890717,-11.4968671799,-0.234180495143,97374.7314453,8.80000019073,22.5873947144,True
101.9,0.214,0.054,0.102,-0.196133,0.18632635,8.4729456,10.029999733,-7.3595995903,-2.79999995232,0.266459435225,-133.430450439,-9.1030292511,-11.4486608505,-0.144309684634,97373.5534668,8.80000019073,22.5873947144,True
102.0,0.278,0.051,0.076,-0.20593965,0.24516625,8.3552658,11.3800001144,-1.90697872639,-2.67999982834,-1.26662170887,-135.761627197,-9.1487827301,-11.3663644791,0.103299103677,97370.9289551,8.76000022888,30.7912826538,True
102.10000000000001,0.23,0.067,0.056,-0.22555295,0.196133,8.11009955,11.8800001144,-1.90697872639,-2.54999995232,-1.26662170887,-135.761627197,-9.16218090057,-11.3287401199,0.282460331917,97374.3652344,8.76999950409,47.3733901978,True
102.2,0.197,0.043,0.049,-0.1569064,0.18632635,8.12971285,11.8699998856,-1.90697872639,-2.54999995232,-1.26662170887,-135.761627197,-9.16399002075,-11.3231887817,0.399832516909,97369.0673828,8.76999950409,47.3733901978,True
102.30000000000001,0.068,0.013,0.051,-0.14709975,0.26477955,9.95374975,12.5699996948,2.56835770607,-2.16999983788,-2.4397559166,-136.9765625,-9.17631721497,-11.3172664642,0.545549452305,97373.0773926,8.84000015259,38.3897781372,True
102.4,-0.049,0.005,0.032,-0.18632635,0.4314926,10.42446895,12.8899993896,2.56835770607,-2.04999995232,-2.4397559166,-136.9765625,-9.18727016449,-11.3197917938,0.53414028883,97373.8647461,8.88999938965,38.3897781372,True
102.5,-0.1,0.009,0.018,-0.196133,0.40207265,9.50264385,13.1999998093,2.56835770607,-1.93999993801,-2.4397559166,-136.9765625,-9.19868850708,-11.3181037903,0.571979880333,97371.7956543,8.93999958038,39.794921875,True
102.60000000000001,-0.08,-0.021,-0.003,-0.196133,0.32361945,10.65982855,13.5199995041,2.56835770607,-1.78999996185,-2.4397559166,-136.9765625,-9.21248340607,-11.3154249191,0.600792527199,97374.0356445,8.98999977112,39.794921875,True
102.7,0.022,0.002,-0.019,-0.18632635,0.36284605,10.1204628,13.9099998474,1.99389374256,-1.69999992847,-2.74888849258,-137.542617798,-9.24463176727,-11.3093919754,0.567552506924,97377.1911621,9.03999996185,47.1923828125,True
102.80000000000001,0.022,0.002,-0.019,-0.18632635,0.36284605,10.1204628,14.2899999619,1.99389374256,-1.56999993324,-2.74888849258,-137.542617798,-9.25436210632,-11.3070716858,0.598508954048,97377.1911621,9.09000015259,47.1923828125,True
102.9,0.101,0.019,-0.034,-0.16671305,0.3530394,8.79656505,14.5899991989,1.99389374256,-1.37999999523,-2.74888849258,-137.542617798,-9.2652015686,-11.324429512,0.734408795834,97376.5136719,9.14999961853,46.1016654968,True
103.0,0.187,-0.001,-0.035,-0.14709975,0.32361945,9.54187045,14.8299999237,1.99389374256,-1.18999993801,-2.74888849258,-137.542617798,-9.26570224762,-11.3327713013,0.758169412613,97378.527832,9.21000003815,46.1016654968,True
103.10000000000001,0.19,0.001,-0.034,-0.1372931,0.2941995,9.4928372,14.9699993134,5.07168102264,-0.969999969006,-3.02715611458,-136.840713501,-9.24448776245,-11.3816642761,0.823876261711,97378.6071777,9.28999996185,42.6091194153,True
103.2,0.191,-0.024,-0.073,-0.196133,0.26477955,8.825985,15.0999994278,5.07168102264,-0.719999969006,-3.02715611458,-136.840713501,-9.2182302475,-11.4151239395,0.940954566002,97381.3354492,9.36999988556,42.6091194153,True
103.30000000000001,0.177,-0.035,-0.05,-0.196133,0.2353596,9.5320638,15.0599994659,5.07168102264,-0.42999997735,-3.02715611458,-136.840713501,-9.16289043427,-11.4782104492,1.03017878532,97381.3354492,9.46000003815,48.6637115479,True
103.4,0.177,-0.035,-0.05,-0.196133,0.2353596,9.5320638,14.8999996185,8.33221054077,-0.129999995232,-2.72201490402,-136.040344238,-9.12646007538,-11.5198659897,1.04967916012,97380.1757812,9.55999946594,48.6637115479,True
103.5,0.162,-0.07,-0.031,-0.1176798,0.16671305,10.9246081,14.5999994278,8.33221054077,0.0899999961257,-2.72201490402,-136.040344238,-9.00369930267,-11.6552209854,0.997701406479,97384.6069336,9.65999984741,44.0201759338,True
103.60000000000001,0.162,-0.07,-0.031,-0.1176798,0.16671305,10.9246081,14.5999994278,8.33221054077,0.0899999961257,-2.72201490402,-136.040344238,-8.9437379837,-11.7229862213,0.939195334911,97384.6069336,9.65999984741,44.0201759338,True
103.7,0.156,-0.071,0.003,-0.0196133,0.38245935,11.5522337,13.5799999237,8.33221054077,0.370000004768,-2.72201490402,-136.040344238,-8.78256130219,-11.8938770294,0.735614359379,97384.5581055,9.84000015259,48.90832901,True
103.80000000000001,0.097,-0.072,-0.007,-0.0196133,0.63743225,11.18938765,12.9299993515,12.4315338135,0.469999998808,-1.17618846893,-135.49041748,-8.63428401947,-12.0321340561,0.600600838661,97384.5581055,9.90999984741,48.90832901,True
103.9,0.103,-0.065,-0.037,0.06864655,0.93163175,11.20900095,12.5199995041,12.4315338135,0.539999961853,-1.17618846893,-135.49041748,-8.53516960144,-12.120926857,0.503346025944,97390.447998,9.96000003815,44.9458122253,True
104.0,-0.024,-0.045,-0.084,0.04903325,0.7649187,10.395049,11.9499998093,12.4315338135,0.579999983311,-1.17618846893,-135.49041748,-8.42030906677,-12.2179574966,0.429483264685,97390.5029297,10.0100002289,44.9458122253,True
104.10000000000001,-0.024,-0.045,-0.084,0.04903325,0.7649187,10.395049,11.9499998093,12.4315338135,0.579999983311,-1.17618846893,-135.49041748,-8.34802055359,-12.2734222412,0.405308961868,97390.5029297,10.0100002289,44.9458122253,True
104.2,-0.082,-0.028,-0.129,0.0588399,0.784532,10.58137535,11.1399993896,12.4315338135,0.729999959469,-1.17618846893,-135.49041748,-8.19100475311,-12.397274971,0.341939210892,97392.7490234,10.0799999237,39.905834198,True
104.30000000000001,-0.028,-0.041,-0.157,0.0392266,0.61781895,10.7480884,10.6099996567,12.6834850311,0.769999980927,-0.413210660219,-133.267883301,-8.07579708099,-12.481388092,0.290479123592,97393.8171387,10.1099996567,38.3731842041,True
104.4,0.079,-0.043,-0.163,0.06864655,0.50013915,10.97364135,11.0799999237,12.6834850311,0.819999992847,-0.413210660219,-133.267883301,-7.97846364975,-12.5523605347,0.240194424987,97388.9343262,10.1300001144,38.3731842041,True
104.5,0.079,-0.043,-0.163,0.06864655,0.50013915,10.97364135,10.4099998474,12.6834850311,0.829999983311,-0.413210660219,-133.267883301,-7.86712741852,-12.6343622208,0.182086139917,97388.9343262,10.1499996185,32.5084686279,True
104.60000000000001,0.031,-0.049,-0.137,0.06864655,0.6080123,10.5127288,9.71000003815,12.6834850311,0.870000004768,-0.413210660219,-133.267883301,-7.70269775391,-12.7472858429,0.149590879679,97395.7702637,10.1700000763,32.5084686279,True
104.7,0.022,-0.052,-0.13,0.04903325,0.59820565,10.4735022,10.1700000763,14.0426540375,0.889999985695,-0.35414904356,-130.195480347,-7.55521345139,-12.8432445526,0.113911271095,97391.5283203,10.1799993515,32.1053504944,True
104.80000000000001,-0.016,-0.062,-0.119,0.02941995,0.57859235,11.05209455,9.38999938965,14.0426540375,0.909999966621,-0.35414904356,-130.195480347,-7.36383295059,-12.9670934677,0.0518266744912,97392.3034668,10.1899995804,33.1053733826,True
104.9,-0.003,-0.045,-0.101,0.00980665,0.34323275,10.40485565,9.3499994278,14.0426540375,0.899999976158,-0.35414904356,-130.195480347,-7.19939422607,-13.0667743683,0.0235217921436,97395.3857422,10.1899995804,31.2910079956,True
105.0,0.042,-0.046,-0.079,0.02941995,0.5295591,10.40485565,8.51999950409,14.0426540375,0.919999957085,-0.35414904356,-130.195480347,-6.99899244308,-13.1799573898,-0.00582510465756,97389.6057129,10.1999998093,31.2910079956,True
105.10000000000001,0.042,-0.046,-0.079,0.02941995,0.5295591,10.40485565,8.51999950409,14.0426540375,0.919999957085,-0.35414904356,-130.195480347,-6.92920160294,-13.2197303772,-0.0185779631138,97389.6057129,10.1899995804,32.5936317444,True
105.2,0.027,-0.069,-0.05,0.1372931,0.6472389,11.11093445,7.66999959946,14.0426540375,0.919999957085,-0.35414904356,-130.195480347,-6.74749565125,-13.3240203857,-0.0767665728927,97395.0134277,10.1899995804,32.5936317444,True
105.30000000000001,-0.079,-0.075,-0.041,0.1765197,0.588399,11.1207411,8.96000003815,15.3640918732,0.799999952316,0.703574061394,-126.432510376,-6.45912599564,-13.4746084213,-0.243301004171,97395.0134277,10.1700000763,31.8064689636,True
105.4,-0.151,-0.062,-0.045,0.2157463,0.8041453,11.44436055,10.5100002289,15.3640918732,0.659999966621,0.703574061394,-126.432510376,-6.38962173462,-13.5087070465,-0.294932186604,97390.6799316,10.1700000763,31.8064689636,True
105.5,-0.116,-0.036,-0.079,0.16671305,0.67665885,11.1599677,9.9299993515,13.7290067673,0.5,1.33260524273,-125.69304657,-6.16012191772,-13.6071577072,-0.456926018,97394.7387695,10.0999994278,30.6708335876,True
105.60000000000001,-0.116,-0.036,-0.079,0.16671305,0.67665885,11.1599677,9.9299993515,13.7290067673,0.5,1.33260524273,-125.69304657,-6.0706319809,-13.6402816772,-0.506500005722,97394.7387695,10.0999994278,30.6708335876,True
105.7,-0.136,-0.013,-0.08,0.12748645,0.53936575,10.6696352,12.6799993515,13.7290067673,0.170000001788,1.33260524273,-125.69304657,-5.84345197678,-13.7101316452,-0.577427685261,97393.3105469,10.0,34.9173545837,True
105.80000000000001,-0.116,-0.017,-0.064,0.16671305,0.51975245,10.54214875,12.6799993515,13.7290067673,0.170000001788,1.33260524273,-125.69304657,-5.76304912567,-13.7340621948,-0.605107367039,97391.5771484,10.0,34.9173545837,True
105.9,0.007,0.018,-0.084,0.12748645,0.4707192,9.05153795,13.5399999619,13.7290067673,-0.119999997318,1.33260524273,-125.69304657,-5.63122749329,-13.7632427216,-0.553660154343,97389.0930176,9.86999988556,36.4428520203,True
106.0,0.046,0.013,-0.086,0.12748645,0.46091255,8.69849855,13.5099992752,11.6002988815,-0.159999996424,1.24640440941,-123.58177948,-5.52981710434,-13.7858972549,-0.42473679781,97386.3342285,9.80999946594,35.4428291321,True
106.10000000000001,0.017,0.003,-0.079,0.0980665,0.5687857,9.1594111,16.8999996185,11.6002988815,-0.170000001788,1.24640440941,-123.58177948,-5.40111970901,-13.8225746155,-0.294213801622,97384.2529297,9.76999950409,40.2505874634,True
106.2,0.017,0.003,-0.079,0.0980665,0.5687857,9.1594111,17.0399990082,11.6002988815,-0.179999992251,1.24640440941,-123.58177948,-5.31209135056,-13.8506879807,-0.224973902106,97384.2529297,9.72999954224,40.2505874634,True
106.30000000000001,0.081,-0.001,-0.093,0.1569064,0.4903325,9.7870367,17.1399993896,12.4843416214,-0.170000001788,0.645404338837,-122.047447205,-5.18887281418,-13.8919858932,-0.164313644171,97385.6018066,9.71000003815,39.9433135986,True
106.4,0.015,0.008,-0.086,0.14709975,0.5099458,9.54187045,19.3799991608,12.4843416214,-0.159999996424,0.645404338837,-122.047447205,-5.07226848602,-13.9331474304,-0.109185367823,97385.2416992,9.68999958038,39.9433135986,True
106.5,0.05,0.027,-0.11,0.14709975,0.5295591,8.32584585,19.5699996948,13.2348060608,-0.129999995232,0.27735722065,-120.98147583,-4.96251249313,-13.9751691818,0.000793902901933,97382.6599121,9.6799993515,55.6519508362,True
106.60000000000001,0.05,0.027,-0.11,0.14709975,0.5295591,8.32584585,20.9099998474,13.2348060608,0.0,0.27735722065,-120.98147583,-4.899933815,-14.0037193298,0.111822120845,97382.6599121,9.6799993515,55.6519508362,True
106.7,0.11,0.022,-0.13,0.14709975,0.4903325,8.9828914,21.1999988556,13.2348060608,0.159999996424,0.27735722065,-120.98147583,-4.74855327606,-14.0724935532,0.344977498055,97385.8093262,9.68999958038,57.3246955872,True
106.80000000000001,0.124,0.009,-0.131,0.1765197,0.40207265,8.85540495,21.3699989319,13.2348060608,0.34999999404,0.27735722065,-120.98147583,-4.59241580963,-14.154955864,0.510925889015,97381.8786621,9.71999931335,57.3246955872,True
106.9,0.057,-0.009,-0.122,0.196133,0.4511059,8.69849855,25.609998703,15.682510376,0.579999983311,-0.909677267075,-118.389144897,-4.48399209976,-14.2149047852,0.637538313866,97385.0524902,9.76999950409,56.0715675354,True
107.0,0.047,-0.034,-0.104,0.2157463,0.588399,9.5516771,25.8899993896,15.682510376,0.839999973774,-0.909677267075,-118.389144897,-4.32739639282,-14.3046274185,0.728744566441,97385.9985352,9.84000015259,55.0715446472,True
107.10000000000001,0.047,-0.034,-0.104,0.2157463,0.588399,9.5516771,27.0299987793,15.682510376,1.04999995232,-0.909677267075,-118.389144897,-4.11655712128,-14.4196166992,0.782021939754,97385.9985352,9.90999984741,52.5954246521,True
107.2,0.103,-0.035,-0.118,0.196133,0.53936575,9.8851032,27.0299987793,15.682510376,1.04999995232,-0.909677267075,-118.389144897,-4.01582670212,-14.4721069336,0.819050252438,97386.9873047,9.90999984741,52.5954246521,True
107.30000000000001,0.116,-0.037,-0.146,0.16671305,0.57859235,9.5124505,29.9599990845,17.7435302734,1.54999995232,-1.06071925163,-115.916885376,-3.82874536514,-14.5694532394,0.880967915058,97383.215332,10.0599994659,45.6443786621,True
107.4,0.124,-0.072,-0.163,0.20593965,0.6276256,10.3165958,30.1799983978,17.7435302734,1.77999997139,-1.06071925163,-115.916885376,-3.56329226494,-14.7076807022,0.882484972477,97385.4370117,10.1499996185,45.6443786621,True
107.5,0.113,-0.083,-0.173,0.30400615,0.4707192,10.7480884,30.2899990082,17.7435302734,1.99000000954,-1.06071925163,-115.916885376,-3.32691335678,-14.8235054016,0.871046125889,97391.2841797,10.2299995422,32.3019981384,True
107.60000000000001,0.113,-0.083,-0.173,0.30400615,0.4707192,10.7480884,31.1599998474,17.7435302734,2.18000006676,-1.06071925163,-115.916885376,-3.05228543282,-14.9537181854,0.830140113831,97391.2841797,10.3099994659,32.3019981384,True
107.7,0.127,-0.084,-0.17,0.26477955,0.55897905,10.67944185,31.1599998474,20.528219223,2.34999990463,-0.879763662815,-112.299972534,-2.77124834061,-15.0778427124,0.795903861523,97390.9606934,10.3699998856,21.6402053833,True
107.80000000000001,0.11,-0.098,-0.163,0.2941995,0.59820565,10.8069283,31.0599994659,20.528219223,2.50999999046,-0.879763662815,-112.299972534,-2.45505928993,-15.2119884491,0.744949162006,97391.583252,10.4399995804,21.6402053833,True
107.9,0.146,-0.087,-0.176,0.32361945,0.46091255,10.2969825,34.3099975586,20.528219223,2.67999982834,-0.879763662815,-112.299972534,-2.15859532356,-15.3256244659,0.756164073944,97392.5109863,10.5,38.3756637573,True
108.0,0.146,-0.087,-0.176,0.32361945,0.46091255,10.2969825,34.3400001526,23.7883491516,2.88999986649,-0.370121866465,-108.194969177,-1.76198887825,-15.4681186676,0.775997877121,97392.5109863,10.5699996948,38.3756637573,True
108.10000000000001,0.202,-0.12,-0.165,0.392266,0.61781895,10.69905515,35.0099983215,23.7883491516,3.08999991417,-0.370121866465,-108.194969177,-1.47510278225,-15.5643949509,0.77767688036,97400.2624512,10.6300001144,32.6667785645,True
108.2,0.202,-0.12,-0.165,0.392266,0.61781895,10.69905515,34.9199981689,23.7883491516,3.29999995232,-0.370121866465,-108.194969177,-1.09419727325,-15.684548378,0.778754532337,97400.2624512,10.6999998093,31.6667556763,True
108.30000000000001,0.069,-0.145,-0.176,0.5295591,0.6276256,11.34629405,34.7299995422,23.7883491516,3.50999999046,-0.370121866465,-108.194969177,-0.606861412525,-15.824461937,0.767955720425,97396.295166,10.7699995041,15.7357215881,True
108.4,0.069,-0.145,-0.176,0.5295591,0.6276256,11.34629405,36.8099975586,27.9190578461,3.69999980927,0.50666064024,-103.465873718,-0.345690011978,-15.8932723999,0.746117889881,97396.295166,10.8400001526,15.7357215881,True
108.5,0.072,-0.153,-0.211,0.57859235,0.81395195,11.6895268,36.6300010681,27.9190578461,3.87999987602,0.50666064024,-103.465873718,0.167749166489,-16.0070915222,0.705903530121,97401.5441895,10.9099998474,4.67624664307,True
108.60000000000001,0.145,-0.166,-0.23,0.6080123,0.71588545,11.91507975,37.8400001526,27.9190578461,4.03999996185,0.50666064024,-103.465873718,0.551769196987,-16.0879421234,0.636779904366,97408.4838867,10.9699993134,4.67624664307,True
108.7,0.081,-0.167,-0.242,0.61781895,0.8237586,11.4933938,37.5799980164,27.9190578461,4.15000009537,0.50666064024,-103.465873718,1.13732266426,-16.1862564087,0.568330705166,97404.888916,11.0199995041,-10.3271484375,True
108.80000000000001,0.081,-0.167,-0.242,0.61781895,0.8237586,11.4933938,37.5799980164,27.9190578461,4.15999984741,0.50666064024,-103.465873718,1.33054339886,-16.2158260345,0.559163928032,97404.888916,11.0199995041,-10.3271484375,True
108.9,0.164,-0.162,-0.252,0.59820565,0.57859235,10.7088618,37.75,31.4775447845,4.48000001907,1.11985039711,-96.4015731812,2.13806176186,-16.3015480042,0.571609914303,97404.1625977,11.1199998856,-18.9926147461,True
109.0,0.164,-0.162,-0.252,0.59820565,0.57859235,10.7088618,37.3899993896,31.4775447845,4.67000007629,1.11985039711,-96.4015731812,2.68391537666,-16.3348178864,0.528949081898,97404.1625977,11.1799993515,-18.9926147461,True
109.10000000000001,-0.02,-0.234,-0.26,0.87279185,1.04931155,12.81729155,39.2399978638,31.4775447845,4.75999975204,1.11985039711,-96.4015731812,3.13461947441,-16.3566303253,0.456060796976,97407.8735352,11.2199993134,-34.3353271484,True
109.2,-0.02,-0.234,-0.26,0.87279185,1.04931155,12.81729155,39.2299995422,31.4775447845,4.75999975204,1.11985039711,-96.4015731812,3.49890041351,-16.3708057404,0.378580331802,97407.8735352,11.2199993134,-34.3353271484,True
109.30000000000001,0.045,-0.245,-0.246,0.71588545,0.784532,12.4936721,39.0699996948,33.5260124207,4.88000011444,1.83184432983,-90.0592956543,4.36384677887,-16.3440284729,0.264846742153,97412.1948242,11.2899999619,-53.6792755127,True
109.4,0.021,-0.209,-0.239,0.7453054,0.57859235,10.6107953,38.5799980164,33.5260124207,4.96000003815,1.83184432983,-90.0592956543,4.9433555603,-16.3043384552,0.255378454924,97404.296875,11.3099994659,-54.6792984009,True
109.5,-0.026,-0.257,-0.24,0.8237586,0.79433865,12.79767825,38.0599975586,34.7700996399,5.08999967575,2.58144521713,-84.1032485962,5.62645721436,-16.2072982788,0.254094809294,97412.1948242,11.3299999237,-73.363494873,True
109.60000000000001,-0.013,-0.243,-0.217,0.9218251,0.87279185,12.62115855,40.5999984741,34.7700996399,5.15000009537,2.58144521713,-84.1032485962,6.25661087036,-16.0952415466,0.156877070665,97410.6872559,11.3499994278,-73.363494873,True
109.7,-0.013,-0.243,-0.217,0.9218251,0.87279185,12.62115855,40.0499992371,34.7700996399,5.13999986649,2.58144521713,-84.1032485962,6.74884319305,-15.9944801331,0.0826070383191,97410.6872559,11.3599996567,-93.0685043335,True
109.80000000000001,0.11,-0.226,-0.261,0.8237586,0.9022118,12.07198615,40.2700004578,34.7700996399,5.15999984741,2.58144521713,-84.1032485962,7.35934400558,-15.8414535522,0.00625672889873,97410.1074219,11.3599996567,-93.0685043335,True
109.9,0.034,-0.231,-0.263,1.02969825,0.87279185,12.0817928,39.6899986267,36.4609451294,5.15999984741,3.97081065178,-76.185798645,7.96819639206,-15.6701660156,-0.0356483571231,97411.3464355,11.3499994278,-114.377784729,True
110.0,0.034,-0.231,-0.263,1.02969825,0.87279185,12.0817928,39.6899986267,36.4609451294,5.15999984741,3.97081065178,-76.185798645,8.70771026611,-15.4281358719,-0.100289389491,97411.3464355,11.3499994278,-114.377784729,True
110.10000000000001,0.072,-0.239,-0.301,0.9022118,0.99047165,12.0229529,41.5400009155,36.4609451294,5.13999986649,3.97081065178,-76.185798645,9.29629802704,-15.1890697479,-0.145328074694,97408.6364746,11.3299999237,-117.708396912,True
110.2,0.088,-0.241,-0.318,0.93163175,0.9610517,12.160246,41.0200004578,36.4609451294,5.15000009537,3.97081065178,-76.185798645,9.8971786499,-14.9264879227,-0.16984769702,97409.8815918,11.3099994659,-118.7084198,True
110.30000000000001,0.042,-0.237,-0.309,1.0591182,0.75511205,12.1406327,41.1299972534,39.0058670044,5.13000011444,4.23069953918,-67.8363342285,10.5212049484,-14.635304451,-0.183088302612,97412.3718262,11.2899999619,-121.654891968,True
110.4,-0.005,-0.246,-0.308,1.06892485,0.81395195,12.09159945,40.5099983215,39.0058670044,5.13000011444,4.23069953918,-67.8363342285,11.1345863342,-14.3318386078,-0.176727473736,97409.777832,11.2699995041,-121.654891968,True
110.5,0.012,-0.247,-0.306,1.0983448,0.7060788,11.9248864,39.7599983215,39.0058670044,5.13000011444,4.23069953918,-67.8363342285,11.8663883209,-13.9234237671,-0.16995215416,97409.777832,11.25,-144.506652832,True
110.60000000000001,0.031,-0.24,-0.299,1.0983448,0.7649187,11.32668075,41.4599990845,40.3560180664,5.15999984741,4.12774085999,-60.4419631958,12.3443078995,-13.6413173676,-0.132444366813,97415.5212402,11.2299995422,-144.506652832,True
110.7,-0.016,-0.251,-0.295,1.08853815,0.980665,11.1599677,40.8499984741,40.3560180664,5.21000003815,4.12774085999,-60.4419631958,12.8921136856,-13.2919540405,-0.0621594302356,97409.6862793,11.2199993134,-164.847183228,True
110.80000000000001,-0.016,-0.251,-0.295,1.08853815,0.980665,11.1599677,41.6899986267,40.3560180664,5.31999969482,4.12774085999,-60.4419631958,13.5469636917,-12.8356056213,-0.0075808186084,97409.6862793,11.2199993134,-164.847183228,True
110.9,-0.055,-0.236,-0.328,1.0983448,1.0395049,11.9052731,41.7000007629,40.3560180664,5.31999969482,4.12774085999,-60.4419631958,13.7886390686,-12.6657590866,0.00204790080898,97412.4328613,11.2299995422,-174.822998047,True
111.0,-0.006,-0.23,-0.332,1.0983448,0.93163175,12.01314625,40.3499984741,41.0428237915,5.48999977112,3.70041203499,-52.2330513,14.6909446716,-11.9552621841,0.0142918173224,97412.6831055,11.2399997711,-174.822998047,True
111.10000000000001,0.116,-0.257,-0.329,1.14737805,0.8825985,12.2975391,40.3499984741,41.0428237915,5.48999977112,3.70041203499,-52.2330513,14.9086952209,-11.7741947174,0.0372025258839,97402.8991699,11.25,-191.829299927,True
111.2,-0.01,-0.292,-0.303,1.3533177,0.9218251,12.05237285,40.7299995422,41.0428237915,5.71999979019,3.70041203499,-52.2330513,15.7716436386,-11.002617836,0.137462958694,97408.9660645,11.2699995041,-191.829299927,True
111.30000000000001,-0.03,-0.282,-0.303,1.38273765,0.980665,12.160246,39.8299980164,41.0428237915,5.80999994278,3.70041203499,-52.2330513,16.2063751221,-10.5789556503,0.149191841483,97408.9660645,11.279999733,-208.906936646,True
111.4,-0.046,-0.253,-0.312,1.28467115,1.16699135,11.1599677,39.9799995422,43.5808944702,5.92999982834,3.37088370323,-42.0276489258,16.6982192993,-10.0610237122,0.203813195229,97412.0849609,11.3000001907,-208.906936646,True
111.5,-0.132,-0.267,-0.339,1.44157755,1.10815145,11.95430635,40.0699996948,43.5808944702,6.06999969482,3.37088370323,-42.0276489258,17.1728477478,-9.52763843536,0.262051969767,97409.1674805,11.3299999237,-226.488876343,True
111.60000000000001,-0.092,-0.293,-0.354,1.372931,1.22583125,12.3171524,39.2099990845,43.5808944702,6.23000001907,3.37088370323,-42.0276489258,17.53399086,-9.09881782532,0.297558754683,97413.8183594,11.3599996567,-227.488891602,True
111.7,-0.141,-0.29,-0.355,1.40235095,1.14737805,12.24850585,38.1899986267,42.9531860352,6.33999967575,2.9314289093,-35.5499954224,18.0741291046,-8.38000392914,0.294197916985,97413.5192871,11.3899993896,-266.156005859,True
111.80000000000001,-0.141,-0.29,-0.355,1.40235095,1.14737805,12.24850585,38.2000007629,42.9531860352,6.33999967575,2.9314289093,-35.5499954224,18.2439346313,-8.14327526093,0.291489720345,97413.5192871,11.3899993896,-266.156005859,True
111.9,-0.048,-0.299,-0.353,1.372931,0.980665,12.3759923,37.3999977112,42.9531860352,6.48000001907,2.9314289093,-35.5499954224,18.8065395355,-7.27813053131,0.318707883358,97415.826416,11.4699993134,-285.4715271,True
112.0,-0.048,-0.299,-0.353,1.372931,0.980665,12.3759923,34.8400001526,42.9531860352,6.76999998093,2.9314289093,-35.5499954224,19.247625351,-6.51528215408,0.320130825043,97415.826416,11.5099992752,-285.4715271,True
112.10000000000001,-0.075,-0.296,-0.317,1.44157755,1.24544455,12.3171524,34.8400001526,41.8463439941,6.76999998093,2.51758885384,-23.3140525818,19.4438743591,-6.13504171371,0.33299472928,97418.8476562,11.5599994659,-307.808685303,True
112.2,-0.112,-0.297,-0.325,1.5886773,1.22583125,13.0232312,31.6899986267,41.8463439941,7.10999965668,2.51758885384,-23.3140525818,19.8222942352,-5.34375953674,0.313212871552,97415.234375,11.6099996567,-307.808685303,True
112.30000000000001,-0.112,-0.297,-0.325,1.5886773,1.22583125,13.0232312,29.6499996185,41.8463439941,7.23000001907,2.51758885384,-23.3140525818,20.1113929749,-4.64627313614,0.236063629389,97415.234375,11.6499996185,-328.766448975,True
112.4,-0.203,-0.318,-0.325,1.9221034,1.69655045,16.72033825,27.3400001526,41.8463439941,7.23999977112,2.51758885384,-23.3140525818,20.4560203552,-3.70752453804,-0.0404998734593,97422.9248047,11.6899995804,-328.766448975,True
112.5,-0.244,-0.305,-0.358,1.61809725,1.67693715,15.56315355,24.1999988556,39.2794456482,7.0,3.04576587677,-12.9155139923,20.7545146942,-2.66310858727,-0.510568141937,97417.3156738,11.6999998093,-343.892089844,True
112.60000000000001,-0.147,-0.275,-0.407,1.4709975,1.06892485,13.2978174,21.1899986267,39.2794456482,6.78999996185,3.04576587677,-12.9155139923,20.890953064,-2.06719756126,-0.65936589241,97418.0297852,11.6700000763,-343.892089844,True
112.7,-0.128,-0.285,-0.382,1.2748645,1.01008495,13.36646395,18.2799987793,39.2794456482,6.63999986649,3.04576587677,-12.9155139923,21.0169658661,-1.35634708405,-0.769913852215,97417.1142578,11.6199998856,-353.242126465,True
112.80000000000001,-0.128,-0.285,-0.382,1.2748645,1.01008495,13.36646395,15.0099992752,39.2794456482,6.46999979019,3.04576587677,-12.9155139923,21.0797996521,-0.756650149822,-0.879132688046,97417.1142578,11.5599994659,-353.242126465,True
112.9,-0.127,-0.334,-0.326,1.1375714,0.71588545,14.44519545,11.1899995804,39.2794456482,6.21999979019,3.04576587677,-12.9155139923,21.096868515,0.0166144557297,-1.05290913582,97417.401123,11.4799995422,-361.184875488,True
113.0,-0.127,-0.365,-0.207,1.08853815,1.2356379,14.5530686,11.1799993515,36.7936096191,6.21999979019,3.56454944611,-1.39411020279,21.0849723816,0.590712249279,-1.18772292137,97416.784668,11.3899993896,-361.184875488,True
113.10000000000001,-0.328,-0.314,-0.219,0.9610517,1.2944778,14.73939495,3.4399998188,36.7936096191,5.5499997139,3.56454944611,-1.39411020279,20.9753837585,1.663590312,-1.55454874039,97409.9914551,11.2699995041,-376.587280273,True
113.2,-0.334,-0.272,-0.209,1.1179581,0.6864655,13.9646696,-0.649999976158,36.7936096191,5.09999990463,3.56454944611,-1.39411020279,20.9103622437,2.08552885056,-1.67645812035,97407.3486328,11.1399993896,-376.587280273,True
113.30000000000001,-0.318,-0.27,-0.169,0.99047165,0.8825985,12.944778,-4.34999990463,32.065738678,4.65000009537,6.44842529297,6.01581525803,20.7264232635,2.92849040031,-1.87924385071,97405.4138184,10.9799995422,-370.372192383,True
113.4,-0.533,-0.123,-0.189,0.6668522,1.95152335,12.01314625,-7.41999959946,32.065738678,4.15999984741,6.44842529297,6.01581525803,20.5316123962,3.44788551331,-2.0342066288,97402.722168,10.8000001907,-370.372192383,True
113.5,-0.533,-0.123,-0.189,0.6668522,1.95152335,12.01314625,-10.0799999237,32.065738678,3.6099998951,6.44842529297,6.01581525803,20.4648704529,3.59256410599,-2.09119534492,97402.722168,10.6099996567,-348.785400391,True
113.60000000000001,-0.606,-0.007,-0.35,0.4903325,1.10815145,11.0030613,-12.4299993515,32.065738678,2.99000000954,6.44842529297,6.01581525803,20.2197437286,4.04325866699,-2.2999985218,97395.6481934,10.3999996185,-348.785400391,True
113.7,-0.526,-0.032,-0.298,0.2549729,0.9022118,10.0420096,-14.5699996948,20.0559482574,2.39999985695,6.21957015991,12.3583211899,20.0553302765,4.30424594879,-2.30878472328,97394.1833496,10.1700000763,-337.319946289,True
113.80000000000001,-0.526,-0.032,-0.298,0.2549729,0.9022118,10.0420096,-16.2999992371,20.0559482574,1.86000001431,6.21957015991,12.3583211899,19.9244937897,4.467274189,-2.31706261635,97394.1833496,9.94999980927,-337.319946289,True
113.9,-0.482,-0.066,-0.234,0.1765197,0.9414384,10.6892485,-17.8299999237,20.0559482574,1.27999997139,6.21957015991,12.3583211899,19.7506065369,4.63438463211,-2.3670732975,97388.293457,9.71999931335,-319.506256104,True
114.0,-0.379,-0.086,-0.147,0.2353596,0.2941995,11.571847,-19.3299999237,20.0559482574,0.610000014305,6.21957015991,12.3583211899,19.5268173218,4.83599758148,-2.51352763176,97380.2490234,9.47999954224,-319.506256104,True
114.10000000000001,-0.379,-0.086,-0.147,0.2353596,0.2941995,11.571847,-19.3299999237,20.0559482574,0.610000014305,6.21957015991,12.3583211899,19.4177494049,4.92032384872,-2.55828714371,97380.2490234,9.47999954224,-319.506256104,True
114.2,-0.318,-0.074,0.022,0.48052585,0.61781895,12.89574475,-21.8699989319,10.1775875092,-0.740000009537,6.60158872604,17.3825683594,19.1880702972,5.05845594406,-2.73730611801,97375.9765625,8.97999954224,-290.569885254,True
114.30000000000001,-0.284,-0.033,0.052,0.46091255,0.8237586,13.0232312,-22.9499988556,10.1775875092,-1.59999990463,6.60158872604,17.3825683594,19.011920929,5.11904430389,-3.03212285042,97373.1689453,8.69999980927,-261.080169678,True
114.4,-0.284,-0.033,0.052,0.46091255,0.8237586,13.0232312,-23.7899990082,10.1775875092,-2.54999995232,6.60158872604,17.3825683594,18.9133319855,5.13467979431,-3.1704018116,97373.1689453,8.38999938965,-261.080169678,True
114.5,-0.203,0.062,0.06,0.20593965,1.2160246,9.218251,-24.2600002289,10.1775875092,-3.27999997139,6.60158872604,17.3825683594,18.7854652405,5.07176828384,-3.05540442467,97368.0541992,8.06999969482,-235.824966431,True
114.60000000000001,-0.428,0.096,-0.016,0.10787315,1.26505785,8.05125965,-24.5900001526,3.58583521843,-3.91999983788,6.37387704849,16.5810909271,18.6687164307,4.94909334183,-2.77044725418,97361.1938477,7.76999998093,-235.824966431,True
114.7,-0.343,0.18,-0.086,0.0392266,1.20621795,6.65871535,-24.6199989319,3.58583521843,-3.91999983788,6.37387704849,16.5810909271,18.6469726562,4.90361356735,-2.63331198692,97360.4064941,7.76999998093,-235.824966431,True
114.80000000000001,-0.759,0.103,-0.092,0.2353596,0.53936575,9.2967042,-25.0100002289,3.58583521843,-4.92000007629,6.37387704849,16.5810909271,18.5772209167,4.73269128799,-2.35547280312,97350.9338379,7.23000001907,-207.817260742,True
114.9,-0.547,0.158,-0.06,0.12748645,0.4511059,8.1199062,-25.0,3.58583521843,-5.42999982834,6.37387704849,16.5810909271,18.5529899597,4.57664203644,-2.21095705032,97344.0612793,6.98999977112,-182.832519531,True
115.0,-0.547,0.158,-0.06,0.12748645,0.4511059,8.1199062,-24.9499988556,-8.41264533997,-5.7999997139,3.43722224236,18.4655532837,18.546415329,4.39140367508,-1.81708157063,97344.0612793,6.76999998093,-182.832519531,True
115.10000000000001,-0.233,0.169,-0.037,-0.04903325,0.4314926,6.38412915,-24.859998703,-8.41264533997,-6.02999973297,3.43722224236,18.4655532837,18.543390274,4.32809066772,-1.65986943245,97341.3208008,6.57999992371,-164.971542358,True
115.2,-0.238,0.141,0.006,-0.0588399,0.196133,6.59987545,-24.6299991608,-8.41264533997,-6.17999982834,3.43722224236,18.4655532837,18.5503158569,4.17591428757,-1.28047513962,97338.8366699,6.42999982834,-164.971542358,True
115.30000000000001,-0.031,0.119,0.072,0.00980665,0.06864655,7.3549875,-24.5199985504,-8.41264533997,-6.25,3.43722224236,18.4655532837,18.5761070251,3.96737718582,-0.791528046131,97332.9284668,6.31999969482,-161.664962769,True
115.4,-0.031,0.119,0.072,0.00980665,0.06864655,7.3549875,-23.7199993134,-8.41264533997,-6.28999996185,3.43722224236,18.4655532837,18.6062717438,3.81051254272,-0.495434701443,97332.9284668,6.23000001907,-161.664962769,True
115.5,-0.2,0.074,0.193,-0.10787315,0.20593965,7.6295737,-23.4799995422,-12.0717792511,-6.27999973297,-0.487450808287,18.1263904572,18.6263046265,3.68235969543,-0.270451158285,97331.5612793,6.17000007629,-148.000518799,True
115.60000000000001,-0.206,0.068,0.206,-0.12748645,0.14709975,7.36479415,-23.109998703,-12.0717792511,-6.23000001907,-0.487450808287,18.1263904572,18.6682777405,3.49523139,-0.00391404749826,97331.9335938,6.13999986649,-148.000518799,True
115.7,-0.227,0.048,0.229,-0.0392266,0.32361945,7.50208725,-21.6999988556,-12.0717792511,-6.07999992371,-0.487450808287,18.1263904572,18.7134227753,3.31380033493,0.314292103052,97331.9885254,6.13999986649,-139.206512451,True
115.80000000000001,-0.22,0.026,0.227,-0.06864655,0.392266,8.24739265,-21.109998703,-14.8823728561,-5.88999986649,-2.45904612541,15.1190519333,18.7715778351,3.09186220169,0.593325018883,97332.5378418,6.15999984741,-138.206481934,True
115.9,-0.22,0.026,0.227,-0.06864655,0.392266,8.24739265,-16.5100002289,-14.8823728561,-5.67000007629,-2.45904612541,15.1190519333,18.8134117126,2.93796515465,0.724271297455,97332.5378418,6.21999979019,-144.32258606,True
116.0,-0.203,-0.009,0.187,0.06864655,0.2941995,9.42419065,-15.1999998093,-14.8823728561,-5.44999980927,-2.45904612541,15.1190519333,18.9568462372,2.48144388199,0.998460352421,97329.4799805,6.27999973297,-144.32258606,True
116.10000000000001,-0.203,-0.009,0.187,0.06864655,0.2941995,9.42419065,-15.1999998093,-14.8823728561,-5.44999980927,-2.45904612541,15.1190519333,19.0343704224,2.22320270538,1.09339404106,97333.1359863,6.36999988556,-143.059356689,True
116.2,-0.142,-0.026,0.181,0.04903325,0.51975245,9.77723005,-8.89999961853,-18.8012866974,-4.98999977112,-4.20692253113,10.5458440781,19.1352462769,1.88967072964,1.22205913067,97334.5397949,6.46000003815,-143.059356689,True
116.30000000000001,-0.05,-0.033,0.154,0.10787315,0.3138128,9.73800345,-8.89999961853,-18.8012866974,-4.98999977112,-4.20692253113,10.5458440781,19.2324562073,1.53362429142,1.33659768105,97339.7583008,6.56999969482,-149.604034424,True
116.4,0.014,-0.034,0.141,-0.06864655,0.24516625,9.7870367,3.41999983788,-18.8012866974,-4.44000005722,-4.20692253113,10.5458440781,19.3673305511,1.02982056141,1.47341549397,97339.7583008,6.67999982834,-149.604034424,True
116.5,0.156,-0.027,0.115,0.1176798,0.2353596,9.60071035,5.98999977112,-18.8012866974,-4.13999986649,-4.20692253113,10.5458440781,19.416305542,0.826393842697,1.55076432228,97342.3522949,6.80999994278,-167.924118042,True
116.60000000000001,0.156,-0.027,0.115,0.1176798,0.2353596,9.60071035,5.98999977112,-18.8012866974,-4.15000009537,-4.20692253113,10.5458440781,19.4904499054,0.562864005566,1.63316261768,97342.3522949,6.80999994278,-167.924118042,True
116.7,0.225,-0.057,0.133,0.12748645,0.18632635,10.4931155,17.5200004578,-18.3492431641,-3.53999996185,-5.0847234726,5.85562181473,19.591791153,0.160456463695,1.6712808609,97348.5473633,7.07999992371,-173.826782227,True
116.80000000000001,0.349,-0.028,0.121,0.12748645,0.1176798,10.30678915,20.0799999237,-18.3492431641,-3.25999999046,-5.0847234726,5.85562181473,19.6791591644,-0.207662567496,1.66576182842,97348.5473633,7.23000001907,-174.826812744,True
116.9,0.373,-0.017,0.123,0.0196133,0.08825985,9.6497436,26.0399990082,-18.3492431641,-2.96000003815,-5.0847234726,5.85562181473,19.7258338928,-0.411579042673,1.68811964989,97353.0029297,7.3799996376,-182.895477295,True
117.0,0.373,-0.017,0.123,0.0196133,0.08825985,9.6497436,26.0299987793,-18.3492431641,-2.97000002861,-5.0847234726,5.85562181473,19.7704143524,-0.577864527702,1.7368350029,97353.0029297,7.3799996376,-182.895477295,True
117.10000000000001,0.379,-0.037,0.114,-0.02941995,0.36284605,9.9635564,29.8899993896,-10.5841970444,-2.31999993324,-5.17874193192,2.50764417648,19.8330059052,-0.824442923069,1.71547079086,97356.6711426,7.67999982834,-210.046768188,True
117.2,0.386,-0.039,0.08,0.04903325,0.34323275,9.79684335,37.4599990845,-10.5841970444,-2.0,-5.17874193192,2.50764417648,19.8755550385,-0.975432395935,1.73373389244,97357.4401855,7.83999967575,-210.046768188,True
117.30000000000001,0.386,-0.042,0.045,0.0,0.26477955,10.11065615,38.8600006104,-10.5841970444,-1.65999996662,-5.17874193192,2.50764417648,19.9208183289,-1.11608600616,1.74786353111,97364.3737793,8.0,-225.951004028,True
117.4,0.428,-0.052,0.01,0.04903325,0.2745862,10.6500219,42.3499984741,-1.58289527893,-1.31999993324,-4.53380823135,0.208377182484,19.9491176605,-1.16192209721,1.71457183361,97365.9973145,8.15999984741,-225.951004028,True
117.5,0.428,-0.052,0.01,0.04903325,0.2745862,10.6500219,42.8099975586,-1.58289527893,-1.02999997139,-4.53380823135,0.208377182484,19.9636001587,-1.17127811909,1.66987395287,97365.9973145,8.30999946594,-246.437255859,True
117.60000000000001,0.5,-0.044,-0.007,0.0196133,0.24516625,10.7284751,42.8199996948,-1.58289527893,-0.719999969006,-4.53380823135,0.208377182484,19.9980545044,-1.13837718964,1.58807635307,97368.1335449,8.47000026703,-246.437255859,True
117.7,0.452,-0.073,-0.023,0.12748645,0.3530394,11.2972608,42.8400001526,-1.58289527893,-0.439999997616,-4.53380823135,0.208377182484,20.027048111,-1.03241765499,1.47875583172,97368.1091309,8.61999988556,-257.802581787,True
117.80000000000001,0.452,-0.073,-0.023,0.12748645,0.3530394,11.2972608,42.8600006104,-1.58289527893,-0.189999997616,-4.53380823135,0.208377182484,20.05219841,-0.927261948586,1.37654685974,97370.3308105,8.76000022888,-257.802581787,True
117.9,0.427,-0.076,-0.068,0.1176798,0.6080123,10.93441475,42.8699989319,11.0440187454,0.019999999553,-3.03508734703,0.204100593925,20.0609645844,-0.758697628975,1.27829480171,97372.5219727,8.88999938965,-263.739776611,True
118.0,0.386,-0.08,-0.121,0.10787315,0.63743225,10.9246081,42.8899993896,11.0440187454,0.269999980927,-3.03508734703,0.204100593925,20.0711612701,-0.508587181568,1.19001603127,97380.0292969,9.01000022888,-263.739776611,True
118.10000000000001,0.371,-0.083,-0.163,0.18632635,0.5099458,10.9049948,42.8899993896,11.0440187454,0.489999979734,-3.03508734703,0.204100593925,20.0683441162,-0.305998086929,1.142167449,97378.0273438,9.11999988556,-268.182952881,True
118.2,0.284,-0.091,-0.177,0.24516625,0.57859235,11.15016105,42.8999977112,11.0440187454,0.729999959469,-3.03508734703,0.204100593925,20.0680198669,-0.00923610292375,1.08866739273,97381.8359375,9.22999954224,-268.182952881,True
118.30000000000001,0.259,-0.093,-0.211,0.24516625,0.50013915,11.13054775,42.8999977112,20.5631828308,0.949999988079,-2.00523018837,3.30523133278,20.0601863861,0.407226115465,1.00469398499,97378.3813477,9.32999992371,-271.105377197,True
118.4,0.259,-0.093,-0.211,0.24516625,0.50013915,11.13054775,42.8999977112,20.5631828308,0.959999978542,-2.00523018837,3.30523133278,20.0500545502,0.713759899139,0.998656749725,97378.3813477,9.32999992371,-271.105377197,True
118.5,0.313,-0.117,-0.175,0.2745862,0.34323275,11.1991943,42.9099998474,20.5631828308,1.41999995708,-2.00523018837,3.30523133278,20.0191078186,1.22750127316,0.960639894009,97383.4533691,9.52999973297,-282.913574219,True
118.60000000000001,0.313,-0.117,-0.175,0.2745862,0.34323275,11.1991943,42.9099998474,20.5631828308,1.66999995708,-2.00523018837,3.30523133278,19.9697341919,1.78539538383,0.932280302048,97383.4533691,9.63000011444,-282.913574219,True
118.7,0.21,-0.166,-0.146,0.38245935,0.57859235,11.6895268,42.9199981689,27.803188324,1.89999997616,-1.23852431774,8.16793632507,19.9264602661,2.18421697617,0.891238570213,97389.5812988,9.72999954224,-271.385772705,True
118.80000000000001,0.198,-0.164,-0.168,0.34323275,0.89240515,11.71894675,42.9199981689,27.803188324,2.1099998951,-1.23852431774,8.16793632507,19.8588314056,2.68160748482,0.829315006733,97388.848877,9.81999969482,-271.385772705,True
118.9,0.093,-0.16,-0.23,0.46091255,0.8237586,11.64049355,42.9199981689,27.803188324,2.28999996185,-1.23852431774,8.16793632507,19.7750816345,3.188185215,0.774932086468,97393.1640625,9.90999984741,-278.321655273,True
119.0,0.013,-0.171,-0.257,0.50013915,0.69627215,11.89546645,42.9199981689,27.803188324,2.47000002861,-1.23852431774,8.16793632507,19.7018032074,3.61614108086,0.740667939186,97390.1550293,9.98999977112,-278.321655273,True
119.10000000000001,0.022,-0.174,-0.246,0.5099458,0.97085835,12.03275955,42.9199981689,31.1437015533,2.61999988556,-0.226900264621,13.9508914948,19.5871047974,4.14666223526,0.677310228348,97397.3876953,10.0699996948,-266.326538086,True
119.2,0.164,-0.162,-0.291,0.4903325,1.06892485,11.26784085,42.9199981689,31.1437015533,2.78999996185,-0.226900264621,13.9508914948,19.4356269836,4.76733064651,0.615350961685,97397.8942871,10.1399993896,-267.326538086,True
119.30000000000001,0.119,-0.171,-0.323,0.46091255,0.83356525,11.2776475,42.9199981689,31.1437015533,2.97000002861,-0.226900264621,13.9508914948,19.2667503357,5.37759304047,0.61038351059,97401.0437012,10.2100000381,-283.64163208,True
119.4,0.119,-0.171,-0.323,0.46091255,0.83356525,11.2776475,42.9199981689,31.1437015533,3.15999984741,-0.226900264621,13.9508914948,19.2014446259,5.59625768661,0.610613763332,97401.0437012,10.279999733,-282.641601562,True
119.5,0.155,-0.171,-0.329,0.4903325,0.71588545,11.5326204,42.9199981689,31.1437015533,3.37999987602,-0.226900264621,13.9508914948,18.9545707703,6.34850883484,0.642604589462,97399.6459961,10.3499994278,-270.338256836,True
119.60000000000001,0.122,-0.198,-0.331,0.53936575,0.5687857,10.93441475,42.9199981689,35.1114997864,3.63999986649,-0.681303203106,22.9687080383,18.7568359375,6.89518880844,0.701381087303,97398.0773926,10.4299993515,-270.338256836,True
119.7,0.156,-0.225,-0.311,0.57859235,0.61781895,11.30706745,42.9199981689,35.1114997864,3.90999984741,-0.681303203106,22.9687080383,18.4660148621,7.61688709259,0.735821425915,97401.1779785,10.5100002289,-270.110900879,True
119.80000000000001,0.113,-0.269,-0.248,0.8433719,0.6276256,12.3171524,42.9199981689,35.1114997864,4.15999984741,-0.681303203106,22.9687080383,18.2496528625,8.11508846283,0.742906332016,97399.0600586,10.5999994278,-270.110900879,True
119.9,0.134,-0.252,-0.235,0.75511205,0.69627215,12.42502555,42.9199981689,35.1114997864,4.40999984741,-0.681303203106,22.9687080383,17.9371376038,8.74939250946,0.730825781822,97410.546875,10.6899995804,-260.578155518,True
120.0,0.095,-0.286,-0.224,0.81395195,0.8237586,12.9251647,42.9199981689,39.1388053894,4.63999986649,0.0692871436477,31.744512558,17.5899963379,9.40472602844,0.702504098415,97407.7331543,10.779999733,-260.578155518,True
120.10000000000001,0.084,-0.319,-0.249,0.8237586,1.0002783,13.17033095,42.9199981689,39.1388053894,4.85999965668,0.0692871436477,31.744512558,17.1194000244,10.1820774078,0.629554986954,97404.8828125,10.8599996567,-238.336364746,True
120.2,0.084,-0.319,-0.249,0.8237586,1.0002783,13.17033095,42.9099998474,39.1388053894,5.03999996185,0.0692871436477,31.744512558,16.8679237366,10.5711526871,0.586244702339,97404.8828125,10.9399995804,-238.336364746,True
120.30000000000001,0.002,-0.336,-0.292,1.14737805,0.8825985,13.62143685,42.8999977112,40.9633712769,5.17000007629,1.52140808105,38.7732620239,16.3006954193,11.3639116287,0.453359037638,97419.6228027,11.0100002289,-236.30770874,True
120.4,0.037,-0.328,-0.304,1.1571847,0.9218251,13.64105015,42.8899993896,40.9633712769,5.26999998093,1.52140808105,38.7732620239,15.7831792831,12.0138559341,0.338751405478,97412.5549316,11.0699996948,-237.307739258,True
120.5,0.05,-0.339,-0.3,1.176798,1.01008495,14.8668814,42.8799972534,40.9633712769,5.34999990463,1.52140808105,38.7732620239,15.2256069183,12.6571731567,0.208093300462,97414.5751953,11.1099996567,-223.478317261,True
120.60000000000001,-0.015,-0.339,-0.303,1.2160246,1.0787315,14.5922952,42.8699989319,40.9633712769,5.38000011444,1.52140808105,38.7732620239,14.7235250473,13.1867847443,0.0695955529809,97414.4897461,11.1499996185,-223.478317261,True
120.7,-0.008,-0.34,-0.305,1.1571847,1.0002783,15.0041745,42.8499984741,42.7701454163,5.35999965668,2.8440527916,50.0655288696,13.789607048,14.0713834763,-0.164237841964,97415.5395508,11.1599998474,-205.565460205,True
120.80000000000001,-0.008,-0.34,-0.305,1.1571847,1.0002783,15.0041745,42.8400001526,42.7701454163,5.28999996185,2.8440527916,50.0655288696,13.0839986801,14.6518001556,-0.311191350222,97415.5395508,11.1700000763,-205.565460205,True
120.9,0.184,-0.363,-0.295,1.3337044,1.0198916,15.91619295,42.8299980164,42.7701454163,5.21999979019,2.8440527916,50.0655288696,12.493350029,15.0934753418,-0.422108083963,97413.2507324,11.1499996185,-196.361541748,True
121.0,0.184,-0.363,-0.295,1.3337044,1.0198916,15.91619295,42.8099975586,42.7701454163,5.23999977112,2.8440527916,50.0655288696,11.9419803619,15.4883975983,-0.611326813698,97413.2507324,11.1499996185,-196.361541748,True
121.10000000000001,0.074,-0.428,-0.22,1.73577705,1.18660465,16.62227175,42.7599983215,42.7701454163,4.65000009537,2.8440527916,50.0655288696,10.4610109329,16.4321308136,-1.10982787609,97412.7502441,11.0399999619,-185.7837677,True
121.2,0.074,-0.428,-0.22,1.73577705,1.18660465,16.62227175,42.7399978638,42.7701454163,4.65999984741,2.8440527916,50.0655288696,9.87581920624,16.7590904236,-1.23023176193,97412.7502441,11.0399999619,-185.7837677,True
121.30000000000001,-0.032,-0.366,-0.262,1.42196425,1.36312435,14.13138265,42.6800003052,48.2075691223,3.91999983788,4.91733264923,62.7432518005,8.57057762146,17.3805904388,-1.42154967785,97419.3481445,10.8000001907,-177.307128906,True
121.4,-0.032,-0.366,-0.262,1.42196425,1.36312435,14.13138265,42.6699981689,48.2075691223,3.6099998951,4.91733264923,62.7432518005,7.55826807022,17.7836837769,-1.43009245396,97419.3481445,10.6700000763,-177.307128906,True
121.5,0.058,-0.331,-0.308,1.2552512,1.2748645,12.07198615,42.6699981689,48.2075691223,3.37999987602,4.91733264923,62.7432518005,6.79354524612,18.0439624786,-1.33124709129,97407.0861816,10.529999733,-172.495849609,True
121.60000000000001,0.054,-0.345,-0.398,1.28467115,1.4709975,12.22889255,42.7099990845,50.7622146606,3.21000003815,5.51824045181,73.2990341187,6.15744018555,18.2179737091,-1.27299404144,97408.6364746,10.3999996185,-173.495864868,True
121.7,0.054,-0.345,-0.398,1.28467115,1.4709975,12.22889255,42.7399978638,50.7622146606,3.00999999046,5.51824045181,73.2990341187,5.10532951355,18.4814834595,-1.18913066387,97408.6364746,10.279999733,-164.511291504,True
121.80000000000001,-0.049,-0.318,-0.408,1.46119085,1.08853815,10.591182,42.7900009155,50.7622146606,2.83999991417,5.51824045181,73.2990341187,4.41820669174,18.641992569,-1.06853103638,97401.1901855,10.1700000763,-164.511291504,True
121.9,-0.018,-0.33,-0.431,1.42196425,0.93163175,11.4737805,42.8299980164,50.7622146606,2.75999999046,5.51824045181,73.2990341187,3.66096282005,18.7832508087,-0.856135606766,97408.2885742,10.0799999237,-180.722991943,True
122.0,-0.018,-0.33,-0.431,1.42196425,0.93163175,11.4737805,42.8600006104,50.7622146606,2.75999999046,5.51824045181,73.2990341187,2.98847651482,18.8840961456,-0.708918809891,97408.2885742,10.0100002289,-180.722991943,True
122.10000000000001,0.066,-0.409,-0.403,1.4906108,0.8825985,12.1210194,42.8699989319,53.7152938843,2.77999997139,2.24391746521,89.4601364136,1.88599717617,18.9955005646,-0.511279642582,97404.8950195,9.94999980927,-193.521499634,True
122.2,0.059,-0.421,-0.299,1.79461695,1.28467115,13.3762706,42.8699989319,53.7152938843,2.79999995232,2.24391746521,89.4601364136,0.895754575729,19.0534648895,-0.401771694422,97400.3967285,9.92000007629,-193.521499634,True
122.30000000000001,-0.129,-0.429,-0.298,1.83384355,1.38273765,13.93524965,42.8699989319,53.7152938843,2.83999991417,2.24391746521,89.4601364136,-0.130876198411,19.0656776428,-0.33346632123,97398.5839844,9.90999984741,-185.336685181,True
122.4,-0.299,-0.391,-0.305,1.81423025,1.3925443,13.09187775,42.8699989319,53.7152938843,2.83999991417,2.24391746521,89.4601364136,-1.15859007835,19.0158958435,-0.280282765627,97404.5776367,9.89999961853,-184.336669922,True
122.5,-0.299,-0.391,-0.305,1.81423025,1.3925443,13.09187775,42.8799972534,53.2468948364,2.86999988556,2.28240799904,99.7796096802,-1.84351718426,18.9619808197,-0.19319576025,97404.5776367,9.88999938965,-201.542282104,True
122.60000000000001,-0.418,-0.329,-0.395,1.52003075,1.7455837,11.67972015,42.8999977112,53.2468948364,2.96000003815,2.28240799904,99.7796096802,-2.97920036316,18.807888031,-0.0526689663529,97399.9023438,9.89999961853,-201.542282104,True
122.7,-0.269,-0.369,-0.45,1.372931,1.28467115,13.01342455,42.9099998474,53.2468948364,3.01999998093,2.28240799904,99.7796096802,-3.84435224533,18.6066818237,-0.0342143476009,97404.1320801,9.90999984741,-204.140853882,True
122.80000000000001,-0.189,-0.361,-0.447,1.0983448,0.9414384,12.58193195,42.9199981689,53.2468948364,3.05999994278,2.28240799904,99.7796096802,-4.51279687881,18.4011459351,-0.0150453411043,97397.1435547,9.9299993515,-205.140869141,True
122.9,-0.085,-0.398,-0.415,0.93163175,0.8433719,13.26839745,42.9199981689,47.2295341492,3.16999983788,0.261974453926,113.493637085,-5.15599441528,18.1604003906,0.019402878359,97396.5270996,9.94999980927,-242.283447266,True
123.0,-0.054,-0.441,-0.337,0.8825985,0.87279185,13.9842829,42.9199981689,47.2295341492,3.26999998093,0.261974453926,113.493637085,-6.1639008522,17.7205200195,0.0383867919445,97396.0693359,9.97999954224,-242.283447266,True
123.10000000000001,-0.109,-0.454,-0.305,0.8825985,1.01008495,14.7884282,42.9199981689,47.2295341492,3.31999993324,0.261974453926,113.493637085,-6.84709262848,17.3607978821,-0.008873780258,97391.3879395,10.0,-240.858459473,True
123.2,-0.109,-0.454,-0.305,0.8825985,1.01008495,14.7884282,41.7000007629,47.2295341492,3.30999994278,0.261974453926,113.493637085,-8.04679107666,16.6175384521,-0.182851016521,97391.3879395,10.0199995041,-240.858459473,True
123.30000000000001,-0.132,-0.451,-0.324,0.980665,1.1964113,15.26895405,39.3899993896,46.2045631409,3.19999980927,1.40743875504,124.922477722,-8.70564937592,16.1402568817,-0.305711150169,97392.4804688,10.0100002289,-214.026062012,True
123.4,-0.132,-0.451,-0.324,0.980665,1.1964113,15.26895405,36.8299980164,46.2045631409,3.03999996185,1.40743875504,124.922477722,-9.32795619965,15.6455869675,-0.432831525803,97392.4804688,9.98999977112,-214.026062012,True
123.5,-0.164,-0.404,-0.332,0.7060788,1.12776475,14.1411893,36.8199996948,46.2045631409,3.02999997139,1.40743875504,124.922477722,-9.90002250671,15.1215171814,-0.544049680233,97391.973877,9.93999958038,-202.03036499,True
123.60000000000001,-0.172,-0.4,-0.324,0.73549875,1.0198916,13.7685366,31.0999984741,44.6872253418,2.62999987602,2.7126159668,133.063247681,-10.7873468399,14.1843318939,-0.694566488266,97393.7866211,9.88000011444,-202.03036499,True
123.7,-0.201,-0.423,-0.322,0.71588545,1.0198916,15.11204765,27.7799987793,44.6872253418,2.38999986649,2.7126159668,133.063247681,-11.3670358658,13.4646110535,-0.811418533325,97387.6464844,9.80999946594,-188.063995361,True
123.80000000000001,-0.229,-0.41,-0.284,0.67665885,1.0198916,14.75900825,24.0699996948,44.6872253418,2.09999990463,2.7126159668,133.063247681,-11.7888784409,12.8716068268,-0.918719887733,97387.6464844,9.72999954224,-188.063995361,True
123.9,-0.257,-0.388,-0.265,0.61781895,0.89240515,15.11204765,19.8899993896,44.6872253418,1.77999997139,2.7126159668,133.063247681,-12.2927379608,12.0779857635,-1.0895267725,97383.581543,9.63999938965,-174.10774231,True
124.0,-0.282,-0.338,-0.231,0.65704555,0.83356525,14.3961622,15.4600000381,41.4539260864,1.37000000477,4.93780517578,145.279022217,-12.7337522507,11.2707691193,-1.27552270889,97385.0158691,9.52999973297,-174.10774231,True
124.10000000000001,-0.325,-0.303,-0.21,0.4707192,1.1964113,13.925443,10.9600000381,41.4539260864,0.909999966621,4.93780517578,145.279022217,-13.1500520706,10.332198143,-1.48475468159,97386.0046387,9.39999961853,-157.20614624,True
124.2,-0.39,-0.251,-0.203,0.57859235,1.12776475,14.0235095,6.57999992371,41.4539260864,0.42999997735,4.93780517578,145.279022217,-13.3612937927,9.76945400238,-1.57884991169,97378.0822754,9.25,-157.20614624,True
124.30000000000001,-0.401,-0.206,-0.205,0.51975245,1.4121576,14.03331615,2.13999986649,41.4539260864,-0.0999999940395,4.93780517578,145.279022217,-13.5865087509,9.03560352325,-1.78437232971,97378.125,9.07999992371,-148.997497559,True
124.4,-0.512,-0.142,-0.251,0.196133,1.2160246,12.46425215,-1.91999995708,41.4539260864,-0.719999969006,4.93780517578,145.279022217,-13.7332496643,8.38477325439,-1.95441532135,97376.4587402,8.89999961853,-148.997497559,True
124.5,-0.625,-0.101,-0.26,0.08825985,1.30428445,11.44436055,-1.91999995708,41.4539260864,-0.75,4.93780517578,145.279022217,-13.81508255,7.8183093071,-2.03840065002,97368.5913086,8.71000003815,-113.986206055,True
124.60000000000001,-0.577,-0.065,-0.252,0.0784532,1.10815145,10.9049948,-8.57999992371,30.4055595398,-1.87999999523,7.1394405365,156.758743286,-13.8493947983,7.27671861649,-2.06669783592,97371.3012695,8.5,-113.986206055,True
124.7,-0.545,-0.039,-0.234,-0.00980665,0.85317855,10.5519554,-11.3400001526,30.4055595398,-2.41999983788,7.1394405365,156.758743286,-13.8511743546,6.94870185852,-2.08490347862,97364.666748,8.30000019073,-87.7019882202,True
124.80000000000001,-0.545,-0.039,-0.234,-0.00980665,0.85317855,10.5519554,-11.3400001526,30.4055595398,-2.44000005722,7.1394405365,156.758743286,-13.8392152786,6.65271568298,-2.0759203434,97364.666748,8.0999994278,-87.7019882202,True
124.9,-0.528,0.006,-0.173,-0.06864655,0.980665,9.1790244,-15.9699993134,20.4529647827,-3.46000003815,6.14884471893,161.276168823,-13.7902116776,6.30659770966,-1.98026525974,97358.026123,7.88999986649,-63.8036727905,True
125.0,-0.528,0.006,-0.173,-0.06864655,0.980665,9.1790244,-17.75,20.4529647827,-3.89999985695,6.14884471893,161.276168823,-13.755402565,6.17949390411,-1.90812468529,97358.026123,7.69999980927,-63.8036727905,True
125.10000000000001,-0.541,0.031,-0.142,-0.1765197,0.9022118,9.2770909,-19.3500003815,20.4529647827,-4.2999997139,6.14884471893,161.276168823,-13.6603136063,5.92296123505,-1.76113545895,97354.5898438,7.51999998093,-82.6930999756,True
125.2,-0.328,0.046,-0.103,-0.0196133,0.7649187,9.87529655,-20.7299995422,20.4529647827,-4.69999980927,6.14884471893,161.276168823,-13.5706291199,5.75888872147,-1.67527341843,97348.7854004,7.33999967575,-82.6930999756,True
125.30000000000001,-0.328,0.046,-0.103,-0.0196133,0.7649187,9.87529655,-22.0299987793,20.4529647827,-5.11999988556,6.14884471893,161.276168823,-13.5081958771,5.66582012177,-1.66665697098,97348.7854004,7.17999982834,-59.2361450195,True
125.4,-0.509,0.079,-0.025,-0.1372931,0.6276256,9.44380395,-23.1700000763,8.61445140839,-5.55999994278,4.28101634979,164.485168457,-13.4151268005,5.56167507172,-1.61784875393,97343.359375,7.00999975204,-59.2361450195,True
125.5,-0.553,0.093,0.005,-0.16671305,0.65704555,8.62004535,-24.1599998474,8.61445140839,-5.92999982834,4.28101634979,164.485168457,-13.3480854034,5.53212499619,-1.53065037727,97342.4255371,6.84999990463,-40.4266357422,True
125.60000000000001,-0.52,0.118,0.022,-0.3726527,0.75511205,7.9237732,-24.9399986267,8.61445140839,-6.25,4.28101634979,164.485168457,-13.2396211624,5.55236721039,-1.31174600124,97342.4255371,6.69000005722,-40.4266357422,True
125.7,-0.475,0.114,0.013,-0.40207265,0.77472535,7.6099604,-25.5299987793,8.61445140839,-6.46000003815,4.28101634979,164.485168457,-13.1407728195,5.61966323853,-1.05930507183,97335.6933594,6.55999994278,-23.3896255493,True
125.80000000000001,-0.427,0.113,-0.006,-0.3138128,0.61781895,7.5707338,-25.9599990845,-3.07817816734,-6.61999988556,1.86700189114,164.297332764,-13.0387430191,5.71314573288,-0.784413933754,97337.512207,6.44000005722,-23.3896255493,True
125.9,-0.399,0.108,0.008,-0.3726527,0.50013915,7.4334407,-26.3199996948,-3.07817816734,-6.64999961853,1.86700189114,164.297332764,-12.9598045349,5.8037981987,-0.566343605518,97333.8745117,6.35999965668,8.46881866455,True
126.0,-0.43,0.077,0.042,-0.22555295,0.59820565,8.7279185,-26.5999984741,-3.07817816734,-6.65999984741,1.86700189114,164.297332764,-12.8590221405,5.93894767761,-0.293439626694,97330.7617188,6.28999996185,8.46881866455,True
126.10000000000001,-0.33,0.097,0.052,-0.2353596,0.4511059,8.73772515,-26.6999988556,-3.07817816734,-6.63999986649,1.86700189114,164.297332764,-12.7552471161,6.12411022186,-0.128732308745,97330.7556152,6.26999998093,20.5118179321,True
126.2,-0.33,0.097,0.052,-0.2353596,0.4511059,8.73772515,-26.7199993134,-12.2298564911,-6.61999988556,-0.752297103405,163.817626953,-12.6919746399,6.2458562851,-0.0355602912605,97330.7556152,6.25,20.5118179321,True
126.30000000000001,-0.296,0.066,0.071,-0.2157463,0.28439285,8.26700595,-26.6700000763,-12.2298564911,-6.53999996185,-0.752297103405,163.817626953,-12.5540037155,6.54267024994,0.239999786019,97333.1787109,6.25,29.9906730652,True
126.4,-0.296,0.066,0.071,-0.2157463,0.28439285,8.26700595,-26.6700000763,-12.2298564911,-6.52999973297,-0.752297103405,163.817626953,-12.4943752289,6.66690635681,0.365942388773,97333.1787109,6.25,29.9906730652,True
126.5,-0.208,0.031,0.149,-0.2353596,0.196133,8.2964259,-26.5699996948,-12.2298564911,-6.21000003815,-0.752297103405,163.817626953,-12.3617172241,6.98527336121,0.681409597397,97336.8896484,6.30999994278,41.1061286926,True
126.60000000000001,-0.208,0.031,0.149,-0.2353596,0.196133,8.2964259,-26.4300003052,-17.1100387573,-5.98999977112,-2.63854980469,161.927871704,-12.3032102585,7.12804985046,0.81819152832,97336.8896484,6.35999965668,41.1061286926,True
126.7,-0.236,-0.039,0.193,-0.20593965,0.32361945,10.4931155,-26.109998703,-17.1100387573,-5.71999979019,-2.63854980469,161.927871704,-12.1504631042,7.5272269249,1.05598700047,97335.3942871,6.44999980927,48.2315063477,True
126.80000000000001,-0.228,-0.054,0.212,-0.2157463,0.26477955,10.2969825,-25.6199989319,-17.1100387573,-5.52999973297,-2.63854980469,161.927871704,-12.0301933289,7.86710929871,1.09825026989,97339.1479492,6.53999996185,48.2315063477,True
126.9,-0.228,-0.054,0.212,-0.2157463,0.26477955,10.2969825,-24.9899997711,-17.1100387573,-5.28999996185,-2.63854980469,161.927871704,-11.8674325943,8.28146362305,1.1835258007,97339.1479492,6.64999961853,54.8843383789,True
127.0,-0.189,-0.075,0.23,-0.1765197,0.3726527,10.4146623,-24.1999988556,-17.1100387573,-5.09999990463,-2.63854980469,161.927871704,-11.7394647598,8.59510421753,1.20651829243,97340.8752441,6.73999977112,54.8843383789,True
127.10000000000001,-0.181,-0.069,0.22,-0.3138128,0.46091255,10.3558224,-24.1899986267,-22.7819728851,-5.08999967575,-3.6617629528,155.231521606,-11.5892925262,8.9138507843,1.25495040417,97341.9677734,6.84999990463,112.372497559,True
127.2,-0.181,-0.069,0.22,-0.3138128,0.46091255,10.3558224,-22.0900001526,-22.7819728851,-4.59999990463,-3.6617629528,155.231521606,-11.2682886124,9.58277320862,1.35858631134,97341.9677734,6.96000003815,112.372497559,True
127.30000000000001,-0.145,-0.112,0.167,-0.1372931,0.51975245,11.58165365,-20.7199993134,-22.7819728851,-4.36999988556,-3.6617629528,155.231521606,-11.1376838684,9.85319519043,1.34540438652,97348.4802246,7.06999969482,103.688339233,True
127.4,-0.145,-0.112,0.167,-0.1372931,0.51975245,11.58165365,-19.1399993896,-24.6910514832,-4.19000005722,-3.6733789444,151.578186035,-10.9006986618,10.3230133057,1.31514716148,97348.4802246,7.17999982834,103.688339233,True
127.5,-0.023,-0.1,0.122,-0.22555295,0.36284605,11.3953273,-17.4499988556,-24.6910514832,-4.00999975204,-3.6733789444,151.578186035,-10.6445178986,10.7607011795,1.31811392307,97350.2929688,7.27999973297,93.1967773438,True
127.60000000000001,0.03,-0.093,0.143,-0.1765197,0.12748645,10.3362091,-15.8199996948,-24.6910514832,-3.77999997139,-3.6733789444,151.578186035,-10.3474683762,11.2409629822,1.35683333874,97352.9174805,7.38999986649,93.1967773438,True
127.7,0.095,-0.117,0.184,-0.1176798,-0.0392266,11.46397385,-14.0900001526,-24.6910514832,-3.52999997139,-3.6733789444,151.578186035,-10.1384792328,11.547580719,1.37507736683,97352.9174805,7.50999975204,82.6818466187,True
127.80000000000001,0.085,-0.128,0.222,-0.1372931,0.0784532,12.13082605,-12.1999998093,-24.6910514832,-3.34999990463,-3.6733789444,151.578186035,-9.87533950806,11.9446363449,1.32548606396,97355.9875488,7.61999988556,82.6818466187,True
127.9,0.071,-0.129,0.246,-0.0980665,0.0588399,12.1210194,-10.1399993896,-23.7888717651,-3.19999980927,-2.89026141167,146.76651001,-9.47666454315,12.4881668091,1.18795073032,97359.2224121,7.73000001907,70.4376220703,True
128.0,0.071,-0.129,0.246,-0.0980665,0.0588399,12.1210194,-10.1499996185,-23.7888717651,-3.19999980927,-2.89026141167,146.76651001,-9.37793064117,12.6266698837,1.15690886974,97359.2224121,7.73000001907,70.4376220703,True
128.1,0.112,-0.131,0.253,-0.0588399,0.1569064,12.0621795,-5.90000009537,-23.7888717651,-2.98000001907,-2.89026141167,146.76651001,-8.87687492371,13.2121534348,0.977786779404,97358.770752,7.91999959946,38.6119842529,True
128.20000000000002,0.112,-0.131,0.253,-0.0588399,0.1569064,12.0621795,-3.6099998951,-23.7888717651,-2.91999983788,-2.89026141167,146.76651001,-8.61902046204,13.4866666794,0.879289448261,97363.8671875,8.0,38.6119842529,True
128.3,0.09,-0.117,0.205,-0.1176798,0.22555295,11.5914603,-1.27999997139,-20.2037143707,-2.87999987602,-2.19474458694,138.583862305,-8.31390666962,13.7902803421,0.78975301981,97363.9526367,8.05999946594,21.4184761047,True
128.4,0.138,-0.101,0.193,-0.04903325,0.02941995,11.4541672,0.909999966621,-20.2037143707,-2.82999992371,-2.19474458694,138.583862305,-7.95493078232,14.1129608154,0.709698438644,97364.0625,8.11999988556,21.4184761047,True
128.5,0.138,-0.101,0.193,-0.04903325,0.02941995,11.4541672,3.07999992371,-20.2037143707,-2.78999996185,-2.19474458694,138.583862305,-7.83759355545,14.2096443176,0.679467976093,97364.0625,8.1799993515,2.1463394165,True
128.6,0.215,-0.105,0.202,-0.1176798,0.14709975,11.2972608,5.19999980927,-20.2037143707,-2.75999999046,-2.19474458694,138.583862305,-7.37267255783,14.567404747,0.544053077698,97365.7409668,8.22000026703,2.1463394165,True
128.70000000000002,0.219,-0.082,0.185,-0.12748645,0.196133,11.5914603,7.25999975204,-15.9375190735,-2.77999997139,-1.4899597168,133.316925049,-7.09935045242,14.7643651962,0.432862281799,97367.7307129,8.26000022888,-14.4163131714,True
128.8,0.228,-0.07,0.176,-0.02941995,0.22555295,11.69933345,9.21000003815,-15.9375190735,-2.82999992371,-1.4899597168,133.316925049,-6.83307504654,14.9255781174,0.31693610549,97370.6481934,8.28999996185,-14.4163131714,True
128.9,0.174,-0.076,0.162,-0.0784532,0.2549729,11.571847,11.0999994278,-15.9375190735,-2.91999983788,-1.4899597168,133.316925049,-6.62454175949,15.0491695404,0.200189366937,97372.9125977,8.30999946594,-18.9083099365,True
129.0,0.199,-0.038,0.141,-0.1569064,0.2745862,10.91480145,12.8099994659,-15.9375190735,-2.99000000954,-1.4899597168,133.316925049,-6.39258670807,15.1689434052,0.125816449523,97370.5200195,8.31999969482,-18.9083099365,True
129.1,0.199,-0.038,0.141,-0.1569064,0.2745862,10.91480145,14.4899997711,-10.6331710815,-3.05999994278,-0.961851119995,128.821380615,-6.12859630585,15.2796297073,0.0721476599574,97370.5200195,8.31999969482,-24.4741439819,True
129.20000000000002,0.228,-0.01,0.101,-0.1765197,0.24516625,10.36562905,14.4899997711,-10.6331710815,-3.05999994278,-0.961851119995,128.821380615,-6.05103063583,15.312335968,0.0667014718056,97371.9360352,8.31999969482,-24.4741439819,True
129.3,0.26,9.429780353430001e-18,0.077,-0.20593965,0.06864655,9.97336305,17.2099990845,-10.6331710815,-3.09999990463,-0.961851119995,128.821380615,-5.84800577164,15.3631267548,0.081486530602,97372.833252,8.32999992371,-32.6902389526,True
129.4,0.288,9.674709713260001e-18,0.079,-0.1765197,0.12748645,10.09104285,18.2999992371,-5.51380872726,-3.11999988556,-1.10427951813,126.863388062,-5.68277072906,15.4016971588,0.0715366601944,97370.4040527,8.32999992371,-32.6902389526,True
129.5,0.351,0.003,0.067,-0.196133,0.18632635,10.1204628,19.2700004578,-5.51380872726,-3.12999987602,-1.10427951813,126.863388062,-5.57345485687,15.4027194977,0.0677172169089,97371.7468262,8.34000015259,-34.9010467529,True
129.6,0.351,0.003,0.067,-0.196133,0.18632635,10.1204628,20.0399990082,-5.51380872726,-3.12999987602,-1.10427951813,126.863388062,-5.51359653473,15.3921108246,0.0638556927443,97371.7468262,8.3499994278,-34.9010467529,True
129.70000000000002,0.262,-0.012,0.061,-0.1765197,0.18632635,11.03248125,20.6499996185,-0.639357089996,-3.14999985695,-1.18922758102,125.704124451,-5.45508480072,15.3588705063,0.0287861712277,97367.7185059,8.35999965668,-33.8527679443,True
129.8,0.276,-0.004,0.059,-0.22555295,0.4511059,10.6696352,21.1299991608,-0.639357089996,-3.23000001907,-1.18922758102,125.704124451,-5.43454647064,15.3148555756,-0.095702521503,97374.7497559,8.35999965668,-33.8527679443,True
129.9,0.276,-0.004,0.059,-0.22555295,0.4511059,10.6696352,21.5599994659,-0.639357089996,-3.32999992371,-1.18922758102,125.704124451,-5.41661071777,15.2690696716,-0.121940895915,97374.7497559,8.3499994278,-29.8120498657,True
130.0,0.308,0.014,0.021,-0.24516625,0.588399,9.34573745,21.8799991608,6.31457519531,-3.32999992371,-1.18922758102,125.704124451,-5.41013288498,15.2081041336,-0.0352627076209,97372.9980469,8.34000015259,-29.8120498657,True
130.1,0.321,0.034,-0.023,-0.2941995,0.51975245,8.7279185,22.109998703,6.31457519531,-3.23000001907,-1.2822290659,124.305236816,-5.43916606903,15.0981321335,0.120163954794,97369.8364258,8.3499994278,-24.5145797729,True
130.20000000000002,0.127,0.008,-0.098,-0.1372931,0.40207265,9.40457735,22.1700000763,6.31457519531,-3.19999980927,-1.2822290659,124.305236816,-5.50867271423,15.007229805,0.111593641341,97369.8486328,8.35999965668,-24.5145797729,True
130.3,0.161,0.006,-0.11,-0.16671305,0.40207265,9.9635564,22.1299991608,6.31457519531,-3.13999986649,-1.2822290659,124.305236816,-5.57699251175,14.9263830185,0.166644096375,97372.2351074,8.38000011444,-8.27407836914,True
130.4,0.169,-1.3226185430800001e-17,-0.108,-0.0392266,0.46091255,10.7677017,21.8699989319,10.9350194931,-3.11999988556,-1.70816993713,125.285614014,-5.67548084259,14.8360433578,0.108762770891,97373.248291,8.39999961853,-8.27407836914,True
130.5,0.127,0.019,-0.093,-0.12748645,0.2745862,9.8851032,21.4899997711,10.9350194931,-3.13999986649,-1.70816993713,125.285614014,-5.8133854866,14.7160949707,0.0853325203061,97369.1589355,8.42000007629,-3.34339141846,True
130.6,0.127,0.019,-0.093,-0.12748645,0.2745862,9.8851032,21.0499992371,10.9350194931,-3.08999991417,-1.70816993713,125.285614014,-5.89979934692,14.6390266418,0.0951524525881,97369.1589355,8.4299993515,-3.34339141846,True
130.70000000000002,0.103,0.015,-0.064,-0.06864655,0.42168595,8.83579165,20.5699996948,10.9350194931,-2.99000000954,-1.70816993713,125.285614014,-6.16073465347,14.4242677689,0.283038496971,97370.0378418,8.44999980927,-0.347709655762,True
130.8,0.052,-0.009,-0.065,-0.1176798,0.57859235,9.09076455,20.0699996948,14.886677742,-2.86999988556,-2.46642923355,127.04359436,-6.28301620483,14.3306922913,0.356411606073,97370.0378418,8.47999954224,-0.347709655762,True
130.9,-0.009,-0.009,-0.078,-0.0980665,0.61781895,9.4928372,19.5599994659,14.886677742,-2.73000001907,-2.46642923355,127.04359436,-6.45768880844,14.1945161819,0.436635792255,97373.8891602,8.51999950409,10.0419998169,True
131.0,-0.034,-1.23689326714e-17,-0.101,-0.10787315,0.48052585,9.03192465,19.0100002289,14.886677742,-2.57999992371,-2.46642923355,127.04359436,-6.5746383667,14.1073608398,0.533142328262,97371.2646484,8.55999946594,10.0419998169,True
131.1,-0.034,-1.23689326714e-17,-0.101,-0.10787315,0.48052585,9.03192465,18.4200000763,14.886677742,-2.37999987602,-2.46642923355,127.04359436,-6.74616384506,13.980597496,0.572633743286,97371.2646484,8.61999988556,1.83401107788,True
131.20000000000002,0.134,-0.09,-0.09,0.2745862,0.7649187,13.6704701,17.5299987793,16.4445877075,-2.31999993324,-2.63343787193,128.878631592,-6.99039888382,13.8408174515,0.347458064556,97381.060791,8.68999958038,1.83401107788,True
131.3,-0.04,-0.065,-0.099,0.40207265,0.87279185,12.71922505,16.3899993896,16.4445877075,-2.45000004768,-2.63343787193,128.878631592,-7.29930639267,13.6805849075,-0.000573738536332,97381.060791,8.72999954224,7.36513137817,True
131.4,0.022,0.002,-0.137,0.16671305,0.9610517,10.52253545,15.279999733,16.4445877075,-2.58999991417,-2.63343787193,128.878631592,-7.45888757706,13.5891933441,-0.0937179848552,97377.2216797,8.73999977112,7.36513137817,True
131.5,-0.099,-0.028,-0.168,0.2157463,0.7649187,10.5519554,14.4099998474,16.4445877075,-2.61999988556,-2.63343787193,128.878631592,-7.64037370682,13.4878740311,-0.0646827295423,97376.348877,8.73999977112,9.78975296021,True
131.6,-0.045,-0.002,-0.173,0.08825985,0.40207265,9.7478101,13.4799995422,16.6419391632,-2.62999987602,-2.84052371979,131.753829956,-7.88435411453,13.3447933197,-0.0443680211902,97377.1240234,8.73999977112,9.78975296021,True
131.70000000000002,-0.045,-0.002,-0.173,0.08825985,0.40207265,9.7478101,12.4499998093,16.6419391632,-2.6099998951,-2.84052371979,131.753829956,-8.08283996582,13.2187480927,-0.0238474495709,97377.1240234,8.73999977112,-1.03664398193,True
131.8,-0.098,-0.014,-0.121,0.0392266,0.3138128,10.3362091,12.4499998093,16.6419391632,-2.6099998951,-2.84052371979,131.753829956,-8.15694236755,13.1702413559,0.00867326278239,97378.0700684,8.73999977112,-1.03664398193,True
131.9,-0.211,-0.033,-0.027,-0.0588399,0.44129925,10.3754357,10.279999733,16.6419391632,-2.53999996185,-2.84052371979,131.753829956,-8.44657230377,12.9785757065,0.0818316340446,97374.6520996,8.75,-5.55572509766,True
132.0,-0.148,0.001,-0.049,-0.1176798,0.6864655,7.14904785,9.34000015259,16.6419391632,-2.47000002861,-2.84052371979,131.753829956,-8.53343486786,12.9165678024,0.274311721325,97374.6520996,8.76999950409,-5.55572509766,True
132.1,-0.098,-0.039,-0.077,-0.0980665,0.65704555,8.7475318,8.73999977112,14.5454978943,-2.20000004768,-3.35626578331,133.932052612,-8.62505531311,12.8533058167,0.508170306683,97377.0629883,8.80000019073,-0.463390350342,True
132.20000000000002,-0.111,-0.021,-0.107,-0.08825985,0.73549875,8.825985,8.05999946594,14.5454978943,-1.9699999094,-3.35626578331,133.932052612,-8.7286529541,12.7851390839,0.649212479591,97376.7272949,8.85999965668,-0.463390350342,True
132.3,-0.111,-0.021,-0.107,-0.08825985,0.73549875,8.825985,7.40999984741,14.5454978943,-1.68999993801,-3.35626578331,133.932052612,-8.78792762756,12.7487487793,0.731963098049,97376.7272949,8.93999958038,-5.6266784668,True
132.4,-0.128,-0.039,-0.137,-0.02941995,0.71588545,9.7085835,6.67999982834,12.9079084396,-1.44999992847,-3.39687132835,135.592315674,-8.93867301941,12.6649522781,0.799856483936,97378.1799316,9.02999973297,-5.6266784668,True
132.5,-0.18,-0.056,-0.152,0.06864655,0.5295591,10.8265416,5.96999979019,12.9079084396,-1.28999996185,-3.39687132835,135.592315674,-9.08050441742,12.5970287323,0.72149258852,97378.515625,9.11999988556,-10.7284545898,True
132.6,-0.122,-0.048,-0.141,0.08825985,0.4118793,10.01258965,5.21000003815,12.9079084396,-1.13999998569,-3.39687132835,135.592315674,-9.1634311676,12.5586967468,0.701004564762,97379.5532227,9.21000003815,-10.7284545898,True
132.70000000000002,-0.04,-0.036,-0.122,0.0392266,0.2353596,9.36535075,4.5499997139,9.69861221313,-0.939999997616,-2.96008229256,138.317977905,-9.25969982147,12.5068101883,0.757364273071,97382.8674316,9.27999973297,-11.9400024414,True
132.8,-0.073,-0.049,-0.058,0.0980665,0.2745862,9.5712904,3.82999992371,9.69861221313,-0.680000007153,-2.96008229256,138.317977905,-9.35037136078,12.4507408142,0.824845254421,97381.1462402,9.36999988556,-11.9400024414,True
132.9,-0.073,-0.049,-0.058,0.0980665,0.2745862,9.5712904,3.13999986649,9.69861221313,-0.439999997616,-2.96008229256,138.317977905,-9.40187358856,12.4203014374,0.84511333704,97381.1462402,9.46000003815,-12.0254516602,True
133.0,-0.089,-0.049,6.0007693158200006e-18,0.12748645,0.28439285,9.7674234,2.41999983788,8.91847705841,-0.209999993443,-2.53177309036,139.149002075,-9.5291261673,12.339176178,0.852297306061,97383.605957,9.55000019073,-12.0254516602,True
133.1,0.0,-0.07,0.017,0.2157463,0.392266,10.50292215,1.78999996185,8.91847705841,-0.019999999553,-2.53177309036,139.149002075,-9.61144638062,12.2892427444,0.798822760582,97381.2683105,9.63000011444,-13.9877319336,True
133.20000000000002,-0.059,-0.067,0.054,0.2353596,0.6276256,10.89518815,1.06999993324,8.91847705841,0.119999997318,-2.53177309036,139.149002075,-9.66766738892,12.2517938614,0.746480584145,97388.5314941,9.71000003815,-13.9877319336,True
133.3,-0.076,-0.062,0.035,0.22555295,0.6864655,11.0815145,0.469999998808,8.91847705841,0.239999994636,-2.53177309036,139.149002075,-9.74226951599,12.2048854828,0.626968443394,97388.5314941,9.77999973297,-16.8975830078,True
133.4,-0.076,-0.062,0.035,0.22555295,0.6864655,11.0815145,-0.109999999404,8.29609107971,0.319999992847,-0.956203758717,138.330886841,-9.78926372528,12.1685113907,0.504630506039,97386.3830566,9.84000015259,-16.8975830078,True
133.5,-0.237,-0.066,0.02,0.3138128,0.6668522,11.40513395,-0.579999983311,8.29609107971,0.340000003576,-0.956203758717,138.330886841,-9.81056594849,12.1507415771,0.388413280249,97390.3015137,9.88999938965,-13.2167816162,True
133.6,-0.237,-0.066,0.02,0.3138128,0.6668522,11.40513395,-0.989999949932,8.29609107971,0.340000003576,-0.956203758717,138.330886841,-9.81676578522,12.1448984146,0.246402814984,97390.3015137,9.9299993515,-13.2167816162,True
133.70000000000002,-0.178,-0.041,-0.017,0.32361945,0.6864655,11.0619012,-1.12000000477,8.29609107971,0.310000002384,-0.956203758717,138.330886841,-9.80093097687,12.1599025726,0.103757984936,97391.6870117,9.94999980927,-18.2725906372,True
133.8,-0.178,-0.041,-0.017,0.32361945,0.6864655,11.0619012,-1.24000000954,4.09796094894,0.280000001192,0.307509094477,138.011489868,-9.79615306854,12.1640071869,0.0666658133268,97391.2780762,9.96000003815,-18.2725906372,True
133.9,0.061,-1.3471114790600001e-18,-0.011,0.2549729,0.38245935,10.42446895,-1.25999999046,4.09796094894,0.25,0.307509094477,138.011489868,-9.76400566101,12.191696167,-0.0170816034079,97392.980957,9.96000003815,-26.9144058228,True
134.0,-0.024,-0.026,0.014,0.2157463,0.392266,11.09132115,-1.37999999523,4.09796094894,0.219999998808,0.307509094477,138.011489868,-9.73713493347,12.2056531906,-0.0988317430019,97387.1704102,9.96000003815,-26.9144058228,True
134.1,-0.124,-0.024,0.033,0.20593965,0.40207265,10.8461549,-1.37999999523,3.66593074799,0.129999995232,0.550111234188,138.059631348,-9.7039680481,12.2162904739,-0.202753514051,97387.1704102,9.94999980927,-18.9958572388,True
134.20000000000002,-0.124,-0.024,0.033,0.20593965,0.40207265,10.8461549,-1.41999995708,3.66593074799,0.0399999991059,0.550111234188,138.059631348,-9.68815803528,12.2173929214,-0.244996845722,97389.6850586,9.9299993515,-18.9958572388,True
134.3,-0.166,-0.005,0.051,0.0784532,0.59820565,9.50264385,-1.25,3.66593074799,-0.0499999970198,0.550111234188,138.059631348,-9.60599422455,12.2576208115,-0.287471294403,97390.435791,9.89999961853,-29.9671173096,True
134.4,-0.166,-0.005,0.051,0.0784532,0.59820565,9.50264385,-1.06999993324,3.66593074799,-0.070000000298,0.550111234188,138.059631348,-9.5373916626,12.2937030792,-0.230887517333,97390.435791,9.86999988556,-29.9671173096,True
134.5,0.001,-0.033,0.009,0.1176798,0.3334261,10.2969825,-0.769999980927,0.967752218246,-0.0999999940395,0.904432833195,136.880767822,-9.46487998962,12.330575943,-0.238877370954,97389.9169922,9.84000015259,-17.2174453735,True
134.6,0.001,-0.033,0.009,0.1176798,0.3334261,10.2969825,-0.769999980927,0.967752218246,-0.0999999940395,0.904432833195,136.880767822,-9.4309797287,12.3446016312,-0.268316358328,97389.9169922,9.84000015259,-17.2174453735,True
134.70000000000002,-0.042,-0.029,0.039,0.196133,0.40207265,10.5323421,-0.280000001192,0.967752218246,-0.269999980927,0.904432833195,136.880767822,-9.3220949173,12.4011297226,-0.33094611764,97386.3098145,9.78999996185,-18.0992126465,True
134.8,-0.038,-0.026,0.032,0.1765197,0.51975245,10.36562905,0.00999999977648,0.967752218246,-0.359999984503,0.904432833195,136.880767822,-9.24308395386,12.4390687943,-0.364061266184,97389.9169922,9.75,-18.0992126465,True
134.9,-0.038,-0.026,0.032,0.1765197,0.51975245,10.36562905,0.42999997735,0.967752218246,-0.469999998808,0.904432833195,136.880767822,-9.24308395386,12.4390687943,-0.364061266184,97389.9169922,9.71000003815,-18.027305603,True
135.0,0.07,0.016,0.011,0.0392266,0.51975245,9.60071035,0.699999988079,0.902889311314,-0.519999980927,1.26728880405,135.890899658,-9.11622905731,12.4871912003,-0.349295407534,97388.5681152,9.6799993515,-18.027305603,True
135.1,-0.025,0.018,0.009,0.06864655,0.392266,9.28689755,1.04999995232,0.902889311314,-0.52999997139,1.26728880405,135.890899658,-9.01583957672,12.5189409256,-0.251309335232,97384.4421387,9.64999961853,-7.34386444092,True
135.20000000000002,-0.019,0.03,0.018,0.06864655,0.26477955,9.30651085,1.26999998093,0.902889311314,-0.52999997139,1.26728880405,135.890899658,-8.95433712006,12.5402450562,-0.17850472033,97387.5915527,9.61999988556,-7.34386444092,True
135.3,-0.078,0.019,0.028,0.1372931,0.32361945,9.16921775,1.52999997139,1.0421308279,-0.509999990463,0.806154310703,135.468612671,-8.91185188293,12.5605173111,-0.0955983027816,97383.0932617,9.60999965668,-7.59983062744,True
135.4,-0.078,0.019,0.028,0.1372931,0.32361945,9.16921775,1.52999997139,1.0421308279,-0.509999990463,0.806154310703,135.468612671,-8.87091159821,12.5800275803,-0.0403487235308,97383.0932617,9.60999965668,-7.59983062744,True
135.5,-0.188,0.011,0.06,0.20593965,0.2745862,9.4928372,2.08999991417,1.0421308279,-0.409999996424,0.806154310703,135.468612671,-8.79272842407,12.6315670013,0.0362446568906,97383.770752,9.5999994278,7.22494125366,True
135.6,-0.232,0.029,0.07,0.22555295,0.20593965,9.4732239,2.47000002861,1.0421308279,-0.379999995232,0.806154310703,135.468612671,-8.7058506012,12.7021436691,0.0745528042316,97384.1491699,9.5999994278,7.22494125366,True
135.70000000000002,-0.232,0.029,0.07,0.22555295,0.20593965,9.4732239,3.00999999046,-2.75078344345,-0.340000003576,0.298430383205,134.0184021,-8.60101318359,12.8000383377,0.0819108709693,97384.1491699,9.60999965668,5.44118881226,True
135.8,-0.093,0.001,0.093,0.2745862,0.34323275,10.09104285,3.64999985695,-2.75078344345,-0.329999983311,0.298430383205,134.0184021,-8.56443119049,12.8295021057,0.0805111974478,97381.5429688,9.60999965668,5.44118881226,True
135.9,-0.036,0.008,0.088,0.26477955,0.32361945,9.75761675,3.64999985695,-2.75078344345,-0.329999983311,0.298430383205,134.0184021,-8.4649887085,12.9250135422,0.104937925935,97382.4523926,9.60999965668,5.44118881226,True
136.0,0.086,0.025,0.076,0.20593965,0.3138128,8.46313895,4.36000013351,-2.75078344345,-0.299999982119,0.298430383205,134.0184021,-8.38675498962,13.0019817352,0.209226056933,97383.3251953,9.60999965668,-0.131988525391,True
136.1,-0.001,-0.01,0.069,0.18632635,0.392266,9.16921775,5.51999998093,-2.75078344345,-0.019999999553,0.298430383205,134.0184021,-8.26944923401,13.1050195694,0.443739920855,97382.3120117,9.63999938965,59.9894523621,True
136.20000000000002,0.02,-0.01,0.064,0.1765197,0.51975245,9.2967042,6.10999965668,-1.98397290707,0.119999997318,-0.391687184572,131.578933716,-8.1905708313,13.1846961975,0.509211480618,97382.9284668,9.67000007629,59.9894523621,True
136.3,0.107,0.018,0.019,0.08825985,0.4314926,8.6886919,6.76999998093,-1.98397290707,0.289999991655,-0.391687184572,131.578933716,-8.11726093292,13.2567396164,0.617359042168,97386.4440918,9.71999931335,52.1898269653,True
136.4,0.107,0.018,0.019,0.08825985,0.4314926,8.6886919,7.25999975204,-1.98397290707,0.52999997139,-0.391687184572,131.578933716,-8.07498550415,13.3002843857,0.727261841297,97386.4440918,9.76999950409,52.1898269653,True
136.5,0.133,-0.001,0.013,0.18632635,0.38245935,9.218251,7.78999996185,-0.119615450501,0.77999997139,-0.526971936226,130.827560425,-8.0147151947,13.3619480133,0.799727976322,97386.1022949,9.8499994278,55.3259849548,True
136.6,0.04,-0.019,2.3268289183800002e-18,0.18632635,0.34323275,9.6301303,8.22000026703,-0.119615450501,1.01999998093,-0.526971936226,130.827560425,-7.96726131439,13.4128894806,0.85049444437,97388.6291504,9.9299993515,55.3259849548,True
136.70000000000002,-0.043,-0.04,0.017,0.2745862,0.46091255,10.79712165,8.65999984741,-0.119615450501,1.26999998093,-0.526971936226,130.827560425,-7.92183589935,13.4743757248,0.858623445034,97388.0371094,10.0199995041,47.9119300842,True
136.8,-0.031,-0.038,0.017,0.4903325,0.46091255,11.7875933,9.05999946594,-0.119615450501,1.41999995708,-0.526971936226,130.827560425,-7.89012670517,13.5237627029,0.715147852898,97393.5424805,10.1099996567,47.9119300842,True
136.9,-0.04,-0.027,0.03,0.36284605,0.6472389,11.4737805,9.55999946594,0.469010293484,1.48000001907,-0.137668013573,130.491134644,-7.83741617203,13.5995473862,0.507149040699,97388.9770508,10.1799993515,46.410369873,True
137.0,-0.04,-0.027,0.03,0.36284605,0.6472389,11.4737805,9.56999969482,0.469010293484,1.48000001907,-0.137668013573,130.491134644,-7.8009557724,13.6408061981,0.428597658873,97388.9770508,10.2399997711,46.410369873,True
137.1,0.012,0.005,-0.001,0.3530394,0.4903325,10.58137535,10.6700000763,0.469010293484,1.58999991417,-0.137668013573,130.491134644,-7.7483086586,13.7055053711,0.370536595583,97393.7866211,10.2699995041,43.0268287659,True
137.20000000000002,0.115,0.006,0.002,0.26477955,0.28439285,8.8063717,10.9699993134,0.551673352718,1.7199999094,-0.130972608924,130.256759644,-7.71698522568,13.7607822418,0.434230536222,97391.8151855,10.3099994659,43.0268287659,True
137.3,0.115,0.006,0.002,0.26477955,0.28439285,8.8063717,11.3899993896,0.551673352718,1.90999996662,-0.130972608924,130.256759644,-7.70615577698,13.7764377594,0.481235235929,97391.8151855,10.3499994278,38.2527351379,True
137.4,0.174,-0.028,-0.012,0.28439285,0.28439285,10.0223963,11.6700000763,0.551673352718,2.07999992371,-0.130972608924,130.256759644,-7.68212175369,13.8183307648,0.546811163425,97392.8588867,10.3899993896,38.2527351379,True
137.5,0.213,-0.038,4.6536578367600004e-18,0.24516625,0.1176798,9.58109705,11.8699998856,3.3310213089,2.24000000954,-0.153572753072,130.25189209,-7.69581699371,13.8189144135,0.574068009853,97392.1081543,10.4499998093,29.8836708069,True
137.6,0.213,-0.038,4.6536578367600004e-18,0.24516625,0.1176798,9.58109705,11.8800001144,3.3310213089,2.46000003815,-0.153572753072,130.25189209,-7.74432992935,13.7917661667,0.656744539738,97392.1081543,10.5,29.8836708069,True
137.70000000000002,0.123,-0.054,0.061,0.392266,0.18632635,10.395049,11.8199996948,3.3310213089,2.66999983788,-0.153572753072,130.25189209,-7.78130435944,13.7734098434,0.65301823616,97392.199707,10.5699996948,35.126209259,True
137.8,0.123,-0.054,0.061,0.392266,0.18632635,10.395049,11.6899995804,3.3310213089,2.83999991417,-0.153572753072,130.25189209,-7.82846450806,13.7397956848,0.636291146278,97392.199707,10.6300001144,35.126209259,True
137.9,0.089,-0.037,0.068,0.28439285,0.50013915,9.83606995,11.5999994278,7.2874379158,3.02999997139,0.858762562275,129.241210938,-7.84247398376,13.7238054276,0.64416205883,97396.3745117,10.6899995804,34.4266891479,True
138.0,0.0,-0.034,0.024,0.4511059,0.81395195,10.2185293,11.4299993515,7.2874379158,3.22000002861,0.858762562275,129.241210938,-7.90385913849,13.6753530502,0.625579595566,97399.0905762,10.7600002289,34.4266891479,True
138.1,0.0,-0.034,0.024,0.4511059,0.81395195,10.2185293,11.3999996185,7.2874379158,3.37999987602,0.858762562275,129.241210938,-7.91444396973,13.666258812,0.61208409071,97399.0905762,10.8199996948,80.2306213379,True
138.20000000000002,-0.031,-0.017,-0.039,0.44129925,0.7060788,9.87529655,11.2899999619,7.2874379158,3.56999993324,0.858762562275,129.241210938,-7.94863891602,13.6400384903,0.623110234737,97400.012207,10.8800001144,80.2306213379,True
138.3,0.004,-0.004,-0.075,0.4511059,0.6472389,9.7478101,11.2100000381,7.2874379158,3.77999997139,0.858762562275,129.241210938,-8.00416851044,13.6086206436,0.651578485966,97401.2878418,10.9499998093,72.5708007812,True
138.4,0.102,-0.049,-0.106,0.55897905,0.53936575,10.52253545,10.9499998093,8.23356533051,3.95999979973,1.28384029865,129.796051025,-8.0705499649,13.5637931824,0.604638278484,97403.3935547,11.0100002289,72.5708007812,True
138.5,0.102,-0.049,-0.106,0.55897905,0.53936575,10.52253545,10.6300001144,8.23356533051,4.11999988556,1.28384029865,129.796051025,-8.12630081177,13.5235967636,0.588765144348,97403.3935547,11.0699996948,80.0651550293,True
138.6,0.006,-0.051,-0.073,0.53936575,0.2745862,10.22833595,10.25,8.23356533051,4.2999997139,1.28384029865,129.796051025,-8.21165943146,13.4533805847,0.595300972462,97404.9194336,11.1300001144,80.0651550293,True
138.70000000000002,0.006,-0.051,-0.073,0.53936575,0.2745862,10.22833595,9.8499994278,9.2349729538,4.46999979019,1.85488772392,131.560760498,-8.30741596222,13.368065834,0.550069332123,97404.9194336,11.1899995804,82.5746536255,True
138.8,-0.012,-0.059,-0.019,0.588399,0.44129925,10.6696352,9.36999988556,9.2349729538,4.59999990463,1.85488772392,131.560760498,-8.36663627625,13.3091878891,0.495837211609,97401.6906738,11.2399997711,82.5746536255,True
138.9,-0.012,-0.059,-0.019,0.588399,0.44129925,10.6696352,8.88999938965,9.2349729538,4.59999990463,1.85488772392,131.560760498,-8.40897369385,13.265794754,0.462819367647,97401.6906738,11.2399997711,82.5746536255,True
139.0,-0.031,-0.072,-0.005,0.6276256,0.4903325,10.81673495,8.88999938965,9.2349729538,4.71000003815,1.85488772392,131.560760498,-8.47726535797,13.1920890808,0.39776340127,97406.4453125,11.3299999237,84.3159637451,True
139.1,-0.042,-0.064,-0.011,0.67665885,0.5491724,10.983448,7.96000003815,9.34506893158,4.85999965668,3.20814466476,132.126205444,-8.54989242554,13.0995750427,0.249172508717,97410.7727051,11.3599996567,86.2557373047,True
139.20000000000002,-0.019,-0.103,-0.004,0.8433719,0.588399,12.81729155,7.3799996376,9.34506893158,4.78999996185,3.20814466476,132.126205444,-8.62048149109,12.9885864258,0.0301595684141,97406.1523438,11.3699998856,86.2557373047,True
139.3,0.033,-0.059,7.225416114970001e-18,0.71588545,0.6472389,10.9246081,6.98000001907,9.34506893158,4.76999998093,3.20814466476,132.126205444,-8.66057491302,12.9031591415,-0.064449839294,97403.112793,11.3699998856,97.6100921631,True
139.4,0.134,-0.09,-0.046,0.784532,0.7649187,12.1406327,6.5,9.79955005646,4.73000001907,4.22664165497,132.345870972,-8.7197637558,12.781162262,-0.251052439213,97408.013916,11.3699998856,97.6100921631,True
139.5,0.134,-0.09,-0.046,0.784532,0.7649187,12.1406327,5.90999984741,9.79955005646,4.57999992371,4.22664165497,132.345870972,-8.77061080933,12.6630573273,-0.428835064173,97406.9519043,11.3299999237,103.588775635,True
139.6,0.19,-0.056,-0.038,0.7649187,0.87279185,11.1207411,5.90999984741,9.79955005646,4.57999992371,4.22664165497,132.345870972,-8.78949165344,12.6191749573,-0.467658311129,97407.6721191,11.3299999237,103.588775635,True
139.70000000000002,0.083,-0.022,-0.078,0.73549875,0.784532,9.87529655,4.82999992371,9.79955005646,4.33999967575,4.22664165497,132.345870972,-8.86149120331,12.4508695602,-0.459293246269,97408.0078125,11.2299995422,112.538238525,True
139.8,0.016,0.004,-0.081,0.7060788,0.75511205,9.022118,4.17000007629,13.7299346924,4.2999997139,5.0742521286,133.775161743,-8.9166021347,12.3496284485,-0.374356627464,97404.9133301,11.1799993515,112.538238525,True
139.9,-0.103,0.012,-0.081,0.67665885,0.8237586,8.825985,3.57999992371,13.7299346924,4.30999994278,5.0742521286,133.775161743,-8.95579624176,12.2768135071,-0.273294001818,97402.6855469,11.1300001144,121.403793335,True
140.0,-0.103,0.012,-0.081,0.67665885,0.8237586,8.825985,3.0,13.7299346924,4.34999990463,5.0742521286,133.775161743,-9.01103591919,12.1694841385,-0.201500535011,97402.6855469,11.1099996567,121.403793335,True
140.1,-0.171,0.001,-0.084,0.79433865,0.85317855,9.87529655,3.0,13.7299346924,4.34999990463,5.0742521286,133.775161743,-9.02942085266,12.1334400177,-0.188214719296,97405.9265137,11.1099996567,121.403793335,True
140.20000000000002,-0.208,0.012,-0.09,0.7649187,0.9610517,9.89490985,1.88999998569,11.4744749069,4.36000013351,4.46341753006,135.318603516,-9.07830619812,12.0134220123,-0.167571902275,97402.0263672,11.0699996948,135.536865234,True
140.3,-0.349,-0.012,-0.109,0.784532,0.5295591,11.3953273,1.48000001907,11.4744749069,4.33999967575,4.46341753006,135.318603516,-9.09750270844,11.9544944763,-0.228382408619,97405.847168,11.0500001907,131.808288574,True
140.4,-0.171,-0.01,-0.08,0.6276256,0.36284605,10.73828175,0.939999997616,11.4744749069,4.23000001907,4.46341753006,135.318603516,-9.12182617188,11.8741722107,-0.345513671637,97405.7861328,11.029999733,131.808288574,True
140.5,-0.171,-0.01,-0.08,0.6276256,0.36284605,10.73828175,0.939999997616,11.4744749069,4.23000001907,4.46341753006,135.318603516,-9.1260843277,11.830786705,-0.390330553055,97405.7861328,11.029999733,131.808288574,True
140.6,-0.03,-0.024,-0.011,0.63743225,0.4511059,10.16949605,0.149999991059,6.56315851212,4.0499997139,4.25605392456,137.225280762,-9.12018299103,11.7329273224,-0.453133761883,97399.420166,10.9600000381,148.336410522,True
140.70000000000002,-0.082,-0.044,0.016,0.588399,0.5295591,10.591182,-0.0799999982119,6.56315851212,3.97000002861,4.25605392456,137.225280762,-9.10800361633,11.689166069,-0.475787580013,97399.7192383,10.9099998474,154.826538086,True
140.8,-0.082,-0.044,0.016,0.588399,0.5295591,10.591182,-0.34999999404,6.56315851212,3.84999990463,4.25605392456,137.225280762,-9.08683872223,11.6367549896,-0.54099214077,97399.7192383,10.8599996567,154.826538086,True
140.9,0.02,-0.043,0.051,0.71588545,0.5099458,11.0619012,-0.569999992847,6.56315851212,3.67999982834,4.25605392456,137.225280762,-9.06620788574,11.5783119202,-0.621453344822,97399.6276855,10.8000001907,161.88973999,True
141.0,0.02,-0.043,0.051,0.71588545,0.5099458,11.0619012,-0.789999961853,5.70471715927,3.49000000954,5.0313782692,136.795791626,-9.01592922211,11.5307483673,-0.748651206493,97394.0856934,10.7299995422,161.88973999,True
141.1,-0.022,-0.005,0.054,0.75511205,0.8237586,10.42446895,-0.829999983311,5.70471715927,3.25999999046,5.0313782692,136.795791626,-8.98059749603,11.5054578781,-0.818085968494,97399.3652344,10.6499996185,166.231445312,True
141.20000000000002,-0.022,-0.005,0.054,0.75511205,0.8237586,10.42446895,-0.899999976158,5.70471715927,3.05999994278,5.0313782692,136.795791626,-8.95550441742,11.488615036,-0.823529779911,97399.3652344,10.5599994659,166.231445312,True
141.3,-0.016,0.029,-3.5514757175300004e-18,0.63743225,0.85317855,8.825985,-0.8599999547,5.70471715927,2.96000003815,5.0313782692,136.795791626,-8.88463687897,11.4834346771,-0.656134784222,97394.1833496,10.4799995422,181.241790771,True
141.4,-0.107,0.042,-0.03,0.57859235,0.85317855,8.2964259,-0.8599999547,5.77547168732,2.96000003815,4.96022844315,135.822387695,-8.85517692566,11.4855308533,-0.571104764938,97394.9829102,10.4799995422,181.241790771,True
141.5,-0.102,0.035,-0.08,0.588399,0.73549875,10.24794925,-0.729999959469,5.77547168732,2.79999995232,4.96022844315,135.822387695,-8.77660083771,11.4771614075,-0.608048021793,97392.2424316,10.3499994278,197.054000854,True
141.6,0.193,0.013,-0.089,0.73549875,0.5295591,10.91480145,-0.689999997616,5.77547168732,2.63999986649,4.96022844315,135.822387695,-8.73079204559,11.4597063065,-0.68047940731,97392.2424316,10.2899999619,197.054000854,True
141.70000000000002,0.365,-1.1511679912e-17,-0.094,0.89240515,0.4511059,11.8072066,-0.740000009537,6.2307882309,2.41999983788,4.15766191483,137.204391479,-8.72292137146,11.4242715836,-0.802150011063,97386.114502,10.2199993134,197.591400146,True
141.8,0.357,0.005,-0.015,0.8629852,0.24516625,11.9837263,-1.19999992847,6.2307882309,2.14999985695,4.15766191483,137.204391479,-8.76547908783,11.3366003036,-0.96917039156,97389.2150879,10.1399993896,197.591400146,True
141.9,0.14,-0.022,0.103,0.8629852,0.30400615,12.15043935,-1.93999993801,6.2307882309,1.78999996185,4.15766191483,137.204391479,-8.83426761627,11.218003273,-1.15342366695,97385.5163574,10.0399999619,204.930587769,True
142.0,0.177,-0.051,0.135,1.0983448,0.4314926,11.76798,-2.78999996185,6.2307882309,1.37999999523,4.15766191483,137.204391479,-8.91505336761,11.099489212,-1.36656761169,97389.2944336,9.90999984741,204.930587769,True
142.1,0.177,-0.051,0.135,1.0983448,0.4314926,11.76798,-3.73000001907,6.2307882309,0.899999976158,4.15766191483,137.204391479,-8.99141311646,11.0011577606,-1.50190353394,97389.2944336,9.76000022888,211.125564575,True
142.20000000000002,-0.044,0.016,0.201,1.0198916,0.6472389,10.9442214,-4.80999994278,12.9765272141,0.42999997735,4.86218070984,135.419418335,-9.12581539154,10.8432893753,-1.63254117966,97380.3161621,9.59000015259,211.125564575,True
142.3,-0.336,0.076,0.238,0.77472535,0.7453054,9.1397978,-5.73000001907,12.9765272141,-0.0399999991059,4.86218070984,135.419418335,-9.18708229065,10.7551298141,-1.63010668755,97378.4057617,9.40999984741,320.742034912,True
142.4,-0.383,0.114,0.205,0.67665885,1.0002783,7.9826131,-6.40999984741,12.9765272141,-0.409999996424,4.86218070984,135.419418335,-9.20431900024,10.7210855484,-1.52751898766,97377.6794434,9.22999954224,320.742034912,True
142.5,-0.509,0.193,0.126,0.57859235,1.3140911,7.30595425,-6.60999965668,8.06662273407,-0.689999997616,4.15983438492,131.210861206,-9.18388748169,10.7225093842,-1.32036793232,97374.1699219,9.05999946594,311.739929199,True
142.6,-0.509,0.193,0.126,0.57859235,1.3140911,7.30595425,-6.50999975204,8.06662273407,-0.849999964237,4.15983438492,131.210861206,-9.14426326752,10.7514266968,-1.15690052509,97374.1699219,8.90999984741,311.739929199,True
142.70000000000002,-0.429,0.189,-0.099,0.51975245,0.6472389,8.30623255,-6.17000007629,8.06662273407,-0.959999978542,4.15983438492,131.210861206,-9.03200912476,10.8540506363,-0.821881115437,97376.8981934,8.80000019073,323.817443848,True
142.8,-0.157,0.162,-0.111,0.53936575,0.4118793,8.3552658,-6.01999998093,8.06662273407,-1.04999995232,4.15983438492,131.210861206,-8.9747133255,10.9411268234,-0.607258081436,97373.0163574,8.71000003815,323.817443848,True
142.9,-0.006,0.109,-0.055,0.5099458,0.3530394,8.3552658,-5.92999982834,-0.00916408654302,-1.09000003338,0.322162955999,131.064880371,-8.9399356842,11.0131101608,-0.471313714981,97369.2687988,8.64999961853,319.581237793,True
143.0,-0.006,0.109,-0.055,0.5099458,0.3530394,8.3552658,-5.75999975204,-0.00916408654302,-1.07999992371,0.322162955999,131.064880371,-8.91529083252,11.0888719559,-0.324782758951,97369.2687988,8.60999965668,319.581237793,True
143.1,0.054,0.094,0.022,0.6080123,0.7453054,8.2179727,-5.75999975204,-0.00916408654302,-1.07999992371,0.322162955999,131.064880371,-8.87687110901,11.1831970215,-0.175414726138,97367.0776367,8.60999965668,319.581237793,True
143.20000000000002,-0.048,0.097,-0.004,0.5295591,0.69627215,7.63938035,-5.40000009537,0.228134185076,-1.02999997139,-1.81954872608,131.591217041,-8.83231067657,11.3195390701,0.0831456333399,97365.4968262,8.57999992371,384.521972656,True
143.3,-0.158,0.026,-0.001,0.5295591,0.196133,9.22805765,-5.2999997139,0.228134185076,-0.769999980927,-1.81954872608,131.591217041,-8.80938053131,11.4579801559,0.285578131676,97366.5161133,8.59000015259,370.526794434,True
143.4,-0.158,0.026,-0.001,0.5295591,0.196133,9.22805765,-6.31999969482,0.228134185076,-0.680000007153,-1.81954872608,131.591217041,-8.79940319061,11.5920886993,0.368913412094,97366.5161133,8.60999965668,370.526794434,True
143.5,-0.242,-0.033,0.121,0.6080123,0.40207265,9.9831697,-6.1299996376,0.228134185076,-0.589999973774,-1.81954872608,131.591217041,-8.76996421814,11.7281160355,0.398438692093,97366.9250488,8.63999938965,356.279266357,True
143.6,-0.242,-0.033,0.121,0.6080123,0.40207265,9.9831697,-6.1299996376,-3.34302926064,-0.589999973774,-2.58750796318,130.790603638,-8.73941993713,11.8224439621,0.390679568052,97366.9250488,8.63999938965,356.279266357,True
143.70000000000002,-0.328,-0.056,0.138,0.7649187,0.55897905,11.4345539,-6.50999975204,-3.34302926064,-0.569999992847,-2.58750796318,130.790603638,-8.62608242035,12.0920991898,0.224106609821,97367.0349121,8.68999958038,341.872894287,True
143.8,-0.286,-0.046,0.136,0.7060788,0.55897905,11.81701325,-5.7999997139,-3.34302926064,-0.659999966621,-2.58750796318,130.790603638,-8.50638866425,12.3104562759,0.0816095247865,97368.5852051,8.69999980927,341.872894287,True
143.9,-0.286,-0.046,0.136,0.7060788,0.55897905,11.81701325,-5.65000009537,-8.79719734192,-0.799999952316,-1.98176121712,128.015777588,-8.41514396667,12.4512205124,-0.0101029621437,97368.5852051,8.68999958038,328.628356934,True
144.0,0.16,-0.034,0.063,0.6472389,0.46091255,10.7480884,-4.67000007629,-8.79719734192,-0.949999988079,-1.98176121712,128.015777588,-8.19596862793,12.7683391571,-0.148663014174,97368.6706543,8.65999984741,328.628356934,True
144.1,0.231,-0.028,0.063,0.6472389,0.5099458,10.4931155,-6.92999982834,-8.79719734192,-1.11000001431,-1.98176121712,128.015777588,-8.03092670441,13.0131320953,-0.198122888803,97366.4672852,8.61999988556,302.885162354,True
144.20000000000002,0.231,-0.028,0.063,0.6472389,0.5099458,10.4931155,-6.33999967575,-8.79719734192,-1.23000001907,-1.98176121712,128.015777588,-7.964179039,13.118060112,-0.212234079838,97366.4672852,8.59000015259,301.885131836,True
144.3,-0.043,-0.024,0.117,0.4707192,0.44129925,9.22805765,-5.82999992371,-6.20723056793,-1.35000002384,-1.67241036892,126.195503235,-7.82886695862,13.3062791824,-0.180241212249,97367.0654297,8.53999996185,287.062744141,True
144.4,-0.08,-0.056,0.138,0.61781895,0.2353596,11.15016105,-8.13999938965,-6.20723056793,-1.39999997616,-1.67241036892,126.195503235,-7.69284343719,13.4884405136,-0.167963042855,97367.7429199,8.51000022888,287.062744141,True
144.5,0.067,-0.113,0.11,0.79433865,-0.00980665,13.09187775,-7.67999982834,-6.20723056793,-1.56999993324,-1.67241036892,126.195503235,-7.57584047318,13.6658792496,-0.420283406973,97367.3278809,8.47000026703,272.119628906,True
144.6,-0.031,-0.057,0.203,0.6080123,0.3138128,12.05237285,-11.8199996948,-6.20723056793,-1.90999996662,-1.67241036892,126.195503235,-7.47589445114,13.8032398224,-0.603329837322,97367.3278809,8.42000007629,272.119628906,True
144.70000000000002,-0.19,-0.027,0.245,0.42168595,0.53936575,10.81673495,-11.6099996567,-6.44473075867,-2.22000002861,-0.899314343929,122.969329834,-7.33238935471,13.9500102997,-0.704929769039,97366.1621094,8.34000015259,278.166870117,True
144.8,-0.19,-0.027,0.245,0.42168595,0.53936575,10.81673495,-11.2199993134,-6.44473075867,-2.47000002861,-0.899314343929,122.969329834,-7.0919880867,14.1755485535,-0.871500134468,97366.1621094,8.26000022888,278.166870117,True
