t,p,q,r,ax,ay,az,roll_k,roll,pitch_k,pitch,yaw,vn,ve,vd,basinc,alt_hata,hiz_hata,ariza
0.1,0.163,0.031,-0.06,-0.46091255,0.5295591,9.3163175,8.34000015259,-1.79533481598,-4.17999982834,-1.39109289646,-67.6934051514,3.44843792915,-15.518614769,0.0924841091037,98292.8100586,-0.070000000298,-363.144287109,False
0.2,0.368,0.03,-0.083,-0.24516625,-0.02941995,8.1199062,3.46000003815,-1.7327709198,-2.3599998951,-2.648686409,-68.5422286987,3.4316906929,-15.5224380493,0.273504495621,98289.9719238,-0.0899999961257,-372.702972412,False
0.30000000000000004,0.352,0.029,-0.052,-0.42168595,9.15137809004e-16,7.4726673,12.1700000763,-1.7327709198,-3.11999988556,-2.648686409,-68.5422286987,3.46189403534,-15.5135622025,0.463677227497,98293.2800293,-0.0799999982119,-372.702972412,False
0.4,0.357,-0.05,0.016,-0.5687857,0.1372931,10.395049,19.1299991608,-1.7327709198,-4.56999969482,-2.648686409,-68.5422286987,3.5214574337,-15.5037345886,0.464514821768,98293.5913086,-0.0599999986589,-274.053009033,False
0.5,0.447,-0.014,0.012,-0.4903325,0.04903325,9.50264385,19.0599994659,-1.7327709198,-6.06999969482,-2.648686409,-68.5422286987,3.57752084732,-15.4897241592,0.519695281982,98292.3828125,-0.0299999993294,-274.053009033,False
0.6000000000000001,0.188,-0.025,0.019,-0.48052585,0.2353596,9.6497436,19.9899997711,-1.7327709198,-7.5499997139,-2.648686409,-68.5422286987,3.71387338638,-15.4317522049,0.612908422947,98293.3288574,0.0,-267.73223877,False
0.7000000000000001,0.458,0.024,-0.007,-0.6276256,0.36284605,9.75761675,22.7600002289,9.45710659027,-9.01000022888,-2.8312895298,-68.2098617554,3.80506849289,-15.381685257,0.68817025423,98297.3327637,0.0399999991059,-267.73223877,False
0.8,0.501,0.04,-0.031,-0.87279185,0.32361945,9.26728425,29.4599990845,9.45710659027,-10.5100002289,-2.8312895298,-68.2098617554,4.01854705811,-15.2776613235,0.764895498753,98296.3806152,0.0999999940395,-269.767181396,False
0.9,0.484,0.037,-0.024,-0.9610517,0.26477955,8.9044382,31.5999984741,9.45710659027,-12.0599994659,-2.8312895298,-68.2098617554,4.13464784622,-15.2069301605,0.833295941353,98296.4294434,0.159999996424,-269.767181396,False
1.0,0.461,0.072,-0.047,-1.08853815,0.04903325,8.46313895,33.3800010681,9.45710659027,-13.5900001526,-2.8312895298,-68.2098617554,4.3856549263,-15.0520038605,1.07499706745,98294.4335938,0.219999998808,-259.166534424,False
1.1,0.546,0.079,-0.04,-1.10815145,0.392266,7.79628675,32.8600006104,19.3264331818,-14.9799995422,-4.16769075394,-67.9533233643,4.59055709839,-14.9122638702,1.33785104752,98294.5617676,0.319999992847,-259.166534424,False
1.2000000000000002,0.48,0.085,-0.076,-1.2552512,0.2157463,7.9041599,31.8299999237,19.3264331818,-16.3500003815,-4.16769075394,-67.9533233643,4.85535478592,-14.7460479736,1.56480336189,98294.1162109,0.439999997616,-244.060897827,False
1.3,0.455,0.1,-0.107,-1.34351105,0.14709975,7.58054045,30.6700000763,19.3264331818,-17.6800003052,-4.16769075394,-67.9533233643,5.06635141373,-14.6048297882,1.79903364182,98298.3093262,0.579999983311,-244.060897827,False
1.4000000000000001,0.324,0.085,-0.112,-1.4513842,0.42168595,8.12971285,29.3699989319,28.0122623444,-18.8999996185,-6.30243635178,-67.3791809082,5.46388339996,-14.3409738541,2.20531797409,98297.7233887,0.75,-226.38092041,False
1.5,0.275,0.092,-0.11,-1.53964405,0.5491724,7.84532,28.0599994659,28.0122623444,-20.0599994659,-6.30243635178,-67.3791809082,5.76597929001,-14.1424398422,2.52919721603,98303.0822754,0.949999988079,-226.38092041,False
1.6,0.125,0.095,-0.135,-1.53964405,0.00980665,7.05098135,26.5999984741,28.0122623444,-21.0599994659,-6.30243635178,-67.3791809082,6.06210565567,-13.938044548,2.83526420593,98302.557373,1.17999994755,-200.951385498,False
1.7000000000000002,0.0,0.07,-0.099,-1.79461695,0.7649187,7.12943455,25.109998703,28.0122623444,-21.2600002289,-6.30243635178,-67.3791809082,6.27990674973,-13.7848386765,3.10562133789,98307.1960449,1.43999993801,-200.951385498,False
1.8,-0.257,0.056,-0.078,-1.765197,1.4317709,7.69822025,23.6700000763,31.6179676056,-21.5699996948,-9.16505622864,-66.073059082,6.59396982193,-13.569226265,3.46946835518,98308.984375,1.74000000954,-182.612792969,False
1.9000000000000001,-0.139,0.112,-0.161,-1.7259704,1.4121576,7.256921,22.359998703,31.6179676056,-21.6599998474,-9.16505622864,-66.073059082,6.71970081329,-13.4735641479,3.67269492149,98312.6098633,2.06999993324,-182.612792969,False
2.0,0.158,0.145,-0.213,-1.79461695,1.59848395,4.0403398,21.2999992371,31.6179676056,-21.5599994659,-9.16505622864,-66.073059082,6.80390739441,-13.3181686401,4.30696344376,98314.8986816,2.42999982834,-172.87979126,False
2.1,-0.054,0.147,-0.299,-1.95152335,0.9414384,4.1972462,20.7700004578,31.6179676056,-21.8199996948,-9.16505622864,-66.073059082,6.93887519836,-13.1711912155,4.75306987762,98322.7172852,2.84999990463,-172.87979126,False
2.2,-0.376,0.083,-0.358,-1.89268345,0.5295591,9.4339973,19.3999996185,29.0490684509,-22.2999992371,-13.9143190384,-63.137676239,7.24037599564,-13.0343103409,4.88214445114,98327.1179199,3.30999994278,-152.813720703,False
2.3000000000000003,-0.209,0.102,-0.377,-1.9417167,1.26505785,9.09076455,18.0399990082,29.0490684509,-22.5799999237,-13.9143190384,-63.137676239,7.45078229904,-12.9436311722,4.97729825974,98336.2854004,3.78999996185,-152.813720703,False
2.4000000000000004,-0.239,0.108,-0.394,-1.97113665,0.10787315,7.453054,16.6599998474,29.0490684509,-23.0,-13.9143190384,-63.137676239,7.77103376389,-12.7850761414,5.33487892151,98340.9118652,4.27999973297,-148.940460205,False
2.5,-0.134,0.083,-0.362,-1.95152335,0.81395195,7.85512665,15.6300001144,29.0490684509,-23.1299991608,-13.9143190384,-63.137676239,7.91228437424,-12.7294816971,5.45856046677,98344.6533203,4.7999997139,-148.940460205,False
2.6,-0.146,0.074,-0.315,-2.0201699,0.9610517,8.54159215,14.4399995804,21.8409938812,-23.4200000763,-19.4266777039,-55.9307594299,8.19285106659,-12.6417131424,5.65613222122,98352.7160645,5.33999967575,-143.141357422,False
2.7,-0.133,0.051,-0.313,-2.06920315,0.1372931,9.0809579,14.4099998474,21.8409938812,-23.5100002289,-19.4266777039,-55.9307594299,8.30232334137,-12.6086368561,5.70504045486,98356.9030762,5.33999967575,-143.141357422,False
2.8000000000000003,-0.048,0.061,-0.307,-2.157463,0.14709975,7.99241975,12.4799995422,21.8409938812,-23.7399997711,-19.4266777039,-55.9307594299,8.6137046814,-12.5068893433,6.00777101517,98368.0786133,6.46999979019,-153.842346191,False
2.9000000000000004,-0.015,0.036,-0.299,-2.22610955,0.67665885,7.9433865,11.6099996567,21.8409938812,-23.8099994659,-19.4266777039,-55.9307594299,8.79484558105,-12.4288520813,6.25042152405,98377.0935059,7.05999994278,-153.842346191,False
3.0,0.042,0.028,-0.259,-2.2947561,0.24516625,6.668522,10.7399997711,17.522441864,-23.8400001526,-23.0546226501,-48.8576011658,8.92486095428,-12.3399591446,6.60146617889,98382.1716309,7.67999982834,-118.106651306,False
3.1,-0.013,0.022,-0.191,-2.30456275,-0.42168595,7.03136805,9.90999984741,17.522441864,-23.7899990082,-23.0546226501,-48.8576011658,9.11877727509,-12.2390012741,6.85339403152,98391.7175293,8.32999992371,-118.106651306,False
3.2,0.087,-0.015,-0.098,-2.2947561,-0.6080123,8.71811185,8.90999984741,17.522441864,-23.3899993896,-23.0546226501,-48.8576011658,9.42751979828,-12.1175394058,7.01321220398,98399.1455078,9.01999950409,-120.285987854,False
3.3000000000000003,0.236,-3.4290110376100003e-18,-0.028,-2.2947561,0.30400615,9.2574776,7.73000001907,18.0686531067,-22.9699993134,-23.9250831604,-46.0658836365,9.6345615387,-12.0277843475,7.13375711441,98412.4450684,9.72999954224,-120.285987854,False
3.4000000000000004,0.099,-0.037,0.042,-2.353596,0.2157463,7.85512665,6.53999996185,18.0686531067,-22.4499988556,-23.9250831604,-46.0658836365,9.859375,-11.9142045975,7.34165143967,98415.7470703,10.4600000381,-125.597953796,False
3.5,-0.069,-0.065,0.09,-2.3339827,-0.1569064,9.414384,5.13999986649,18.0686531067,-21.8999996185,-23.9250831604,-46.0658836365,10.150478363,-11.7972202301,7.42139625549,98428.692627,11.1999998093,-125.597953796,False
3.6,-0.187,-0.086,0.099,-2.353596,0.40207265,10.89518815,3.8599998951,18.0686531067,-21.4499988556,-23.9250831604,-46.0658836365,10.4597187042,-11.7207698822,7.3708782196,98434.8937988,11.9600000381,-134.581939697,False
3.7,-0.333,-0.07,0.067,-2.42224255,1.1964113,11.83662655,2.71000003815,18.0686531067,-21.0200004578,-23.9250831604,-46.0658836365,10.7495040894,-11.6930217743,7.21750736237,98445.8984375,12.7199993134,-134.581939697,False
3.8000000000000003,-0.233,-0.051,-0.036,-2.46146915,0.40207265,11.05209455,1.66999995708,14.8661222458,-20.7199993134,-21.7454357147,-47.2281837463,11.0006761551,-11.667424202,7.10080385208,98452.0629883,13.4600000381,-149.576385498,False
3.9000000000000004,-0.418,-0.038,-0.103,-2.40262925,1.20621795,10.7677017,0.889999985695,14.8661222458,-20.359998703,-21.7454357147,-47.2281837463,11.1939487457,-11.6851577759,6.97248029709,98461.0656738,14.1899995804,-149.576385498,False
4.0,-0.344,-0.057,-0.121,-2.4712758,0.75511205,10.7088618,0.359999984503,14.8661222458,-20.0499992371,-21.7454357147,-47.2281837463,11.3478765488,-11.6932992935,6.90745973587,98474.0844727,14.8899993896,-179.08782959,False
4.1000000000000005,-0.29,-0.016,-0.196,-2.63798885,-0.22555295,9.65955025,-0.129999995232,14.8661222458,-19.6700000763,-21.7454357147,-47.2281837463,11.3731946945,-11.6896934509,6.91278123856,98481.2072754,14.8899993896,-179.08782959,False
4.2,-0.186,-0.073,-0.144,-2.44185585,0.6472389,10.48330885,-0.52999997139,6.22440719604,-19.2700004578,-21.1584873199,-43.6625099182,11.5863742828,-11.7317714691,6.80915927887,98488.8000488,16.2799987793,-197.695159912,False
4.3,-0.167,-0.107,-0.059,-2.53992235,0.9414384,10.22833595,-0.699999988079,6.22440719604,-18.8899993896,-21.1584873199,-43.6625099182,11.6437854767,-11.7591228485,6.75373220444,98498.046875,16.9699993134,-197.695159912,False
4.4,-0.049,-0.089,-0.044,-2.6085689,0.2941995,10.67944185,-0.849999964237,6.22440719604,-18.5200004578,-21.1584873199,-43.6625099182,11.7697019577,-11.818192482,6.6083073616,98508.215332,17.6599998474,-212.732513428,False
4.5,-0.075,-0.089,-0.017,-2.63798885,0.2157463,11.60126695,-1.00999999046,6.22440719604,-18.2099990845,-21.1584873199,-43.6625099182,11.8686819077,-11.8843412399,6.41967344284,98510.7421875,18.3299999237,-212.732513428,False
4.6000000000000005,-0.046,-0.085,-0.026,-2.59876225,0.2745862,11.8268199,-1.07999992371,3.47424221039,-17.9499988556,-19.2285766602,-42.1564979553,11.9482879639,-11.9563503265,6.21619319916,98525.0183105,18.9899997711,-233.290679932,False
4.7,0.136,-0.096,-0.019,-2.55953565,0.51975245,11.6503002,-1.12999999523,3.47424221039,-17.7099990845,-19.2285766602,-42.1564979553,12.0436191559,-12.0139331818,6.01689529419,98530.7250977,19.6299991608,-233.290679932,False
4.800000000000001,0.132,-0.081,-0.016,-2.5693423,0.48052585,11.9444997,-1.26999998093,3.47424221039,-17.5299987793,-19.2285766602,-42.1564979553,12.1419811249,-12.0461645126,5.80397510529,98537.4450684,20.25,-259.078399658,False
4.9,0.116,-0.097,-0.018,-2.61837555,0.2745862,12.9643913,-1.66999995708,4.8001999855,-17.4400005341,-17.8734970093,-41.5819549561,12.2607078552,-12.025138855,5.59500360489,98546.9360352,20.8500003815,-259.078399658,False
5.0,-0.322,-0.06,0.092,-2.34378935,-0.6276256,9.50264385,-2.07999992371,4.8001999855,-17.2299995422,-17.8734970093,-41.5819549561,12.2875289917,-12.0015306473,5.67943668365,98549.6520996,21.4200000763,-278.025634766,False
5.1000000000000005,-0.044,-0.02,0.173,-2.38301595,-0.3334261,8.67888525,-2.12999987602,4.8001999855,-16.8699989319,-17.8734970093,-41.5819549561,12.2773532867,-11.9944925308,5.76958990097,98559.7351074,22.0,-278.025634766,False
5.2,0.192,-0.009,0.155,-2.48108245,0.4903325,7.4726673,-2.12999987602,4.8001999855,-16.5200004578,-17.8734970093,-41.5819549561,12.2465848923,-11.9632253647,5.93891143799,98564.3859863,22.5900001526,-282.845703125,False
5.300000000000001,0.027,-0.063,0.13,-2.5105024,-0.0784532,11.0030613,-2.12999987602,4.69063806534,-16.0200004578,-16.813791275,-44.7938842773,12.2552318573,-11.9753732681,5.89598655701,98573.6328125,23.1999988556,-282.845703125,False
5.4,0.015,-0.047,0.125,-2.5693423,0.784532,11.3561007,-2.00999999046,4.69063806534,-15.75,-16.813791275,-44.7938842773,12.2466192245,-12.0240211487,5.7564406395,98583.9660645,23.8199996948,-281.663879395,False
5.5,-0.303,-0.037,0.005,-2.40262925,0.71588545,9.18883105,-1.84999990463,4.69063806534,-15.0399999619,-16.813791275,-44.7938842773,12.1846494675,-12.0272626877,5.87047481537,98588.2263184,24.4300003052,-281.663879395,False
5.6000000000000005,-0.267,-0.035,-0.042,-2.63798885,0.9610517,10.3558224,-1.4699999094,4.69063806534,-12.529999733,-16.813791275,-44.7938842773,12.1118621826,-12.0754985809,5.88850927353,98599.206543,25.0399990082,-288.034637451,False
5.7,-0.354,-0.063,-0.069,-2.4320492,0.10787315,10.79712165,-1.14999997616,0.669749975204,-10.1999998093,-16.0732250214,-45.1414756775,12.0537881851,-12.1479682922,5.79202842712,98604.8522949,25.6700000763,-288.034637451,False
5.800000000000001,-0.079,-0.101,-0.074,-2.36340265,0.5687857,11.3168741,-0.599999964237,0.669749975204,-7.92999982834,-16.0732250214,-45.1414756775,11.9825391769,-12.2926464081,5.51489639282,98610.8337402,26.2899990082,-275.501647949,False
5.9,-0.123,-0.123,-0.081,-2.2947561,0.0784532,13.8077632,0.0599999986589,0.669749975204,-5.86999988556,-16.0732250214,-45.1414756775,11.9634160995,-12.4042243958,5.20428657532,98618.0664062,26.8999996185,-275.501647949,False
6.0,0.147,-0.136,-0.061,-2.1770763,0.63743225,12.0229529,0.769999980927,0.669749975204,-3.92999982834,-16.0732250214,-45.1414756775,11.8661317825,-12.5359506607,4.98833942413,98624.041748,27.4599990845,-288.29309082,False
6.1000000000000005,0.23,-0.123,-0.059,-2.12804305,0.26477955,11.95430635,1.44999992847,-1.9849344492,-2.00999999046,-12.9288272858,-43.4949836731,11.8096284866,-12.6451263428,4.76152944565,98631.9885254,28.0,-288.29309082,False
6.2,0.473,-0.295,-0.053,-1.46119085,0.26477955,18.36785545,1.88999998569,-1.9849344492,-0.189999997616,-12.9288272858,-43.4949836731,11.8819818497,-12.7923688889,3.97208309174,98638.2629395,28.5299987793,-302.433410645,False
6.300000000000001,0.282,-0.283,0.005,-1.176798,0.3334261,19.68194655,2.18000006676,-1.9849344492,0.979999959469,-12.9288272858,-43.4949836731,11.9503650665,-12.8716611862,3.36707139015,98647.052002,28.9799995422,-302.433410645,False
6.4,0.203,-0.303,0.064,-0.99047165,0.1176798,20.54493175,2.06999993324,-1.9849344492,1.79999995232,-12.9288272858,-43.4949836731,12.0883140564,-12.9669265747,2.22667384148,98655.3649902,29.3400001526,-312.375823975,False
6.5,-0.052,-0.298,0.127,-1.0983448,0.12748645,17.64216335,1.9699999094,2.44036984444,2.52999997139,-7.85627126694,-43.6103820801,12.1504335403,-13.0025129318,1.47059094906,98662.6464844,29.609998703,-312.375823975,False
6.6000000000000005,0.234,-0.294,0.133,-0.95124505,0.48052585,19.7113665,1.89999997616,2.44036984444,3.02999997139,-7.85627126694,-43.6103820801,12.1986236572,-13.0109214783,0.391637474298,98664.6789551,29.7899990082,-352.065856934,False
6.7,-0.164,-0.255,0.112,-0.67665885,0.7256921,17.8088764,1.75,2.44036984444,3.22000002861,-7.85627126694,-43.6103820801,12.1894254684,-13.0068235397,-0.221279263496,98668.5852051,29.8699989319,-352.065856934,False
6.800000000000001,-0.267,-0.255,0.06,-0.4511059,0.59820565,15.69064,2.0,2.62516212463,3.34999990463,-2.53601074219,-45.5913391113,12.143860817,-13.0176582336,-0.472026377916,98669.4091797,29.8799991608,-355.765716553,False
6.9,0.088,-0.094,-0.022,-0.7060788,-0.18632635,9.44380395,2.19000005722,2.62516212463,3.58999991417,-2.53601074219,-45.5913391113,12.0771522522,-13.0021705627,-0.791147470474,98672.1130371,29.8199996948,-355.765716553,False
7.0,0.436,-0.16,-0.045,-0.4707192,-0.6668522,9.03192465,1.95999991894,2.62516212463,4.03999996185,-2.53601074219,-45.5913391113,12.0300779343,-12.8554058075,-0.707678616047,98670.4101562,29.7699985504,-346.654693604,False
7.1000000000000005,0.346,-0.156,0.072,-0.5491724,-0.2157463,8.60043205,1.68999993801,2.62516212463,4.67999982834,-2.53601074219,-45.5913391113,11.9951705933,-12.7609443665,-0.463946908712,98666.2719727,29.7399997711,-346.654693604,False
7.2,-0.016,-0.147,0.055,-0.44129925,0.87279185,9.83606995,1.49000000954,5.79171133041,5.27999973297,1.98956024647,-46.2039489746,11.9119110107,-12.6481018066,-0.435042411089,98667.1630859,29.7399997711,-334.259979248,False
7.300000000000001,-0.322,-0.15,0.029,-0.4707192,1.1179581,12.9055514,1.49000000954,5.79171133041,5.27999973297,1.98956024647,-46.2039489746,11.8631429672,-12.5769138336,-0.597998559475,98664.630127,29.7600002289,-334.259979248,False
7.4,-0.162,-0.129,-0.086,-0.28439285,0.55897905,11.77778665,1.49000000954,5.79171133041,6.00999975204,1.98956024647,-46.2039489746,11.7046642303,-12.4580554962,-0.917631864548,98667.5109863,29.7699985504,-320.867919922,False
7.5,-0.015,-0.142,-0.114,-0.1765197,0.06864655,12.66038515,1.62000000477,5.79171133041,6.35999965668,1.98956024647,-46.2039489746,11.6164426804,-12.3551721573,-1.08403360844,98670.1904297,29.7600002289,-320.867919922,False
7.6000000000000005,0.02,-0.129,-0.106,-0.08825985,-0.3334261,12.40541225,1.49000000954,5.79171133041,6.51999998093,1.98956024647,-46.2039489746,11.5366716385,-12.205037117,-1.28662729263,98661.114502,29.7299995422,-291.39440918,False
7.7,0.005,-0.105,-0.025,-0.1176798,-0.2941995,11.7875933,1.12000000477,2.96879196167,6.67999982834,5.34613037109,-44.6540107727,11.4733228683,-12.076171875,-1.41909098625,98668.4875488,29.6700000763,-291.39440918,False
7.800000000000001,0.0,-0.123,0.07,0.14709975,-0.392266,12.11121275,0.8599999547,2.96879196167,6.75999975204,5.34613037109,-44.6540107727,11.3645439148,-11.8587636948,-1.69298768044,98670.8679199,29.5999984741,-269.99911499,False
7.9,0.18,-0.119,0.131,0.2353596,-0.0784532,12.48386545,0.560000002384,2.96879196167,6.76999998093,5.34613037109,-44.6540107727,11.3028669357,-11.7694759369,-1.80737960339,98659.4848633,29.5,-269.99911499,False
8.0,-0.094,-0.108,0.146,0.18632635,-0.196133,11.66010685,0.289999991655,3.54237723351,6.67000007629,7.53904008865,-45.7166099548,11.1647891998,-11.5564556122,-2.04717516899,98658.3129883,29.3899993896,-232.221603394,False
8.1,-0.164,-0.092,0.151,0.16671305,0.63743225,11.75817335,0.269999980927,3.54237723351,6.61999988556,7.53904008865,-45.7166099548,11.0559139252,-11.4746627808,-2.13226366043,98659.4726562,29.2600002289,-232.221603394,False
8.200000000000001,-0.204,-0.061,0.093,0.2941995,0.4314926,10.62060195,0.419999986887,3.54237723351,6.52999973297,7.53904008865,-45.7166099548,10.885676384,-11.3882322311,-2.23264813423,98654.8095703,29.1199989319,-200.004577637,False
8.3,0.122,-0.046,0.008,0.3726527,0.65704555,12.0817928,0.769999980927,1.10897767544,6.33999967575,9.01172542572,-47.6650848389,10.7517404556,-11.3148193359,-2.39836740494,98652.0263672,28.9599990845,-200.004577637,False
8.4,0.321,0.001,-0.029,0.50013915,0.1176798,12.95458465,0.810000002384,1.10897767544,5.98999977112,9.01172542572,-47.6650848389,10.6205024719,-11.1660070419,-2.70242810249,98646.4355469,28.7799987793,-108.017730713,False
8.5,0.305,0.046,0.002,0.6472389,-0.6276256,11.1991943,0.589999973774,1.10897767544,5.6299996376,9.01172542572,-47.6650848389,10.5732526779,-11.0018320084,-2.80507588387,98645.8435059,28.5799999237,-108.017730713,False
8.6,0.05,0.05,0.122,0.1569064,-0.0392266,8.7083052,0.140000000596,1.10897767544,5.36999988556,9.01172542572,-47.6650848389,10.5185575485,-10.8638362885,-2.71136331558,98645.4040527,28.3499984741,-78.4738540649,False
8.700000000000001,0.136,-0.023,0.163,0.36284605,-0.3726527,9.44380395,-0.329999983311,4.38898944855,5.11999988556,8.88577747345,-48.3283958435,10.5146884918,-10.7017803192,-2.59502840042,98638.2263184,28.1299991608,-78.4738540649,False
8.8,0.109,0.001,0.228,0.48052585,0.2941995,7.28634095,-0.550000011921,4.38898944855,5.08999967575,8.88577747345,-48.3283958435,10.4166078568,-10.6234588623,-2.17871189117,98639.3798828,27.9300003052,-50.0135421753,False
8.9,-0.226,0.044,0.148,0.588399,1.26505785,7.77667345,-0.319999992847,4.38898944855,5.07999992371,8.88577747345,-48.3283958435,10.3501682281,-10.6242866516,-2.03923487663,98629.3579102,27.7600002289,-50.0135421753,False
9.0,-0.311,0.099,-0.028,0.5099458,1.52003075,7.85512665,0.149999991059,4.11125946045,5.05999994278,8.89866161346,-51.2895698547,10.1551189423,-10.6474685669,-1.76153409481,98629.4128418,27.6199989319,-26.1753082275,False
9.1,-0.191,0.103,-0.146,0.44129925,1.10815145,8.95347145,0.669999957085,4.11125946045,5.06999969482,8.89866161346,-51.2895698547,10.0426635742,-10.6515130997,-1.63746893406,98628.7109375,27.5,-26.1753082275,False
9.200000000000001,0.031,0.099,-0.226,0.46091255,0.57859235,8.3748791,1.13999998569,4.11125946045,5.09999990463,8.89866161346,-51.2895698547,9.95884609222,-10.6437110901,-1.4705966711,98623.8586426,27.3899993896,-9.85698699951,False
9.3,0.091,0.07,-0.202,0.7060788,-0.0784532,8.05125965,1.43999993801,1.45274877548,5.17999982834,6.89344024658,-48.7599143982,9.92214584351,-10.6310129166,-1.24294638634,98628.8635254,27.2999992371,-9.85698699951,False
9.4,0.16,0.062,-0.14,0.63743225,0.0392266,7.6688003,1.40999996662,1.45274877548,5.2999997139,6.89344024658,-48.7599143982,9.90322303772,-10.6071958542,-1.01875197887,98619.2016602,27.2199993134,3.1551361084,False
9.5,0.079,0.036,-0.064,0.59820565,0.196133,8.11009955,1.40999996662,1.45274877548,5.2999997139,6.89344024658,-48.7599143982,9.90741157532,-10.5912179947,-0.951138675213,98615.6066895,27.2199993134,3.1551361084,False
9.600000000000001,0.055,0.004,-0.003,0.7060788,0.2353596,9.69877685,1.17999994755,1.45274877548,5.59999990463,6.89344024658,-48.7599143982,9.89525985718,-10.5270051956,-0.793699502945,98619.0002441,27.1299991608,14.0768051147,False
9.700000000000001,0.01,-0.008,0.018,0.91201845,0.0196133,10.591182,1.14999997616,1.45274877548,5.65000009537,6.89344024658,-48.7599143982,9.89132595062,-10.4875946045,-0.818816661835,98614.1174316,27.0999984741,14.0768051147,False
9.8,0.077,0.025,0.051,0.784532,0.3138128,9.97336305,1.14999997616,3.78446102142,5.65000009537,5.87431287766,-46.5878410339,9.88027858734,-10.4676609039,-0.823790967464,98610.8825684,27.0999984741,14.0768051147,False
9.9,0.067,0.028,0.06,0.73549875,0.67665885,9.44380395,0.949999988079,3.78446102142,5.65000009537,5.87431287766,-46.5878410339,9.88648223877,-10.4389152527,-0.806648731232,98612.7075195,27.0499992371,99.5207824707,False
10.0,0.01,0.027,0.031,0.81395195,0.44129925,10.07142955,0.789999961853,3.78446102142,5.67000007629,5.87431287766,-46.5878410339,9.87265396118,-10.3991527557,-0.785737752914,98613.4521484,26.9499988556,117.064193726,False
10.100000000000001,-0.082,0.019,0.024,1.0198916,0.32361945,9.9047165,0.789999961853,3.89379358292,5.65000009537,5.39398431778,-47.4223175049,9.87430000305,-10.3833866119,-0.763929903507,98610.2294922,26.8899993896,117.064193726,False
10.200000000000001,-0.134,0.034,0.012,0.9022118,0.5295591,9.44380395,0.789999961853,3.89379358292,5.65000009537,5.39398431778,-47.4223175049,9.8579788208,-10.3832521439,-0.733626127243,98605.4748535,26.8899993896,117.064193726,False
10.3,-0.075,0.026,-3.18408167778e-18,0.784532,0.6472389,9.6889702,1.0,3.89379358292,5.61999988556,5.39398431778,-47.4223175049,9.83501720428,-10.3882598877,-0.671425819397,98610.6445312,26.7799987793,119.017219543,False
10.4,0.007,0.014,-0.027,0.83356525,0.46091255,9.5516771,1.09000003338,2.57084584236,5.6299996376,4.97011756897,-47.3996009827,9.83408927917,-10.3903045654,-0.629964590073,98610.2233887,26.7299995422,124.572662354,False
10.5,0.062,0.029,-0.041,1.01008495,0.18632635,9.7870367,1.82999992371,2.57084584236,5.6299996376,4.97011756897,-47.3996009827,9.83427047729,-10.383228302,-0.623808264732,98608.5510254,26.6800003052,124.572662354,False
10.600000000000001,-0.031,0.009,-0.012,0.95124505,0.0784532,10.85596155,1.69999992847,2.57084584236,5.56999969482,4.97011756897,-47.3996009827,9.8499622345,-10.3547353745,-0.706778943539,98605.5419922,26.6299991608,121.691703796,False
10.700000000000001,-0.051,0.017,0.049,0.7060788,0.16671305,10.3362091,1.50999999046,2.57084584236,5.44999980927,4.97011756897,-47.3996009827,9.84087276459,-10.340716362,-0.717941224575,98603.112793,26.5699996948,121.691703796,False
10.8,-0.005,-0.012,0.072,0.75511205,0.2157463,10.0420096,1.37999999523,2.50858783722,5.38999986649,4.60214710236,-47.3905944824,9.85723876953,-10.3111848831,-0.749601006508,98599.1455078,26.5100002289,128.34854126,False
10.9,-0.102,-0.042,0.087,1.04931155,0.00980665,10.36562905,3.37999987602,2.50858783722,5.27999973297,4.60214710236,-47.3905944824,9.86564731598,-10.2998914719,-0.813091576099,98601.2084961,26.4399986267,128.34854126,False
11.0,0.021,0.005,0.124,1.0198916,0.5687857,10.983448,3.4399998188,2.50858783722,5.11999988556,4.60214710236,-47.3905944824,9.83023738861,-10.3187141418,-0.871268093586,98601.1901855,26.3699989319,129.827301025,False
11.100000000000001,-0.052,0.039,0.066,0.7256921,0.8629852,10.03220295,4.67999982834,2.50858783722,4.92000007629,4.60214710236,-47.3905944824,9.76838302612,-10.3434848785,-0.918306410313,98600.0,26.2799987793,129.827301025,False
11.200000000000001,-0.009,0.022,0.007,0.75511205,0.59820565,11.1599677,4.90999984741,1.44850301743,4.69999980927,4.61489009857,-49.0555305481,9.71313095093,-10.3645238876,-1.05225455761,98600.6530762,26.1899986267,133.036712646,False
11.3,-0.14,-0.003,-0.008,1.01008495,-0.0588399,10.65982855,6.2999997139,1.44850301743,4.44999980927,4.61489009857,-49.0555305481,9.72080993652,-10.3514146805,-1.15593338013,98598.0163574,26.0799999237,133.036712646,False
11.4,0.38,-0.058,0.037,1.176798,-0.2353596,14.30790235,6.23999977112,1.44850301743,4.06999969482,4.61489009857,-49.0555305481,9.72759246826,-10.3229932785,-1.44587635994,98597.0458984,25.9699993134,139.654541016,False
11.5,0.033,-0.007,0.135,0.8825985,0.24516625,11.46397385,5.88999986649,1.44850301743,3.51999998093,4.61489009857,-49.0555305481,9.76197910309,-10.2505912781,-1.68900132179,98594.3359375,25.8199996948,139.654541016,False
11.600000000000001,-0.068,-0.011,0.164,0.57859235,0.69627215,10.7088618,7.10999965668,1.44850301743,3.07999992371,4.61489009857,-49.0555305481,9.73381710052,-10.2283687592,-1.77543711662,98592.199707,25.6499996185,211.817550659,False
11.700000000000001,-0.058,-0.014,0.127,0.4511059,0.8041453,11.6699135,7.09999990463,2.83186554909,2.56999993324,4.99587917328,-50.7796440125,9.67499446869,-10.2092857361,-1.92583250999,98588.5498047,25.4699993134,211.817550659,False
11.8,-0.061,0.016,0.1,0.57859235,1.4121576,12.48386545,7.34999990463,2.83186554909,1.92999994755,4.99587917328,-50.7796440125,9.52848052979,-10.2041378021,-2.18980240822,98589.0441895,25.2600002289,228.290557861,False
11.9,0.205,0.089,-0.037,0.65704555,0.8237586,8.7475318,12.9099998474,2.83186554909,1.37999999523,4.99587917328,-50.7796440125,9.45526027679,-10.2338590622,-2.03116631508,98581.6711426,25.0399990082,228.290557861,False
12.0,0.426,0.075,-0.204,0.61781895,0.5491724,8.34545915,13.2399997711,2.83186554909,1.05999994278,4.99587917328,-50.7796440125,9.41125774384,-10.2604532242,-1.77399504185,98579.2541504,24.8199996948,236.184509277,False
12.100000000000001,0.368,0.117,-0.224,0.59820565,0.5687857,7.03136805,15.3599996567,5.69918727875,0.75,3.6113255024,-50.4973144531,9.40647602081,-10.2491226196,-1.52336490154,98571.3256836,24.6299991608,236.184509277,False
12.200000000000001,0.18,0.117,-0.24,0.02941995,0.4118793,6.5312289,15.25,5.69918727875,0.560000002384,3.6113255024,-50.4973144531,9.43383026123,-10.2130479813,-1.15783774853,98574.4506836,24.4599990845,242.855926514,False
12.3,0.208,0.018,-0.182,0.0392266,0.4707192,9.3359308,15.0199995041,5.69918727875,0.489999979734,3.6113255024,-50.4973144531,9.46973705292,-10.1359100342,-1.01989305019,98569.6838379,24.3400001526,242.855926514,False
12.4,0.113,0.039,-0.153,0.24516625,-0.0784532,8.1983594,14.4099998474,5.69918727875,0.269999980927,3.6113255024,-50.4973144531,9.57562160492,-10.0174255371,-0.81126755476,98573.1445312,24.2299995422,243.476196289,False
12.5,0.233,-0.003,-0.154,0.2157463,-0.0392266,9.1397978,14.4099998474,5.69918727875,0.269999980927,3.6113255024,-50.4973144531,9.61046504974,-9.99185562134,-0.801245093346,98565.3747559,24.1399993896,243.476196289,False
12.600000000000001,0.118,0.045,-0.054,0.2353596,-0.16671305,9.26728425,13.75,11.8595209122,0.170000001788,0.919219970703,-45.4103546143,9.77243614197,-9.83920669556,-0.688818573952,98566.784668,24.1399993896,243.476196289,False
12.700000000000001,0.252,0.047,0.003,0.38245935,-0.1176798,7.67860695,18.5100002289,11.8595209122,-0.019999999553,0.919219970703,-45.4103546143,9.94146156311,-9.68922328949,-0.308256924152,98564.2456055,24.0,246.545883179,False
12.8,0.251,0.076,0.045,0.0392266,0.50013915,6.472389,22.0399990082,11.8595209122,0.070000000298,0.919219970703,-45.4103546143,10.0453929901,-9.59031963348,-0.0302760116756,98565.6616211,23.9499988556,320.635620117,False
12.9,0.356,-0.028,0.016,0.0392266,0.59820565,10.395049,21.3400001526,11.8595209122,0.109999999404,0.919219970703,-45.4103546143,10.1962490082,-9.46266269684,-0.074307076633,98566.0522461,23.9399986267,321.635620117,False
13.0,0.316,-0.051,-0.028,0.4314926,0.83356525,11.2580342,20.2600002289,17.7642478943,0.0,0.263297826052,-45.5634613037,10.4313621521,-9.21132946014,-0.182209685445,98566.7785645,23.9200000763,320.708953857,False
13.100000000000001,0.203,-0.043,-0.043,0.4511059,0.79433865,12.20927925,43.7900009155,17.7642478943,-0.119999997318,0.263297826052,-45.5634613037,10.5516252518,-9.09589767456,-0.24557004869,98568.2250977,23.8999996185,320.708953857,False
13.200000000000001,0.486,0.035,-0.12,0.4314926,0.8041453,10.36562905,43.7900009155,17.7642478943,-0.239999994636,0.263297826052,-45.5634613037,10.7968711853,-8.86372947693,-0.277189999819,98567.5048828,23.8699989319,317.717468262,False
13.3,0.746,-0.029,-0.266,0.3138128,1.08853815,10.9442214,43.7900009155,17.7642478943,-0.389999985695,0.263297826052,-45.5634613037,11.0284423828,-8.64507198334,-0.335618108511,98567.3583984,23.8299999237,317.717468262,False
13.4,1.027,-0.033,-0.327,0.1765197,1.16699135,8.93385815,43.7900009155,28.7007751465,-0.42999997735,-0.721556127071,-42.2923431396,11.3018026352,-8.3959312439,-0.216189861298,98568.6706543,23.7799987793,313.916107178,False
13.5,0.786,-0.108,-0.392,0.392266,1.2160246,10.9638347,43.7700004578,28.7007751465,-0.389999985695,-0.721556127071,-42.2923431396,11.7700977325,-7.94954204559,-0.119089446962,98564.3127441,23.75,313.916107178,False
13.600000000000001,0.316,-0.264,-0.357,1.1375714,0.6864655,11.7287534,43.7700004578,28.7007751465,-0.419999986887,-0.721556127071,-42.2923431396,12.2551326752,-7.46702003479,-0.0928716436028,98561.9812012,23.7299995422,306.970703125,False
13.700000000000001,0.152,-0.353,-0.343,1.12776475,0.75511205,12.7290317,43.7700004578,40.4541091919,-0.489999979734,-2.2598567009,-34.9426689148,12.6892185211,-7.03094244003,-0.115171059966,98566.0705566,23.7099990845,306.970703125,False
13.8,0.158,-0.354,-0.309,1.36312435,0.7453054,13.8273765,43.7900009155,40.4541091919,-0.610000014305,-2.2598567009,-34.9426689148,13.5328607559,-6.09698104858,-0.244090020657,98565.826416,23.6899986267,283.997344971,False
13.9,0.278,-0.403,-0.246,1.7259704,0.71588545,14.8080415,43.7900009155,40.4541091919,-0.789999961853,-2.2598567009,-34.9426689148,14.1264781952,-5.36458683014,-0.38664111495,98562.0300293,23.6599998474,283.997344971,False
14.0,0.052,-0.4,-0.214,1.50041745,1.0002783,14.13138265,43.7900009155,40.4541091919,-1.03999996185,-2.2598567009,-34.9426689148,14.6499414444,-4.62159395218,-0.483331143856,98568.3898926,23.6199989319,240.134429932,False
14.100000000000001,-0.026,-0.346,-0.208,1.48080415,1.2552512,12.89574475,43.7900009155,40.4541091919,-1.27999997139,-2.2598567009,-34.9426689148,14.998257637,-4.08354902267,-0.514594972134,98564.3554688,23.5599994659,240.134429932,False
14.200000000000001,-0.073,-0.278,-0.286,1.5298374,1.372931,11.91507975,43.7900009155,43.6025428772,-1.49000000954,0.589996099472,-22.8029975891,15.4565219879,-3.33271145821,-0.476001441479,98565.5700684,23.4899997711,185.217285156,False
14.3,-0.066,-0.239,-0.401,1.61809725,1.1571847,11.56204035,43.7900009155,43.6025428772,-1.67999994755,0.589996099472,-22.8029975891,15.6863002777,-2.95018601418,-0.434232532978,98562.4023438,23.4300003052,185.217285156,False
14.4,-0.145,-0.214,-0.409,1.71616375,1.1964113,12.3759923,43.7900009155,43.6025428772,-1.84999990463,0.589996099472,-22.8029975891,16.0980510712,-2.13662672043,-0.431583046913,98563.6413574,23.3699989319,141.329772949,False
14.5,-0.063,-0.233,-0.436,1.4906108,1.0395049,12.54270535,43.7900009155,43.6025428772,-2.08999991417,0.589996099472,-22.8029975891,16.3493442535,-1.58447062969,-0.458306252956,98560.9130859,23.3099994659,141.329772949,False
14.600000000000001,0.047,-0.23,-0.46,1.04931155,1.0591182,12.50347875,43.7700004578,43.6025428772,-2.29999995232,0.589996099472,-22.8029975891,16.7025814056,-0.618730843067,-0.451612204313,98560.1623535,23.25,90.2565002441,False
14.700000000000001,0.156,-0.24,-0.477,1.16699135,0.99047165,12.64077185,43.7399978638,42.3083648682,-2.48000001907,-2.34745407104,-9.57588100433,16.9293308258,0.0693148225546,-0.376431673765,98556.9030762,23.1899986267,90.2565002441,False
14.8,-0.171,-0.248,-0.436,0.75511205,0.79433865,9.87529655,43.719997406,42.3083648682,-2.62999987602,-2.34745407104,-9.57588100433,17.0760345459,0.774354994297,-0.245144218206,98557.5439453,23.1399993896,48.0823516846,False
14.9,0.049,-0.283,-0.398,0.99047165,0.40207265,13.4743371,43.7099990845,42.3083648682,-2.72000002861,-2.34745407104,-9.57588100433,17.2147369385,1.62186598778,-0.286870747805,98554.4433594,23.1000003815,48.0823516846,False
15.0,-0.012,-0.343,-0.301,0.75511205,0.8041453,14.317709,43.719997406,42.3083648682,-2.92999982834,-2.34745407104,-9.57588100433,17.3192520142,2.57425165176,-0.419331163168,98556.6467285,23.0499992371,25.7781982422,False
15.100000000000001,0.09,-0.336,-0.255,0.7256921,0.77472535,14.8080415,43.7399978638,42.3083648682,-3.25,-2.34745407104,-9.57588100433,17.3546352386,3.34759020805,-0.544210970402,98556.5063477,23.0,25.7781982422,False
15.200000000000001,0.023,-0.319,-0.245,0.63743225,0.40207265,13.5920169,43.7700004578,42.2721061707,-3.55999994278,-3.11136937141,3.73849081993,17.3006000519,4.44135379791,-0.621179521084,98552.0385742,22.9300003052,-3.80058288574,False
15.3,0.053,-0.373,-0.201,0.4903325,0.5295591,14.8276548,43.7799987793,42.2721061707,-3.89999985695,-3.11136937141,3.73849081993,17.2471733093,5.15695476532,-0.677028775215,98556.5124512,22.8500003815,-3.80058288574,False
15.4,-0.407,-0.309,-0.157,0.40207265,0.7256921,9.610517,43.7900009155,42.2721061707,-4.21999979019,-3.11136937141,3.73849081993,17.1197319031,5.73061466217,-0.461832284927,98551.8798828,22.7600002289,-45.9781646729,False
15.5,0.067,-0.174,-0.236,0.00980665,1.0198916,7.5903471,43.7900009155,40.5529899597,-4.26999998093,-1.05514621735,11.6102085114,16.9616241455,6.2932600975,-0.133122444153,98556.3049316,22.6800003052,-45.9781646729,False
15.600000000000001,-0.003,-0.17,-0.368,-0.1372931,1.22583125,8.75733845,43.7900009155,40.5529899597,-4.2999997139,-1.05514621735,11.6102085114,16.8305130005,6.69727659225,0.0498898029327,98550.3601074,22.6399993896,-77.6033401489,False
15.700000000000001,-0.027,-0.183,-0.377,0.0,0.6864655,10.0420096,43.7700004578,40.5529899597,-4.2999997139,-1.05514621735,11.6102085114,16.6439533234,7.22648429871,0.259214401245,98550.9033203,22.6199989319,-77.6033401489,False
15.8,0.283,-0.179,-0.358,0.0980665,0.7060788,11.26784085,43.7599983215,40.5529899597,-4.21999979019,-1.05514621735,11.6102085114,16.3993911743,7.85799217224,0.331211090088,98551.9104004,22.6199989319,-84.8432540894,False
15.9,0.101,-0.215,-0.35,0.4118793,0.8825985,12.56231865,43.75,40.5529899597,-4.25,-1.05514621735,11.6102085114,16.244720459,8.29759120941,0.32533827424,98550.3173828,22.6299991608,-84.8432540894,False
16.0,0.098,-0.25,-0.347,0.0980665,0.95124505,12.99381125,43.7399978638,42.9420890808,-4.2999997139,-2.96744322777,21.6732521057,15.8147106171,9.38736915588,0.260104864836,98551.6723633,22.6399993896,-96.0657119751,False
16.1,0.203,-0.245,-0.368,0.30400615,0.7453054,12.71922505,43.719997406,42.9420890808,-4.34999990463,-2.96744322777,21.6732521057,15.4894618988,10.1834335327,0.300947666168,98550.6286621,22.6599998474,-96.0657119751,False
16.2,0.166,-0.28,-0.278,0.4707192,0.04903325,11.0815145,43.7099990845,42.9420890808,-4.28999996185,-2.96744322777,21.6732521057,15.1282510757,10.8818101883,0.510343432426,98549.0905762,22.6700000763,-109.063720703,False
16.3,0.106,-0.306,-0.223,0.4511059,-0.00980665,10.8069283,43.7299995422,45.9321632385,-4.13999986649,-3.86879086494,28.7959098816,14.7619743347,11.5499458313,0.725379109383,98545.9350586,22.6899986267,-109.063720703,False
16.400000000000002,0.077,-0.344,-0.17,0.34323275,0.3726527,11.7483667,43.75,45.9321632385,-3.95999979973,-3.86879086494,28.7959098816,14.3300027847,12.282459259,0.867798566818,98553.1982422,22.7399997711,-137.640563965,False
16.5,-0.041,-0.336,-0.16,0.28439285,0.87279185,11.4737805,43.7799987793,45.9321632385,-3.80999994278,-3.86879086494,28.7959098816,13.8861322403,12.9409341812,0.987063109875,98551.0314941,22.7999992371,-137.640563965,False
16.6,-0.12,-0.33,-0.195,0.3530394,1.2160246,11.4345539,43.7900009155,45.9321632385,-3.63999986649,-3.86879086494,28.7959098816,13.4088964462,13.593506813,1.08138585091,98557.6049805,22.8799991608,-171.789169312,False
16.7,-0.048,-0.313,-0.268,0.7256921,0.89240515,12.3759923,43.7900009155,46.012386322,-3.48000001907,-1.55074393749,37.5221366882,12.9049930573,14.2613887787,1.10946500301,98557.2631836,22.9599990845,-171.789169312,False
16.8,0.003,-0.28,-0.298,0.4511059,1.3533177,11.8072066,43.7900009155,46.012386322,-3.31999993324,-1.55074393749,37.5221366882,12.3751773834,14.8430700302,1.16578912735,98560.4736328,23.0599994659,-203.792755127,False
16.900000000000002,-0.211,-0.273,-0.353,0.4118793,1.4513842,13.36646395,43.7799987793,46.012386322,-3.12999987602,-1.55074393749,37.5221366882,11.8296403885,15.4296693802,1.14185523987,98563.8671875,23.1599998474,-203.792755127,False
17.0,-0.16,-0.288,-0.37,0.50013915,1.02969825,13.5135637,43.7799987793,46.012386322,-3.02999997139,-1.55074393749,37.5221366882,11.2230205536,16.0383472443,1.09727489948,98561.1877441,23.2600002289,-241.379547119,False
17.1,0.09,-0.249,-0.396,0.5099458,1.24544455,13.01342455,43.7700004578,43.8376960754,-2.89999985695,-2.13477754593,48.8523521423,10.4488611221,16.7363986969,1.03787255287,98561.5356445,23.3500003815,-241.379547119,False
17.2,-0.014,-0.286,-0.381,0.4903325,0.61781895,13.6508568,43.7599983215,43.8376960754,-2.76999998093,-2.13477754593,48.8523521423,10.4488611221,16.7363986969,1.03787255287,98564.6484375,23.4399986267,-268.668762207,False
17.3,-0.018,-0.288,-0.345,0.36284605,0.8237586,14.1411893,43.7599983215,43.8376960754,-2.66999983788,-2.13477754593,48.8523521423,9.16888237,17.7572612762,0.94246840477,98562.4694824,23.5299987793,-267.668731689,False
17.400000000000002,0.054,-0.31,-0.302,0.32361945,0.89240515,14.24906245,43.7599983215,43.8376960754,-2.6099998951,-2.13477754593,48.8523521423,8.19148540497,18.4070262909,0.785243213177,98562.2802734,23.609998703,-290.863983154,False
17.5,0.083,-0.348,-0.258,0.63743225,0.61781895,15.3768272,43.7700004578,44.0322608948,-2.6099998951,-2.40285921097,59.5092658997,7.67879056931,18.7411003113,0.698094189167,98567.8649902,23.6800003052,-290.863983154,False
17.6,0.189,-0.327,-0.258,0.53936575,1.06892485,14.5922952,43.7799987793,44.0322608948,-2.59999990463,-2.40285921097,59.5092658997,6.48527860641,19.4247207642,0.525883972645,98571.4050293,23.7299995422,-321.97076416,False
17.7,0.037,-0.347,-0.248,0.48052585,1.01008495,14.87668805,43.7900009155,44.0322608948,-2.66999983788,-2.40285921097,59.5092658997,5.97241163254,19.6768436432,0.463240236044,98568.5546875,23.7699985504,-321.97076416,False
17.8,-0.043,-0.317,-0.271,0.48052585,1.1571847,14.2588691,43.7900009155,44.0322608948,-2.71000003815,-2.40285921097,59.5092658997,4.68297195435,20.230550766,0.317750602961,98571.7407227,23.7999992371,-362.798309326,False
17.900000000000002,-0.133,-0.283,-0.282,0.44129925,1.2944778,14.09215605,43.7900009155,45.3380699158,-2.81999993324,-1.27872884274,68.8817214966,3.80244588852,20.5552539825,0.236252933741,98570.0134277,23.8299999237,-362.798309326,False
18.0,-0.25,-0.242,-0.316,0.4511059,1.0198916,13.4939504,43.7900009155,45.3380699158,-2.90999984741,-1.27872884274,68.8817214966,3.0990626812,20.7881507874,0.189341396093,98571.661377,23.8500003815,-394.634429932,False
18.1,-0.144,-0.257,-0.272,0.44129925,0.8825985,13.20955755,43.2999992371,42.7086639404,-2.98000001907,-1.31792795658,74.5056762695,2.29601550102,21.0193309784,0.167860805988,98570.6726074,23.859998703,-394.634429932,False
18.2,-0.06,-0.235,-0.278,0.34323275,1.0198916,11.09132115,43.7900009155,42.7086639404,-2.98000001907,-1.31792795658,74.5056762695,1.73881983757,21.1371631622,0.233691886067,98573.614502,23.8799991608,-435.486022949,False
18.3,-0.106,-0.222,-0.324,0.1569064,0.9414384,12.38579895,43.7799987793,42.7086639404,-2.96000003815,-1.31792795658,74.5056762695,0.918445646763,21.2891769409,0.301855146885,98572.4060059,23.8999996185,-436.486053467,False
18.400000000000002,-0.064,-0.217,-0.392,0.2549729,0.59820565,11.40513395,43.7700004578,42.7086639404,-2.91999983788,-1.31792795658,74.5056762695,0.0303042624146,21.4083518982,0.376407891512,98569.8974609,23.9300003052,-466.010864258,False
18.5,0.05,-0.215,-0.374,0.24516625,0.2549729,11.89546645,43.7599983215,42.7086639404,-2.80999994278,-1.31792795658,74.5056762695,-0.765247285366,21.4999752045,0.414196580648,98574.5849609,23.9699993134,-466.010864258,False
18.6,0.261,-0.226,-0.311,0.0784532,0.63743225,11.8464332,43.7599983215,42.6440963745,-2.72000002861,-2.60690402985,86.7833786011,-1.56125080585,21.5392341614,0.495750725269,98570.8435059,24.0100002289,-487.105163574,False
18.7,0.445,-0.26,-0.321,0.1372931,-0.0588399,11.8464332,43.75,42.6440963745,-2.52999997139,-2.60690402985,86.7833786011,-2.33718371391,21.5632305145,0.701772212982,98571.0632324,24.0699996948,-486.105163574,False
18.8,0.157,-0.255,-0.194,0.0,0.65704555,11.16977435,43.7700004578,42.6440963745,-2.25,-2.60690402985,86.7833786011,-3.17244458199,21.5637683868,0.837973415852,98573.6877441,24.1399993896,-513.193481445,False
18.900000000000002,0.04,-0.268,-0.162,0.12748645,1.12776475,11.73856005,43.7700004578,42.6440963745,-2.0,-2.60690402985,86.7833786011,-3.64326953888,21.5575180054,0.894978880882,98575.6225586,24.2299995422,-513.193481445,False
19.0,-0.095,-0.272,-0.217,0.44129925,1.2356379,12.01314625,43.7799987793,42.6440963745,-1.77999997139,-2.60690402985,86.7833786011,-4.61647748947,21.5198898315,0.949481368065,98579.498291,24.3299999237,-529.271118164,False
19.1,-0.047,-0.2,-0.299,0.32361945,1.6671305,11.16977435,43.7700004578,45.7590179443,-1.52999997139,-1.89075517654,95.3513259888,-5.47669029236,21.460226059,1.06670439243,98578.5827637,24.4399986267,-529.271118164,False
19.200000000000003,-0.24,-0.207,-0.359,0.48052585,1.372931,11.5522337,43.75,45.7590179443,-1.23000001907,-1.89075517654,95.3513259888,-6.04837703705,21.4127597809,1.12539768219,98583.6669922,24.5699996948,-560.283081055,False
19.3,-0.266,-0.163,-0.409,0.24516625,0.85317855,10.99325465,43.719997406,45.7590179443,-0.939999997616,-1.89075517654,95.3513259888,-6.73331546783,21.3334903717,1.2439738512,98588.8122559,24.6999988556,-559.283081055,False
19.400000000000002,-0.064,-0.227,-0.412,0.44129925,0.22555295,12.01314625,43.7000007629,41.6316261292,-0.550000011921,-4.04464769363,105.021743774,-7.62811136246,21.1868572235,1.38294386864,98588.5620117,24.8400001526,-578.922058105,False
19.5,0.17,-0.296,-0.335,0.2549729,0.36284605,12.89574475,43.7000007629,41.6316261292,-0.119999997318,-4.04464769363,105.021743774,-8.25890922546,21.0538787842,1.41708302498,98587.2619629,25.0,-578.922058105,False
19.6,0.132,-0.316,-0.283,0.16671305,0.4314926,13.01342455,43.7099990845,41.6316261292,0.310000002384,-4.04464769363,105.021743774,-9.23102378845,20.8083362579,1.46892607212,98589.7949219,25.1800003052,-603.983520508,False
19.700000000000003,0.182,-0.356,-0.243,0.4903325,0.57859235,13.83718315,43.7299995422,41.6316261292,0.740000009537,-4.04464769363,105.021743774,-9.92279338837,20.6110687256,1.44233012199,98588.1835938,25.3699989319,-603.983520508,False
19.8,0.024,-0.344,-0.236,0.6080123,0.5687857,13.8666031,43.75,44.0605392456,1.12000000477,-3.27218484879,112.804161072,-10.6146230698,20.3914604187,1.42007708549,98596.2768555,25.5499992371,-609.48638916,False
19.900000000000002,0.011,-0.358,-0.257,0.6472389,0.6472389,15.01398115,43.7599983215,44.0605392456,1.45999991894,-3.27218484879,112.804161072,-11.5441484451,20.0374889374,1.28634476662,98594.2504883,25.7299995422,-609.48638916,False
20.0,-0.005,-0.374,-0.226,0.55897905,0.7453054,15.6318001,43.7900009155,44.0605392456,1.73000001907,-3.27218484879,112.804161072,-12.8503704071,19.4527626038,1.05647623539,98603.4606934,25.8899993896,-635.248535156,False
20.1,-0.086,-0.368,-0.194,0.7649187,1.01008495,15.70044665,43.7900009155,43.8082237244,1.93999993801,-0.956218242645,121.93221283,-13.7347106934,19.0021533966,0.89119797945,98603.0151367,26.0299987793,-635.248535156,False
20.200000000000003,0.033,-0.326,-0.245,0.7256921,1.16699135,13.95486295,43.7900009155,43.8082237244,2.12999987602,-0.956218242645,121.93221283,-14.5387439728,18.5382843018,0.773618638515,98604.5349121,26.1599998474,-669.694702148,False
20.3,0.057,-0.326,-0.281,0.6276256,1.53964405,14.50403535,43.7900009155,43.8082237244,2.33999991417,-0.956218242645,121.93221283,-15.0957603455,18.1755065918,0.711545109749,98613.2385254,26.2799987793,-669.694702148,False
20.400000000000002,0.028,-0.331,-0.321,0.59820565,1.32389775,14.317709,43.7900009155,43.8082237244,2.54999995232,-0.956218242645,121.93221283,-16.0736618042,17.495508194,0.521278858185,98614.4287109,26.3899993896,-693.421936035,False
20.5,0.041,-0.339,-0.357,0.73549875,0.8825985,15.36702055,43.7900009155,43.8082237244,2.64999985695,-0.956218242645,121.93221283,-16.4032077789,17.2407951355,0.448434561491,98606.8786621,26.4799995422,-694.421936035,False
20.6,0.322,-0.331,-0.361,0.71588545,1.2356379,13.2782041,43.7900009155,45.1006278992,2.87999987602,-0.351928055286,131.71736145,-17.5021781921,16.3391056061,0.422833770514,98625.6530762,26.5699996948,-702.309631348,False
20.700000000000003,-0.014,-0.343,-0.397,1.02969825,1.0198916,14.77862155,43.7900009155,45.1006278992,3.08999991417,-0.351928055286,131.71736145,-17.7792358398,16.0931301117,0.417192965746,98624.822998,26.6599998474,-701.309570312,False
20.8,-0.109,-0.341,-0.389,1.12776475,1.02969825,14.4157755,43.7900009155,45.1006278992,3.25999999046,-0.351928055286,131.71736145,-18.648727417,15.2541255951,0.335993856192,98633.7219238,26.7600002289,-723.404663086,False
20.900000000000002,-0.127,-0.333,-0.353,0.9610517,0.980665,14.4157755,43.7900009155,46.3343544006,3.40999984741,-1.16820001602,142.058425903,-19.3386917114,14.5332393646,0.249504074454,98622.644043,26.8499984741,-723.404663086,False
21.0,-0.122,-0.342,-0.329,0.81395195,1.0198916,14.0431228,43.7900009155,46.3343544006,3.6099998951,-1.16820001602,142.058425903,-20.2517585754,13.4919166565,0.182549625635,98617.5598145,26.9499988556,-728.760314941,False
21.1,-0.207,-0.391,-0.312,1.16699135,0.40207265,15.3572139,43.7900009155,46.3343544006,3.77999997139,-1.16820001602,142.058425903,-20.7400722504,12.8299226761,0.0768576413393,98622.7172852,27.0499992371,-728.760314941,False
21.200000000000003,-0.145,-0.369,-0.219,0.9218251,0.83356525,15.62199345,43.7900009155,46.3343544006,3.84999990463,-1.16820001602,142.058425903,-21.3268527985,11.9762115479,-0.109331570566,98618.9147949,27.1299991608,-743.858154297,False
21.3,-0.053,-0.378,-0.225,0.77472535,1.2160246,16.40652545,43.7799987793,42.7403373718,3.86999988556,0.609168052673,153.632339478,-21.7660007477,11.25938797,-0.305791854858,98614.5385742,27.1899986267,-743.858154297,False
21.400000000000002,-0.016,-0.402,-0.233,0.79433865,1.0591182,16.6124651,43.7700004578,42.7403373718,3.78999996185,0.609168052673,153.632339478,-22.4099349976,9.9894952774,-0.624909460545,98617.175293,27.2199993134,-760.217834473,False
21.5,0.091,-0.386,-0.292,0.8825985,0.69627215,16.7301449,43.7599983215,42.7403373718,3.66999983788,0.609168052673,153.632339478,-22.7126789093,9.25457668304,-0.751151382923,98634.8754883,27.2099990845,-761.217895508,False
21.6,0.037,-0.349,-0.263,0.7453054,0.6864655,13.99408955,43.75,42.7403373718,3.56999993324,0.609168052673,153.632339478,-23.0233078003,8.39924430847,-0.808335840702,98628.7231445,27.1800003052,-758.255554199,False
21.700000000000003,-0.079,-0.279,-0.271,0.6276256,0.6668522,12.8074849,43.7399978638,42.7403373718,3.4399998188,0.609168052673,153.632339478,-23.2334079742,7.70525932312,-0.864273965359,98617.199707,27.1499996185,-757.255554199,False
21.8,-0.01,-0.284,-0.288,0.5099458,0.7649187,12.67999845,43.7399978638,43.6337509155,3.38999986649,2.5267291069,165.438858032,-23.4825382233,6.73606729507,-0.875692546368,98605.8898926,27.109998703,-759.508117676,False
21.900000000000002,-0.07,-0.299,-0.301,0.3726527,0.83356525,14.5530686,43.7299995422,43.6337509155,3.29999995232,2.5267291069,165.438858032,-23.6960468292,5.62344312668,-1.00154995918,98621.6918945,27.0799999237,-759.508117676,False
22.0,-0.022,-0.313,-0.287,0.30400615,0.93163175,14.6511351,41.8999977112,43.6337509155,3.11999988556,2.5267291069,165.438858032,-23.7954540253,4.86942911148,-1.09865760803,98614.5263672,27.0299987793,-744.840209961,False
22.1,-0.002,-0.307,-0.295,0.2941995,1.0395049,15.11204765,39.7700004578,43.5855903625,2.88999986649,2.82937932014,171.316207886,-23.8708114624,4.1081700325,-1.20839071274,98609.6557617,26.9599990845,-744.840209961,False
22.200000000000003,0.02,-0.318,-0.297,0.4511059,0.8237586,14.7295883,37.3800010681,43.5855903625,2.62999987602,2.82937932014,171.316207886,-23.9266777039,3.16283583641,-1.32868015766,98614.7766113,26.8799991608,-730.689025879,False
22.3,-0.006,-0.31,-0.275,0.42168595,0.69627215,14.07254275,34.7000007629,43.5855903625,2.29999995232,2.82937932014,171.316207886,-23.9331665039,2.22753787041,-1.42837679386,98619.4091797,26.7799987793,-730.689025879,False
22.400000000000002,-0.011,-0.29,-0.264,0.4118793,0.57859235,12.87613145,31.9799995422,43.5855903625,2.03999996185,2.82937932014,171.316207886,-23.8915596008,1.39046871662,-1.40400600433,98627.3498535,26.6700000763,-707.776611328,False
22.5,-0.032,-0.303,-0.256,0.2549729,0.99047165,12.20927925,29.1499996185,44.1985282898,1.82999992371,3.56619119644,-177.682647705,-23.7952728271,0.438228487968,-1.33865213394,98613.482666,26.5699996948,-707.776611328,False
22.6,-0.113,-0.25,-0.246,0.20593965,1.26505785,11.40513395,26.3199996948,44.1985282898,1.65999996662,3.56619119644,-177.682647705,-23.6583404541,-0.434983789921,-1.2702960968,98602.355957,26.4799995422,-708.885559082,False
22.700000000000003,-0.37,-0.249,-0.271,0.2353596,1.0395049,12.64077185,23.2600002289,44.1985282898,1.48000001907,3.56619119644,-177.682647705,-23.5317764282,-1.06817924976,-1.31924271584,98608.8012695,26.4099998474,-708.885559082,False
22.8,-0.383,-0.243,-0.301,0.1765197,1.0787315,14.1411893,19.6499996185,44.1985282898,1.15999996662,3.56619119644,-177.682647705,-23.343914032,-1.85258734226,-1.47519743443,98598.6633301,26.3299999237,-691.210205078,False
22.900000000000002,-0.295,-0.192,-0.316,0.00980665,1.1179581,12.7290317,16.0,44.1985282898,0.789999961853,3.56619119644,-177.682647705,-23.1759204865,-2.38423371315,-1.54824233055,98606.8725586,26.2299995422,-691.210205078,False
23.0,-0.164,-0.223,-0.313,0.0196133,0.63743225,14.3765489,12.2299995422,37.7969551086,0.399999976158,3.56368589401,-168.531814575,-22.8686962128,-3.27892613411,-1.74183881283,98602.0690918,26.109998703,-666.668151855,False
23.1,-0.526,-0.224,-0.255,0.06864655,0.2353596,13.0036179,8.1799993515,37.7969551086,-0.0899999961257,3.56368589401,-168.531814575,-22.661655426,-3.80262970924,-1.80757462978,98597.65625,25.9599990845,-666.668151855,False
23.200000000000003,-0.635,-0.188,-0.178,0.00980665,0.3334261,11.56204035,4.44999980927,37.7969551086,-0.569999992847,3.56368589401,-168.531814575,-22.3096466064,-4.54385471344,-1.81222903728,98591.0705566,25.8099994659,-626.182739258,False
23.3,-0.449,-0.17,-0.126,-0.14709975,0.5491724,11.1403544,1.12999999523,37.7969551086,-0.989999949932,3.56368589401,-168.531814575,-22.041103363,-4.98425722122,-1.85309028625,98592.4194336,25.6499996185,-626.182739258,False
23.400000000000002,-0.438,-0.165,-0.088,-0.0980665,0.5295591,12.34657235,-1.83999991417,37.7969551086,-1.44999992847,3.56368589401,-168.531814575,-21.8729686737,-5.22358608246,-1.9265614748,98587.5,25.4799995422,-610.119262695,False
23.5,-0.494,-0.143,-0.081,-0.1372931,0.4903325,13.09187775,-4.82999992371,25.6713600159,-2.07999992371,5.11778354645,-160.461593628,-21.4543399811,-5.70679712296,-2.15322327614,98587.7685547,25.2999992371,-610.119262695,False
23.6,-0.538,-0.057,-0.082,-0.2549729,0.63743225,10.6107953,-7.2999997139,25.6713600159,-2.69000005722,5.11778354645,-160.461593628,-21.2427139282,-5.85644626617,-2.1712782383,98580.0109863,25.1000003815,-571.510131836,False
23.700000000000003,-0.638,-0.021,-0.083,-0.5687857,1.12776475,11.50320045,-9.13999938965,25.6713600159,-3.25999999046,5.11778354645,-160.461593628,-21.0564346313,-5.95367574692,-2.21251320839,98578.3874512,24.8999996185,-571.510131836,False
23.8,-0.709,0.069,-0.157,-0.8237586,1.30428445,9.22805765,-10.4200000763,16.066778183,-3.8599998951,5.55195474625,-158.588256836,-20.7855892181,-5.97621917725,-2.13493990898,98572.5891113,24.6800003052,-543.477416992,False
23.900000000000002,-0.641,0.092,-0.206,-0.8041453,0.8629852,8.67888525,-11.3199996948,16.066778183,-4.36000013351,5.55195474625,-158.588256836,-20.6501960754,-5.97002267838,-2.04225993156,98567.1081543,24.4699993134,-543.477416992,False
24.0,-0.48,0.077,-0.201,-0.57859235,0.1765197,8.5317855,-12.0900001526,16.066778183,-4.81999969482,5.55195474625,-158.588256836,-20.4820365906,-5.91785526276,-1.85284328461,98566.9799805,24.2699985504,-505.138793945,False
24.1,-0.428,0.073,-0.153,-0.7256921,0.3334261,7.28634095,-12.6499996185,16.066778183,-5.19000005722,5.55195474625,-158.588256836,-20.4032402039,-5.86867570877,-1.67986476421,98565.3259277,24.0699996948,-505.138793945,False
24.200000000000003,-0.325,0.053,-0.129,-0.9022118,0.2549729,8.4533323,-13.1599998474,2.62997674942,-5.5,3.12884259224,-154.408187866,-20.2350063324,-5.75805139542,-1.43196821213,98562.1643066,23.8999996185,-466.778381348,False
24.3,-0.114,0.063,-0.046,-0.8825985,0.26477955,7.36479415,-13.5499992371,2.62997674942,-5.76999998093,3.12884259224,-154.408187866,-20.1335315704,-5.67473077774,-1.11947607994,98556.072998,23.75,-466.778381348,False
24.400000000000002,-0.258,0.042,-0.012,-0.9022118,0.22555295,8.18855275,-13.8899993896,2.62997674942,-5.90999984741,3.12884259224,-154.408187866,-20.029291153,-5.55579900742,-0.932183027267,98558.7341309,23.6199989319,-443.861572266,False
24.5,-0.316,0.025,0.024,-0.9610517,0.392266,9.3751574,-14.0499992371,-1.96323692799,-6.11999988556,2.25765323639,-153.674697876,-19.9728870392,-5.46662282944,-0.896682739258,98555.279541,23.5199985504,-443.861572266,False
24.6,-0.26,0.046,0.06,-0.9414384,0.46091255,8.5513988,-14.0799999237,-1.96323692799,-6.33999967575,2.25765323639,-153.674697876,-19.8722076416,-5.22748994827,-0.767244935036,98556.8725586,23.4300003052,-413.209899902,False
24.700000000000003,-0.318,0.024,0.074,-0.9414384,0.6668522,9.50264385,-13.8800001144,-1.96323692799,-6.50999975204,2.25765323639,-153.674697876,-19.8424854279,-5.09884548187,-0.729926168919,98551.5319824,23.3500003815,-413.209899902,False
24.8,-0.314,0.079,0.023,-0.8041453,0.26477955,8.1983594,-13.5199995041,-1.96323692799,-6.67000007629,2.25765323639,-153.674697876,-19.7826900482,-4.81218099594,-0.477870941162,98550.7568359,23.2799987793,-385.486206055,False
24.900000000000002,-0.173,0.05,0.034,-0.8825985,0.42168595,8.1983594,-13.1999998093,-1.96323692799,-6.73000001907,2.25765323639,-153.674697876,-19.7661190033,-4.68549966812,-0.377725481987,98551.2817383,23.2199993134,-385.486206055,False
25.0,-0.206,0.018,0.028,-0.81395195,0.4118793,9.0809579,-12.7299995422,-8.43393325806,-6.81999969482,1.06722080708,-154.494064331,-19.7450408936,-4.37316036224,-0.200387060642,98548.9990234,23.1700000763,-355.5597229,False
25.1,-0.045,0.056,0.038,-0.7649187,0.2941995,8.56120545,-12.2199993134,-8.43393325806,-6.85999965668,1.06722080708,-154.494064331,-19.7359313965,-4.15698862076,-0.0819666385651,98550.0,23.1299991608,-355.5597229,False
25.200000000000003,0.006,0.036,0.056,-0.5687857,0.0196133,10.20872265,-11.6999998093,-8.43393325806,-6.92000007629,1.06722080708,-154.494064331,-19.7431602478,-3.93113994598,-0.0560315810144,98549.7314453,23.109998703,-339.493743896,False
25.3,0.0,0.054,0.085,-0.588399,0.00980665,9.4732239,-11.1599998474,-8.43393325806,-7.0,1.06722080708,-154.494064331,-19.7439250946,-3.75977754593,0.00370609853417,98551.4953613,23.0900001526,-339.493743896,False
25.400000000000002,-0.043,0.064,0.118,-0.57859235,0.1569064,8.6102387,-10.6300001144,-10.1497650146,-7.0499997139,-0.536128282547,-156.116409302,-19.759979248,-3.49722647667,0.13634313643,98549.3041992,23.0699996948,-323.519134521,False
25.5,-0.113,0.045,0.127,-0.6276256,0.4707192,9.3555441,-10.0100002289,-10.1497650146,-7.05999994278,-0.536128282547,-156.116409302,-19.7822971344,-3.31947779655,0.22396658361,98550.604248,23.0699996948,-323.519134521,False
25.6,-0.058,0.075,0.122,-0.69627215,0.46091255,8.433719,-9.31999969482,-10.1497650146,-7.00999975204,-0.536128282547,-156.116409302,-19.8014183044,-3.06465578079,0.495383322239,98549.6398926,23.0799999237,-311.863342285,False
25.700000000000003,0.007,0.1,0.078,-0.6080123,0.1765197,7.3353742,-8.75,-11.2233781815,-6.83999967575,-2.14730381966,-157.792419434,-19.8102645874,-2.91581106186,0.735168755054,98550.1403809,23.109998703,-311.863342285,False
25.8,-0.026,0.077,0.081,-0.57859235,0.24516625,7.44324735,-8.25,-11.2233781815,-6.57999992371,-2.14730381966,-157.792419434,-19.8394355774,-2.72392487526,0.985475301743,98551.2084961,23.1599998474,-306.959899902,False
25.900000000000002,-0.008,0.051,0.068,-0.50013915,0.2941995,8.5906254,-7.59999990463,-11.2233781815,-6.30999994278,-2.14730381966,-157.792419434,-19.8813476562,-2.52665138245,1.17119109631,98549.7192383,23.25,-306.959899902,False
26.0,0.084,0.043,0.062,-0.5295591,0.3334261,8.2768126,-7.03999996185,-11.2233781815,-5.98999977112,-2.14730381966,-157.792419434,-19.9157066345,-2.34787631035,1.36787736416,98553.112793,23.3500003815,-295.47958374,False
26.1,0.126,0.054,0.068,-0.44129925,0.08825985,8.825985,-6.48999977112,-10.3093976974,-5.63999986649,-3.7027015686,-159.271362305,-19.9622993469,-2.17929601669,1.50262606144,98555.2185059,23.4799995422,-295.47958374,False
26.200000000000003,0.074,0.036,0.091,-0.46091255,0.0392266,8.81617835,-5.96000003815,-10.3093976974,-5.31999969482,-3.7027015686,-159.271362305,-20.0061206818,-2.01888179779,1.61825692654,98558.6669922,23.6199989319,-293.515777588,False
26.3,-0.013,0.037,0.116,-0.3726527,0.1569064,8.99269805,-5.46999979019,-10.3093976974,-4.94999980927,-3.7027015686,-159.271362305,-20.0605564117,-1.85470473766,1.73282086849,98558.0932617,23.7699985504,-293.515777588,False
26.400000000000002,0.048,0.019,0.115,-0.44129925,0.24516625,9.12999115,-4.94999980927,-10.3093976974,-4.52999973297,-3.7027015686,-159.271362305,-20.1081943512,-1.66907429695,1.89865970612,98562.7258301,23.9300003052,-293.502227783,False
26.5,0.055,0.01,0.114,-0.46091255,0.2549729,9.46341725,-4.40999984741,-10.3093976974,-4.07999992371,-3.7027015686,-159.271362305,-20.1533470154,-1.54084312916,1.95666956902,98563.2263184,24.109998703,-293.502227783,False
26.6,0.19,-0.01,0.101,-0.38245935,0.2549729,9.81645665,-3.87999987602,-9.09195137024,-3.63999986649,-4.80143070221,-161.961227417,-20.2079200745,-1.39447700977,2.00343847275,98568.3166504,24.2999992371,-296.272644043,False
26.700000000000003,0.21,-0.009,0.092,-0.46091255,0.22555295,9.7674234,-3.39999985695,-9.09195137024,-3.23000001907,-4.80143070221,-161.961227417,-20.2653522491,-1.26892971992,2.00468564034,98568.8415527,24.4899997711,-296.272644043,False
26.8,0.228,-0.034,0.091,-0.3530394,0.3334261,10.85596155,-3.0,-9.09195137024,-2.84999990463,-4.80143070221,-161.961227417,-20.3245296478,-1.15809309483,1.92115688324,98573.3642578,24.6899986267,-299.120147705,False
26.900000000000002,-0.019,-0.046,0.12,-0.10787315,0.3138128,11.3953273,-2.62999987602,-5.5222568512,-2.52999997139,-4.45113945007,-164.331848145,-20.398607254,-1.02909636497,1.77786719799,98574.9450684,24.8699989319,-299.120147705,False
27.0,0.023,-0.049,0.109,-0.02941995,0.196133,11.40513395,-2.16999983788,-5.5222568512,-2.26999998093,-4.45113945007,-164.331848145,-20.4674816132,-0.903500556946,1.61403954029,98581.1157227,25.0399990082,-305.216217041,False
27.1,-0.02,-0.027,0.102,-0.0196133,0.4118793,10.6500219,-1.67999994755,-5.5222568512,-2.00999999046,-4.45113945007,-164.331848145,-20.5258712769,-0.787290334702,1.58523738384,98583.5083008,25.1999988556,-305.216217041,False
27.200000000000003,-0.069,-0.019,0.086,-0.2353596,0.588399,9.9243298,-1.22000002861,-5.5222568512,-1.69999992847,-4.45113945007,-164.331848145,-20.5862197876,-0.641210258007,1.59060847759,98582.0373535,25.3500003815,-314.051818848,False
27.3,0.021,-0.013,0.056,0.0,0.18632635,9.6497436,-0.689999997616,-5.627576828,-1.37000000477,-3.92044830322,-166.74041748,-20.6285095215,-0.54751765728,1.62767446041,98583.7219238,25.5,-314.051818848,False
27.400000000000002,0.025,-0.013,0.045,0.1372931,0.2353596,9.42419065,-0.229999989271,-5.627576828,-1.37000000477,-3.92044830322,-166.74041748,-20.648223877,-0.501399159431,1.65287101269,98587.7929688,25.5,-314.051818848,False
27.5,-0.056,-0.056,0.051,0.0,0.51975245,10.787315,0.239999994636,-5.627576828,-0.610000014305,-3.92044830322,-166.74041748,-20.7409877777,-0.335263222456,1.6413872242,98586.5661621,25.8199996948,-273.295227051,False
27.6,0.026,-0.046,0.036,0.0,0.5491724,10.87557485,0.879999995232,-5.627576828,-0.280000001192,-3.92044830322,-166.74041748,-20.8169784546,-0.171586737037,1.57747375965,98590.3503418,25.9799995422,-281.059082031,False
27.700000000000003,-0.035,-0.047,0.044,0.1765197,0.3138128,10.81673495,1.51999998093,-5.627576828,0.019999999553,-3.92044830322,-166.74041748,-20.8646278381,-0.0620117112994,1.48885905743,98596.5270996,26.1399993896,-281.059082031,False
27.8,-0.149,-0.059,0.062,0.3334261,0.2941995,11.3168741,2.21000003815,-6.32534885406,0.280000001192,-2.86313676834,-168.234573364,-20.9520587921,0.135780379176,1.32932329178,98597.2167969,26.2799987793,-294.388000488,False
27.900000000000002,-0.051,-0.06,0.064,0.28439285,0.0784532,11.28745415,2.97000002861,-6.32534885406,0.519999980927,-2.86313676834,-168.234573364,-20.9858570099,0.22555975616,1.30760931969,98595.0744629,26.4099998474,-294.388000488,False
28.0,0.153,-0.069,0.054,0.44129925,0.10787315,10.9246081,3.74000000954,-6.32534885406,0.789999961853,-2.86313676834,-168.234573364,-21.0600013733,0.380588233471,1.18450057507,98597.8027344,26.5399990082,-306.450653076,False
28.1,0.305,-0.05,0.078,0.3530394,0.3530394,9.8262633,4.73999977112,-5.73910331726,1.0,-1.8289154768,-169.372741699,-21.1083946228,0.4888664186,1.14648830891,98603.2226562,26.6599998474,-306.450653076,False
28.200000000000003,0.256,-0.038,0.088,0.4118793,0.2157463,9.5909037,5.27999973297,-5.73910331726,1.26999998093,-1.8289154768,-169.372741699,-21.1324214935,0.577278912067,1.20632445812,98605.8166504,26.7699985504,-309.788879395,False
28.3,0.161,-0.047,0.074,0.4511059,0.30400615,9.610517,6.92000007629,-5.73910331726,1.57999992371,-1.8289154768,-169.372741699,-21.1579990387,0.639074921608,1.20529401302,98606.2194824,26.8899993896,-309.788879395,False
28.400000000000002,0.151,-0.046,0.074,0.24516625,0.69627215,9.69877685,7.39999961853,-5.73910331726,1.89999997616,-1.8289154768,-169.372741699,-21.1877231598,0.694616913795,1.21570253372,98611.2304688,27.0100002289,-323.937225342,False
28.5,0.092,-0.073,0.05,0.32361945,0.44129925,10.6107953,7.91999959946,-0.440161138773,2.23000001907,-0.40841293335,-171.464553833,-21.210144043,0.762310683727,1.19095230103,98608.9538574,27.1399993896,-323.937225342,False
28.6,0.145,-0.035,0.013,0.6276256,0.3530394,9.40457735,12.1199998856,-0.440161138773,2.53999996185,-0.40841293335,-171.464553833,-21.212518692,0.794161498547,1.20073795319,98613.9404297,27.2699985504,-332.308197021,False
28.700000000000003,-0.015,-0.071,8.69499227395e-18,0.67665885,0.36284605,11.2384209,12.6099996567,-0.440161138773,2.8599998951,-0.40841293335,-171.464553833,-21.2431087494,0.827119410038,1.06062674522,98612.2253418,27.3999996185,-333.308227539,False
28.8,-0.016,-0.063,-0.003,0.5099458,0.51975245,10.6304086,16.0,-0.440161138773,3.08999991417,-0.40841293335,-171.464553833,-21.2425689697,0.843922078609,1.05046772957,98612.4267578,27.5199985504,-283.358398438,False
28.900000000000002,0.222,-0.074,0.013,0.51975245,0.06864655,10.69905515,16.4200000763,0.702830195427,3.36999988556,0.886914670467,-171.751495361,-21.250202179,0.810173511505,0.925582230091,98619.0856934,27.6399993896,-282.35836792,False
29.0,0.267,-0.086,0.055,0.46091255,0.392266,11.91507975,16.7600002289,0.702830195427,3.55999994278,0.886914670467,-171.751495361,-21.2428627014,0.793323993683,0.744808375835,98618.3959961,27.75,-290.456207275,False
29.1,0.302,-0.079,0.062,0.784532,0.7453054,11.9052731,24.5,0.702830195427,3.65999984741,0.886914670467,-171.751495361,-21.2257843018,0.774322211742,0.515820324421,98622.668457,27.8299999237,-290.456207275,False
29.200000000000003,0.285,-0.047,0.03,0.73549875,0.65704555,11.16977435,24.9599990845,5.43379116058,3.72000002861,2.38651800156,-172.585983276,-21.2151165009,0.701559603214,0.425125360489,98624.9267578,27.8999996185,-289.448730469,False
29.3,0.414,-0.062,-0.026,0.75511205,0.588399,10.3362091,29.0999984741,5.43379116058,3.83999991417,2.38651800156,-172.585983276,-21.1959781647,0.657762050629,0.399132430553,98625.1159668,27.9599990845,-289.448730469,False
29.400000000000002,-0.008,-0.083,0.015,1.02969825,1.10815145,13.0624578,29.4299983978,5.43379116058,3.89999985695,2.38651800156,-172.585983276,-21.1667289734,0.552145838737,0.154290691018,98622.6013184,28.0100002289,-291.060241699,False
29.5,0.283,-0.025,-0.151,0.73549875,0.8629852,10.2185293,34.969997406,5.43379116058,3.82999992371,2.38651800156,-172.585983276,-21.1463394165,0.497810959816,0.00497087044641,98624.7314453,28.0399990082,-291.060241699,False
29.6,0.403,-0.026,-0.133,0.97085835,0.8237586,10.8265416,35.4199981689,11.6674947739,3.8599998951,3.7085006237,-171.048156738,-21.0972557068,0.309224784374,-0.1550142169,98622.0275879,28.0499992371,-292.742340088,False
29.700000000000003,0.426,-0.011,-0.166,1.0983448,0.5491724,10.89518815,35.7900009155,11.6674947739,3.83999991417,3.7085006237,-171.048156738,-21.0805950165,0.124720044434,-0.220445230603,98623.5290527,28.0499992371,-292.742340088,False
29.8,0.477,-0.02,-0.221,1.02969825,0.24516625,11.22861425,41.4099998474,11.6674947739,3.82999992371,3.7085006237,-171.048156738,-21.0425376892,-0.14967367053,-0.275335282087,98625.8972168,28.0399990082,-296.462646484,False
29.900000000000002,0.649,0.001,-0.139,0.83356525,0.6668522,10.44408225,41.4799995422,11.6674947739,3.82999992371,3.7085006237,-171.048156738,-20.9990329742,-0.43152359128,-0.232939839363,98621.9421387,28.0299987793,-296.462646484,False
30.0,0.744,-0.037,-0.17,0.77472535,0.79433865,9.8458766,43.7399978638,11.6674947739,3.92999982834,3.7085006237,-171.048156738,-20.9432945251,-0.803107917309,-0.190351068974,98623.1567383,28.0199985504,-296.381774902,False
30.1,0.568,-0.057,-0.154,0.97085835,0.8825985,12.2386992,43.6100006104,11.6674947739,3.99000000954,3.7085006237,-171.048156738,-20.8709506989,-1.1826145649,-0.265659600496,98625.1403809,28.0100002289,-297.381774902,False
30.200000000000003,0.518,-0.108,-0.141,1.0002783,-0.48052585,10.8265416,43.7399978638,28.9773273468,4.0,2.60130190849,-165.928131104,-20.7240219116,-1.85214293003,-0.278977364302,98627.4963379,28.0100002289,-295.026580811,False
30.3,0.518,-0.108,-0.141,1.0002783,-0.48052585,10.8265416,43.7299995422,28.9773273468,4.05999994278,2.60130190849,-165.928131104,-20.6334609985,-2.2750210762,-0.117027312517,98631.7871094,28.0,-294.026550293,False
30.400000000000002,0.443,-0.107,-0.089,0.8629852,0.196133,9.5712904,43.719997406,28.9773273468,4.33999967575,2.60130190849,-165.928131104,-20.4949073792,-2.86248755455,0.00750660942867,98623.3825684,28.0100002289,-283.918945312,False
30.5,0.259,-0.241,-0.026,1.01008495,1.14737805,14.4550021,43.6599998474,28.9773273468,4.42000007629,2.60130190849,-165.928131104,-20.2608394623,-3.62121295929,-0.230358690023,98628.2226562,28.0399990082,-283.918945312,False
30.6,0.184,-0.246,-0.112,1.2356379,0.65704555,14.3569356,43.6199989319,28.9773273468,4.31999969482,2.60130190849,-165.928131104,-20.0275554657,-4.38955545425,-0.372247368097,98631.6467285,28.0499992371,-283.628845215,False
30.700000000000003,-0.219,-0.259,-0.081,1.61809725,1.765197,15.8279331,43.5599975586,38.2575035095,4.19000005722,4.82400655746,-160.919845581,-19.7140293121,-5.29212236404,-0.726310431957,98623.4741211,28.0399990082,-283.628845215,False
30.8,-0.229,-0.139,-0.192,1.36312435,1.40235095,12.22889255,43.5599975586,38.2575035095,3.92999982834,4.82400655746,-160.919845581,-19.4671459198,-5.96313714981,-0.931996583939,98632.9650879,28.0,-277.181427002,False
30.900000000000002,-0.401,-0.215,-0.319,2.0790098,0.5687857,16.9262779,43.5799980164,38.2575035095,3.61999988556,4.82400655746,-160.919845581,-19.1803798676,-6.6776676178,-1.29954242706,98625.2685547,27.9399986267,-277.181427002,False
31.0,0.613,-0.142,-0.287,1.42196425,0.81395195,16.2398124,43.5999984741,35.5647773743,3.15999984741,5.38424301147,-155.602172852,-18.743429184,-7.64448451996,-1.59111642838,98621.8200684,27.8299999237,-277.596466064,False
31.1,0.306,-0.187,-0.196,1.48080415,0.30400615,13.2782041,43.5900001526,35.5647773743,2.76999998093,5.38424301147,-155.602172852,-18.4847583771,-8.23226356506,-1.59274089336,98623.6450195,27.6899986267,-277.596466064,False
31.200000000000003,0.027,-0.14,-0.134,1.34351105,0.48052585,10.4342756,43.5799980164,35.5647773743,2.5,5.38424301147,-155.602172852,-18.2178573608,-8.84379673004,-1.4416821003,98618.359375,27.5399990082,-318.072509766,False
31.3,0.022,-0.175,-0.119,1.6082906,0.36284605,12.2779258,43.5599975586,41.4482421875,2.28999996185,5.3583073616,-150.689651489,-17.9001617432,-9.53357124329,-1.39230239391,98620.6481934,27.3899993896,-319.072540283,False
31.400000000000002,-0.103,-0.171,-0.082,1.6475172,1.6867438,15.05320775,43.5299987793,41.4482421875,2.0,5.3583073616,-150.689651489,-17.5131778717,-10.2577562332,-1.55219697952,98618.4570312,27.2600002289,-320.533172607,False
31.5,-0.467,-0.201,-0.105,1.75539035,1.9221034,16.01425945,43.5099983215,41.4482421875,1.97999989986,5.3583073616,-150.689651489,-17.3339214325,-10.5728187561,-1.69015955925,98620.904541,27.2600002289,-320.533172607,False
31.6,0.063,-0.048,-0.29,1.1964113,2.75566865,15.09243435,43.5699996948,39.8234329224,0.839999973774,5.64419984818,-146.858596802,-16.6671829224,-11.6018896103,-2.19014549255,98613.873291,26.9499988556,-331.432739258,False
31.700000000000003,-0.073,-0.019,-0.416,1.42196425,2.20649625,15.886773,43.6800003052,39.8234329224,0.129999995232,5.64419984818,-146.858596802,-16.2145614624,-12.2671070099,-2.56420612335,98612.2314453,26.7399997711,-331.432739258,False
31.8,-0.19,-0.049,-0.576,0.9218251,1.50041745,14.6511351,43.75,39.8234329224,-0.689999997616,5.64419984818,-146.858596802,-15.9076004028,-12.7173929214,-2.6863090992,98617.4377441,26.5,-343.842498779,False
31.900000000000002,0.001,0.025,-0.602,0.9022118,0.83356525,6.69794195,43.7900009155,39.8234329224,-1.25,5.64419984818,-146.858596802,-15.5827150345,-13.2569875717,-2.34032249451,98602.7404785,26.2299995422,-343.842498779,False
32.0,-0.063,-0.089,-0.529,0.71588545,1.0591182,9.26728425,43.7799987793,38.415435791,-1.63999998569,-1.63283777237,-136.650726318,-15.3782291412,-13.5591888428,-2.15705919266,98603.6987305,25.9899997711,-406.817810059,False
32.1,-0.223,-0.103,-0.461,0.8237586,0.75511205,7.69822025,43.719997406,38.415435791,-2.00999999046,-1.63283777237,-136.650726318,-15.116774559,-13.9675321579,-1.79752576351,98596.0449219,25.7600002289,-406.817810059,False
32.2,-0.358,-0.088,-0.445,0.4707192,1.0198916,7.42363405,43.6800003052,38.415435791,-2.27999997139,-1.63283777237,-136.650726318,-15.003030777,-14.1526927948,-1.61429655552,98590.625,25.5799999237,-417.622558594,False
32.300000000000004,-0.313,-0.141,-0.445,0.48052585,0.46091255,10.2381426,43.6399993896,34.0614395142,-2.52999997139,-4.56479263306,-130.12612915,-14.6807804108,-14.578783989,-1.35216510296,98589.9169922,25.4300003052,-417.622558594,False
32.4,-0.51,-0.031,-0.394,0.61781895,0.18632635,1.4906108,43.5699996948,34.0614395142,-2.55999994278,-4.56479263306,-130.12612915,-14.7011222839,-14.6779155731,-0.271764099598,98583.2702637,25.2999992371,-379.185119629,False
32.5,0.168,-0.035,-0.337,0.3138128,-0.18632635,2.14765635,43.5400009155,34.0614395142,-2.55999994278,-4.56479263306,-130.12612915,-14.6901702881,-14.7138614655,-0.1098722592,98580.7739258,25.2999992371,-379.185119629,False
32.6,0.168,-0.035,-0.337,0.3138128,-0.18632635,2.14765635,43.4899978638,34.0614395142,-1.48000001907,-4.56479263306,-130.12612915,-14.3699464798,-15.0476121902,0.76063734293,98580.7739258,25.2899990082,-398.838439941,False
32.7,0.721,-0.168,-0.221,0.08825985,0.55897905,8.9632781,43.4799995422,35.3446731567,-1.07999992371,-6.85678434372,-122.23625946,-14.0689783096,-15.3268060684,0.939508974552,98579.2785645,25.3699989319,-398.838439941,False
32.800000000000004,0.669,-0.115,-0.323,0.12748645,-0.8237586,8.77695175,43.4599990845,35.3446731567,-0.610000014305,-6.85678434372,-122.23625946,-13.6580114365,-15.6483869553,1.29630041122,98578.3569336,25.4699993134,-395.915405273,False
32.9,0.344,-0.283,-0.109,0.22555295,0.5295591,9.60071035,43.5400009155,35.3446731567,-0.0599999986589,-6.85678434372,-122.23625946,-13.1118812561,-16.0677814484,1.57241344452,98579.5532227,25.609998703,-395.915405273,False
33.0,0.238,-0.345,-0.148,0.2353596,0.8433719,11.9444997,43.5799980164,35.3446731567,0.389999985695,-6.85678434372,-122.23625946,-12.6045341492,-16.4360694885,1.58999478817,98584.0026855,25.7600002289,-403.111083984,False
33.1,0.292,-0.359,-0.181,0.7453054,0.93163175,13.93524965,43.6100006104,43.431678772,0.399999976158,-5.54735136032,-115.630157471,-12.3165454865,-16.6270217896,1.55435431004,98590.7775879,25.7600002289,-403.111083984,False
33.2,0.165,-0.338,-0.206,1.0983448,0.5687857,12.7878716,43.7000007629,43.431678772,1.13999998569,-5.54735136032,-115.630157471,-11.6326599121,-17.0766830444,1.60625505447,98595.3674316,26.0599994659,-388.304901123,False
33.300000000000004,0.209,-0.388,-0.196,1.0591182,0.980665,14.24906245,43.7399978638,43.431678772,1.5,-5.54735136032,-115.630157471,-10.2385129929,-17.8917598724,1.51407623291,98601.550293,26.2099990845,-388.304901123,False
33.4,-0.096,-0.382,-0.206,1.40235095,1.4317709,15.3768272,43.7599983215,43.431678772,1.75999999046,-5.54735136032,-115.630157471,-9.54078197479,-18.2403068542,1.38004827499,98604.5288086,26.359998703,-386.483001709,False
33.5,-0.062,-0.349,-0.306,1.14737805,1.3140911,14.99436785,43.7599983215,45.3284873962,1.94999992847,-2.64919400215,-106.592468262,-8.63658046722,-18.6349086761,1.20427942276,98604.6569824,26.5,-385.482971191,False
33.6,0.094,-0.331,-0.366,0.99047165,1.3140911,13.7881499,43.7599983215,45.3284873962,2.14999985695,-2.64919400215,-106.592468262,-8.28463840485,-18.7673625946,1.15327751637,98608.7585449,26.6199989319,-396.314056396,False
33.7,0.072,-0.352,-0.377,0.91201845,1.2160246,13.2782041,43.7599983215,45.3284873962,2.44000005722,-2.64919400215,-106.592468262,-7.15424966812,-19.1442890167,1.14454329014,98614.4104004,26.7299995422,-396.314056396,False
33.800000000000004,-0.063,-0.398,-0.34,1.0983448,1.38273765,15.9063863,43.7599983215,45.3284873962,2.63999986649,-2.64919400215,-106.592468262,-5.92419958115,-19.4379463196,0.898156821728,98610.6994629,26.8400001526,-393.054779053,False
33.9,-0.177,-0.404,-0.397,1.28467115,0.95124505,16.46536535,43.75,45.3284873962,2.65999984741,-2.64919400215,-106.592468262,-4.84312009811,-19.6492767334,0.642477631569,98600.012207,26.9399986267,-393.054779053,False
34.0,-0.057,-0.383,-0.401,1.2748645,0.5687857,15.1806942,41.5699996948,44.725730896,2.70000004768,-2.55997419357,-91.5645446777,-3.641674757,-19.8061485291,0.522005558014,98607.4829102,27.0100002289,-379.739013672,False
34.1,-0.058,-0.399,-0.34,1.14737805,0.69627215,14.28828905,39.3400001526,44.725730896,2.77999997139,-2.55997419357,-91.5645446777,-2.86295437813,-19.8644924164,0.445562958717,98614.9536133,27.0699996948,-379.739013672,False
34.2,0.06,-0.404,-0.314,1.176798,0.6864655,15.2395341,36.8099975586,44.725730896,2.81999993324,-2.55997419357,-91.5645446777,-1.54769921303,-19.8623199463,0.17737801373,98617.8283691,27.0999984741,-368.075378418,False
34.300000000000004,0.016,-0.471,-0.252,1.28467115,0.9022118,18.240369,33.2900009155,44.6002731323,2.67999982834,-0.594581365585,-79.9905929565,-0.781816661358,-19.8203125,-0.0488324724138,98618.4204102,27.1199989319,-368.075378418,False
34.4,0.153,-0.443,-0.209,1.30428445,0.93163175,17.7500365,29.0399990082,44.6002731323,2.46000003815,-0.594581365585,-79.9905929565,0.888248085976,-19.6103496552,-0.506079912186,98615.8935547,27.1199989319,-372.353179932,False
34.5,0.236,-0.454,-0.173,1.4121576,1.53964405,18.05404265,24.25,44.6002731323,2.20000004768,-0.594581365585,-79.9905929565,2.09357571602,-19.3643989563,-0.85098785162,98614.7949219,27.0900001526,-372.353179932,False
34.6,-0.228,-0.438,-0.189,1.18660465,1.5886773,17.3577705,18.9699993134,44.6002731323,1.79999995232,-0.594581365585,-79.9905929565,3.15371203423,-19.0687255859,-1.10420572758,98618.6157227,27.0199985504,-360.299499512,False
34.7,-0.557,-0.341,-0.229,1.18660465,1.372931,17.23028405,13.5199995041,42.8073539734,1.37000000477,3.01894116402,-70.014465332,3.95546221733,-18.795917511,-1.35065710545,98613.2385254,26.9300003052,-360.299499512,False
34.800000000000004,-0.712,-0.297,-0.241,1.1179581,1.63771055,16.8085981,7.94000005722,42.8073539734,0.77999997139,3.01894116402,-70.014465332,5.10455656052,-18.296836853,-1.93520879745,98607.635498,26.7999992371,-341.990478516,False
34.9,-1.022,-0.305,-0.237,1.08853815,1.50041745,19.97614605,1.93999993801,42.8073539734,-0.109999999404,3.01894116402,-70.014465332,5.78720474243,-17.9296951294,-2.50559234619,98609.2468262,26.6299991608,-341.990478516,False
35.0,-0.412,-0.129,-0.308,0.5687857,1.0591182,13.5527903,-3.17999982834,42.8073539734,-1.15999996662,3.01894116402,-70.014465332,6.34898805618,-17.5282077789,-2.75638747215,98602.9846191,26.3899993896,-323.502166748,False
35.1,-0.689,-0.144,-0.319,0.5491724,1.0591182,15.36702055,-6.44999980927,42.8073539734,-1.94999992847,3.01894116402,-70.014465332,6.7082529068,-17.2573013306,-3.01269245148,98603.4851074,26.109998703,-323.502166748,False
35.2,-0.895,-0.027,-0.271,0.2157463,0.7453054,11.5914603,-9.89999961853,25.9345016479,-3.0,3.83781886101,-61.2441635132,7.06524753571,-16.8873195648,-3.23245239258,98594.5068359,25.8099994659,-333.404174805,False
35.300000000000004,-0.849,0.004,-0.25,0.0,0.2549729,8.9240515,-12.2199993134,25.9345016479,-3.90999984741,3.83781886101,-61.2441635132,7.07921743393,-16.8498764038,-3.19750547409,98583.1787109,25.4699993134,-333.404174805,False
35.4,-0.726,0.002,-0.209,-0.44129925,0.9414384,8.34545915,-13.9699993134,25.9345016479,-4.69999980927,3.83781886101,-61.2441635132,7.19906902313,-16.5913619995,-3.01010751724,98582.635498,25.1499996185,-316.522796631,False
35.5,-0.753,0.082,-0.193,-0.50013915,0.50013915,6.79600845,-15.0699996948,10.9813623428,-5.2999997139,2.58083105087,-56.8187675476,7.21290826797,-16.4194126129,-2.6887421608,98576.1291504,24.8400001526,-316.522796631,False
35.6,-0.365,-0.002,-0.174,-0.32361945,-0.588399,9.2574776,-16.3400001526,10.9813623428,-5.92000007629,2.58083105087,-56.8187675476,7.22724342346,-16.256685257,-2.5984120369,98576.3366699,24.5499992371,-293.112365723,False
35.7,-0.204,0.02,0.053,-0.4707192,0.4314926,8.91424485,-17.3299999237,10.9813623428,-6.52999973297,2.58083105087,-56.8187675476,7.21065568924,-16.2016162872,-2.52991104126,98567.3339844,24.2799987793,-293.112365723,False
35.800000000000004,0.096,0.021,-0.005,-0.4314926,0.14709975,9.1594111,-18.1199989319,10.9813623428,-7.10999965668,2.58083105087,-56.8187675476,7.12177705765,-16.0048999786,-2.22083306313,98563.5620117,24.0299987793,-271.451171875,False
35.9,0.345,0.028,0.043,-0.4903325,0.4511059,7.07059465,-18.9099998474,7.46999692917,-7.50999975204,1.92662990093,-55.4530181885,7.10264444351,-15.9275112152,-2.03737878799,98560.1623535,23.7999992371,-271.451171875,False
36.0,0.173,-0.001,0.034,0.0,0.53936575,13.34685065,-19.8699989319,7.46999692917,-8.02999973297,1.92662990093,-55.4530181885,7.15324401855,-15.7390346527,-2.4965133667,98554.309082,23.5799999237,-241.530609131,False
36.1,-0.629,0.018,0.06,-0.34323275,0.2941995,12.40541225,-21.0799999237,7.46999692917,-9.0,1.92662990093,-55.4530181885,7.14687013626,-15.6274938583,-2.63972377777,98552.734375,23.3400001526,-241.530609131,False
36.2,-1.049,0.121,0.087,-0.5295591,0.9022118,8.65927195,-21.7700004578,7.46999692917,-9.75,1.92662990093,-55.4530181885,7.08840417862,-15.579331398,-2.57484316826,98551.7333984,23.0699996948,-222.717102051,False
36.300000000000004,-0.733,0.267,0.013,-0.59820565,1.3140911,4.69738535,-21.9499988556,7.46999692917,-10.2699995041,1.92662990093,-55.4530181885,6.80988359451,-15.5750379562,-1.90559625626,98547.8393555,22.7999992371,-222.717102051,False
36.4,-0.416,0.259,-0.104,-0.50013915,0.46091255,5.10926465,-22.0299987793,-6.26711797714,-10.4799995422,-0.594298362732,-56.4942321777,6.66768360138,-15.5859632492,-1.61353337765,98545.2636719,22.5699996948,-188.912200928,False
36.5,-0.571,0.1,-0.081,-0.6276256,0.4314926,10.56176205,-21.9799995422,-6.26711797714,-10.8499994278,-0.594298362732,-56.4942321777,6.4459528923,-15.6379890442,-1.60529112816,98539.5141602,22.3799991608,-188.912200928,False
36.6,-0.384,0.19,-0.099,-0.85317855,0.2157463,7.8060934,-21.6599998474,-6.26711797714,-11.2599992752,-0.594298362732,-56.4942321777,6.25104570389,-15.6553411484,-1.27969121933,98541.1071777,22.2099990845,-184.504882812,False
36.7,-0.214,0.153,-0.032,-1.0983448,-0.4707192,5.26617105,-21.7099990845,-13.049454689,-11.3599996567,-2.52426719666,-54.6671257019,6.14540290833,-15.6277685165,-0.907029390335,98536.8835449,22.0699996948,-184.504882812,False
36.800000000000004,-0.159,0.064,0.148,-1.02969825,-0.0588399,7.67860695,-21.6700000763,-13.049454689,-11.4099998474,-2.52426719666,-54.6671257019,5.88214159012,-15.6682758331,-0.557799518108,98532.9833984,21.9699993134,-139.802734375,False
36.9,-0.332,0.078,0.162,-1.1179581,0.00980665,5.59959715,-21.3500003815,-13.049454689,-11.4600000381,-2.52426719666,-54.6671257019,5.67478656769,-15.6934738159,-0.124624170363,98532.9040527,21.8999996185,-139.802734375,False
37.0,-0.241,0.08,0.173,-1.14737805,0.48052585,4.71699865,-21.109998703,-18.1219882965,-11.2599992752,-5.42966794968,-56.6626777649,5.40800714493,-15.7233791351,0.456029683352,98531.7138672,21.859998703,-117.273330688,False
37.1,-0.068,0.05,0.114,-1.1179581,0.10787315,5.2171378,-20.7199993134,-18.1219882965,-10.9899997711,-5.42966794968,-56.6626777649,5.19661092758,-15.7538051605,0.958951294422,98533.1848145,21.8799991608,-117.273330688,False
37.2,-0.252,0.036,0.157,-0.980665,0.18632635,5.50153065,-20.3999996185,-18.1219882965,-10.5399999619,-5.42966794968,-56.6626777649,4.96008682251,-15.8177070618,1.38994264603,98534.1064453,21.9499988556,-108.291435242,False
37.300000000000004,0.062,0.032,0.141,-0.93163175,0.46091255,8.12971285,-19.859998703,-19.6256599426,-10.0799999237,-6.85163831711,-58.8023910522,4.65944051743,-15.9595766068,1.61518108845,98533.4411621,22.0699996948,-108.291435242,False
37.4,0.134,0.019,0.109,-0.8041453,0.53936575,9.80665,-18.9899997711,-19.6256599426,-9.71000003815,-6.85163831711,-58.8023910522,4.3871011734,-16.1173343658,1.61733198166,98535.2478027,22.2099990845,-95.6119537354,False
37.5,0.254,-0.009,0.077,-0.6080123,0.26477955,12.28773245,-17.9699993134,-19.6256599426,-9.48999977112,-6.85163831711,-58.8023910522,4.12311410904,-16.3061752319,1.51524186134,98536.8591309,22.359998703,-95.6119537354,False
37.6,0.304,-0.019,0.097,-0.392266,-0.02941995,12.26811915,-16.9499988556,-19.6256599426,-9.38999938965,-6.85163831711,-58.8023910522,3.80555009842,-16.5558834076,1.30141174793,98539.1235352,22.4899997711,-90.9425735474,False
37.7,0.383,0.009,0.131,-0.40207265,0.2941995,12.77806495,-16.0,-14.5259256363,-9.42000007629,-7.29035615921,-60.749042511,3.43647813797,-16.8664417267,1.00207316875,98543.9147949,22.5900001526,-90.9425735474,False
37.800000000000004,0.04,0.034,0.171,-0.57859235,0.4707192,11.03248125,-15.2599992752,-14.5259256363,-9.46000003815,-7.29035615921,-60.749042511,3.25229716301,-17.0035266876,0.930797696114,98543.8598633,22.6599998474,-117.664718628,False
37.9,-0.066,0.025,0.156,-0.75511205,0.12748645,11.93469305,-14.5699996948,-14.5259256363,-9.51000022888,-7.29035615921,-60.749042511,3.06069636345,-17.1446876526,0.823208093643,98544.5678711,22.7099990845,-117.664718628,False
38.0,-0.239,0.02,0.226,-0.83356525,1.0002783,10.2577559,-13.7599992752,-13.3838891983,-9.56999969482,-8.37804794312,-63.7500267029,2.66052937508,-17.3874797821,0.78710693121,98544.744873,22.75,-133.714675903,False
38.1,-0.29,0.038,0.165,-0.77472535,0.99047165,10.7088618,-12.529999733,-13.3838891983,-9.56999969482,-8.37804794312,-63.7500267029,2.39182305336,-17.5415401459,0.802083611488,98549.1210938,22.7899990082,-133.714675903,False
38.2,-0.404,0.076,0.029,-0.9414384,0.73549875,8.3748791,-11.3099994659,-13.3838891983,-9.48999977112,-8.37804794312,-63.7500267029,2.11321640015,-17.660572052,1.01622486115,98550.8666992,22.8299999237,-138.990783691,False
38.300000000000004,0.106,0.116,-0.051,-0.79433865,0.4903325,2.01036325,-10.3599996567,-13.3838891983,-9.23999977112,-8.37804794312,-63.7500267029,1.99597203732,-17.6872253418,1.30185115337,98552.6855469,22.8899993896,-138.990783691,False
38.400000000000006,0.137,0.098,-0.066,-0.95124505,0.392266,1.0787315,-10.0599994659,-16.3913192749,-8.46000003815,-10.1224851608,-64.4834365845,1.81582319736,-17.6071224213,2.58645486832,98550.9887695,23.0199985504,-155.030639648,False
38.5,0.399,0.007,-0.111,-1.0591182,0.14709975,4.5306723,-9.71000003815,-16.3913192749,-7.5499997139,-10.1224851608,-64.4834365845,1.68546712399,-17.6093215942,3.03583073616,98556.1767578,23.2399997711,-155.030639648,False
38.6,0.282,-0.06,-0.03,-1.1179581,-0.28439285,8.67888525,-9.28999996185,-16.3913192749,-6.69000005722,-10.1224851608,-64.4834365845,1.54466187954,-17.6475811005,3.20230937004,98559.5703125,23.5299987793,-142.1459198,False
38.7,0.309,-0.07,0.038,-1.06892485,-0.4118793,9.0417313,-8.84000015259,-16.3913192749,-5.90999984741,-10.1224851608,-64.4834365845,1.4750534296,-17.6749477386,3.26547026634,98564.8010254,23.859998703,-142.1459198,False
38.800000000000004,0.349,-0.063,0.107,-1.0787315,-0.3530394,10.0616229,-8.48999977112,-16.3913192749,-5.11999988556,-10.1224851608,-64.4834365845,1.32578086853,-17.7483139038,3.23591399193,98569.152832,24.1999988556,-143.422515869,False
38.900000000000006,0.124,-0.105,0.194,-1.01008495,-0.22555295,10.64021525,-8.22999954224,-8.24499511719,-4.42000007629,-8.67388439178,-65.1935577393,1.22988891602,-17.7971305847,3.15146875381,98573.5107422,24.5399990082,-143.422515869,False
39.0,0.101,-0.129,0.238,-0.8629852,-0.1372931,11.2972608,-7.98999977112,-8.24499511719,-3.75999999046,-8.67388439178,-65.1935577393,1.16191589832,-17.8363037109,3.06824827194,98578.894043,24.8699989319,-145.068740845,False
39.1,-0.013,-0.135,0.266,-0.77472535,0.0980665,11.7091401,-7.67999982834,-8.24499511719,-3.13999986649,-8.67388439178,-65.1935577393,1.06497716904,-17.8951377869,2.92628526688,98581.1401367,25.1800003052,-145.068740845,False
39.2,-0.065,-0.132,0.258,-0.65704555,0.34323275,11.8856598,-7.21000003815,-8.24499511719,-2.59999990463,-8.67388439178,-65.1935577393,0.851334869862,-17.9826431274,2.68072414398,98588.494873,25.4699993134,-150.000579834,False
39.300000000000004,-0.164,-0.118,0.167,-0.46091255,0.44129925,11.8268199,-6.5,-7.35221815109,-2.08999991417,-6.13695478439,-72.023765564,0.664862692356,-18.0479621887,2.5113093853,98591.4672852,25.7399997711,-150.000579834,False
39.400000000000006,-0.106,-0.102,0.112,-0.4118793,0.32361945,11.85623985,-5.69000005722,-7.35221815109,-1.64999997616,-6.13695478439,-72.023765564,0.546472012997,-18.0877971649,2.38046073914,98594.6289062,25.9899997711,-161.043548584,False
39.5,-0.081,-0.119,0.058,-0.53936575,0.5295591,11.99353295,-4.7999997139,-7.35221815109,-1.22000002861,-6.13695478439,-72.023765564,0.321837574244,-18.1716346741,2.17815709114,98596.5820312,26.2299995422,-161.043548584,False
39.6,-0.015,-0.126,0.042,-0.392266,0.3530394,12.32695905,-3.92999982834,-7.35221815109,-0.839999973774,-6.13695478439,-72.023765564,0.170159891248,-18.2163047791,2.01099944115,98603.0517578,26.4399986267,-172.740753174,False
39.7,0.072,-0.117,0.052,-0.38245935,0.22555295,12.1406327,-2.92999982834,-8.58160591125,-0.560000002384,-4.21165704727,-74.1806488037,-0.0187292322516,-18.2622070312,1.75600969791,98606.1645508,26.6399993896,-172.740753174,False
39.800000000000004,0.149,-0.132,0.114,-0.20593965,0.18632635,13.13110435,-1.97999989986,-8.58160591125,-0.34999999404,-4.21165704727,-74.1806488037,-0.228050142527,-18.3089942932,1.37632405758,98605.3344727,26.8099994659,-178.782073975,False
39.900000000000006,0.164,-0.112,0.151,-0.16671305,0.3138128,11.6699135,-1.05999994278,-8.58160591125,-0.229999989271,-4.21165704727,-74.1806488037,-0.421708732843,-18.3260383606,1.08784890175,98612.9272461,26.9499988556,-178.782073975,False
40.0,0.147,-0.111,0.148,-0.20593965,0.2941995,12.0817928,-0.219999998808,-5.58521747589,-0.0799999982119,-1.52314579487,-77.3023300171,-0.573364317417,-18.3117103577,0.920544028282,98614.1540527,27.0599994659,-183.423797607,False
40.1,0.046,-0.123,0.137,-0.196133,0.4314926,12.1994726,0.659999966621,-5.58521747589,0.0399999991059,-1.52314579487,-77.3023300171,-0.730475008488,-18.2940101624,0.744659364223,98614.440918,27.1599998474,-183.423797607,False
40.2,-0.006,-0.111,0.114,0.0588399,0.40207265,11.8268199,1.58999991417,-5.58521747589,0.140000000596,-1.52314579487,-77.3023300171,-0.902051746845,-18.2720737457,0.538923501968,98615.057373,27.2399997711,-185.291671753,False
40.300000000000004,0.009,-0.084,0.081,0.10787315,0.59820565,11.964113,2.65999984741,-5.58521747589,0.170000001788,-1.52314579487,-77.3023300171,-1.04963302612,-18.2576084137,0.394319206476,98616.1987305,27.3099994659,-185.291671753,False
40.400000000000006,0.092,-0.07,0.029,0.26477955,0.3530394,12.356379,3.75,-5.14054441452,0.149999991059,0.470633864403,-79.7011260986,-1.24574100971,-18.2144508362,0.137235984206,98618.951416,27.359998703,-178.11907959,False
40.5,0.156,-0.053,0.019,-0.0392266,0.73549875,11.7483667,4.77999973297,-5.14054441452,0.0799999982119,0.470633864403,-79.7011260986,-1.37646865845,-18.1748733521,-0.0250057801604,98618.4814453,27.3899993896,-178.11907959,False
40.6,0.215,-0.053,0.006,0.0,0.59820565,12.32695905,5.71999979019,-5.14054441452,-0.019999999553,0.470633864403,-79.7011260986,-1.50407397747,-18.1216011047,-0.260187327862,98619.9279785,27.3899993896,-277.596862793,False
40.7,0.241,-0.052,0.002,0.02941995,0.55897905,11.62088025,6.58999967575,-2.3918428421,-0.170000001788,1.466776371,-80.1475143433,-1.61225628853,-18.0695381165,-0.386829823256,98619.2626953,27.3799991608,-277.596862793,False
40.800000000000004,0.034,-0.032,-0.019,0.20593965,0.5295591,12.4740588,7.38999986649,-2.3918428421,-0.289999991655,1.466776371,-80.1475143433,-1.73322713375,-17.9694690704,-0.672370612621,98616.7480469,27.359998703,-276.938049316,False
40.900000000000006,-0.001,-0.037,-0.039,-0.04903325,0.1372931,12.79767825,8.14999961853,-2.3918428421,-0.569999992847,1.466776371,-80.1475143433,-1.7646292448,-17.9027137756,-0.85386544466,98616.418457,27.3099994659,-276.938049316,False
41.0,0.2,0.008,0.006,-0.2549729,0.00980665,9.56148375,8.63999938965,-0.595552861691,-0.849999964237,2.19311571121,-80.0218582153,-1.7846558094,-17.7922439575,-0.909230709076,98614.9841309,27.2399997711,-269.278533936,False
41.1,0.259,-0.001,0.053,-0.04903325,-0.00980665,10.24794925,8.97999954224,-0.595552861691,-1.01999998093,2.19311571121,-80.0218582153,-1.80428659916,-17.6926727295,-0.929968953133,98614.6362305,27.1700000763,-269.278533936,False
41.2,0.168,-0.016,0.073,-0.18632635,0.2941995,10.7088618,9.36999988556,-0.595552861691,-1.20999991894,2.19311571121,-80.0218582153,-1.81984877586,-17.580280304,-0.961601495743,98616.4978027,27.0900001526,-247.342102051,False
41.300000000000004,0.112,-0.03,0.064,-0.196133,0.61781895,11.571847,9.71999931335,-0.595552861691,-1.42999994755,2.19311571121,-80.0218582153,-1.83480858803,-17.5368881226,-0.993931770325,98613.2263184,27.0,-247.342102051,False
41.400000000000006,0.102,0.029,0.033,-0.02941995,0.16671305,10.0616229,9.97999954224,3.09577202797,-1.69999992847,2.51279163361,-81.4983825684,-1.81635677814,-17.3734912872,-1.13868749142,98611.7004395,26.9200000763,-237.013061523,False
41.5,0.124,0.024,0.021,-0.0196133,0.24516625,10.01258965,9.97999954224,3.09577202797,-1.69999992847,2.51279163361,-81.4983825684,-1.81126582623,-17.3306655884,-1.11972951889,98608.1726074,26.9200000763,-237.013061523,False
41.6,0.062,0.035,0.005,-0.14709975,0.36284605,8.825985,10.3099994659,3.09577202797,-2.07999992371,2.51279163361,-81.4983825684,-1.7625285387,-17.1651573181,-0.977552950382,98605.4992676,26.7299995422,-219.506454468,False
41.7,0.069,0.026,0.023,-0.26477955,0.3530394,8.87501825,10.4099998474,3.09577202797,-2.21000003815,2.51279163361,-81.4983825684,-1.71602320671,-17.0886764526,-0.875528335571,98604.6691895,26.6499996185,-219.506454468,False
41.800000000000004,0.136,0.036,0.033,-0.0980665,0.2157463,8.71811185,10.4899997711,5.18177700043,-2.28999996185,2.06615614891,-82.1898574829,-1.6730786562,-16.9976100922,-0.76682382822,98604.6020508,26.5699996948,-206.510742188,False
41.900000000000006,0.203,0.065,0.038,0.0588399,0.32361945,8.97308475,10.4499998093,5.18177700043,-2.33999991417,2.06615614891,-82.1898574829,-1.63177490234,-16.9435825348,-0.67139518261,98603.0151367,26.5100002289,-206.510742188,False
42.0,0.158,0.048,0.036,-0.196133,0.6472389,9.12999115,10.4600000381,5.18177700043,-2.37999987602,2.06615614891,-82.1898574829,-1.5833427906,-16.8777656555,-0.563173770905,98599.432373,26.4599990845,-196.84677124,False
42.1,0.062,0.061,0.004,-0.0980665,0.79433865,9.2574776,10.4600000381,5.18177700043,-2.39999985695,2.06615614891,-82.1898574829,-1.53031337261,-16.8113422394,-0.449847877026,98600.6835938,26.4300003052,-196.84677124,False
42.2,0.079,0.08,-0.052,-0.02941995,0.7453054,8.8848249,10.4499998093,5.18177700043,-2.40999984741,2.06615614891,-82.1898574829,-1.49452614784,-16.7705421448,-0.392225891352,98598.5473633,26.3999996185,-179.127319336,False
42.300000000000004,0.16,0.088,-0.1,-0.1372931,0.81395195,9.414384,10.4600000381,8.72100734711,-2.41999983788,0.303925812244,-82.5684356689,-1.42624986172,-16.7304782867,-0.367152780294,98599.9450684,26.3699989319,-179.127319336,False
42.400000000000006,0.024,0.09,-0.141,-0.0588399,0.71588545,8.4533323,10.3499994278,8.72100734711,-2.40999984741,0.303925812244,-82.5684356689,-1.38473582268,-16.6884098053,-0.197219669819,98598.4375,26.3499984741,-179.812042236,False
42.5,0.029,0.071,-0.192,-0.06864655,0.30400615,8.62004535,10.3299999237,8.72100734711,-2.28999996185,0.303925812244,-82.5684356689,-1.29606211185,-16.6656894684,0.0211392194033,98599.4262695,26.3499984741,-179.812042236,False
42.6,0.091,0.104,-0.162,-0.2549729,0.59820565,7.1784678,10.0699996948,8.72100734711,-2.06999993324,0.303925812244,-82.5684356689,-1.23122119904,-16.6406402588,0.285680115223,98598.1567383,26.359998703,-170.859710693,False
42.7,0.072,0.063,-0.169,-0.26477955,0.63743225,7.40402075,9.96000003815,10.5838489532,-1.78999996185,-2.57912778854,-78.8857192993,-1.13523852825,-16.6250782013,0.576920151711,98595.300293,26.3999996185,-170.859710693,False
42.800000000000004,0.059,0.028,-0.173,-0.24516625,0.5099458,8.9044382,9.6799993515,10.5838489532,-1.4699999094,-2.57912778854,-78.8857192993,-1.0326962471,-16.6191749573,0.65902531147,98598.9562988,26.4699993134,-166.909790039,False
42.900000000000006,0.033,-0.011,-0.136,-0.12748645,0.2745862,9.80665,9.14999961853,10.5838489532,-1.23000001907,-2.57912778854,-78.8857192993,-0.954998373985,-16.6141471863,0.717838585377,98597.4609375,26.5499992371,-166.909790039,False
43.0,0.058,0.015,-0.122,-0.12748645,0.1176798,9.44380395,8.55000019073,10.5838489532,-0.979999959469,-2.57912778854,-78.8857192993,-0.712028384209,-16.6009883881,0.804460048676,98599.6643066,26.6399993896,-168.327713013,False
43.1,-0.014,0.002,-0.071,0.14709975,-0.2157463,9.32612415,7.75,11.3151073456,-0.689999997616,-3.22857117653,-76.4236450195,-0.470039606094,-16.5942821503,0.796984016895,98602.1362305,26.7299995422,-168.327713013,False
43.2,0.084,-0.083,0.037,0.2353596,0.1372931,12.2190859,6.6299996376,11.3151073456,-0.52999997139,-3.22857117653,-76.4236450195,-0.261198401451,-16.6031284332,0.605664491653,98602.0263672,26.8299999237,-168.113128662,False
43.300000000000004,-0.129,-0.053,0.127,0.22555295,0.30400615,11.11093445,5.42999982834,11.3151073456,-0.5,-3.22857117653,-76.4236450195,-0.0397295504808,-16.6094646454,0.482696115971,98609.2956543,26.8999996185,-168.113128662,False
43.400000000000006,-0.037,-0.024,0.09,-0.0784532,0.48052585,10.395049,4.56999969482,11.3151073456,-0.409999996424,-3.22857117653,-76.4236450195,0.0135568138212,-16.6047286987,0.48351469636,98604.3640137,26.9499988556,-173.658172607,False
43.5,-0.191,-0.03,0.042,0.0,0.93163175,9.5516771,3.91999983788,10.6319818497,-0.269999980927,-2.04754900932,-77.35496521,0.167739897966,-16.5995063782,0.485312968493,98606.7504883,27.0,-173.658172607,False
43.6,-0.232,-0.038,0.001,0.1569064,0.61781895,9.8458766,3.42999982834,10.6319818497,-0.140000000596,-2.04754900932,-77.35496521,0.245512366295,-16.5980091095,0.480517685413,98606.2255859,27.0599994659,-177.718536377,False
43.7,-0.217,-0.029,-0.04,0.26477955,0.5099458,10.1400761,3.0,7.7790927887,-0.019999999553,-1.44466543198,-77.5905838013,0.282497376204,-16.5986728668,0.459331601858,98608.5998535,27.109998703,-177.718536377,False
43.800000000000004,-0.19,-0.018,-0.069,-0.0588399,0.9610517,10.2577559,2.67999982834,7.7790927887,0.0899999961257,-1.44466543198,-77.5905838013,0.337212920189,-16.6156826019,0.413165986538,98610.760498,27.1599998474,-175.900268555,False
43.900000000000006,-0.135,0.028,-0.086,0.2745862,1.176798,9.26728425,2.61999988556,7.7790927887,0.209999993443,-1.44466543198,-77.5905838013,0.313928157091,-16.6579551697,0.48398578167,98608.5266113,27.2099990845,-175.900268555,False
44.0,-0.145,0.008,-0.156,0.26477955,0.87279185,10.2185293,2.69000005722,7.7790927887,0.389999985695,-1.44466543198,-77.5905838013,0.325186342001,-16.6894893646,0.447627454996,98608.4899902,27.2600002289,-177.098266602,False
44.1,-0.014,0.013,-0.16,0.34323275,0.16671305,9.3751574,2.62999987602,4.38002252579,0.52999997139,-1.42515945435,-75.5138473511,0.346369087696,-16.7167491913,0.464137107134,98605.9448242,27.3099994659,-177.098266602,False
44.2,0.057,-0.012,-0.114,0.06864655,0.32361945,10.2773692,2.51999998093,4.38002252579,0.699999988079,-1.42515945435,-75.5138473511,0.375289261341,-16.7302818298,0.481129914522,98611.505127,27.359998703,-188.187225342,False
44.300000000000004,0.239,-0.033,-0.076,0.0588399,0.02941995,9.2770909,2.33999991417,4.38002252579,0.879999995232,-1.42515945435,-75.5138473511,0.402449399233,-16.7299728394,0.558269441128,98611.328125,27.4200000763,-188.187225342,False
44.400000000000006,0.196,-0.012,-0.048,0.24516625,-0.0588399,8.67888525,1.9699999094,6.29205322266,1.12999999523,-1.3855509758,-73.6513671875,0.509998083115,-16.7310657501,0.616080641747,98611.9812012,27.4799995422,-121.620941162,False
44.5,0.193,-0.091,0.057,0.42168595,-0.26477955,11.3953273,1.09000003338,6.29205322266,1.27999997139,-1.3855509758,-73.6513671875,0.670461237431,-16.7158374786,0.532457709312,98614.654541,27.5499992371,-121.620941162,False
44.6,0.005,-0.098,0.166,0.28439285,0.34323275,11.64049355,0.229999989271,6.29205322266,1.35000002384,-1.3855509758,-73.6513671875,0.790012776852,-16.7065505981,0.369471997023,98614.7888184,27.609998703,-119.424057007,False
44.7,-0.165,-0.12,0.196,0.59820565,0.5687857,13.34685065,-0.340000003576,6.29205322266,1.31999993324,-1.3855509758,-73.6513671875,0.910114526749,-16.7086353302,0.000678888929542,98609.8327637,27.6499996185,-119.424057007,False
44.800000000000004,-0.324,-0.071,0.066,0.784532,0.8825985,13.75872995,-0.759999990463,5.61521911621,1.19999992847,1.1702439785,-76.6009521484,0.89277946949,-16.7124080658,-0.224300906062,98614.3188477,27.6700000763,-120.90473175,False
44.900000000000006,-0.324,-0.071,0.066,0.784532,0.8825985,13.75872995,-0.870000004768,5.61521911621,1.01999998093,1.1702439785,-76.6009521484,0.8810069561,-16.717300415,-0.439914554358,98618.8720703,27.6599998474,-120.90473175,False
45.0,-0.22,-0.011,-0.028,0.4118793,1.0198916,12.50347875,-0.719999969006,5.61521911621,0.680000007153,1.1702439785,-76.6009521484,0.816314220428,-16.73346138,-0.794403076172,98612.8723145,27.609998703,-124.014663696,False
45.1,-0.13,0.02,-0.097,0.50013915,0.63743225,10.89518815,-0.550000011921,5.61521911621,0.34999999404,1.1702439785,-76.6009521484,0.722856640816,-16.7474479675,-0.938325941563,98618.182373,27.5299987793,-124.014663696,False
45.2,-0.13,0.02,-0.097,0.50013915,0.63743225,10.89518815,-0.129999995232,5.61521911621,0.0999999940395,1.1702439785,-76.6009521484,0.660183012486,-16.7548160553,-0.995163500309,98610.723877,27.4300003052,-124.308204651,False
45.300000000000004,-0.097,-0.004,-0.123,0.5491724,0.51975245,13.40569055,0.409999996424,1.14573419094,-0.229999989271,1.18823611736,-76.0382385254,0.594243168831,-16.7743206024,-1.1657756567,98610.3942871,27.3199996948,-124.308204651,False
45.400000000000006,-0.071,-0.021,-0.136,0.42168595,0.2549729,12.9840046,0.810000002384,1.14573419094,-0.789999961853,1.18823611736,-76.0382385254,0.463241219521,-16.7694358826,-1.63562941551,98609.7351074,27.1899986267,-126.889419556,False
45.5,-0.178,-0.013,-0.092,0.04903325,0.20593965,11.38552065,1.12999999523,1.14573419094,-1.30999994278,1.18823611736,-76.0382385254,0.440272003412,-16.7651176453,-1.68763625622,98608.8317871,27.0199985504,-126.889419556,False
45.6,0.077,0.003,0.057,-0.1176798,-0.0588399,8.6886919,1.35000002384,-1.10826730728,-1.69999992847,1.19545924664,-74.0844116211,0.372922003269,-16.7392120361,-1.54033505917,98602.2583008,26.8499984741,-123.971557617,False
45.7,0.077,0.003,0.057,-0.1176798,-0.0588399,8.6886919,1.57999992371,-1.10826730728,-2.0,1.19545924664,-74.0844116211,0.348854422569,-16.7340183258,-1.45352339745,98599.6948242,26.6800003052,-123.971557617,False
45.800000000000004,-0.007,0.002,0.113,-0.18632635,0.392266,9.1790244,1.97999989986,-1.10826730728,-2.26999998093,1.19545924664,-74.0844116211,0.230765610933,-16.7074203491,-1.35087621212,98598.7304688,26.5299987793,-115.276527405,False
45.900000000000006,0.081,0.022,0.091,0.04903325,0.3530394,9.3751574,2.52999997139,-0.596372365952,-2.52999997139,0.828910768032,-75.8293457031,0.118001766503,-16.6848697662,-1.26454615593,98599.0356445,26.3899993896,-115.276527405,False
46.0,0.1,0.019,0.065,-0.2157463,0.53936575,10.11065615,3.06999993324,-0.596372365952,-2.78999996185,0.828910768032,-75.8293457031,0.0251531898975,-16.6626853943,-1.23248422146,98593.7072754,26.25,-107.809829712,False
46.1,0.09,0.023,0.04,-0.0980665,0.2353596,9.87529655,3.5,-0.596372365952,-3.09999990463,0.828910768032,-75.8293457031,-0.0290923602879,-16.6334228516,-1.2500628233,98595.4101562,26.1299991608,-107.809829712,False
46.2,0.131,0.029,0.046,-0.0980665,0.2745862,10.1596894,3.99000000954,0.965539038181,-3.41999983788,0.438824385405,-76.7992477417,-0.0863018482924,-16.6011333466,-1.26229417324,98592.6086426,26.0,-101.037406921,False
46.300000000000004,0.131,0.044,0.041,-0.14709975,0.04903325,9.79684335,4.31999969482,0.965539038181,-3.70999979973,0.438824385405,-76.7992477417,-0.122037179768,-16.5549793243,-1.23800933361,98589.5446777,25.8799991608,-101.037406921,False
46.400000000000006,0.099,0.031,0.07,-0.20593965,0.196133,10.591182,4.65999984741,0.965539038181,-4.0499997139,0.438824385405,-76.7992477417,-0.174332082272,-16.503370285,-1.27756154537,98589.1052246,25.75,-93.7147140503,False
46.5,-0.144,0.044,0.061,-0.30400615,0.48052585,9.71839015,4.94000005722,0.965539038181,-4.36999988556,0.438824385405,-76.7992477417,-0.236098468304,-16.4520549774,-1.2559325695,98585.5773926,25.6199989319,-93.7147140503,False
46.6,-0.264,0.033,0.052,-0.28439285,0.26477955,9.52225715,5.31999969482,0.965539038181,-4.69000005722,0.438824385405,-76.7992477417,-0.270886361599,-16.4188709259,-1.19499611855,98585.6140137,25.4899997711,-81.0821533203,False
46.7,-0.165,0.05,0.059,-0.1372931,-0.2941995,7.5903471,5.56999969482,0.322218090296,-4.92000007629,-0.479924350977,-78.2653198242,-0.303338825703,-16.3763122559,-0.908976018429,98582.03125,25.359998703,-81.0821533203,False
46.800000000000004,0.131,0.04,0.103,-0.1569064,-0.0980665,8.73772515,5.77999973297,0.322218090296,-5.02999973297,-0.479924350977,-78.2653198242,-0.340918898582,-16.3537502289,-0.854823887348,98580.9814453,25.2600002289,-75.0274658203,False
46.900000000000006,0.134,0.006,0.133,-0.12748645,-0.06864655,10.3362091,6.06999969482,0.322218090296,-5.25,-0.479924350977,-78.2653198242,-0.352867841721,-16.3414096832,-0.903557956219,98580.7312012,25.1599998474,-75.0274658203,False
47.0,0.179,0.049,0.16,-0.10787315,-0.0980665,9.7870367,6.23999977112,0.322218090296,-5.52999973297,-0.479924350977,-78.2653198242,-0.37058955431,-16.3332157135,-0.954336166382,98578.527832,25.0699996948,-70.1736450195,False
47.1,-0.01,0.083,0.148,-0.2549729,0.16671305,8.7867584,6.5,2.65974974632,-5.86999988556,-1.32572960854,-81.6578216553,-0.406821280718,-16.3031826019,-0.967160105705,98576.2695312,24.9699993134,-70.1736450195,False
47.2,0.101,0.064,0.161,-0.32361945,0.48052585,9.60071035,6.75,2.65974974632,-6.10999965668,-1.32572960854,-81.6578216553,-0.471876263618,-16.2787418365,-0.866881608963,98573.3276367,24.859998703,-60.1285934448,False
47.300000000000004,0.0,0.087,0.104,-0.36284605,0.99047165,9.54187045,7.21999979019,2.65974974632,-6.31999969482,-1.32572960854,-81.6578216553,-0.53606903553,-16.2580413818,-0.834521591663,98573.7243652,24.7600002289,-60.1285934448,False
47.400000000000006,-0.032,0.104,-0.02,-0.36284605,0.67665885,9.11037785,7.71999979019,2.65974974632,-6.5499997139,-1.32572960854,-81.6578216553,-0.603556871414,-16.2380027771,-0.677248895168,98572.6257324,24.6700000763,-60.5314254761,False
47.5,0.038,0.148,-0.119,-0.59820565,0.1569064,6.0016698,8.11999988556,2.75844454765,-6.61999988556,-3.13728904724,-83.2422332764,-0.625517547131,-16.2183208466,-0.476456403732,98571.8811035,24.5799999237,-60.5314254761,False
47.6,0.035,0.077,-0.102,-0.63743225,0.12748645,7.30595425,8.38999938965,2.75844454765,-6.52999973297,-3.13728904724,-83.2422332764,-0.647249996662,-16.1883296967,-0.0958953499794,98571.9177246,24.5299987793,-62.8688812256,False
47.7,0.081,0.078,-0.058,-0.73549875,0.40207265,7.09020795,8.59000015259,2.75844454765,-6.42000007629,-3.13728904724,-83.2422332764,-0.661786496639,-16.1616897583,0.233109280467,98568.5974121,24.5100002289,-62.8688812256,False
47.800000000000004,-0.005,0.085,-0.052,-0.7256921,0.24516625,6.3154826,8.8499994278,3.13919520378,-6.21000003815,-5.05030441284,-81.7102584839,-0.682461023331,-16.1436710358,0.647936105728,98567.2851562,24.5299987793,-51.135635376,False
47.900000000000006,-0.025,0.065,-0.051,-0.53936575,-0.0588399,6.276256,9.02999973297,3.13919520378,-5.8799996376,-5.05030441284,-81.7102584839,-0.672472417355,-16.1322193146,0.874747157097,98571.1669922,24.5799999237,-51.135635376,False
48.0,0.272,0.018,-0.038,-0.5099458,-0.0784532,7.48247395,9.0,3.13919520378,-5.46999979019,-5.05030441284,-81.7102584839,-0.627289950848,-16.1255302429,1.10181903839,98572.8271484,24.6700000763,-42.0845031738,False
48.1,0.251,0.019,0.022,-0.32361945,-0.5099458,9.73800345,8.71000003815,3.13919520378,-5.17000007629,-5.05030441284,-81.7102584839,-0.493690520525,-16.1477127075,1.19555974007,98571.8200684,24.7799987793,-42.0845031738,False
48.2,0.251,0.028,0.103,-0.40207265,-0.20593965,9.01231135,8.22999954224,7.13306474686,-4.88000011444,-5.77322530746,-81.8065795898,-0.367017179728,-16.1737251282,1.28253948689,98573.3154297,24.8899993896,-46.1990356445,False
48.300000000000004,0.181,0.014,0.176,-0.28439285,0.24516625,8.825985,7.85999965668,7.13306474686,-4.55999994278,-5.77322530746,-81.8065795898,-0.290835082531,-16.2055168152,1.37501215935,98578.5217285,25.0199985504,-46.1990356445,False
48.400000000000006,-0.025,0.012,0.135,-0.36284605,0.63743225,8.83579165,7.5499997139,7.13306474686,-4.23000001907,-5.77322530746,-81.8065795898,-0.244030103087,-16.2271995544,1.46464383602,98576.9897461,25.1399993896,-44.6998596191,False
48.5,-0.063,0.04,0.074,-0.3530394,0.7060788,8.48275225,7.53999996185,7.13306474686,-4.23000001907,-5.77322530746,-81.8065795898,-0.216500982642,-16.2423381805,1.52242314816,98577.2094727,25.1399993896,-44.6998596191,False
48.6,-0.12,0.03,0.03,-0.3334261,0.8433719,8.87501825,7.0499997139,8.15625190735,-3.46000003815,-5.79330873489,-83.9688720703,-0.150024354458,-16.3325023651,1.69567501545,98579.0344238,25.4300003052,-59.1609954834,False
48.7,-0.296,-0.003,-0.015,-0.0980665,1.1964113,10.4931155,7.0,8.15625190735,-3.06999993324,-5.79330873489,-83.9688720703,-0.15698108077,-16.4023399353,1.64810991287,98583.9111328,25.5799999237,-59.1609954834,False
48.800000000000004,-0.321,0.03,-0.068,-0.02941995,1.04931155,10.65982855,7.0,8.15625190735,-3.06999993324,-5.79330873489,-83.9688720703,-0.16907171905,-16.4435176849,1.61609077454,98582.5683594,25.5799999237,-59.1609954834,False
48.900000000000006,-0.018,0.042,-0.168,-0.06864655,0.30400615,9.99297635,7.09999990463,4.73618125916,-2.78999996185,-6.07747650146,-84.0258026123,-0.179344564676,-16.5607891083,1.50823140144,98585.9741211,25.8799991608,-71.8751907349,False
49.0,0.327,0.002,-0.174,0.0,-0.22555295,9.1594111,7.06999969482,4.73618125916,-2.20000004768,-6.07747650146,-84.0258026123,-0.105121344328,-16.6976776123,1.55246031284,98587.7502441,26.0199985504,-86.0023498535,False
49.1,0.232,-0.05,-0.072,0.0,-0.1765197,9.3751574,6.73000001907,4.73618125916,-1.87999999523,-6.07747650146,-84.0258026123,-0.0658586248755,-16.7370128632,1.55369412899,98590.9973145,26.1599998474,-86.0023498535,False
49.2,0.327,0.009,-0.02,0.0980665,0.12748645,8.87501825,6.32999992371,4.73618125916,-1.35000002384,-6.07747650146,-84.0258026123,0.0515670925379,-16.8338050842,1.89965105057,98592.5354004,26.3099994659,-101.024246216,False
49.300000000000004,-0.064,-0.125,-0.015,0.2549729,0.08825985,12.6701918,5.76999998093,8.09574127197,-0.949999988079,-6.63153839111,-81.3171463013,0.258134365082,-16.9585933685,1.56849932671,98592.1691895,26.4799995422,-101.024246216,False
49.400000000000006,-0.365,-0.148,0.141,0.20593965,0.63743225,16.03387275,4.80999994278,8.09574127197,-0.879999995232,-6.63153839111,-81.3171463013,0.377561151981,-17.0799160004,0.990656673908,98595.0317383,26.6399993896,-118.058586121,False
49.5,-0.158,-0.146,0.122,0.196133,0.28439285,15.5729602,4.31999969482,8.09574127197,-1.06999993324,-6.63153839111,-81.3171463013,0.434695452452,-17.1628170013,0.5003246665,98603.9978027,26.7399997711,-118.058586121,False
49.6,0.146,-0.067,0.053,-0.57859235,0.24516625,12.6309652,4.01999998093,4.03607177734,-1.20999991894,-3.91448140144,-82.3798446655,0.484138995409,-17.1798763275,0.29255771637,98605.1940918,26.7799987793,-145.238677979,False
49.7,-0.045,-0.131,0.065,-0.2745862,0.28439285,12.0033396,3.75,4.03607177734,-1.36000001431,-3.91448140144,-82.3798446655,0.521037399769,-17.1807727814,0.00023438455537,98607.9956055,26.7899990082,-145.238677979,False
49.800000000000004,-0.386,-0.194,0.092,-0.1176798,0.5491724,13.337044,3.59999990463,4.03607177734,-1.56999993324,-3.91448140144,-82.3798446655,0.518442332745,-17.1989974976,-0.319230973721,98606.1645508,26.7799987793,-155.976867676,False
49.900000000000006,0.112,-0.092,0.026,0.02941995,0.3138128,13.9058297,3.58999991417,2.19321799278,-1.89999997616,-1.47979724407,-83.5047149658,0.52289712429,-17.2233200073,-0.703095197678,98604.5349121,26.7399997711,-155.976867676,False
50.0,0.124,-0.101,0.003,-0.0588399,0.16671305,14.66094175,3.4399998188,2.19321799278,-2.38999986649,-1.47979724407,-83.5047149658,0.55119407177,-17.2295951843,-1.1998142004,98601.6052246,26.6599998474,-155.614852905,False
50.1,-0.071,-0.038,0.067,-0.5099458,0.57859235,12.66038515,3.23000001907,2.19321799278,-3.00999999046,-1.47979724407,-83.5047149658,0.560489654541,-17.1808452606,-1.5803732872,98604.3579102,26.5299987793,-155.614852905,False
50.2,-0.271,-0.023,0.097,-0.30400615,0.42168595,11.77778665,3.25,2.19321799278,-3.66999983788,-1.47979724407,-83.5047149658,0.530007123947,-17.1379966736,-1.84788560867,98604.1381836,26.3699989319,-159.754943848,False
50.300000000000004,-0.208,0.025,0.07,-0.44129925,0.36284605,11.95430635,3.77999997139,1.29474627972,-4.32999992371,-0.376541912556,-84.6420822144,0.494002759457,-17.0880413055,-2.03982686996,98598.4375,26.1700000763,-159.754943848,False
50.400000000000006,-0.024,0.028,0.046,-0.34323275,0.0980665,9.6301303,3.97000002861,1.29474627972,-4.94000005722,-0.376541912556,-84.6420822144,0.445432066917,-17.001832962,-1.90111410618,98600.2502441,25.9499988556,-144.458770752,False
50.5,0.021,0.048,0.066,-0.63743225,-0.08825985,9.8654899,4.73000001907,1.29474627972,-5.35999965668,-0.376541912556,-84.6420822144,0.408782094717,-16.9215354919,-1.8618543148,98595.9533691,25.7399997711,-144.458770752,False
50.6,0.011,0.03,0.095,-0.6080123,0.10787315,9.5909037,4.96999979019,1.29474627972,-5.78999996185,-0.376541912556,-84.6420822144,0.379426091909,-16.8903522491,-1.82815289497,98593.6645508,25.5499992371,-138.479995728,False
50.7,0.215,0.076,0.037,-0.63743225,0.12748645,6.4331624,5.36999988556,1.35060489178,-6.07999992371,-1.24878394604,-85.9361190796,0.323999911547,-16.8019695282,-1.43712544441,98590.7531738,25.3699989319,-138.479995728,False
50.800000000000004,0.602,0.086,0.01,-0.79433865,0.38245935,6.30567595,6.58999967575,1.35060489178,-6.19000005722,-1.24878394604,-85.9361190796,0.294330477715,-16.726228714,-1.03752636909,98585.2966309,25.2299995422,-118.999862671,False
50.900000000000006,0.206,0.084,-0.031,-0.6668522,0.36284605,5.89379665,6.81999969482,1.35060489178,-6.15000009537,-1.24878394604,-85.9361190796,0.293252408504,-16.6518993378,-0.640223622322,98583.1298828,25.1399993896,-118.999862671,False
51.0,-0.213,0.043,-0.037,-0.91201845,0.2157463,6.87446165,9.31999969482,1.35060489178,-6.01999998093,-1.24878394604,-85.9361190796,0.31599676609,-16.5805625916,-0.298244148493,98583.3496094,25.0799999237,-109.363365173,False
51.1,-0.064,-0.016,-0.007,-0.7256921,0.2549729,10.60098865,9.34000015259,6.21063184738,-5.92000007629,-2.74417567253,-85.804977417,0.349192798138,-16.5262012482,-0.285771459341,98581.2561035,25.0699996948,-110.363388062,False
51.2,-0.047,0.01,-0.039,-0.588399,0.40207265,10.4735022,11.5399999619,6.21063184738,-5.98999977112,-2.74417567253,-85.804977417,0.371958404779,-16.476480484,-0.329388558865,98583.8562012,25.0599994659,-94.8564529419,False
51.300000000000004,-0.104,0.053,-0.041,-0.69627215,0.5295591,9.5124505,11.7899999619,6.21063184738,-6.0499997139,-2.74417567253,-85.804977417,0.373683303595,-16.4318656921,-0.316222637892,98579.2480469,25.0499992371,-93.8564300537,False
51.400000000000006,-0.044,0.042,-0.066,-0.6668522,0.4118793,9.50264385,12.0699996948,6.21063184738,-6.08999967575,-2.74417567253,-85.804977417,0.383406579494,-16.3883838654,-0.247578501701,98577.4658203,25.0299987793,-92.783164978,False
51.5,0.137,0.086,-0.079,-0.79433865,0.3334261,7.60015375,16.2099990845,5.05124998093,-6.06999969482,-3.61225390434,-84.7900390625,0.40174472332,-16.3376979828,-0.00871188752353,98579.7607422,25.0100002289,-92.783164978,False
51.6,0.493,0.07,-0.094,-0.8629852,0.392266,7.63938035,16.5499992371,5.05124998093,-5.90000009537,-3.61225390434,-84.7900390625,0.435388565063,-16.2949352264,0.228949323297,98580.9692383,25.0100002289,-79.7634124756,False
51.7,0.557,0.006,-0.086,-0.6472389,0.3138128,9.4339973,19.4399986267,5.05124998093,-5.73000001907,-3.61225390434,-84.7900390625,0.543590068817,-16.2626819611,0.334872931242,98581.6101074,25.0299987793,-79.7634124756,False
51.800000000000004,0.508,0.006,-0.068,-0.69627215,0.32361945,8.8652116,19.4200000763,5.05124998093,-5.60999965668,-3.61225390434,-84.7900390625,0.698221385479,-16.233045578,0.443179100752,98580.3405762,25.0599994659,-4.46701049805,False
51.900000000000006,0.281,0.023,-0.063,-0.53936575,0.24516625,9.24767095,19.1899986267,14.6412582397,-5.44000005722,-4.94047927856,-83.0012588501,0.913023233414,-16.2105407715,0.487051606178,98580.1208496,25.109998703,-4.46701049805,False
52.0,0.538,0.035,-0.058,-0.50013915,0.10787315,10.3362091,22.75,14.6412582397,-5.2999997139,-4.94047927856,-83.0012588501,1.25803220272,-16.184091568,0.502572178841,98580.1208496,25.1599998474,4.31728363037,False
52.1,0.334,-0.003,-0.049,-0.44129925,0.06864655,9.75761675,22.1800003052,14.6412582397,-5.15999984741,-4.94047927856,-83.0012588501,1.5036303997,-16.1581344604,0.607487201691,98582.8735352,25.2199993134,4.31728363037,False
52.2,0.136,-0.022,0.044,-0.6276256,0.8041453,8.24739265,24.2099990845,21.1937828064,-4.92000007629,-5.44595003128,-82.0519790649,1.73664939404,-16.1264839172,0.827678799629,98587.2253418,25.2699985504,-7.45811462402,False
52.300000000000004,0.282,-0.006,-0.052,-0.4707192,0.83356525,8.24739265,23.9699993134,21.1937828064,-4.59999990463,-5.44595003128,-82.0519790649,1.87760484219,-16.1165561676,0.930205643177,98586.0839844,25.3500003815,-7.45811462402,False
52.400000000000006,0.263,-0.025,-0.076,-0.2745862,1.04931155,8.77695175,23.7299995422,21.1937828064,-4.25999975204,-5.44595003128,-82.0519790649,2.19227647781,-16.1111621857,1.10664522648,98584.8266602,25.4499988556,-12.0128631592,False
52.5,0.036,-0.043,-0.186,-0.16671305,0.81395195,10.42446895,27.0,24.4728317261,-3.97000002861,-5.50151538849,-80.8759994507,2.68084168434,-16.115032196,1.12987208366,98586.4379883,25.5599994659,-12.0128631592,False
52.6,0.182,-0.047,-0.22,-0.12748645,0.55897905,10.75789505,26.4799995422,24.4728317261,-3.69999980927,-5.50151538849,-80.8759994507,3.06606078148,-16.1031246185,1.12026274204,98588.3117676,25.6800003052,-21.9068527222,False
52.7,0.058,-0.068,-0.234,-0.0588399,0.65704555,10.28717585,28.1800003052,24.4728317261,-3.44999980927,-5.50151538849,-80.8759994507,3.38744544983,-16.0896453857,1.12655389309,98591.3635254,25.7999992371,-21.9068527222,False
52.800000000000004,0.24,-0.046,-0.218,-0.26477955,0.8629852,9.40457735,27.6899986267,24.4728317261,-3.13999986649,-5.50151538849,-80.8759994507,3.73900437355,-16.0724658966,1.24962699413,98593.1396484,25.9099998474,-45.5909729004,False
52.900000000000006,0.299,-0.099,-0.265,0.12748645,0.7649187,9.46341725,30.5999984741,28.1396598816,-2.75,-6.69751834869,-75.5040512085,4.11769771576,-16.057390213,1.39196312428,98595.300293,26.0399990082,-45.5909729004,False
53.0,0.483,-0.107,-0.318,-0.00980665,0.81395195,9.7870367,30.1599998474,28.1396598816,-2.30999994278,-6.69751834869,-75.5040512085,4.65183591843,-16.0163936615,1.53339195251,98594.7998047,26.1700000763,-70.3746795654,False
53.1,0.378,-0.124,-0.299,0.24516625,0.50013915,9.9047165,29.5599994659,28.1396598816,-1.84999990463,-6.69751834869,-75.5040512085,5.04561853409,-15.971534729,1.62622797489,98592.6513672,26.3199996948,-70.3746795654,False
53.2,0.196,-0.21,-0.275,0.20593965,0.8237586,11.34629405,30.9799995422,33.9852676392,-1.37999999523,-7.67126226425,-70.0175247192,5.53248023987,-15.9150438309,1.65027856827,98599.609375,26.4899997711,-79.7595977783,False
53.300000000000004,0.011,-0.262,-0.209,0.5099458,0.87279185,12.11121275,29.9699993134,33.9852676392,-0.989999949932,-7.67126226425,-70.0175247192,5.89862728119,-15.8617219925,1.65288233757,98602.0446777,26.6599998474,-78.7595748901,False
53.400000000000006,-0.281,-0.241,-0.233,0.57859235,0.8433719,11.64049355,28.9399986267,33.9852676392,-0.649999976158,-7.67126226425,-70.0175247192,6.8276386261,-15.7128677368,1.60450553894,98611.0229492,26.8199996948,-102.709388733,False
53.5,-0.479,-0.257,-0.242,0.57859235,1.10815145,13.62143685,31.5900001526,33.9852676392,-0.34999999404,-7.67126226425,-70.0175247192,7.44658184052,-15.6174497604,1.40939950943,98611.7370605,26.9799995422,-102.709388733,False
53.6,-0.347,-0.169,-0.297,0.91201845,1.0002783,12.64077185,30.8799991608,28.2295303345,-0.159999996424,-6.21027565002,-60.9425888062,8.1292181015,-15.496006012,1.19922733307,98608.6791992,27.1299991608,-146.421630859,False
53.7,-0.357,-0.235,-0.3,0.73549875,0.32361945,13.4351105,32.3600006104,28.2295303345,0.0,-6.21027565002,-60.9425888062,8.62557983398,-15.370306015,0.990841150284,98611.7614746,27.2699985504,-146.421630859,False
53.800000000000004,-0.2,-0.26,-0.213,0.8629852,-0.16671305,15.1806942,31.5399990082,28.2295303345,0.0599999986589,-6.21027565002,-60.9425888062,9.26120662689,-15.1646566391,0.575824141502,98611.9140625,27.3699989319,-168.929870605,False
53.900000000000006,-0.003,-0.315,-0.062,1.28467115,-0.14709975,18.8876079,33.7999992371,28.2295303345,-0.159999996424,-6.21027565002,-60.9425888062,10.0180196762,-14.8764419556,-0.129319772124,98617.9992676,27.4300003052,-168.929870605,False
54.0,0.204,-0.313,0.033,1.1179581,0.06864655,17.8677163,32.5900001526,24.7385292053,-0.610000014305,-3.207644701,-55.4323654175,10.7439975739,-14.5314226151,-0.768023371696,98617.7429199,27.4200000763,-204.749298096,False
54.1,-0.006,-0.223,0.085,0.63743225,1.01008495,14.8080415,34.0099983215,24.7385292053,-1.09000003338,-3.207644701,-55.4323654175,11.0967168808,-14.3162755966,-1.05172145367,98613.104248,27.3499984741,-204.749298096,False
54.2,0.101,-0.128,0.001,0.1765197,1.24544455,13.17033095,33.3600006104,24.7385292053,-1.54999995232,-3.207644701,-55.4323654175,11.524230957,-14.0029153824,-1.33179748058,98617.5231934,27.2299995422,-252.420043945,False
54.300000000000004,-0.007,-0.072,-0.143,0.02941995,1.12776475,12.2779258,32.8999977112,25.9758758545,-2.01999998093,0.151627421379,-54.1058540344,11.8288393021,-13.7576446533,-1.43316304684,98612.7929688,27.0900001526,-252.420043945,False
54.400000000000006,0.112,-0.005,-0.225,0.0392266,1.2356379,9.5909037,36.0900001526,25.9758758545,-2.42999982834,0.151627421379,-54.1058540344,12.0611124039,-13.5475978851,-1.38581824303,98611.2976074,26.9300003052,-253.611572266,False
54.5,0.18,-0.026,-0.325,0.2157463,0.9610517,10.67944185,35.9500007629,25.9758758545,-2.75999999046,0.151627421379,-54.1058540344,12.3558120728,-13.2776899338,-1.42356574535,98612.0788574,26.7799987793,-254.611587524,False
54.6,0.132,-0.068,-0.393,-0.1372931,0.57859235,11.7875933,37.5400009155,27.8547286987,-3.14999985695,-1.33123123646,-49.3418312073,12.6349220276,-13.0005369186,-1.50809752941,98603.3508301,26.6299991608,-264.12411499,False
54.7,0.221,-0.077,-0.317,-0.3530394,0.55897905,9.3163175,37.0599975586,27.8547286987,-3.51999998093,-1.33123123646,-49.3418312073,12.8699922562,-12.7398872375,-1.30830395222,98604.0893555,26.4799995422,-264.12411499,False
54.800000000000004,0.021,-0.052,-0.283,-0.4118793,0.7453054,8.46313895,39.4300003052,27.8547286987,-3.66999983788,-1.33123123646,-49.3418312073,13.0808086395,-12.4835529327,-1.10064780712,98603.0456543,26.3400001526,-298.147399902,False
54.900000000000006,0.074,-0.072,-0.295,-0.32361945,0.6276256,9.4536106,39.2900009155,27.8547286987,-3.80999994278,-1.33123123646,-49.3418312073,13.3382081985,-12.1902103424,-0.982268571854,98598.1567383,26.2199993134,-298.147399902,False
55.0,0.208,-0.062,-0.299,-0.44129925,1.10815145,9.93413645,39.0599975586,30.7964630127,-3.95999979973,-3.68609762192,-41.6584472656,13.6424770355,-11.7856807709,-0.945205330849,98594.8669434,26.1199989319,-291.097259521,False
55.1,0.236,-0.09,-0.333,-0.55897905,0.71588545,9.7674234,39.8899993896,30.7964630127,-4.15999984741,-3.68609762192,-41.6584472656,13.8985891342,-11.4269218445,-0.841350853443,98591.4916992,26.0299987793,-291.097259521,False
55.2,0.218,-0.094,-0.326,-0.4707192,0.30400615,9.9047165,39.5099983215,30.7964630127,-4.26999998093,-3.68609762192,-41.6584472656,14.0869140625,-11.1162185669,-0.747380971909,98597.7416992,25.9499988556,-289.420715332,False
55.300000000000004,0.456,-0.147,-0.313,-0.38245935,0.5687857,10.52253545,40.2399978638,30.7964630127,-4.36000013351,-3.68609762192,-41.6584472656,14.4470348358,-10.5778932571,-0.658917367458,98594.5983887,25.8699989319,-289.420715332,False
55.400000000000006,0.288,-0.134,-0.311,-0.50013915,0.46091255,9.7478101,39.6499977112,30.7964630127,-4.44000005722,-3.68609762192,-41.6584472656,14.6243085861,-10.2601261139,-0.472027033567,98589.8620605,25.7999992371,-248.198120117,False
55.5,0.234,-0.18,-0.313,-0.6864655,0.95124505,9.65955025,39.1199989319,30.7964630127,-4.36999988556,-3.68609762192,-41.6584472656,14.761302948,-9.99384212494,-0.35507619381,98592.3034668,25.75,-248.198120117,False
55.6,-0.007,-0.248,-0.29,-0.51975245,0.7649187,13.9058297,38.7099990845,37.7835197449,-4.38999986649,-5.46590471268,-32.1376571655,15.32234478,-9.01552295685,-0.405902832747,98585.0463867,25.7199993134,-250.90713501,False
55.7,-0.007,-0.248,-0.29,-0.51975245,0.7649187,13.9058297,37.2900009155,37.7835197449,-4.57999992371,-5.46590471268,-32.1376571655,15.5965843201,-8.50033187866,-0.460732102394,98590.4663086,25.6899986267,-250.90713501,False
55.800000000000004,-0.144,-0.211,-0.271,-0.3138128,0.4314926,12.3956056,36.3299980164,37.7835197449,-4.73999977112,-5.46590471268,-32.1376571655,15.9147453308,-7.84257268906,-0.503042459488,98590.0695801,25.6399993896,-254.706192017,False
55.900000000000006,-0.039,-0.231,-0.278,-0.5099458,0.51975245,13.28801075,34.8400001526,37.7835197449,-4.90999984741,-5.46590471268,-32.1376571655,16.224603653,-7.17251634598,-0.574697732925,98590.826416,25.5999984741,-254.706192017,False
56.0,0.076,-0.19,-0.245,-0.2941995,0.4314926,11.28745415,33.3099975586,36.8315086365,-5.09999990463,-5.17427396774,-22.97514534,16.4628582001,-6.55832529068,-0.55321419239,98588.4094238,25.5399990082,-235.904510498,False
56.1,0.337,-0.215,-0.26,-0.51975245,0.7256921,12.1994726,31.7899990082,36.8315086365,-5.19000005722,-5.17427396774,-22.97514534,16.7041950226,-5.89548110962,-0.540779590607,98584.4360352,25.4899997711,-235.904510498,False
56.2,0.014,-0.202,-0.238,-0.3138128,0.30400615,12.2386992,29.9299983978,36.8315086365,-5.32999992371,-5.17427396774,-22.97514534,16.924041748,-5.19498586655,-0.510506212711,98587.713623,25.4300003052,-252.084732056,False
56.300000000000004,-0.119,-0.227,-0.184,-0.5295591,0.61781895,12.52309205,27.859998703,38.4861373901,-5.46999979019,-4.56104707718,-16.1664924622,17.1263599396,-4.51633548737,-0.506176412106,98589.7644043,25.3799991608,-252.084732056,False
56.400000000000006,-0.226,-0.19,-0.185,-0.6080123,0.7649187,10.7480884,25.7999992371,38.4861373901,-5.60999965668,-4.56104707718,-16.1664924622,17.2586688995,-3.90035748482,-0.454674959183,98586.3647461,25.3299999237,-256.842803955,False
56.5,-0.292,-0.2,-0.199,-0.4707192,0.77472535,11.571847,23.7699985504,38.4861373901,-5.75999975204,-4.56104707718,-16.1664924622,17.3594207764,-3.45062756538,-0.418421119452,98579.4250488,25.2899990082,-256.842803955,False
56.6,-0.505,-0.126,-0.222,-0.7060788,1.1571847,9.0417313,22.0799999237,38.4861373901,-5.84999990463,-4.56104707718,-16.1664924622,17.4144439697,-2.90263009071,-0.281253755093,98584.8571777,25.25,-261.440673828,False
56.7,-0.527,-0.095,-0.287,-0.7060788,0.95124505,9.36535075,20.5,30.2952899933,-5.92999982834,-4.22440958023,-10.5212373734,17.4361877441,-2.46357131004,-0.0710439383984,98585.6689453,25.2199993134,-261.440673828,False
56.800000000000004,-0.237,-0.066,-0.332,-0.59820565,0.588399,8.77695175,19.2600002289,30.2952899933,-5.8799996376,-4.22440958023,-10.5212373734,17.4488735199,-2.11024069786,0.085217371583,98583.026123,25.1999988556,-272.646514893,False
56.900000000000006,-0.305,-0.071,-0.336,-0.65704555,0.40207265,8.07087295,18.0499992371,30.2952899933,-5.78999996185,-4.22440958023,-10.5212373734,17.439289093,-1.86296677589,0.274126797915,98582.9650879,25.1999988556,-272.646514893,False
57.0,-0.166,-0.097,-0.303,-0.79433865,0.5295591,8.7475318,16.859998703,30.2952899933,-5.61999988556,-4.22440958023,-10.5212373734,17.4233951569,-1.53988659382,0.451419562101,98579.888916,25.2299995422,-275.527191162,False
57.1,0.004,-0.135,-0.278,-0.63743225,0.2353596,10.7480884,15.4299993515,24.1079406738,-5.44999980927,-5.33972167969,-3.49299263954,17.4284610748,-1.11322581768,0.376185834408,98580.5358887,25.2699985504,-275.527191162,False
57.2,0.258,-0.152,-0.21,-0.59820565,0.40207265,12.67999845,13.3699998856,24.1079406738,-5.48999977112,-5.33972167969,-3.49299263954,17.4323387146,-0.603370547295,0.158128798008,98580.0292969,25.3099994659,-264.788452148,False
57.300000000000004,-0.001,-0.138,-0.148,-0.6080123,0.4903325,13.0820711,11.0,24.1079406738,-5.6299996376,-5.33972167969,-3.49299263954,17.4276447296,-0.118175789714,-0.0150039680302,98582.019043,25.3299999237,-264.788452148,False
57.400000000000006,-0.228,-0.123,-0.112,-0.6864655,0.7453054,11.8268199,8.80999946594,24.1079406738,-5.78999996185,-5.33972167969,-3.49299263954,17.3773078918,0.374306797981,-0.207587137818,98581.4758301,25.3199996948,-239.026824951,False
57.5,-0.383,-0.108,-0.11,-0.6080123,1.06892485,14.11176935,6.6299996376,23.3197116852,-6.03999996185,-3.86783742905,1.39980483055,17.3489780426,0.712216317654,-0.484360337257,98584.2224121,25.2999992371,-239.026824951,False
57.6,-0.488,-0.089,-0.153,-0.7060788,1.02969825,12.95458465,4.52999973297,23.3197116852,-6.48000001907,-3.86783742905,1.39980483055,17.2927970886,1.06009292603,-0.765249431133,98580.1086426,25.2399997711,-230.81817627,False
57.7,-0.575,-0.005,-0.182,-0.9610517,0.7453054,10.42446895,2.79999995232,23.3197116852,-6.92000007629,-3.86783742905,1.39980483055,17.2225112915,1.29392588139,-0.830784320831,98581.842041,25.1499996185,-230.81817627,False
57.800000000000004,-0.567,0.06,-0.181,-0.8237586,0.6668522,7.9826131,1.66999995708,23.3197116852,-7.19000005722,-3.86783742905,1.39980483055,17.1187667847,1.39770126343,-0.662259042263,98578.918457,25.0399990082,-232.746887207,False
57.900000000000006,-0.637,0.006,-0.187,-0.8237586,0.9022118,8.91424485,1.07999992371,9.26679325104,-7.36999988556,-3.98661398888,5.52709722519,17.0667629242,1.43692553043,-0.600106775761,98578.9733887,24.9399986267,-232.746887207,False
58.0,-0.464,0.079,-0.228,-0.8825985,0.14709975,8.32584585,0.719999969006,9.26679325104,-7.56999969482,-3.98661398888,5.52709722519,16.9700298309,1.46625721455,-0.529637753963,98575.6591797,24.859998703,-211.642456055,False
58.1,-0.017,0.014,-0.21,-0.85317855,0.06864655,10.4342756,0.719999969006,9.26679325104,-7.56999969482,-3.98661398888,5.52709722519,16.9700298309,1.46625721455,-0.529637753963,98575.5310059,24.859998703,-211.642456055,False
58.2,0.059,0.003,-0.148,-0.8629852,0.2353596,11.179581,-0.159999996424,9.26679325104,-8.03999996185,-3.98661398888,5.52709722519,16.8469219208,1.57061052322,-0.710385859013,98575.378418,24.7199993134,-206.207275391,False
58.300000000000004,-0.123,-0.014,-0.038,-1.0591182,0.16671305,10.42446895,-0.649999976158,9.26679325104,-8.35999965668,-3.98661398888,5.52709722519,16.8021202087,1.6025826931,-0.756232380867,98575.6469727,24.6299991608,-206.207275391,False
58.400000000000006,0.066,-0.017,0.007,-1.12776475,-0.2745862,9.9439431,-1.15999996662,4.61477899551,-8.5999994278,-4.49761533737,9.2835817337,16.6523017883,1.70305752754,-0.725356161594,98573.6633301,24.5399990082,-172.106933594,False
58.5,-0.108,0.005,0.082,-1.18660465,-0.24516625,9.218251,-1.75999999046,4.61477899551,-8.8499994278,-4.49761533737,9.2835817337,16.5445404053,1.75544905663,-0.367419272661,98571.3195801,24.4499988556,-172.106933594,False
58.6,-0.233,0.004,0.149,-1.18660465,-0.2549729,6.85484835,-2.24000000954,4.61477899551,-8.80000019073,-4.49761533737,9.2835817337,16.4609985352,1.76581728458,-0.128593280911,98573.0834961,24.3799991608,-156.994247437,False
58.7,-0.328,0.026,0.179,-0.9414384,-0.0588399,4.05014645,-2.24000000954,4.61477899551,-8.80000019073,-4.49761533737,9.2835817337,16.4223251343,1.76074850559,0.0980477780104,98574.0844727,24.3799991608,-156.994247437,False
58.800000000000004,-0.092,0.027,0.147,-1.1179581,0.1765197,6.03108975,-2.6099998951,1.05574131012,-8.22000026703,-4.359562397,6.68266582489,16.2605342865,1.71166598797,0.85460960865,98571.472168,24.3799991608,-139.484588623,False
58.900000000000006,-0.097,0.018,0.118,-1.12776475,0.40207265,8.44352565,-2.59999990463,1.05574131012,-7.81999969482,-4.359562397,6.68266582489,16.1729183197,1.66173279285,1.08661782742,98573.8647461,24.4599990845,-139.484588623,False
59.0,-0.131,0.023,0.102,-1.10815145,0.48052585,9.5712904,-2.49000000954,1.05574131012,-7.48999977112,-4.359562397,6.68266582489,16.0985298157,1.57595169544,1.155195117,98571.1547852,24.5699996948,-118.2264328,False
59.1,-0.224,0.021,0.079,-1.0983448,0.5099458,9.6497436,-2.21000003815,-1.2657520771,-7.19999980927,-4.6803560257,3.93561315536,16.0387325287,1.48501491547,1.19013142586,98573.0773926,24.6999988556,-118.2264328,False
59.2,-0.117,0.051,0.047,-1.01008495,0.2745862,8.8455983,-1.89999997616,-1.2657520771,-6.89999961853,-4.6803560257,3.93561315536,15.9828290939,1.37843394279,1.28779423237,98575.9033203,24.8199996948,-108.54511261,False
59.300000000000004,-0.033,0.05,0.022,-0.9022118,0.26477955,8.3944924,-1.51999998093,-1.2657520771,-6.53999996185,-4.6803560257,3.93561315536,15.9428796768,1.29721617699,1.41036510468,98577.1057129,24.9499988556,-108.54511261,False
59.400000000000006,-0.017,0.024,0.01,-0.8825985,0.36284605,8.629852,-1.17999994755,-3.13249969482,-6.1299996376,-5.43592309952,2.95072293282,15.8867368698,1.15209257603,1.61462116241,98576.7700195,25.0900001526,-101.165962219,False
59.5,0.021,0.021,0.009,-0.784532,0.34323275,8.7475318,-0.839999973774,-3.13249969482,-5.69000005722,-5.43592309952,2.95072293282,15.8656578064,1.08532989025,1.74330234528,98580.6640625,25.2399997711,-101.165962219,False
59.6,0.031,0.015,-0.002,-0.75511205,0.3138128,8.75733845,-0.439999997616,-3.13249969482,-5.21999979019,-5.43592309952,2.95072293282,15.8318500519,0.967009723186,1.90808308125,98582.0129395,25.3999996185,-86.3361358643,False
59.7,0.047,0.012,-0.007,-0.83356525,0.2745862,8.22777935,-0.0499999970198,-3.13249969482,-4.71000003815,-5.43592309952,2.95072293282,15.8141202927,0.890564680099,2.04965043068,98585.8825684,25.5799999237,-86.3361358643,False
59.800000000000004,0.052,0.015,-1.83697019872e-18,-0.75511205,0.04903325,8.69849855,0.189999997616,-3.13249969482,-4.17000007629,-5.43592309952,2.95072293282,15.8079519272,0.818865358829,2.11866259575,98592.5292969,25.7799987793,-84.7618103027,False
59.900000000000006,-0.03,-0.029,0.054,-0.67665885,0.2941995,11.22861425,0.469999998808,-2.17956256866,-3.66999983788,-5.65079498291,2.76162338257,15.8150730133,0.748077213764,2.03458571434,98592.779541,25.9799995422,-84.7618103027,False
60.0,0.085,-0.028,0.068,-0.5295591,0.0588399,11.60126695,0.829999983311,-2.17956256866,-3.27999997139,-5.65079498291,2.76162338257,15.8351020813,0.660650968552,1.89288187027,98591.0461426,26.1899986267,-83.7083816528,False
60.1,0.284,-0.051,0.05,-0.46091255,0.12748645,10.7088618,1.14999997616,-2.17956256866,-2.89999985695,-5.65079498291,2.76162338257,15.8559141159,0.595166921616,1.74066197872,98594.0429688,26.3799991608,-83.7083816528,False
60.2,0.036,-0.101,0.055,-0.44129925,0.10787315,11.13054775,1.32999992371,-2.17956256866,-2.61999988556,-5.65079498291,2.76162338257,15.8678598404,0.574932157993,1.66722869873,98599.987793,26.5599994659,-90.0012969971,False
60.300000000000004,-0.091,-0.041,0.061,-0.26477955,0.2353596,11.07170785,1.51999998093,-0.0783383175731,-2.25,-4.50778722763,1.36669313908,15.8802928925,0.50845605135,1.62895858288,98599.822998,26.7199993134,-90.0012969971,False
60.400000000000006,-0.017,-0.051,0.045,-0.3138128,-0.00980665,10.2381426,1.73000001907,-0.0783383175731,-1.88999998569,-4.50778722763,1.36669313908,15.8824834824,0.487540334463,1.63887345791,98603.3813477,26.8799991608,-91.0659790039,False
60.5,0.022,-0.043,0.063,-0.4314926,0.4511059,9.65955025,1.86000001431,-0.0783383175731,-1.50999999046,-4.50778722763,1.36669313908,15.8928260803,0.450574189425,1.63551390171,98604.6081543,27.0399990082,-91.0659790039,False
60.6,0.069,-0.038,0.055,-0.4511059,0.588399,9.30651085,2.18000006676,-0.751046359539,-1.11000001431,-3.6570045948,0.217189148068,15.9017400742,0.340442091227,1.67489671707,98611.114502,27.1899986267,-90.8882141113,False
60.7,0.099,-0.032,0.012,-0.1569064,0.38245935,9.414384,2.50999999046,-0.751046359539,-0.680000007153,-3.6570045948,0.217189148068,15.9014596939,0.281859576702,1.70648682117,98612.4145508,27.359998703,-90.8882141113,False
60.800000000000004,0.0,-0.056,-0.024,-0.2353596,0.53936575,10.79712165,2.78999996185,-0.751046359539,-0.259999990463,-3.6570045948,0.217189148068,15.9146299362,0.203217029572,1.6220511198,98612.2009277,27.5299987793,-93.8831329346,False
60.900000000000006,0.038,-0.025,-0.053,-0.0196133,0.1176798,10.6304086,3.07999992371,-0.751046359539,0.070000000298,-3.6570045948,0.217189148068,15.9226980209,0.189334779978,1.56567168236,98616.8029785,27.6999988556,-93.8831329346,False
61.0,0.049,-0.036,-0.047,-0.2353596,0.2941995,10.2185293,3.22000002861,-0.751046359539,0.439999997616,-3.6570045948,0.217189148068,15.9557914734,0.136362805963,1.41275644302,98620.880127,27.859998703,-93.9765930176,False
61.1,-0.017,-0.069,0.007,-0.24516625,0.6668522,11.44436055,3.42999982834,0.55834209919,0.740000009537,-2.4334731102,0.517631173134,15.9473695755,0.0658381283283,1.26951336861,98620.8190918,28.0100002289,-93.9765930176,False
61.2,-0.103,-0.117,-0.046,0.02941995,0.5491724,12.9643913,3.82999992371,0.55834209919,0.939999997616,-2.4334731102,0.517631173134,15.9648208618,-0.0210081618279,0.992129921913,98625.7263184,28.1399993896,-96.1881637573,False
61.300000000000004,0.076,-0.031,-0.065,0.0,0.38245935,10.67944185,4.19999980927,0.55834209919,1.12000000477,-2.4334731102,0.517631173134,15.959939003,-0.0619445331395,0.882651031017,98625.7629395,28.2600002289,-96.1881637573,False
61.400000000000006,0.15,-0.077,-0.035,-0.1765197,0.6080123,11.11093445,4.42999982834,-0.493775039911,1.31999993324,-1.12494301796,0.906662344933,15.9499731064,-0.118504136801,0.725043416023,98622.5280762,28.359998703,-98.4617233276,False
61.5,0.116,-0.102,-0.023,0.0,0.3334261,12.13082605,4.73999977112,-0.493775039911,1.4699999094,-1.12494301796,0.906662344933,15.9419240952,-0.157855093479,0.60388559103,98627.2583008,28.4399986267,-98.4617233276,False
61.6,0.109,-0.084,-0.017,-0.1569064,0.69627215,11.81701325,4.96999979019,-0.493775039911,1.53999996185,-1.12494301796,0.906662344933,15.8976736069,-0.198484674096,0.406089872122,98630.2001953,28.5100002289,-90.1168823242,False
61.7,0.003,-0.065,-0.015,-0.26477955,1.1179581,12.99381125,5.19000005722,1.57449841499,1.56999993324,0.632994294167,1.24216425419,15.8407335281,-0.256521463394,0.0724317952991,98630.4748535,28.5499992371,-90.1168823242,False
61.800000000000004,-0.086,-0.101,-0.064,0.1569064,0.26477955,13.99408955,5.55999994278,1.57449841499,1.48000001907,0.632994294167,1.24216425419,15.7901601791,-0.299207180738,-0.247661262751,98630.078125,28.5799999237,-90.1643753052,False
61.900000000000006,-0.24,-0.088,-0.047,0.16671305,0.5687857,12.7290317,5.76999998093,1.57449841499,1.26999998093,0.632994294167,1.24216425419,15.7481107712,-0.330804139376,-0.516686975956,98634.4299316,28.5699996948,-90.1643753052,False
62.0,-0.133,-0.091,-0.022,0.18632635,0.1372931,13.8666031,6.09999990463,1.57449841499,1.01999998093,0.632994294167,1.24216425419,15.6790437698,-0.399971246719,-0.905500710011,98628.3508301,28.5299987793,-77.0990371704,False
62.1,-0.098,-0.044,-0.002,0.5099458,0.06864655,11.0226746,6.42999982834,1.57449841499,0.649999976158,0.632994294167,1.24216425419,15.6357898712,-0.439892530441,-1.00784659386,98629.864502,28.4599990845,-77.0990371704,False
62.2,-0.246,0.001,0.096,0.04903325,0.50013915,9.5909037,6.78999996185,-3.13965272903,0.469999998808,2.67626929283,1.24984383583,15.5924930573,-0.52451390028,-0.973477303982,98628.9245605,28.359998703,-58.616065979,False
62.300000000000004,0.005,-0.022,0.071,0.3530394,0.26477955,11.8268199,7.44999980927,-3.13965272903,0.259999990463,2.67626929283,1.24984383583,15.5260009766,-0.657932281494,-1.09852159023,98625.0427246,28.2699985504,-58.616065979,False
62.400000000000006,0.057,0.005,0.043,0.2941995,0.4903325,11.179581,8.21000003815,-3.13965272903,-0.0499999970198,2.67626929283,1.24984383583,15.4691781998,-0.792017757893,-1.20480883121,98626.940918,28.1700000763,-56.8634033203,False
62.5,0.094,0.022,-0.003,0.0588399,0.7649187,9.73800345,9.01000022888,-3.13965272903,-0.299999982119,2.67626929283,1.24984383583,15.4191083908,-0.911046862602,-1.22654020786,98622.8942871,28.0599994659,-56.8634033203,False
62.6,0.529,0.054,-0.085,0.2549729,0.6276256,9.26728425,9.72999954224,-2.24273228645,-0.509999990463,2.5570526123,0.20793043077,15.3555555344,-1.03364896774,-1.12043440342,98615.5151367,27.9499988556,-48.9717483521,False
62.7,0.872,0.091,-0.134,0.36284605,0.4118793,7.9826131,9.72999954224,-2.24273228645,-0.509999990463,2.5570526123,0.20793043077,15.357421875,-1.03712463379,-1.06254291534,98617.7062988,27.9499988556,-48.9717483521,False
62.800000000000004,1.403,0.103,-0.234,0.1372931,-1.10815145,5.46230405,10.029999733,-2.24273228645,-0.589999973774,2.5570526123,0.20793043077,15.3087902069,-0.87072956562,-0.566885054111,98614.630127,27.7600002289,-42.3645019531,False
62.900000000000006,1.075,0.07,-0.009,0.08825985,-1.6082906,7.65899365,8.84000015259,-2.24273228645,-0.280000001192,2.5570526123,0.20793043077,15.2754592896,-0.434313118458,-0.255022466183,98615.1000977,27.7099990845,-42.3645019531,False
63.0,0.389,-0.002,0.377,0.4511059,-0.12748645,11.15016105,6.82999992371,-2.24273228645,-0.179999992251,2.5570526123,0.20793043077,15.2564573288,-0.113332487643,-0.237177908421,98612.677002,27.6999988556,-32.7381134033,False
63.1,-0.03,-0.09,0.442,0.5687857,1.1179581,13.22917085,4.69999980927,22.3397579193,-0.209999993443,2.45168566704,-1.29826653004,15.2240343094,0.461699932814,-0.528771400452,98613.7817383,27.6999988556,-32.7381134033,False
63.2,-0.552,-0.087,0.356,0.73549875,1.6475172,13.2585908,2.73000001907,22.3397579193,-0.449999988079,2.45168566704,-1.29826653004,15.2045001984,0.683882832527,-0.731671869755,98613.6413574,27.6700000763,-31.1941146851,False
63.300000000000004,-0.63,0.014,0.184,0.67665885,2.0397832,12.160246,1.22000002861,22.3397579193,-0.799999952316,2.45168566704,-1.29826653004,15.1859083176,0.843523263931,-0.91371268034,98616.6870117,27.609998703,-31.1941146851,False
63.400000000000006,-0.644,0.211,-0.041,0.26477955,2.02997655,9.5320638,0.449999988079,13.8233938217,-1.03999996185,3.59838271141,-4.8324341774,15.1427974701,0.895305395126,-0.835117101669,98619.3725586,27.5299987793,-27.4175643921,False
63.5,-0.488,0.262,-0.293,0.2157463,1.40235095,3.91285335,0.299999982119,13.8233938217,-1.04999995232,3.59838271141,-4.8324341774,15.1480369568,0.839830100536,-0.113895721734,98614.4287109,27.4399986267,-27.4175643921,False
63.6,-0.498,0.235,-0.378,0.08825985,0.7649187,3.0596748,0.419999986887,13.8233938217,-0.599999964237,3.59838271141,-4.8324341774,15.1662740707,0.815643429756,0.48049852252,98613.7939453,27.4200000763,-25.1571655273,False
63.7,-0.264,0.072,-0.32,0.0980665,0.4707192,7.7276402,0.34999999404,4.93118524551,-0.129999995232,-1.43873775005,0.268732637167,15.1936511993,0.81074899435,0.892096698284,98610.6750488,27.4499988556,-25.1571655273,False
63.800000000000004,-0.264,0.072,-0.32,0.0980665,0.4707192,7.7276402,0.259999990463,4.93118524551,0.370000004768,-1.43873775005,0.268732637167,15.2238836288,0.815364837646,1.00018501282,98610.760498,27.5499992371,-30.5358886719,False
63.900000000000006,-0.222,0.053,-0.208,0.392266,0.1765197,7.0215614,0.0999999940395,4.93118524551,0.839999973774,-1.43873775005,0.268732637167,15.2652750015,0.813275814056,1.22510588169,98609.4421387,27.6899986267,-30.5358886719,False
64.0,-0.005,-0.014,-0.158,0.53936575,-0.0980665,9.11037785,0.0499999970198,4.93118524551,1.36000001431,-1.43873775005,0.268732637167,15.3450756073,0.813422441483,1.38650560379,98612.121582,27.8400001526,-28.1949996948,False
64.10000000000001,0.099,-0.034,-0.093,0.2941995,0.0588399,10.1400761,-0.109999999404,4.93118524551,1.80999994278,-1.43873775005,0.268732637167,15.3926258087,0.833766698837,1.32618916035,98615.802002,28.0,-28.1949996948,False
64.2,0.054,-0.077,0.004,0.5295591,-0.0196133,12.11121275,-0.389999985695,2.06443071365,2.13999986649,-1.96606779099,4.86847496033,15.4745788574,0.865713059902,1.15144538879,98617.9504395,28.1499996185,-36.5634918213,False
64.3,0.215,-0.061,0.125,0.79433865,0.48052585,11.62088025,-0.599999964237,2.06443071365,2.37999987602,-1.96606779099,4.86847496033,15.5214338303,0.870718955994,1.02345216274,98618.7866211,28.2899990082,-37.5635147095,False
64.4,0.136,-0.061,0.128,0.9022118,-0.02941995,12.5917386,-0.879999995232,2.06443071365,2.51999998093,-1.96606779099,4.86847496033,15.6272935867,0.940370976925,0.753446161747,98614.8498535,28.3899993896,-14.1597747803,False
64.5,0.245,-0.05,0.16,0.7060788,0.3726527,10.983448,-1.25,5.50082159042,2.65999984741,-0.545968711376,2.53764152527,15.6810131073,0.981394529343,0.7057929039,98623.5656738,28.4699993134,-14.1597747803,False
64.60000000000001,-0.055,-0.058,0.125,0.81395195,0.6472389,11.1403544,-1.41999995708,5.50082159042,2.86999988556,-0.545968711376,2.53764152527,15.7156896591,0.987202644348,0.629731714725,98620.916748,28.5399990082,-29.8599243164,False
64.7,-0.252,-0.076,0.068,0.5295591,0.87279185,12.1406327,-1.12999999523,5.50082159042,2.95000004768,-0.545968711376,2.53764152527,15.7713708878,0.995135605335,0.416156440973,98628.5888672,28.5999984741,-29.8599243164,False
64.8,-0.24,-0.069,0.047,0.7453054,0.8237586,11.67972015,-1.12999999523,5.50082159042,2.95000004768,-0.545968711376,2.53764152527,15.7801122665,0.991094052792,0.28769209981,98624.597168,28.5999984741,-29.8599243164,False
64.9,-0.165,-0.057,-0.025,0.5491724,0.8041453,12.52309205,-0.930000007153,2.80210494995,2.88999986649,0.72283411026,0.966281831264,15.8316316605,0.927705168724,0.0951958149672,98629.3701172,28.6499996185,-42.4087524414,False
65.0,-0.157,-0.093,-0.046,0.59820565,0.34323275,13.2978174,0.0,2.80210494995,2.73000001907,0.72283411026,0.966281831264,15.8647279739,0.871052384377,-0.344524294138,98626.3366699,28.6499996185,-39.9341583252,False
65.10000000000001,-0.158,-0.055,0.037,0.5491724,0.1569064,9.81645665,0.140000000596,2.80210494995,2.52999997139,0.72283411026,0.966281831264,15.8633346558,0.820090889931,-0.406677752733,98625.7263184,28.609998703,-38.934135437,False
65.2,-0.029,-0.025,0.007,0.1765197,0.5491724,8.22777935,1.88999998569,-0.497848808765,2.49000000954,1.89769124985,0.976782977581,15.8440208435,0.691317796707,-0.368613213301,98629.0283203,28.5699996948,-43.6965942383,False
65.3,-0.029,-0.025,0.007,0.1765197,0.5491724,8.22777935,2.41999983788,-0.497848808765,2.49000000954,1.89769124985,0.976782977581,15.8265542984,0.652434885502,-0.207548096776,98627.9418945,28.5199985504,-43.6965942383,False
65.4,0.081,-0.019,-0.032,0.36284605,0.26477955,8.1002929,5.46999979019,-0.220416292548,2.6099998951,2.20856523514,0.962591171265,15.8050718307,0.612977266312,-0.123838327825,98622.9064941,28.4899997711,-45.7605361938,False
65.5,0.028,-0.051,0.041,0.2745862,0.5687857,9.3555441,6.00999975204,-0.220416292548,2.70000004768,2.20856523514,0.962591171265,15.7924966812,0.569418251514,-0.121086575091,98629.2114258,28.4899997711,-46.760559082,False
65.60000000000001,0.099,-0.03,0.008,0.46091255,0.36284605,9.7478101,6.56999969482,-0.220416292548,2.75,2.20856523514,0.962591171265,15.7336807251,0.457743257284,-0.0750821456313,98625.5615234,28.4899997711,-38.4784698486,False
65.7,-0.13,-0.058,0.027,0.6668522,0.10787315,10.87557485,9.56999969482,-0.317080527544,2.82999992371,3.1507601738,0.481205463409,15.7201595306,0.414482831955,-0.114794127643,98626.7150879,28.4899997711,-38.4784698486,False
65.8,-0.091,-0.069,0.016,0.57859235,0.04903325,11.1991943,10.1499996185,-0.317080527544,2.80999994278,3.1507601738,0.481205463409,15.7022418976,0.395472198725,-0.20163500309,98621.8933105,28.5,-29.0660858154,False
65.9,0.18,-0.014,0.062,0.6668522,0.0392266,9.89490985,14.5599994659,-0.317080527544,2.80999994278,3.1507601738,0.481205463409,15.6767692566,0.376354426146,-0.261225312948,98623.5229492,28.4899997711,-29.0660858154,False
66.0,-0.04,-0.057,0.153,0.91201845,0.59820565,13.2585908,15.2999992371,-0.317080527544,2.76999998093,3.1507601738,0.481205463409,15.6680259705,0.334510624409,-0.36666354537,98624.9145508,28.4799995422,-30.987739563,False
66.10000000000001,-0.342,-0.098,0.133,1.3337044,0.79433865,15.60238015,16.3799991608,-0.317080527544,2.3599998951,3.1507601738,0.481205463409,15.5952920914,0.112447157502,-1.21228301525,98624.8718262,28.4399986267,-30.987739563,False
66.2,0.059,-0.005,0.098,1.0395049,0.7256921,13.89602305,20.3099994659,-1.89504241943,1.80999994278,4.64802074432,-2.01927185059,15.5472869873,-0.0297750793397,-1.4536113739,98621.5515137,28.3400001526,-24.0816116333,False
66.3,0.261,0.076,-0.06,0.48052585,0.71588545,8.16893945,21.6000003815,-1.89504241943,1.42999994755,4.64802074432,-2.01927185059,15.5286283493,-0.129753768444,-1.29213583469,98623.3032227,28.1999988556,-25.0816345215,False
66.4,0.158,0.057,-0.11,0.69627215,0.3138128,7.8649333,26.0900001526,-1.89504241943,1.30999994278,4.64802074432,-2.01927185059,15.5180664062,-0.180801153183,-1.08391022682,98617.364502,28.0699996948,-17.8100585938,False
66.5,-0.048,0.021,-0.097,0.81395195,-0.2157463,8.1395195,27.0399990082,0.834854066372,1.23000001907,3.86003351212,-1.17149245739,15.5270967484,-0.19149941206,-0.878243625164,98619.2810059,27.9499988556,-16.8100357056,False
66.60000000000001,0.45,0.052,-0.056,0.85317855,0.06864655,8.52197885,27.9499988556,0.834854066372,1.16999995708,3.86003351212,-1.17149245739,15.5076704025,-0.200482174754,-0.76086473465,98615.1794434,27.859998703,-8.59565734863,False
66.7,0.613,0.089,-0.035,0.57859235,0.08825985,8.20816605,30.6299991608,0.834854066372,1.11000001431,3.86003351212,-1.17149245739,15.5007667542,-0.120615959167,-0.648020982742,98617.0776367,27.7899990082,-8.59565734863,False
66.8,0.508,0.026,-0.03,0.77472535,-0.3138128,9.99297635,31.1199989319,0.834854066372,1.09000003338,3.86003351212,-1.17149245739,15.4967880249,0.0197936315089,-0.596069633961,98613.8977051,27.7299995422,-9.19818878174,False
66.9,0.378,0.033,0.036,0.75511205,0.1372931,9.7870367,34.0699996948,11.5743741989,1.03999996185,2.77467608452,-0.821296513081,15.4866752625,0.190785348415,-0.675761222839,98608.5205078,27.6800003052,-9.19818878174,False
67.0,0.425,-0.056,0.079,0.5491724,0.5099458,13.26839745,34.2000007629,11.5743741989,0.769999980927,2.77467608452,-0.821296513081,15.4815444946,0.486678183079,-0.907924175262,98609.588623,27.6199989319,-8.89949798584,False
67.10000000000001,0.556,0.023,0.064,0.73549875,0.5687857,11.2776475,35.1599998474,11.5743741989,0.579999983311,2.77467608452,-0.821296513081,15.4866514206,0.620746612549,-0.861200451851,98609.2407227,27.5399990082,-8.89949798584,False
67.2,0.412,-0.015,0.024,0.4314926,1.176798,12.0817928,35.2399978638,11.5743741989,0.370000004768,2.77467608452,-0.821296513081,15.4912986755,0.945166826248,-1.0495043993,98604.2663574,27.4499988556,-10.1402282715,False
67.3,0.021,0.06,-0.032,0.48052585,1.24544455,9.8654899,35.2399978638,21.6889438629,0.109999999404,2.74561214447,-2.03900909424,15.4834794998,1.2819955349,-1.03475415707,98612.4206543,27.3400001526,-10.1402282715,False
67.4,-0.028,-0.012,-0.121,0.6864655,1.5298374,12.38579895,38.2900009155,21.6889438629,-0.170000001788,2.74561214447,-2.03900909424,15.5032215118,1.63368487358,-1.31147837639,98605.456543,27.2299995422,21.302986145,False
67.5,0.143,0.004,-0.194,1.02969825,1.4906108,13.52337035,38.3199996948,21.6889438629,-0.689999997616,2.74561214447,-2.03900909424,15.5106878281,1.90134549141,-1.53075516224,98606.7871094,27.0999984741,21.302986145,False
67.60000000000001,0.222,0.045,-0.301,0.67665885,1.2552512,11.67972015,39.0200004578,21.6889438629,-1.16999995708,2.74561214447,-2.03900909424,15.5224428177,2.22452044487,-1.6278835535,98607.7819824,26.9399986267,13.2111549377,False
67.7,0.306,0.111,-0.349,0.46091255,0.85317855,8.85540495,39.219997406,21.6889438629,-1.52999997139,2.74561214447,-2.03900909424,15.5306224823,2.40684819221,-1.43578994274,98602.8198242,26.7699985504,13.2111549377,False
67.8,0.718,0.035,-0.405,0.392266,-0.0392266,9.44380395,39.219997406,25.276468277,-1.50999999046,0.00529585126787,2.65460634232,15.5248527527,2.54472494125,-1.36041688919,98598.1750488,26.7699985504,13.2111549377,False
67.9,0.604,-0.029,-0.306,0.28439285,-0.48052585,8.67888525,40.3999977112,25.276468277,-1.78999996185,0.00529585126787,2.65460634232,15.4948863983,3.39857435226,-0.979296982288,98594.6960449,26.4799995422,-3.49464416504,False
68.0,0.5,-0.077,-0.152,0.34323275,-0.26477955,9.63993695,40.0900001526,25.276468277,-1.82999992371,0.00529585126787,2.65460634232,15.4456310272,4.11747121811,-0.806852042675,98595.3125,26.3699989319,-15.837097168,False
68.10000000000001,0.406,-0.181,-0.051,0.16671305,0.22555295,10.97364135,40.8999977112,36.6657371521,-1.89999997616,-1.71473371983,7.70004272461,15.3935518265,4.61697244644,-0.7058198452,98595.3796387,26.2899990082,-15.837097168,False
68.2,0.23,-0.196,-0.011,0.22555295,0.51975245,11.5914603,40.3400001526,36.6657371521,-2.0,-1.71473371983,7.70004272461,15.3122701645,5.33562326431,-0.67028015852,98596.1242676,26.2199993134,-19.4736480713,False
68.3,-0.07,-0.209,0.012,0.59820565,0.91201845,12.75845165,41.0499992371,36.6657371521,-2.15999984741,-1.71473371983,7.70004272461,15.1889228821,6.12690734863,-0.702387571335,98596.8933105,26.1499996185,-19.4736480713,False
68.4,-0.179,-0.145,-0.117,0.6472389,1.3140911,10.91480145,40.5099983215,36.6657371521,-2.37999987602,-1.71473371983,7.70004272461,15.1377449036,6.33950138092,-0.687274694443,98596.2463379,26.0799999237,-40.5765533447,False
68.5,-0.027,-0.13,-0.229,0.61781895,1.79461695,13.5135637,41.9500007629,37.436504364,-2.6099998951,1.01020109653,11.511721611,14.9511165619,7.28991651535,-0.906226754189,98597.5830078,26.0100002289,-40.5765533447,False
68.60000000000001,0.048,-0.073,-0.357,0.79433865,1.5494507,12.6309652,41.4599990845,37.436504364,-2.98000001907,1.01020109653,11.511721611,14.7782421112,8.04277324677,-1.04765486717,98595.7092285,25.9200000763,-69.0395355225,False
68.7,0.118,-0.043,-0.462,0.2745862,1.1179581,10.77750835,41.1699981689,37.436504364,-3.25,1.01020109653,11.511721611,14.6789579391,8.47136211395,-0.964989006519,98593.572998,25.8199996948,-69.0395355225,False
68.8,0.014,-0.1,-0.464,0.50013915,0.9022118,10.9049948,41.5200004578,38.5124893188,-3.4399998188,-1.90095436573,17.9684276581,14.5083904266,9.03686141968,-0.885324656963,98586.8591309,25.7099990845,-137.850006104,False
68.9,0.263,-0.137,-0.457,0.50013915,0.67665885,13.05265115,41.0999984741,38.5124893188,-3.62999987602,-1.90095436573,17.9684276581,14.3204154968,9.72161769867,-0.900692462921,98589.1174316,25.609998703,-138.850021362,False
69.0,0.266,-0.125,-0.426,0.2745862,0.69627215,10.71866845,41.9899978638,38.5124893188,-3.82999992371,-1.90095436573,17.9684276581,14.0564470291,10.5017986298,-0.785340070724,98585.3820801,25.5199985504,-158.325576782,False
69.10000000000001,0.389,-0.19,-0.383,0.22555295,0.5491724,10.983448,41.5299987793,38.5124893188,-3.9399998188,-1.90095436573,17.9684276581,14.0168991089,10.6368837357,-0.744385778904,98583.3007812,25.4300003052,-157.325561523,False
69.2,0.254,-0.197,-0.32,0.38245935,0.81395195,9.99297635,41.0499992371,44.3127784729,-3.99000000954,-5.46474456787,28.1353321075,13.6506757736,11.5495843887,-0.386354327202,98582.2265625,25.3500003815,-198.209381104,False
69.3,0.172,-0.164,-0.339,0.4903325,1.1964113,8.5121722,42.9399986267,44.3127784729,-3.92999982834,-5.46474456787,28.1353321075,13.4524879456,12.0314426422,-0.105891183019,98580.8166504,25.2999992371,-198.209381104,False
69.4,0.181,-0.196,-0.404,0.38245935,1.0591182,9.73800345,42.6599998474,44.3127784729,-3.79999995232,-5.46474456787,28.1353321075,13.1705741882,12.6306753159,0.0991941764951,98586.6699219,25.2699985504,-211.382675171,False
69.5,0.197,-0.345,-0.435,0.5295591,0.69627215,13.9058297,43.4199981689,44.3127784729,-3.72000002861,-5.46474456787,28.1353321075,12.8614168167,13.2331972122,0.12748979032,98584.4604492,25.2699985504,-211.382675171,False
69.60000000000001,-0.079,-0.32,-0.37,0.51975245,0.5295591,12.18966595,42.6100006104,47.0731773376,-3.69999980927,-7.47394800186,36.2466545105,12.265879631,14.271946907,0.303199350834,98585.9436035,25.2799987793,-233.953094482,False
69.7,-0.03,-0.358,-0.274,0.4903325,0.8825985,11.93469305,43.1299972534,47.0731773376,-3.57999992371,-7.47394800186,36.2466545105,11.9361371994,14.8084878922,0.394710928202,98579.8828125,25.2999992371,-233.953094482,False
69.8,0.061,-0.364,-0.297,0.50013915,1.0395049,14.32751565,42.5299987793,47.0731773376,-3.44999980927,-7.47394800186,36.2466545105,11.4116353989,15.552983284,0.342954218388,98588.3483887,25.3400001526,-290.012176514,False
69.9,0.017,-0.367,-0.294,0.6472389,1.2748645,15.3572139,42.5400009155,45.7680053711,-3.44999980927,-7.1550822258,44.3681488037,11.1644010544,15.9008693695,0.285180181265,98589.1784668,25.3699989319,-290.012176514,False
70.0,-0.035,-0.357,-0.34,0.7060788,1.0591182,14.2980957,41.3199996948,45.7680053711,-3.59999990463,-7.1550822258,44.3681488037,10.1520195007,17.0799465179,0.110436625779,98581.3781738,25.3899993896,-307.953063965,False
70.10000000000001,-0.146,-0.318,-0.341,0.53936575,0.9414384,12.91535805,41.3199996948,45.7680053711,-3.59999990463,-7.1550822258,44.3681488037,9.93375682831,17.3076896667,0.117129154503,98586.9995117,25.3899993896,-307.953063965,False
70.2,-0.043,-0.291,-0.366,0.02941995,1.1375714,11.6306869,40.2900009155,45.7680053711,-3.63999986649,-7.1550822258,44.3681488037,8.99042892456,18.144575119,0.217592969537,98589.1906738,25.3999996185,-359.25579834,False
70.3,0.174,-0.348,-0.394,0.2157463,0.02941995,13.01342455,39.1100006104,43.2422561646,-3.61999988556,-6.88365602493,55.6709747314,8.4288854599,18.5702667236,0.25829783082,98581.2866211,25.3999996185,-359.25579834,False
70.4,0.16,-0.375,-0.293,-0.0196133,0.38245935,12.40541225,38.0400009155,43.2422561646,-3.52999997139,-6.88365602493,55.6709747314,7.20917081833,19.3133029938,0.334804654121,98588.0065918,25.4200000763,-388.403686523,False
70.5,0.095,-0.408,-0.198,0.2353596,0.24516625,13.925443,36.2799987793,43.2422561646,-3.50999999046,-6.88365602493,55.6709747314,6.59217023849,19.6466751099,0.367480188608,98580.4016113,25.4399986267,-389.403717041,False
70.60000000000001,0.018,-0.35,-0.194,-0.10787315,0.6472389,12.95458465,34.3099975586,43.2422561646,-3.47000002861,-6.88365602493,55.6709747314,5.70148944855,20.055721283,0.259247094393,98584.8815918,25.4599990845,-395.917510986,False
70.7,-0.022,-0.34,-0.203,0.2549729,1.16699135,13.32723735,32.1300010681,44.494052887,-3.55999994278,-4.45313024521,67.3251037598,4.94993782043,20.3582859039,0.226498410106,98586.2976074,25.4699993134,-395.917510986,False
70.8,-0.238,-0.285,-0.224,-0.10787315,1.9417167,12.5132854,29.9299983978,44.494052887,-3.61999988556,-4.45313024521,67.3251037598,4.20437002182,20.6330928802,0.0922108739614,98585.7849121,25.4799995422,-409.053222656,False
70.9,-0.256,-0.158,-0.361,0.1176798,2.16726965,12.0425662,27.4300003052,44.494052887,-3.79999995232,-4.45313024521,67.3251037598,3.82985281944,20.7491359711,0.0621312707663,98584.5397949,25.4699993134,-409.053222656,False
71.0,-0.316,-0.081,-0.472,0.0,1.95152335,10.18910935,25.5199985504,44.494052887,-3.87999987602,-4.45313024521,67.3251037598,3.25360989571,20.8776931763,0.0855471640825,98586.4379883,25.4499988556,-425.089660645,False
71.10000000000001,-0.392,-0.149,-0.576,-0.2745862,1.0395049,10.3165958,23.3799991608,44.494052887,-3.95999979973,-4.45313024521,67.3251037598,2.56813097,21.024438858,0.191124171019,98586.2304688,25.4300003052,-425.089660645,False
71.2,-0.136,-0.213,-0.511,-0.46091255,0.1765197,11.01286795,21.1899986267,35.8506851196,-3.92999982834,-7.23825883865,80.4802017212,1.97083067894,21.0891685486,0.278152793646,98579.3945312,25.4300003052,-450.315093994,False
71.3,-0.034,-0.228,-0.409,-0.51975245,0.1569064,10.9442214,18.6800003052,35.8506851196,-3.9399998188,-7.23825883865,80.4802017212,1.18044519424,21.1570968628,0.28488573432,98577.1789551,25.4200000763,-450.315093994,False
71.4,0.072,-0.288,-0.323,-0.4511059,0.2745862,13.9058297,15.6599998474,35.8506851196,-3.99000000954,-7.23825883865,80.4802017212,0.264823704958,21.2097053528,-0.061820551753,98582.5500488,25.4200000763,-447.497558594,False
71.5,0.075,-0.347,-0.182,-0.28439285,0.14709975,17.1420242,11.1999998093,35.8506851196,-4.34999990463,-7.23825883865,80.4802017212,-0.483728259802,21.2322483063,-0.398597627878,98582.1472168,25.3899993896,-447.497558594,False
71.60000000000001,-0.102,-0.337,-0.108,-0.20593965,0.48052585,18.03442935,6.17000007629,34.9050445557,-4.90999984741,-5.21954298019,90.4346466064,-1.70433568954,21.2133541107,-1.09644305706,98579.9560547,25.3199996948,-405.238922119,False
71.7,-0.34,-0.291,-0.065,-0.38245935,0.59820565,16.56343185,0.870000004768,34.9050445557,-5.65999984741,-5.21954298019,90.4346466064,-2.36387658119,21.1485481262,-1.42127585411,98582.1044922,25.1899986267,-405.238922119,False
71.8,-0.493,-0.262,-0.055,-0.5687857,0.69627215,17.95597615,-3.95999979973,34.9050445557,-6.52999973297,-5.21954298019,90.4346466064,-3.32027554512,20.9611492157,-2.02736139297,98579.1870117,25.0100002289,-410.058227539,False
71.9,-0.671,-0.206,-0.039,-0.57859235,0.48052585,14.62171515,-8.38999938965,34.9050445557,-7.5,-5.21954298019,90.4346466064,-3.76457834244,20.8285541534,-2.23966789246,98573.3642578,24.7699985504,-410.058227539,False
72.0,-0.76,-0.099,-0.044,-1.01008495,0.87279185,11.5130071,-11.5,34.9050445557,-8.39999961853,-5.21954298019,90.4346466064,-4.06487703323,20.6576709747,-2.33917021751,98570.8435059,24.5100002289,-398.810180664,False
72.10000000000001,-0.947,-0.004,-0.081,-1.1179581,0.5491724,10.5715687,-13.75,21.9545269012,-9.31999969482,-0.614011049271,94.7045288086,-4.33200550079,20.4288215637,-2.42228198051,98568.1152344,24.2099990845,-398.810180664,False
72.2,-0.695,0.03,-0.094,-1.3337044,0.65704555,8.89463155,-15.5399999619,21.9545269012,-10.2199993134,-0.614011049271,94.7045288086,-4.53543567657,20.1029510498,-2.43057775497,98564.654541,23.9099998474,-381.822021484,False
72.3,-0.762,0.018,-0.069,-1.34351105,0.83356525,10.01258965,-16.7199993134,21.9545269012,-11.0100002289,-0.614011049271,94.7045288086,-4.57180643082,19.9436454773,-2.41866350174,98558.2214355,23.609998703,-381.822021484,False
72.4,-0.711,0.092,-0.07,-1.16699135,0.71588545,7.97280645,-17.3999996185,21.9545269012,-11.779999733,-0.614011049271,94.7045288086,-4.51605319977,19.7755374908,-2.31845188141,98553.515625,23.3099994659,-359.509643555,False
72.5,-0.611,0.125,-0.103,-1.36312435,0.67665885,6.91368825,-17.5900001526,1.28944301605,-12.3899993896,-1.43128931522,96.8508834839,-4.39765930176,19.5601730347,-1.99272084236,98551.348877,23.0299987793,-359.509643555,False
72.60000000000001,-0.628,0.127,-0.099,-1.2748645,0.42168595,4.2560861,-17.609998703,1.28944301605,-12.779999733,-1.43128931522,96.8508834839,-4.23652029037,19.3518791199,-1.32301902771,98547.3022461,22.7799987793,-334.293762207,False
72.7,-0.458,0.12,-0.112,-1.2944778,0.32361945,3.22638785,-17.609998703,1.28944301605,-12.779999733,-1.43128931522,96.8508834839,-4.20936584473,19.3197650909,-1.19541728497,98544.2565918,22.5799999237,-334.293762207,False
72.8,-0.407,0.074,-0.074,-1.5494507,0.10787315,4.97197155,-17.4499988556,1.28944301605,-12.7699995041,-1.43128931522,96.8508834839,-3.98597025871,19.0605449677,-0.33125436306,98540.6066895,22.4599990845,-306.356445312,False
72.9,-0.147,0.076,-0.025,-1.5298374,0.2353596,5.9428299,-17.1499996185,-9.60596847534,-12.6799993515,-3.40872502327,99.171913147,-3.82398724556,18.9195861816,0.0842940956354,98538.7878418,22.3899993896,-306.356445312,False
73.0,-0.118,0.057,0.004,-1.4906108,-0.06864655,6.87446165,-16.8400001526,-9.60596847534,-12.529999733,-3.40872502327,99.171913147,-3.58095026016,18.765499115,0.371674865484,98539.5263672,22.359998703,-282.963562012,False
73.10000000000001,-0.118,0.049,0.043,-1.52003075,-0.196133,8.3356525,-16.2799987793,-9.60596847534,-12.4200000763,-3.40872502327,99.171913147,-3.36570096016,18.6573944092,0.559733808041,98536.2792969,22.3799991608,-282.963562012,False
73.2,-0.081,0.064,0.094,-1.46119085,-0.2549729,8.14932615,-15.6499996185,-9.60596847534,-12.279999733,-3.40872502327,99.171913147,-3.18859243393,18.574005127,0.717504799366,98536.3037109,22.4099998474,-254.218292236,False
73.3,0.013,0.072,0.132,-1.44157755,0.14709975,8.03164635,-15.0,-12.4496831894,-12.0699996948,-5.08508634567,98.4370269775,-3.07400751114,18.5191249847,0.856057524681,98541.0705566,22.4599990845,-254.218292236,False
73.4,0.042,0.06,0.151,-1.4906108,0.2353596,8.237586,-14.2699995041,-12.4496831894,-11.8199996948,-5.08508634567,98.4370269775,-2.69725394249,18.3809986115,1.16489231586,98539.5690918,22.5199985504,-236.57244873,False
73.5,0.099,0.051,0.147,-1.50041745,0.392266,9.11037785,-13.4200000763,-12.4496831894,-11.5900001526,-5.08508634567,98.4370269775,-2.56852602959,18.3436222076,1.24229979515,98542.7246094,22.609998703,-236.57244873,False
73.60000000000001,-0.012,0.051,0.142,-1.4121576,0.30400615,7.256921,-12.6499996185,-11.6336965561,-11.2899999619,-6.74383401871,95.7335586548,-2.35127854347,18.2661361694,1.46951556206,98544.9951172,22.6999988556,-216.438293457,False
73.7,-0.142,0.039,0.169,-1.5102241,0.5687857,9.44380395,-11.7299995422,-11.6336965561,-10.9399995804,-6.74383401871,95.7335586548,-2.10778093338,18.2073192596,1.59775197506,98545.2087402,22.8299999237,-216.438293457,False
73.8,0.033,0.031,0.134,-1.4513842,0.10787315,8.60043205,-10.8999996185,-11.6336965561,-10.5699996948,-6.74383401871,95.7335586548,-1.81721818447,18.1217308044,1.84302222729,98545.3796387,22.9599990845,-204.373748779,False
73.9,-0.052,0.003,0.16,-1.44157755,0.12748645,9.18883105,-10.1099996567,-11.6336965561,-10.1599998474,-6.74383401871,95.7335586548,-1.69439220428,18.1006660461,1.90567779541,98549.2370605,23.1199989319,-204.373748779,False
74.0,-0.363,-0.017,0.207,-1.14737805,0.40207265,9.610517,-8.98999977112,-13.1331930161,-9.76999950409,-7.7863202095,92.6956558228,-1.33033943176,18.08111763,1.96193063259,98551.373291,23.2899990082,-190.173721313,False
74.10000000000001,-0.161,0.04,0.108,-1.06892485,-0.12748645,9.0417313,-7.61999988556,-13.1331930161,-9.34000015259,-7.7863202095,92.6956558228,-1.270357728,18.081445694,1.98113024235,98555.3405762,23.4699993134,-190.173721313,False
74.2,0.132,0.038,0.103,-1.08853815,-0.42168595,8.42391235,-6.53999996185,-13.1331930161,-8.88000011444,-7.7863202095,92.6956558228,-0.850567519665,18.0580196381,2.24005246162,98557.019043,23.6499996185,-184.367370605,False
74.3,0.323,0.024,0.152,-1.04931155,-0.59820565,8.9436648,-5.5499997139,-13.1331930161,-8.38000011444,-7.7863202095,92.6956558228,-0.654778540134,18.0668334961,2.29695010185,98556.0119629,23.8500003815,-184.367370605,False
74.4,0.514,-0.012,0.22,-0.980665,-0.2353596,10.13026945,-4.55999994278,-11.5190591812,-7.96999979019,-8.86166191101,89.2017288208,-0.474137663841,18.0959072113,2.2942135334,98564.074707,24.0599994659,-189.969451904,False
74.5,0.269,0.003,0.291,-0.9414384,-0.1176798,9.8851032,-3.78999996185,-11.5190591812,-7.52999973297,-8.86166191101,89.2017288208,-0.325029045343,18.1281738281,2.30304050446,98565.2160645,24.2699985504,-189.969451904,False
74.60000000000001,0.236,-0.003,0.305,-0.9610517,0.0196133,9.3555441,-3.78999996185,-11.5190591812,-7.52999973297,-8.86166191101,89.2017288208,-0.268628835678,18.1362342834,2.32903957367,98565.9179688,24.4799995422,-199.522781372,False
74.7,0.229,-0.032,0.262,-0.89240515,0.1176798,10.56176205,-2.39999985695,-4.54012823105,-6.61999988556,-9.45928287506,83.4227142334,-0.0684459730983,18.2145004272,2.26844573021,98573.4130859,24.6999988556,-199.522781372,False
74.8,0.177,-0.046,0.25,-0.8629852,0.392266,11.71894675,-1.75,-4.54012823105,-6.23999977112,-9.45928287506,83.4227142334,0.0474818721414,18.2762069702,2.15363836288,98574.1394043,24.9099998474,-202.292053223,False
74.9,-0.033,-0.009,0.22,-0.9022118,-0.02941995,9.44380395,-1.24000000954,-4.54012823105,-5.84999990463,-9.45928287506,83.4227142334,0.12506505847,18.3132152557,2.16940879822,98574.8718262,25.109998703,-202.292053223,False
75.0,0.153,-0.065,0.222,-0.8237586,0.42168595,10.99325465,-0.659999966621,-4.54012823105,-5.44999980927,-9.45928287506,83.4227142334,0.276912778616,18.3590927124,2.08748459816,98580.5114746,25.3099994659,-212.209503174,False
75.10000000000001,0.012,-0.029,0.177,-0.9610517,0.57859235,10.0223963,0.0299999993294,-4.54012823105,-5.05999994278,-9.45928287506,83.4227142334,0.403541773558,18.3918857574,2.00945734978,98584.1247559,25.5,-212.209503174,False
75.2,-0.061,-0.045,0.086,-0.9218251,0.7256921,10.38524235,0.789999961853,-2.27900028229,-4.69999980927,-8.72529983521,77.7007904053,0.523774027824,18.3978824615,1.94762182236,98589.5385742,25.6899986267,-222.687347412,False
75.3,0.006,-0.041,0.006,-1.0395049,0.61781895,9.54187045,1.57999992371,-2.27900028229,-4.2999997139,-8.72529983521,77.7007904053,0.631989002228,18.3882789612,1.99944114685,98590.637207,25.8799991608,-222.687347412,False
75.4,0.025,-0.056,-0.017,-1.0591182,0.3530394,9.0809579,2.22000002861,-2.27900028229,-3.81999993324,-8.72529983521,77.7007904053,0.720175683498,18.386423111,2.06060695648,98594.0307617,26.0699996948,-231.538772583,False
75.5,0.107,-0.088,-0.023,-1.0198916,0.2941995,9.83606995,2.75999999046,-2.02928948402,-3.32999992371,-7.81124782562,77.4722900391,0.806729018688,18.3931884766,2.01216387749,98597.5158691,26.2699985504,-231.538772583,False
75.60000000000001,0.141,-0.1,0.004,-0.99047165,0.38245935,11.4933938,3.25,-2.02928948402,-2.90999984741,-7.81124782562,77.4722900391,0.86845433712,18.4059085846,1.89099931717,98600.2380371,26.4799995422,-232.431213379,False
75.7,-0.026,-0.103,0.045,-0.91201845,0.6472389,11.28745415,3.8599998951,-2.02928948402,-2.56999993324,-7.81124782562,77.4722900391,0.973515272141,18.4035568237,1.71642065048,98601.7272949,26.6700000763,-232.431213379,False
75.8,-0.054,-0.089,0.014,-0.87279185,0.6472389,11.5130071,3.8599998951,-2.02928948402,-2.56999993324,-7.81124782562,77.4722900391,1.05506503582,18.39686203,1.59828829765,98606.0546875,26.6700000763,-232.431213379,False
75.9,0.012,-0.087,-0.029,-0.71588545,0.71588545,11.3561007,5.23999977112,-1.72429859638,-1.94999992847,-5.58872747421,77.1570892334,1.17748630047,18.3770008087,1.44738316536,98608.6120605,27.0199985504,-235.021026611,False
76.0,0.077,-0.099,-0.061,-0.5687857,0.40207265,11.2580342,5.98000001907,-1.72429859638,-1.63999998569,-5.58872747421,77.1570892334,1.25695419312,18.3694629669,1.3378868103,98608.2397461,27.1700000763,-233.728027344,False
76.10000000000001,0.181,-0.104,-0.062,-0.40207265,0.14709975,12.38579895,6.53999996185,-1.72429859638,-1.41999995708,-5.58872747421,77.1570892334,1.32145011425,18.3737277985,1.09717452526,98612.2070312,27.2999992371,-233.728027344,False
76.2,0.151,-0.085,-0.029,-0.55897905,0.32361945,12.0229529,7.01999998093,-1.72429859638,-1.28999996185,-5.58872747421,77.1570892334,1.35382795334,18.355304718,0.892339527607,98615.4602051,27.4200000763,-232.87487793,False
76.3,0.104,-0.047,-0.02,-0.48052585,-0.38245935,9.11037785,7.26999998093,-1.72429859638,-1.11000001431,-5.58872747421,77.1570892334,1.33904576302,18.3472919464,0.922939181328,98618.560791,27.5199985504,-232.87487793,False
76.4,0.214,-0.119,0.055,-0.51975245,-0.30400615,10.591182,7.26999998093,1.09245574474,-0.810000002384,-3.28598189354,78.1495895386,1.301181674,18.3351745605,0.953637719154,98618.762207,27.6199989319,-237.64743042,False
76.5,0.304,-0.13,0.138,-0.4314926,-0.30400615,12.3956056,7.05999994278,1.09245574474,-0.639999985695,-3.28598189354,78.1495895386,1.13294124603,18.3372097015,0.652978956699,98620.1293945,27.7099990845,-237.64743042,False
76.60000000000001,0.255,-0.131,0.181,-0.28439285,-0.22555295,11.7287534,6.71000003815,1.09245574474,-0.539999961853,-3.28598189354,78.1495895386,1.05458700657,18.3400154114,0.532447218895,98618.6706543,27.7899990082,-233.99772644,False
76.7,0.143,-0.1,0.179,-0.50013915,0.5491724,11.6110736,6.3799996376,1.09245574474,-0.459999978542,-3.28598189354,78.1495895386,1.00660598278,18.3253116608,0.425000607967,98622.0031738,27.859998703,-233.99772644,False
76.80000000000001,0.121,-0.107,0.144,-0.0196133,0.2157463,11.24822755,6.0499997139,6.89259243011,-0.389999985695,-0.0104378098622,74.7213134766,0.851464390755,18.2889213562,0.233977094293,98619.519043,27.9099998474,-184.447296143,False
76.9,0.05,-0.088,0.105,-0.04903325,0.3138128,11.26784085,5.65000009537,6.89259243011,-0.34999999404,-0.0104378098622,74.7213134766,0.804244101048,18.2733631134,0.171977102757,98621.8078613,27.9499988556,-184.447296143,False
77.0,0.058,-0.046,0.061,-0.32361945,0.99047165,11.7483667,5.34999990463,6.89259243011,-0.359999984503,-0.0104378098622,74.7213134766,0.695913255215,18.220035553,-0.0850966349244,98622.2106934,27.9699993134,-178.768737793,False
77.10000000000001,0.017,-0.02,-0.005,0.00980665,0.7649187,12.07198615,5.07999992371,6.89259243011,-0.42999997735,-0.0104378098622,74.7213134766,0.634849905968,18.1988563538,-0.201449170709,98624.3591309,27.9799995422,-178.768737793,False
77.2,-0.149,-0.006,-0.092,0.0,0.46091255,10.50292215,4.76999998093,7.13301229477,-0.509999990463,1.09911966324,74.1026992798,0.542510390282,18.1442966461,-0.290731310844,98620.2697754,27.9699993134,-171.457855225,False
77.30000000000001,-0.01,-0.022,-0.089,0.04903325,0.3530394,11.0422879,4.44000005722,7.13301229477,-0.569999992847,1.09911966324,74.1026992798,0.503847002983,18.1392230988,-0.339448332787,98622.0458984,27.9499988556,-171.457855225,False
77.4,-0.073,-0.024,-0.106,0.12748645,0.2353596,10.4342756,4.07999992371,7.13301229477,-0.639999985695,1.09911966324,74.1026992798,0.392307341099,18.1025543213,-0.412590920925,98621.3989258,27.9300003052,-156.66217041,False
77.5,-0.07,-0.015,-0.073,-0.1569064,0.5295591,10.50292215,3.70999979973,6.41494083405,-0.719999969006,1.28193306923,75.6494598389,0.319064944983,18.0745487213,-0.447400420904,98623.4924316,27.8999996185,-156.66217041,False
77.60000000000001,-0.115,0.033,-0.079,0.12748645,0.12748645,9.63993695,3.39999985695,6.41494083405,-0.759999990463,1.28193306923,75.6494598389,0.261936455965,18.0311145782,-0.347868174314,98619.1772461,27.8699989319,-155.178833008,False
77.7,-0.149,0.035,-0.049,0.08825985,0.32361945,9.79684335,3.21000003815,4.70452308655,-0.729999959469,0.739903390408,76.65965271,0.241755753756,18.0189571381,-0.310122907162,98620.5688477,27.8400001526,-155.178833008,False
77.80000000000001,-0.01,0.047,-0.049,-0.0196133,0.3726527,9.52225715,3.06999993324,4.70452308655,-0.699999988079,0.739903390408,76.65965271,0.21011570096,17.9901351929,-0.202476650476,98618.927002,27.8199996948,-148.964309692,False
77.9,0.056,0.079,-0.062,-0.18632635,0.8041453,7.4922806,3.06999993324,4.70452308655,-0.560000002384,0.739903390408,76.65965271,0.215493351221,17.9684734344,-0.0142379309982,98621.5759277,27.8299999237,-143.787963867,False
78.0,0.014,0.066,-0.074,-0.1765197,0.7649187,7.1980811,3.08999991417,4.70452308655,-0.329999983311,0.739903390408,76.65965271,0.213046431541,17.9455623627,0.319579720497,98618.0541992,27.8299999237,-143.787963867,False
78.10000000000001,0.083,0.031,-0.091,-0.0784532,0.5099458,7.7276402,3.11999988556,4.70452308655,-0.019999999553,0.739903390408,76.65965271,0.197261795402,17.9497394562,0.466147363186,98621.2890625,27.8699989319,-143.787963867,False
78.2,0.129,0.026,-0.1,0.10787315,0.28439285,8.05125965,2.99000000954,5.67778968811,0.329999983311,-0.805057346821,78.3361434937,0.161461248994,17.9507522583,0.738114774227,98621.5026855,27.9399986267,-137.627792358,False
78.30000000000001,0.008,0.005,-0.078,-0.18632635,0.34323275,8.38468575,2.99000000954,5.67778968811,0.329999983311,-0.805057346821,78.3361434937,0.142967954278,17.9605388641,0.818380951881,98623.6022949,28.0399990082,-137.627792358,False
78.4,-0.171,-0.043,-0.037,0.10787315,0.6668522,9.1594111,2.62999987602,5.67778968811,1.14999997616,-0.805057346821,78.3361434937,0.0746141523123,17.9866924286,0.924764156342,98622.6928711,28.1599998474,-141.114624023,False
78.5,-0.073,-0.04,-0.037,0.1176798,0.1176798,8.8063717,2.45000004768,4.9011092186,1.48000001907,-0.771195590496,79.7696533203,0.0162301436067,18.0277748108,0.976191520691,98625.7080078,28.2799987793,-141.114624023,False
78.60000000000001,0.101,-0.06,-0.023,0.57859235,-0.4903325,10.71866845,2.02999997139,4.9011092186,1.83999991417,-0.771195590496,79.7696533203,-0.093497812748,18.0875720978,0.882733047009,98622.3571777,28.4099998474,-139.170257568,False
78.7,0.162,-0.068,0.088,0.63743225,-0.00980665,11.42474725,1.5,4.9011092186,2.03999996185,-0.771195590496,79.7696533203,-0.189424067736,18.1310863495,0.695274412632,98627.8076172,28.5199985504,-139.170257568,False
78.80000000000001,-0.171,-0.089,0.197,0.6864655,0.3334261,12.64077185,0.879999995232,4.9011092186,2.12999987602,-0.771195590496,79.7696533203,-0.260234981775,18.171503067,0.494736671448,98629.3029785,28.609998703,-149.318511963,False
78.9,-0.13,-0.057,0.2,0.44129925,0.50013915,11.375714,0.639999985695,5.0598320961,2.22000002861,0.9355712533,77.8360748291,-0.283312708139,18.1940441132,0.378243893385,98631.8359375,28.6800003052,-149.318511963,False
79.0,-0.205,-0.007,0.136,0.5099458,0.75511205,9.75761675,0.519999980927,5.0598320961,2.36999988556,0.9355712533,77.8360748291,-0.263873934746,18.2028808594,0.380957514048,98633.5632324,28.7299995422,-155.49621582,False
79.10000000000001,-0.197,-0.017,0.064,0.4118793,0.95124505,11.0030613,0.799999952316,5.0598320961,2.54999995232,0.9355712533,77.8360748291,-0.1881275177,18.1778335571,0.357769757509,98633.6547852,28.7699985504,-155.49621582,False
79.2,-0.193,0.008,-9.79717439318e-19,0.32361945,1.0591182,9.7478101,1.07999992371,1.47320973873,2.67999982834,1.28438174725,75.9150390625,-0.0949039235711,18.1444568634,0.366577774286,98634.3261719,28.8199996948,-157.682418823,False
79.30000000000001,-0.108,0.02,-0.051,0.36284605,0.6276256,9.3359308,1.54999995232,1.47320973873,2.91999983788,1.28438174725,75.9150390625,-0.0378974787891,18.1318359375,0.526926696301,98638.4216309,28.8799991608,-157.682418823,False
79.4,0.02,-0.002,-0.081,0.2353596,0.14709975,8.09048625,1.81999993324,1.47320973873,3.27999997139,1.28438174725,75.9150390625,0.00216400786303,18.1278381348,0.736752808094,98634.9487305,28.9399986267,-153.231811523,False
79.5,0.123,-0.021,-0.097,0.36284605,-0.0588399,9.79684335,2.13999986649,1.47320973873,3.70999979973,1.28438174725,75.9150390625,0.0442053228617,18.0999011993,0.779769122601,98636.541748,29.0299987793,-153.231811523,False
79.60000000000001,0.025,-0.095,-0.034,0.36284605,0.2745862,10.89518815,2.26999998093,1.26183629036,4.0,1.50694155693,77.7065963745,0.0758747085929,18.1003952026,0.742268502712,98637.9516602,29.1399993896,-146.629714966,False
79.7,0.052,-0.06,0.027,0.53936575,0.9414384,10.26756255,2.55999994278,1.26183629036,4.28999996185,1.50694155693,77.7065963745,0.165953889489,18.0973243713,0.684169650078,98636.7919922,29.2399997711,-146.629714966,False
79.80000000000001,-0.039,0.005,0.01,0.4314926,1.77500365,9.54187045,2.55999994278,1.26183629036,4.28999996185,1.50694155693,77.7065963745,0.222617745399,18.0797424316,0.666980326176,98641.6870117,29.2399997711,-146.629714966,False
79.9,0.089,0.071,-0.158,0.67665885,0.87279185,7.5118939,4.19000005722,1.26183629036,4.96000003815,1.50694155693,77.7065963745,0.461104661226,18.0684089661,1.06487524509,98638.9038086,29.4399986267,-139.922149658,False
80.0,0.168,0.023,-0.237,0.87279185,0.57859235,7.9041599,4.84999990463,2.02676558495,5.52999973297,1.13668251038,79.7143783569,0.525329887867,18.0994606018,1.19916582108,98643.2312012,29.5599994659,-143.115814209,False
80.10000000000001,0.237,-0.058,-0.236,0.87279185,0.30400615,10.5323421,5.19000005722,2.02676558495,5.98000001907,1.13668251038,79.7143783569,0.503366589546,18.1474876404,1.04064798355,98646.1547852,29.6999988556,-143.115814209,False
80.2,0.174,-0.081,-0.099,1.06892485,0.04903325,12.6701918,5.19000005722,2.02676558495,6.23999977112,1.13668251038,79.7143783569,0.480414122343,18.1760311127,0.903426587582,98641.6992188,29.8400001526,-144.422912598,False
80.30000000000001,0.16,-0.137,-0.015,1.16699135,0.1765197,15.81812645,4.83999967575,4.66877937317,6.30999994278,2.38911938667,81.9722518921,0.339095681906,18.2374420166,0.00734967924654,98641.9067383,29.9599990845,-144.422912598,False
80.4,-0.444,-0.123,0.174,1.0002783,0.6080123,13.533177,4.38999986649,4.66877937317,6.00999975204,2.38911938667,81.9722518921,0.317769050598,18.2176265717,-0.292991578579,98647.5891113,30.0100002289,-149.540710449,False
80.5,-0.644,-0.161,0.202,0.9022118,0.28439285,15.54354025,4.36000013351,4.66877937317,5.90000009537,2.38911938667,81.9722518921,0.32957983017,18.1632976532,-0.837642252445,98646.5576172,30.0100002289,-149.540710449,False
80.60000000000001,-0.029,-0.27,0.186,1.65732385,-0.2549729,18.7307015,4.75,4.66877937317,5.25,2.38911938667,81.9722518921,0.419874876738,18.0653781891,-1.745464921,98645.7763672,29.9299983978,-161.804382324,False
80.7,0.059,-0.191,0.218,1.30428445,0.0980665,16.91647125,4.75,4.66877937317,5.25,2.38911938667,81.9722518921,0.466124802828,18.0051670074,-2.06033825874,98649.9816895,29.9299983978,-161.804382324,False
80.80000000000001,0.094,-0.062,0.295,1.0591182,0.7453054,15.5337336,5.98999977112,-3.53358602524,3.40999984741,7.62494325638,76.6640625,0.725502312183,17.7373962402,-2.99276232719,98641.9372559,29.5100002289,-133.465194702,False
80.9,0.339,-0.036,0.186,0.87279185,1.12776475,13.3566573,6.90999984741,-3.53358602524,2.45000004768,7.62494325638,76.6640625,0.821817696095,17.6052131653,-3.28054666519,98646.5026855,29.1999988556,-133.465194702,False
81.0,0.341,-0.011,0.108,0.8825985,0.980665,13.140911,7.75999975204,-3.53358602524,1.48000001907,7.62494325638,76.6640625,0.979669570923,17.4092254639,-3.59180569649,98636.8103027,28.859998703,-115.571212769,False
81.10000000000001,0.012,0.059,0.019,0.5687857,1.0983448,10.4735022,8.5,-0.0408979989588,0.509999990463,7.82226133347,73.2795333862,1.05764186382,17.3067588806,-3.60760831833,98631.4880371,28.5,-115.571212769,False
81.2,0.004,0.116,-0.072,0.61781895,0.9610517,8.4141057,9.23999977112,-0.0408979989588,-0.280000001192,7.82226133347,73.2795333862,1.15141737461,17.2004032135,-3.50071835518,98628.6376953,28.1299991608,-86.051940918,False
81.30000000000001,0.036,0.124,-0.115,0.69627215,0.63743225,8.1591328,9.98999977112,-0.0408979989588,-0.949999988079,7.82226133347,73.2795333862,1.25136864185,17.1127490997,-3.26472043991,98619.0368652,27.7799987793,-86.051940918,False
81.4,-0.001,0.129,-0.161,0.4707192,0.48052585,8.34545915,10.7399997711,-0.0408979989588,-1.52999997139,7.82226133347,73.2795333862,1.34143638611,17.0179634094,-3.04349970818,98617.3583984,27.4599990845,-62.3334884644,False
81.5,-0.037,0.137,-0.175,0.44129925,0.06864655,7.93357985,11.3499994278,-0.0408979989588,-2.04999995232,7.82226133347,73.2795333862,1.38645112514,16.950428009,-2.79676246643,98610.1928711,27.1700000763,-62.3334884644,False
81.60000000000001,0.097,0.112,-0.127,0.3138128,0.10787315,8.11009955,11.8199996948,0.20402084291,-2.49000000954,4.72415351868,76.462928772,1.42170953751,16.8885746002,-2.57035493851,98603.729248,26.8999996185,-50.8787155151,False
81.7,0.039,0.107,-0.081,0.10787315,0.1765197,7.58054045,12.2299995422,0.20402084291,-2.88999986649,4.72415351868,76.462928772,1.43375015259,16.8351993561,-2.34053587914,98601.1474609,26.6599998474,-50.8787155151,False
81.80000000000001,0.23,0.084,-0.024,0.18632635,0.06864655,8.825985,12.529999733,0.20402084291,-3.22000002861,4.72415351868,76.462928772,1.43926179409,16.7869567871,-2.12073349953,98596.5515137,26.4499988556,-42.3376083374,False
81.9,0.206,0.037,0.037,0.32361945,0.16671305,10.4146623,12.7899999619,0.20402084291,-3.57999992371,4.72415351868,76.462928772,1.42786133289,16.7523822784,-2.10937666893,98593.963623,26.25,-42.3376083374,False
82.0,0.208,0.082,0.076,0.48052585,0.26477955,9.93413645,12.9600000381,4.12998342514,-4.06999969482,2.36851191521,77.1696929932,1.41299068928,16.7361030579,-2.16227030754,98591.8823242,26.0499992371,-31.1063766479,False
82.10000000000001,0.371,0.075,0.074,0.4903325,0.32361945,11.07170785,13.1399993896,4.12998342514,-4.56999969482,2.36851191521,77.1696929932,1.38170993328,16.7292919159,-2.16693544388,98585.7727051,25.8499984741,-31.1063766479,False
82.2,0.242,0.113,0.06,0.44129925,0.7649187,9.83606995,13.2299995422,4.12998342514,-5.05999994278,2.36851191521,77.1696929932,1.3630951643,16.7353630066,-2.18567728996,98582.9406738,25.6399993896,-25.6198883057,False
82.30000000000001,0.122,0.077,0.069,0.34323275,1.04931155,10.40485565,13.3199996948,8.52911567688,-5.61999988556,0.793703973293,75.8076858521,1.33387923241,16.7433624268,-2.23321413994,98578.8513184,25.4200000763,-25.6198883057,False
82.4,0.164,0.159,-0.062,0.196133,0.6472389,8.69849855,13.3499994278,8.52911567688,-6.19000005722,0.793703973293,75.8076858521,1.30814290047,16.7486991882,-2.17426943779,98579.3823242,25.1899986267,-26.9262313843,False
82.5,0.245,0.141,-0.122,0.0588399,0.3138128,7.71783355,13.25,8.52911567688,-6.59999990463,0.793703973293,75.8076858521,1.18774831295,16.7732753754,-1.73762392998,98572.6135254,24.9699993134,-26.9262313843,False
82.60000000000001,0.486,0.21,-0.122,-0.1569064,0.38245935,5.30539765,13.0499992371,8.52911567688,-6.82999992371,0.793703973293,75.8076858521,1.14018881321,16.7827625275,-1.17303788662,98571.0388184,24.7699985504,-20.3866958618,False
82.7,0.35,0.166,-0.132,-0.20593965,0.42168595,4.3541526,13.0199995041,14.2988061905,-6.81999969482,-2.83589839935,77.0806350708,1.11573302746,16.7912216187,-0.971947610378,98568.2495117,24.609998703,-20.3866958618,False
82.80000000000001,0.045,0.095,-0.134,-0.196133,0.46091255,6.20760945,12.75,14.2988061905,-6.75,-2.83589839935,77.0806350708,1.04369175434,16.8136100769,-0.606467247009,98567.5842285,24.5199985504,-24.7117996216,False
82.9,0.025,0.115,-0.14,-0.10787315,0.48052585,6.3547092,12.3299999237,14.2988061905,-6.63999986649,-2.83589839935,77.0806350708,0.834364175797,16.9029979706,0.0671343803406,98566.3024902,24.4699993134,-24.7117996216,False
83.0,0.021,0.08,-0.132,-0.0980665,0.40207265,7.61976705,11.8499994278,15.9363136292,-6.46000003815,-5.72613048553,79.2679367065,0.716663360596,16.96534729,0.261291116476,98563.3239746,24.4499988556,-25.9368896484,False
83.10000000000001,-0.1,0.051,-0.094,-0.1372931,0.65704555,9.6889702,11.1700000763,15.9363136292,-6.32999992371,-5.72613048553,79.2679367065,0.532853245735,17.066608429,0.3356782794,98567.1386719,24.4699993134,-25.9368896484,False
83.2,-0.076,0.067,-0.077,-0.0784532,0.51975245,9.9047165,10.2899999619,15.9363136292,-6.28999996185,-5.72613048553,79.2679367065,0.358434319496,17.1815414429,0.390037417412,98567.5292969,24.5,-34.3004226685,False
83.30000000000001,-0.284,0.045,-0.052,-0.00980665,0.784532,10.1793027,9.55999946594,15.9363136292,-6.23999977112,-5.72613048553,79.2679367065,0.221286743879,17.3014965057,0.382444471121,98564.855957,24.5299987793,-34.3004226685,False
83.4,-0.441,0.07,-0.025,-0.02941995,1.28467115,10.6696352,9.01999950409,10.5970373154,-6.25999975204,-7.28449678421,80.4037246704,0.163089841604,17.4105949402,0.307678520679,98565.612793,24.5499992371,-52.0784378052,False
83.5,-0.373,0.134,-0.137,-0.2745862,1.6082906,11.1011278,8.88000011444,10.5970373154,-6.31999969482,-7.28449678421,80.4037246704,0.191336408257,17.5309638977,0.25827306509,98567.2058105,24.5699996948,-52.0784378052,False
83.60000000000001,-0.094,0.232,-0.24,-0.5295591,1.7063571,8.0610663,9.06999969482,10.5970373154,-6.3799996376,-7.28449678421,80.4037246704,0.25843885541,17.5605812073,0.489374756813,98573.248291,24.5699996948,-71.3874816895,False
83.7,-0.038,0.175,-0.411,-0.57859235,1.22583125,6.50180895,9.51999950409,10.5970373154,-6.13999986649,-7.28449678421,80.4037246704,0.315007895231,17.5988559723,0.80477142334,98573.3825684,24.5799999237,-71.3874816895,False
83.80000000000001,0.185,0.084,-0.439,-0.65704555,0.6276256,7.75706015,9.68999958038,10.5970373154,-5.90000009537,-7.28449678421,80.4037246704,0.28968501091,17.69298172,0.912567913532,98571.6491699,24.6399993896,-95.9087371826,False
83.9,0.347,-0.008,-0.427,-0.61781895,-0.3530394,10.5127288,9.32999992371,7.2514333725,-5.75,-11.6348934174,87.5585021973,0.14191056788,17.8079223633,0.942144334316,98574.5361328,24.7099990845,-95.9087371826,False
84.0,0.261,0.015,-0.236,-0.6864655,-1.1375714,5.6094038,8.53999996185,7.2514333725,-5.50999975204,-11.6348934174,87.5585021973,-0.032268922776,17.8449859619,1.35027909279,98573.9440918,24.7799987793,-94.8356628418,False
84.10000000000001,0.404,-0.005,-0.072,-0.7649187,-1.0591182,5.6094038,7.67999982834,7.2514333725,-4.92000007629,-11.6348934174,87.5585021973,-0.191790342331,17.8616008759,1.69700193405,98578.503418,24.8999996185,-94.8356628418,False
84.2,0.257,-0.081,0.142,-0.85317855,-0.85317855,7.69822025,6.51999998093,7.2514333725,-4.32999992371,-11.6348934174,87.5585021973,-0.430825382471,17.9013347626,1.97448074818,98576.6174316,25.0699996948,-56.7068099976,False
84.30000000000001,0.111,-0.136,0.261,-1.0002783,-0.2549729,8.9632781,5.26999998093,13.4791250229,-3.76999998093,-11.3327569962,90.3047409058,-0.66486209631,17.9591197968,2.1261639595,98579.2663574,25.2600002289,-56.7068099976,False
84.4,-0.094,-0.212,0.284,-0.5491724,0.2353596,11.38552065,3.89999985695,13.4791250229,-3.31999993324,-11.3327569962,90.3047409058,-0.971698105335,18.0710926056,2.00330162048,98584.2102051,25.4699993134,-48.5078811646,False
84.5,-0.331,-0.208,0.26,-0.5295591,0.24516625,10.7677017,2.57999992371,13.4791250229,-2.91999983788,-11.3327569962,90.3047409058,-1.16909396648,18.1284313202,1.99676299095,98585.8520508,25.6700000763,-48.5078811646,False
84.60000000000001,-0.471,-0.173,0.23,-0.44129925,0.5491724,10.7088618,1.50999999046,13.4791250229,-2.49000000954,-11.3327569962,90.3047409058,-1.30138897896,18.1879081726,1.81333124638,98592.2851562,25.8699989319,-66.0125732422,False
84.7,-0.457,-0.172,0.17,-0.28439285,1.1179581,12.748645,0.769999980927,8.90084171295,-2.29999995232,-5.46655464172,84.8173065186,-1.36334609985,18.2560348511,1.52366042137,98593.2250977,26.0499992371,-66.0125732422,False
84.80000000000001,-0.247,-0.092,0.037,-0.0784532,1.04931155,13.533177,0.34999999404,8.90084171295,-2.16999983788,-5.46655464172,84.8173065186,-1.36015725136,18.3030643463,1.1385833025,98595.1599121,26.1899986267,-74.3209838867,False
84.9,-0.16,-0.049,-0.048,-0.32361945,1.3925443,12.99381125,0.239999994636,8.90084171295,-2.19000005722,-5.46655464172,84.8173065186,-1.34364545345,18.3286743164,0.895117402077,98597.253418,26.2999992371,-74.3209838867,False
85.0,0.066,0.003,-0.147,-0.44129925,0.89240515,10.8657682,0.129999995232,8.90084171295,-2.12999987602,-5.46655464172,84.8173065186,-1.33195269108,18.3457241058,0.750639796257,98596.3317871,26.3799991608,-91.8210983276,False
85.10000000000001,-0.081,-0.015,-0.17,-0.50013915,0.588399,9.7674234,-0.00999999977648,5.11681509018,-2.03999996185,-3.97229194641,85.450958252,-1.34800302982,18.3489608765,0.804416835308,98598.1140137,26.4399986267,-91.8210983276,False
85.2,-0.142,-0.083,-0.128,-0.32361945,0.18632635,9.38496405,-0.239999994636,5.11681509018,-1.81999993324,-3.97229194641,85.450958252,-1.35806834698,18.3484249115,0.884453952312,98600.1403809,26.5100002289,-90.9233093262,False
85.30000000000001,-0.165,-0.067,-0.057,-0.28439285,0.0588399,8.9240515,-0.489999979734,5.11681509018,-1.59999990463,-3.97229194641,85.450958252,-1.35826659203,18.3366527557,0.935047626495,98602.4536133,26.5799999237,-90.9233093262,False
85.4,0.059,-0.076,-0.006,-0.16671305,0.16671305,10.3165958,-0.639999985695,2.50566077232,-1.37999999523,-3.219186306,87.4615783691,-1.35876274109,18.3339481354,0.910956442356,98604.3640137,26.6599998474,-90.0203704834,False
85.5,0.163,-0.069,0.031,-0.1372931,1.2994476500599998e-15,10.6107953,-0.789999961853,2.50566077232,-1.16999995708,-3.219186306,87.4615783691,-1.35728681087,18.3327140808,0.916943430901,98600.7141113,26.75,-90.0203704834,False
85.60000000000001,-0.076,-0.119,0.055,-0.2549729,0.1765197,11.9248864,-1.09000003338,2.50566077232,-1.16999995708,-3.219186306,87.4615783691,-1.42221164703,18.3316841125,0.438852548599,98602.8625488,26.8299999237,-93.6241149902,False
85.7,-0.47,-0.046,0.124,-0.08825985,-0.4707192,9.80665,-1.53999996185,2.50566077232,-1.19999992847,-3.219186306,87.4615783691,-1.45534682274,18.3153572083,0.479484289885,98609.1918945,26.8799991608,-93.6241149902,False
85.80000000000001,-0.357,-0.102,0.163,0.1176798,-0.1372931,9.46341725,-1.80999994278,2.50566077232,-1.03999996185,-3.219186306,87.4615783691,-1.44653844833,18.2976856232,0.549534201622,98610.6750488,26.9200000763,-90.8271789551,False
85.9,-0.21,-0.07,0.179,0.06864655,0.196133,9.022118,-1.79999995232,0.319867372513,-0.839999973774,-0.619324684143,85.3818206787,-1.39304339886,18.2859687805,0.644932925701,98609.1247559,26.9699993134,-90.8271789551,False
86.0,-0.18,-0.041,0.17,0.0,0.4903325,10.4146623,-1.64999997616,0.319867372513,-0.620000004768,-0.619324684143,85.3818206787,-1.28958761692,18.2579574585,0.608640491962,98608.1542969,27.0399990082,-83.3530426025,False
86.10000000000001,0.107,-0.02,0.152,0.0784532,0.7060788,9.6497436,-1.22000002861,0.319867372513,-0.5,-0.619324684143,85.3818206787,-1.17772495747,18.2192440033,0.598004996777,98607.8674316,27.109998703,-83.3530426025,False
86.2,0.172,-0.042,0.1,0.28439285,0.57859235,11.62088025,-0.729999959469,0.319867372513,-0.329999983311,-0.619324684143,85.3818206787,-1.04988324642,18.1812801361,0.489969223738,98608.2092285,27.1800003052,-79.8446655273,False
86.30000000000001,0.201,-0.021,0.066,0.5295591,0.24516625,11.964113,-0.159999996424,-0.176976338029,-0.299999982119,0.575076878071,81.4635848999,-0.949675559998,18.1580905914,0.311042040586,98613.7878418,27.2299995422,-79.8446655273,False
86.4,-0.095,-0.058,0.086,0.4511059,0.63743225,12.2386992,0.280000001192,-0.176976338029,-0.299999982119,0.575076878071,81.4635848999,-0.821979224682,18.1279506683,0.121732398868,98611.5661621,27.2699985504,-83.7539672852,False
86.5,-0.123,-0.035,0.053,0.4118793,0.8825985,11.73856005,0.979999959469,-0.176976338029,-0.359999984503,0.575076878071,81.4635848999,-0.740303754807,18.1121692657,0.0186651498079,98610.7849121,27.2999992371,-83.7539672852,False
86.60000000000001,0.025,0.04,-0.021,0.3334261,0.87279185,10.13026945,2.48000001907,-1.27726697922,-0.379999995232,0.837637424469,80.6679763794,-0.520308375359,18.0648231506,-0.00665063410997,98609.588623,27.2999992371,-78.458404541,False
86.7,0.084,0.063,-0.071,0.5099458,0.6864655,9.022118,3.32999992371,-1.27726697922,-0.310000002384,0.837637424469,80.6679763794,-0.379727423191,18.0445289612,0.0131593234837,98611.2548828,27.2999992371,-78.458404541,False
86.80000000000001,0.055,0.043,-0.094,0.08825985,0.81395195,9.91452315,4.48000001907,-1.27726697922,-0.289999991655,0.837637424469,80.6679763794,-0.240490034223,18.0112037659,0.056193549186,98610.8947754,27.3099994659,-74.8071670532,False
86.9,0.052,0.066,-0.144,0.3530394,0.06864655,9.0613446,5.0499997139,-1.27726697922,-0.199999988079,0.837637424469,80.6679763794,-0.206445991993,18.0166759491,0.185585722327,98609.0698242,27.3199996948,-73.807144165,False
87.0,-0.072,0.049,-0.054,0.16671305,-0.1569064,6.58026215,8.26000022888,-0.717700302601,0.0399999991059,-0.0503173619509,82.5746994019,-0.165282025933,18.0030193329,0.665043413639,98609.7412109,27.3400001526,-73.7718582153,False
87.10000000000001,0.382,0.02,-0.018,0.08825985,-0.20593965,7.4138274,8.61999988556,-0.717700302601,0.459999978542,-0.0503173619509,82.5746994019,-0.178418815136,18.0029659271,0.776455938816,98606.7871094,27.3999996185,-73.7718582153,False
87.2,0.454,8.20513355429e-18,0.067,0.04903325,0.0196133,10.05181625,8.81999969482,-0.717700302601,0.75,-0.0503173619509,82.5746994019,-0.180396080017,18.0024299622,0.812936007977,98614.7949219,27.4799995422,-74.4449615479,False
87.30000000000001,0.245,-0.014,0.118,0.2353596,0.7649187,9.69877685,11.3999996185,-0.717700302601,1.01999998093,-0.0503173619509,82.5746994019,-0.16974888742,18.0082855225,0.814908385277,98611.7248535,27.5699996948,-74.4449615479,False
87.4,-0.003,-0.066,0.035,0.2353596,1.6777526498399999e-15,13.69989005,11.6899995804,5.11755800247,1.25,0.186156064272,81.443031311,-0.238919213414,18.0003032684,0.516340076923,98618.5852051,27.6700000763,-74.783706665,False
87.5,0.001,-0.106,0.08,0.34323275,0.08825985,13.5920169,15.9299993515,5.11755800247,1.22000002861,0.186156064272,81.443031311,-0.296950370073,17.9998264313,0.309874415398,98615.3747559,27.7399997711,-74.783706665,False
87.60000000000001,0.042,-0.134,0.117,0.65704555,0.61781895,14.99436785,16.2700004578,5.11755800247,1.17999994755,0.186156064272,81.443031311,-0.314185172319,17.9760246277,-0.115106642246,98615.4663086,27.7899990082,-67.4016952515,False
87.7,0.088,-0.145,0.069,0.51975245,0.5099458,14.26867575,16.5399990082,5.11755800247,0.8599999547,0.186156064272,81.443031311,-0.357386410236,17.9400806427,-0.528847932816,98621.685791,27.7899990082,-67.4016952515,False
87.80000000000001,0.126,0.019,0.054,-0.0196133,1.176798,9.93413645,21.6299991608,6.03890562057,0.629999995232,2.08939123154,79.66822052,-0.352835118771,17.9142074585,-0.537770748138,98620.2392578,27.75,-65.9526824951,False
87.9,0.218,0.045,-0.09,0.28439285,0.9414384,8.9828914,22.4499988556,6.03890562057,0.589999973774,2.08939123154,79.66822052,-0.305933892727,17.8622150421,-0.378409743309,98618.4326172,27.6999988556,-66.9527053833,False
88.0,0.166,0.075,-0.187,0.2549729,0.77472535,7.69822025,26.0799999237,6.03890562057,0.680000007153,2.08939123154,79.66822052,-0.312853336334,17.8422641754,-0.14620937407,98620.8190918,27.6599998474,-64.9318695068,False
88.10000000000001,0.518,0.063,-0.233,0.0196133,0.93163175,6.34490255,26.8199996948,6.03890562057,0.899999976158,2.08939123154,79.66822052,-0.346175223589,17.8352012634,0.244909226894,98617.5292969,27.6499996185,-63.9318466187,False
88.2,0.59,0.024,-0.278,0.0588399,0.42168595,8.07087295,27.3899993896,6.03890562057,1.22000002861,2.08939123154,79.66822052,-0.45396822691,17.8546886444,0.420439064503,98614.4348145,27.6700000763,-56.2505722046,False
88.30000000000001,0.636,-0.016,-0.237,0.08825985,0.2157463,7.91396655,31.609998703,14.7010974884,1.53999996185,0.194178968668,83.8983154297,-0.645856738091,17.8761672974,0.626880884171,98612.9272461,27.7299995422,-56.2505722046,False
88.4,0.588,-0.018,-0.18,0.50013915,9.87195904201e-16,8.0610663,31.6999988556,14.7010974884,1.92999994755,0.194178968668,83.8983154297,-0.952720284462,17.9308948517,0.893319547176,98621.1608887,27.8099994659,-61.0095977783,False
88.5,0.47,-0.068,-0.118,0.4707192,0.1569064,9.38496405,34.1599998474,14.7010974884,2.37999987602,0.194178968668,83.8983154297,-1.27610719204,17.9874267578,1.04817807674,98617.0288086,27.9099998474,-61.0095977783,False
88.60000000000001,0.46,-0.046,-0.095,0.63743225,0.42168595,8.18855275,34.1800003052,14.7010974884,2.83999991417,0.194178968668,83.8983154297,-1.51938486099,18.0267543793,1.21879911423,98618.2617188,28.0299987793,-60.1711273193,False
88.7,0.26,-0.107,-0.095,0.8433719,0.784532,9.52225715,37.3600006104,26.6362838745,3.34999990463,-0.09703425318,87.7600479126,-1.80093836784,18.0771350861,1.33290851116,98622.3510742,28.1700000763,-60.1711273193,False
88.80000000000001,0.265,-0.13,-0.115,0.7649187,0.91201845,9.8458766,37.2799987793,26.6362838745,3.82999992371,-0.09703425318,87.7600479126,-2.41174578667,18.1900348663,1.44108593464,98618.4020996,28.3199996948,-67.7480697632,False
88.9,0.308,-0.13,-0.141,0.85317855,0.9414384,10.03220295,37.1199989319,26.6362838745,4.32999992371,-0.09703425318,87.7600479126,-2.88261294365,18.2595405579,1.50397634506,98626.7700195,28.4799995422,-67.7480697632,False
89.0,0.346,-0.173,-0.165,1.02969825,1.1375714,9.99297635,38.9599990845,32.7855949402,4.82999992371,0.951727867126,91.2307510376,-3.35875797272,18.3124027252,1.58109617233,98626.953125,28.6499996185,-80.7159423828,False
89.10000000000001,0.16,-0.186,-0.18,1.12776475,0.8237586,10.79712165,38.75,32.7855949402,5.32999992371,0.951727867126,91.2307510376,-3.68409276009,18.335773468,1.59697580338,98635.6323242,28.8099994659,-81.715965271,False
89.2,0.093,-0.195,-0.223,1.30428445,1.0591182,11.34629405,41.3999977112,32.7855949402,5.80999994278,0.951727867126,91.2307510376,-4.36266756058,18.3758182526,1.56516158581,98635.2722168,28.9799995422,-100.889015198,False
89.30000000000001,0.038,-0.206,-0.276,1.30428445,1.24544455,12.09159945,41.0,32.7855949402,6.21000003815,0.951727867126,91.2307510376,-4.97634649277,18.3800106049,1.48820257187,98637.890625,29.1499996185,-99.8889923096,False
89.4,0.06,-0.222,-0.296,1.40235095,1.1179581,12.03275955,42.5099983215,32.7855949402,6.6299996376,0.951727867126,91.2307510376,-5.48147583008,18.3731937408,1.41932809353,98646.8322754,29.3099994659,-115.684127808,False
89.5,0.136,-0.239,-0.317,1.55925735,0.85317855,12.58193195,42.0599975586,36.5120124817,6.98999977112,1.77604603767,100.47429657,-6.16380929947,18.3383102417,1.31299650669,98645.5078125,29.4599990845,-115.684127808,False
89.60000000000001,0.198,-0.267,-0.312,1.59848395,0.784532,12.79767825,41.4799995422,36.5120124817,7.35999965668,1.77604603767,100.47429657,-7.02800703049,18.2456645966,1.19163548946,98647.4914551,29.609998703,-136.502258301,False
89.7,0.196,-0.289,-0.278,1.67693715,1.06892485,12.9643913,43.719997406,36.5120124817,7.69000005722,1.77604603767,100.47429657,-7.62343883514,18.1615447998,1.10225689411,98643.0664062,29.75,-136.502258301,False
89.80000000000001,0.057,-0.335,-0.273,2.0593965,1.18660465,14.50403535,43.0599975586,36.5120124817,7.98999977112,1.77604603767,100.47429657,-8.73867321014,17.9643878937,0.911974012852,98651.0742188,29.8699989319,-159.158508301,False
89.9,0.057,-0.335,-0.273,2.0593965,1.18660465,14.50403535,42.2999992371,36.5120124817,8.23999977112,1.77604603767,100.47429657,-9.36930084229,17.7989330292,0.774237215519,98653.527832,29.9799995422,-159.158508301,False
90.0,-0.017,-0.309,-0.29,2.0201699,1.18660465,13.58221025,43.7000007629,40.9266853333,8.40999984741,3.31204152107,112.631958008,-10.186501503,17.5829467773,0.628240346909,98657.824707,30.0699996948,-187.355041504,False
90.10000000000001,0.041,-0.32,-0.316,2.2751428,0.89240515,13.6704701,43.6800003052,40.9266853333,8.63000011444,3.31204152107,112.631958008,-11.1194000244,17.2701454163,0.511186480522,98655.0598145,30.1499996185,-187.355041504,False
90.2,0.101,-0.308,-0.309,2.0593965,0.97085835,12.3956056,43.6699981689,40.9266853333,8.8499994278,3.31204152107,112.631958008,-11.8277549744,16.9771575928,0.486494719982,98656.5734863,30.2199993134,-205.925750732,False
90.30000000000001,0.068,-0.329,-0.296,2.14765635,0.99047165,13.337044,43.6499977112,42.7773132324,9.07999992371,4.04240894318,120.944618225,-12.5977859497,16.6156692505,0.377965807915,98663.9404297,30.2899990082,-205.925750732,False
90.4,0.019,-0.356,-0.287,1.9809433,1.14737805,14.73939495,43.6299972534,42.7773132324,9.22000026703,4.04240894318,120.944618225,-13.2360610962,16.274066925,0.263339877129,98666.6870117,30.3499984741,-233.427612305,False
90.5,0.21,-0.419,-0.29,2.7262487,0.9610517,16.85763135,43.5799980164,42.7773132324,9.32999992371,4.04240894318,120.944618225,-13.6079082489,16.0766887665,0.16354303062,98659.6618652,30.3899993896,-233.427612305,False
90.60000000000001,-0.17,-0.406,-0.227,2.5105024,1.5298374,19.2798739,43.5,44.4383430481,9.1799993515,5.22439527512,128.057449341,-15.4031057358,14.7865028381,-0.799701154232,98665.6311035,30.4200000763,-251.432617188,False
90.7,-0.025,-0.441,-0.289,3.1185147,1.9417167,22.4572285,43.4799995422,44.4383430481,9.1799993515,5.22439527512,128.057449341,-15.6001157761,14.6146945953,-0.952798962593,98664.8620605,30.3799991608,-251.432617188,False
90.80000000000001,0.241,-0.465,-0.376,3.6480738,1.4317709,23.7909329,41.1399993896,44.4383430481,7.96000003815,5.22439527512,128.057449341,-17.6268844604,12.745965004,-2.38744592667,98666.8579102,30.2699985504,-272.188568115,False
90.9,0.224,-0.424,-0.284,3.14793465,1.2160246,19.3975537,41.3099975586,44.4383430481,7.08999967575,5.22439527512,128.057449341,-18.2680587769,12.0810070038,-2.60790133476,98658.8256836,30.0699996948,-272.188568115,False
91.0,-0.142,-0.327,-0.219,2.3928226,1.48080415,13.8077632,39.5799980164,47.2062683105,6.48999977112,7.98755693436,140.580169678,-18.9048976898,11.3104953766,-2.74948906898,98657.7331543,29.8199996948,-313.523681641,False
91.10000000000001,-0.142,-0.328,-0.273,2.549729,1.24544455,16.3378789,40.6899986267,47.2062683105,5.80999994278,7.98755693436,140.580169678,-19.5741920471,10.4079017639,-3.0105741024,98655.4199219,29.5399990082,-313.523681641,False
91.2,-0.205,-0.288,-0.3,2.1770763,1.18660465,13.99408955,38.7599983215,47.2062683105,5.0499997139,7.98755693436,140.580169678,-20.1042823792,9.56258010864,-3.16975283623,98651.574707,29.25,-331.535919189,False
91.30000000000001,0.066,-0.314,-0.325,2.14765635,0.75511205,15.01398115,37.6299972534,47.2062683105,4.28999996185,7.98755693436,140.580169678,-20.5859222412,8.65348529816,-3.30669546127,98644.7387695,28.9399986267,-331.535919189,False
91.4,-0.172,-0.306,-0.25,1.765197,1.02969825,12.552512,35.6699981689,47.2062683105,3.56999993324,7.98755693436,140.580169678,-20.9068069458,7.92734479904,-3.25108528137,98639.3981934,28.6199989319,-362.693023682,False
91.5,-0.062,-0.216,-0.268,1.38273765,0.99047165,12.0033396,33.8899993896,45.5132484436,2.88999986649,8.49398994446,152.639205933,-21.288766861,7.04062891006,-3.18993473053,98636.2426758,28.2999992371,-362.693023682,False
91.60000000000001,-0.202,-0.21,-0.256,1.57887065,0.99047165,11.8072066,32.8400001526,45.5132484436,2.23000001907,8.49398994446,152.639205933,-21.4542427063,6.46024465561,-3.14807581902,98625.5737305,27.9799995422,-419.950286865,False
91.7,-0.19,-0.204,-0.281,1.48080415,0.83356525,11.5522337,30.8499984741,44.1219329834,1.50999999046,8.05104732513,157.726531982,-21.6467533112,5.77125501633,-3.06926727295,98622.3876953,27.6700000763,-419.950286865,False
91.80000000000001,-0.2,-0.107,-0.279,1.0591182,0.95124505,8.26700595,29.2899990082,44.1219329834,0.909999966621,8.05104732513,157.726531982,-21.7435665131,5.27948856354,-2.79463100433,98604.9499512,27.3699989319,-431.085388184,False
91.9,-0.083,-0.06,-0.336,0.8629852,1.3925443,5.46230405,28.4699993134,44.1219329834,0.5,8.05104732513,157.726531982,-21.7971496582,4.93150854111,-2.2852370739,98601.8676758,27.0900001526,-431.085388184,False
92.0,-0.281,-0.02,-0.42,0.73549875,2.06920315,5.50153065,28.0799999237,44.1219329834,0.179999992251,8.05104732513,157.726531982,-21.8011035919,4.83064699173,-1.73975586891,98607.9956055,26.8499984741,-437.707885742,False
92.10000000000001,-0.555,0.146,-0.547,0.6864655,1.3337044,1.569064,28.3299999237,44.1219329834,0.0899999961257,8.05104732513,157.726531982,-21.7949981689,4.83417034149,-1.13682770729,98600.012207,26.6399993896,-437.707885742,False
92.2,-0.151,0.095,-0.634,0.59820565,0.42168595,2.48108245,29.0100002289,36.7843132019,0.34999999404,1.54673826694,166.937698364,-21.8165798187,4.75796079636,-0.376797497272,98597.9064941,26.5100002289,-441.91494751,False
92.30000000000001,0.106,-0.086,-0.574,0.6276256,-0.20593965,5.0798447,28.8999996185,36.7843132019,0.709999978542,1.54673826694,166.937698364,-21.8686447144,4.47602128983,0.197451680899,98596.9970703,26.4699993134,-441.91494751,False
92.4,0.2,-0.23,-0.423,0.50013915,-0.4903325,7.256921,28.1399993896,36.7843132019,1.14999997616,1.54673826694,166.937698364,-21.9150772095,4.03812026978,0.620534062386,98592.0593262,26.4899997711,-454.461303711,False
92.5,-0.034,-0.27,-0.264,0.5687857,-0.3138128,10.73828175,26.5199985504,37.6615028381,1.53999996185,-2.10309171677,176.163696289,-21.9978427887,3.39186501503,0.729004442692,98593.7683105,26.5699996948,-454.461303711,False
92.60000000000001,0.09,-0.28,-0.157,0.8629852,-0.10787315,11.571847,24.1599998474,37.6615028381,1.79999995232,-2.10309171677,176.163696289,-22.0690326691,2.69174528122,0.762927830219,98595.8679199,26.6599998474,-436.639404297,False
92.7,0.328,-0.257,-0.114,1.4121576,0.65704555,12.6701918,21.5699996948,37.6615028381,2.04999995232,-2.10309171677,176.163696289,-22.171913147,1.83787190914,0.575910687447,98591.6931152,26.75,-436.639404297,False
92.80000000000001,-0.046,-0.323,-0.113,1.4121576,0.20593965,18.05404265,17.2999992371,37.6615028381,1.94999992847,-2.10309171677,176.163696289,-22.2105102539,0.784048438072,0.213432863355,98589.6362305,26.8199996948,-441.739471436,False
92.9,-0.203,-0.242,-0.046,0.5295591,0.9610517,9.63993695,12.9499998093,38.8391418457,1.84999990463,1.52265119553,-177.225997925,-22.1781082153,0.168325081468,0.297604560852,98596.9421387,26.8499984741,-441.739471436,False
93.0,-0.462,-0.244,-0.075,0.4511059,1.06892485,10.48330885,10.25,38.8391418457,1.97999989986,1.52265119553,-177.225997925,-22.1099586487,-0.414408504963,0.360463023186,98596.8200684,26.859998703,-433.2109375,False
93.10000000000001,-0.605,-0.22,-0.109,0.6864655,1.1964113,12.3171524,7.21000003815,38.8391418457,1.9699999094,1.52265119553,-177.225997925,-22.023645401,-1.0124437809,0.237105563283,98599.4873047,26.8699989319,-433.2109375,False
93.2,-0.603,-0.131,-0.18,0.67665885,1.6671305,11.89546645,4.21999979019,38.8391418457,1.84999990463,1.52265119553,-177.225997925,-21.9181194305,-1.47981333733,0.120838992298,98600.604248,26.8799991608,-426.564025879,False
93.30000000000001,-0.731,-0.064,-0.262,0.4903325,1.59848395,11.46397385,1.57999992371,29.0282840729,1.73000001907,3.32168841362,-173.043945312,-21.8455581665,-1.70674943924,0.052573479712,98596.7773438,26.8799991608,-426.564025879,False
93.4,-0.74,-0.027,-0.322,0.5099458,1.10815145,11.64049355,-0.539999961853,29.0282840729,1.58999991417,3.32168841362,-173.043945312,-21.6430530548,-2.23645067215,-0.160099297762,98599.21875,26.859998703,-419.919586182,False
93.5,-0.686,-0.02,-0.337,0.2745862,1.20621795,11.93469305,-2.36999988556,29.0282840729,1.39999997616,3.32168841362,-173.043945312,-21.5339603424,-2.46270465851,-0.352484554052,98596.3256836,26.8299999237,-419.919586182,False
93.60000000000001,-0.511,-0.065,-0.333,0.34323275,0.6080123,12.7094184,-4.21000003815,29.0282840729,1.09000003338,3.32168841362,-173.043945312,-21.3776531219,-2.67748713493,-0.585313081741,98598.7487793,26.7799987793,-406.785400391,False
93.7,-0.448,-0.074,-0.288,-0.00980665,0.4314926,11.4933938,-5.84999990463,13.462682724,0.75,2.24702048302,-164.98576355,-21.2451000214,-2.88359832764,-0.713086783886,98592.2180176,26.6999988556,-406.785400391,False
93.80000000000001,-0.38,-0.074,-0.212,0.196133,0.0784532,10.83634825,-7.10999965668,13.462682724,0.459999978542,2.24702048302,-164.98576355,-21.083574295,-3.01748585701,-0.787309587002,98591.5283203,26.5999984741,-386.374084473,False
93.9,-0.371,-0.092,-0.089,0.0784532,0.38245935,11.03248125,-8.35999965668,13.462682724,0.119999997318,2.24702048302,-164.98576355,-20.9415035248,-3.13657641411,-0.94939160347,98593.1518555,26.5,-386.374084473,False
94.0,-0.387,-0.066,-0.023,0.0784532,0.48052585,11.58165365,-9.22999954224,13.462682724,-0.289999991655,2.24702048302,-164.98576355,-20.7992191315,-3.17459559441,-1.13858354092,98587.6281738,26.3799991608,-403.186035156,False
94.10000000000001,-0.444,-0.074,-0.024,0.12748645,0.3138128,11.8464332,-9.75,5.49591398239,-0.769999980927,3.75100493431,-161.92414856,-20.673406601,-3.15259361267,-1.26695644855,98587.2253418,26.2399997711,-403.186035156,False
94.2,-0.397,-0.025,-0.025,-0.22555295,0.1765197,10.5715687,-10.1300001144,5.49591398239,-1.22000002861,3.75100493431,-161.92414856,-20.5362586975,-3.11734008789,-1.32392191887,98589.8254395,26.0799999237,-369.227233887,False
94.30000000000001,-0.381,-0.042,5.143516556420001e-18,-0.0980665,0.1569064,11.4345539,-10.3899993896,5.49591398239,-1.22000002861,3.75100493431,-161.92414856,-20.4803905487,-3.10288071632,-1.40016281605,98585.1745605,26.0799999237,-369.227233887,False
94.4,-0.236,-0.009,0.098,0.00980665,0.0980665,10.79712165,-10.4799995422,-1.64364123344,-2.23000001907,4.7166724205,-161.837936401,-20.2654285431,-2.92918300629,-1.5919585228,98581.854248,25.7399997711,-354.794677734,False
94.5,-0.385,-0.024,0.106,-0.0588399,0.0196133,11.58165365,-10.2399997711,-1.64364123344,-2.70000004768,4.7166724205,-161.837936401,-20.1664772034,-2.81186318398,-1.66703212261,98580.670166,25.5599994659,-354.794677734,False
94.60000000000001,-0.28,0.01,0.135,-0.1176798,-0.00980665,10.42446895,-9.92000007629,-1.64364123344,-3.25,4.7166724205,-161.837936401,-20.0548229218,-2.64642977715,-1.71965992451,98578.2104492,25.3699989319,-321.847900391,False
94.7,-0.186,0.013,0.162,-0.10787315,0.2745862,10.79712165,-9.4299993515,-7.64735031128,-3.75999999046,4.68118429184,-164.48348999,-19.9516487122,-2.44215035439,-1.73062002659,98576.0864258,25.1700000763,-321.847900391,False
94.80000000000001,-0.151,0.007,0.146,-0.2353596,0.40207265,10.2577559,-8.64999961853,-7.64735031128,-4.26999998093,4.68118429184,-164.48348999,-19.8726043701,-2.25638246536,-1.74441432953,98572.3571777,24.9799995422,-296.828277588,False
94.9,-0.031,0.053,0.136,-0.24516625,0.59820565,8.9436648,-7.81999969482,-7.64735031128,-4.75999975204,4.68118429184,-164.48348999,-19.79114151,-2.02390599251,-1.67255008221,98568.2800293,24.7799987793,-296.828277588,False
95.0,-0.075,0.081,0.067,-0.4118793,0.69627215,8.3552658,-6.88999986649,-9.33339214325,-5.09999990463,3.95956945419,-166.494171143,-19.6693229675,-1.70760774612,-1.35480606556,98567.5537109,24.6000003815,-267.256530762,False
95.10000000000001,-0.09,0.072,0.039,-0.4511059,0.73549875,7.97280645,-5.98000001907,-9.33339214325,-5.36999988556,3.95956945419,-166.494171143,-19.5861587524,-1.4462697506,-1.07456612587,98561.3952637,24.4300003052,-267.256530762,False
95.2,-0.165,0.108,-1.3226185430800001e-17,-0.2549729,0.3334261,7.6099604,-5.10999965668,-9.33339214325,-5.55999994278,3.95956945419,-166.494171143,-19.5432796478,-1.32037222385,-0.902314007282,98561.3647461,24.2999992371,-247.65586853,False
95.30000000000001,0.06,0.1,-0.008,-0.40207265,0.38245935,7.95319315,-4.19999980927,-9.33339214325,-5.67000007629,3.95956945419,-166.494171143,-19.4849338531,-1.1049529314,-0.66294491291,98559.0942383,24.1899986267,-247.65586853,False
95.4,0.148,0.109,-0.021,-0.34323275,0.0784532,7.1588545,-3.26999998093,-9.33339214325,-5.75,3.95956945419,-166.494171143,-19.4316825867,-0.958998203278,-0.461421012878,98558.1237793,24.1000003815,-229.333114624,False
95.5,0.171,0.108,-0.01,-0.36284605,-0.196133,7.50208725,-2.62999987602,-10.2621889114,-5.73999977112,1.8899538517,-166.438171387,-19.3722877502,-0.848607182503,-0.218726933002,98561.6699219,24.0499992371,-229.333114624,False
95.60000000000001,0.251,0.086,0.066,-0.392266,-0.2745862,8.16893945,-2.11999988556,-10.2621889114,-5.67999982834,1.8899538517,-166.438171387,-19.2749061584,-0.688722789288,0.0894103869796,98559.7961426,24.0199985504,-217.89932251,False
95.7,0.313,0.074,0.126,-0.3726527,0.0196133,8.7083052,-1.59999990463,-10.2621889114,-5.6299996376,1.8899538517,-166.438171387,-19.2310295105,-0.563803374767,0.238052889705,98556.5429688,24.0100002289,-217.89932251,False
95.80000000000001,-0.037,0.059,0.168,-0.38245935,0.6864655,8.4925589,-1.59999990463,-10.2621889114,-5.6299996376,1.8899538517,-166.438171387,-19.2120685577,-0.505622684956,0.289492577314,98559.6679688,24.0100002289,-217.89932251,False
95.9,-0.18,0.07,0.12,-0.4118793,0.8237586,7.7472535,-0.280000001192,-6.07710981369,-5.40000009537,-0.354763656855,-168.471755981,-19.1646118164,-0.258557200432,0.609038829803,98557.7697754,24.0499992371,-132.730682373,False
96.0,-0.185,0.103,0.087,-0.1569064,0.980665,8.7867584,0.560000002384,-6.07710981369,-5.19000005722,-0.354763656855,-168.471755981,-19.1899471283,-0.0109532969072,0.488951772451,98558.3129883,24.0900001526,-124.918174744,False
96.10000000000001,-0.272,-0.095,-0.012,0.50013915,0.55897905,19.21122735,2.15999984741,-6.07710981369,-5.51999998093,-0.354763656855,-168.471755981,-19.2939720154,0.337441086769,-0.304496735334,98562.878418,24.1299991608,-124.918174744,False
96.2,0.123,0.048,-0.047,-0.28439285,0.2549729,14.99436785,3.80999994278,-9.45573806763,-6.10999965668,-1.02179145813,-169.731491089,-19.2842674255,0.578544855118,-0.57016825676,98565.6799316,24.0900001526,-113.328742981,False
96.30000000000001,0.13,0.065,-0.043,-0.2941995,0.1765197,11.22861425,4.92999982834,-9.45573806763,-6.42000007629,-1.02179145813,-169.731491089,-19.2709636688,0.727439701557,-0.649680793285,98558.4106445,24.0100002289,-113.328742981,False
96.4,0.046,0.024,0.038,-0.55897905,0.2941995,10.5715687,6.03999996185,-9.45573806763,-6.80999994278,-1.02179145813,-169.731491089,-19.2510700226,0.891050696373,-0.768315792084,98556.072998,23.9200000763,-138.491821289,False
96.5,0.3,0.105,0.019,-0.67665885,0.8629852,7.9826131,7.23999977112,-9.45573806763,-7.17999982834,-1.02179145813,-169.731491089,-19.208360672,1.15969407558,-0.621518313885,98556.5856934,23.7999992371,-138.491821289,False
96.60000000000001,0.579,0.147,-0.092,-0.53936575,0.4707192,4.9425516,8.18999958038,-5.45812988281,-7.27999973297,-2.74234819412,-169.52507019,-19.1434783936,1.27074313164,-0.0374869890511,98557.1228027,23.6999988556,-124.840545654,False
96.7,0.587,0.045,-0.103,-0.7453054,0.3334261,5.30539765,8.76000022888,-5.45812988281,-7.14999961853,-2.74234819412,-169.52507019,-19.1004123688,1.29049563408,0.219699516892,98556.7077637,23.6399993896,-124.840545654,False
96.80000000000001,0.269,-0.009,-0.115,-0.65704555,-0.2941995,11.30706745,8.88999938965,-5.45812988281,-7.09999990463,-2.74234819412,-169.52507019,-19.033203125,1.19067966938,0.0710407420993,98555.2307129,23.6199989319,-121.272277832,False
96.9,0.805,0.022,0.043,-0.5099458,-0.9218251,10.6500219,8.88999938965,-5.45812988281,-7.09999990463,-2.74234819412,-169.52507019,-19.033203125,1.19067966938,0.0710407420993,98555.8959961,23.6199989319,-121.272277832,False
97.0,0.902,0.105,0.142,-0.8041453,0.02941995,7.03136805,7.98000001907,10.0415830612,-7.2999997139,-3.51270604134,-169.396118164,-18.9062690735,0.893242001534,0.126308232546,98555.7739258,23.609998703,-107.416534424,False
97.10000000000001,0.101,-0.072,0.198,-0.3726527,0.28439285,12.0229529,7.21000003815,10.0415830612,-7.40999984741,-3.51270604134,-169.396118164,-18.8643569946,0.733082413673,-0.028204780072,98553.8024902,23.609998703,-107.416534424,False
97.2,0.409,-0.013,0.219,-0.4511059,1.2748645,12.48386545,6.26999998093,10.0415830612,-7.64999961853,-3.51270604134,-169.396118164,-18.8123435974,0.571395218372,-0.10989048332,98557.9650879,23.5900001526,-102.216911316,False
97.30000000000001,0.979,0.271,0.076,-0.50013915,0.8629852,4.67777205,5.71999979019,10.0415830612,-7.59999990463,-3.51270604134,-169.396118164,-18.7641811371,0.451270759106,0.414650380611,98554.0039062,23.5699996948,-102.216911316,False
97.4,-0.093,-0.004,-0.043,-0.32361945,0.6864655,9.05153795,4.98000001907,10.0415830612,-7.3799996376,-3.51270604134,-169.396118164,-18.745557785,0.168527275324,0.512152135372,98554.6875,23.5799999237,-47.72605896,False
97.5,-0.375,-0.003,-0.055,-0.18632635,0.79433865,11.11093445,3.4399998188,17.55626297,-7.36999988556,-4.31657838821,-172.294891357,-18.746471405,-0.0772223249078,0.39460003376,98553.5827637,23.6000003815,-47.72605896,False
97.60000000000001,-0.557,0.032,-0.056,-0.0196133,0.75511205,11.6110736,1.82999992371,17.55626297,-7.48999977112,-4.31657838821,-172.294891357,-18.7582035065,-0.34840425849,0.249508589506,98557.4645996,23.6199989319,-32.9303741455,False
97.7,-0.505,0.083,-0.086,-0.1569064,0.784532,11.20900095,0.5,17.55626297,-7.63999986649,-4.31657838821,-172.294891357,-18.7709465027,-0.501736819744,0.171478226781,98553.7841797,23.6399993896,-32.9303741455,False
97.80000000000001,-0.494,0.104,-0.078,-0.2941995,0.79433865,10.3362091,-0.419999986887,17.55626297,-7.75999975204,-4.31657838821,-172.294891357,-18.7939167023,-0.646846950054,0.158650919795,98559.6313477,23.6399993896,-49.388885498,False
97.9,-0.436,0.136,-0.11,-0.4707192,0.87279185,8.9632781,-0.969999969006,6.93240880966,-7.81999969482,-6.41924381256,-171.089752197,-18.8094539642,-0.685549616814,0.249494045973,98557.4401855,23.6299991608,-49.388885498,False
98.0,-0.358,0.12,-0.143,-0.588399,0.7060788,8.9632781,-1.30999994278,6.93240880966,-7.80999994278,-6.41924381256,-171.089752197,-18.8410224915,-0.72017621994,0.36063054204,98559.6862793,23.6299991608,-58.150100708,False
98.10000000000001,-0.407,0.066,-0.147,-0.5687857,0.44129925,10.0812362,-1.63999998569,6.93240880966,-7.81999969482,-6.41924381256,-171.089752197,-18.8923568726,-0.732753098011,0.388040781021,98556.1523438,23.6399993896,-58.150100708,False
98.2,-0.402,0.048,-0.09,-0.57859235,0.3530394,9.26728425,-1.7199999094,6.93240880966,-7.80999994278,-6.41924381256,-171.089752197,-18.9545860291,-0.712768673897,0.413926243782,98557.5439453,23.6599998474,-63.8454437256,False
98.30000000000001,-0.222,0.032,-0.09,-0.5491724,0.04903325,10.05181625,-1.78999996185,-1.68250393867,-7.7999997139,-8.44676780701,-168.543319702,-18.9822940826,-0.712547540665,0.413039028645,98561.7919922,23.6899986267,-63.8454437256,False
98.4,-0.148,0.038,0.021,-0.69627215,-0.0196133,8.7867584,-1.79999995232,-1.68250393867,-7.75,-8.44676780701,-168.543319702,-19.0741443634,-0.667116641998,0.562521755695,98563.092041,23.7099990845,-67.0202255249,False
98.5,0.163,0.017,0.057,-0.61781895,-0.1372931,8.14932615,-1.64999997616,-1.68250393867,-7.61999988556,-8.44676780701,-168.543319702,-19.113615036,-0.63746380806,0.680998265743,98558.5449219,23.75,-67.0202255249,False
98.60000000000001,0.456,0.01,0.064,-0.588399,-0.22555295,8.48275225,-1.64999997616,-1.68250393867,-7.44000005722,-8.44676780701,-168.543319702,-19.186914444,-0.664997637272,0.862565100193,98563.0981445,23.8099994659,-81.1664581299,False
98.7,0.581,-0.002,0.117,-0.48052585,0.04903325,8.38468575,-1.62000000477,2.50814223289,-7.23000001907,-8.73477745056,-169.611709595,-19.2383804321,-0.711892902851,0.955755293369,98562.3352051,23.8899993896,-81.1664581299,False
98.80000000000001,0.308,-0.029,0.156,-0.3530394,0.0588399,10.3558224,-2.04999995232,2.50814223289,-7.0499997139,-8.73477745056,-169.611709595,-19.3318061829,-0.808932542801,0.937638759613,98560.5651855,23.9699993134,-94.3382263184,False
98.9,-0.05,-0.02,0.214,-0.40207265,0.4707192,10.0616229,-2.53999996185,2.50814223289,-6.90999984741,-8.73477745056,-169.611709595,-19.3785915375,-0.846758246422,0.942964613438,98566.809082,24.0599994659,-94.3382263184,False
99.0,-0.255,-0.026,0.18,-0.40207265,0.83356525,10.62060195,-0.839999973774,2.50814223289,-6.76999998093,-8.73477745056,-169.611709595,-19.4862174988,-0.874586820602,0.9162940979,98567.2485352,24.1499996185,-107.563018799,False
99.10000000000001,-0.116,0.066,0.098,-0.53936575,0.48052585,7.6295737,-0.919999957085,2.50814223289,-6.63999986649,-8.73477745056,-169.611709595,-19.5203590393,-0.881914973259,1.13616859913,98567.6757812,24.2299995422,-106.562995911,False
99.2,-0.118,7.4703454748e-18,0.061,-0.6472389,0.24516625,9.1005712,3.42999982834,2.60926556587,-6.31999969482,-8.41958427429,-174.346160889,-19.5649108887,-0.889243662357,1.20160889626,98574.1149902,24.3299999237,-118.193054199,False
99.30000000000001,0.011,0.015,0.08,-0.46091255,0.08825985,8.7671451,3.55999994278,2.60926556587,-6.0499997139,-8.41958427429,-174.346160889,-19.6544303894,-0.905872881413,1.35381793976,98571.8811035,24.4399986267,-118.193054199,False
99.4,-0.096,0.017,0.104,-0.4903325,0.04903325,8.95347145,3.76999998093,2.60926556587,-5.71999979019,-8.41958427429,-174.346160889,-19.6942749023,-0.908611416817,1.46333694458,98577.0385742,24.5599994659,-127.097892761,False
99.5,-0.029,-0.02,0.104,-0.6080123,0.26477955,9.77723005,7.31999969482,2.60926556587,-5.33999967575,-8.41958427429,-174.346160889,-19.7323246002,-0.903194785118,1.4824706316,98576.373291,24.7099990845,-127.097892761,False
99.60000000000001,0.046,-0.037,0.103,-0.65704555,0.5099458,9.38496405,7.78999996185,2.60926556587,-5.0,-8.41958427429,-174.346160889,-19.8064651489,-0.871081531048,1.53303158283,98577.3254395,24.859998703,-142.032623291,False
99.7,0.151,-0.037,0.064,-0.55897905,0.5099458,9.42419065,14.2199993134,1.80188333988,-4.61999988556,-8.24676799774,-176.89503479,-19.8646373749,-0.845195949078,1.59588599205,98580.7006836,25.0199985504,-142.032623291,False
99.80000000000001,0.324,-0.014,0.012,-0.5099458,0.392266,9.0417313,15.0199995041,1.80188333988,-4.19999980927,-8.24676799774,-176.89503479,-19.9139633179,-0.849269092083,1.7156945467,98581.7626953,25.1800003052,-149.789810181,False
99.9,0.318,-0.035,0.01,-0.5099458,0.50013915,10.1008495,15.6700000763,1.80188333988,-3.75,-8.24676799774,-176.89503479,-19.9720401764,-0.876852035522,1.74548685551,98584.3078613,25.359998703,-149.789810181,False
100.0,0.118,-0.061,0.014,-0.6276256,0.91201845,10.0812362,22.4300003052,1.80188333988,-3.31999993324,-8.24676799774,-176.89503479,-20.0362682343,-0.893639802933,1.76093089581,98586.3342285,25.5399990082,-164.346130371,False
100.10000000000001,0.035,-0.047,-0.025,-0.4314926,0.85317855,10.87557485,23.2699985504,6.99575662613,-2.90999984741,-7.30639839172,-177.069778442,-20.1091747284,-0.931939482689,1.65651249886,98590.8752441,25.7199993134,-164.346130371,False
100.2,0.03,-0.08,-0.105,-0.42168595,0.83356525,11.24822755,29.4499988556,6.99575662613,-2.57999992371,-7.30639839172,-177.069778442,-20.1852798462,-0.990680217743,1.53982138634,98592.5537109,25.8999996185,-176.858520508,False
100.30000000000001,0.301,-0.074,-0.131,-0.32361945,0.6668522,10.8657682,30.2899990082,6.99575662613,-2.28999996185,-7.30639839172,-177.069778442,-20.2370262146,-1.04819524288,1.47308790684,98593.6828613,26.0599994659,-175.85848999,False
100.4,0.326,-0.073,-0.171,-0.2745862,0.51975245,11.6306869,31.0100002289,10.0367918015,-2.00999999046,-6.39025688171,-174.63734436,-20.2989273071,-1.198579669,1.35225856304,98597.3266602,26.2099990845,-185.003845215,False
100.5,0.921,-0.034,-0.189,-0.53936575,0.196133,9.07115125,37.4899978638,10.0367918015,-1.65999996662,-6.39025688171,-174.63734436,-20.3058776855,-1.34254992008,1.46281826496,98597.6135254,26.3499984741,-185.003845215,False
100.60000000000001,1.087,-0.077,-0.214,-0.48052585,0.04903325,8.34545915,37.8600006104,10.0367918015,-1.16999995708,-6.39025688171,-174.63734436,-20.29753685,-1.60362577438,1.62810051441,98603.2470703,26.4899997711,-199.905212402,False
100.7,0.611,-0.2,-0.093,0.0,0.02941995,12.87613145,40.3999977112,23.2428340912,-0.709999978542,-5.90212917328,-171.43862915,-20.3089790344,-2.08245491982,1.48337006569,98601.6601562,26.6499996185,-199.905212402,False
100.80000000000001,0.499,-0.195,-0.015,-0.0392266,0.4314926,13.60182355,40.1299972534,23.2428340912,-0.439999997616,-5.90212917328,-171.43862915,-20.3084125519,-2.41789102554,1.33963394165,98608.1481934,26.8099994659,-203.146743774,False
100.9,0.343,-0.203,0.01,0.04903325,0.81395195,13.79795655,39.6699981689,23.2428340912,-0.229999989271,-5.90212917328,-171.43862915,-20.268163681,-3.35797739029,0.94689309597,98610.2416992,26.9499988556,-203.146743774,False
101.0,0.237,-0.188,-0.014,0.4903325,0.81395195,13.89602305,43.7599983215,23.2428340912,-0.119999997318,-5.90212917328,-171.43862915,-20.2335739136,-3.99903607368,0.64464455843,98614.0136719,27.0699996948,-220.529174805,False
101.10000000000001,0.296,-0.216,-0.071,0.7649187,1.2552512,14.7295883,43.3400001526,32.2080459595,-0.129999995232,-1.77262938023,-168.294036865,-20.2036190033,-4.38222694397,0.453947216272,98617.388916,27.1499996185,-221.529205322,False
101.2,0.15,-0.209,-0.176,0.4511059,1.10815145,14.9453346,43.7799987793,32.2080459595,-0.199999988079,-1.77262938023,-168.294036865,-20.0680122375,-5.30908823013,0.0993346273899,98616.7236328,27.1999988556,-229.368972778,False
101.30000000000001,0.26,-0.127,-0.226,0.3530394,1.0198916,10.4931155,43.7799987793,32.2080459595,-0.229999989271,-1.77262938023,-168.294036865,-19.9932422638,-5.6923418045,0.13696937263,98617.6940918,27.2199993134,-228.36895752,False
101.4,0.062,-0.145,-0.267,0.3726527,0.93163175,10.93441475,43.7799987793,32.2080459595,-0.109999999404,-1.77262938023,-168.294036865,-19.9657974243,-5.90607690811,0.167287543416,98620.6848145,27.2199993134,-228.36895752,False
101.5,0.147,-0.143,-0.309,0.392266,1.08853815,11.22861425,43.7799987793,32.2080459595,-0.109999999404,-1.77262938023,-168.294036865,-19.8434295654,-6.42939472198,0.207164034247,98616.2109375,27.2399997711,-255.102722168,False
101.60000000000001,0.222,-0.194,-0.357,0.4314926,0.79433865,12.0033396,43.7599983215,36.0479431152,0.0899999961257,-2.27337861061,-160.592132568,-19.6089000702,-7.35946321487,0.175865292549,98620.5078125,27.2899990082,-256.012542725,False
101.7,0.212,-0.204,-0.369,0.42168595,0.6472389,11.60126695,43.75,36.0479431152,0.219999998808,-2.27337861061,-160.592132568,-19.4783649445,-7.82356929779,0.227446243167,98617.7490234,27.3199996948,-256.012542725,False
101.80000000000001,0.16,-0.21,-0.358,0.30400615,0.87279185,11.15016105,43.7399978638,36.0479431152,0.409999996424,-2.27337861061,-160.592132568,-19.2441692352,-8.55185222626,0.332962930202,98619.5373535,27.3699989319,-274.541870117,False
101.9,0.169,-0.202,-0.332,0.38245935,0.8433719,10.48330885,43.7299995422,38.7388153076,0.629999995232,-3.15315651894,-153.846817017,-19.0134544373,-9.1385679245,0.447480231524,98621.484375,27.4200000763,-274.541870117,False
102.0,0.064,-0.249,-0.309,0.3726527,0.0980665,10.60098865,43.7299995422,38.7388153076,0.899999976158,-3.15315651894,-153.846817017,-18.7456207275,-9.72529602051,0.572826623917,98620.1782227,27.4799995422,-332.320404053,False
102.10000000000001,0.381,-0.241,-0.265,0.588399,0.22555295,9.3947707,43.7399978638,38.7388153076,1.19999992847,-3.15315651894,-153.846817017,-18.4574604034,-10.3372268677,0.73024314642,98623.8037109,27.5599994659,-332.320404053,False
102.2,0.166,-0.33,-0.239,0.65704555,0.2745862,13.03303785,43.75,38.7388153076,1.57999992371,-3.15315651894,-153.846817017,-18.0647296906,-11.0489788055,0.762123525143,98625.5737305,27.6499996185,-332.974822998,False
102.30000000000001,0.301,-0.351,-0.145,0.7256921,0.2941995,16.23000575,43.7799987793,42.2915344238,1.80999994278,-2.82980370522,-145.178710938,-17.4604988098,-11.9565038681,0.530627608299,98622.3388672,27.75,-332.974822998,False
102.4,-0.001,-0.369,-0.051,-0.18632635,1.0395049,15.17088755,43.7900009155,42.2915344238,1.89999997616,-2.82980370522,-145.178710938,-16.5239124298,-13.04986763,0.195328339934,98623.0834961,27.8299999237,-343.177429199,False
102.5,0.189,-0.394,-0.154,-0.2549729,1.0591182,17.13221755,43.7900009155,42.2915344238,1.91999995708,-2.82980370522,-145.178710938,-15.9334983826,-13.6092424393,0.0290148444474,98617.6696777,27.8999996185,-343.177429199,False
102.60000000000001,-0.017,-0.342,-0.219,-0.87279185,2.0593965,16.0044528,43.7799987793,44.9720573425,1.90999996662,0.999720156193,-137.337112427,-15.313788414,-14.0883321762,-0.148436933756,98615.1672363,27.9200000763,-313.114929199,True
102.7,-0.058,-0.286,-0.352,-1.38273765,2.32417605,16.07309935,43.7799987793,44.9720573425,1.77999997139,0.999720156193,-137.337112427,-14.5020236969,-14.6320838928,-0.415072262287,98617.4743652,27.9200000763,-313.114929199,True
102.80000000000001,-0.082,-0.322,-0.463,-0.85317855,1.79461695,20.4958985,43.7900009155,44.9720573425,1.43999993801,0.999720156193,-137.337112427,-13.4573688507,-15.3141460419,-0.995167672634,98614.8010254,27.8699989319,-293.264190674,True
102.9,-0.168,-0.271,-0.605,-1.3533177,1.12776475,17.6715833,43.7900009155,43.8586273193,0.789999961853,-0.193729028106,-128.796569824,-12.4643878937,-15.886015892,-1.41692221165,98609.9487305,27.7699985504,-293.264190674,True
103.0,-0.361,-0.233,-0.618,-1.57887065,0.7060788,16.1221326,-10.5,43.8586273193,-1.78999996185,-0.193729028106,-128.796569824,-11.6948289871,-16.2295913696,-1.64411377907,98601.6296387,27.609998703,-248.222930908,True
103.10000000000001,-0.556,-0.2,-0.587,-1.8240369,-0.1372931,11.7483667,1.52999997139,43.8586273193,-4.36999988556,-0.193729028106,-128.796569824,-10.8951253891,-16.4943847656,-1.65306794643,98599.8779297,27.4099998474,-249.222946167,True
103.2,-0.819,-0.131,-0.393,-1.8240369,0.77472535,5.687857,-1.25,43.8586273193,-6.8799996376,-0.193729028106,-128.796569824,-10.1415090561,-16.490480423,-1.10627424717,98599.5788574,27.2099990845,-243.244354248,True
103.30000000000001,-0.782,-0.164,-0.295,-1.9809433,-0.26477955,9.3947707,-3.33999991417,43.8586273193,-9.05000019073,-0.193729028106,-128.796569824,-9.82853031158,-16.5083885193,-0.995727062225,98596.2036133,27.0299987793,-243.244354248,True
103.4,-0.767,-0.138,-0.226,-1.9024901,0.42168595,8.7671451,9.36999988556,28.0654907227,-11.1999998093,-3.64039611816,-115.438804626,-9.3278799057,-16.4526500702,-0.78799444437,98593.8964844,26.8899993896,-205.90133667,True
103.5,-0.354,0.014,-0.114,-1.8436502,0.4314926,8.7867584,7.88999986649,28.0654907227,-13.2199993134,-3.64039611816,-115.438804626,-8.9744052887,-16.392616272,-0.652707338333,98590.3503418,26.7600002289,-205.90133667,True
103.60000000000001,-0.354,0.014,-0.114,-1.8436502,0.4314926,8.7867584,20.7399997711,28.0654907227,-15.1700000763,-3.64039611816,-115.438804626,-8.65294933319,-16.297039032,-0.564640045166,98592.7001953,26.6599998474,-158.7890625,True
103.7,-0.017,0.096,-0.103,-1.9221034,0.1372931,8.5710121,20.0399990082,28.0654907227,-17.0900001526,-3.64039611816,-115.438804626,-8.37949943542,-16.1939277649,-0.386133283377,98588.9526367,26.5599994659,-158.7890625,True
103.80000000000001,-0.028,0.119,-0.113,-2.02997655,0.46091255,8.32584585,29.5199985504,18.4490661621,-18.8699989319,-4.77580165863,-112.01890564,-8.12260246277,-16.0787887573,-0.172105953097,98589.8742676,26.4799995422,-123.296928406,True
103.9,0.185,0.148,-0.071,-2.01036325,0.34323275,7.5903471,29.1899986267,18.4490661621,-19.7700004578,-4.77580165863,-112.01890564,-7.83415603638,-15.961479187,0.158019542694,98591.0522461,26.4200000763,-123.296928406,True
104.0,0.29,0.135,-0.051,-1.81423025,0.1765197,7.7472535,28.9499988556,18.4490661621,-19.6800003052,-4.77580165863,-112.01890564,-7.63908720016,-15.9059476852,0.31020116806,98587.9089355,26.3799991608,-88.2753372192,True
104.10000000000001,0.209,0.149,-0.051,-1.85345685,0.32361945,7.6884136,36.7700004578,18.4490661621,-20.5799999237,-4.77580165863,-112.01890564,-7.38460159302,-15.8588457108,0.54026979208,98587.2009277,26.3799991608,-88.2753372192,True
104.2,0.347,0.14,-0.068,-1.77500365,7.78227428129e-16,6.3547092,36.7399978638,18.4490661621,-20.7199993134,-4.77580165863,-112.01890564,-7.24584674835,-15.8218841553,0.75436681509,98588.7573242,26.3999996185,-59.4043731689,True
104.30000000000001,0.343,0.175,-0.106,-1.57887065,0.44129925,1.2356379,40.6699981689,23.1467990875,-21.0,-8.64748573303,-111.504203796,-7.14590930939,-15.6567573547,1.55378758907,98587.0788574,26.4599990845,-59.4043731689,True
104.4,0.13,0.136,-0.14,-1.67693715,0.63743225,2.3732093,41.5299987793,23.1467990875,-20.4499988556,-8.64748573303,-111.504203796,-7.09917974472,-15.5308294296,2.13794541359,98586.8286133,26.5900001526,-43.9687728882,True
104.5,0.333,0.125,-0.246,-1.6671305,1.44157755,2.89296175,41.5699996948,23.1467990875,-19.5399990082,-8.64748573303,-111.504203796,-7.00839281082,-15.366812706,2.9862806797,98589.8010254,26.7899990082,-42.96875,True
104.60000000000001,0.26,0.097,-0.346,-1.69655045,1.5102241,2.73605535,42.5299987793,23.1467990875,-19.1599998474,-8.64748573303,-111.504203796,-6.96320438385,-15.2441797256,3.61420583725,98592.6330566,27.0599994659,-10.8808517456,True
104.7,0.254,0.065,-0.472,-1.8240369,1.2356379,4.3345393,42.219997406,28.853225708,-18.1900005341,-13.925901413,-107.946212769,-6.83441638947,-15.1848649979,4.14009714127,98596.1303711,27.4099998474,-10.8808517456,True
104.80000000000001,0.289,0.01,-0.527,-1.7848103,1.0395049,6.01147645,41.8600006104,28.853225708,-17.5900001526,-13.925901413,-107.946212769,-6.6435675621,-15.1940755844,4.42009019852,98601.739502,27.7999992371,6.66856765747,True
104.9,0.18,-0.037,-0.516,-1.8632635,0.5295591,8.0806796,41.6899986267,28.853225708,-16.5799999237,-13.925901413,-107.946212769,-6.31345844269,-15.255402565,4.69842243195,98607.8735352,28.25,6.66856765747,True
105.0,0.217,-0.085,-0.483,-1.9221034,0.4707192,8.8652116,41.4399986267,30.9579048157,-15.2999992371,-18.561000824,-98.7061157227,-5.99395132065,-15.320646286,4.88293838501,98613.1408691,28.7199993134,23.2081413269,True
105.10000000000001,0.306,-0.144,-0.36,-1.73577705,0.02941995,10.0223963,41.3499984741,30.9579048157,-14.4799995422,-18.561000824,-98.7061157227,-5.43209552765,-15.4532289505,5.07819080353,98617.0349121,29.2099990845,23.2081413269,True
105.2,0.337,-0.182,-0.283,-1.6671305,-0.12748645,10.77750835,41.3799972534,30.9579048157,-13.2999992371,-18.561000824,-98.7061157227,-4.9693107605,-15.5675010681,5.13594341278,98622.8088379,29.7199993134,25.3517150879,True
105.30000000000001,0.335,-0.247,-0.205,-1.6279039,0.30400615,12.2975391,41.5299987793,33.9552078247,-12.5399999619,-19.2113742828,-92.4873428345,-4.03913593292,-15.7970590591,5.07934999466,98629.4433594,30.2299995422,25.3517150879,True
105.4,0.34,-0.276,-0.18,-1.5886773,0.14709975,12.5721253,41.5999984741,33.9552078247,-11.5199995041,-19.2113742828,-92.4873428345,-3.61053299904,-15.8785829544,5.05317306519,98635.3637695,30.75,52.4360656738,True
105.5,0.327,-0.268,-0.175,-1.765197,0.588399,12.15043935,41.8799972534,33.9552078247,-10.2600002289,-19.2113742828,-92.4873428345,-2.61169719696,-16.0193862915,5.02584552765,98643.4448242,31.2600002289,51.4360427856,True
105.60000000000001,-0.205,-0.352,-0.127,-1.4317709,0.97085835,14.3569356,42.1699981689,33.9552078247,-9.63000011444,-19.2113742828,-92.4873428345,-1.76953530312,-16.1695175171,4.72230386734,98648.0529785,31.7600002289,34.3741416931,True
105.7,-0.254,-0.306,-0.232,-1.1571847,1.3140911,15.6318001,42.3699989319,32.6457557678,-8.8499994278,-15.1622076035,-84.3302688599,-0.985150635242,-16.3085708618,4.32877016068,98656.262207,32.2399978638,34.3741416931,True
105.80000000000001,-0.073,-0.243,-0.277,-1.4906108,1.2356379,13.81756985,42.3799972534,32.6457557678,-8.48999977112,-15.1622076035,-84.3302688599,-0.619515776634,-16.3333511353,4.23039293289,98658.5388184,32.6800003052,15.6847953796,True
105.9,-0.054,-0.206,-0.426,-1.48080415,0.9414384,11.36590735,42.3499984741,32.6457557678,-7.71000003815,-15.1622076035,-84.3302688599,0.0156001746655,-16.3474578857,4.12021350861,98663.6901855,33.0999984741,15.6847953796,True
106.0,0.1,-0.19,-0.505,-1.6082906,0.8825985,11.4933938,42.2299995422,32.6457557678,-7.21999979019,-15.1622076035,-84.3302688599,0.659398138523,-16.3058128357,4.08060455322,98671.2890625,33.5,-29.1372299194,True
106.10000000000001,0.188,-0.167,-0.5,-1.8632635,0.61781895,8.52197885,42.1299972534,30.0393466949,-6.40999984741,-15.5326528549,-75.1860122681,0.992065548897,-16.2258987427,4.22796869278,98678.5583496,33.8899993896,-29.1372299194,True
106.2,0.427,-0.329,-0.411,-1.7063571,0.1176798,13.925443,42.1299972534,30.0393466949,-5.25,-15.5326528549,-75.1860122681,1.82539558411,-16.091796875,4.05153369904,98680.1208496,34.2999992371,-39.720916748,True
106.30000000000001,0.427,-0.329,-0.411,-1.7063571,0.1176798,13.925443,42.2000007629,30.0393466949,-4.71999979019,-15.5326528549,-75.1860122681,2.41668605804,-15.943359375,3.95192217827,98686.1755371,34.7000007629,-39.720916748,True
106.4,0.3,-0.316,-0.274,-1.85345685,0.0196133,12.7878716,42.3099975586,30.0393466949,-3.8599998951,-15.5326528549,-75.1860122681,2.98202157021,-15.74559021,3.90387272835,98691.9616699,35.0999984741,-9.95311737061,True
106.5,0.364,-0.351,-0.181,-1.7063571,-0.0784532,13.6116302,42.6299972534,35.9657974243,-3.25,-14.5770559311,-63.4794654846,4.04310464859,-15.3154983521,3.72458839417,98697.1008301,35.4899978638,-9.95311737061,True
106.60000000000001,0.349,-0.396,-0.13,-1.6082906,-0.08825985,14.2000292,42.8799972534,35.9657974243,-2.50999999046,-14.5770559311,-63.4794654846,4.69708251953,-15.0028162003,3.59076333046,98703.8391113,35.8699989319,-27.698135376,True
106.7,0.312,-0.431,-0.109,-1.5494507,-0.04903325,15.19050085,43.1199989319,35.9657974243,-1.75,-14.5770559311,-63.4794654846,5.74100923538,-14.4387950897,3.31479787827,98709.185791,36.2399978638,-27.698135376,True
106.80000000000001,0.228,-0.475,-0.107,-1.61809725,0.55897905,15.44547375,43.3299980164,40.3952178955,-1.29999995232,-9.97719764709,-57.2716331482,6.57922840118,-13.8825178146,3.10588169098,98714.5751953,36.5999984741,-20.809173584,True
106.9,0.169,-0.468,-0.104,-1.5102241,0.5099458,15.26895405,43.4799995422,40.3952178955,-0.659999966621,-9.97719764709,-57.2716331482,7.36723518372,-13.2874908447,2.89870786667,98719.140625,36.9300003052,-20.809173584,True
107.0,0.02,-0.472,-0.143,-1.42196425,0.7060788,15.3376006,43.5900001526,40.3952178955,-0.329999983311,-9.97719764709,-57.2716331482,8.07359409332,-12.6532125473,2.74804329872,98720.0500488,37.2399978638,-9.29317474365,True
107.10000000000001,0.003,-0.426,-0.207,-1.4709975,0.5491724,14.17060925,43.6499977112,40.3952178955,0.209999993443,-9.97719764709,-57.2716331482,8.5983581543,-12.1298513412,2.62192511559,98723.6083984,37.5400009155,-9.29317474365,True
107.2,0.067,-0.396,-0.252,-1.4906108,1.0591182,13.7685366,43.6800003052,41.4720916748,0.819999992847,-4.48100614548,-47.4777297974,9.0411863327,-11.6094675064,2.56573796272,98730.4260254,37.8199996948,-1.41010284424,True
107.30000000000001,0.264,-0.316,-0.325,-1.7259704,0.8041453,10.62060195,43.6899986267,41.4720916748,1.37000000477,-4.48100614548,-47.4777297974,9.45088386536,-11.0182781219,2.6910572052,98731.4758301,38.0999984741,-0.410079956055,True
107.4,0.238,-0.291,-0.353,-1.73577705,0.9610517,8.3160392,43.6899986267,41.4720916748,2.25999999046,-4.48100614548,-47.4777297974,9.91573429108,-10.1208639145,3.15771198273,98732.0617676,38.3899993896,-3.43284606934,True
107.5,0.11,-0.373,-0.354,-1.63771055,0.588399,11.28745415,43.6899986267,41.4720916748,3.08999991417,-4.48100614548,-47.4777297974,10.0718898773,-9.84307098389,3.20752763748,98739.1906738,38.7099990845,-3.43284606934,True
107.60000000000001,0.124,-0.45,-0.36,-1.28467115,0.5491724,14.0823494,43.719997406,41.4720916748,3.92999982834,-4.48100614548,-47.4777297974,10.7056035995,-8.69379520416,3.15762925148,98741.3330078,39.0499992371,20.388507843,True
107.7,0.045,-0.477,-0.352,-1.2552512,0.81395195,15.19050085,43.7299995422,45.29114151,4.46000003815,-3.539488554,-33.4129257202,10.9858703613,-8.15076828003,3.08525514603,98744.4213867,39.3999977112,20.388507843,True
107.80000000000001,0.006,-0.473,-0.371,-1.12776475,0.42168595,15.24934075,42.6199989319,45.29114151,5.06999969482,-3.539488554,-33.4129257202,11.5102157593,-6.97819375992,2.88852500916,98747.8271484,39.7299995422,48.4338760376,True
107.9,-0.02,-0.453,-0.398,-1.1964113,0.8433719,14.54326195,40.5400009155,45.29114151,5.80999994278,-3.539488554,-33.4129257202,11.7823953629,-6.22875785828,2.81087779999,98754.0222168,40.0499992371,47.4338531494,True
108.0,-0.131,-0.47,-0.399,-1.0002783,0.63743225,14.95514125,39.1899986267,45.29114151,6.34999990463,-3.539488554,-33.4129257202,12.1422472,-5.05369663239,2.64631772041,98757.0983887,40.3600006104,61.9345664978,True
108.10000000000001,-0.092,-0.434,-0.412,-1.02969825,0.784532,14.73939495,37.0299987793,43.5368995667,6.92000007629,-2.10609507561,-17.9828166962,12.3809890747,-3.95848345757,2.55336284637,98758.59375,40.6399993896,61.9345664978,True
108.2,-0.084,-0.395,-0.433,-1.2356379,0.81395195,13.20955755,35.5,43.5368995667,7.44000005722,-2.10609507561,-17.9828166962,12.4827222824,-3.09494161606,2.5392832756,98760.7788086,40.9199981689,67.519569397,True
108.30000000000001,-0.294,-0.422,-0.395,-0.99047165,0.48052585,13.52337035,33.469997406,43.5368995667,8.03999996185,-2.10609507561,-17.9828166962,12.5392341614,-2.39663863182,2.47148299217,98764.074707,41.1899986267,67.519569397,True
108.4,-0.384,-0.438,-0.375,-0.9610517,0.89240515,14.34712895,32.0799980164,38.2558174133,8.42000007629,-0.939985156059,-6.50529050827,12.5585794449,-1.53391218185,2.35401535034,98767.4682617,41.4599990845,80.5468597412,True
108.5,-0.247,-0.387,-0.386,-1.0983448,0.6080123,13.5724036,29.9299983978,38.2558174133,8.88000011444,-0.939985156059,-6.50529050827,12.5085668564,-0.745452046394,2.25243210793,98771.1608887,41.719997406,80.5468597412,True
108.60000000000001,-0.124,-0.392,-0.415,-0.77472535,0.22555295,14.317709,27.4499988556,38.2558174133,9.44999980927,-0.939985156059,-6.50529050827,12.4167470932,0.0900726243854,2.06100273132,98775.1281738,41.9599990845,91.978263855,True
108.7,-0.163,-0.411,-0.388,-0.89240515,0.392266,13.2585908,25.8899993896,38.2558174133,9.71000003815,-0.939985156059,-6.50529050827,12.2432060242,1.00791585445,1.91452038288,98774.7924805,42.1800003052,91.978263855,True
108.80000000000001,-0.227,-0.342,-0.361,-0.87279185,0.1569064,13.42530385,23.3899993896,38.2558174133,10.1300001144,-0.939985156059,-6.50529050827,12.084941864,1.58032572269,1.82195532322,98778.8635254,42.3899993896,104.26864624,True
108.9,-0.342,-0.341,-0.333,-0.81395195,0.3334261,12.3367657,20.8799991608,34.1129989624,10.4899997711,1.03299021721,5.98173379898,11.8570613861,2.23478269577,1.71686029434,98785.2294922,42.5799980164,103.268623352,True
109.0,-0.333,-0.348,-0.321,-0.83356525,0.4707192,12.7094184,18.1900005341,34.1129989624,10.8699998856,1.03299021721,5.98173379898,11.5993528366,2.83603262901,1.61619722843,98783.9660645,42.7700004578,140.19631958,True
109.10000000000001,-0.354,-0.305,-0.308,-0.71588545,0.14709975,13.0036179,15.0899991989,34.1129989624,11.3000001907,1.03299021721,5.98173379898,11.3123178482,3.39755678177,1.47328555584,98785.6994629,42.9399986267,139.196304321,True
109.2,-0.339,-0.329,-0.296,-0.59820565,0.4314926,12.6505785,15.0899991989,34.1129989624,11.2899999619,1.03299021721,5.98173379898,11.1961174011,3.60397028923,1.42167413235,98786.7248535,42.9399986267,139.196304321,True
109.30000000000001,-0.209,-0.277,-0.298,-0.50013915,0.3726527,13.48414375,10.0199995041,26.4819068909,11.8800001144,4.07986927032,16.9119091034,10.620765686,4.45980548859,1.1277230978,98787.3962402,43.2599983215,155.083938599,True
109.4,-0.217,-0.253,-0.305,-0.3334261,0.3726527,13.140911,7.36999988556,26.4819068909,12.1099996567,4.07986927032,16.9119091034,10.3514966965,4.79241657257,0.981904566288,98789.8132324,43.3899993896,183.907699585,True
109.5,-0.393,-0.214,-0.308,-0.4118793,0.28439285,11.4541672,4.86999988556,26.4819068909,12.3099994659,4.07986927032,16.9119091034,9.953956604,5.19456624985,0.886751532555,98789.8803711,43.5099983215,183.907699585,True
109.60000000000001,-0.38,-0.149,-0.307,-0.5687857,1.39552511032e-15,11.3953273,3.06999993324,21.3378658295,12.529999733,5.60355234146,23.7738666534,9.69118595123,5.4256401062,0.847545564175,98788.3483887,43.6100006104,202.466201782,True
109.7,-0.295,-0.164,-0.289,-0.5295591,0.2157463,11.4345539,1.11000001431,21.3378658295,12.7599992752,5.60355234146,23.7738666534,9.30708789825,5.71967887878,0.793722271919,98792.401123,43.7099990845,202.466201782,True
109.80000000000001,-0.304,-0.16,-0.258,-0.392266,0.2745862,10.67944185,-1.29999995232,21.3378658295,13.0999994278,5.60355234146,23.7738666534,8.99426651001,5.90759706497,0.760750889778,98794.934082,43.8099975586,236.974517822,True
109.9,-0.433,-0.131,-0.217,-0.3530394,0.28439285,10.44408225,-2.18000006676,21.3378658295,13.2899999619,5.60355234146,23.7738666534,8.75699710846,6.02339553833,0.743788540363,98795.2026367,43.9099998474,236.974517822,True
110.0,-0.416,-0.153,-0.216,-0.30400615,0.2549729,10.2381426,-3.88999986649,14.785607338,13.5900001526,7.04554510117,29.6992645264,8.41292285919,6.14699697495,0.709020018578,98795.8862305,44.0,270.555023193,True
110.10000000000001,-0.443,-0.089,-0.211,-0.3138128,0.14709975,10.1008495,-5.07999992371,14.785607338,13.8800001144,7.04554510117,29.6992645264,8.14682197571,6.20246601105,0.715015351772,98797.4975586,44.0900001526,269.554992676,True
110.2,-0.387,-0.049,-0.203,-0.3726527,0.0784532,9.75761675,-5.51999998093,14.785607338,14.1199998856,7.04554510117,29.6992645264,7.90361499786,6.21601200104,0.757407903671,98795.9289551,44.1899986267,304.604431152,True
110.30000000000001,-0.393,-0.075,-0.187,-0.51975245,-0.00980665,9.7085835,-6.76999998093,7.49601316452,14.5499992371,7.97387361526,33.8854637146,7.72014427185,6.2043261528,0.824969470501,98799.3652344,44.2799987793,304.604431152,True
110.4,-0.428,-0.025,-0.14,-0.4314926,0.26477955,8.7279185,-6.33999967575,7.49601316452,14.8399991989,7.97387361526,33.8854637146,7.49783468246,6.12812423706,0.910508573055,98799.0844727,44.3899993896,336.096099854,True
110.5,-0.606,-0.08,-0.087,0.10787315,0.2157463,11.0226746,-6.73999977112,7.49601316452,15.1899995804,7.97387361526,33.8854637146,7.34710693359,6.04017305374,0.778730332851,98801.2878418,44.5,336.096099854,True
110.60000000000001,-0.671,-0.12,-0.114,0.4903325,0.14709975,12.97419795,-6.39999961853,7.49601316452,15.279999733,7.97387361526,33.8854637146,7.24570226669,5.89715003967,0.510708332062,98802.2766113,44.6100006104,379.042053223,True
110.7,-0.518,-0.069,-0.108,0.69627215,-0.0588399,12.07198615,-5.98999977112,-3.93875527382,15.2899999619,9.69257831573,36.4420318604,7.18867349625,5.75827217102,0.359026223421,98805.8959961,44.7000007629,379.042053223,True
110.80000000000001,-0.293,0.064,-0.081,0.5099458,-0.2157463,11.0226746,-5.21000003815,-3.93875527382,15.3299999237,9.69257831573,36.4420318604,7.13355636597,5.56725168228,0.245581239462,98806.7138672,44.7599983215,414.70211792,True
110.9,-0.192,0.12,-0.08,0.3726527,-0.1569064,10.5519554,-4.31999969482,-3.93875527382,15.4200000763,9.69257831573,36.4420318604,7.08548736572,5.35116434097,0.283224642277,98802.8442383,44.8099975586,414.70211792,True
111.0,-0.144,0.201,-0.006,0.28439285,-0.0980665,9.0025047,-4.11999988556,-3.93875527382,15.7299995422,9.69257831573,36.4420318604,7.07731056213,5.27647829056,0.306033343077,98803.1555176,44.8499984741,438.189422607,True
111.10000000000001,-0.081,0.136,0.061,0.3530394,-0.16671305,10.30678915,-2.56999993324,-9.00688838959,15.8399991989,7.16183757782,37.539352417,7.06680870056,5.03630304337,0.379459381104,98805.065918,44.8999977112,438.189422607,True
111.2,-0.109,0.112,0.127,0.38245935,-0.00980665,9.77723005,-2.09999990463,-9.00688838959,16.0299987793,7.16183757782,37.539352417,7.09139299393,4.83083581924,0.409088224173,98803.6071777,44.9500007629,467.569732666,True
111.30000000000001,-0.082,0.074,0.182,0.40207265,-0.12748645,10.002783,-0.610000014305,-9.00688838959,16.0799999237,7.16183757782,37.539352417,7.11336278915,4.69940948486,0.433553725481,98806.9213867,45.0099983215,467.569732666,True
111.4,0.128,0.084,0.191,0.3138128,-0.0980665,9.9047165,-0.0499999970198,-9.00688838959,16.2600002289,7.16183757782,37.539352417,7.13916301727,4.53095197678,0.491547703743,98807.4401855,45.0599975586,491.855712891,True
111.5,0.163,0.056,0.23,0.2549729,0.08825985,9.81645665,0.269999980927,-9.45321178436,16.609998703,4.95175600052,34.5481262207,7.15912246704,4.380423069,0.561783015728,98808.9599609,45.1199989319,490.855682373,True
111.60000000000001,0.038,0.028,0.276,0.0392266,9.79990094681e-16,8.0022264,2.36999988556,-9.45321178436,16.6800003052,4.95175600052,34.5481262207,7.16219186783,4.23871326447,0.718684494495,98807.4829102,45.1899986267,504.61932373,True
111.7,-0.073,0.002,0.289,-0.1176798,0.0196133,8.5906254,2.75999999046,-9.45321178436,17.0900001526,4.95175600052,34.5481262207,7.15162706375,4.07357788086,0.989288151264,98808.7097168,45.2799987793,505.61932373,True
111.80000000000001,-0.077,-0.041,0.295,-0.04903325,0.0392266,8.3748791,4.21000003815,-9.45321178436,17.4499988556,4.95175600052,34.5481262207,7.1659989357,3.91957616806,1.12553417683,98811.6882324,45.3799972534,512.909484863,True
111.9,-0.157,-0.15,0.292,0.34323275,-0.02941995,9.6693569,5.25999975204,-9.97052001953,17.8099994659,3.82657599449,27.611158371,7.19487285614,3.78151011467,1.17438042164,98811.9873047,45.5099983215,511.909484863,True
112.0,-0.136,-0.147,0.301,0.4903325,0.196133,9.46341725,5.90999984741,-9.97052001953,18.2899990082,3.82657599449,27.611158371,7.24552822113,3.53728675842,1.24630653858,98813.9587402,45.6499977112,538.395141602,True
112.10000000000001,0.138,-0.108,0.278,0.57859235,0.2353596,9.9047165,8.32999992371,-9.97052001953,18.5,3.82657599449,27.611158371,7.28080558777,3.32661437988,1.29287946224,98816.4428711,45.7999992371,538.395141602,True
112.2,0.196,-0.085,0.253,0.4903325,0.3530394,10.05181625,9.30999946594,-9.96447563171,18.5299987793,5.17091846466,20.7645339966,7.29534292221,3.16369700432,1.36476242542,98816.5893555,45.9500007629,541.442993164,True
112.30000000000001,0.308,-0.046,0.22,0.48052585,0.16671305,9.218251,10.3400001526,-9.96447563171,18.5299987793,5.17091846466,20.7645339966,7.30423355103,2.98236107826,1.45144939423,98819.909668,46.0999984741,541.442993164,True
112.4,0.297,-0.041,0.209,0.57859235,0.3334261,9.26728425,11.0500001907,-9.96447563171,18.5200004578,5.17091846466,20.7645339966,7.3049454689,2.81072425842,1.48871994019,98820.1293945,46.2700004578,555.95300293,True
112.5,0.211,-0.035,0.199,0.588399,0.44129925,9.6693569,11.75,-9.96447563171,18.5200004578,5.17091846466,20.7645339966,7.30389881134,2.64503788948,1.52147722244,98822.4914551,46.4399986267,555.95300293,True
112.60000000000001,0.044,-0.041,0.174,0.57859235,0.8041453,9.40457735,12.4399995804,-9.96447563171,18.5200004578,5.17091846466,20.7645339966,7.29743099213,2.4485373497,1.62318241596,98823.9135742,46.6100006104,569.991882324,True
112.7,-0.104,-0.005,0.11,0.6276256,0.63743225,9.28689755,13.1399993896,-6.08462429047,18.5200004578,5.42974948883,15.6901483536,7.29888486862,2.31707906723,1.66766571999,98827.0507812,46.7899971008,569.991882324,True
112.80000000000001,-0.12,0.08,0.023,0.59820565,0.24516625,9.3163175,13.1499996185,-6.08462429047,18.5200004578,5.42974948883,15.6901483536,7.30031728745,2.24326562881,1.6855275631,98828.7658691,46.9799995422,587.170776367,True
112.9,-0.057,0.153,-0.005,0.53936575,0.1372931,8.87501825,14.6399993896,-6.08462429047,18.5299987793,5.42974948883,15.6901483536,7.29960632324,1.98225593567,1.89854252338,98829.7058105,47.1699981689,586.170776367,True
113.0,0.142,0.205,-0.071,0.2941995,0.38245935,7.87473995,15.3499994278,-7.77675676346,18.5200004578,3.6414077282,15.3076629639,7.30161952972,1.82763659954,2.17498803139,98831.9580078,47.3799972534,583.909423828,True
113.10000000000001,0.343,0.207,-0.079,0.18632635,0.1765197,7.83551335,15.9499998093,-7.77675676346,18.5200004578,3.6414077282,15.3076629639,7.29831838608,1.76819849014,2.35900759697,98834.1125488,47.6100006104,583.909423828,True
113.2,0.76,0.116,-0.071,0.32361945,-0.06864655,7.97280645,16.3099994659,-7.77675676346,18.5100002289,3.6414077282,15.3076629639,7.30681753159,1.73005616665,2.52157449722,98836.730957,47.8699989319,599.992736816,True
113.30000000000001,0.661,0.047,-5.7558399559900005e-18,0.14709975,0.04903325,8.05125965,16.4699993134,-0.41191765666,18.5200004578,0.819437086582,16.4816703796,7.29262924194,1.74784767628,2.68292474747,98841.3757324,48.1399993896,599.992736816,True
113.4,0.708,-0.046,0.028,0.4903325,0.0588399,10.18910935,16.359998703,-0.41191765666,18.5200004578,0.819437086582,16.4816703796,7.27832317352,1.83734095097,2.71577763557,98844.4885254,48.4300003052,598.818603516,True
113.5,0.621,-0.116,0.05,0.57859235,0.2745862,10.38524235,15.9499998093,-0.41191765666,18.5399990082,0.819437086582,16.4816703796,7.25395488739,1.97915518284,2.70955729485,98849.810791,48.7299995422,598.818603516,True
113.60000000000001,0.339,-0.224,0.077,0.7256921,0.4903325,10.9049948,15.2899999619,-0.41191765666,18.5499992371,0.819437086582,16.4816703796,7.20721817017,2.15255308151,2.65037512779,98855.6396484,49.0299987793,608.301757812,True
113.7,-0.007,-0.27,0.092,0.9218251,0.588399,11.0226746,14.4600000381,-0.41191765666,18.5499992371,0.819437086582,16.4816703796,7.15007686615,2.32385373116,2.57366967201,98855.5419922,49.3299980164,609.301757812,True
113.80000000000001,-0.155,-0.239,0.062,0.97085835,0.67665885,10.73828175,13.6499996185,12.5187616348,18.5399990082,4.62771892548,15.5349617004,7.07214403152,2.47129487991,2.519749403,98859.4604492,49.6100006104,603.906921387,True
113.9,-0.329,-0.077,-0.032,0.784532,0.8041453,10.0616229,12.9399995804,12.5187616348,18.5299987793,4.62771892548,15.5349617004,6.96937084198,2.59055542946,2.52216124535,98864.0441895,49.8899993896,603.906921387,True
114.0,-0.264,0.123,-0.061,0.7453054,0.69627215,9.9439431,12.3699998856,12.5187616348,18.5299987793,4.62771892548,15.5349617004,6.89273691177,2.66847658157,2.56000137329,98863.0126953,50.1699981689,604.559020996,True
114.10000000000001,-0.209,0.284,-0.085,0.61781895,0.57859235,9.40457735,11.9699993134,12.5187616348,18.5200004578,4.62771892548,15.5349617004,6.85297060013,2.69894266129,2.70811271667,98866.3513184,50.4500007629,603.559020996,True
114.2,-0.234,0.436,-0.145,0.51975245,0.59820565,7.83551335,11.7699995041,6.65429782867,18.5200004578,3.09764361382,16.4321422577,6.85475730896,2.71327733994,2.92720866203,98869.0551758,50.7399978638,610.564819336,True
114.30000000000001,-0.176,0.449,-0.223,0.59820565,0.0392266,7.54131385,11.6300001144,6.65429782867,18.5200004578,3.09764361382,16.4321422577,6.8850684166,2.72966480255,3.10224723816,98873.1140137,51.0399971008,610.564819336,True
114.4,-0.123,0.315,-0.185,0.4707192,0.55897905,8.71811185,11.4799995422,6.65429782867,18.5200004578,3.09764361382,16.4321422577,6.95224428177,2.75355029106,3.2583937645,98874.4140625,51.3699989319,610.357543945,True
114.5,-0.008,0.236,-0.169,0.3530394,0.7649187,8.09048625,11.4299993515,6.65429782867,18.5200004578,3.09764361382,16.4321422577,7.04370689392,2.79135966301,3.50477600098,98882.421875,51.719997406,611.35760498,True
114.60000000000001,-0.032,0.175,-0.209,0.4707192,0.71588545,8.4533323,11.3400001526,3.7637526989,18.5200004578,-5.17267131805,20.3076000214,7.13300275803,2.81525206566,3.64060401917,98883.5754395,52.0799980164,596.726135254,True
114.7,-0.085,0.106,-0.185,0.392266,0.2549729,8.4533323,11.1999998093,3.7637526989,18.5100002289,-5.17267131805,20.3076000214,7.24172306061,2.86751389503,3.7917239666,98887.8356934,52.469997406,595.726135254,True
114.80000000000001,-0.082,-0.055,-0.168,0.588399,0.36284605,9.07115125,11.0599994659,3.7637526989,18.5100002289,-5.17267131805,20.3076000214,7.40025949478,2.93753027916,3.8658850193,98893.0908203,52.8699989319,583.633911133,True
114.9,0.22,-0.154,-0.196,0.6080123,0.34323275,9.58109705,10.9200000763,2.58064222336,18.5200004578,-5.52205753326,24.2385959625,7.51695013046,3.0117855072,3.90391087532,98899.9511719,53.2799987793,582.633850098,True
115.0,0.357,-0.151,-0.156,0.7453054,-0.1765197,9.8262633,10.6599998474,2.58064222336,18.5200004578,-5.52205753326,24.2385959625,7.60031700134,3.09451270103,3.88905215263,98903.1982422,53.6899986267,561.130493164,True
115.10000000000001,0.336,-0.079,-0.073,0.63743225,0.0784532,10.7284751,10.2699995041,2.58064222336,18.5200004578,-5.52205753326,24.2385959625,7.67969465256,3.20944857597,3.86220407486,98906.7077637,54.1100006104,561.130493164,True
115.2,0.299,0.049,-0.016,0.6276256,0.588399,9.99297635,9.67000007629,2.58064222336,18.5299987793,-5.52205753326,24.2385959625,7.74488735199,3.35803580284,3.82259535789,98911.3464355,54.5200004578,529.040527344,True
115.30000000000001,0.168,0.154,-0.038,0.38245935,0.5491724,10.11065615,9.67000007629,2.58064222336,18.5299987793,-5.52205753326,24.2385959625,7.77160835266,3.39977264404,3.84265851974,98916.2719727,54.5200004578,529.040527344,True
115.4,0.181,0.268,-0.001,0.4707192,0.18632635,8.95347145,8.11999988556,9.00648021698,18.5399990082,-5.11681318283,25.6210594177,7.89731168747,3.70027160645,3.93993616104,98917.6757812,55.3299980164,508.754150391,True
115.5,0.077,0.336,-0.045,0.51975245,0.2745862,9.58109705,7.27999973297,9.00648021698,18.5399990082,-5.11681318283,25.6210594177,7.96441650391,3.83709287643,4.05159473419,98921.7529297,55.7399978638,508.754150391,True
115.60000000000001,0.003,0.157,-0.074,0.3726527,-0.04903325,8.433719,6.3799996376,10.8903303146,18.5399990082,-9.09821224213,25.467546463,8.0584936142,4.0248374939,4.17221164703,98928.5888672,56.1599998474,482.243347168,True
115.7,-0.144,-0.082,-0.056,0.36284605,0.392266,9.8458766,5.31999969482,10.8903303146,18.5399990082,-9.09821224213,25.467546463,8.16597080231,4.24353790283,4.20164680481,98934.6618652,56.5900001526,482.243347168,True
115.80000000000001,-0.332,-0.244,-0.041,0.59820565,-0.08825985,11.01286795,4.17999982834,10.8903303146,18.5299987793,-9.09821224213,25.467546463,8.28562927246,4.47216272354,4.12941503525,98939.9108887,57.0299987793,456.271453857,True
115.9,-0.339,-0.42,-0.05,0.95124505,-0.1176798,12.1994726,3.05999994278,7.39964675903,18.5200004578,-7.43083667755,26.618303299,8.43365287781,4.70333528519,3.90218114853,98946.7163086,57.4599990845,457.271484375,True
116.0,-0.103,-0.409,-0.038,0.9022118,0.16671305,12.67999845,2.0,7.39964675903,18.5200004578,-7.43083667755,26.618303299,8.51190662384,4.85562515259,3.658680439,98951.8554688,57.8799972534,430.972015381,True
116.10000000000001,0.056,-0.231,-0.012,0.67665885,0.2353596,11.71894675,1.12000000477,7.39964675903,18.5200004578,-7.43083667755,26.618303299,8.55171298981,4.97339344025,3.52191400528,98955.3710938,58.2700004578,431.972015381,True
116.2,0.034,0.105,0.103,0.85317855,0.392266,11.22861425,0.209999993443,5.63200855255,18.5200004578,-2.11642289162,27.4637756348,8.58805656433,5.05867862701,3.44781184196,98957.9772949,58.6399993896,388.711730957,True
116.30000000000001,-0.043,-0.013,0.137,0.75511205,0.4314926,11.50320045,-0.52999997139,5.63200855255,18.5200004578,-2.11642289162,27.4637756348,8.64436626434,5.15394496918,3.33648610115,98961.8469238,59.0,388.711730957,True
116.4,-0.124,0.058,0.083,0.53936575,0.4707192,10.7480884,-1.17999994755,5.63200855255,18.5200004578,-2.11642289162,27.4637756348,8.72330856323,5.22842121124,3.21953606606,98964.6240234,59.3499984741,364.719390869,True
