t,p,q,r,ax,ay,az,roll_k,roll,pitch_k,pitch,yaw,vn,ve,vd,basinc,alt_hata,hiz_hata,ariza
0.1,1.096,-0.242,0.064,-1.5102241,0.18632635,16.0436794,44.8400001526,-13.5468463898,-6.28999996185,-7.14274072647,-84.1689682007,4.72900438309,-22.4729881287,0.98904889822,96871.6064453,1.62999999523,-700.578125,False
0.2,0.886,-0.241,0.05,-1.55925735,0.2941995,15.9848395,44.8799972534,-13.5468463898,-4.63999986649,-7.14274072647,-84.1689682007,5.03311729431,-22.2871246338,0.237945780158,96869.2565918,1.57999992371,-710.609619141,False
0.30000000000000004,0.574,-0.234,0.001,-1.6475172,0.69627215,14.81784815,44.8799972534,16.0395507812,-1.33999991417,-0.723178267479,-85.4593734741,5.57072162628,-21.9359760284,-0.542669653893,96868.4997559,1.24000000954,-715.00604248,False
0.4,0.492,-0.2,-0.145,-1.6082906,0.7060788,13.38607725,44.8699989319,16.0395507812,0.280000001192,-0.723178267479,-85.4593734741,6.00422239304,-21.6459999084,-0.89944845438,96866.394043,0.989999949932,-702.645141602,False
0.5,0.373,-0.201,-0.236,-1.79461695,1.0002783,11.4149406,44.8600006104,16.0395507812,0.310000002384,-0.723178267479,-85.4593734741,6.35978317261,-21.3863620758,-1.09751558304,96861.3891602,0.989999949932,-702.645141602,False
0.6000000000000001,0.325,-0.223,-0.278,-1.6082906,0.85317855,11.9837263,42.1599998474,25.5312290192,-1.54999995232,1.88362193108,-82.6727523804,6.7674870491,-21.1243000031,-1.22502112389,96861.3891602,0.389999985695,-658.668518066,False
0.7000000000000001,0.09,-0.217,-0.279,-1.4709975,-0.10787315,11.97391965,40.3099975586,25.5312290192,0.0999999940395,1.88362193108,-82.6727523804,7.39461755753,-20.6897468567,-1.40452075005,96859.0454102,0.070000000298,-632.218933105,False
0.8,0.317,-0.204,-0.289,-1.42196425,-0.392266,12.13082605,38.3099975586,25.5312290192,1.81999993324,1.88362193108,-82.6727523804,8.04901695251,-20.250169754,-1.51804256439,96856.4819336,-0.239999994636,-606.957641602,False
0.9,0.351,-0.199,-0.273,-1.372931,-0.5295591,11.36590735,36.0900001526,32.331829071,1.06999993324,3.21731877327,-75.3615341187,8.70897197723,-19.7715778351,-1.49593067169,96851.4038086,-0.550000011921,-564.030822754,False
1.0,-0.01,-0.163,-0.157,-1.34351105,0.34323275,10.0812362,33.8999977112,32.331829071,-0.439999997616,3.21731877327,-75.3615341187,9.10300922394,-19.4683895111,-1.40025675297,96849.6276855,-0.849999964237,-520.764160156,False
1.1,0.118,-0.184,-0.111,-1.2552512,0.20593965,10.95402805,31.3999996185,32.331829071,-1.97999989986,3.21731877327,-75.3615341187,9.78289031982,-18.9311676025,-1.36272454262,96844.2138672,-1.12000000477,-493.439880371,False
1.2000000000000002,0.074,-0.187,-0.044,-1.14737805,-0.65704555,12.05237285,28.3699989319,34.386844635,-3.56999993324,4.4009552002,-71.7169723511,10.2865524292,-18.5558738708,-1.40262424946,96846.8261719,-1.38999998569,-474.993896484,False
1.3,-0.145,-0.164,-0.007,-1.08853815,0.53936575,12.42502555,25.2399997711,34.386844635,-5.06999969482,4.4009552002,-71.7169723511,10.5141773224,-18.3531646729,-1.43823683262,96843.0114746,-1.64999997616,-469.9296875,False
1.4000000000000001,-0.365,-0.073,-0.026,-1.2552512,-0.32361945,12.1210194,22.0100002289,34.386844635,-6.58999967575,4.4009552002,-71.7169723511,11.4892978668,-17.4564704895,-1.59252107143,96838.092041,-1.91999995708,-472.049530029,False
1.5,-0.235,-0.107,-0.056,-1.0591182,0.2549729,13.2782041,18.7099990845,34.386844635,-7.73000001907,4.4009552002,-71.7169723511,11.9882030487,-16.9492454529,-1.73183429241,96836.1938477,-2.20000004768,-465.744598389,False
1.6,-0.172,-0.029,-0.089,-1.0198916,0.24516625,11.15016105,18.7199993134,34.386844635,-7.75,4.4009552002,-71.7169723511,12.2068967819,-16.6961116791,-1.72014796734,96836.1938477,-2.20000004768,-465.744598389,False
1.7000000000000002,-0.135,0.047,-0.168,-1.12776475,0.2549729,8.85540495,15.8800001144,29.4934234619,-9.06999969482,6.15081548691,-69.029838562,12.537314415,-16.2143173218,-1.54138469696,96833.2214355,-2.49000000954,-442.746551514,False
1.8,-0.327,0.081,-0.194,-1.12776475,0.28439285,8.11009955,13.5199995041,29.4934234619,-10.5100002289,6.15081548691,-69.029838562,12.7109527588,-15.9389505386,-1.35217475891,96828.7414551,-2.76999998093,-402.709381104,False
1.9000000000000001,-0.394,0.084,-0.229,-1.01008495,0.57859235,8.9632781,9.71000003815,29.4934234619,-13.2199993134,6.15081548691,-69.029838562,12.925236702,-15.5306997299,-1.12014174461,96827.5817871,-3.26999998093,-338.665405273,False
2.0,-0.423,0.152,-0.25,-1.0591182,0.77472535,6.9234949,9.71999931335,29.4934234619,-13.2399997711,6.15081548691,-69.029838562,12.9601249695,-15.4274311066,-1.00065529346,96829.4433594,-3.26999998093,-338.665405273,False
2.1,-0.531,0.177,-0.3,-1.0591182,0.0588399,7.3942141,7.17000007629,20.1842155457,-16.1199989319,1.17646002769,-64.8902130127,13.093372345,-15.017663002,-0.504359960556,96821.3256836,-3.62999987602,-259.958251953,False
2.2,-0.428,0.209,-0.295,-0.9414384,0.1176798,6.30567595,6.19999980927,20.1842155457,-17.5299987793,1.17646002769,-64.8902130127,13.1499938965,-14.7776451111,-0.0713867470622,96826.4587402,-3.75999999046,-219.059936523,False
2.3000000000000003,-0.267,0.232,-0.287,-1.0002783,-0.0392266,6.2370294,5.40999984741,20.1842155457,-17.5499992371,1.17646002769,-64.8902130127,13.1532039642,-14.6621780396,0.147295221686,96818.2800293,-3.75999999046,-219.059936523,False
2.4000000000000004,-0.223,0.206,-0.247,-1.06892485,-0.392266,7.0215614,5.40000009537,20.1842155457,-18.8799991608,1.17646002769,-64.8902130127,13.1927509308,-14.4599933624,0.563443779945,96821.7773438,-3.83999991417,-194.395446777,False
2.5,-0.259,0.238,-0.169,-1.20621795,-0.06864655,5.4328841,4.13000011444,13.2571210861,-21.1499996185,-4.54840803146,-60.6198959351,13.1725664139,-14.2869729996,1.06618213654,96821.697998,-3.87999987602,-160.615539551,False
2.6,-0.203,0.183,-0.103,-1.02969825,0.04903325,7.12943455,3.6899998188,13.2571210861,-22.1199989319,-4.54840803146,-60.6198959351,13.1725664139,-14.2869729996,1.06618213654,96823.6755371,-3.82999992371,-147.459594727,False
2.7,-0.031,0.192,-0.093,-1.04931155,8.38275840794e-16,6.8450417,3.25,13.2571210861,-22.8799991608,-4.54840803146,-60.6198959351,13.1698617935,-14.0784988403,1.67310512066,96823.6755371,-3.75,-146.275909424,False
2.8000000000000003,-0.021,0.16,-0.053,-1.12776475,0.0392266,7.14904785,3.01999998093,13.2571210861,-23.4399986267,-4.54840803146,-60.6198959351,13.1762552261,-14.0213003159,1.93591153622,96823.6999512,-3.62999987602,-144.416809082,False
2.9000000000000004,-0.166,0.164,-0.069,-1.08853815,0.22555295,7.649187,3.01999998093,13.2571210861,-23.4499988556,-4.54840803146,-60.6198959351,13.1694364548,-14.0020437241,2.02563333511,96826.9897461,-3.62999987602,-144.416809082,False
3.0,-0.23,0.21,-0.092,-0.93163175,0.7453054,7.9629998,2.80999994278,8.4305562973,-24.2699985504,-10.3344898224,-58.4214096069,13.1675138474,-13.9898853302,2.16459488869,96825.6225586,-3.31999993324,-139.335632324,False
3.1,0.073,0.201,-0.192,-1.20621795,0.22555295,7.73744685,2.83999991417,8.4305562973,-24.5299987793,-10.3344898224,-58.4214096069,13.1580905914,-13.9838142395,2.58010458946,96828.2409668,-3.12999987602,-140.833099365,False
3.2,-0.179,0.217,-0.202,-1.08853815,0.4118793,7.0215614,2.82999992371,8.4305562973,-24.5299987793,-10.3344898224,-58.4214096069,13.1701059341,-13.9911518097,2.71675610542,96832.8979492,-3.12999987602,-140.833099365,False
3.3000000000000003,-0.117,0.224,-0.202,-1.14737805,0.38245935,6.63910205,2.75999999046,8.4305562973,-24.5499992371,-10.3344898224,-58.4214096069,13.1865406036,-14.000213623,3.03181695938,96836.8652344,-2.67999982834,-159.437561035,False
3.4000000000000004,-0.041,0.191,-0.188,-1.26505785,7.5300709481e-16,6.14876955,2.75,4.58817625046,-24.4699993134,-16.4739627838,-53.9340782166,13.1879959106,-13.9965543747,3.52117657661,96842.5231934,-2.40999984741,-156.7237854,False
3.5,0.049,0.157,-0.157,-1.2356379,0.0784532,4.9621649,2.72000002861,4.58817625046,-24.3400001526,-16.4739627838,-53.9340782166,13.198638916,-13.9919176102,3.91195845604,96846.2158203,-2.08999991417,-152.702331543,False
3.6,-0.016,0.08,-0.073,-1.176798,-0.0784532,6.8842683,2.59999990463,4.58817625046,-24.3400001526,-16.4739627838,-53.9340782166,13.2136249542,-14.0057525635,4.03840398788,96846.2158203,-2.08999991417,-152.702331543,False
3.7,-0.145,0.07,-0.03,-1.24544455,-0.392266,7.93357985,2.59999990463,4.58817625046,-24.1899986267,-16.4739627838,-53.9340782166,13.2924365997,-14.0522651672,4.25242424011,96851.2878418,-1.73000001907,-159.168243408,False
3.8000000000000003,-0.088,0.107,0.016,-1.36312435,-0.48052585,6.4331624,2.50999999046,3.02029657364,-24.0299987793,-18.9278755188,-52.0210990906,13.3380155563,-14.0718374252,4.49873256683,96853.1433105,-1.33999991417,-164.324951172,False
3.9000000000000004,-0.082,0.088,0.081,-1.1964113,0.1372931,8.5317855,2.44000005722,3.02029657364,-23.8500003815,-18.9278755188,-52.0210990906,13.4512681961,-14.1849355698,4.71754741669,96863.7573242,-0.919999957085,-173.376647949,False
4.0,0.056,0.048,0.104,-1.2356379,-0.0196133,8.3356525,2.41999983788,3.02029657364,-23.5,-18.9278755188,-52.0210990906,13.510137558,-14.2608995438,4.84074878693,96868.2495117,-0.479999989271,-198.331634521,False
4.1000000000000005,0.013,0.066,0.086,-1.34351105,0.30400615,7.83551335,2.67999982834,3.21324634552,-22.9300003052,-20.1249809265,-53.5625419617,13.5851163864,-14.4092493057,5.07074689865,96872.8271484,0.42999997735,-212.203216553,False
4.2,-0.079,0.045,0.05,-1.2748645,0.50013915,8.4925589,2.86999988556,3.21324634552,-22.5399990082,-20.1249809265,-53.5625419617,13.6641025543,-14.5334739685,5.16189289093,96875.6591797,0.909999966621,-236.092758179,False
4.3,-0.077,0.061,0.006,-1.2944778,0.67665885,8.6690786,3.06999993324,3.21324634552,-22.0799999237,-20.1249809265,-53.5625419617,13.7296886444,-14.6702890396,5.24370479584,96884.1247559,1.40999996662,-254.898651123,False
4.4,-0.032,-6.858022075230001e-18,-0.056,-1.38273765,-0.0980665,9.1005712,3.25,3.21324634552,-21.5699996948,-20.1249809265,-53.5625419617,13.8332309723,-14.8319740295,5.36013317108,96892.755127,1.90999996662,-271.795837402,False
4.5,0.09,-0.015,-0.077,-1.34351105,-0.2549729,9.03192465,3.33999991417,3.21324634552,-21.1800003052,-20.1249809265,-53.5625419617,13.8541755676,-14.8543481827,5.37487030029,96896.9604492,2.41999983788,-272.718231201,False
4.6000000000000005,0.289,0.01,-0.048,-1.2356379,0.02941995,9.03192465,3.29999995232,2.71482014656,-20.9099998474,-21.0245628357,-53.1277160645,14.0417232513,-15.0238847733,5.54549026489,96900.0061035,2.95000004768,-274.735839844,False
4.7,0.394,0.03,-0.001,-1.2160246,-0.20593965,9.62032365,3.01999998093,2.71482014656,-20.609998703,-21.0245628357,-53.1277160645,14.1496515274,-15.0802841187,5.55535745621,96908.9660645,3.48000001907,-283.096130371,False
4.800000000000001,0.355,0.025,0.054,-1.28467115,-0.36284605,9.7674234,2.50999999046,2.71482014656,-20.4399986267,-21.0245628357,-53.1277160645,14.4701299667,-15.1931324005,5.55184936523,96912.3168945,4.00999975204,-287.627807617,False
4.9,0.126,-0.022,0.173,-1.2356379,-0.1569064,10.002783,1.93999993801,7.86098241806,-19.9300003052,-21.1839828491,-53.484375,14.6972112656,-15.2600107193,5.55322599411,96920.0866699,4.53999996185,-299.201385498,False
5.0,0.048,-0.042,0.204,-1.40235095,-0.1176798,9.67916355,1.42999994755,7.86098241806,-19.0100002289,-21.1839828491,-53.484375,14.9328107834,-15.3344526291,5.61852169037,96924.420166,5.06999969482,-313.907440186,False
5.1000000000000005,-0.152,-0.022,0.192,-1.55925735,-0.16671305,9.03192465,1.42999994755,7.86098241806,-19.0100002289,-21.1839828491,-53.484375,15.034368515,-15.3568058014,5.67771911621,96940.7653809,5.06999969482,-313.907440186,False
5.2,0.017,-0.08,0.155,-1.4513842,1.28383506276e-15,10.48330885,0.629999995232,7.86098241806,-17.1399993896,-21.1839828491,-53.484375,15.2927570343,-15.4806556702,5.66618347168,96940.7653809,6.15000009537,-336.318603516,False
5.300000000000001,-0.213,-0.057,0.112,-1.4906108,0.24516625,9.3163175,0.359999984503,8.55795860291,-16.2600002289,-19.3597297668,-58.0268630981,15.3634576797,-15.5150747299,5.63381433487,96944.909668,6.69000005722,-344.91998291,False
5.4,-0.285,-0.083,0.043,-1.50041745,-0.0196133,10.2969825,0.359999984503,8.55795860291,-16.2600002289,-19.3597297668,-58.0268630981,15.4932432175,-15.5932264328,5.65852689743,96953.6071777,6.69000005722,-344.91998291,False
5.5,-0.259,-0.051,0.008,-1.5494507,0.1765197,8.58081875,0.199999988079,8.55795860291,-15.4799995422,-19.3597297668,-58.0268630981,15.5873422623,-15.7013473511,5.79514551163,96958.7036133,7.77999973297,-352.52456665,False
5.6000000000000005,-0.131,-0.089,-0.07,-1.40235095,0.46091255,10.2773692,0.34999999404,8.55795860291,-13.9099998474,-19.3597297668,-58.0268630981,15.6843566895,-15.8263568878,5.7251701355,96965.802002,8.32999992371,-362.311157227,False
5.7,-0.227,-0.02,-0.121,-1.52003075,0.10787315,9.7085835,0.5,8.55795860291,-13.1599998474,-19.3597297668,-58.0268630981,15.7408542633,-15.9169483185,5.69093370438,96980.6091309,8.88000011444,-368.341247559,False
5.800000000000001,-0.28,-0.081,-0.143,-1.52003075,-0.1372931,11.6699135,0.699999988079,1.09027290344,-12.3199996948,-17.7030391693,-56.3050460815,15.8265256882,-16.0613555908,5.59502506256,96980.6091309,9.4299993515,-392.558105469,False
5.9,0.048,-0.113,-0.138,-1.4513842,0.28439285,9.6301303,0.699999988079,1.09027290344,-12.3199996948,-17.7030391693,-56.3050460815,15.8664503098,-16.1365566254,5.57267713547,96985.6872559,9.4299993515,-392.558105469,False
6.0,-0.161,-0.167,-0.084,-1.44157755,-0.12748645,13.1016844,0.849999964237,1.09027290344,-11.4899997711,-17.7030391693,-56.3050460815,15.9648866653,-16.271320343,5.30857992172,96994.7143555,10.5,-437.345703125,False
6.1000000000000005,0.115,-0.139,0.015,-1.6279039,0.06864655,11.26784085,1.13999998569,1.09027290344,-9.64999961853,-17.7030391693,-56.3050460815,16.0398902893,-16.3792667389,5.10143995285,97004.3823242,11.0,-459.730895996,False
6.2,0.061,-0.109,0.039,-1.83384355,0.08825985,8.46313895,1.20999991894,0.359219431877,-8.86999988556,-15.6151533127,-54.5777587891,16.0480499268,-16.417842865,5.12417840958,97004.3823242,11.5,-469.446380615,False
6.300000000000001,0.089,-0.178,0.041,-1.7259704,-0.392266,11.6699135,2.02999997139,0.359219431877,-8.07999992371,-15.6151533127,-54.5777587891,16.1106281281,-16.4927024841,4.85911083221,97010.3881836,11.9899997711,-479.160888672,False
6.4,0.147,-0.223,0.054,-1.5886773,-0.06864655,14.20983585,2.69000005722,0.359219431877,-7.17999982834,-15.6151533127,-54.5777587891,16.2111988068,-16.5729141235,4.41619634628,97018.1945801,12.4499998093,-506.877716064,False
6.5,-0.014,-0.183,0.062,-1.48080415,-0.0392266,13.75872995,2.70000004768,0.359219431877,-6.38999986649,-15.6151533127,-54.5777587891,16.2492446899,-16.6220970154,4.10817337036,97024.2492676,12.8800001144,-527.505859375,False
6.6000000000000005,-0.009,-0.162,0.076,-1.65732385,-0.588399,10.9246081,3.37999987602,1.28858864307,-5.82999992371,-11.6239624023,-55.6344947815,16.2928409576,-16.6347484589,3.80241465569,97028.0212402,13.279999733,-534.147827148,False
6.7,0.002,-0.193,0.12,-1.59848395,0.0392266,14.2000292,3.37999987602,1.28858864307,-5.82999992371,-11.6239624023,-55.6344947815,16.3022594452,-16.6478023529,3.62300729752,97035.3210449,13.279999733,-534.147827148,False
6.800000000000001,-0.107,-0.19,0.122,-1.48080415,0.3726527,12.66038515,7.63999986649,1.28858864307,-4.61999988556,-11.6239624023,-55.6344947815,16.2919387817,-16.6823768616,3.03846311569,97039.9108887,13.9600000381,-562.371643066,False
6.9,-0.003,-0.166,0.078,-1.6279039,-0.2549729,13.9646696,7.69999980927,1.28858864307,-4.21999979019,-11.6239624023,-55.6344947815,16.2847270966,-16.6648082733,2.7401778698,97044.5983887,14.25,-572.482299805,False
7.0,0.074,-0.146,0.049,-1.53964405,0.65704555,12.50347875,9.72999954224,1.01568984985,-3.90999984741,-7.0621342659,-57.8956832886,16.2420711517,-16.6455955505,2.4436070919,97047.253418,14.5,-565.882873535,False
7.1000000000000005,0.08,-0.121,0.013,-1.55925735,0.0392266,12.50347875,9.63000011444,1.01568984985,-3.77999997139,-7.0621342659,-57.8956832886,16.2109718323,-16.5904483795,2.14840888977,97049.420166,14.7299995422,-560.641296387,False
7.2,0.12,-0.145,0.004,-1.569064,0.40207265,12.46425215,9.59000015259,1.01568984985,-3.63999986649,-7.0621342659,-57.8956832886,16.1717948914,-16.5291042328,1.86651873589,97050.4516602,14.9299993515,-554.935668945,False
7.300000000000001,0.083,-0.114,-0.017,-1.5298374,0.0588399,11.6503002,9.5999994278,1.01568984985,-3.63999986649,-7.0621342659,-57.8956832886,16.1600875854,-16.4717235565,1.73049926758,97057.1166992,14.9299993515,-554.935668945,False
7.4,0.21,-0.132,-0.017,-1.569064,1.50000934835e-15,12.24850585,19.4399986267,3.26626873016,-3.72000002861,-4.12699174881,-57.7873153687,16.1254730225,-16.3044433594,1.38413333893,97053.2470703,15.25,-534.819580078,False
7.5,0.306,-0.087,-0.028,-1.44157755,0.12748645,11.3364874,19.4499988556,3.26626873016,-3.70999979973,-4.12699174881,-57.7873153687,16.1123943329,-16.2254581451,1.25584697723,97058.5754395,15.3800001144,-528.137207031,False
7.6000000000000005,0.338,-0.064,-0.046,-1.46119085,-0.2353596,11.964113,19.0,3.26626873016,-3.77999997139,-4.12699174881,-57.7873153687,16.1243152618,-16.1352958679,1.09507954121,97059.6557617,15.3800001144,-528.137207031,False
7.7,0.258,-0.082,-0.04,-1.38273765,0.5491724,11.2384209,20.6499996185,3.26626873016,-4.11999988556,-4.12699174881,-57.7873153687,16.1759033203,-15.8888845444,0.857500910759,97059.6557617,15.5699996948,-501.90447998,False
7.800000000000001,0.193,-0.047,-0.045,-1.48080415,-0.22555295,10.6696352,20.6499996185,3.26626873016,-4.11999988556,-4.12699174881,-57.7873153687,16.2333278656,-15.6889638901,0.770213127136,97058.8806152,15.6399993896,-488.363830566,False
7.9,0.238,-0.079,-0.041,-1.4906108,0.2157463,11.52281375,31.2600002289,10.0160331726,-4.61000013351,-2.3190612793,-56.4843215942,16.3302955627,-15.3803520203,0.622458457947,97062.7685547,15.6999998093,-486.7109375,False
8.0,0.302,-0.033,-0.078,-1.3925443,0.7649187,9.62032365,40.5200004578,10.0160331726,-4.05999994278,-2.3190612793,-56.4843215942,16.3979282379,-15.1618080139,0.609843552113,97064.1723633,15.75,-473.77243042,False
8.1,0.537,-0.036,-0.142,-1.30428445,0.67665885,9.5124505,40.5200004578,10.0160331726,-4.05999994278,-2.3190612793,-56.4843215942,16.3979282379,-15.1618080139,0.609843552113,97064.8498535,15.75,-473.77243042,False
8.200000000000001,0.611,-0.024,-0.165,-1.48080415,0.0196133,9.8851032,44.8499984741,10.0160331726,-5.59999990463,-2.3190612793,-56.4843215942,16.5772151947,-14.7453718185,0.657122731209,97064.8498535,15.8099994659,-459.275146484,False
8.3,0.605,-0.048,-0.186,-1.3337044,0.73549875,9.9047165,44.8499984741,20.4379234314,-5.15999984741,-2.29203891754,-53.3875656128,16.8407363892,-14.3110599518,0.698862671852,97067.3522949,15.9399995804,-425.417907715,False
8.4,0.615,-0.01,-0.222,-1.38273765,0.16671305,9.22805765,44.8299980164,20.4379234314,-5.2999997139,-2.29203891754,-53.3875656128,17.0111904144,-14.0568561554,0.783667504787,97064.5202637,16.0200004578,-405.316925049,False
8.5,0.509,-0.039,-0.229,-1.40235095,0.0196133,9.5124505,44.8199996948,20.4379234314,-5.44999980927,-2.29203891754,-53.3875656128,17.2237644196,-13.750330925,0.867128431797,97064.1235352,16.109998703,-391.125488281,False
8.6,0.455,-0.084,-0.213,-1.40235095,0.0784532,10.18910935,44.8099975586,20.4379234314,-5.44999980927,-2.29203891754,-53.3875656128,17.6503200531,-13.1808576584,1.02172315121,97062.6831055,16.1999988556,-391.321960449,False
8.700000000000001,0.47,-0.092,-0.188,-1.2552512,0.4118793,9.97336305,44.7999992371,33.5984039307,-5.40999984741,-3.6060628891,-47.9283103943,17.9168491364,-12.8092489243,1.13443291187,97065.9484863,16.3099994659,-378.906433105,False
8.8,0.403,-0.106,-0.173,-1.2356379,0.6276256,9.26728425,44.7999992371,33.5984039307,-5.34999990463,-3.6060628891,-47.9283103943,18.2299442291,-12.3738689423,1.31265735626,97064.0808105,16.4300003052,-370.173065186,False
8.9,0.251,-0.121,-0.214,-1.34351105,0.3530394,9.36535075,44.7799987793,33.5984039307,-5.32999992371,-3.6060628891,-47.9283103943,18.4697132111,-12.020819664,1.48781704903,97069.2810059,16.5699996948,-352.870361328,False
9.0,0.155,-0.092,-0.241,-1.1964113,0.83356525,8.825985,44.7599983215,33.5984039307,-5.31999969482,-3.6060628891,-47.9283103943,18.8425559998,-11.470500946,1.74512445927,97069.2810059,16.7299995422,-340.909179688,False
9.1,0.129,-0.093,-0.295,-1.24544455,0.6864655,8.73772515,44.7299995422,38.6230773926,-5.17000007629,-4.49245786667,-43.8087501526,18.9677619934,-11.2761621475,1.84068822861,97069.2871094,16.9099998474,-342.63494873,False
9.200000000000001,0.081,-0.119,-0.346,-1.28467115,0.55897905,10.0812362,44.6899986267,38.6230773926,-4.86999988556,-4.49245786667,-43.8087501526,19.5038585663,-10.4629364014,2.10865569115,97073.7182617,17.109998703,-349.749755859,False
9.3,0.124,-0.144,-0.361,-1.32389775,1.30184958656e-15,10.6304086,44.6399993896,38.6230773926,-4.46999979019,-4.49245786667,-43.8087501526,19.8536682129,-9.90143108368,2.27714776993,97072.2717285,17.3299999237,-353.217498779,False
9.4,0.15,-0.146,-0.358,-1.3925443,0.00980665,10.1596894,44.6199989319,38.6230773926,-4.46000003815,-4.49245786667,-43.8087501526,19.9964523315,-9.66062641144,2.34750556946,97073.8037109,17.3299999237,-353.217498779,False
9.5,0.202,-0.171,-0.337,-1.3337044,0.2745862,9.67916355,44.5399971008,41.6299514771,-3.53999996185,-7.27454662323,-33.9225730896,20.5811920166,-8.61427783966,2.70442199707,97081.0119629,17.8199996948,-354.759033203,False
9.600000000000001,0.238,-0.233,-0.32,-1.3533177,0.0784532,10.2773692,44.5399971008,41.6299514771,-3.53999996185,-7.27454662323,-33.9225730896,20.6457767487,-8.48802852631,2.74501276016,97079.9682617,17.8199996948,-354.759033203,False
9.700000000000001,0.092,-0.23,-0.301,-1.3140911,0.22555295,10.54214875,44.5099983215,41.6299514771,-2.6099998951,-7.27454662323,-33.9225730896,21.2166366577,-7.33348035812,3.08566236496,97084.6801758,18.3899993896,-346.988494873,False
9.8,0.142,-0.279,-0.292,-1.24544455,0.196133,11.0619012,44.5,41.6299514771,-2.58999991417,-7.27454662323,-33.9225730896,21.4631500244,-6.79280948639,3.21477794647,97085.9680176,18.3899993896,-346.988494873,False
9.9,0.165,-0.302,-0.306,-1.2356379,0.2353596,11.1599677,44.4899978638,41.6299514771,-1.75,-7.27454662323,-33.9225730896,21.7579212189,-6.06892967224,3.37389993668,97089.0319824,19.0399990082,-345.258911133,False
10.0,0.118,-0.291,-0.313,-1.24544455,0.10787315,11.6306869,44.4899978638,44.4460411072,-1.74000000954,-7.92524766922,-24.2283000946,21.8760356903,-5.77422332764,3.42675256729,97093.7683105,19.0399990082,-345.258911133,False
10.100000000000001,0.034,-0.314,-0.33,-1.20621795,0.1372931,12.01314625,44.4899978638,44.4460411072,-1.27999997139,-7.92524766922,-24.2283000946,22.1438961029,-5.01674985886,3.55752921104,97095.4223633,19.3799991608,-350.445373535,False
10.200000000000001,-0.027,-0.325,-0.352,-1.1964113,0.1569064,12.3759923,44.469997406,44.4460411072,-0.409999996424,-7.92524766922,-24.2283000946,22.388130188,-4.2291841507,3.66192650795,97100.6530762,20.1000003815,-348.574249268,False
10.3,-0.021,-0.354,-0.356,-1.14737805,0.3138128,12.6505785,44.4599990845,43.9209480286,0.0799999982119,-8.10558891296,-15.213640213,22.692445755,-3.04621171951,3.73326778412,97104.8095703,20.4699993134,-359.86920166,False
10.4,0.02,-0.351,-0.373,-1.22583125,0.196133,11.964113,44.4500007629,43.9209480286,0.560000002384,-8.10558891296,-15.213640213,22.8884277344,-1.91963207722,3.84795212746,97107.8735352,20.8500003815,-371.569244385,False
10.5,-0.052,-0.362,-0.363,-1.2748645,0.04903325,12.8074849,44.4599990845,43.9209480286,1.10000002384,-8.10558891296,-15.213640213,22.9625473022,-1.22844707966,3.86803150177,97111.71875,21.2199993134,-382.441345215,False
10.600000000000001,-0.015,-0.357,-0.367,-1.24544455,0.04903325,13.05265115,44.4799995422,43.9209480286,1.68999993801,-8.10558891296,-15.213640213,23.034734726,-0.391756951809,3.86733841896,97118.1335449,21.6000003815,-392.719268799,False
10.700000000000001,0.262,-0.401,-0.394,-0.8237586,0.4314926,13.42530385,44.4899978638,43.9209480286,2.30999994278,-8.10558891296,-15.213640213,23.0651531219,0.696085631847,3.83444452286,97127.2583008,21.9799995422,-397.097412109,False
10.8,0.135,-0.394,-0.385,-0.99047165,-0.20593965,13.7489233,44.5,43.3571128845,2.90999984741,-7.8899230957,-0.169818073511,23.0571746826,1.46568977833,3.8176779747,97127.2583008,22.359998703,-390.609375,False
10.9,0.089,-0.393,-0.312,-0.9610517,-0.1372931,14.1804159,44.5399971008,43.3571128845,3.37999987602,-7.8899230957,-0.169818073511,22.9878578186,2.4670112133,3.76104903221,97129.5288086,22.7299995422,-387.956817627,False
11.0,0.101,-0.414,-0.272,-0.87279185,0.1569064,14.64132845,44.5900001526,43.8113937378,3.76999998093,-7.00048685074,6.83161783218,22.8808689117,3.46094918251,3.67518186569,97131.5979004,23.0900001526,-391.456420898,False
11.100000000000001,0.118,-0.378,-0.255,-0.980665,0.1765197,13.75872995,44.6399993896,43.8113937378,4.0,-7.00048685074,6.83161783218,22.6968574524,4.39287424088,3.62193489075,97136.2609863,23.4399986267,-383.841308594,False
11.200000000000001,-0.074,-0.372,-0.308,-0.784532,0.9218251,13.1605243,44.6699981689,43.8113937378,3.99000000954,-7.00048685074,6.83161783218,22.4865894318,5.27480649948,3.57172012329,97143.2250977,23.7899990082,-372.612182617,False
11.3,-0.17,-0.355,-0.347,-0.85317855,0.6276256,14.1608026,44.7000007629,43.8113937378,4.40000009537,-7.00048685074,6.83161783218,22.1414604187,6.38681125641,3.41280698776,97143.2250977,24.1199989319,-378.902038574,False
11.4,-0.167,-0.373,-0.387,-0.8629852,0.18632635,15.0434011,44.7099990845,41.8935394287,4.69000005722,-5.46712207794,17.6944732666,21.8797683716,7.13398456573,3.27035665512,97146.1242676,24.4399986267,-387.516204834,False
11.5,-0.01,-0.385,-0.4,-0.89240515,0.1176798,15.32779395,44.719997406,41.8935394287,4.96000003815,-5.46712207794,17.6944732666,21.4807891846,8.03934669495,3.08523893356,97149.5910645,24.7299995422,-394.664581299,False
11.600000000000001,0.11,-0.367,-0.404,-0.93163175,1.79304560216e-15,14.64132845,44.7299995422,41.8935394287,5.25999975204,-5.46712207794,17.6944732666,20.9311790466,9.09395694733,2.89187049866,97153.7414551,25.0100002289,-401.150695801,False
11.700000000000001,0.166,-0.381,-0.361,-0.784532,0.36284605,14.07254275,44.7599983215,41.8935394287,5.56999969482,-5.46712207794,17.6944732666,20.6116676331,9.61114692688,2.81558990479,97159.2712402,25.2600002289,-403.227813721,False
11.8,0.217,-0.375,-0.337,-0.89240515,-0.08825985,14.3373223,44.7599983215,42.8588104248,5.58999967575,-4.61640977859,29.8833713531,20.2846813202,10.1229076385,2.74969172478,97159.2712402,25.2600002289,-403.227813721,False
11.9,0.059,-0.397,-0.311,-0.8041453,-0.26477955,15.70044665,44.8099975586,42.8588104248,6.0499997139,-4.61640977859,29.8833713531,19.1550598145,11.6620588303,2.47395014763,97159.765625,25.7199993134,-393.663024902,False
12.0,0.002,-0.389,-0.275,-0.83356525,-0.16671305,15.13166095,44.8299980164,42.8588104248,6.15000009537,-4.61640977859,29.8833713531,18.7581768036,12.1291942596,2.40652275085,97163.9953613,25.9399986267,-392.952148438,False
12.100000000000001,0.098,-0.375,-0.254,-0.9414384,0.0196133,14.0235095,44.8499984741,42.8588104248,6.17999982834,-4.61640977859,29.8833713531,17.767250061,13.1146039963,2.26477646828,97166.7419434,26.1299991608,-388.60244751,False
12.200000000000001,0.066,-0.378,-0.262,-0.8825985,0.4707192,13.85679645,44.8600006104,42.8588104248,6.19000005722,-4.61640977859,29.8833713531,17.4720497131,13.3872518539,2.22977089882,97170.6848145,26.1299991608,-388.60244751,False
12.3,0.178,-0.39,-0.298,-0.79433865,0.28439285,14.3373223,44.8799972534,44.272102356,6.46999979019,-1.89005053043,42.6485443115,16.3633174896,14.3029127121,2.07119011879,97170.6848145,26.4899997711,-387.59954834,False
12.4,0.161,-0.413,-0.313,-0.7453054,0.1765197,15.1806942,44.8799972534,44.272102356,6.64999961853,-1.89005053043,42.6485443115,15.4879951477,14.9568872452,1.93715274334,97172.7722168,26.6599998474,-389.881317139,False
12.5,0.134,-0.428,-0.332,-0.71588545,0.1569064,16.2005858,44.8799972534,44.272102356,8.14999961853,-1.89005053043,42.6485443115,14.4926729202,15.607585907,1.75787651539,97177.9663086,26.7999992371,-403.14541626,False
12.600000000000001,0.268,-0.463,-0.347,-0.38245935,0.7256921,15.7494799,44.8799972534,47.2144088745,7.30999994278,-0.489090591669,52.4430923462,13.284034729,16.3425712585,1.57573366165,97177.9663086,26.9300003052,-406.774536133,False
12.700000000000001,0.137,-0.435,-0.35,-0.4314926,0.0980665,15.1414676,44.8799972534,47.2144088745,7.31999969482,-0.489090591669,52.4430923462,12.8660459518,16.5543823242,1.54390072823,97179.0222168,26.9300003052,-406.774536133,False
12.8,-0.036,-0.437,-0.339,-0.48052585,0.4511059,15.77889985,44.8799972534,47.2144088745,7.56999969482,-0.489090591669,52.4430923462,11.4206676483,17.2228450775,1.39987874031,97179.0222168,27.1399993896,-385.217651367,False
12.9,0.076,-0.398,-0.383,-0.40207265,0.89240515,12.944778,44.8799972534,47.2144088745,7.58999967575,-0.489090591669,52.4430923462,10.8284358978,17.4326972961,1.39547729492,97180.8349609,27.1399993896,-385.217651367,False
13.0,-0.074,-0.413,-0.409,-0.3530394,0.83356525,14.19022255,44.8799972534,49.2475166321,7.55999994278,0.0343278907239,65.564994812,9.44054317474,17.8901443481,1.35895442963,97181.4453125,27.3199996948,-344.243621826,False
13.100000000000001,0.2,-0.353,-0.477,-0.4903325,0.1569064,11.9052731,44.8799972534,49.2475166321,7.56999969482,0.0343278907239,65.564994812,9.02155590057,17.9979171753,1.36274290085,97186.8408203,27.3199996948,-344.243621826,False
13.200000000000001,0.235,-0.415,-0.484,-0.2157463,0.8041453,13.6312435,44.8799972534,49.2475166321,7.48999977112,0.0343278907239,65.564994812,7.26693058014,18.3544998169,1.49913966656,97186.8408203,27.5,-295.497314453,False
13.3,-0.001,-0.427,-0.466,-0.4511059,0.9610517,11.46397385,44.8699989319,49.2475166321,7.44000005722,0.0343278907239,65.564994812,6.50451564789,18.4312915802,1.62357139587,97179.5837402,27.5999984741,-277.91595459,False
13.4,0.004,-0.476,-0.424,-0.3334261,0.99047165,12.13082605,44.8699989319,50.7755126953,7.3799996376,-1.87659847736,81.3354873657,5.5141954422,18.5201702118,1.75236153603,97184.4848633,27.7199993134,-261.231628418,False
13.5,0.078,-0.513,-0.388,0.00980665,0.71588545,13.17033095,44.8699989319,50.7755126953,7.38999986649,-1.87659847736,81.3354873657,4.62828063965,18.545923233,1.81189060211,97187.8479004,27.8499984741,-256.954956055,False
13.600000000000001,0.071,-0.537,-0.356,0.06864655,1.79664850692e-15,14.6707484,44.8799972534,50.7755126953,7.67999982834,-1.87659847736,81.3354873657,3.27775669098,18.5616378784,1.83076381683,97186.7614746,27.9899997711,-258.065216064,False
13.700000000000001,-0.209,-0.519,-0.282,0.18632635,0.3334261,13.95486295,44.8799972534,50.7755126953,7.65999984741,-1.87659847736,81.3354873657,2.81618475914,18.5291862488,1.84600234032,97190.9301758,27.9899997711,-258.065216064,False
13.8,-0.173,-0.497,-0.288,0.2941995,0.4511059,13.93524965,44.8799972534,49.8353614807,7.91999959946,-0.430405437946,95.1136322021,1.73768043518,18.4242153168,1.86707162857,97190.9301758,28.2799987793,-272.526550293,False
13.9,-0.149,-0.5,-0.292,0.38245935,0.588399,14.19022255,44.8699989319,49.8353614807,8.0,-0.430405437946,95.1136322021,-0.176619425416,18.0549755096,1.81708824635,97191.9494629,28.4200000763,-267.85144043,False
14.0,-0.117,-0.501,-0.304,0.2941995,0.44129925,14.52364865,44.8600006104,49.8353614807,8.15999984741,-0.430405437946,95.1136322021,-1.17347764969,17.7751789093,1.77344894409,97196.7712402,28.5699996948,-280.180725098,False
14.100000000000001,-0.113,-0.469,-0.309,0.18632635,0.5099458,13.91563635,44.8499984741,47.3935317993,8.22000026703,1.77936851978,106.451576233,-2.12162065506,17.4030361176,1.71354496479,97194.2626953,28.6999988556,-274.336425781,False
14.200000000000001,-0.032,-0.467,-0.338,0.16671305,0.57859235,14.20983585,42.719997406,47.3935317993,8.36999988556,1.77936851978,106.451576233,-2.49469709396,17.2420272827,1.68161642551,97202.3864746,28.8299999237,-286.15512085,False
14.3,-0.052,-0.475,-0.371,0.2157463,0.46091255,14.3765489,39.7999992371,47.3935317993,8.56999969482,1.77936851978,106.451576233,-3.80671858788,16.5756435394,1.57040655613,97198.3337402,28.9399986267,-289.63470459,False
14.4,-0.127,-0.483,-0.364,0.24516625,0.71588545,14.3765489,36.5999984741,47.3935317993,8.80000019073,1.77936851978,106.451576233,-4.69064664841,16.053609848,1.49063503742,97203.4606934,29.0599994659,-295.384033203,False
14.5,-0.239,-0.463,-0.371,0.40207265,0.89240515,14.513842,33.0499992371,45.7418479919,9.01999950409,3.26388573647,120.25075531,-5.53345489502,15.4607553482,1.37528073788,97203.3813477,29.1599998474,-299.530792236,False
14.600000000000001,-0.353,-0.448,-0.368,0.4314926,0.77472535,14.6707484,29.3699989319,45.7418479919,9.17000007629,3.26388573647,120.25075531,-6.1626291275,14.9918870926,1.26249277592,97203.3813477,29.2600002289,-287.793548584,False
14.700000000000001,-0.464,-0.379,-0.405,0.4707192,0.95124505,14.1411893,25.5900001526,45.7418479919,9.17000007629,3.26388573647,120.25075531,-6.99837827682,14.2585010529,1.09713995457,97203.2165527,29.3299999237,-269.556427002,False
14.8,-0.542,-0.35,-0.415,0.48052585,0.7649187,14.24906245,21.7600002289,45.7418479919,9.13999938965,3.26388573647,120.25075531,-7.63258504868,13.6550588608,0.920730412006,97205.8044434,29.3999996185,-263.549987793,False
14.9,-0.466,-0.322,-0.437,0.46091255,0.14709975,14.19022255,21.7600002289,38.3868103027,9.07999992371,3.60144424438,130.730224609,-8.06999206543,13.1467857361,0.754647195339,97203.7780762,29.3999996185,-263.549987793,False
15.0,-0.458,-0.285,-0.407,0.38245935,0.4511059,13.1997509,14.1700000763,38.3868103027,8.81999969482,3.60144424438,130.730224609,-8.64850902557,12.4174365997,0.556357800961,97205.2246094,29.4599990845,-243.753814697,False
15.100000000000001,-0.343,-0.316,-0.369,0.32361945,0.0392266,13.83718315,10.5399999619,38.3868103027,8.56999969482,3.60144424438,130.730224609,-9.14493560791,11.6649894714,0.271333009005,97205.5419922,29.4499988556,-233.150665283,False
15.200000000000001,-0.351,-0.305,-0.321,0.53936575,0.28439285,13.5920169,6.86999988556,38.3868103027,8.39999961853,3.60144424438,130.730224609,-9.44237804413,11.1665058136,0.0806801840663,97205.3161621,29.4299983978,-215.52734375,False
15.3,-0.302,-0.28,-0.274,0.38245935,-0.3334261,13.9842829,3.50999999046,29.9686393738,7.91999959946,4.72237682343,142.024703979,-9.62239074707,10.7904233932,-0.0892698541284,97205.5114746,29.3799991608,-199.894714355,False
15.4,-0.42,-0.268,-0.219,0.3138128,0.20593965,13.36646395,0.439999997616,29.9686393738,7.46000003815,4.72237682343,142.024703979,-9.97305488586,9.97749137878,-0.433072894812,97203.6071777,29.3099994659,-194.58656311,False
15.5,-0.441,-0.211,-0.18,0.392266,0.3530394,12.3171524,0.439999997616,29.9686393738,7.41999959946,4.72237682343,142.024703979,-10.1233787537,9.41319274902,-0.611345767975,97202.2338867,29.1999988556,-170.846939087,False
15.600000000000001,-0.411,-0.172,-0.156,0.18632635,-0.1372931,12.09159945,-4.40999984741,29.9686393738,6.34999990463,4.72237682343,142.024703979,-10.2250900269,8.93002033234,-0.746893107891,97201.0498047,29.0900001526,-151.099975586,False
15.700000000000001,-0.437,-0.141,-0.114,0.0588399,-0.42168595,11.3364874,-6.88999986649,21.1561813354,5.61999988556,7.52282905579,149.095550537,-10.2373533249,8.49562072754,-0.877147972584,97198.7426758,28.9599990845,-125.656890869,False
15.8,-0.445,-0.165,-0.106,0.30400615,-0.1372931,12.67999845,-6.8799996376,21.1561813354,5.58999967575,7.52282905579,149.095550537,-10.2561378479,8.15525150299,-1.07827866077,97198.0651855,28.9599990845,-125.656890869,False
15.9,-0.636,-0.119,-0.071,0.51975245,-0.0196133,11.83662655,-11.5500001907,21.1561813354,4.73000001907,7.52282905579,149.095550537,-10.2382688522,7.67045640945,-1.28938055038,97198.0651855,28.6399993896,-114.481925964,False
16.0,-0.478,-0.008,0.026,0.0980665,-0.4707192,9.40457735,-13.25,21.1561813354,4.01999998093,7.52282905579,149.095550537,-10.1634817123,7.41695642471,-1.24007165432,97198.6755371,28.4699993134,-88.1587982178,False
16.1,-0.646,-0.039,0.097,0.04903325,0.4903325,9.12999115,-14.3599996567,9.65256977081,3.25999999046,9.38536930084,151.065444946,-10.0062656403,7.19322109222,-1.17089748383,97197.8088379,28.2999992371,-50.2086639404,False
16.2,-0.611,-0.012,0.061,0.1372931,-0.0392266,8.63965865,-15.3800001144,9.65256977081,2.74000000954,9.38536930084,151.065444946,-9.89462089539,7.0924038887,-1.09607207775,97192.7490234,28.1399993896,-27.3515701294,False
16.3,-0.551,0.023,0.084,0.0392266,0.14709975,8.42391235,-15.9499998093,9.65256977081,2.1099998951,9.38536930084,151.065444946,-9.72111701965,7.0215754509,-0.962112784386,97193.0053711,27.9899997711,-1.43280029297,False
16.400000000000002,-0.513,0.051,0.073,0.22555295,0.06864655,7.99241975,-16.5299987793,9.65256977081,1.62000000477,9.38536930084,151.065444946,-9.55266952515,7.00432872772,-0.800751805305,97188.0432129,27.859998703,37.8484725952,False
16.5,-0.462,0.059,0.065,0.36284605,0.2353596,8.3356525,-16.5399990082,-3.89709806442,1.62999999523,9.18453025818,149.496643066,-9.39672756195,7.01077365875,-0.70003080368,97190.8203125,27.7600002289,62.6620292664,False
16.6,-0.376,0.06,0.058,0.53936575,0.20593965,8.9436648,-17.0499992371,-3.89709806442,0.819999992847,9.18453025818,149.496643066,-9.15752220154,7.09918642044,-0.621971964836,97188.9343262,27.6599998474,72.2179412842,False
16.7,-0.347,0.042,0.075,0.63743225,0.0196133,10.07142955,-16.9300003052,-3.89709806442,0.649999976158,9.18453025818,149.496643066,-8.92851352692,7.21296787262,-0.644641697407,97188.4643555,27.5799999237,68.5807189941,False
16.8,-0.457,0.016,0.105,0.85317855,-0.1569064,10.36562905,-16.8699989319,-12.0655250549,0.599999964237,8.12658500671,148.384994507,-8.71495342255,7.37070226669,-0.705328941345,97190.4418945,27.4899997711,73.5165557861,False
16.900000000000002,-0.861,-0.013,0.215,0.9414384,1.25140891992e-15,10.2185293,-16.5799999237,-12.0655250549,0.439999997616,8.12658500671,148.384994507,-8.46374320984,7.58487796783,-0.700815737247,97189.9658203,27.4099998474,104.368972778,False
17.0,-0.867,0.032,0.251,0.73549875,-0.4903325,8.14932615,-16.5900001526,-12.0655250549,0.469999998808,8.12658500671,148.384994507,-8.3780002594,7.66887187958,-0.642322480679,97190.0817871,27.4099998474,104.368972778,False
17.1,-0.433,-0.036,0.284,0.784532,-0.0784532,8.4925589,-15.8999996185,-12.0655250549,-0.229999989271,8.12658500671,148.384994507,-7.98239994049,8.08780193329,-0.300036936998,97191.3085938,27.2699985504,164.592453003,False
17.2,-0.209,-0.027,0.301,0.9414384,-0.4118793,8.38468575,-15.3999996185,-27.4152927399,-0.409999996424,6.07602405548,143.334075928,-7.72945833206,8.39051151276,-0.0818667411804,97189.0625,27.2399997711,177.370544434,False
17.3,0.106,-0.009,0.318,0.9414384,-0.0784532,9.34573745,-15.4099998474,-27.4152927399,-0.409999996424,6.07602405548,143.334075928,-7.55762052536,8.59141159058,0.0323322191834,97188.6047363,27.2399997711,177.370544434,False
17.400000000000002,0.142,-0.092,0.344,1.44157755,0.02941995,11.3168741,-13.6199998856,-27.4152927399,0.00999999977648,6.07602405548,143.334075928,-7.08006048203,9.19554042816,0.00816384982318,97188.6047363,27.25,140.529449463,False
17.5,0.082,-0.132,0.369,1.46119085,0.12748645,13.2193642,-13.6199998856,-27.4152927399,0.00999999977648,6.07602405548,143.334075928,-6.72219848633,9.59286975861,-0.175015732646,97189.453125,27.2600002289,118.615150452,False
17.6,0.111,-0.124,0.38,1.48080415,-0.3138128,13.03303785,-10.6199998856,-27.4152927399,0.819999992847,6.07602405548,143.334075928,-6.16749954224,10.2191991806,-0.389832556248,97194.0368652,27.2399997711,77.5503158569,False
17.7,0.185,-0.113,0.418,1.06892485,0.04903325,11.64049355,-9.17000007629,-26.5202903748,1.02999997139,3.70951509476,133.678619385,-5.85050678253,10.5360631943,-0.463739812374,97195.135498,27.1999988556,69.2066192627,False
17.8,0.188,-0.122,0.426,1.12776475,0.0588399,11.571847,-9.17000007629,-26.5202903748,1.02999997139,3.70951509476,133.678619385,-5.69269609451,10.7003612518,-0.485109776258,97188.0065918,27.1999988556,69.2066192627,False
17.900000000000002,0.198,-0.118,0.38,0.91201845,0.20593965,10.5323421,-6.06999969482,-26.5202903748,1.40999996662,3.70951509476,133.678619385,-5.02772474289,11.2762670517,-0.525259256363,97190.5212402,27.0999984741,61.4357948303,False
18.0,0.103,-0.136,0.361,0.8237586,0.4118793,10.7480884,-6.06999969482,-26.5202903748,1.40999996662,3.70951509476,133.678619385,-4.86410713196,11.4037857056,-0.520991206169,97189.2272949,27.0999984741,61.4357948303,False
18.1,0.179,-0.097,0.305,0.6864655,0.3138128,9.9047165,-2.81999993324,-26.5202903748,1.39999997616,3.70951509476,133.678619385,-4.20817232132,11.8760442734,-0.434849917889,97188.885498,27.0,79.4940948486,False
18.2,0.253,-0.071,0.235,0.5687857,0.2549729,9.6889702,-1.05999994278,-23.0895500183,1.23000001907,2.13733577728,123.11882019,-3.83181476593,12.1205739975,-0.340117812157,97186.0473633,26.9599990845,90.8261260986,False
18.3,0.273,-0.081,0.195,0.61781895,0.5099458,9.8262633,0.560000002384,-23.0895500183,0.939999997616,2.13733577728,123.11882019,-3.3680768013,12.383482933,-0.263305276632,97183.59375,26.9300003052,125.22354126,False
18.400000000000002,0.173,-0.082,0.175,0.7649187,0.4903325,10.1793027,0.560000002384,-23.0895500183,0.939999997616,2.13733577728,123.11882019,-3.29282402992,12.4304294586,-0.257832616568,97181.6589355,26.9300003052,125.22354126,False
18.5,0.327,-0.069,0.152,0.6864655,0.3726527,10.1204628,2.08999991417,-23.0895500183,0.719999969006,2.13733577728,123.11882019,-2.75328493118,12.7123527527,-0.201279386878,97181.6833496,26.8799991608,148.784454346,False
18.6,0.47,-0.059,0.15,0.7256921,0.2941995,10.34601575,3.74000000954,-17.5679798126,0.989999949932,2.16274237633,118.704101562,-2.56256580353,12.8076190948,-0.202823057771,97181.9824219,26.8799991608,148.784454346,False
18.7,0.522,-0.024,0.164,0.5491724,0.2745862,9.38496405,6.60999965668,-17.5679798126,-1.04999995232,2.16274237633,118.704101562,-2.15995597839,12.9551372528,-0.160407826304,97180.9692383,26.8299999237,147.987838745,False
18.8,0.513,-0.032,0.154,0.5687857,0.2549729,9.56148375,7.71999979019,-10.8778219223,-0.620000004768,2.16126227379,116.360549927,-2.02512073517,13.0059280396,-0.135118827224,97178.9611816,26.8099994659,150.040618896,False
18.900000000000002,0.549,-0.017,0.116,0.6472389,0.2157463,9.3947707,8.55999946594,-10.8778219223,-0.829999983311,2.16126227379,116.360549927,-1.72383785248,13.089679718,-0.0369705967605,97179.8278809,26.7899990082,163.686080933,False
19.0,0.525,0.012,0.092,0.5687857,0.36284605,8.9240515,10.2100000381,-10.8778219223,-0.409999996424,2.16126227379,116.360549927,-1.60240089893,13.1218357086,0.0317822396755,97183.7097168,26.7799987793,181.199935913,False
19.1,0.514,0.01,0.045,0.7649187,0.3530394,9.42419065,10.6300001144,-10.8778219223,-1.18999993801,2.16126227379,116.360549927,-1.54237151146,13.119594574,0.0431662127376,97182.7087402,26.7799987793,169.600387573,False
19.200000000000003,0.356,0.023,0.048,0.7256921,0.4118793,9.218251,11.7299995422,-10.8778219223,-2.04999995232,2.16126227379,116.360549927,-1.52418136597,13.1181306839,0.0854477733374,97179.5532227,26.7799987793,181.71081543,False
19.3,0.336,0.058,0.044,0.69627215,0.2941995,8.041453,11.7599992752,1.59509313107,-1.58999991417,1.91342544556,114.200386047,-1.52195131779,13.0950069427,0.160956516862,97181.3171387,26.7799987793,199.815658569,False
19.400000000000002,0.554,0.084,0.018,0.5491724,0.3138128,7.5511205,11.6099996567,1.59509313107,-1.75999999046,1.91342544556,114.200386047,-1.56934118271,13.0538063049,0.454651415348,97181.2072754,26.8099994659,212.831695557,False
19.5,0.346,0.032,0.008,0.7256921,0.588399,9.11037785,13.1700000763,1.59509313107,-1.75,1.91342544556,114.200386047,-1.63496637344,13.0201559067,0.53169721365,97182.7819824,26.8499984741,214.374069214,False
19.6,0.217,0.023,-0.002,0.8433719,0.4903325,9.218251,13.1700000763,8.72875595093,-1.74000000954,0.894613564014,113.638771057,-1.71404087543,13.0007133484,0.576438426971,97182.7819824,26.8499984741,214.374069214,False
19.700000000000003,-0.014,0.048,-0.022,0.9218251,0.46091255,8.8063717,12.279999733,8.72875595093,-1.33999991417,0.894613564014,113.638771057,-1.83259475231,12.9699764252,0.650688350201,97184.0942383,26.9799995422,190.959640503,False
19.8,-0.038,0.061,-0.038,1.0395049,0.65704555,9.32612415,11.7899999619,8.72875595093,-0.989999949932,0.894613564014,113.638771057,-1.97872459888,12.9747972488,0.720500349998,97184.0942383,27.0499992371,181.333633423,False
19.900000000000002,-0.098,0.047,-0.079,1.1179581,0.73549875,9.7085835,11.2599992752,8.72875595093,-0.610000014305,0.894613564014,113.638771057,-2.12299823761,12.9748802185,0.727721571922,97185.8581543,27.1299991608,170.569137573,False
20.0,-0.085,0.035,-0.111,1.02969825,0.61781895,10.09104285,11.2599992752,8.72875595093,-0.610000014305,0.894613564014,113.638771057,-2.19337248802,12.983130455,0.689753234386,97187.1459961,27.1299991608,170.569137573,False
20.1,0.065,0.034,-0.157,0.9022118,0.5491724,10.05181625,11.8899993896,8.50662708282,0.229999989271,-0.560209453106,114.76739502,-2.39819312096,12.9888811111,0.65370875597,97187.7502441,27.2799987793,127.623458862,False
20.200000000000003,0.095,0.001,-0.167,1.0002783,0.36284605,10.20872265,13.7999992371,8.50662708282,0.669999957085,-0.560209453106,114.76739502,-2.52256369591,12.9985160828,0.618665158749,97187.0788574,27.3499984741,114.900779724,False
20.3,0.121,-0.021,-0.164,0.784532,0.2745862,9.87529655,13.7999992371,8.50662708282,0.669999957085,-0.560209453106,114.76739502,-2.65401911736,12.9819049835,0.588727593422,97188.6901855,27.3499984741,114.900779724,False
20.400000000000002,0.167,-0.062,-0.162,0.8629852,0.44129925,10.58137535,13.4299993515,8.50662708282,1.37999999523,-0.560209453106,114.76739502,-2.93119740486,12.9500389099,0.499319642782,97188.6901855,27.4699993134,84.9699020386,False
20.5,0.204,-0.095,-0.142,0.8629852,0.48052585,10.8461549,13.4399995804,8.50662708282,1.38999998569,-0.560209453106,114.76739502,-3.06273651123,12.9220495224,0.4452085495,97186.4929199,27.4699993134,84.9699020386,False
20.6,0.167,-0.081,-0.123,0.85317855,0.196133,10.787315,11.75,12.0233278275,2.02999997139,-0.798128724098,119.364456177,-3.29412937164,12.8740053177,0.331822156906,97189.0319824,27.5499992371,63.0586624146,False
20.700000000000003,0.147,-0.061,-0.102,0.83356525,0.4118793,10.591182,13.2100000381,12.0233278275,2.83999991417,-0.798128724098,119.364456177,-3.58859324455,12.7802715302,0.236377671361,97190.7104492,27.5699996948,64.8701629639,False
20.8,0.252,-0.116,-0.113,0.9610517,0.22555295,12.09159945,13.2100000381,12.0233278275,2.84999990463,-0.798128724098,119.364456177,-3.82761311531,12.7044820786,0.0886228904128,97193.1640625,27.5699996948,64.8701629639,False
20.900000000000002,0.334,-0.133,-0.088,0.9218251,0.30400615,11.8072066,11.4699993134,12.0233278275,1.91999995708,-0.798128724098,119.364456177,-4.20799732208,12.5369558334,-0.120919294655,97190.8813477,27.5799999237,22.8519439697,False
21.0,0.149,-0.109,-0.03,0.9414384,0.1765197,11.60126695,10.0500001907,17.6558494568,2.64999985695,0.868828117847,122.526924133,-4.58580207825,12.3594617844,-0.284486442804,97187.5,27.5599994659,20.6236839294,False
21.1,-0.045,-0.086,-0.017,0.7256921,0.50013915,11.0815145,8.57999992371,17.6558494568,2.64999985695,0.868828117847,122.526924133,-4.76099205017,12.2582740784,-0.351484775543,97188.0981445,27.5199985504,13.2976531982,False
21.200000000000003,-0.044,-0.06,-0.054,0.71588545,0.75511205,10.8461549,8.13000011444,17.6558494568,3.28999996185,0.868828117847,122.526924133,-5.13766336441,12.0422086716,-0.463041633368,97191.7419434,27.4799995422,11.7740631104,False
21.3,0.026,-0.069,-0.11,0.8237586,0.61781895,11.0422879,6.69000005722,18.033159256,2.59999990463,1.94883012772,123.771156311,-5.35742139816,11.8988800049,-0.544297099113,97186.5234375,27.4200000763,6.61735534668,False
21.400000000000002,-0.14,-0.04,-0.125,0.6276256,0.3726527,10.4342756,5.27999973297,18.033159256,2.3599998951,1.94883012772,123.771156311,-5.66120100021,11.696513176,-0.615387022495,97186.7248535,27.3499984741,20.1336860657,False
21.5,0.01,-0.057,-0.165,0.63743225,0.2941995,10.85596155,6.65999984741,18.033159256,1.52999997139,1.94883012772,123.771156311,-5.87874984741,11.5317420959,-0.69055378437,97183.5205078,27.2799987793,7.59792327881,False
21.6,-0.06,-0.07,-0.135,0.67665885,0.7256921,10.89518815,6.65999984741,18.033159256,1.52999997139,1.94883012772,123.771156311,-6.08243179321,11.3823337555,-0.743182897568,97186.2060547,27.2799987793,7.59792327881,False
21.700000000000003,-0.166,-0.047,-0.141,0.53936575,0.61781895,10.1400761,5.30999994278,16.7642688751,2.1099998951,2.16008234024,127.161743164,-6.30491161346,11.2056941986,-0.759684443474,97185.6689453,27.1899986267,10.854434967,False
21.8,-0.33,-0.005,-0.14,0.48052585,0.46091255,9.3555441,4.01999998093,16.7642688751,1.5,2.16008234024,127.161743164,-6.49300765991,11.0509223938,-0.720862925053,97183.2580566,27.0100002289,45.0844764709,False
21.900000000000002,-0.458,0.009,-0.129,0.4511059,0.61781895,8.67888525,4.01999998093,16.7642688751,1.48000001907,2.16008234024,127.161743164,-6.65732622147,10.9042081833,-0.609453141689,97181.8969727,27.0100002289,45.0844764709,False
22.0,-0.569,0.037,-0.141,0.4707192,0.7256921,9.1790244,4.81999969482,9.78692531586,0.649999976158,1.45566499233,129.690490723,-6.74209594727,10.8397092819,-0.545159459114,97182.2692871,26.859998703,92.2425231934,False
22.1,-0.398,0.039,-0.168,0.42168595,0.3726527,9.32612415,4.81999969482,9.78692531586,0.639999985695,1.45566499233,129.690490723,-6.81935071945,10.7817087173,-0.493758231401,97178.326416,26.7999992371,104.345993042,False
22.200000000000003,-0.215,0.054,-0.169,0.3530394,0.22555295,9.01231135,6.61999988556,9.78692531586,-0.740000009537,1.45566499233,129.690490723,-6.87217473984,10.7402620316,-0.415121465921,97178.7658691,26.75,100.160125732,False
22.3,-0.023,0.044,-0.169,0.3726527,0.196133,8.83579165,6.61999988556,5.06836080551,-0.740000009537,0.281349778175,132.365142822,-6.92165136337,10.713467598,-0.316617518663,97181.7016602,26.75,100.160125732,False
22.400000000000002,-0.069,0.067,-0.162,0.4903325,0.10787315,8.16893945,6.84999990463,5.06836080551,-0.229999989271,0.281349778175,132.365142822,-6.95623493195,10.6958847046,-0.228981912136,97177.7893066,26.6999988556,104.190155029,False
22.5,-0.063,0.054,-0.126,0.42168595,0.2549729,8.041453,8.06999969482,5.06836080551,-0.419999986887,0.281349778175,132.365142822,-7.02923488617,10.6903972626,0.00651661399752,97177.734375,26.6599998474,129.943939209,False
22.6,0.049,0.075,-0.118,0.4903325,0.10787315,7.91396655,8.40999984741,5.06836080551,-0.550000011921,0.281349778175,132.365142822,-7.0934510231,10.6838321686,0.20501640439,97178.918457,26.6599998474,129.943939209,False
22.700000000000003,0.199,0.004,-0.092,0.392266,-0.0784532,8.83579165,11.0699996948,5.06836080551,-0.489999979734,0.281349778175,132.365142822,-7.17867517471,10.6502885818,0.288104087114,97178.9978027,26.6899986267,110.447692871,False
22.8,0.259,-0.03,-0.056,0.4314926,1.16614017394e-15,9.52225715,11.1999998093,5.83245801926,-0.239999994636,-1.28634190559,135.751464844,-7.28317165375,10.604426384,0.302276581526,97178.7841797,26.7199993134,88.5009765625,False
22.900000000000002,0.327,-0.046,-0.003,0.63743225,0.196133,10.14988275,11.2699995041,5.83245801926,0.140000000596,-1.28634190559,135.751464844,-7.30938100815,10.5969161987,0.308826118708,97181.8481445,26.7600002289,54.9136161804,False
23.0,0.079,-0.085,0.049,0.7649187,0.63743225,10.8069283,14.4899997711,5.83245801926,0.509999990463,-1.28634190559,135.751464844,-7.52500343323,10.5116891861,0.118677251041,97182.5195312,26.7799987793,43.1029319763,False
23.1,-0.11,-0.091,0.021,0.75511205,0.53936575,11.18938765,14.4899997711,5.83245801926,0.5,-1.28634190559,135.751464844,-7.64004611969,10.4587335587,-0.0223691966385,97183.4716797,26.7799987793,43.1029319763,False
23.200000000000003,-0.049,-0.072,-0.058,0.77472535,0.4903325,10.73828175,16.0699996948,8.29240131378,0.899999976158,0.400431901217,135.895690918,-7.72083902359,10.4263010025,-0.120633386075,97184.0759277,26.7899990082,37.9016876221,False
23.3,0.016,-0.063,-0.092,0.6472389,0.48052585,10.7677017,16.3500003815,8.29240131378,0.969999969006,0.400431901217,135.895690918,-7.86687088013,10.3483791351,-0.288047999144,97182.6293945,26.7699985504,36.1541748047,False
23.400000000000002,0.03,-0.068,-0.117,0.8041453,0.3334261,10.9638347,19.4499988556,8.29240131378,0.979999959469,0.400431901217,135.895690918,-7.95707130432,10.2903165817,-0.373711645603,97184.3933105,26.75,39.4618034363,False
23.5,0.197,-0.062,-0.118,0.7256921,-0.04903325,10.7480884,19.6999988556,8.29240131378,0.849999964237,0.400431901217,135.895690918,-8.10613250732,10.161945343,-0.432408303022,97187.3046875,26.7099990845,50.5350112915,False
23.6,0.327,-0.031,-0.1,0.4118793,-0.26477955,9.56148375,19.6999988556,8.29240131378,0.8599999547,0.400431901217,135.895690918,-8.21418476105,10.0477590561,-0.426033973694,97179.2236328,26.6700000763,60.8589172363,False
23.700000000000003,0.349,-0.048,-0.019,0.61781895,0.20593965,10.9442214,20.4099998474,11.6309165955,1.11000001431,1.37747812271,138.834381104,-8.42792129517,9.81925678253,-0.531154513359,97177.935791,26.6299991608,70.6729888916,False
23.8,0.13,-0.091,0.062,0.6864655,0.1765197,12.11121275,20.0200004578,11.6309165955,0.379999995232,1.37747812271,138.834381104,-8.56922721863,9.66183853149,-0.649599552155,97177.722168,26.5699996948,55.0072669983,False
23.900000000000002,0.345,-0.003,0.046,0.2745862,0.3138128,9.6301303,19.7099990845,11.6309165955,-0.0499999970198,1.37747812271,138.834381104,-8.70000743866,9.47078323364,-0.620361685753,97179.6386719,26.5,60.2836608887,False
24.0,0.077,-0.043,0.025,0.4118793,0.38245935,9.65955025,22.8299999237,16.7632522583,-0.199999988079,2.2617828846,138.777770996,-8.87254619598,9.23617076874,-0.615119755268,97177.0751953,26.4399986267,53.1371116638,False
24.1,0.064,-0.033,-0.051,0.34323275,0.38245935,10.1008495,22.6299991608,16.7632522583,-0.209999993443,2.2617828846,138.777770996,-9.01231098175,9.03660297394,-0.607202708721,97176.5136719,26.3699989319,39.603805542,False
24.200000000000003,0.049,-0.022,-0.11,0.4118793,0.79433865,9.610517,23.1199989319,16.7632522583,-0.189999997616,2.2617828846,138.777770996,-9.06862640381,8.96564006805,-0.59037899971,97175.402832,26.3099994659,31.9964408875,False
24.3,0.062,-1.9104490066700002e-17,-0.156,0.3530394,0.63743225,8.8848249,23.0199985504,16.7632522583,-0.239999994636,2.2617828846,138.777770996,-9.256067276,8.71151256561,-0.445370107889,97176.0986328,26.25,49.294090271,False
24.400000000000002,-0.014,0.007,-0.204,0.3334261,0.2941995,8.38468575,24.1499996185,16.7632522583,-0.939999997616,2.2617828846,138.777770996,-9.42314529419,8.50024414062,-0.277401834726,97172.4304199,26.1999988556,50.8807182312,False
24.5,0.096,0.031,-0.221,0.22555295,0.2353596,7.9826131,24.1199989319,18.087146759,-0.389999985695,1.01706945896,142.855178833,-9.52235889435,8.35656738281,-0.114543527365,97172.4304199,26.1800003052,71.4544296265,False
24.6,0.119,0.038,-0.246,0.24516625,0.3334261,7.16866115,24.1299991608,18.087146759,-0.509999990463,1.01706945896,142.855178833,-9.65159320831,8.18336009979,0.143484473228,97174.4750977,26.1700000763,90.7021484375,False
24.700000000000003,0.22,-0.009,-0.254,0.196133,0.30400615,7.7276402,25.2999992371,18.087146759,-0.52999997139,1.01706945896,142.855178833,-9.82828235626,7.92997694016,0.405615270138,97172.7966309,26.1999988556,102.871894836,False
24.8,0.305,-0.047,-0.261,0.2157463,0.10787315,8.67888525,24.9499988556,18.087146759,-0.370000004768,1.01706945896,142.855178833,-10.0225505829,7.66695737839,0.530823647976,97172.5830078,26.2399997711,84.8076782227,False
24.900000000000002,0.247,-0.074,-0.199,0.4118793,0.36284605,9.60071035,24.9499988556,18.087146759,-0.359999984503,1.01706945896,142.855178833,-10.1487808228,7.48781061172,0.583070278168,97176.940918,26.2399997711,84.8076782227,False
25.0,0.101,-0.087,-0.132,0.57859235,0.40207265,10.0812362,24.6499996185,23.2865943909,-0.109999999404,-0.576438069344,148.494628906,-10.3829469681,7.17916345596,0.618871569633,97177.0751953,26.2999992371,68.0229187012,False
25.1,0.0,-0.09,-0.125,0.4511059,0.57859235,9.28689755,23.2999992371,23.2865943909,0.560000002384,-0.576438069344,148.494628906,-10.6820640564,6.75276708603,0.725836753845,97177.0751953,26.4399986267,34.3823432922,False
25.200000000000003,0.133,-0.108,-0.181,0.4118793,0.196133,9.8851032,23.2999992371,23.2865943909,0.560000002384,-0.576438069344,148.494628906,-10.7680902481,6.61900043488,0.746696949005,97176.550293,26.4399986267,34.3823432922,False
25.3,0.168,-0.135,-0.177,0.46091255,0.44129925,10.395049,22.1299991608,23.2865943909,1.42999994755,-0.576438069344,148.494628906,-11.1070175171,6.0976600647,0.757468044758,97175.7324219,26.609998703,-0.117111206055,False
25.400000000000002,0.176,-0.137,-0.153,0.6276256,0.4118793,10.77750835,22.1299991608,26.4163074493,1.44999992847,0.0789110958576,153.083450317,-11.3556747437,5.69869947433,0.720630466938,97178.8085938,26.609998703,-0.117111206055,False
25.5,0.0,-0.115,-0.146,0.5491724,0.97085835,10.6107953,21.0799999237,26.4163074493,2.66999983788,0.0789110958576,153.083450317,-11.5593900681,5.34086084366,0.723664522171,97179.1137695,26.7600002289,-31.9279670715,False
25.6,-0.189,-0.07,-0.216,0.26477955,0.784532,9.2574776,19.1999988556,26.4163074493,1.84999990463,0.0789110958576,153.083450317,-11.686923027,5.08923530579,0.791519463062,97179.0039062,26.8299999237,-39.5577430725,False
25.700000000000003,-0.216,-0.061,-0.296,0.22555295,0.63743225,9.1397978,18.3099994659,26.4163074493,2.81999993324,0.0789110958576,153.083450317,-11.8075237274,4.84028196335,0.874338448048,97181.0424805,26.9099998474,-36.2810134888,False
25.8,-0.143,-0.079,-0.362,0.2941995,0.6080123,9.65955025,18.3099994659,24.8957824707,2.80999994278,-0.308751016855,158.600036621,-11.9996414185,4.43641710281,0.97943174839,97183.8562012,27.0,-40.5006408691,False
25.900000000000002,-0.031,-0.106,-0.378,0.392266,0.36284605,9.80665,16.1700000763,24.8957824707,3.49000000954,-0.308751016855,158.600036621,-12.1932353973,4.01254558563,1.0460203886,97179.4799805,27.0999984741,-39.2570495605,False
26.0,-0.017,-0.146,-0.31,0.28439285,0.392266,10.44408225,14.8899993896,24.8957824707,3.75,-0.308751016855,158.600036621,-12.3453006744,3.63126206398,1.07547450066,97183.7402344,27.1999988556,-44.0389633179,False
26.1,-0.025,-0.174,-0.278,0.2745862,0.2549729,10.89518815,13.3299999237,24.0715007782,4.01999998093,-0.980873942375,165.776184082,-12.4886369705,3.21547079086,1.04474008083,97185.0158691,27.3099994659,-56.4407348633,False
26.200000000000003,-0.054,-0.182,-0.216,0.38245935,0.22555295,11.2188076,13.3299999237,24.0715007782,4.00999975204,-0.980873942375,165.776184082,-12.5955533981,2.87673997879,0.989388346672,97183.8745117,27.3099994659,-56.4407348633,False
26.3,-0.078,-0.183,-0.181,0.38245935,0.40207265,11.28745415,9.86999988556,24.0715007782,4.42999982834,-0.980873942375,165.776184082,-12.6629838943,2.63077163696,0.942802548409,97183.8745117,27.5,-82.6835632324,False
26.400000000000002,-0.229,-0.192,-0.147,0.32361945,0.5295591,11.62088025,8.11999988556,24.0715007782,4.58999967575,-0.980873942375,165.776184082,-12.8065433502,1.97584283352,0.814783096313,97186.9506836,27.5799999237,-86.6226196289,False
26.5,-0.175,-0.158,-0.146,0.36284605,0.3726527,10.48330885,8.11999988556,24.0715007782,4.57999992371,-0.980873942375,165.776184082,-12.8619127274,1.61437523365,0.788495361805,97188.2568359,27.6499996185,-82.3066711426,False
26.6,-0.128,-0.153,-0.142,0.30400615,0.6668522,10.0616229,6.44999980927,21.0327777863,4.61000013351,1.13557088375,171.908187866,-12.8916339874,1.34968519211,0.79007256031,97190.7470703,27.7199993134,-75.6322860718,False
26.700000000000003,-0.26,-0.168,-0.16,0.38245935,0.6472389,11.16977435,3.31999993324,21.0327777863,4.63000011444,1.13557088375,171.908187866,-12.9242420197,0.94132989645,0.656596004963,97189.7399902,27.7899990082,-74.4230270386,False
26.8,-0.247,-0.142,-0.175,0.5099458,0.2941995,12.0229529,1.65999996662,21.0327777863,4.69999980927,1.13557088375,171.908187866,-12.9357423782,0.730775237083,0.535297334194,97187.6464844,27.8400001526,-90.9189224243,False
26.900000000000002,-0.25,-0.134,-0.164,0.4903325,0.61781895,11.99353295,0.0799999982119,21.0327777863,4.71000003815,1.13557088375,171.908187866,-12.9225578308,0.353617966175,0.292486250401,97193.2495117,27.8699989319,-101.731491089,False
27.0,-0.318,-0.111,-0.171,0.4707192,0.3726527,11.375714,-1.27999997139,14.9467334747,4.63999986649,3.18470335007,177.095932007,-12.8912916183,0.0415999442339,0.0756101980805,97193.7927246,27.8799991608,-99.0705490112,False
27.1,-0.399,-0.138,-0.15,0.6668522,0.59820565,13.0036179,-2.58999991417,14.9467334747,4.69000005722,3.18470335007,177.095932007,-12.8391189575,-0.233512088656,-0.268940776587,97194.1955566,27.8699989319,-108.672142029,False
27.200000000000003,-0.49,-0.08,-0.14,0.57859235,0.34323275,11.8856598,-3.63999986649,14.9467334747,4.53999996185,3.18470335007,177.095932007,-12.8062820435,-0.34768986702,-0.397092103958,97195.8862305,27.8299999237,-107.381629944,False
27.3,-0.291,-0.074,-0.129,0.5491724,0.4511059,11.7287534,-4.42999982834,14.9467334747,4.33999967575,3.18470335007,177.095932007,-12.7090139389,-0.526122033596,-0.694589078426,97191.6687012,27.7600002289,-99.5121002197,False
27.400000000000002,-0.151,-0.091,-0.098,0.57859235,0.40207265,11.8268199,-5.05999994278,14.9467334747,4.11999988556,3.18470335007,177.095932007,-12.6536588669,-0.613120496273,-0.852648079395,97189.4897461,27.6800003052,-92.5298690796,False
27.5,-0.161,-0.082,-0.076,0.44129925,0.0784532,11.67972015,-5.58999967575,6.04478693008,3.80999994278,4.99953794479,-178.657562256,-12.5684423447,-0.689828395844,-1.03209877014,97189.4897461,27.5699996948,-80.1197052002,False
27.6,-0.17,-0.051,-0.044,0.4118793,-0.28439285,11.07170785,-6.08999967575,6.04478693008,3.37999987602,4.99953794479,-178.657562256,-12.477478981,-0.754621803761,-1.17603969574,97188.659668,27.4499988556,-58.4932327271,False
27.700000000000003,-0.095,-0.05,-0.026,0.5099458,0.392266,10.983448,-6.5499997139,6.04478693008,2.90999984741,4.99953794479,-178.657562256,-12.3938121796,-0.810645639896,-1.29416584969,97187.8662109,27.3099994659,-49.4407653809,False
27.8,-0.037,-0.047,0.012,0.392266,-0.0980665,11.44436055,-6.84999990463,6.04478693008,2.42999982834,4.99953794479,-178.657562256,-12.2759056091,-0.851608395576,-1.45724534988,97186.3708496,27.1599998474,-42.3927307129,False
27.900000000000002,-0.079,-0.031,0.034,0.48052585,0.02941995,10.8853815,-7.19999980927,3.36998677254,2.01999998093,6.05711650848,-177.753356934,-12.1402788162,-0.885152935982,-1.59323298931,97184.8205566,26.9899997711,-37.0279312134,False
28.0,0.071,-0.016,0.038,0.36284605,0.3530394,10.38524235,-7.38999986649,3.36998677254,1.53999996185,6.05711650848,-177.753356934,-12.0625686646,-0.90166914463,-1.62025630474,97184.9975586,26.8099994659,-31.4722061157,False
28.1,0.162,0.018,0.04,0.32361945,0.6472389,10.198916,-7.38999986649,3.36998677254,1.53999996185,6.05711650848,-177.753356934,-12.014125824,-0.892941117287,-1.63893795013,97180.7312012,26.8099994659,-31.4722061157,False
28.200000000000003,-0.116,0.057,-0.043,0.4707192,0.50013915,9.7085835,-7.53999996185,3.36998677254,0.75,6.05711650848,-177.753356934,-11.8659973145,-0.862877309322,-1.66255819798,97180.3344727,26.4499988556,-3.30257415771,False
28.3,-0.325,0.11,-0.101,0.3726527,0.7060788,9.03192465,-7.6299996376,3.42821335793,0.25,5.55477380753,-177.970230103,-11.7571706772,-0.851778388023,-1.57547354698,97176.4587402,26.2799987793,20.3379631042,False
28.400000000000002,-0.323,0.107,-0.1,0.196133,0.1765197,8.50236555,-7.58999967575,3.42821335793,-0.269999980927,5.55477380753,-177.970230103,-11.7034692764,-0.819653689861,-1.45194888115,97175.592041,26.109998703,44.4803237915,False
28.5,-0.342,0.119,-0.108,0.2745862,0.28439285,7.87473995,-7.59999990463,3.42821335793,-0.269999980927,5.55477380753,-177.970230103,-11.6292057037,-0.767325401306,-1.27481639385,97171.9421387,25.9699993134,66.6647949219,False
28.6,-0.3,0.111,-0.087,0.22555295,0.3726527,7.63938035,-7.51999998093,3.42821335793,-0.719999969006,5.55477380753,-177.970230103,-11.6095991135,-0.741638302803,-1.18569850922,97170.7946777,25.9699993134,66.6647949219,False
28.700000000000003,-0.136,0.093,-0.066,0.34323275,0.2549729,7.3942141,-7.08999967575,3.42821335793,-1.56999993324,5.55477380753,-177.970230103,-11.5334539413,-0.647251784801,-0.812878072262,97168.2739258,25.7399997711,108.449172974,False
28.8,-0.058,0.078,-0.051,0.3138128,-0.24516625,7.7080269,-6.84999990463,-4.18342542648,-1.9699999094,2.56644058228,-175.208175659,-11.5210456848,-0.615940690041,-0.732747554779,97168.2739258,25.6700000763,135.647109985,False
28.900000000000002,-0.048,0.079,0.021,0.40207265,-0.06864655,8.01203305,-6.57999992371,-4.18342542648,-2.30999994278,2.56644058228,-175.208175659,-11.4953327179,-0.5126298666,-0.418396323919,97166.9677734,25.6199989319,150.314331055,False
29.0,-0.001,0.072,0.058,0.50013915,0.0196133,7.9041599,-6.2999997139,-4.18342542648,-2.58999991417,2.56644058228,-175.208175659,-11.4996747971,-0.426234722137,-0.180305659771,97168.347168,25.5900001526,166.306121826,False
29.1,0.015,0.085,0.095,0.53936575,0.2941995,7.649187,-6.01999998093,-4.18342542648,-2.86999988556,2.56644058228,-175.208175659,-11.5077953339,-0.363110601902,0.0117682125419,97166.9616699,25.5799999237,184.025283813,False
29.200000000000003,-0.064,0.093,0.102,0.6668522,0.3334261,7.4334407,-5.58999967575,-4.83223819733,-3.08999991417,0.513399064541,-175.782546997,-11.5434389114,-0.237969517708,0.277434915304,97165.7775879,25.5900001526,201.135345459,False
29.3,-0.148,0.083,0.08,0.7256921,0.2157463,7.6688003,-5.03999996185,-4.83223819733,-3.25,0.513399064541,-175.782546997,-11.5728626251,-0.151197731495,0.441088140011,97165.6921387,25.6299991608,214.96925354,False
29.400000000000002,-0.168,0.09,0.06,0.6668522,0.34323275,8.28661925,-4.46999979019,-4.83223819733,-3.24000000954,0.513399064541,-175.782546997,-11.6260881424,-0.0143259195611,0.582870781422,97166.9189453,25.6899986267,209.407989502,False
29.5,-0.175,0.064,0.064,1.01008495,0.48052585,9.2574776,-3.63999986649,-4.83223819733,-3.00999999046,0.513399064541,-175.782546997,-11.7163105011,0.182172998786,0.67476439476,97167.9443359,25.7600002289,195.67137146,False
29.6,-0.098,0.078,0.036,0.9610517,0.10787315,8.75733845,-2.74000000954,-4.83223819733,-2.71000003815,0.513399064541,-175.782546997,-11.7821674347,0.30727660656,0.760409891605,97167.9443359,25.8299999237,181.5284729,False
29.700000000000003,-0.037,0.055,0.036,0.99047165,0.08825985,9.1986377,-1.79999995232,-9.03449249268,-2.32999992371,-1.98823523521,-177.470001221,-11.8715829849,0.479463517666,0.82985073328,97170.4589844,25.9099998474,163.558868408,False
29.8,0.016,0.01,0.068,0.91201845,0.24516625,9.5712904,-0.829999983311,-9.03449249268,-1.94999992847,-1.98823523521,-177.470001221,-11.9728450775,0.655355930328,0.869354903698,97170.5932617,25.9899997711,157.281204224,False
29.900000000000002,0.062,-0.016,0.082,1.0002783,0.20593965,9.6693569,0.209999993443,-9.03449249268,-1.58999991417,-1.98823523521,-177.470001221,-12.0649003983,0.836883187294,0.879193484783,97172.9431152,26.0799999237,149.385650635,False
30.0,0.105,-0.034,0.085,0.9610517,0.26477955,10.52253545,0.209999993443,-8.72373962402,-1.58999991417,-2.32991218567,-178.541366577,-12.1612272263,1.01015865803,0.833928406239,97174.005127,26.1700000763,127.480316162,False
30.1,0.175,-0.076,0.114,1.0198916,0.0392266,11.8856598,2.36999988556,-8.72373962402,-0.639999985695,-2.32991218567,-178.541366577,-12.2525377274,1.19792485237,0.652214169502,97175.9643555,26.25,87.1458053589,False
30.200000000000003,0.233,-0.064,0.125,0.89240515,0.1765197,11.18938765,3.49000000954,-8.72373962402,-0.199999988079,-2.32991218567,-178.541366577,-12.2816886902,1.27068209648,0.594615340233,97177.4414062,26.3099994659,58.8755607605,False
30.3,0.192,-0.078,0.122,0.784532,0.46091255,10.7480884,4.57999992371,-5.11120176315,0.170000001788,-1.39691591263,178.754882812,-12.406042099,1.56176888943,0.372194379568,97178.4912109,26.3499984741,52.3448944092,False
30.400000000000002,0.2,-0.059,0.105,0.73549875,0.51975245,11.09132115,4.57999992371,-5.11120176315,0.170000001788,-1.39691591263,178.754882812,-12.425110817,1.62251460552,0.325438708067,97177.9907227,26.3499984741,52.3448944092,False
30.5,0.224,-0.046,0.031,0.57859235,0.6472389,10.7088618,5.65999984741,-5.11120176315,0.399999976158,-1.39691591263,178.754882812,-12.4575834274,1.75952541828,0.232366383076,97178.0456543,26.3799991608,46.1254119873,False
30.6,0.133,-0.026,0.003,0.2745862,0.2941995,9.65955025,6.55999994278,-5.11120176315,0.489999979734,-1.39691591263,178.754882812,-12.4684038162,1.84830141068,0.196194916964,97179.1015625,26.3899993896,44.6771621704,False
30.700000000000003,0.208,-0.037,-0.005,0.24516625,0.3138128,9.4928372,7.86999988556,-5.11120176315,0.459999978542,-1.39691591263,178.754882812,-12.4575805664,1.93667161465,0.226052179933,97179.1015625,26.4200000763,47.1773147583,False
30.8,0.234,-0.045,-0.01,0.2745862,0.4118793,9.5712904,8.3499994278,0.302283942699,0.409999996424,-0.260303527117,177.733154297,-12.4489383698,1.96128904819,0.245829746127,97178.5583496,26.4399986267,57.0137023926,False
30.900000000000002,0.217,-0.049,-0.004,0.2941995,0.5491724,9.65955025,8.68999958038,0.302283942699,0.329999983311,-0.260303527117,177.733154297,-12.4236164093,1.9749352932,0.263026475906,97177.2949219,26.4599990845,59.8847389221,False
31.0,0.237,-0.041,-0.034,0.34323275,0.48052585,9.6693569,8.68999958038,0.302283942699,0.329999983311,-0.260303527117,177.733154297,-12.4161157608,1.96720838547,0.269059330225,97177.3010254,26.4599990845,59.8847389221,False
31.1,0.252,-0.047,-0.055,0.20593965,0.38245935,9.89490985,8.97999954224,0.302283942699,0.229999989271,-0.260303527117,177.733154297,-12.3884038925,1.9404386282,0.290074378252,97181.3354492,26.5100002289,57.6629638672,False
31.200000000000003,0.202,-0.041,-0.049,0.12748645,0.22555295,9.2967042,8.94999980927,0.302283942699,0.119999997318,-0.260303527117,177.733154297,-12.3530397415,1.88945150375,0.278549075127,97181.3354492,26.5399990082,55.3723335266,False
31.3,0.129,-0.039,-0.036,0.26477955,0.3138128,9.0613446,8.77999973297,5.73571538925,0.119999997318,0.720541536808,178.555267334,-12.2901134491,1.75695312023,0.382917940617,97179.6569824,26.5699996948,53.501033783,False
31.400000000000002,0.141,-0.035,-0.025,0.3138128,0.196133,9.16921775,8.55000019073,5.73571538925,0.189999997616,0.720541536808,178.555267334,-12.2604875565,1.65474951267,0.431830883026,97181.5124512,26.609998703,47.86195755,False
31.5,0.136,-0.044,-0.018,0.3138128,0.2549729,9.65955025,8.55000019073,5.73571538925,0.199999988079,0.720541536808,178.555267334,-12.2259349823,1.5521132946,0.453925967216,97180.1147461,26.6599998474,44.5785522461,False
31.6,0.189,-0.032,-0.005,0.2353596,0.1569064,8.83579165,8.0999994278,5.73571538925,0.319999992847,0.720541536808,178.555267334,-12.1939926147,1.45681428909,0.509259700775,97182.598877,26.6599998474,44.5785522461,False
31.700000000000003,0.322,-0.032,-0.012,0.2353596,0.79433865,8.4729456,7.26999998093,10.5299282074,0.629999995232,1.62883806229,179.026855469,-12.1332559586,1.27626979351,0.691647469997,97182.598877,26.7699985504,28.6071777344,False
31.8,0.088,-0.036,-0.071,0.3334261,0.5491724,9.03192465,6.80999994278,10.5299282074,0.879999995232,1.62883806229,179.026855469,-12.1069002151,1.16578543186,0.720865011215,97182.4645996,26.8499984741,18.9690589905,False
31.900000000000002,-0.07,-0.041,-0.124,0.51975245,0.7453054,9.99297635,6.17000007629,10.5299282074,1.25,1.62883806229,179.026855469,-12.0697431564,0.991819918156,0.701828062534,97181.2194824,26.9300003052,5.40199279785,False
32.0,-0.13,-0.018,-0.157,0.36284605,0.51975245,9.46341725,5.56999969482,10.5299282074,1.51999998093,1.62883806229,179.026855469,-12.0473966599,0.892153739929,0.722452819347,97185.3027344,27.0,2.97479629517,False
32.1,-0.145,-0.004,-0.2,0.392266,0.4118793,9.42419065,5.56999969482,10.5299282074,1.50999999046,1.62883806229,179.026855469,-12.0368595123,0.83498197794,0.74629253149,97188.5681152,27.0,2.97479629517,False
32.2,-0.165,-0.016,-0.203,0.4511059,0.46091255,9.99297635,4.40000009537,9.61131668091,2.0,1.633451581,-177.740615845,-11.9975128174,0.637471318245,0.743891954422,97188.3483887,27.1599998474,-0.593566894531,False
32.300000000000004,-0.148,-0.025,-0.194,0.34323275,0.34323275,9.75761675,3.81999993324,9.61131668091,2.15999984741,1.633451581,-177.740615845,-11.9631328583,0.495951622725,0.776688694954,97184.765625,27.2399997711,2.98004150391,False
32.4,-0.193,-0.027,-0.182,0.40207265,0.392266,9.58109705,3.30999994278,9.61131668091,2.29999995232,1.633451581,-177.740615845,-11.9511947632,0.406788706779,0.808536291122,97187.487793,27.3299999237,10.9436035156,False
32.5,-0.235,-0.029,-0.149,0.4511059,0.0392266,9.7674234,2.73000001907,6.65363836288,2.3599998951,1.47318053246,-174.280990601,-11.9255447388,0.282667249441,0.797753334045,97186.4807129,27.4200000763,24.9968528748,False
32.6,-0.314,-0.048,-0.102,0.63743225,0.16671305,10.395049,2.73000001907,6.65363836288,2.3599998951,1.47318053246,-174.280990601,-11.9200153351,0.244513347745,0.769362151623,97188.0126953,27.4200000763,24.9968528748,False
32.7,0.119,-0.065,-0.089,0.6276256,0.18632635,10.591182,1.75999999046,6.65363836288,2.37999987602,1.47318053246,-174.280990601,-11.8969516754,0.119581907988,0.645901978016,97185.6567383,27.5699996948,29.6834945679,False
32.800000000000004,0.225,-0.033,-0.071,0.5687857,-0.24516625,9.6889702,1.16999995708,5.74571657181,2.22000002861,2.20804572105,-172.296432495,-11.8633413315,-0.0272395387292,0.620990157127,97189.4714355,27.6299991608,42.1664237976,False
32.9,0.22,-0.049,0.005,0.65704555,-0.2157463,10.2577559,0.359999984503,5.74571657181,2.14999985695,2.20804572105,-172.296432495,-11.841791153,-0.157214507461,0.585270524025,97188.8793945,27.6899986267,45.1041221619,False
33.0,0.101,-0.062,0.076,0.6080123,-0.10787315,10.2381426,0.359999984503,5.74571657181,2.15999984741,2.20804572105,-172.296432495,-11.8156375885,-0.290249288082,0.539599180222,97194.5495605,27.6899986267,45.1041221619,False
33.1,-0.074,-0.071,0.138,0.7649187,-0.1372931,10.2577559,-1.4699999094,5.74571657181,2.01999998093,2.20804572105,-172.296432495,-11.7739229202,-0.486130714417,0.435307055712,97189.4836426,27.7799987793,48.8946914673,False
33.2,-0.24,-0.067,0.18,0.7256921,0.44129925,10.50292215,-2.11999988556,5.74571657181,1.92999994755,2.20804572105,-172.296432495,-11.7622289658,-0.51921659708,0.392950683832,97192.4194336,27.8199996948,48.9587783813,False
33.300000000000004,-0.348,-0.033,0.155,0.79433865,0.67665885,10.4146623,-2.48000001907,5.05811071396,1.88999998569,3.97979807854,-174.842498779,-11.7270612717,-0.579206526279,0.287228137255,97195.489502,27.8499984741,41.9933319092,False
33.4,-0.36,-0.005,0.092,0.87279185,0.8433719,10.42446895,-2.48000001907,5.05811071396,1.88999998569,3.97979807854,-174.842498779,-11.7223205566,-0.567821681499,0.255341649055,97193.0786133,27.8499984741,41.9933319092,False
33.5,-0.222,0.046,-0.033,0.91201845,0.588399,10.002783,-2.52999997139,5.05811071396,1.91999995708,3.97979807854,-174.842498779,-11.7044000626,-0.493920534849,0.19066683948,97194.0185547,27.8899993896,40.1109695435,False
33.6,-0.088,0.062,-0.072,0.7453054,0.59820565,9.22805765,-2.37999987602,5.05811071396,1.93999993801,3.97979807854,-174.842498779,-11.7039785385,-0.459298938513,0.217671319842,97195.7397461,27.8899993896,40.1109695435,False
33.7,-0.12,0.044,-0.109,0.81395195,0.4511059,9.28689755,-1.95999991894,-0.501793861389,1.84999990463,3.65765500069,-175.782684326,-11.7061786652,-0.378288149834,0.324079930782,97199.3591309,27.9200000763,63.5988235474,False
33.800000000000004,-0.145,0.042,-0.101,0.784532,0.22555295,8.9632781,-1.95999991894,-0.501793861389,1.84999990463,3.65765500069,-175.782684326,-11.7060966492,-0.360013395548,0.325583070517,97197.9736328,27.9200000763,63.5988235474,False
33.9,-0.205,0.013,-0.059,0.9022118,0.0196133,9.52225715,-1.45999991894,-0.501793861389,1.81999993324,3.65765500069,-175.782684326,-11.7394704819,-0.250235944986,0.360739678144,97197.4060059,27.9899997711,84.6953430176,False
34.0,-0.125,0.011,-0.019,1.06892485,-0.0980665,9.7478101,-1.15999996662,-0.501793861389,1.84999990463,3.65765500069,-175.782684326,-11.7683582306,-0.197971925139,0.354974001646,97196.0388184,28.0399990082,80.7864227295,False
34.1,-0.127,0.002,0.046,0.9610517,0.06864655,9.7674234,-1.15999996662,-0.501793861389,1.84999990463,3.65765500069,-175.782684326,-11.7816333771,-0.134398788214,0.329412847757,97196.3439941,28.0399990082,80.7864227295,False
34.2,-0.066,-0.013,0.071,1.0983448,0.12748645,10.2185293,-0.209999993443,-4.552339077,1.86000001431,2.85838723183,-174.051086426,-11.8367938995,0.000105782295577,0.310344815254,97195.5444336,28.109998703,84.4103851318,False
34.300000000000004,0.022,0.007,0.093,1.06892485,0.08825985,9.7281968,0.340000003576,-4.552339077,1.83999991417,2.85838723183,-174.051086426,-11.8618717194,0.108387358487,0.306114017963,97195.2148438,28.1399993896,81.848526001,False
34.4,0.052,-0.018,0.122,0.9022118,0.2941995,10.3362091,0.340000003576,-4.552339077,1.82999992371,2.85838723183,-174.051086426,-11.8861198425,0.179687485099,0.271273314953,97199.3286133,28.1399993896,81.848526001,False
34.5,0.192,0.02,0.107,1.0198916,0.14709975,8.32584585,1.51999998093,-4.54395389557,1.87999999523,2.64483237267,-176.218017578,-11.9250764847,0.317616224289,0.383135229349,97197.479248,28.1999988556,83.8411331177,False
34.6,0.256,0.022,0.094,0.9414384,0.28439285,7.65899365,2.00999999046,-4.54395389557,1.92999994755,2.64483237267,-176.218017578,-11.9655189514,0.401722609997,0.493746936321,97200.402832,28.2399997711,89.9208068848,False
34.7,0.108,-0.018,0.061,1.06892485,0.02941995,9.4928372,2.00999999046,-4.54395389557,1.92999994755,2.64483237267,-176.218017578,-11.9753160477,0.445304065943,0.519201874733,97200.6774902,28.2399997711,89.9208068848,False
34.800000000000004,0.183,-0.043,0.064,1.1571847,0.1372931,10.4735022,2.80999994278,-4.54395389557,2.27999997139,2.64483237267,-176.218017578,-12.0215511322,0.513411283493,0.455538898706,97200.6774902,28.3400001526,65.3719940186,False
34.9,0.229,-0.026,0.095,0.89240515,0.28439285,9.67916355,3.05999994278,-0.987466037273,2.42999982834,2.79495620728,-177.970733643,-12.0420465469,0.558690607548,0.471004396677,97199.4689941,28.3899993896,63.9546394348,False
35.0,0.184,-0.017,0.092,0.784532,0.4314926,9.0613446,3.05999994278,-0.987466037273,2.42999982834,2.79495620728,-177.970733643,-12.0494327545,0.570905983448,0.492349267006,97202.1606445,28.3899993896,63.9546394348,False
35.1,-0.176,-0.044,0.086,1.176798,0.6276256,10.5127288,3.72000002861,-0.987466037273,2.66999983788,2.79495620728,-177.970733643,-12.0864076614,0.64265692234,0.430113255978,97203.0273438,28.4799995422,59.9338531494,False
35.2,-0.11,-0.031,0.001,1.01008495,0.5687857,11.1011278,4.19000005722,-0.987466037273,3.0,2.79495620728,-177.970733643,-12.1072683334,0.721274137497,0.261404901743,97205.1879883,28.5199985504,30.0186157227,False
35.300000000000004,-0.204,-0.016,1.95943487864e-18,1.3533177,0.3530394,11.07170785,4.19000005722,-0.987466037273,3.0,2.79495620728,-177.970733643,-12.1157073975,0.753396034241,0.203457668424,97205.1879883,28.5199985504,30.0186157227,False
35.4,-0.232,-0.019,0.019,1.2944778,0.4314926,11.62088025,5.44999980927,-2.53091096878,3.51999998093,3.62166929245,-179.764862061,-12.1294221878,0.857927083969,0.0236825924367,97203.3813477,28.5599994659,2.49328613281,False
35.5,0.039,-0.021,-0.009,1.0983448,0.48052585,11.6895268,6.19000005722,-2.53091096878,3.73000001907,3.62166929245,-179.764862061,-12.1627845764,1.04289615154,-0.287742584944,97201.8249512,28.5499992371,-14.3362045288,False
35.6,0.16,-0.04,-0.007,1.10815145,0.4903325,12.0229529,6.92999982834,-2.53091096878,3.81999993324,3.62166929245,-179.764862061,-12.1655550003,1.09081482887,-0.377262681723,97204.4433594,28.5100002289,-27.1947860718,False
35.7,0.237,-0.017,-0.002,1.0002783,0.3530394,10.38524235,7.42999982834,-1.10859429836,3.76999998093,4.17015457153,-179.753341675,-12.1563005447,1.2171895504,-0.561087310314,97201.3183594,28.4599990845,-19.2064285278,False
35.800000000000004,0.3,-0.004,0.023,0.9022118,0.30400615,9.87529655,7.42999982834,-1.10859429836,3.76999998093,4.17015457153,-179.753341675,-12.1450195312,1.24900472164,-0.588491380215,97201.3183594,28.4599990845,-19.2064285278,False
35.9,0.081,-0.034,0.012,0.7256921,0.48052585,10.1204628,8.28999996185,-1.10859429836,3.49000000954,4.17015457153,-179.753341675,-12.112112999,1.28544235229,-0.628280580044,97198.0041504,28.3400001526,-2.66876220703,False
36.0,0.114,-0.006,-0.018,0.69627215,0.1372931,9.7085835,8.51999950409,-1.10859429836,3.27999997139,4.17015457153,-179.753341675,-12.0747203827,1.29285693169,-0.661138117313,97196.4355469,28.2699985504,-0.0844955444336,False
36.1,0.206,-0.02,0.001,0.61781895,0.4118793,9.8654899,8.69999980927,2.14351153374,3.08999991417,4.41564416885,-179.871246338,-12.0170860291,1.28218400478,-0.665506124496,97195.6481934,28.1999988556,7.92360305786,False
36.2,0.234,0.013,-0.031,0.57859235,0.1765197,8.69849855,8.69999980927,2.14351153374,3.08999991417,4.41564416885,-179.871246338,-12.0008440018,1.27362084389,-0.656255662441,97190.9484863,28.1999988556,7.92360305786,False
36.300000000000004,0.226,0.018,-0.041,0.61781895,0.1372931,8.48275225,8.67000007629,2.14351153374,2.62999987602,4.41564416885,-179.871246338,-11.9409799576,1.20113348961,-0.512578904629,97190.9484863,28.0599994659,32.9440116882,False
36.4,0.127,0.014,-0.039,0.61781895,0.14709975,8.56120545,8.48999977112,6.08620119095,2.41999983788,4.25318479538,-179.411239624,-11.9022884369,1.11948335171,-0.392581671476,97194.4091797,28.0,41.1961555481,False
36.5,0.153,0.006,-0.019,0.59820565,0.38245935,8.85540495,8.48999977112,6.08620119095,2.41999983788,4.25318479538,-179.411239624,-11.8725938797,1.05901074409,-0.318850964308,97193.9758301,27.9499988556,48.9760398865,False
36.6,0.065,0.003,-0.045,0.8237586,0.5099458,9.11037785,8.27999973297,6.08620119095,2.26999998093,4.25318479538,-179.411239624,-11.8584823608,0.996238589287,-0.253207981586,97194.354248,27.9499988556,48.9760398865,False
36.7,0.045,-7.59281015471e-18,-0.062,0.83356525,0.5687857,9.28689755,8.03999996185,6.08620119095,2.18000006676,4.25318479538,-179.411239624,-11.8423252106,0.932302594185,-0.198105365038,97192.1020508,27.9200000763,50.2624511719,False
36.800000000000004,0.02,-9.797174393180001e-18,-0.08,0.8237586,0.4903325,9.36535075,7.40999984741,7.89584827423,2.11999988556,3.98928809166,-178.611831665,-11.832157135,0.8581340909,-0.157954335213,97192.1020508,27.8699989319,53.9604187012,False
36.9,0.047,0.026,-0.101,0.99047165,0.30400615,8.79656505,6.96000003815,7.89584827423,2.18000006676,3.98928809166,-178.611831665,-11.8281116486,0.678497135639,-0.0463921502233,97192.6208496,27.859998703,50.8408546448,False
37.0,0.059,0.035,-0.099,1.02969825,0.2941995,8.7083052,6.96999979019,7.89584827423,2.18000006676,3.98928809166,-178.611831665,-11.8254289627,0.657089114189,-0.0188280418515,97195.4772949,27.859998703,50.8408546448,False
37.1,0.027,0.004,-0.089,0.9022118,0.42168595,9.9243298,6.58999967575,7.89584827423,2.24000000954,3.98928809166,-178.611831665,-11.8316526413,0.542944610119,0.0141806537285,97192.980957,27.859998703,48.7097740173,False
37.2,0.002,0.013,-0.056,0.8629852,0.38245935,9.38496405,6.01999998093,8.71557712555,2.33999991417,3.35026335716,-176.658218384,-11.8365535736,0.339343488216,-0.0113865295425,97192.1325684,27.8699989319,33.217048645,False
37.300000000000004,-0.039,-0.005,-0.061,1.10815145,0.30400615,9.5516771,4.98000001907,8.71557712555,2.5,3.35026335716,-176.658218384,-11.8448581696,0.263715356588,0.024252191186,97192.1325684,27.8699989319,33.217048645,False
37.4,-0.02,0.007,-0.056,1.04931155,0.34323275,9.3163175,4.98000001907,8.71557712555,2.5,3.35026335716,-176.658218384,-11.8598394394,0.125201374292,0.0852455571294,97195.0134277,27.8699989319,43.3157920837,False
37.5,-0.023,0.024,-0.053,0.8825985,0.44129925,8.8455983,4.09999990463,8.50410175323,2.58999991417,3.00660061836,-175.70161438,-11.87358284,-0.00763584859669,0.203983336687,97191.6748047,27.8899993896,48.9760398865,False
37.6,-0.041,0.025,-0.078,1.0002783,0.46091255,8.629852,3.62999987602,8.50410175323,2.66999983788,3.00660061836,-175.70161438,-11.9027881622,-0.102820254862,0.332738906145,97192.4255371,27.9200000763,50.9246826172,False
37.7,-0.06,0.018,-0.096,0.9610517,0.4511059,8.85540495,3.62999987602,8.50410175323,2.66999983788,3.00660061836,-175.70161438,-11.9108066559,-0.139820978045,0.375950425863,97191.7724609,27.9200000763,50.9246826172,False
37.800000000000004,-0.094,0.01,-0.094,0.980665,0.44129925,9.2967042,3.16999983788,8.50410175323,2.81999993324,3.00660061836,-175.70161438,-11.9439229965,-0.248282507062,0.478361219168,97190.625,28.0,59.428024292,False
37.9,-0.075,0.001,-0.087,0.93163175,0.4118793,9.2967042,2.74000000954,7.12861204147,2.9399998188,2.07121729851,-173.847351074,-11.9796953201,-0.355062395334,0.552140712738,97192.3706055,28.0499992371,60.6862068176,False
38.0,0.0,-1.17566092718e-17,-0.096,1.08853815,0.22555295,9.09076455,2.74000000954,7.12861204147,2.9399998188,2.07121729851,-173.847351074,-12.0092754364,-0.446274369955,0.593865215778,97189.8803711,28.109998703,63.481426239,False
38.1,0.002,-0.045,-0.073,1.08853815,0.26477955,10.3165958,2.96000003815,7.12861204147,3.13999986649,2.07121729851,-173.847351074,-12.042514801,-0.561023235321,0.541180729866,97195.6176758,28.1599998474,52.6473999023,False
38.2,-0.045,-0.043,-0.036,1.16699135,0.1176798,10.5127288,2.96000003815,7.12861204147,3.13999986649,2.07121729851,-173.847351074,-12.0530967712,-0.625887751579,0.468138843775,97193.0541992,28.1599998474,52.6473999023,False
38.300000000000004,-0.093,-0.052,0.003,1.22583125,0.12748645,10.73828175,2.39999985695,7.12861204147,3.29999995232,2.07121729851,-173.847351074,-12.0711517334,-0.717234432697,0.383606076241,97197.3876953,28.2099990845,39.5691871643,False
38.400000000000006,-0.163,-0.059,0.024,0.980665,0.2353596,10.22833595,2.70000004768,5.67055082321,3.51999998093,2.76690673828,-172.43661499,-12.1075000763,-0.861385941505,0.314332187176,97197.0703125,28.2699985504,19.6049690247,False
38.5,-0.204,-0.064,0.031,1.14737805,0.32361945,10.40485565,2.5,5.67055082321,3.58999991417,2.76690673828,-172.43661499,-12.1102333069,-0.907375514507,0.243020832539,97193.3166504,28.2899990082,19.811630249,False
38.6,-0.113,-0.05,0.024,1.2356379,0.2353596,10.4931155,2.47000002861,5.67055082321,3.63999986649,2.76690673828,-172.43661499,-12.126162529,-0.941425561905,0.12591253221,97199.4445801,28.3099994659,14.887714386,False
38.7,-0.098,-0.083,0.041,0.99047165,0.42168595,11.6895268,2.47000002861,5.67055082321,3.63999986649,2.76690673828,-172.43661499,-12.1306705475,-0.945672929287,0.104100525379,97195.526123,28.3099994659,14.887714386,False
38.800000000000004,-0.047,-0.048,0.027,0.9414384,0.6276256,11.0030613,4.92999982834,2.82415413857,3.80999994278,3.93626070023,-173.032196045,-12.1192321777,-0.942349553108,-0.152454704046,97197.5341797,28.2999992371,-17.0951843262,False
38.900000000000006,-0.085,-0.106,0.01,1.2552512,0.6668522,12.97419795,4.92999982834,2.82415413857,3.80999994278,3.93626070023,-173.032196045,-12.1174383163,-0.928664267063,-0.334105521441,97195.5627441,28.2999992371,-17.0951843262,False
39.0,0.088,-0.051,-0.06,1.22583125,0.2745862,12.5132854,6.46999979019,2.16588544846,4.0499997139,5.06027317047,-173.035003662,-12.1049728394,-0.911351263523,-0.565850257874,97199.8352051,28.1899986267,-45.2878952026,False
39.1,0.169,-0.054,-0.058,1.14737805,1.47598998329e-15,12.05237285,6.61999988556,2.16588544846,3.9399998188,5.06027317047,-173.035003662,-12.0446949005,-0.944188952446,-0.995347857475,97198.1323242,28.0900001526,-42.3093795776,False
39.2,0.135,-0.029,-0.015,0.83356525,0.1176798,10.8069283,9.07999992371,2.16588544846,3.57999992371,5.06027317047,-173.035003662,-11.9727344513,-0.993367314339,-1.06452000141,97194.0429688,27.9799995422,-31.5073013306,False
39.300000000000004,0.111,-0.013,0.02,0.61781895,0.0588399,10.05181625,9.23999977112,2.16588544846,3.26999998093,5.06027317047,-173.035003662,-11.8938856125,-1.04361474514,-1.14318490028,97195.6054688,27.859998703,-25.2368927002,False
39.400000000000006,0.202,-0.044,0.029,0.65704555,0.02941995,10.34601575,9.22999954224,5.00081825256,3.27999997139,5.75543832779,-172.763168335,-11.8507394791,-1.08437597752,-1.2003121376,97193.5302734,27.7299995422,-33.0898284912,False
39.5,0.277,-0.021,0.049,0.65704555,0.30400615,10.11065615,10.0500001907,5.00081825256,2.89999985695,5.75543832779,-172.763168335,-11.7469167709,-1.18215417862,-1.26984751225,97190.2954102,27.5900001526,-31.8935394287,False
39.6,0.145,-0.009,0.028,0.53936575,-0.02941995,9.414384,10.0500001907,5.00081825256,2.90999984741,5.75543832779,-172.763168335,-11.6826810837,-1.25680148602,-1.26940739155,97187.109375,27.5900001526,-31.8935394287,False
39.7,0.118,0.038,0.038,0.3530394,0.0980665,6.6096821,10.7199993134,5.00081825256,2.24000000954,5.75543832779,-172.763168335,-11.5778036118,-1.35704731941,-0.927801668644,97188.293457,27.3199996948,5.02967834473,False
39.800000000000004,0.186,0.05,-0.007,0.4118793,0.22555295,5.87418335,10.7199993134,5.00081825256,2.24000000954,5.75543832779,-172.763168335,-11.5493841171,-1.39401173592,-0.711881935596,97184.4055176,27.3199996948,5.02967834473,False
39.900000000000006,0.195,0.045,-0.046,0.44129925,0.4903325,6.56064885,13.1199998856,9.62427425385,1.40999996662,5.6403927803,-173.566635132,-11.5071372986,-1.45236361027,-0.424632102251,97183.1726074,27.1599998474,89.6781005859,False
40.0,0.024,0.078,-0.094,0.588399,0.36284605,6.81562175,13.3299999237,9.62427425385,1.06999993324,5.6403927803,-173.566635132,-11.4293355942,-1.58359062672,0.00350385741331,97183.1298828,27.1299991608,101.039215088,False
40.1,0.105,0.058,-0.121,0.69627215,0.4903325,8.40429905,14.0,11.2299966812,1.75,4.46908807755,-172.511154175,-11.4234628677,-1.60947918892,0.0402694530785,97183.8562012,27.1399993896,90.9515380859,False
40.2,0.117,0.033,-0.134,0.83356525,0.36284605,8.3356525,14.0,11.2299966812,1.75,4.46908807755,-172.511154175,-11.3858680725,-1.79821193218,0.2616340518,97181.842041,27.1700000763,86.3698959351,False
40.300000000000004,0.106,0.03,-0.13,0.9022118,0.4511059,8.6690786,14.0499992371,11.2299966812,1.22000002861,4.46908807755,-172.511154175,-11.3741769791,-1.95791614056,0.388009011745,97183.404541,27.1700000763,86.3698959351,False
40.400000000000006,0.062,0.067,-0.118,1.02969825,0.3726527,8.0610663,14.6899995804,11.2299966812,1.30999994278,4.46908807755,-172.511154175,-11.3698196411,-2.1084394455,0.533797860146,97186.8896484,27.2099990845,85.0167236328,False
40.5,0.004,0.061,-0.12,1.372931,0.44129925,8.5121722,14.75,13.4019794464,1.45999991894,2.58388614655,-169.758499146,-11.3911409378,-2.26870250702,0.683731615543,97183.2092285,27.3299999237,87.5936508179,False
40.6,0.032,0.06,-0.125,1.01008495,0.83356525,8.3356525,14.8099994659,13.4019794464,1.75999999046,2.58388614655,-169.758499146,-11.4148006439,-2.38962340355,0.756372451782,97186.2854004,27.3299999237,87.5936508179,False
40.7,-0.048,0.073,-0.179,1.08853815,0.73549875,8.5317855,17.4300003052,13.4019794464,2.47000002861,2.58388614655,-169.758499146,-11.4546880722,-2.511282444,0.877880752087,97188.3239746,27.5,63.6995315552,False
40.800000000000004,0.012,0.026,-0.209,1.57887065,0.36284605,9.2574776,18.3799991608,13.4019794464,2.97000002861,2.58388614655,-169.758499146,-11.5291395187,-2.7934718132,1.00329709053,97193.5119629,27.5999984741,53.9628982544,False
40.900000000000006,0.036,0.014,-0.191,1.176798,0.55897905,9.5712904,18.609998703,13.3358297348,3.38999986649,0.939272165298,-166.961959839,-11.5812559128,-2.9963889122,1.0237596035,97193.5119629,27.7099990845,47.0211029053,False
41.0,-0.037,-0.021,-0.157,1.1964113,0.5295591,10.28717585,18.609998703,13.3358297348,3.38999986649,0.939272165298,-166.961959839,-11.6073884964,-3.12364935875,1.00058698654,97189.2333984,27.7099990845,47.0211029053,False
41.1,-0.092,-0.046,-0.128,1.2356379,0.38245935,10.30678915,18.7399997711,13.3358297348,3.77999997139,0.939272165298,-166.961959839,-11.6484746933,-3.3088850975,0.960012733936,97193.0358887,27.8199996948,35.3149414062,False
41.2,0.0,-0.082,-0.12,1.2356379,0.4118793,11.01286795,19.609998703,13.3358297348,4.07999992371,0.939272165298,-166.961959839,-11.6820678711,-3.53473377228,0.886514246464,97194.342041,27.9200000763,26.2962341309,False
41.300000000000004,0.191,-0.076,-0.117,0.9610517,0.392266,10.5715687,22.0299987793,13.2334003448,5.23999977112,0.926610887051,-163.217788696,-11.7010297775,-3.89205527306,0.79696315527,97195.1599121,28.0999984741,-2.09369659424,False
41.400000000000006,0.267,-0.066,-0.104,0.980665,0.2353596,9.44380395,22.0900001526,13.2334003448,4.80999994278,0.926610887051,-163.217788696,-11.684879303,-4.13536787033,0.777785420418,97192.3828125,28.1800003052,-20.0385093689,False
41.5,0.238,-0.078,-0.096,0.784532,0.5295591,9.12999115,22.1399993896,13.2334003448,4.92999982834,0.926610887051,-163.217788696,-11.6438522339,-4.34578037262,0.873482108116,97193.1152344,28.2600002289,-24.79429245,False
41.6,0.192,-0.107,-0.114,0.83356525,0.57859235,9.8262633,22.859998703,17.6459465027,4.50999975204,1.7689460516,-160.80279541,-11.584151268,-4.64944219589,0.907482266426,97199.2858887,28.3400001526,-31.8015098572,False
41.7,0.121,-0.098,-0.135,1.0002783,0.44129925,10.11065615,22.6000003815,17.6459465027,5.48000001907,1.7689460516,-160.80279541,-11.5741014481,-4.71019887924,0.891112744808,97196.8078613,28.4300003052,-36.2718582153,False
41.800000000000004,0.099,-0.107,-0.151,1.02969825,0.63743225,10.7677017,22.6000003815,17.6459465027,5.48000001907,1.7689460516,-160.80279541,-11.4917469025,-5.05613327026,0.856775820255,97196.1120605,28.4300003052,-36.2718582153,False
41.900000000000006,0.096,-0.088,-0.169,0.91201845,0.69627215,10.5323421,23.6499996185,17.6459465027,6.10999965668,1.7689460516,-160.80279541,-11.3594818115,-5.5383234024,0.791337907314,97194.8791504,28.5999984741,-64.511680603,False
42.0,0.107,-0.11,-0.187,0.8825985,0.7256921,10.73828175,23.2399997711,17.6459465027,6.36999988556,1.7689460516,-160.80279541,-11.3345308304,-5.60473966599,0.76382380724,97201.1535645,28.6700000763,-78.2703399658,False
42.1,0.143,-0.134,-0.213,0.9414384,0.61781895,11.11093445,25.1399993896,21.1199302673,7.41999959946,2.83852243423,-155.621124268,-11.2226018906,-5.91957759857,0.717279016972,97198.8342285,28.7299995422,-96.4054107666,False
42.2,0.137,-0.113,-0.219,1.0395049,0.42168595,10.50292215,24.6899986267,21.1199302673,7.00999975204,2.83852243423,-155.621124268,-11.0041389465,-6.46176576614,0.624639093876,97198.8342285,28.7999992371,-110.832305908,False
42.300000000000004,0.063,-0.117,-0.201,0.93163175,0.53936575,10.4735022,24.9300003052,21.1199302673,6.52999973297,2.83852243423,-155.621124268,-10.8403158188,-6.79564762115,0.583880126476,97202.3193359,28.8499984741,-115.422348022,False
42.400000000000006,0.043,-0.118,-0.22,0.7649187,0.69627215,10.58137535,24.4099998474,23.3579216003,7.42999982834,3.43797564507,-150.892166138,-10.6289396286,-7.18965768814,0.519239187241,97202.3193359,28.8999996185,-132.353027344,False
42.5,0.071,-0.11,-0.244,0.93163175,0.63743225,10.7677017,23.75,23.3579216003,7.76999998093,3.43797564507,-150.892166138,-10.4761943817,-7.46635961533,0.468592524529,97203.2897949,28.9399986267,-143.179702759,False
42.6,0.02,-0.116,-0.274,0.79433865,0.7649187,10.64021525,23.75,23.3579216003,7.77999973297,3.43797564507,-150.892166138,-10.2923192978,-7.80111503601,0.43234026432,97201.2084961,28.9399986267,-143.179702759,False
42.7,0.039,-0.11,-0.302,0.89240515,0.53936575,10.5323421,25.0599994659,24.5960273743,8.23999977112,3.3049530983,-145.916549683,-10.0789604187,-8.13460159302,0.431654661894,97201.2084961,29.0199985504,-154.184906006,False
42.800000000000004,0.059,-0.136,-0.306,0.77472535,0.6668522,10.89518815,25.1499996185,24.5960273743,8.44999980927,3.3049530983,-145.916549683,-9.78938579559,-8.54026317596,0.399121850729,97204.8706055,29.0499992371,-162.413208008,False
42.900000000000006,0.017,-0.148,-0.289,0.73549875,0.30400615,10.5127288,24.3199996948,24.5960273743,8.64999961853,3.3049530983,-145.916549683,-9.57025909424,-8.81854534149,0.388545811176,97203.9611816,29.0799999237,-170.893280029,False
43.0,0.026,-0.16,-0.272,0.8237586,0.38245935,11.01286795,23.4300003052,25.4784488678,8.88000011444,3.32320594788,-141.002227783,-9.23438072205,-9.23213100433,0.338473439217,97203.2104492,29.109998703,-183.003051758,False
43.1,0.008,-0.174,-0.246,0.7453054,0.42168595,11.05209455,24.0799999237,25.4784488678,9.05000019073,3.32320594788,-141.002227783,-8.92054748535,-9.57200813293,0.290835350752,97203.9367676,29.1399993896,-194.199188232,False
43.2,-0.059,-0.18,-0.217,0.67665885,0.28439285,10.8069283,24.0799999237,25.4784488678,9.05000019073,3.32320594788,-141.002227783,-8.79105091095,-9.70368480682,0.273787260056,97203.8391113,29.1399993896,-194.199188232,False
43.300000000000004,-0.087,-0.168,-0.207,0.6668522,0.3138128,10.3558224,24.2199993134,25.4784488678,9.18999958038,3.32320594788,-141.002227783,-8.34955024719,-10.1223325729,0.265412420034,97203.5583496,29.1799983978,-189.666931152,False
43.400000000000006,-0.093,-0.179,-0.196,0.63743225,0.59820565,10.8265416,23.3899993896,25.4784488678,9.22000026703,3.32320594788,-141.002227783,-8.03039455414,-10.396522522,0.242909163237,97202.9968262,29.1999988556,-192.195709229,False
43.5,0.019,-0.173,-0.217,0.71588545,0.55897905,11.0619012,23.0299987793,25.0524406433,9.31999969482,5.04126262665,-132.785827637,-7.69137525558,-10.6565113068,0.200057864189,97200.3356934,29.2099990845,-196.871185303,False
43.6,0.025,-0.167,-0.22,0.73549875,0.4314926,10.8265416,23.0199985504,25.0524406433,9.31999969482,5.04126262665,-132.785827637,-7.55410718918,-10.7588882446,0.180636540055,97202.6123047,29.2099990845,-196.871185303,False
43.7,-0.042,-0.156,-0.223,0.65704555,0.4511059,10.67944185,20.9499988556,25.0524406433,9.35999965668,5.04126262665,-132.785827637,-6.9827003479,-11.1503152847,0.134586676955,97203.515625,29.2199993134,-194.735534668,False
43.800000000000004,-0.074,-0.161,-0.222,0.75511205,0.7060788,11.1207411,20.9399986267,25.0524406433,9.35999965668,5.04126262665,-132.785827637,-6.69432973862,-11.3377895355,0.0862328633666,97203.6010742,29.2199993134,-204.129211426,False
43.900000000000006,-0.066,-0.159,-0.226,0.81395195,0.7060788,11.18938765,20.2399997711,25.202091217,9.48999977112,6.02819061279,-127.501480103,-6.39574766159,-11.521487236,0.0431421808898,97202.0202637,29.2099990845,-199.361801147,False
44.0,-0.073,-0.15,-0.233,0.784532,0.53936575,10.95402805,19.4699993134,25.202091217,9.5,6.02819061279,-127.501480103,-5.87482976913,-11.8037891388,-0.045515794307,97202.0202637,29.1999988556,-198.207275391,False
44.1,-0.131,-0.149,-0.242,0.79433865,0.5491724,10.8265416,18.2799987793,25.202091217,9.43999958038,6.02819061279,-127.501480103,-5.49175262451,-11.9814014435,-0.0826168954372,97202.355957,29.1799983978,-191.289138794,False
44.2,-0.084,-0.145,-0.243,0.8629852,0.4314926,10.8265416,18.2799987793,25.202091217,9.43999958038,6.02819061279,-127.501480103,-5.26435947418,-12.0850515366,-0.122912704945,97203.3203125,29.1799983978,-191.289138794,False
44.300000000000004,-0.027,-0.13,-0.245,0.8825985,0.6668522,11.07170785,16.2999992371,23.989774704,9.4299993515,6.82309627533,-120.704826355,-4.72838783264,-12.3068113327,-0.199348732829,97200.5859375,29.1199989319,-191.614715576,False
44.400000000000006,-0.059,-0.12,-0.235,0.87279185,0.6668522,10.79712165,16.2999992371,23.989774704,9.42000007629,6.82309627533,-120.704826355,-4.42836380005,-12.4248323441,-0.220834329724,97203.1311035,29.1199989319,-191.614715576,False
44.5,-0.107,-0.11,-0.223,0.8433719,0.5295591,10.62060195,14.0499992371,23.989774704,10.1499996185,6.82309627533,-120.704826355,-3.91807723045,-12.6042957306,-0.259253650904,97202.1789551,29.0399990082,-206.011779785,False
44.6,-0.174,-0.099,-0.224,0.9022118,0.59820565,10.54214875,12.7999992371,23.989774704,9.51000022888,6.82309627533,-120.704826355,-3.63467907906,-12.702085495,-0.25813177228,97198.815918,29.0,-203.970046997,False
44.7,-0.135,-0.082,-0.227,0.83356525,0.55897905,10.3362091,11.4899997711,22.7614707947,8.77999973297,6.83610439301,-114.955116272,-3.29069375992,-12.7855472565,-0.256955951452,97201.8737793,28.9599990845,-199.879745483,False
44.800000000000004,-0.178,-0.077,-0.225,0.89240515,0.392266,9.9831697,10.2600002289,22.7614707947,9.51000022888,6.83610439301,-114.955116272,-2.9616048336,-12.8745689392,-0.250215560198,97200.6835938,28.9200000763,-204.392059326,False
44.900000000000006,-0.174,-0.073,-0.221,0.980665,0.4314926,10.14988275,8.97999954224,22.7614707947,9.63000011444,6.83610439301,-114.955116272,-2.57431316376,-12.9582662582,-0.269543021917,97199.4506836,28.8799991608,-214.891815186,False
45.0,-0.14,-0.069,-0.224,0.8825985,0.6276256,10.34601575,7.71999979019,19.9604263306,9.71000003815,6.54045629501,-109.701194763,-2.33568525314,-13.0171108246,-0.284793198109,97197.0703125,28.8400001526,-211.293792725,False
45.1,-0.156,-0.074,-0.215,0.8825985,0.5687857,10.3165958,6.46999979019,19.9604263306,9.71000003815,6.54045629501,-109.701194763,-1.97228181362,-13.0759515762,-0.299032896757,97197.6257324,28.7899990082,-210.454940796,False
45.2,-0.133,-0.07,-0.21,0.9022118,0.5099458,10.38524235,5.19999980927,19.9604263306,9.76000022888,6.54045629501,-109.701194763,-1.74086046219,-13.1212615967,-0.324519336224,97196.3012695,28.75,-207.519348145,False
45.300000000000004,-0.023,-0.076,-0.204,0.9022118,0.22555295,10.6107953,3.81999993324,19.9604263306,9.81999969482,6.54045629501,-109.701194763,-1.42545282841,-13.1591129303,-0.380532056093,97200.6286621,28.6899986267,-219.081115723,False
45.400000000000006,-0.077,-0.098,-0.172,0.8825985,0.50013915,10.787315,2.37999987602,18.5384140015,9.82999992371,6.44466018677,-105.294090271,-1.30641663074,-13.1678562164,-0.412386506796,97196.887207,28.6299991608,-219.6065979,False
45.5,-0.257,-0.083,-0.15,0.9414384,0.4314926,10.9049948,2.37999987602,18.5384140015,9.81999969482,6.44466018677,-105.294090271,-0.87601518631,-13.1929597855,-0.497477352619,97194.5861816,28.5699996948,-225.621032715,False
45.6,-0.173,-0.082,-0.131,0.89240515,0.20593965,10.2969825,-0.379999995232,18.5384140015,9.78999996185,6.44466018677,-105.294090271,-0.506982028484,-13.2111473083,-0.573240041733,97196.8322754,28.5,-223.295410156,False
45.7,-0.122,-0.088,-0.117,0.91201845,0.392266,10.6696352,-1.66999995708,15.3016557693,9.77999973297,7.19145679474,-101.719177246,-0.354507029057,-13.1921434402,-0.617666244507,97192.4438477,28.4200000763,-228.101348877,False
45.800000000000004,-0.12,-0.064,-0.122,0.83356525,0.2353596,10.2381426,-2.89999985695,15.3016557693,9.67000007629,7.19145679474,-101.719177246,-0.0216616932303,-13.1666698456,-0.650151371956,97190.3015137,28.3400001526,-218.749053955,False
45.900000000000006,-0.118,-0.052,-0.125,0.77472535,0.3138128,9.93413645,-2.89999985695,15.3016557693,9.67000007629,7.19145679474,-101.719177246,0.0197687260807,-13.1537904739,-0.661548018456,97194.0673828,28.3400001526,-218.749053955,False
46.0,-0.209,-0.044,-0.131,0.7060788,0.4314926,9.80665,-5.19000005722,15.3016557693,9.34000015259,7.19145679474,-101.719177246,0.330626994371,-13.1045875549,-0.644919991493,97188.0004883,28.1499996185,-198.745727539,False
46.1,-0.254,-0.026,-0.14,0.7453054,0.30400615,9.5909037,-5.19000005722,15.3016557693,9.32999992371,7.19145679474,-101.719177246,0.485221683979,-13.0582637787,-0.641379833221,97188.0004883,28.1499996185,-198.745727539,False
46.2,-0.27,-0.028,-0.134,0.7453054,0.2353596,9.6497436,-6.25,15.3016557693,9.18999958038,7.19145679474,-101.719177246,0.550580263138,-13.0415039062,-0.636265158653,97188.6169434,28.0699996948,-199.355316162,False
46.300000000000004,-0.192,-0.026,-0.111,0.8041453,0.5099458,9.7281968,-8.28999996185,11.3787612915,8.92000007629,7.31248235703,-98.3765258789,0.852976381779,-12.9320497513,-0.645062685013,97184.3811035,27.8899993896,-188.804046631,False
46.400000000000006,-0.173,-0.037,-0.081,0.784532,0.2353596,10.11065615,-9.09000015259,11.3787612915,8.77999973297,7.31248235703,-98.3765258789,1.00256288052,-12.8757371902,-0.68990623951,97184.7961426,27.7999992371,-176.211364746,False
46.5,-0.333,-0.056,-0.06,0.8629852,0.1372931,10.34601575,-9.82999992371,11.3787612915,8.61999988556,7.31248235703,-98.3765258789,1.09944796562,-12.7958049774,-0.738762915134,97183.8562012,27.7099990845,-168.063171387,False
46.6,-0.259,-0.012,-0.061,0.85317855,0.06864655,9.610517,-10.4200000763,5.85455465317,8.46000003815,7.70524501801,-96.073928833,1.14634990692,-12.7438926697,-0.724388539791,97184.7229004,27.609998703,-169.212341309,False
46.7,-0.222,0.021,-0.052,0.9218251,0.3530394,9.022118,-10.8999996185,5.85455465317,8.25,7.70524501801,-96.073928833,1.18476736546,-12.6622591019,-0.678832888603,97184.4482422,27.5100002289,-146.201141357,False
46.800000000000004,-0.314,0.031,-0.041,0.89240515,0.4707192,8.8652116,-11.2100000381,5.85455465317,7.98000001907,7.70524501801,-96.073928833,1.20573091507,-12.6196546555,-0.625458180904,97179.4616699,27.4200000763,-123.705482483,False
46.900000000000006,-0.295,0.031,-0.018,1.01008495,0.42168595,9.1986377,-11.2100000381,5.85455465317,7.98000001907,7.70524501801,-96.073928833,1.19772660732,-12.5625925064,-0.585046410561,97182.6721191,27.4200000763,-123.705482483,False
47.0,-0.262,0.03,-0.006,0.95124505,-0.0588399,9.0417313,-11.4699993134,5.85455465317,7.56999969482,7.70524501801,-96.073928833,1.15643942356,-12.4975919724,-0.522265732288,97180.7861328,27.25,-101.091957092,False
47.1,-0.275,0.032,0.018,0.9414384,-0.0784532,8.99269805,-11.4600000381,-2.22976493835,7.33999967575,6.81758213043,-95.1140213013,1.10834407806,-12.4447641373,-0.452986836433,97180.1879883,27.1800003052,-81.8172454834,False
47.2,-0.22,0.064,0.041,0.8433719,-0.06864655,7.87473995,-11.3599996567,-2.22976493835,7.08999967575,6.81758213043,-95.1140213013,1.02723550797,-12.4016265869,-0.243578150868,97181.3049316,27.1199989319,-67.7989959717,False
47.300000000000004,-0.239,0.058,0.079,0.8433719,0.0980665,7.87473995,-11.1099996567,-2.22976493835,6.80999994278,6.81758213043,-95.1140213013,0.930525124073,-12.3441886902,-0.0573882237077,97179.5227051,27.0900001526,-36.2012863159,False
47.400000000000006,-0.199,0.056,0.079,0.9218251,-0.06864655,7.7864801,-11.1199998856,-2.22976493835,6.80999994278,6.81758213043,-95.1140213013,0.859371483326,-12.3239116669,0.0476391389966,97179.9133301,27.0900001526,-36.2012863159,False
47.5,-0.201,0.038,0.103,1.0198916,0.20593965,8.0218397,-10.7600002289,-2.22976493835,6.67000007629,6.81758213043,-95.1140213013,0.743865132332,-12.2875757217,0.240190938115,97179.1870117,27.0699996948,-25.8815765381,False
47.6,-0.203,0.026,0.12,1.1571847,0.06864655,8.22777935,-9.84000015259,-8.39409065247,6.3799996376,5.16689682007,-96.7253570557,0.550183296204,-12.2686128616,0.454831421375,97179.1870117,27.0999984741,24.4162559509,False
47.7,-0.016,-0.01,0.147,1.3337044,-0.08825985,8.85540495,-9.10999965668,-8.39409065247,6.38999986649,5.16689682007,-96.7253570557,0.381953418255,-12.2362594604,0.511878669262,97181.6223145,27.1399993896,20.8333969116,False
47.800000000000004,-0.011,-0.034,0.182,1.48080415,0.1765197,9.73800345,-9.10999965668,-8.39409065247,6.38999986649,5.16689682007,-96.7253570557,0.313712626696,-12.2379379272,0.516289591789,97183.9355469,27.1399993896,20.8333969116,False
47.900000000000006,-0.012,-0.042,0.229,1.55925735,0.1176798,9.7281968,-7.36999988556,-10.1915502548,6.50999975204,4.76273679733,-100.187431335,-0.00624492298812,-12.2237491608,0.506243228912,97186.9689941,27.2299995422,30.7859420776,False
48.0,-0.061,-0.054,0.26,1.73577705,0.32361945,10.0616229,-6.2999997139,-10.1915502548,6.5,4.76273679733,-100.187431335,-0.135053634644,-12.2250156403,0.513521373272,97184.0026855,27.2799987793,37.1496200562,False
48.1,-0.037,-0.063,0.259,1.71616375,0.3530394,10.2773692,-5.11999988556,-10.1915502548,6.48000001907,4.76273679733,-100.187431335,-0.419792443514,-12.1892213821,0.479986697435,97184.753418,27.3299999237,38.1202697754,False
48.2,0.006,-0.063,0.24,1.7455837,0.32361945,10.0420096,-5.11999988556,-10.1915502548,6.48999977112,4.76273679733,-100.187431335,-0.604634165764,-12.1713237762,0.497104674578,97186.2976074,27.3799991608,41.689491272,False
48.300000000000004,-0.037,-0.043,0.237,1.7455837,0.28439285,9.6497436,-2.44000005722,-11.4492073059,6.44000005722,4.79416036606,-105.277198792,-0.944995522499,-12.1131954193,0.527602434158,97188.092041,27.4200000763,51.1807441711,False
48.400000000000006,-0.045,-0.041,0.223,1.7848103,0.196133,9.3555441,-0.979999959469,-11.4492073059,6.44999980927,4.79416036606,-105.277198792,-1.2061098814,-12.0806951523,0.537773907185,97187.5732422,27.4699993134,62.3704910278,False
48.5,-0.005,-0.049,0.227,1.6671305,0.4511059,9.9439431,0.550000011921,-11.4492073059,6.46999979019,4.79416036606,-105.277198792,-1.42131018639,-12.0177850723,0.551710128784,97189.6179199,27.5199985504,57.5826644897,False
48.6,0.046,-0.061,0.198,1.85345685,0.3334261,10.0616229,2.19000005722,-12.4718236923,6.5,4.79812431335,-109.420822144,-1.68202841282,-11.9745521545,0.580708563328,97186.9873047,27.5799999237,62.8211021423,False
48.7,0.121,-0.03,0.181,1.6671305,0.3138128,9.30651085,2.19000005722,-12.4718236923,6.5,4.79812431335,-109.420822144,-1.8883626461,-11.9068031311,0.595094501972,97190.8874512,27.5799999237,62.8211021423,False
48.800000000000004,0.227,-0.046,0.157,1.75539035,0.2941995,9.5909037,5.40000009537,-12.4718236923,6.61999988556,4.79812431335,-109.420822144,-2.23922872543,-11.8124675751,0.553118467331,97196.270752,27.6899986267,59.6430778503,False
48.900000000000006,0.216,-0.098,0.141,2.02997655,0.2549729,11.15016105,7.00999975204,-12.4718236923,6.77999973297,4.79812431335,-109.420822144,-2.43383812904,-11.7410373688,0.457592248917,97196.3989258,27.75,53.8114547729,False
49.0,0.238,-0.082,0.161,1.8632635,0.3138128,10.65982855,8.56999969482,-12.4718236923,6.76999998093,4.79812431335,-109.420822144,-2.69601130486,-11.6631364822,0.307160049677,97199.1638184,27.7899990082,46.3458061218,False
49.1,0.228,-0.088,0.165,2.0201699,0.26477955,10.99325465,9.98999977112,-7.90480327606,6.83999967575,5.91333150864,-115.073883057,-2.81268835068,-11.609539032,0.25684773922,97193.9025879,27.8299999237,30.765247345,False
49.2,0.24,-0.083,0.146,1.96133,0.3138128,10.52253545,11.3000001907,-7.90480327606,6.83999967575,5.91333150864,-115.073883057,-3.04773736,-11.5115232468,0.112889692187,97199.395752,27.8699989319,32.2021484375,False
49.300000000000004,0.299,-0.078,0.128,1.79461695,0.3334261,10.22833595,12.4299993515,-7.90480327606,6.84999990463,5.91333150864,-115.073883057,-3.04773736,-11.5115232468,0.112889692187,97195.3674316,27.8899993896,23.8642692566,False
49.400000000000006,0.377,-0.077,0.116,1.7063571,0.44129925,10.3362091,13.4200000763,-7.90480327606,6.88999986649,5.91333150864,-115.073883057,-3.2663192749,-11.3461236954,0.00857646949589,97196.7102051,27.8999996185,12.4252319336,False
49.5,0.334,-0.075,0.075,1.81423025,0.4903325,10.4735022,14.2199993134,-1.05123317242,6.94999980927,7.54895067215,-118.431762695,-3.32516121864,-11.2579488754,-0.0652300268412,97195.3552246,27.9099998474,11.2031936646,False
49.6,0.253,-0.046,0.071,1.77500365,0.61781895,10.0812362,14.2199993134,-1.05123317242,6.94999980927,7.54895067215,-118.431762695,-3.35244774818,-11.2310171127,-0.108162090182,97195.3552246,27.9099998474,11.2031936646,False
49.7,0.205,-0.074,0.031,1.7063571,0.67665885,10.67944185,14.8800001144,-1.05123317242,7.0,7.54895067215,-118.431762695,-3.37312269211,-11.1609859467,-0.198711574078,97197.5036621,27.9099998474,6.32028579712,False
49.800000000000004,0.191,-0.05,0.008,1.569064,0.69627215,10.198916,15.4200000763,-1.05123317242,7.1299996376,7.54895067215,-118.431762695,-3.38351750374,-11.1092662811,-0.259639799595,97194.5739746,27.8799991608,-6.40354156494,False
49.900000000000006,0.252,-0.01,-0.043,1.4513842,0.71588545,9.81645665,16.2399997711,3.73177981377,7.13999986649,8.59871196747,-119.170326233,-3.34671545029,-11.0437955856,-0.264472216368,97197.1435547,27.859998703,-21.6207504272,False
50.0,0.229,-0.004,-0.074,1.50041745,0.6472389,9.4339973,16.4899997711,3.73177981377,7.1299996376,8.59871196747,-119.170326233,-3.34671545029,-11.0437955856,-0.264472216368,97193.9025879,27.8400001526,-15.8084869385,False
50.1,0.158,0.008,-0.085,1.5494507,0.4903325,9.1790244,16.5599994659,3.73177981377,7.19000005722,8.59871196747,-119.170326233,-3.22378253937,-10.9865589142,-0.197346642613,97191.7419434,27.8199996948,-11.7643356323,False
50.2,0.151,0.028,-0.099,1.28467115,0.4118793,8.30623255,16.609998703,3.73177981377,7.15999984741,8.59871196747,-119.170326233,-3.16251587868,-10.9860649109,-0.10165129602,97197.6867676,27.7999992371,-6.69345855713,False
50.300000000000004,0.202,0.022,-0.106,1.2160246,0.61781895,8.79656505,16.5799999237,3.73177981377,7.23000001907,8.59871196747,-119.170326233,-3.06498670578,-10.9769706726,-0.0212995838374,97194.4641113,27.7999992371,-14.0760421753,False
50.400000000000006,0.206,0.018,-0.122,1.2944778,0.4511059,8.5710121,16.5900001526,9.21681118011,7.23999977112,8.09517288208,-116.944747925,-2.95356726646,-11.0004968643,0.0682500600815,97193.951416,27.8099994659,-23.7728118896,False
50.5,0.179,0.006,-0.132,1.24544455,0.5687857,8.97308475,16.4499988556,9.21681118011,7.39999961853,8.09517288208,-116.944747925,-2.90224695206,-11.0097103119,0.101084157825,97195.2148438,27.8099994659,-23.7728118896,False
50.6,0.156,-0.014,-0.124,1.34351105,0.63743225,9.44380395,15.8399991989,9.21681118011,7.7999997139,8.09517288208,-116.944747925,-2.6673541069,-11.0641651154,0.252614140511,97193.2250977,27.859998703,-36.2661361694,False
50.7,0.126,-0.03,-0.122,1.32389775,0.5099458,9.5320638,15.3099994659,9.21681118011,8.10999965668,8.09517288208,-116.944747925,-2.44969916344,-11.1221523285,0.275173693895,97193.7927246,27.8899993896,-49.4501113892,False
50.800000000000004,0.084,-0.019,-0.111,1.44157755,0.50013915,9.20844435,14.7699995041,13.5965824127,8.38999938965,7.4785695076,-113.90561676,-2.31443810463,-11.1697731018,0.292483866215,97192.96875,27.9300003052,-62.180519104,False
50.900000000000006,0.003,-0.015,-0.128,1.5102241,0.5295591,9.5712904,14.1599998474,13.5965824127,8.63999938965,7.4785695076,-113.90561676,-2.16584992409,-11.2066373825,0.309161424637,97194.4458008,27.9300003052,-62.180519104,False
51.0,-0.034,-0.034,-0.141,1.4906108,0.6276256,10.03220295,13.5199995041,14.0376768112,8.98999977112,7.32963562012,-111.959350586,-1.94433772564,-11.2904596329,0.318234741688,97196.0998535,28.0100002289,-90.9484863281,False
51.1,-0.061,-0.007,-0.147,1.36312435,0.4314926,9.26728425,12.7699995041,14.0376768112,9.21000003815,7.32963562012,-111.959350586,-1.71481060982,-11.3474187851,0.330137103796,97194.9645996,28.0499992371,-94.1717147827,False
51.2,-0.001,-0.031,-0.153,1.3533177,0.5687857,9.8654899,12.0900001526,14.0376768112,9.38999938965,7.32963562012,-111.959350586,-1.56749951839,-11.3955860138,0.365531027317,97196.2341309,28.0900001526,-95.1463699341,False
51.300000000000004,0.009,-0.016,-0.148,1.2944778,0.3138128,9.4536106,11.2399997711,13.9542198181,9.5999994278,6.93842697144,-109.329620361,-1.3214199543,-11.455072403,0.365347892046,97196.2341309,28.1399993896,-98.791885376,False
51.400000000000006,-0.001,-0.027,-0.143,1.2552512,0.30400615,8.91424485,10.4200000763,13.9542198181,9.76999950409,6.93842697144,-109.329620361,-1.16766226292,-11.503745079,0.414425343275,97194.4335938,28.1800003052,-103.732872009,False
51.5,-0.029,-0.019,-0.131,1.22583125,0.44129925,8.8063717,9.52999973297,13.9542198181,9.85999965668,6.93842697144,-109.329620361,-0.97289532423,-11.5405797958,0.493327349424,97193.3349609,28.2299995422,-98.1805801392,False
51.6,-0.095,-0.02,-0.134,1.0983448,0.4903325,8.9632781,8.67000007629,13.9542198181,9.96999931335,6.93842697144,-109.329620361,-0.79623824358,-11.590508461,0.570642650127,97196.6369629,28.2799987793,-94.7015762329,False
51.7,-0.085,-0.036,-0.128,1.14737805,0.5491724,9.2770909,7.76999998093,13.5864305496,10.1199998856,6.65030813217,-106.613807678,-0.567149698734,-11.6334848404,0.657887101173,97196.6369629,28.3499984741,-103.836250305,False
51.800000000000004,-0.049,-0.066,-0.129,1.3533177,0.588399,9.91452315,6.86999988556,13.5864305496,10.3400001526,6.65030813217,-106.613807678,-0.418628096581,-11.6804227829,0.670271515846,97195.9350586,28.4200000763,-105.499839783,False
51.900000000000006,-0.161,-0.086,-0.102,1.4513842,0.4903325,10.52253545,5.83999967575,13.5864305496,10.5900001526,6.65030813217,-106.613807678,-0.259816378355,-11.7099571228,0.620694220066,97195.4528809,28.4899997711,-111.255645752,False
52.0,-0.176,-0.08,-0.087,1.53964405,0.55897905,10.5715687,4.92000007629,13.5864305496,10.7600002289,6.65030813217,-106.613807678,-0.0555822774768,-11.7731990814,0.560063004494,97195.4528809,28.5599994659,-111.358833313,False
52.1,-0.164,-0.047,-0.099,1.50041745,0.61781895,10.002783,3.99000000954,11.3335323334,10.8199996948,7.29465389252,-103.644180298,0.143262043595,-11.8061466217,0.536952197552,97200.390625,28.6199989319,-110.841560364,False
52.2,-0.148,-0.048,-0.086,1.4513842,0.5099458,9.93413645,3.14999985695,11.3335323334,10.8099994659,7.29465389252,-103.644180298,0.251281559467,-11.828666687,0.526624143124,97196.1608887,28.6700000763,-100.032997131,False
52.300000000000004,-0.167,-0.039,-0.071,1.4317709,0.4314926,9.8458766,2.28999996185,11.3335323334,10.8000001907,7.29465389252,-103.644180298,0.394219607115,-11.8453817368,0.510022878647,97197.4731445,28.7199993134,-85.9134674072,False
52.400000000000006,-0.162,-0.056,-0.055,1.5298374,0.50013915,10.3165958,1.54999995232,11.3335323334,10.8000001907,7.29465389252,-103.644180298,0.508614182472,-11.8712968826,0.452708750963,97197.644043,28.7699985504,-78.9180755615,False
52.5,-0.098,-0.036,-0.07,1.5298374,0.4511059,9.77723005,0.810000002384,8.04595661163,10.6899995804,7.8293671608,-101.719894409,0.610730707645,-11.8742303848,0.457132160664,97197.644043,28.8099994659,-64.1729354858,False
52.6,-0.146,-0.026,-0.057,1.5886773,0.34323275,9.3751574,0.159999996424,8.04595661163,10.5999994278,7.8293671608,-101.719894409,0.719588637352,-11.8880090714,0.473545312881,97200.7019043,28.859998703,-59.8051071167,False
52.7,-0.149,-0.041,-0.04,1.5886773,0.5099458,9.79684335,-0.449999988079,8.04595661163,10.5699996948,7.8293671608,-101.719894409,0.797506690025,-11.8861179352,0.459127515554,97200.8972168,28.8999996185,-53.6615371704,False
52.800000000000004,-0.162,-0.045,-0.025,1.63771055,0.32361945,9.50264385,-0.449999988079,8.04595661163,10.5699996948,7.8293671608,-101.719894409,0.805430173874,-11.8827886581,0.453084558249,97202.545166,28.8999996185,-53.6615371704,False
52.900000000000006,-0.196,-0.062,-0.008,1.91229675,0.6080123,10.44408225,-1.32999992371,5.23839092255,10.5699996948,8.39034748077,-100.537185669,0.875757813454,-11.8808784485,0.344928920269,97204.4433594,28.9799995422,-51.2308120728,False
53.0,-0.202,-0.039,-0.014,2.0201699,0.44129925,10.11065615,-1.58999991417,5.23839092255,10.5900001526,8.39034748077,-100.537185669,0.877646446228,-11.8874053955,0.270122379065,97205.859375,29.0100002289,-43.0948257446,False
53.1,-0.213,-0.037,-0.027,2.02997655,0.32361945,10.1793027,-1.77999997139,5.23839092255,10.5500001907,8.39034748077,-100.537185669,0.869314014912,-11.8722505569,0.192215919495,97207.0068359,29.0399990082,-35.1034164429,False
53.2,-0.248,-0.054,-0.007,2.2555295,0.32361945,10.83634825,-1.82999992371,5.23839092255,10.5,8.39034748077,-100.537185669,0.844199836254,-11.8711652756,0.0898556560278,97209.0148926,29.0599994659,-32.6385498047,False
53.300000000000004,-0.153,-0.046,0.004,1.8632635,0.4707192,10.591182,-1.81999993324,-0.0458647720516,10.4200000763,9.59827899933,-100.118782043,0.804920196533,-11.8361730576,-0.0255706179887,97209.765625,29.0699996948,-25.0289916992,False
53.400000000000006,-0.122,-0.053,0.022,2.18688295,0.28439285,10.58137535,-1.68999993801,-0.0458647720516,10.3000001907,9.59827899933,-100.118782043,0.747735202312,-11.8109960556,-0.11304859072,97208.9111328,29.0699996948,-26.0637283325,False
53.5,-0.105,-0.073,0.043,2.1182364,0.3138128,10.6892485,-1.55999994278,-2.03323602676,10.1899995804,10.3137693405,-100.502670288,0.689782440662,-11.7724628448,-0.208521336317,97210.2416992,29.0499992371,-10.8715057373,False
53.6,-0.09,-0.065,0.056,2.20649625,0.18632635,10.32640245,-1.32999992371,-2.03323602676,10.0199995041,10.3137693405,-100.502670288,0.658205151558,-11.7614240646,-0.235948562622,97203.0212402,29.0299987793,0.84924697876,False
53.7,-0.104,-0.024,0.104,2.01036325,0.46091255,9.62032365,-1.05999994278,-2.03323602676,9.77999973297,10.3137693405,-100.502670288,0.500485658646,-11.6870651245,-0.322653859854,97212.7563477,29.0,25.0051498413,False
53.800000000000004,-0.112,-0.029,0.113,2.2947561,0.4903325,9.69877685,-1.05999994278,-2.03323602676,9.77999973297,10.3137693405,-100.502670288,0.405538827181,-11.6459293365,-0.358517557383,97212.7563477,28.9699993134,33.8087081909,False
53.900000000000006,-0.075,-0.017,0.083,2.42224255,0.5099458,10.0223963,-0.599999964237,-2.03323602676,9.53999996185,10.3137693405,-100.502670288,0.307860255241,-11.610915184,-0.397569894791,97208.2702637,28.9699993134,33.8087081909,False
54.0,-0.051,0.004,0.076,2.1182364,0.57859235,9.69877685,0.539999961853,-4.76552200317,9.22000026703,11.0396051407,-102.696601868,0.139475151896,-11.557179451,-0.43465334177,97205.480957,28.8899993896,54.6838760376,False
54.1,0.031,6.0007693158200006e-18,0.049,2.4124359,0.4707192,9.2967042,1.22000002861,-4.76552200317,9.05999946594,11.0396051407,-102.696601868,0.0109066199511,-11.5255832672,-0.461634069681,97209.4665527,28.8499984741,67.8825378418,False
54.2,0.063,-0.024,0.051,2.1966896,0.4511059,10.1400761,1.83999991417,-4.76552200317,8.81999969482,11.0396051407,-102.696601868,-0.122710615396,-11.4997205734,-0.481125712395,97209.8022461,28.8099994659,76.4395751953,False
54.300000000000004,0.072,-0.009,0.071,2.6281822,0.196133,9.69877685,1.83999991417,-4.76552200317,8.81999969482,11.0396051407,-102.696601868,-0.193174257874,-11.4694681168,-0.490750014782,97209.0393066,28.8099994659,76.4395751953,False
54.400000000000006,0.059,1.06544271526e-17,0.087,2.2555295,0.40207265,9.610517,3.03999996185,-4.5475730896,8.56999969482,11.1760644913,-104.008560181,-0.354159921408,-11.4470014572,-0.492671042681,97209.4726562,28.7199993134,82.9570770264,False
54.5,0.042,0.009,0.117,2.53992235,0.4118793,9.11037785,3.03999996185,-4.5475730896,8.56999969482,11.1760644913,-104.008560181,-0.44606846571,-11.4196987152,-0.492132723331,97208.5083008,28.6700000763,79.8026123047,False
54.6,0.049,0.006,0.131,2.61837555,0.38245935,9.22805765,3.65999984741,-4.5475730896,8.53999996185,11.1760644913,-104.008560181,-0.588673532009,-11.3886394501,-0.480926454067,97209.2956543,28.6399993896,84.9156341553,False
54.7,0.19,0.006,0.076,2.5889556,0.4707192,9.0025047,4.94999980927,-3.93368768692,8.39999961853,10.9872236252,-106.140625,-0.696054756641,-11.3794984818,-0.449168801308,97207.0983887,28.5999984741,75.0413894653,False
54.800000000000004,0.223,0.013,0.074,2.52030905,0.392266,8.63965865,5.48000001907,-3.93368768692,8.3499994278,10.9872236252,-106.140625,-0.768944382668,-11.3789491653,-0.408466666937,97207.0983887,28.5699996948,87.1700286865,False
54.900000000000006,0.197,-0.001,0.083,2.42224255,0.1569064,8.8455983,5.85999965668,-3.93368768692,8.21000003815,10.9872236252,-106.140625,-0.850895941257,-11.3778915405,-0.294338971376,97205.9875488,28.5399990082,105.43107605,False
55.0,0.169,-0.003,0.098,2.3143694,0.2157463,8.81617835,6.28999996185,-3.93368768692,8.17000007629,10.9872236252,-106.140625,-0.896096527576,-11.396065712,-0.224772840738,97204.6081543,28.5299987793,120.612716675,False
55.1,0.101,0.013,0.111,2.7066354,0.53936575,8.26700595,6.73000001907,0.0107948472723,8.11999988556,10.7411708832,-108.503684998,-0.960024356842,-11.4023256302,-0.139235109091,97207.6599121,28.5199985504,133.943557739,False
55.2,0.087,0.007,0.074,2.81450855,0.4118793,8.67888525,6.73000001907,0.0107948472723,8.11999988556,10.7411708832,-108.503684998,-0.960024356842,-11.4023256302,-0.139235109091,97208.807373,28.5199985504,133.943557739,False
55.300000000000004,0.078,0.024,0.073,2.7850886,0.69627215,8.3552658,7.53999996185,0.0107948472723,8.22999954224,10.7411708832,-108.503684998,-1.08990085125,-11.4753370285,-0.00145811215043,97210.5895996,28.5399990082,123.48613739,False
55.400000000000006,0.122,0.024,0.04,2.89296175,0.3530394,9.0613446,7.98999977112,0.0107948472723,8.3499994278,10.7411708832,-108.503684998,-1.13712656498,-11.5317983627,0.0365765094757,97203.8269043,28.5699996948,130.453399658,False
55.5,0.163,0.035,0.015,3.03025485,0.6864655,9.03192465,8.4299993515,0.0107948472723,8.47000026703,10.7411708832,-108.503684998,-1.19138622284,-11.5781879425,0.052517760545,97206.3964844,28.5900001526,127.698608398,False
55.6,0.11,0.022,-0.013,3.04986815,0.51975245,9.5909037,8.4299993515,2.66869163513,8.47000026703,10.0291061401,-110.101928711,-1.23407113552,-11.619799614,0.062533698976,97207.2937012,28.5900001526,127.698608398,False
55.7,0.103,0.014,-0.011,3.08909475,0.48052585,10.0223963,8.84000015259,2.66869163513,8.60999965668,10.0291061401,-110.101928711,-1.25919878483,-11.6821308136,0.0143279014155,97212.7868652,28.6199989319,115.024093628,False
55.800000000000004,0.15,0.015,-1.83697019872e-18,3.0400615,0.5099458,10.01258965,9.40999984741,2.66869163513,9.05999946594,10.0291061401,-110.101928711,-1.26381552219,-11.7262506485,-0.0719568729401,97209.6923828,28.6599998474,63.1066322327,False
55.900000000000006,0.132,0.008,0.027,2.9223817,0.65704555,10.14988275,9.51999950409,4.72144651413,9.25,9.68934345245,-110.033363342,-1.25531589985,-11.8433799744,-0.217312857509,97207.3974609,28.6599998474,49.9890327454,False
56.0,0.066,-0.01,0.007,2.83412185,0.588399,10.198916,9.61999988556,4.72144651413,9.42000007629,9.68934345245,-110.033363342,-1.24116539955,-11.8942890167,-0.28711783886,97209.9914551,28.6599998474,27.0080566406,False
56.1,0.115,-0.038,-0.021,2.6085689,0.42168595,10.5519554,9.57999992371,4.72144651413,9.5,9.68934345245,-110.033363342,-1.21349048615,-11.9349689484,-0.384013801813,97206.4147949,28.6499996185,22.3698616028,False
56.2,0.191,-0.025,-0.023,2.2359162,0.71588545,10.07142955,9.56999969482,6.6574716568,9.5,9.97822093964,-110.015930176,-1.18529820442,-11.9417295456,-0.431178689003,97205.1635742,28.6499996185,22.3698616028,False
56.300000000000004,0.168,-0.055,-0.055,2.3928226,0.4511059,10.32640245,9.26999950409,6.6574716568,9.68999958038,9.97822093964,-110.015930176,-1.06961500645,-11.9955768585,-0.52162873745,97204.4128418,28.5900001526,-9.45148468018,False
56.400000000000006,0.159,-0.067,-0.044,2.02997655,0.4707192,10.4342756,8.93999958038,6.6574716568,9.73999977112,9.97822093964,-110.015930176,-0.978022575378,-12.0148763657,-0.587885975838,97204.7241211,28.5499992371,-17.1545028687,False
56.5,0.156,-0.057,-0.018,1.93191005,0.89240515,10.65982855,8.46000003815,9.99331092834,9.80000019073,10.7735671997,-109.160842896,-0.893258035183,-12.0113620758,-0.652464807034,97200.2685547,28.4899997711,-33.0938339233,False
56.6,0.2,-0.053,-0.07,1.8632635,0.99047165,10.60098865,8.46000003815,9.99331092834,9.80000019073,10.7735671997,-109.160842896,-0.773556470871,-12.016500473,-0.747615993023,97203.6682129,28.4899997711,-33.0938339233,False
56.7,0.133,-0.029,-0.114,1.75539035,0.9022118,9.85568325,7.36999988556,9.99331092834,9.81999969482,10.7735671997,-109.160842896,-0.606848537922,-12.0285587311,-0.802340447903,97200.7873535,28.3499984741,-39.4723892212,False
56.800000000000004,-0.053,0.005,-0.169,1.95152335,0.5491724,9.5516771,6.73000001907,9.99331092834,9.71999931335,10.7735671997,-109.160842896,-0.469464063644,-12.0365152359,-0.799832284451,97200.7873535,28.2699985504,-32.9336166382,False
56.900000000000006,-0.058,-0.008,-0.168,1.69655045,0.7649187,9.80665,5.90000009537,12.5098638535,9.65999984741,10.7259969711,-106.161582947,-0.307701557875,-12.0307579041,-0.785698652267,97199.2248535,28.1899986267,-39.6968841553,False
57.0,-0.032,-0.018,-0.17,1.83384355,0.6080123,10.7088618,5.07999992371,12.5098638535,9.68999958038,10.7259969711,-106.161582947,-0.135949745774,-12.046254158,-0.859802424908,97196.270752,28.109998703,-54.8311233521,False
57.1,-0.105,-0.011,-0.163,1.55925735,0.588399,10.2185293,4.11999988556,12.5098638535,9.76999950409,10.7259969711,-106.161582947,0.0769581347704,-12.0374927521,-0.900545716286,97193.5668945,28.0199985504,-74.0674972534,False
57.2,-0.175,-0.017,-0.147,1.50041745,0.53936575,9.9831697,4.11999988556,12.5098638535,9.76999950409,10.7259969711,-106.161582947,0.144335120916,-12.0351791382,-0.90619456768,97191.6137695,28.0199985504,-74.0674972534,False
57.300000000000004,-0.158,-0.014,-0.132,1.4709975,0.55897905,9.69877685,2.29999995232,12.5098638535,9.76000022888,10.7259969711,-106.161582947,0.274405151606,-12.0259408951,-0.907408118248,97191.6137695,27.8299999237,-73.9189147949,False
57.400000000000006,-0.133,-0.003,-0.115,1.372931,0.46091255,9.4339973,1.42999994755,10.2601509094,9.63999938965,10.0549993515,-101.999839783,0.54061961174,-12.0043077469,-0.845176458359,97190.4174805,27.7299995422,-79.9385070801,False
57.5,-0.089,-1.20015386316e-17,-0.098,1.3337044,0.1176798,8.7083052,1.42999994755,10.2601509094,9.63999938965,10.0549993515,-101.999839783,0.634157955647,-11.9925746918,-0.791179776192,97187.5915527,27.7299995422,-79.9385070801,False
57.6,-0.085,0.003,-0.058,1.3533177,0.08825985,8.4925589,0.52999997139,10.2601509094,9.5999994278,10.0549993515,-101.999839783,0.771090745926,-11.9699373245,-0.709176659584,97185.925293,27.6399993896,-75.4049301147,False
57.7,-0.086,-0.022,-0.025,1.3140911,0.196133,8.8848249,-0.310000002384,10.2601509094,9.51000022888,10.0549993515,-101.999839783,0.903928816319,-11.9339380264,-0.641841113567,97184.967041,27.5499992371,-74.1170883179,False
57.800000000000004,-0.172,-0.016,0.002,1.30428445,0.32361945,8.9044382,-1.17999994755,10.2601509094,9.47999954224,10.0549993515,-101.999839783,0.995973408222,-11.914689064,-0.59641212225,97182.1472168,27.4699993134,-72.6367950439,False
57.900000000000006,-0.23,-0.019,-0.008,1.40235095,0.42168595,9.14960445,-2.64999985695,10.2601509094,9.32999992371,10.0549993515,-101.999839783,1.13626897335,-11.8473758698,-0.497202336788,97182.1472168,27.3299999237,-68.5855865479,False
58.0,-0.223,-0.008,-0.008,1.34351105,0.50013915,9.0417313,-3.23000001907,5.94515323639,9.23999977112,10.1074352264,-100.469749451,1.18926942348,-11.8308162689,-0.424680709839,97182.6843262,27.2699985504,-56.2305450439,False
58.1,-0.162,-0.003,-0.031,1.46119085,0.1569064,8.7867584,-3.74000000954,5.94515323639,9.1799993515,10.1074352264,-100.469749451,1.24602818489,-11.7877721786,-0.359231352806,97180.090332,27.2199993134,-52.6752471924,False
58.2,-0.122,-0.006,-0.006,1.44157755,0.1372931,8.8848249,-3.74000000954,5.94515323639,9.1799993515,10.1074352264,-100.469749451,1.29192304611,-11.7542152405,-0.317396730185,97181.6955566,27.1800003052,-51.0896682739,False
58.300000000000004,-0.133,-0.02,0.014,1.63771055,0.34323275,9.5712904,-4.63999986649,5.94515323639,9.11999988556,10.1074352264,-100.469749451,1.31885516644,-11.6978530884,-0.328159123659,97182.0983887,27.1299991608,-49.7297286987,False
58.400000000000006,-0.222,-0.01,0.043,1.7259704,0.22555295,9.6301303,-4.92000007629,2.35552215576,9.07999992371,10.2720546722,-100.418190002,1.32216787338,-11.6698379517,-0.317279338837,97181.6223145,27.0900001526,-42.4060821533,False
58.5,-0.235,0.008,0.073,1.53964405,0.3334261,9.56148375,-5.13000011444,2.35552215576,8.98999977112,10.2720546722,-100.418190002,1.30346775055,-11.6195077896,-0.288151264191,97179.9133301,27.0499992371,-39.7796630859,False
58.6,-0.186,0.031,0.076,1.63771055,0.1765197,9.07115125,-5.15999984741,2.35552215576,8.96000003815,10.2720546722,-100.418190002,1.26587975025,-11.5977487564,-0.2799718678,97180.7067871,27.0100002289,-35.9268188477,False
58.7,-0.137,0.02,0.092,1.59848395,0.2353596,9.09076455,-5.10999965668,2.35552215576,8.8499994278,10.2720546722,-100.418190002,1.20342540741,-11.5412445068,-0.240199014544,97180.4504395,26.9699993134,-29.0719985962,False
58.800000000000004,-0.16,0.025,0.106,1.7063571,0.20593965,9.16921775,-4.98999977112,2.35552215576,8.73999977112,10.2720546722,-100.418190002,1.14792788029,-11.5199737549,-0.214996248484,97178.6254883,26.9300003052,-13.0434036255,False
58.900000000000006,-0.206,0.022,0.119,1.6671305,0.2941995,9.1790244,-4.77999973297,-3.43721795082,8.55999946594,9.6067647934,-102.754425049,1.03031349182,-11.4656467438,-0.144030928612,97179.9804688,26.8999996185,2.796459198,False
59.0,-0.153,0.026,0.13,1.7848103,0.28439285,9.1986377,-4.34999990463,-3.43721795082,8.48999977112,9.6067647934,-102.754425049,0.930238127708,-11.4334621429,-0.117172457278,97178.6987305,26.8699989319,6.90450668335,False
59.1,-0.094,0.029,0.131,1.7259704,0.30400615,9.0613446,-3.81999993324,-3.43721795082,8.42000007629,9.6067647934,-102.754425049,0.795056283474,-11.390586853,-0.08388453722,97178.6987305,26.859998703,13.4719848633,False
59.2,-0.025,0.029,0.119,1.85345685,0.2549729,9.2967042,-3.19999980927,-3.43721795082,8.35999965668,9.6067647934,-102.754425049,0.618604362011,-11.3467817307,-0.0660905838013,97177.9846191,26.8400001526,18.7016487122,False
59.300000000000004,-0.025,0.029,0.119,1.85345685,0.2549729,9.2967042,-2.51999998093,-6.7673163414,8.23999977112,8.61165237427,-105.898796082,0.618604362011,-11.3467817307,-0.0660905838013,97177.9846191,26.8199996948,22.4852561951,False
59.400000000000006,-0.028,0.037,0.123,1.85345685,0.24516625,9.1005712,-1.76999998093,-6.7673163414,8.13000011444,8.61165237427,-105.898796082,0.337880849838,-11.2673063278,0.0102649452165,97179.1381836,26.8099994659,30.7435035706,False
59.5,0.042,0.027,0.1,1.9024901,0.24516625,8.87501825,-1.76999998093,-6.7673163414,8.13000011444,8.61165237427,-105.898796082,0.179940715432,-11.2297134399,0.0446412153542,97179.2663574,26.8099994659,46.8565940857,False
59.6,0.04,-0.009,0.101,1.96133,0.1372931,9.1397978,-0.239999994636,-7.19046115875,8.03999996185,8.08651638031,-107.971794128,0.0188252069056,-11.196808815,0.0586980320513,97178.2897949,26.8099994659,56.0625076294,False
59.7,0.148,-0.005,0.128,1.73577705,0.38245935,9.0613446,0.539999961853,-7.19046115875,7.88999986649,8.08651638031,-107.971794128,-0.13131429255,-11.1750869751,0.111438468099,97175.201416,26.8099994659,65.0284729004,False
59.800000000000004,0.119,-0.008,0.132,2.0397832,0.32361945,8.93385815,0.539999961853,-7.19046115875,7.88999986649,8.08651638031,-107.971794128,-0.269147932529,-11.1694478989,0.144092276692,97175.201416,26.8199996948,77.547164917,False
59.900000000000006,0.064,-0.017,0.157,1.9024901,0.392266,9.5516771,2.1099998951,-7.19046115875,7.71999979019,8.08651638031,-107.971794128,-0.419550120831,-11.1477117538,0.148570537567,97179.0771484,26.8299999237,89.4923248291,False
60.0,0.027,-0.023,0.149,2.44185585,0.28439285,9.8262633,3.0,-5.73013830185,7.66999959946,8.07450675964,-110.444091797,-0.550005197525,-11.1371870041,0.14936555922,97180.7922363,26.8400001526,93.0995025635,False
60.1,0.023,-0.001,0.151,2.08881645,0.5099458,9.2574776,3.91999983788,-5.73013830185,7.58999967575,8.07450675964,-110.444091797,-0.772454798222,-11.1053619385,0.139517828822,97180.7922363,26.859998703,98.2899627686,False
60.2,0.077,-0.009,0.109,2.5105024,0.38245935,9.7281968,4.88000011444,-5.73013830185,7.57999992371,8.07450675964,-110.444091797,-0.90263324976,-11.1160697937,0.107943072915,97184.362793,26.8699989319,93.3729171753,False
60.300000000000004,0.081,1.39609735103e-17,0.114,2.08881645,0.5295591,9.81645665,5.81999969482,-5.73013830185,7.46000003815,8.07450675964,-110.444091797,-1.06784927845,-11.0906257629,0.121278606355,97187.1276855,26.8799991608,101.037025452,False
60.400000000000006,0.031,-0.019,0.106,2.3339827,0.3138128,9.610517,5.81999969482,-5.18350791931,7.46000003815,7.90769672394,-113.545768738,-1.15865719318,-11.0904626846,0.129590854049,97185.2539062,26.8799991608,101.037025452,False
60.5,0.125,9.429780353430001e-18,0.077,2.18688295,0.53936575,9.30651085,7.75999975204,-5.18350791931,7.30999994278,7.90769672394,-113.545768738,-1.37818026543,-11.0647678375,0.197904631495,97179.6936035,26.9200000763,119.078063965,False
60.6,0.151,0.004,0.077,2.20649625,0.51975245,9.8262633,7.75999975204,-5.18350791931,7.30999994278,7.90769672394,-113.545768738,-1.52714622021,-11.08776474,0.195229113102,97185.5224609,26.9399986267,114.159202576,False
60.7,0.087,-0.025,0.066,2.3928226,0.55897905,10.395049,9.71000003815,-5.18350791931,7.42999982834,7.90769672394,-113.545768738,-1.6920311451,-11.090051651,0.12417986244,97184.8754883,26.9699993134,97.7085113525,False
60.800000000000004,0.126,-0.008,0.06,2.3732093,0.6276256,10.2185293,9.71000003815,-5.18350791931,7.42999982834,7.90769672394,-113.545768738,-1.6920311451,-11.090051651,0.12417986244,97186.9506836,26.9699993134,97.7085113525,False
60.900000000000006,0.146,-0.04,0.053,2.2751428,0.588399,10.46369555,11.4600000381,-3.09950613976,7.60999965668,7.78900003433,-115.526367188,-1.93492841721,-11.097284317,-0.0105537557974,97186.4746094,27.0,76.6376495361,False
61.0,0.205,-0.019,0.042,2.1182364,0.6668522,10.0812362,12.2199993134,-3.09950613976,7.63999986649,7.78900003433,-115.526367188,-1.9960668087,-11.0981149673,-0.0297769643366,97188.4643555,27.0,70.6871032715,False
61.1,0.237,-0.006,0.006,2.08881645,0.73549875,9.83606995,12.9099998474,-3.09950613976,7.6299996376,7.78900003433,-115.526367188,-2.09340500832,-11.098323822,-0.0451536774635,97188.1408691,27.0,72.4841156006,False
61.2,0.225,-2.9391523179500004e-18,-0.024,1.95152335,0.75511205,9.63993695,13.4799995422,0.752689540386,7.56999969482,8.24903297424,-116.254188538,-2.15728402138,-11.1098804474,-0.052978169173,97186.8469238,27.0100002289,74.8376846313,False
61.300000000000004,0.271,0.01,-0.057,2.2751428,0.5099458,9.5516771,13.4799995422,0.752689540386,7.56999969482,8.24903297424,-116.254188538,-2.16848707199,-11.0945940018,-0.0595191530883,97186.8469238,27.0100002289,74.8376846313,False
61.400000000000006,0.26,0.003,-0.101,2.157463,0.5491724,9.63993695,14.3499994278,0.752689540386,7.71999979019,8.24903297424,-116.254188538,-2.20134544373,-11.1374378204,-0.0426974222064,97183.1481934,27.0100002289,58.460521698,False
61.5,0.19,0.042,-0.096,2.0201699,0.71588545,8.83579165,14.6399993896,0.752689540386,7.7999997139,8.24903297424,-116.254188538,-2.18151926994,-11.1854419708,0.000778366462328,97186.5356445,27.0100002289,55.0724983215,False
61.6,0.136,0.04,-0.111,1.79461695,0.69627215,8.9240515,14.7999992371,6.58811950684,7.82999992371,7.80931663513,-114.54763031,-2.15984225273,-11.2425327301,0.0654424726963,97186.706543,27.0199985504,60.6638908386,False
61.7,0.132,0.031,-0.128,1.9221034,0.65704555,8.5710121,14.8599996567,6.58811950684,7.83999967575,7.80931663513,-114.54763031,-2.12417578697,-11.2702207565,0.10976626724,97187.4816895,27.0199985504,60.6638908386,False
61.800000000000004,0.16,0.007,-0.141,2.0593965,0.4511059,9.22805765,14.8599996567,6.58811950684,7.91999959946,7.80931663513,-114.54763031,-2.08064675331,-11.3407802582,0.166030317545,97187.4816895,27.0399990082,58.6367607117,False
61.900000000000006,0.206,-0.005,-0.146,1.8436502,0.48052585,9.2770909,14.7199993134,6.58811950684,8.18999958038,7.80931663513,-114.54763031,-2.00752830505,-11.4091215134,0.248912379146,97184.3505859,27.0999984741,51.4988899231,False
62.0,0.19,0.007,-0.131,1.95152335,0.50013915,8.52197885,14.4799995422,11.3272600174,8.30000019073,6.83343410492,-111.104156494,-1.85804986954,-11.5278425217,0.32450813055,97184.3505859,27.1299991608,56.2468528748,False
62.1,0.185,0.007,-0.13,1.7848103,0.57859235,8.6102387,14.1199998856,11.3272600174,8.36999988556,6.83343410492,-111.104156494,-1.70683288574,-11.6279783249,0.428894758224,97183.2580566,27.1800003052,54.5859336853,False
62.2,0.108,-0.032,-0.112,1.79461695,0.73549875,9.44380395,14.1199998856,11.3272600174,8.36999988556,6.83343410492,-111.104156494,-1.64996755123,-11.6783313751,0.442944228649,97185.3210449,27.1800003052,54.5859336853,False
62.300000000000004,0.117,-0.06,-0.155,2.18688295,0.6276256,10.50292215,13.0599994659,11.3272600174,8.73999977112,6.83343410492,-111.104156494,-1.39346957207,-11.8693943024,0.35845708847,97185.8703613,27.2799987793,45.9578514099,False
62.400000000000006,0.022,-0.061,-0.158,2.5693423,0.67665885,10.983448,13.0499992371,14.4579801559,8.75,6.87623262405,-107.7915802,-1.24465441704,-11.9644823074,0.238546743989,97188.458252,27.3199996948,23.7844467163,False
62.5,0.0,-0.074,-0.153,2.20649625,0.63743225,11.6306869,11.3999996185,14.4579801559,9.26000022888,6.87623262405,-107.7915802,-1.01408815384,-12.1020956039,0.0590810030699,97186.4440918,27.3400001526,6.49089813232,False
62.6,0.047,-0.091,-0.161,2.1966896,0.0980665,11.6699135,11.3999996185,14.4579801559,9.26000022888,6.87623262405,-107.7915802,-0.858689963818,-12.1734676361,-0.0427098087966,97191.015625,27.3400001526,6.49089813232,False
62.7,0.048,-0.1,-0.083,2.1182364,0.2157463,11.22861425,8.92000007629,14.4579801559,9.14999961853,6.87623262405,-107.7915802,-0.501599907875,-12.3036136627,-0.201098531485,97188.9587402,27.3299999237,-5.02147674561,False
62.800000000000004,0.013,-0.092,-0.038,2.01036325,0.28439285,10.8069283,7.69999980927,15.290307045,9.05999946594,7.72234916687,-105.089988708,-0.261121630669,-12.3880310059,-0.27478441596,97188.9221191,27.3099994659,-5.251121521,False
62.900000000000006,0.013,-0.092,-0.038,2.01036325,0.28439285,10.8069283,6.44999980927,15.290307045,8.92000007629,7.72234916687,-105.089988708,-0.261121630669,-12.3880310059,-0.27478441596,97188.9221191,27.3099994659,-5.251121521,False
63.0,-0.108,-0.086,-0.005,1.765197,0.8041453,10.62060195,5.36999988556,14.589922905,8.81999969482,8.85441398621,-104.45085144,0.175037488341,-12.4910211563,-0.414136856794,97186.3647461,27.2399997711,-6.4395904541,False
63.1,-0.066,-0.055,-0.085,1.53964405,0.93163175,10.54214875,4.21999979019,14.589922905,8.71000003815,8.85441398621,-104.45085144,0.379634320736,-12.5052671432,-0.475645452738,97179.8156738,27.1899986267,-14.9375915527,False
63.2,-0.129,-0.038,-0.128,1.75539035,0.8041453,10.05181625,3.23000001907,14.589922905,8.61999988556,8.85441398621,-104.45085144,0.546714365482,-12.5233192444,-0.495454996824,97185.8276367,27.1399993896,-18.0526733398,False
63.300000000000004,-0.159,-0.008,-0.176,1.5886773,0.69627215,9.24767095,2.18000006676,14.589922905,8.52999973297,8.85441398621,-104.45085144,0.70923858881,-12.5189809799,-0.502218425274,97185.8276367,27.0900001526,-14.977645874,False
63.400000000000006,-0.258,-0.013,-0.184,1.6867438,0.5687857,9.46341725,2.18000006676,14.589922905,8.51999950409,8.85441398621,-104.45085144,0.796868741512,-12.541428566,-0.46509924531,97187.4328613,27.0900001526,-14.977645874,False
63.5,-0.191,0.006,-0.206,1.4121576,0.65704555,9.1986377,0.419999986887,11.3630180359,8.40999984741,8.64065074921,-100.801086426,1.01212573051,-12.5340251923,-0.414087504148,97183.7341309,26.9899997711,-10.7473373413,False
63.6,-0.095,-0.026,-0.201,1.372931,0.6080123,9.5516771,0.419999986887,11.3630180359,8.40999984741,8.64065074921,-100.801086426,1.04003202915,-12.5497264862,-0.387629777193,97181.0058594,26.9899997711,-10.7473373413,False
63.7,0.007,-0.034,-0.181,1.73577705,0.30400615,9.63993695,-1.48000001907,11.3630180359,8.51000022888,8.64065074921,-100.801086426,1.27218365669,-12.5465164185,-0.447541505098,97183.2336426,26.9099998474,-15.3234481812,False
63.800000000000004,0.109,-0.076,-0.155,1.63771055,0.5687857,10.99325465,-1.48000001907,11.3630180359,8.51000022888,8.64065074921,-100.801086426,1.34071958065,-12.5555696487,-0.489744246006,97183.9294434,26.9099998474,-15.3234481812,False
63.900000000000006,0.018,-0.098,-0.112,1.9221034,0.34323275,11.3168741,-3.89999985695,11.3905420303,8.61999988556,8.91856861115,-96.2705078125,1.65755844116,-12.5575942993,-0.773694336414,97183.3190918,26.7899990082,-38.5311126709,False
64.0,-0.112,-0.068,-0.04,1.59848395,0.42168595,11.05209455,-5.15999984741,11.3905420303,8.44999980927,8.91856861115,-96.2705078125,1.84423387051,-12.5418243408,-0.9177262187,97183.0078125,26.7099990845,-42.0316696167,False
64.10000000000001,-0.19,-0.032,-0.018,1.71616375,0.30400615,10.1400761,-5.15999984741,11.3905420303,8.43999958038,8.91856861115,-96.2705078125,2.03055310249,-12.5098819733,-0.981916189194,97181.0302734,26.7099990845,-42.0316696167,False
64.2,-0.113,-0.037,-0.016,1.50041745,0.4511059,10.03220295,-7.33999967575,11.3905420303,8.22999954224,8.91856861115,-96.2705078125,2.09946036339,-12.4958362579,-0.975816726685,97182.9406738,26.5100002289,-20.8969116211,False
64.3,-0.025,-0.047,-0.029,1.4709975,0.5099458,10.42446895,-8.36999988556,11.3905420303,7.71999979019,8.91856861115,-96.2705078125,2.28877210617,-12.4278297424,-1.10732233524,97173.6206055,26.4099998474,-7.90710449219,False
64.4,-0.008,-0.061,-0.035,1.67693715,0.34323275,10.99325465,-9.48999977112,8.93466091156,7.48999977112,10.1023035049,-94.9840927124,2.43497395515,-12.3919582367,-1.20614695549,97179.7790527,26.2899990082,-7.64217376709,False
64.5,-0.095,-0.046,0.01,1.5494507,0.42168595,10.73828175,-10.6199998856,8.93466091156,7.17000007629,10.1023035049,-94.9840927124,2.57315516472,-12.3369808197,-1.25781297684,97171.2341309,26.1599998474,-2.11944580078,False
64.60000000000001,-0.17,5.0210518765e-18,0.041,1.36312435,0.32361945,9.3947707,-11.5699996948,8.93466091156,6.67000007629,10.1023035049,-94.9840927124,2.6521396637,-12.3036413193,-1.21720278263,97173.1994629,26.0299987793,19.7420120239,False
64.7,-0.308,0.038,0.055,1.4121576,0.2157463,8.56120545,-12.4099998474,5.27661752701,6.19999980927,10.1962270737,-95.5003356934,2.73474931717,-12.2412157059,-1.10459768772,97169.7875977,25.8999996185,45.5940246582,False
64.8,-0.387,0.026,0.072,1.4906108,0.32361945,8.77695175,-13.0599994659,5.27661752701,5.86999988556,10.1962270737,-95.5003356934,2.75890517235,-12.2183685303,-1.0136371851,97171.6552734,25.7799987793,60.7292175293,False
64.9,-0.315,0.055,0.072,1.5494507,0.26477955,8.1002929,-13.5099992752,5.27661752701,5.51999998093,10.1962270737,-95.5003356934,2.75483632088,-12.1979789734,-0.876561403275,97166.5893555,25.6800003052,87.8335952759,False
65.0,-0.371,0.094,0.072,1.71616375,0.36284605,7.95319315,-13.529999733,5.27661752701,5.51999998093,10.1962270737,-95.5003356934,2.71009588242,-12.190123558,-0.713039517403,97166.0827637,25.5900001526,116.557693481,False
65.10000000000001,-0.403,0.094,0.078,1.9024901,0.4511059,8.34545915,-13.7599992752,5.27661752701,4.90999984741,10.1962270737,-95.5003356934,2.61538934708,-12.1863622665,-0.628354072571,97167.2851562,25.5199985504,130.868713379,False
65.2,-0.351,0.115,0.056,1.7848103,0.51975245,8.8455983,-13.7699995041,-3.830722332,4.90999984741,8.52647972107,-97.2694625854,2.53232765198,-12.1787548065,-0.598000824451,97165.2954102,25.5199985504,130.868713379,False
65.3,-0.328,0.124,0.058,2.06920315,0.6080123,8.65927195,-13.0999994278,-3.830722332,4.78999996185,8.52647972107,-97.2694625854,2.25626063347,-12.2181777954,-0.46380546689,97166.3635254,25.3999996185,108.940414429,False
65.4,-0.239,0.131,0.013,1.91229675,0.4118793,8.3552658,-13.1199998856,-3.830722332,4.78999996185,8.52647972107,-97.2694625854,2.14158844948,-12.2363958359,-0.390716820955,97165.4968262,25.3999996185,108.940414429,False
65.5,-0.173,0.099,-0.014,1.95152335,0.26477955,8.42391235,-11.779999733,-3.830722332,4.65999984741,8.52647972107,-97.2694625854,1.93350863457,-12.2742290497,-0.232319220901,97161.2792969,25.3199996948,136.255737305,False
65.60000000000001,-0.106,0.104,-0.002,1.765197,0.2549729,7.6884136,-11.0500001907,-10.4461936951,4.58999967575,5.5085568428,-97.4609985352,1.69545519352,-12.3252973557,-0.0425792261958,97161.2792969,25.3099994659,142.430877686,False
65.7,-0.029,0.035,0.026,1.87307015,-0.00980665,8.36507245,-10.3299999237,-10.4461936951,4.53999996185,5.5085568428,-97.4609985352,1.49931716919,-12.3690109253,0.118762947619,97166.3085938,25.3199996948,148.948669434,False
65.8,-0.007,0.041,0.08,1.79461695,0.20593965,8.03164635,-9.52999973297,-10.4461936951,4.58999967575,5.5085568428,-97.4609985352,1.30539989471,-12.436542511,0.269444108009,97166.3085938,25.3400001526,148.653884888,False
65.9,-0.013,0.004,0.115,2.02997655,0.02941995,8.81617835,-9.52999973297,-10.4461936951,4.58999967575,5.5085568428,-97.4609985352,1.2174230814,-12.4579715729,0.329919934273,97165.5517578,25.3400001526,148.653884888,False
66.0,0.011,-0.021,0.144,2.157463,0.10787315,9.46341725,-8.61999988556,-11.2006502151,4.75999975204,4.61900806427,-98.312789917,0.98682320118,-12.5114269257,0.43012830615,97165.5517578,25.3799991608,135.996063232,False
66.10000000000001,0.043,-0.035,0.161,1.77500365,0.28439285,9.9439431,-6.42000007629,-11.2006502151,5.15000009537,4.61900806427,-98.312789917,0.553784251213,-12.6047353745,0.481244266033,97165.637207,25.4899997711,111.231613159,False
66.2,0.016,-0.036,0.167,2.18688295,0.16671305,9.71839015,-5.26999998093,-11.2006502151,5.40999984741,4.61900806427,-98.312789917,0.349676728249,-12.6273431778,0.473000705242,97166.4733887,25.5399990082,103.943634033,False
66.3,0.036,-0.057,0.18,2.0201699,0.22555295,9.5909037,-3.99000000954,-11.4401111603,5.57999992371,4.54203557968,-102.291374207,0.104577586055,-12.6721572876,0.466643422842,97169.9645996,25.5999984741,98.0299987793,False
66.4,0.089,-0.086,0.181,2.01036325,0.0784532,10.2185293,-3.98000001907,-11.4401111603,5.56999969482,4.54203557968,-102.291374207,-0.132168933749,-12.7042264938,0.463131070137,97166.40625,25.6499996185,93.8555755615,False
66.5,0.14,-0.097,0.188,2.01036325,0.14709975,10.18910935,-2.71000003815,-11.4401111603,5.67000007629,4.54203557968,-102.291374207,-0.334863185883,-12.7042503357,0.456438988447,97172.1435547,25.6999988556,82.8290939331,False
66.60000000000001,0.114,-0.082,0.199,1.71616375,0.40207265,10.11065615,-0.109999999404,-11.4401111603,5.90000009537,4.54203557968,-102.291374207,-0.611617743969,-12.7175750732,0.405917972326,97169.128418,25.7399997711,83.8700256348,False
66.7,0.148,-0.095,0.185,1.7063571,0.48052585,10.6304086,1.25999999046,-9.84990787506,5.94000005722,5.32380628586,-106.127738953,-0.854813992977,-12.6949682236,0.325544059277,97175.2319336,25.7799987793,81.7458190918,False
66.8,0.18,-0.084,0.168,1.7848103,0.55897905,10.77750835,1.25999999046,-9.84990787506,5.92999982834,5.32380628586,-106.127738953,-1.08346498013,-12.6674747467,0.212334543467,97174.5056152,25.7799987793,81.7458190918,False
66.9,0.132,-0.06,0.156,1.81423025,0.50013915,10.42446895,3.91999983788,-9.84990787506,6.02999973297,5.32380628586,-106.127738953,-1.33879315853,-12.6128377914,0.108294121921,97174.597168,25.8299999237,58.2906723022,False
67.0,0.108,-0.072,0.118,1.96133,0.2941995,10.9049948,5.13999986649,-9.84990787506,6.03999996185,5.32380628586,-106.127738953,-1.49669277668,-12.5678319931,-0.00513720465824,97174.2492676,25.8400001526,50.4266738892,False
67.10000000000001,0.153,-0.084,0.101,1.8240369,0.2745862,11.2580342,6.34999990463,-9.84990787506,6.0499997139,5.32380628586,-106.127738953,-1.67244195938,-12.5136365891,-0.122285120189,97174.2492676,25.8400001526,41.0638809204,False
67.2,0.159,-0.047,0.108,1.79461695,0.26477955,10.395049,6.33999967575,-6.49849319458,6.0499997139,6.84353256226,-110.78868103,-1.79297208786,-12.4719896317,-0.223061323166,97171.105957,25.8199996948,38.1093025208,False
67.3,0.239,-0.07,0.114,1.73577705,0.28439285,10.91480145,8.31999969482,-6.49849319458,5.94000005722,6.84353256226,-110.78868103,-1.96201646328,-12.3926515579,-0.342555880547,97169.5129395,25.7899990082,35.9222412109,False
67.4,0.296,-0.071,0.13,1.7848103,0.3138128,10.7284751,9.14999961853,-6.49849319458,5.81999969482,6.84353256226,-110.78868103,-2.04525637627,-12.3441410065,-0.424429804087,97169.8974609,25.75,42.3662185669,False
67.5,0.259,-0.05,0.123,1.7455837,0.4118793,10.24794925,9.86999988556,-1.80292451382,5.53999996185,7.9072432518,-113.618522644,-2.1223962307,-12.2914476395,-0.474890321493,97173.5107422,25.6899986267,51.7683982849,False
67.60000000000001,0.197,-0.034,0.109,1.4709975,0.6864655,10.18910935,10.5199995041,-1.80292451382,5.35999965668,7.9072432518,-113.618522644,-2.18748545647,-12.2236804962,-0.548421740532,97170.5200195,25.6399993896,53.689289093,False
67.7,0.147,-0.014,0.063,1.6671305,0.57859235,10.1204628,11.0900001526,-1.80292451382,5.15999984741,7.9072432518,-113.618522644,-2.2394220829,-12.1640901566,-0.581647694111,97167.8344727,25.5799999237,47.6780891418,False
67.8,0.152,0.002,0.022,1.42196425,0.69627215,9.7478101,11.6099996567,-1.80292451382,5.01999998093,7.9072432518,-113.618522644,-2.25563383102,-12.1410083771,-0.59110814333,97166.8029785,25.5799999237,47.6780891418,False
67.9,0.2,0.025,-0.032,1.372931,0.57859235,9.56148375,11.9899997711,1.44068002701,4.7999997139,8.14005470276,-114.851295471,-2.28099441528,-12.0587778091,-0.621073067188,97165.2160645,25.4499988556,55.3005218506,False
68.0,0.213,0.04,-0.038,1.63771055,0.36284605,9.610517,12.279999733,1.44068002701,4.71000003815,8.14005470276,-114.851295471,-2.26945734024,-12.0466995239,-0.616649091244,97163.8977051,25.3799991608,56.8568229675,False
68.10000000000001,0.265,0.026,-0.047,1.3925443,0.46091255,9.71839015,12.3899993896,1.44068002701,4.56999969482,8.14005470276,-114.851295471,-2.22642397881,-12.0361719131,-0.581146657467,97165.2404785,25.3099994659,59.8222732544,False
68.2,0.274,0.047,-0.036,1.6279039,0.4314926,9.05153795,12.3899993896,1.44068002701,4.57999992371,8.14005470276,-114.851295471,-2.18615531921,-12.0407142639,-0.579406440258,97165.2404785,25.3099994659,59.8222732544,False
68.3,0.226,0.021,-0.038,1.5298374,0.5099458,9.67916355,12.3800001144,7.56673622131,4.34999990463,7.15405321121,-113.951934814,-2.11320137978,-12.0651779175,-0.553553044796,97160.3637695,25.1800003052,67.7127838135,False
68.4,0.18,0.043,-0.046,1.5494507,0.46091255,9.07115125,12.3899993896,7.56673622131,4.34999990463,7.15405321121,-113.951934814,-2.03690004349,-12.0869588852,-0.506347298622,97164.3188477,25.1800003052,67.7127838135,False
68.5,0.143,0.042,-0.063,1.2944778,0.6276256,9.0417313,12.1099996567,7.56673622131,4.15999984741,7.15405321121,-113.951934814,-1.9144949913,-12.1462593079,-0.385405451059,97160.6872559,25.0699996948,71.8756713867,False
68.60000000000001,0.133,0.044,-0.082,1.34351105,0.6668522,8.95347145,11.9099998474,7.56673622131,4.07999992371,7.15405321121,-113.951934814,-1.81665408611,-12.2022390366,-0.292036473751,97160.3271484,25.0199985504,76.6890563965,False
68.7,0.12,0.084,-0.109,1.4121576,0.48052585,7.99241975,11.6499996185,11.2655477524,4.02999973297,5.47988939285,-112.358047485,-1.71646010876,-12.2575492859,-0.157633468509,97160.7116699,24.9899997711,84.2950820923,False
68.8,0.035,0.049,-0.128,1.38273765,0.5295591,8.5513988,11.3699998856,11.2655477524,3.98000001907,5.47988939285,-112.358047485,-1.61030817032,-12.3417749405,-0.0138308117166,97163.9221191,24.9799995422,91.7363128662,False
68.9,0.037,0.048,-0.141,1.4906108,0.4314926,8.8455983,11.0100002289,11.2655477524,3.98000001907,5.47988939285,-112.358047485,-1.48933434486,-12.4247846603,0.0762724801898,97163.9221191,24.9799995422,88.2306060791,False
69.0,0.047,0.021,-0.151,1.53964405,0.3726527,9.1005712,10.5900001526,11.2655477524,4.15000009537,5.47988939285,-112.358047485,-1.38453686237,-12.5051412582,0.142297893763,97160.9802246,24.9899997711,79.1879653931,False
69.10000000000001,-0.018,0.031,-0.134,1.569064,0.36284605,8.4925589,10.0599994659,12.3013629913,4.25999975204,4.14438295364,-110.029884338,-1.22202467918,-12.628405571,0.259351432323,97160.6872559,25.0199985504,74.7372589111,False
69.2,-0.023,0.005,-0.125,1.4513842,0.3726527,9.03192465,9.59000015259,12.3013629913,4.42000007629,4.14438295364,-110.029884338,-1.12407255173,-12.7094707489,0.348246961832,97158.3496094,25.0499992371,65.6063995361,False
69.3,0.005,0.012,-0.117,1.2356379,0.4903325,8.8652116,9.05000019073,12.3013629913,4.67000007629,4.14438295364,-110.029884338,-0.954062700272,-12.8338871002,0.437588483095,97161.5112305,25.0900001526,50.0191688538,False
69.4,-0.023,-0.007,-0.109,1.52003075,0.2941995,9.3947707,9.05000019073,12.3013629913,4.67000007629,4.14438295364,-110.029884338,-0.855830729008,-12.8993558884,0.438637465239,97162.4145508,25.0900001526,50.0191688538,False
69.5,-0.027,-0.032,-0.068,1.28467115,0.46091255,9.50264385,7.82999992371,12.1307315826,5.21000003815,3.35400795937,-107.112586975,-0.673306763172,-13.0222387314,0.506594479084,97159.4421387,25.1899986267,16.4856910706,False
69.60000000000001,-0.024,-0.035,-0.065,1.32389775,0.4511059,9.46341725,7.19999980927,12.1307315826,5.44999980927,3.35400795937,-107.112586975,-0.563683450222,-13.0990524292,0.554748892784,97159.4421387,25.2399997711,12.989616394,False
69.7,-0.047,-0.046,-0.074,1.32389775,0.55897905,9.4536106,7.19999980927,12.1307315826,5.44999980927,3.35400795937,-107.112586975,-0.485459089279,-13.1432542801,0.572878420353,97166.784668,25.2399997711,12.989616394,False
69.8,-0.088,-0.025,-0.097,1.14737805,0.5687857,8.87501825,6.89999961853,12.1307315826,5.58999967575,3.35400795937,-107.112586975,-0.308847367764,-13.2650508881,0.653890132904,97166.784668,25.3699989319,16.5238380432,False
69.9,-0.123,-0.025,-0.131,1.1571847,0.67665885,9.4536106,6.34999990463,11.0770273209,5.71999979019,3.51506114006,-105.251876831,-0.192946687341,-13.3373680115,0.710928499699,97164.3859863,25.3699989319,16.5238380432,False
70.0,-0.124,-0.014,-0.145,1.12776475,0.59820565,9.6301303,5.8799996376,11.0770273209,5.98999977112,3.51506114006,-105.251876831,-0.0527477897704,-13.4228124619,0.715923547745,97163.4338379,25.5100002289,11.9692802429,False
70.10000000000001,-0.059,-0.005,-0.163,1.22583125,0.28439285,9.58109705,5.28999996185,11.0770273209,6.17000007629,3.51506114006,-105.251876831,0.0456285104156,-13.4756336212,0.709605515003,97165.4724121,25.5900001526,1.0293006897,False
70.2,0.078,-0.064,-0.14,1.18660465,0.38245935,10.13026945,5.28999996185,11.0770273209,6.17999982834,3.51506114006,-105.251876831,0.183972343802,-13.5511159897,0.675390005112,97167.6208496,25.5900001526,1.0293006897,False
70.3,0.084,-0.087,-0.113,1.32389775,0.392266,10.75789505,4.65000009537,10.3080692291,6.42000007629,3.39676117897,-102.263687134,0.345676213503,-13.624625206,0.616977035999,97165.9301758,25.6599998474,-13.2078170776,False
70.4,0.139,-0.141,-0.035,1.4317709,0.59820565,11.5522337,4.63000011444,10.3080692291,6.94000005722,3.39676117897,-102.263687134,0.563150286674,-13.7266626358,0.398740828037,97169.4824219,25.7799987793,-39.7810935974,False
70.5,-0.007,-0.1,-0.033,1.40235095,0.36284605,11.0815145,4.50999975204,12.059668541,6.92999982834,4.82852125168,-100.690872192,0.7119551301,-13.7678852081,0.266268521547,97169.4824219,25.8099994659,-46.0528373718,False
70.60000000000001,-0.092,-0.092,-0.031,1.3140911,0.42168595,10.95402805,3.6899998188,12.059668541,6.92999982834,4.82852125168,-100.690872192,0.825453937054,-13.793551445,0.189704954624,97169.5861816,25.8199996948,-54.922580719,False
70.7,-0.138,-0.102,-0.029,1.32389775,0.6276256,11.36590735,2.89999985695,12.059668541,6.96000003815,4.82852125168,-100.690872192,1.089833498,-13.8323078156,-0.083223760128,97170.4833984,25.8199996948,-62.232875824,False
70.8,-0.183,-0.06,-0.051,1.38273765,0.65704555,11.48358715,5.98000001907,12.059668541,6.21000003815,4.82852125168,-100.690872192,1.21998858452,-13.8367700577,-0.254299342632,97170.4101562,25.7999992371,-70.3782043457,False
70.9,-0.088,-0.03,-0.102,1.1571847,0.6864655,10.7677017,5.65999984741,12.059668541,6.75,4.82852125168,-100.690872192,1.32877779007,-13.828420639,-0.368902564049,97168.3166504,25.7600002289,-64.1450881958,False
71.0,-0.125,0.013,-0.153,0.93163175,0.71588545,9.48303055,5.48000001907,8.87837505341,6.52999973297,6.14647674561,-98.4234924316,1.36884093285,-13.8261737823,-0.398006081581,97171.8811035,25.7099990845,-54.4704437256,False
71.10000000000001,-0.105,0.01,-0.222,0.9218251,0.5687857,9.69877685,5.48000001907,8.87837505341,6.52999973297,6.14647674561,-98.4234924316,1.48720645905,-13.7932319641,-0.36623826623,97170.7397461,25.7099990845,-54.4704437256,False
71.2,0.006,-0.022,-0.229,0.9610517,0.4511059,10.20872265,4.84999990463,8.87837505341,6.2999997139,6.14647674561,-98.4234924316,1.63640570641,-13.7736883163,-0.409329652786,97169.152832,25.6199989319,-52.2716522217,False
71.3,0.017,-0.056,-0.19,1.02969825,0.16671305,10.73828175,7.94000005722,8.87837505341,6.19999980927,6.14647674561,-98.4234924316,1.68365311623,-13.7592906952,-0.454635232687,97166.5039062,25.5699996948,-50.200843811,False
71.4,0.006,-0.076,-0.135,1.0395049,0.0784532,10.9049948,7.51999998093,8.91393947601,6.08999967575,6.14404153824,-93.9845199585,1.96744632721,-13.7068767548,-0.636018753052,97165.8813477,25.5100002289,-52.2584915161,False
71.5,-0.058,-0.075,-0.041,0.9610517,0.30400615,10.6892485,9.42000007629,8.91393947601,5.86999988556,6.14404153824,-93.9845199585,2.07399821281,-13.6678676605,-0.691919028759,97165.9423828,25.4399986267,-46.4401245117,False
71.60000000000001,0.005,-0.045,-0.026,0.8237586,0.2549729,10.1596894,9.22000026703,8.91393947601,5.65000009537,6.14404153824,-93.9845199585,2.20621299744,-13.6229858398,-0.718719780445,97164.4042969,25.3699989319,-53.803062439,False
71.7,0.152,-0.049,-0.022,0.9610517,0.24516625,9.67916355,11.2199993134,8.91393947601,5.48999977112,6.14404153824,-93.9845199585,2.34467720985,-13.5736856461,-0.727167189121,97164.440918,25.2899990082,-44.2840576172,False
71.8,0.161,-0.058,-0.017,0.93163175,0.46091255,10.32640245,11.0199995041,10.4943151474,5.5,6.14404153824,-93.9845199585,2.45898795128,-13.5315160751,-0.760539054871,97164.440918,25.2899990082,-44.2840576172,False
71.9,0.245,-0.063,-0.014,1.08853815,0.3530394,10.4538889,11.0100002289,10.4943151474,5.31999969482,7.30613899231,-92.9470291138,2.63163852692,-13.4765167236,-0.803502380848,97163.0432129,25.2099990845,-39.6383285522,False
72.0,0.166,-0.034,0.007,0.9610517,0.392266,9.7674234,11.5,10.4943151474,5.02999973297,7.30613899231,-92.9470291138,2.87519311905,-13.4084291458,-0.814238786697,97161.1999512,25.0499992371,-40.0907516479,False
72.10000000000001,0.029,-0.01,-0.005,1.0198916,0.57859235,9.8262633,14.3999996185,10.4943151474,4.83999967575,7.30613899231,-92.9470291138,3.04341697693,-13.3490819931,-0.816896021366,97161.2426758,24.9599990845,-34.1997146606,False
72.2,-0.101,0.01,-0.042,0.95124505,0.4707192,9.34573745,14.3999996185,10.4943151474,4.83999967575,7.30613899231,-92.9470291138,3.10860538483,-13.324262619,-0.807729363441,97156.9885254,24.9599990845,-34.1997146606,False
72.3,-0.104,0.033,-0.082,0.91201845,0.18632635,9.1397978,14.3299999237,12.6104288101,4.56999969482,7.82031488419,-92.7976226807,3.24109911919,-13.2825584412,-0.76962697506,97155.9875488,24.8799991608,-17.3723220825,False
72.4,-0.016,0.025,-0.09,0.77472535,0.36284605,9.1201845,16.1999988556,12.6104288101,4.85999965668,7.82031488419,-92.7976226807,3.48789930344,-13.1978063583,-0.653622567654,97156.1828613,24.7199993134,-11.411857605,False
72.5,0.068,0.003,-0.082,0.8237586,0.4903325,9.1594111,16.2099990845,12.6104288101,4.85999965668,7.82031488419,-92.7976226807,3.62169408798,-13.1542739868,-0.578598201275,97159.765625,24.6499996185,-14.5131111145,False
72.60000000000001,0.086,0.017,-0.096,0.8433719,0.2745862,8.83579165,16.1800003052,12.85663414,3.89999985695,6.90121841431,-91.0098724365,3.81898403168,-13.0946006775,-0.464836478233,97155.4992676,24.5900001526,-0.102710723877,False
72.7,0.122,0.005,-0.085,0.7453054,0.40207265,8.7867584,18.2999992371,12.85663414,3.75999999046,6.90121841431,-91.0098724365,4.02192497253,-13.0363721848,-0.323729664087,97155.5358887,24.5499992371,12.0946884155,False
72.8,0.098,0.018,-0.088,0.87279185,0.46091255,8.5513988,18.3799991608,12.85663414,3.6899998188,6.90121841431,-91.0098724365,4.15192222595,-13.0115318298,-0.217538118362,97151.4282227,24.5199985504,13.7977600098,False
72.9,0.033,0.016,-0.096,0.93163175,0.63743225,8.77695175,20.5599994659,12.85663414,2.95000004768,6.90121841431,-91.0098724365,4.32223939896,-12.9823560715,-0.0937962681055,97151.0375977,24.5,29.6922683716,False
73.0,0.065,0.031,-0.115,0.99047165,0.4511059,8.6102387,20.7899990082,14.6707525253,3.58999991417,6.1816701889,-89.4397583008,4.49561834335,-12.9614248276,0.00631898129359,97155.7495117,24.4899997711,34.561252594,False
73.10000000000001,0.097,0.035,-0.147,0.980665,0.69627215,8.8652116,21.0,14.6707525253,3.57999992371,6.1816701889,-89.4397583008,4.71260118484,-12.9473276138,0.14783705771,97156.0424805,24.5,42.4550056458,False
73.2,0.093,0.049,-0.183,1.08853815,0.42168595,8.5317855,21.0100002289,14.6707525253,3.57999992371,6.1816701889,-89.4397583008,4.74860715866,-12.9434242249,0.169920891523,97152.355957,24.5,42.4550056458,False
73.3,0.1,-0.001,-0.195,1.14737805,0.65704555,10.0420096,24.5499992371,14.6707525253,3.74000000954,6.1816701889,-89.4397583008,4.99587202072,-12.9407110214,0.249003112316,97153.0761719,24.5399990082,35.5599403381,False
73.4,0.177,0.003,-0.198,1.08853815,0.5295591,9.5712904,24.5499992371,17.1797218323,3.75,4.32272911072,-85.7652130127,5.27939462662,-12.9371824265,0.282156169415,97157.7026367,24.5399990082,35.5599403381,False
73.5,0.115,0.002,-0.193,1.06892485,0.69627215,9.4732239,26.6499996185,17.1797218323,3.92999982834,4.32272911072,-85.7652130127,5.51580715179,-12.9398021698,0.327388525009,97158.2885742,24.6000003815,20.2555656433,False
73.60000000000001,0.131,-0.016,-0.237,1.26505785,0.5491724,9.5516771,26.9899997711,17.1797218323,4.09999990463,4.32272911072,-85.7652130127,5.66523838043,-12.9532203674,0.362575083971,97157.6477051,24.6000003815,20.2555656433,False
73.7,0.275,-0.008,-0.253,1.18660465,0.3726527,9.1005712,28.5,17.1797218323,4.42999982834,4.32272911072,-85.7652130127,6.11475658417,-12.9505558014,0.490270704031,97158.215332,24.6899986267,22.2500801086,False
73.8,0.268,-0.02,-0.234,0.99047165,0.5687857,8.95347145,28.5100002289,21.190530777,4.44999980927,2.87290048599,-81.1546707153,6.33811616898,-12.9431829453,0.594088494778,97156.8908691,24.6899986267,22.2500801086,False
73.9,0.133,-0.035,-0.225,1.04931155,0.5295591,8.3356525,31.75,21.190530777,4.71000003815,2.87290048599,-81.1546707153,6.75066280365,-12.9207782745,0.819575786591,97154.2785645,24.8299999237,31.7756652832,False
74.0,0.113,-0.062,-0.247,1.01008495,0.65704555,8.97308475,31.7600002289,21.190530777,4.71000003815,2.87290048599,-81.1546707153,6.87636041641,-12.9175262451,0.896545469761,97156.9458008,24.8299999237,31.7756652832,False
74.10000000000001,0.198,-0.057,-0.269,1.02969825,0.40207265,8.07087295,32.0499992371,21.190530777,4.90000009537,2.87290048599,-81.1546707153,7.1353187561,-12.9024810791,1.02558469772,97157.989502,24.9200000763,33.1323623657,False
74.2,0.364,-0.103,-0.254,1.0395049,0.8041453,8.89463155,34.0099983215,25.136548996,5.0499997139,1.69146299362,-75.9582443237,7.53593111038,-12.864071846,1.24636542797,97159.7167969,25.0299987793,41.7583465576,False
74.3,0.36,-0.105,-0.243,1.22583125,0.8825985,9.2770909,34.4599990845,25.136548996,5.69999980927,1.69146299362,-75.9582443237,8.140376091,-12.8073511124,1.44306516647,97159.7167969,25.2999992371,25.3828048706,False
74.4,0.209,-0.137,-0.292,1.32389775,1.18660465,9.50264385,36.3800010681,25.136548996,6.80999994278,1.69146299362,-75.9582443237,8.29676055908,-12.7948970795,1.4886879921,97166.1376953,25.4599990845,21.5058326721,False
74.5,0.022,-0.141,-0.362,1.5494507,0.9414384,9.71839015,36.3899993896,30.6531620026,6.81999969482,1.04121398926,-70.2882385254,8.80223083496,-12.7400035858,1.60596835613,97165.3991699,25.6199989319,26.7912864685,False
74.60000000000001,0.017,-0.141,-0.396,1.42196425,0.95124505,10.24794925,36.5799980164,30.6531620026,6.46000003815,1.04121398926,-70.2882385254,9.07553958893,-12.7033071518,1.63924407959,97164.5996094,25.6199989319,26.7912864685,False
74.7,0.043,-0.141,-0.433,1.4121576,0.83356525,10.1596894,39.0699996948,30.6531620026,7.25,1.04121398926,-70.2882385254,9.85038661957,-12.5622148514,1.67019593716,97171.2402344,25.9599990845,-4.35981750488,False
74.8,0.12,-0.153,-0.46,1.4317709,0.91201845,10.26756255,39.2299995422,30.6531620026,7.80999994278,1.04121398926,-70.2882385254,10.3468255997,-12.4524316788,1.72985541821,97171.2402344,26.1399993896,-21.0136413574,False
74.9,0.191,-0.218,-0.422,1.61809725,0.6080123,10.40485565,40.4399986267,30.6531620026,9.0,1.04121398926,-70.2882385254,10.8869819641,-12.2861337662,1.73062646389,97177.9052734,26.3199996948,-28.7172317505,False
75.0,0.127,-0.261,-0.41,1.4121576,0.65704555,11.26784085,40.4399986267,33.4605674744,9.01999950409,-0.849179625511,-57.0242576599,11.346985817,-12.1282129288,1.73520219326,97180.8410645,26.3199996948,-28.7172317505,False
75.10000000000001,0.248,-0.314,-0.376,1.16699135,0.6080123,10.8461549,41.1899986267,33.4605674744,8.39999961853,-0.849179625511,-57.0242576599,12.0160112381,-11.8170347214,1.80298626423,97176.9104004,26.6899986267,-56.0103416443,False
75.2,0.194,-0.379,-0.326,1.6279039,0.46091255,12.0229529,40.8099975586,33.4605674744,9.47999954224,-0.849179625511,-57.0242576599,12.6084985733,-11.5019731522,1.79887199402,97180.3649902,26.8899993896,-60.143661499,False
75.3,0.217,-0.381,-0.305,1.77500365,0.6472389,12.160246,40.2599983215,33.4605674744,9.96999931335,-0.849179625511,-57.0242576599,13.2288045883,-11.1159076691,1.74440133572,97181.2805176,27.0799999237,-72.5549697876,False
75.4,0.223,-0.395,-0.307,1.569064,0.93163175,12.24850585,40.25,38.3714332581,10.0,0.912597715855,-46.5863838196,13.7086019516,-10.7937402725,1.71231877804,97185.6750488,27.0799999237,-72.5549697876,False
75.5,-0.12,-0.392,-0.324,1.8044236,0.93163175,12.9840046,40.0999984741,38.3714332581,10.5,0.912597715855,-46.5863838196,14.5538740158,-10.1091947556,1.57723367214,97192.9748535,27.4499988556,-89.0041351318,False
75.60000000000001,-0.163,-0.365,-0.356,1.8632635,0.7060788,12.89574475,39.7000007629,38.3714332581,10.8599996567,0.912597715855,-46.5863838196,15.02435112,-9.68335056305,1.48067164421,97190.2954102,27.6199989319,-114.438819885,False
75.7,0.049,-0.382,-0.375,2.0397832,0.7649187,14.05292945,38.6299972534,38.3923454285,11.2399997711,2.69804215431,-36.2418136597,15.3598947525,-9.33912372589,1.39621698856,97197.0703125,27.7799987793,-137.113189697,False
75.8,0.161,-0.384,-0.37,1.8044236,0.73549875,13.62143685,38.6199989319,38.3923454285,11.2599992752,2.69804215431,-36.2418136597,16.1382732391,-8.42835426331,1.12331497669,97197.0703125,27.9200000763,-159.264373779,False
75.9,0.143,-0.429,-0.356,1.81423025,0.8041453,14.6511351,37.1699981689,38.3923454285,11.6099996567,2.69804215431,-36.2418136597,16.4624443054,-7.99735069275,1.01686859131,97198.9501953,27.9200000763,-159.264373779,False
76.0,0.04,-0.435,-0.34,1.6279039,1.01008495,14.6315218,35.8099975586,38.3923454285,11.8699998856,2.69804215431,-36.2418136597,17.0529403687,-7.07184791565,0.789279222488,97196.8933105,28.0299987793,-174.891479492,False
76.10000000000001,0.031,-0.431,-0.347,1.6082906,1.0591182,14.5530686,31.5699996948,41.6649131775,12.3199996948,4.6618142128,-24.5722579956,17.4044895172,-6.43411540985,0.642070114613,97198.5046387,28.1999988556,-201.263046265,False
76.2,-0.071,-0.409,-0.381,1.42196425,1.0395049,14.13138265,31.5599994659,41.6649131775,12.3199996948,4.6618142128,-24.5722579956,17.7151279449,-5.77841377258,0.508119881153,97197.4975586,28.1999988556,-201.263046265,False
76.3,-0.111,-0.417,-0.416,1.4121576,0.8629852,14.03331615,26.2399997711,41.6649131775,12.4499998093,4.6618142128,-24.5722579956,18.1084022522,-4.78468036652,0.343932360411,97197.4975586,28.2999992371,-207.315643311,False
76.4,-0.091,-0.39,-0.427,1.34351105,0.55897905,13.20955755,23.1899986267,41.6649131775,12.4600000381,4.6618142128,-24.5722579956,18.4986877441,-3.45935940742,0.230711981654,97199.4140625,28.3299999237,-203.480148315,False
76.5,-0.196,-0.379,-0.384,1.10815145,0.59820565,12.03275955,20.0299987793,41.6649131775,12.3000001907,4.6618142128,-24.5722579956,18.6393966675,-2.67077231407,0.223640069366,97195.5505371,28.3499984741,-192.831237793,False
76.60000000000001,-0.207,-0.404,-0.379,1.3140911,0.55897905,12.6898051,16.75,40.8049316406,12.3199996948,5.74795103073,-9.61639881134,18.7312393188,-2.04123711586,0.192592814565,97195.9350586,28.359998703,-189.388092041,False
76.7,-0.302,-0.411,-0.358,1.20621795,0.5295591,13.1801376,13.0099992752,40.8049316406,12.2399997711,5.74795103073,-9.61639881134,18.7925453186,-1.05705368519,0.0682211816311,97196.9360352,28.3699989319,-184.566314697,False
76.80000000000001,-0.243,-0.416,-0.34,1.30428445,0.65704555,13.73911665,9.01999950409,40.8049316406,12.1599998474,5.74795103073,-9.61639881134,18.8011550903,-0.420638889074,-0.0231386926025,97196.9360352,28.3699989319,-186.888122559,False
76.9,-0.379,-0.402,-0.296,1.3533177,0.61781895,13.5920169,4.92000007629,40.8049316406,12.0500001907,5.74795103073,-9.61639881134,18.7460746765,0.37825641036,-0.198171034455,97196.2768555,28.3499984741,-182.979202271,False
77.0,-0.561,-0.36,-0.259,1.48080415,0.63743225,14.13138265,0.829999983311,33.9281158447,11.8000001907,8.64536380768,3.72372055054,18.6534233093,1.12522172928,-0.398506551981,97197.2473145,28.3099994659,-188.933380127,False
77.10000000000001,-0.569,-0.3,-0.246,1.50041745,0.32361945,13.15071765,-3.01999998093,33.9281158447,11.5500001907,8.64536380768,3.72372055054,18.5568981171,1.53951990604,-0.538625895977,97196.081543,28.2399997711,-193.218231201,False
77.2,-0.589,-0.293,-0.226,1.34351105,0.53936575,13.5135637,-6.52999973297,33.9281158447,11.2299995422,8.64536380768,3.72372055054,18.2796173096,2.50895094872,-0.912600517273,97192.5598145,28.1499996185,-181.98928833,False
77.30000000000001,-0.622,-0.237,-0.192,1.3533177,0.28439285,12.552512,-9.61999988556,33.9281158447,10.7699995041,8.64536380768,3.72372055054,18.084854126,2.90260028839,-1.10669076443,97191.192627,28.0299987793,-168.975067139,False
77.4,-0.588,-0.214,-0.174,1.2944778,0.55897905,12.8663248,-12.25,22.1133613586,10.2600002289,11.6930456161,10.9667234421,17.8615131378,3.31296014786,-1.33483099937,97191.192627,27.8899993896,-157.590484619,False
77.5,-0.458,-0.175,-0.157,1.22583125,0.65704555,13.05265115,-14.4899997711,22.1133613586,9.78999996185,11.6930456161,10.9667234421,17.5922985077,3.6491560936,-1.57564496994,97188.5437012,27.7099990845,-163.430603027,False
77.60000000000001,-0.486,-0.109,-0.14,0.89240515,0.83356525,10.89518815,-16.1999988556,22.1133613586,9.17000007629,11.6930456161,10.9667234421,17.3333358765,3.90348267555,-1.66718065739,97187.7563477,27.5199985504,-149.069595337,False
77.7,-0.553,-0.066,-0.145,0.9022118,0.7649187,10.2969825,-17.4799995422,22.1133613586,8.64999961853,11.6930456161,10.9667234421,17.2300415039,3.95480203629,-1.69333600998,97182.9223633,27.2999992371,-128.510284424,False
77.80000000000001,-0.553,-0.066,-0.145,0.9022118,0.7649187,10.2969825,-18.6000003815,10.6482114792,8.10999965668,12.9961595535,15.6698265076,16.9770812988,4.09797430038,-1.75427341461,97182.9223633,27.0799999237,-97.7840423584,False
77.9,-0.496,-0.022,-0.179,0.95124505,0.36284605,10.395049,-19.4799995422,10.6482114792,7.60999965668,12.9961595535,15.6698265076,16.7255020142,4.17414283752,-1.83160305023,97176.4099121,26.8499984741,-85.4194641113,False
78.0,-0.546,-0.013,-0.147,0.9414384,0.1765197,10.1008495,-20.1899986267,10.6482114792,7.0499997139,12.9961595535,15.6698265076,16.5506744385,4.20121860504,-1.8652318716,97176.4099121,26.6199989319,-65.2088165283,False
78.10000000000001,-0.434,-0.01,-0.074,1.02969825,-0.0980665,9.5712904,-20.6599998474,3.97459983826,6.46999979019,12.9477586746,17.8798007965,16.3726234436,4.17574119568,-1.88070845604,97171.685791,26.3799991608,-33.7272644043,False
78.2,-0.363,-0.016,-0.038,1.1375714,-0.12748645,9.50264385,-21.0399990082,3.97459983826,5.82999992371,12.9477586746,17.8798007965,16.222864151,4.1222243309,-1.87565302849,97171.0754395,26.1399993896,-0.392913818359,False
78.30000000000001,-0.315,0.009,0.074,1.176798,-0.0588399,9.6497436,-21.0399990082,3.97459983826,5.83999967575,12.9477586746,17.8798007965,16.127117157,4.05962133408,-1.8806283474,97166.7724609,26.1399993896,-0.392913818359,False
78.4,-0.324,1.13892152321e-17,0.093,1.32389775,0.12748645,10.09104285,-21.2600002289,-3.36545491219,4.57999992371,13.0554838181,17.6683712006,16.0066928864,3.93028640747,-1.91621279716,97166.7724609,25.6599998474,38.3127212524,False
78.5,-0.36,-0.001,0.14,1.30428445,0.2745862,10.1008495,-21.1000003815,-3.36545491219,4.06999969482,13.0554838181,17.6683712006,15.9084711075,3.77273774147,-1.93623113632,97164.9658203,25.4099998474,47.523021698,False
78.60000000000001,-0.404,0.032,0.158,1.3533177,0.3334261,9.8458766,-20.8400001526,-3.36545491219,3.49000000954,13.0554838181,17.6683712006,15.858458519,3.62127780914,-1.93341970444,97162.3596191,25.1599998474,65.3235473633,False
78.7,-0.361,0.059,0.162,1.3925443,0.12748645,9.1986377,-20.859998703,-3.36545491219,3.5,13.0554838181,17.6683712006,15.8037824631,3.40993928909,-1.88442218304,97162.1154785,25.1599998474,65.3235473633,False
78.80000000000001,-0.28,0.067,0.175,1.3925443,1.02562688831e-15,8.3748791,-20.4099998474,-3.36545491219,2.98000001907,13.0554838181,17.6683712006,15.7812566757,3.18246531487,-1.79645943642,97157.2814941,24.9200000763,84.7298583984,False
78.9,-0.24,0.066,0.196,1.2356379,0.08825985,8.48275225,-19.859998703,-12.8734741211,2.40999984741,11.4500408173,13.8752326965,15.7753353119,2.94152760506,-1.68087673187,97157.2814941,24.4699993134,136.54699707,False
79.0,-0.201,0.052,0.206,1.4709975,-0.10787315,8.75733845,-19.1800003052,-12.8734741211,1.76999998093,11.4500408173,13.8752326965,15.7697496414,2.69271421432,-1.55015432835,97155.9753418,24.4699993134,136.54699707,False
79.10000000000001,-0.201,0.048,0.254,1.44157755,0.0392266,8.48275225,-17.3899993896,-12.8734741211,0.659999966621,11.4500408173,13.8752326965,15.7728099823,2.39510965347,-1.43283057213,97153.3752441,24.0599994659,189.653594971,False
79.2,-0.178,0.049,0.269,1.5102241,0.1765197,8.8063717,-17.4099998474,-12.8734741211,0.669999957085,11.4500408173,13.8752326965,15.8041858673,2.10464954376,-1.28232431412,97152.4414062,24.0599994659,189.653594971,False
79.30000000000001,-0.166,0.066,0.261,1.4513842,0.00980665,8.0806796,-15.0399999619,-18.5611896515,-0.149999991059,8.59515285492,8.85485935211,15.839764595,1.65154194832,-1.05762648582,97150.3051758,23.7299995422,205.615142822,False
79.4,-0.101,0.074,0.277,1.40235095,0.0196133,7.6884136,-13.7899999619,-18.5611896515,-0.409999996424,8.59515285492,8.85485935211,15.8999080658,1.34898042679,-0.861440956593,97148.6206055,23.6000003815,208.848098755,False
79.5,-0.029,0.063,0.294,1.61809725,-0.0588399,8.14932615,-12.25,-18.5611896515,-0.699999988079,8.59515285492,8.85485935211,15.9366369247,1.06914389133,-0.700397372246,97151.373291,23.4799995422,227.738861084,False
79.60000000000001,0.016,0.032,0.295,1.38273765,0.1765197,8.629852,-10.7299995422,-18.5611896515,-0.769999980927,8.59515285492,8.85485935211,16.0090732574,0.738076627254,-0.50433909893,97149.1943359,23.3999996185,223.784057617,False
79.7,0.115,0.02,0.306,1.5494507,0.30400615,8.48275225,-10.7399997711,-18.5611896515,-0.769999980927,8.59515285492,8.85485935211,16.0593395233,0.433065503836,-0.383814901114,97146.7773438,23.3999996185,223.784057617,False
79.80000000000001,0.089,0.021,0.26,1.36312435,0.36284605,8.825985,-6.96999979019,-20.7357177734,-0.75,4.40631198883,1.78132867813,16.1415195465,-0.000618190038949,-0.186152711511,97146.0449219,23.2999992371,220.962341309,False
79.9,0.135,0.044,0.25,1.4709975,0.2157463,8.1787461,-5.01999998093,-20.7357177734,-0.799999952316,4.40631198883,1.78132867813,16.1923713684,-0.435279518366,0.0601179264486,97147.265625,23.2799987793,227.875701904,False
80.0,0.209,0.013,0.186,1.2944778,0.2549729,8.93385815,-5.01999998093,-20.7357177734,-0.810000002384,4.40631198883,1.78132867813,16.2407455444,-0.635726928711,0.153719425201,97143.2006836,23.2799987793,227.875701904,False
80.10000000000001,0.33,-0.054,0.195,1.6279039,0.20593965,10.73828175,-1.00999999046,-17.6487617493,-0.389999985695,2.32268357277,-2.96598672867,16.3369235992,-1.13949096203,0.158103361726,97147.1801758,23.2999992371,203.159805298,False
80.2,0.239,-0.045,0.237,1.61809725,0.20593965,10.3754357,-1.00999999046,-17.6487617493,-0.389999985695,2.32268357277,-2.96598672867,16.3369235992,-1.13949096203,0.158103361726,97147.1801758,23.2999992371,203.159805298,False
80.30000000000001,0.178,-0.039,0.249,1.53964405,0.3138128,10.36562905,3.07999992371,-17.6487617493,0.0399999991059,2.32268357277,-2.96598672867,16.4187526703,-1.73614799976,0.174953445792,97145.4284668,23.3400001526,174.293334961,False
80.4,0.259,-0.044,0.242,1.32389775,0.38245935,10.58137535,5.08999967575,-17.6487617493,0.319999992847,2.32268357277,-2.96598672867,16.4529056549,-2.05643248558,0.136595621705,97146.9604492,23.359998703,138.574035645,False
80.5,0.361,-0.016,0.201,1.26505785,0.38245935,9.80665,7.01999998093,-11.8580760956,0.509999990463,1.48969769478,-8.74551868439,16.4490585327,-2.2853167057,0.16866376996,97146.2097168,23.3799991608,126.513381958,False
80.60000000000001,0.391,-0.015,0.171,0.95124505,0.4118793,9.32612415,8.69999980927,-11.8580760956,0.689999997616,1.48969769478,-8.74551868439,16.4615802765,-2.56532859802,0.261030584574,97146.105957,23.3999996185,118.048858643,False
80.7,0.389,-0.017,0.104,0.9022118,0.3334261,8.629852,10.25,-11.8580760956,0.899999976158,1.48969769478,-8.74551868439,16.4508399963,-2.7328619957,0.319390028715,97145.8312988,23.4300003052,110.144042969,False
80.80000000000001,0.46,-0.024,0.066,0.9022118,0.40207265,8.79656505,11.5199995041,-11.8580760956,0.969999969006,1.48969769478,-8.74551868439,16.4587745667,-2.94198822975,0.467769116163,97146.2158203,23.4699993134,119.850730896,False
80.9,0.477,-0.025,0.047,0.83356525,0.3334261,8.79656505,12.5900001526,-11.8580760956,1.05999994278,1.48969769478,-8.74551868439,16.4576644897,-2.96559762955,0.48762139678,97146.2158203,23.5199985504,121.274856567,False
81.0,0.437,-0.033,0.031,0.8433719,0.4314926,9.05153795,13.4200000763,-1.47330057621,1.09000003338,1.58391475677,-11.7754716873,16.4558849335,-3.08754706383,0.620514512062,97145.9594727,23.5900001526,128.210540771,False
81.10000000000001,0.334,-0.046,0.035,0.9218251,0.42168595,9.46341725,14.0699996948,-1.47330057621,1.20999991894,1.58391475677,-11.7754716873,16.4576854706,-3.11472296715,0.652691841125,97142.3583984,23.6599998474,110.468482971,False
81.2,0.284,-0.034,0.038,0.91201845,0.2745862,9.30651085,14.5899991989,-1.47330057621,1.38999998569,1.58391475677,-11.7754716873,16.4602546692,-3.11385011673,0.666894853115,97147.0581055,23.7299995422,96.1434326172,False
81.30000000000001,0.213,-0.029,0.011,0.8825985,0.3334261,9.414384,14.9600000381,4.12036466599,1.55999994278,2.19062829018,-12.6488761902,16.4817848206,-3.07737803459,0.697681069374,97148.7976074,23.8099994659,92.2650299072,False
81.4,0.237,-0.027,-0.002,0.9218251,0.5491724,9.6497436,15.1999998093,4.12036466599,1.78999996185,2.19062829018,-12.6488761902,16.4972839355,-3.04674911499,0.707536756992,97148.7976074,23.8799991608,74.3283233643,False
81.5,0.208,-0.033,-0.016,0.89240515,0.6080123,9.75761675,15.1999998093,4.12036466599,1.79999995232,2.19062829018,-12.6488761902,16.5100421906,-2.99488711357,0.724241733551,97145.5078125,23.9599990845,77.8276443481,False
81.60000000000001,0.247,-0.012,-0.063,0.8433719,0.4903325,9.14960445,15.3699998856,4.12036466599,1.9699999094,2.19062829018,-12.6488761902,16.5211524963,-2.95332884789,0.745554924011,97153.137207,23.9599990845,77.8276443481,False
81.7,0.299,-0.013,-0.104,0.9218251,0.6080123,9.22805765,15.3899993896,10.7214126587,2.25999999046,2.55816459656,-11.9963274002,16.5579586029,-2.82671046257,0.799786686897,97151.0864258,24.1299991608,81.188583374,False
81.80000000000001,0.308,0.002,-0.137,0.8433719,0.50013915,8.65927195,15.3899993896,10.7214126587,2.26999998093,2.55816459656,-11.9963274002,16.5779190063,-2.75817966461,0.848046302795,97151.739502,24.1299991608,81.188583374,False
81.9,0.209,-0.001,-0.166,0.99047165,0.46091255,9.11037785,14.8199996948,10.7214126587,2.58999991417,2.55816459656,-11.9963274002,16.6411418915,-2.52005410194,0.975832998753,97151.739502,24.3299999237,78.408241272,False
82.0,0.107,-0.015,-0.17,0.89240515,0.51975245,9.40457735,14.279999733,10.7214126587,2.71000003815,2.55816459656,-11.9963274002,16.7101516724,-2.29939007759,1.03874671459,97157.0983887,24.4399986267,81.4796447754,False
82.10000000000001,0.041,-0.004,-0.171,0.9022118,0.34323275,9.14960445,13.6399993896,10.7214126587,2.86999988556,2.55816459656,-11.9963274002,16.7441730499,-2.13443183899,1.10187554359,97152.7648926,24.5499992371,77.9571533203,False
82.2,-0.113,-0.028,-0.171,1.04931155,0.40207265,9.60071035,12.9600000381,14.8776597977,3.02999997139,1.88851869106,-8.74204540253,16.8097362518,-1.93414866924,1.11579573154,97156.8359375,24.6800003052,79.3143310547,False
82.30000000000001,-0.109,-0.024,-0.154,1.0198916,0.5099458,9.9439431,12.2100000381,14.8776597977,3.30999994278,1.88851869106,-8.74204540253,16.8599014282,-1.73676753044,1.0836622715,97158.8500977,24.7999992371,50.6595611572,False
82.4,-0.074,-0.019,-0.186,1.176798,0.48052585,10.26756255,11.4600000381,14.8776597977,3.69999980927,1.88851869106,-8.74204540253,16.9244709015,-1.54367399216,1.01272571087,97162.5610352,24.9200000763,27.6723861694,False
82.5,-0.056,-0.042,-0.192,1.1179581,0.5099458,10.46369555,11.4600000381,13.3124742508,3.6899998188,1.64115619659,-5.41872167587,16.9639816284,-1.38513064384,0.93376994133,97163.5192871,25.0299987793,12.1676445007,False
82.60000000000001,-0.063,-0.043,-0.195,1.10815145,0.7453054,10.81673495,9.82999992371,13.3124742508,4.36000013351,1.64115619659,-5.41872167587,17.0466747284,-1.154535532,0.856766104698,97167.0288086,25.1299991608,9.5495223999,False
82.7,-0.098,-0.054,-0.201,1.06892485,0.6668522,10.75789505,9.01000022888,13.3124742508,4.61000013351,1.64115619659,-5.41872167587,17.0978393555,-0.962061166763,0.774344325066,97167.0288086,25.2199993134,0.320148468018,False
82.80000000000001,-0.076,-0.046,-0.209,1.02969825,0.392266,10.2969825,9.01000022888,13.3124742508,4.61000013351,1.64115619659,-5.41872167587,17.1194972992,-0.885764837265,0.739871680737,97169.7143555,25.2199993134,0.320148468018,False
82.9,-0.049,-0.051,-0.199,1.08853815,0.392266,10.58137535,7.17999982834,13.3124742508,4.86999988556,1.64115619659,-5.41872167587,17.1814937592,-0.571638762951,0.612498760223,97167.1936035,25.3899993896,3.84368896484,False
83.0,-0.066,-0.067,-0.186,0.99047165,0.3726527,10.5715687,6.21000003815,11.6937761307,4.88999986649,1.82876777649,0.3335249722,17.1965484619,-0.500490665436,0.577149033546,97164.2333984,25.4599990845,8.0114364624,False
83.10000000000001,-0.028,-0.077,-0.166,0.9218251,0.4511059,10.6304086,5.15000009537,11.6937761307,4.92999982834,1.82876777649,0.3335249722,17.2321643829,-0.179504066706,0.478506863117,97167.7734375,25.5299987793,-2.98442840576,False
83.2,0.014,-0.07,-0.149,1.0002783,0.2353596,10.42446895,4.05999994278,11.6937761307,4.92999982834,1.82876777649,0.3335249722,17.2590503693,0.028443749994,0.422069430351,97169.8913574,25.5799999237,-0.336647033691,False
83.30000000000001,-0.012,-0.1,-0.101,0.87279185,0.20593965,10.6696352,4.05999994278,11.6937761307,4.92999982834,1.82876777649,0.3335249722,17.2526226044,0.202187106013,0.354573041201,97167.7307129,25.5799999237,-0.336647033691,False
83.4,-0.092,-0.076,-0.071,0.87279185,0.2745862,9.9243298,1.66999995708,11.7630138397,4.69999980927,2.72126936913,2.91842341423,17.2542572021,0.447152465582,0.336761057377,97167.3950195,25.6700000763,18.602848053,False
83.5,-0.101,-0.081,-0.036,0.73549875,0.38245935,9.71839015,1.66999995708,11.7630138397,4.69999980927,2.72126936913,2.91842341423,17.2275714874,0.601163566113,0.360574424267,97168.0053711,25.7099990845,34.882068634,False
83.60000000000001,-0.167,-0.097,-0.026,0.95124505,0.2745862,10.3558224,0.539999961853,11.7630138397,4.46000003815,2.72126936913,2.91842341423,17.2193832397,0.708587288857,0.336199313402,97169.8791504,25.7099990845,34.882068634,False
83.7,-0.176,-0.093,-0.018,0.99047165,0.50013915,11.30706745,-1.52999997139,9.69208621979,4.34999990463,4.03738594055,3.76107406616,17.1762943268,0.968840301037,0.146430641413,97168.4753418,25.7799987793,17.4551010132,False
83.80000000000001,-0.245,-0.075,-0.025,1.06892485,0.4903325,11.15016105,-2.49000000954,9.69208621979,4.31999969482,4.03738594055,3.76107406616,17.1569786072,1.10051822662,-0.000487017794512,97168.4753418,25.7999992371,6.20040893555,False
83.9,-0.278,-0.06,-0.024,1.04931155,0.53936575,10.983448,-2.48000001907,9.69208621979,4.30999994278,4.03738594055,3.76107406616,17.1180381775,1.17235612869,-0.119764447212,97172.6379395,25.7999992371,6.20040893555,False
84.0,-0.272,-0.032,-0.046,1.08853815,0.5099458,10.7480884,-3.81999993324,6.03984928131,4.17000007629,5.16601753235,4.14234399796,17.0787181854,1.25363564491,-0.235745891929,97172.6379395,25.7799987793,-6.27021789551,False
84.10000000000001,-0.222,-0.019,-0.063,0.87279185,0.44129925,10.2381426,-4.26999998093,6.03984928131,4.03999996185,5.16601753235,4.14234399796,17.0061416626,1.29423570633,-0.285668492317,97172.7416992,25.7600002289,-2.42614746094,False
84.2,-0.246,-0.036,-0.055,0.93163175,0.36284605,10.4538889,-4.44999980927,2.69697666168,4.01999998093,5.46536827087,4.78234624863,16.9806652069,1.30045056343,-0.333709657192,97173.5351562,25.7299995422,-8.76159667969,False
84.30000000000001,-0.222,-0.046,-0.028,0.95124505,0.40207265,11.3364874,-4.44999980927,2.69697666168,4.01999998093,5.46536827087,4.78234624863,16.9220371246,1.29136800766,-0.460043042898,97170.1721191,25.7299995422,-8.76159667969,False
84.4,-0.142,-0.041,-0.014,0.89240515,0.0196133,10.395049,-4.65000009537,2.69697666168,4.01999998093,5.46536827087,4.78234624863,16.8704185486,1.27113699913,-0.566866278648,97170.1721191,25.6999988556,-14.1510009766,False
84.5,-0.12,-0.045,-0.01,0.8825985,0.0980665,10.46369555,-4.38999986649,2.69697666168,3.9399998188,5.46536827087,4.78234624863,16.7979469299,1.24100911617,-0.65260219574,97170.4772949,25.5799999237,-10.7551574707,False
84.60000000000001,0.016,-0.042,0.035,0.99047165,0.2745862,10.81673495,-4.42999982834,-0.983872294426,3.65999984741,6.47922182083,5.00832557678,16.7381343842,1.19291889668,-0.770079731941,97168.6767578,25.5100002289,-10.6779098511,False
84.7,-0.082,-0.032,0.057,0.97085835,-0.06864655,11.0226746,-3.15999984741,-0.983872294426,3.5,6.47922182083,5.00832557678,16.639881134,1.14263486862,-0.915067434311,97168.1335449,25.4200000763,-10.0971221924,False
84.80000000000001,-0.073,-0.039,0.083,0.8041453,0.00980665,10.591182,-3.03999996185,-0.983872294426,3.29999995232,6.47922182083,5.00832557678,16.5876865387,1.10879218578,-0.969892680645,97168.1335449,25.3199996948,-9.95388031006,False
84.9,0.083,-0.023,0.125,0.83356525,0.2353596,10.3754357,-3.03999996185,-0.983872294426,3.29999995232,6.47922182083,5.00832557678,16.5137653351,1.05846428871,-1.01001310349,97164.5141602,25.3199996948,-9.95388031006,False
85.0,0.089,-0.019,0.151,0.8237586,0.1569064,10.20872265,-1.15999996662,-0.983872294426,2.75999999046,6.47922182083,5.00832557678,16.4334831238,0.986893236637,-1.09448444843,97164.5141602,25.0900001526,9.34190750122,False
85.10000000000001,0.042,-0.02,0.157,0.87279185,0.16671305,10.36562905,-0.849999964237,-1.37903225422,2.48000001907,7.1308965683,1.79600679874,16.3246574402,0.900759100914,-1.18877780437,97165.0268555,24.9699993134,17.5385475159,False
85.2,-0.066,0.009,0.149,0.89240515,0.24516625,9.9831697,2.56999993324,-1.37903225422,2.83999991417,7.1308965683,1.79600679874,16.2725963593,0.843969166279,-1.21464121342,97160.748291,24.8400001526,28.0160903931,False
85.30000000000001,-0.106,0.035,0.126,0.8629852,0.42168595,9.5712904,3.17999982834,-1.37903225422,1.78999996185,7.1308965683,1.79600679874,16.1766700745,0.724596500397,-1.1910264492,97165.0756836,24.7099990845,42.3851966858,False
85.4,-0.122,0.04,0.102,0.7256921,0.3334261,9.0417313,6.44000005722,-1.37903225422,0.599999964237,7.1308965683,1.79600679874,16.136554718,0.647217869759,-1.13139998913,97159.375,24.5799999237,71.9439544678,False
85.5,-0.076,0.055,0.074,0.75511205,0.392266,9.1201845,7.23999977112,-3.75360393524,0.849999964237,6.30050420761,-1.29034388065,16.0539875031,0.524699807167,-1.0219233036,97157.6171875,24.4599990845,84.6983947754,False
85.60000000000001,0.176,0.073,0.03,0.8041453,0.24516625,8.91424485,7.23999977112,-3.75360393524,0.849999964237,6.30050420761,-1.29034388065,16.0322475433,0.470278501511,-0.965767800808,97154.0161133,24.4599990845,84.6983947754,False
85.7,0.19,0.085,0.021,0.75511205,0.1176798,8.14932615,8.05999946594,-3.75360393524,0.539999961853,6.30050420761,-1.29034388065,16.0078144073,0.420955806971,-0.893660306931,97151.385498,24.3500003815,88.1114959717,False
85.80000000000001,0.112,0.092,0.036,0.71588545,0.0980665,7.95319315,13.9699993134,-3.75360393524,-0.219999998808,6.30050420761,-1.29034388065,15.9751033783,0.334721744061,-0.606676220894,97151.385498,24.1800003052,142.063812256,False
85.9,-0.145,0.1,0.08,0.7649187,0.12748645,7.22750105,17.6999988556,-2.01742625237,0.019999999553,4.28390884399,-2.24852657318,15.9573221207,0.275838345289,-0.289227813482,97150.5554199,24.1199989319,171.323104858,False
86.0,-0.016,0.125,0.079,0.8041453,8.11854539221e-16,6.6292954,18.6800003052,-2.01742625237,-1.06999993324,4.28390884399,-2.24852657318,15.964050293,0.245730400085,-0.0474826470017,97150.3479004,24.0900001526,185.730560303,False
86.10000000000001,0.338,0.123,0.075,0.79433865,0.16671305,6.7077486,23.5199985504,-2.01742625237,-2.12999987602,4.28390884399,-2.24852657318,15.9628953934,0.191840827465,0.351712554693,97151.4648438,24.1000003815,210.311889648,False
86.2,0.385,0.12,0.06,0.81395195,0.22555295,6.5116156,23.5199985504,-2.01742625237,-2.12999987602,4.28390884399,-2.24852657318,15.9823713303,0.176809802651,0.534460484982,97150.1403809,24.1299991608,237.459381104,False
86.30000000000001,0.506,0.129,0.044,1.1964113,0.2157463,6.5116156,25.5299987793,1.97341156006,-1.75999999046,1.50717675686,-3.91347169876,16.046710968,0.175517246127,0.91590243578,97150.1403809,24.2099990845,253.926757812,False
86.4,0.575,0.119,0.011,1.0395049,0.57859235,6.7862018,28.8299999237,1.97341156006,-1.70999991894,1.50717675686,-3.91347169876,16.1462287903,0.205773487687,1.29133403301,97153.4362793,24.3199996948,257.741271973,False
86.5,0.526,0.1,-0.033,1.5298374,0.4511059,7.1980811,29.6499996185,1.97341156006,-1.45999991894,1.50717675686,-3.91347169876,16.2618675232,0.294187605381,1.47142887115,97156.0058594,24.4599990845,256.22454834,False
86.60000000000001,0.485,0.049,-0.068,1.75539035,0.38245935,8.32584585,33.5499992371,12.2088193893,-0.329999983311,-0.630658447742,-4.31654453278,16.4026966095,0.429278045893,1.60922551155,97160.5224609,24.6299991608,236.0912323,False
86.7,0.518,0.03,-0.086,1.8240369,0.5491724,8.4925589,34.25,12.2088193893,-0.449999988079,-0.630658447742,-4.31654453278,16.5006160736,0.546343803406,1.72724926472,97158.2946777,24.8099994659,216.409210205,False
86.80000000000001,0.51,0.001,-0.161,1.372931,0.980665,8.28661925,34.8699989319,12.2088193893,0.179999992251,-0.630658447742,-4.31654453278,16.6518268585,0.739303052425,1.8753964901,97163.9282227,25.0199985504,188.582611084,False
86.9,0.479,-0.021,-0.181,1.4317709,0.87279185,8.56120545,36.4199981689,21.4387969971,0.299999982119,-1.5891276598,-2.54250764847,16.8287677765,1.01592612267,2.08479094505,97163.9282227,25.2299995422,160.026168823,False
87.0,0.401,-0.042,-0.248,1.7259704,0.6864655,8.58081875,36.7999992371,21.4387969971,1.80999994278,-1.5891276598,-2.54250764847,16.9230060577,1.17955160141,2.18131279945,97170.7092285,25.4699993134,139.364334106,False
87.10000000000001,0.311,-0.049,-0.289,1.569064,1.0395049,9.0025047,39.1100006104,21.4387969971,2.89999985695,-1.5891276598,-2.54250764847,17.1294307709,1.57945752144,2.34041666985,97171.8444824,25.7199993134,107.638458252,False
87.2,0.297,-0.126,-0.34,1.48080415,0.8433719,9.8654899,39.1100006104,21.4387969971,2.91999983788,-1.5891276598,-2.54250764847,17.2285251617,1.80543601513,2.39139890671,97176.739502,25.7199993134,107.638458252,False
87.30000000000001,0.301,-0.197,-0.358,1.8240369,0.53936575,10.30678915,42.0699996948,28.2959861755,4.80999994278,-2.67839288712,3.46219778061,17.4623451233,2.52704906464,2.48960375786,97178.4301758,26.25,50.7488250732,False
87.4,0.259,-0.239,-0.349,1.5102241,0.7060788,10.93441475,42.0999984741,28.2959861755,5.65000009537,-2.67839288712,3.46219778061,17.5028858185,2.74603772163,2.47055363655,97181.3232422,26.5199985504,30.5270195007,False
87.5,0.261,-0.291,-0.309,1.6082906,0.73549875,11.6895268,41.7799987793,28.2959861755,6.3799996376,-2.67839288712,3.46219778061,17.6147556305,3.71417760849,2.36889624596,97187.0849609,26.7899990082,4.53405380249,False
87.60000000000001,0.263,-0.319,-0.31,1.765197,0.85317855,12.36618565,44.7799987793,33.3722038269,7.1299996376,-1.57986080647,11.6007833481,17.6470489502,4.24510097504,2.26943135262,97187.0849609,27.0599994659,-24.5540618896,False
87.7,0.192,-0.374,-0.328,1.63771055,0.980665,14.11176935,44.2799987793,33.3722038269,7.8799996376,-1.57986080647,11.6007833481,17.5804367065,5.17161083221,1.98956215382,97190.1611328,27.2999992371,-56.7279815674,False
87.80000000000001,0.236,-0.353,-0.375,1.7259704,0.9414384,13.4547238,44.4799995422,33.3722038269,8.52999973297,-1.57986080647,11.6007833481,17.4734916687,5.90663766861,1.88426411152,97193.4204102,27.5299987793,-91.2145614624,False
87.9,0.291,-0.372,-0.423,1.08853815,0.53936575,12.0425662,43.7399978638,33.3722038269,8.92000007629,-1.57986080647,11.6007833481,17.3402462006,6.48261451721,1.8804346323,97191.6687012,27.7299995422,-91.766166687,False
88.0,0.134,-0.406,-0.383,1.0787315,0.784532,12.1210194,44.719997406,38.5606307983,9.34000015259,-0.0775265991688,22.1975917816,17.0776557922,7.34241771698,1.89457821846,97193.3410645,27.9399986267,-82.8569412231,False
88.10000000000001,0.266,-0.398,-0.392,1.1179581,0.53936575,11.91507975,43.8400001526,38.5606307983,9.61999988556,-0.0775265991688,22.1975917816,16.8064880371,8.06217765808,1.96541523933,97196.1303711,28.1399993896,-81.3365936279,False
88.2,0.293,-0.416,-0.407,1.3337044,0.30400615,11.179581,42.8899993896,38.5606307983,9.9299993515,-0.0775265991688,22.1975917816,16.5547790527,8.62643718719,2.05141949654,97200.0854492,28.3499984741,-74.54662323,False
88.30000000000001,0.313,-0.467,-0.358,1.4121576,0.3530394,12.83690485,44.3099975586,38.5606307983,11.0900001526,-0.0775265991688,22.1975917816,16.1192054749,9.4499130249,2.07866334915,97197.0825195,28.5599994659,-83.4074020386,False
88.4,0.16,-0.52,-0.29,1.6671305,0.57859235,14.40596885,42.7900009155,44.803565979,10.9600000381,1.47359228134,35.263633728,15.4756317139,10.5101928711,1.99152457714,97200.7995605,28.7799987793,-112.347122192,False
88.5,0.045,-0.516,-0.251,1.87307015,0.83356525,14.64132845,42.7599983215,44.803565979,10.9799995422,1.47359228134,35.263633728,15.0897731781,11.0216236115,1.94120490551,97204.4250488,28.9899997711,-135.336395264,False
88.60000000000001,-0.021,-0.473,-0.278,1.8632635,1.2356379,13.5527903,42.7599983215,44.803565979,10.6399993896,1.47359228134,35.263633728,14.7183580399,11.501906395,1.89445972443,97207.3425293,28.9899997711,-135.336395264,False
88.7,-0.162,-0.484,-0.34,2.24572285,1.06892485,14.709975,38.8299980164,44.803565979,12.2299995422,1.47359228134,35.263633728,13.6074285507,12.7686166763,1.726323843,97213.684082,29.3799991608,-168.951599121,False
88.80000000000001,-0.12,-0.451,-0.415,1.7848103,0.91201845,14.0431228,38.8199996948,45.6456718445,12.2199993134,4.61933231354,48.380279541,13.1938228607,13.1872005463,1.67263782024,97216.4978027,29.3799991608,-168.951599121,False
88.9,-0.228,-0.459,-0.43,1.6475172,0.83356525,13.9646696,38.5200004578,45.6456718445,12.8099994659,4.61933231354,48.380279541,11.9167413712,14.2018795013,1.55024337769,97215.9362793,29.7399997711,-206.771270752,False
89.0,-0.314,-0.489,-0.428,1.9221034,0.6080123,14.68055505,38.5200004578,45.6456718445,12.7999992371,4.61933231354,48.380279541,11.5973949432,14.4326944351,1.50794374943,97216.8579102,29.7399997711,-206.771270752,False
89.10000000000001,-0.231,-0.461,-0.403,1.48080415,0.6864655,14.26867575,35.9599990845,45.6456718445,13.3800001144,4.61933231354,48.380279541,10.3198957443,15.168548584,1.286688447,97220.904541,30.0599994659,-225.878616333,False
89.2,-0.267,-0.497,-0.347,1.5298374,0.57859235,15.3179873,33.8499984741,41.5127754211,12.7999992371,6.18586778641,65.3857727051,9.95488548279,15.3473272324,1.21624004841,97221.1547852,30.1999988556,-224.012283325,False
89.30000000000001,-0.378,-0.458,-0.298,1.4709975,0.6472389,14.5726819,30.8400001526,41.5127754211,13.5,6.18586778641,65.3857727051,8.81698417664,15.8014812469,0.973840892315,97222.9187012,30.3099994659,-225.901611328,False
89.4,-0.199,-0.422,-0.304,1.4709975,0.6080123,14.1019627,27.8799991608,41.5127754211,13.5199995041,6.18586778641,65.3857727051,7.93369197845,16.0804386139,0.816462934017,97222.9187012,30.3099994659,-225.901611328,False
89.5,-0.149,-0.382,-0.28,1.4513842,0.7649187,13.38607725,27.8499984741,41.5127754211,13.5099992752,6.18586778641,65.3857727051,6.89004611969,16.2885551453,0.66036683321,97222.7416992,30.4799995422,-205.39074707,False
89.60000000000001,-0.128,-0.416,-0.273,1.5494507,0.79433865,13.8862164,23.8199996948,38.6178398132,13.3599996567,8.89383602142,75.8124465942,5.85703992844,16.4650402069,0.462189286947,97222.7416992,30.5399990082,-195.672225952,False
89.7,-0.078,-0.411,-0.27,1.75539035,0.980665,14.15099595,20.2700004578,38.6178398132,13.3599996567,8.89383602142,75.8124465942,5.2992606163,16.4860439301,0.32881295681,97220.0134277,30.5399990082,-195.672225952,False
89.80000000000001,-0.087,-0.348,-0.295,1.9417167,0.8629852,13.66066345,17.1900005341,38.6178398132,13.1300001144,8.89383602142,75.8124465942,4.14151620865,16.5291290283,0.114781968296,97221.8933105,30.5799999237,-172.057159424,False
89.9,-0.093,-0.252,-0.334,1.2944778,0.67665885,10.81673495,17.1900005341,38.3555412292,13.1300001144,10.8179073334,83.7252197266,3.83915805817,16.5050678253,0.114930868149,97220.6787109,30.5799999237,-172.057159424,False
90.0,-0.15,-0.254,-0.33,1.46119085,0.4314926,10.20872265,13.8599996567,38.3555412292,12.6999998093,10.8179073334,83.7252197266,3.15755176544,16.436750412,0.213678583503,97217.4560547,30.5599994659,-142.664337158,False
90.10000000000001,-0.429,-0.262,-0.257,1.75539035,0.71588545,10.7088618,8.22999954224,38.3555412292,12.2599992752,10.8179073334,83.7252197266,2.07713127136,16.2984523773,0.287820547819,97217.4560547,30.5399990082,-97.2551345825,False
90.2,-0.578,-0.271,-0.261,2.14765635,0.57859235,12.09159945,4.92000007629,38.3555412292,12.1499996185,10.8179073334,83.7252197266,1.83041799068,16.2529716492,0.268315166235,97222.65625,30.5299987793,-103.251838684,False
90.30000000000001,-0.525,-0.248,-0.253,2.30456275,0.4903325,12.5132854,1.57999992371,31.4739551544,12.0500001907,11.8451032639,94.8863983154,0.667907297611,15.9811973572,0.000435281544924,97225.2563477,30.5,-109.475135803,False
90.4,-0.497,-0.226,-0.234,2.30456275,0.6864655,12.0425662,-1.38999998569,31.4739551544,11.8899993896,11.8451032639,94.8863983154,0.209309741855,15.8559913635,-0.131245926023,97226.4038086,30.4699993134,-113.442993164,False
90.5,-0.625,-0.202,-0.192,2.2163029,0.46091255,12.0817928,-4.19000005722,31.4739551544,11.5999994278,11.8451032639,94.8863983154,-0.379344761372,15.5743894577,-0.354785948992,97225.567627,30.4099998474,-109.98134613,False
90.60000000000001,-0.659,-0.166,-0.141,1.96133,0.59820565,12.38579895,-6.53999996185,31.4739551544,11.3599996567,11.8451032639,94.8863983154,-0.71105414629,15.4115486145,-0.511537730694,97225.567627,30.3400001526,-109.202575684,False
90.7,-0.651,-0.148,-0.144,1.99074995,0.2549729,11.75817335,-8.60999965668,18.4389343262,11.0199995041,14.1134204865,101.764030457,-1.05098688602,15.1405200958,-0.701720893383,97220.7458496,30.2399997711,-109.537315369,False
90.80000000000001,-0.676,-0.135,-0.101,2.04958985,0.20593965,12.3171524,-10.1700000763,18.4389343262,10.7299995422,14.1134204865,101.764030457,-1.30793905258,14.9036064148,-0.957833707333,97218.0664062,30.1299991608,-114.042472839,False
90.9,-0.633,-0.123,-0.063,1.9417167,0.4903325,13.26839745,-11.3999996185,18.4389343262,10.6199998856,14.1134204865,101.764030457,-1.50636482239,14.6108760834,-1.31838774681,97218.8781738,29.9699993134,-124.777603149,False
91.0,-0.567,-0.114,-0.039,2.1770763,0.22555295,12.944778,-11.3899993896,18.4389343262,10.6099996567,14.1134204865,101.764030457,-1.54954481125,14.5000762939,-1.45167434216,97221.270752,29.9699993134,-124.777603149,False
91.10000000000001,-0.482,-0.059,-0.006,1.77500365,0.24516625,11.2188076,-12.3099994659,18.4389343262,10.2600002289,14.1134204865,101.764030457,-1.63214683533,14.178853035,-1.81186842918,97209.4909668,29.7899990082,-120.62587738,False
91.2,-0.401,-0.033,0.006,1.69655045,0.2353596,10.64021525,-12.7100000381,18.4389343262,9.76999950409,14.1134204865,101.764030457,-1.62392044067,14.0003662109,-1.91819059849,97209.4909668,29.5599994659,-102.11391449,False
91.30000000000001,-0.434,0.004,0.028,1.75539035,0.1765197,9.7870367,-12.8299999237,2.57627940178,8.57999992371,16.5102844238,104.324104309,-1.51031589508,13.6633548737,-2.03762364388,97209.2468262,29.0599994659,-40.4628753662,False
91.4,-0.387,0.025,0.044,1.69655045,0.2549729,9.44380395,-12.529999733,2.57627940178,7.92999982834,16.5102844238,104.324104309,-1.39027535915,13.5085544586,-2.06523633003,97202.5146484,28.7999992371,-4.12254333496,False
91.5,-0.334,0.032,0.047,1.50041745,0.3726527,9.7870367,-12.5399999619,2.57627940178,7.92999982834,16.5102844238,104.324104309,-1.23439490795,13.3491563797,-2.08390593529,97199.9511719,28.5399990082,31.942653656,False
91.60000000000001,-0.304,0.058,0.061,1.6671305,0.2941995,9.5909037,-11.3299999237,2.57627940178,6.69999980927,16.5102844238,104.324104309,-1.07309007645,13.2602968216,-2.08032345772,97198.4802246,28.2799987793,59.1775894165,False
91.7,-0.185,0.073,0.078,1.9024901,-0.0392266,9.09076455,-10.5799999237,-7.12115192413,6.08999967575,15.6114969254,103.715560913,-0.846500575542,13.1517543793,-2.00926542282,97194.6838379,28.0199985504,81.2417984009,False
91.80000000000001,-0.029,0.116,0.105,1.73577705,0.22555295,8.2768126,-9.89999961853,-7.12115192413,5.48000001907,15.6114969254,103.715560913,-0.809863090515,13.1392278671,-1.99167299271,97192.9382324,27.7699985504,123.365592957,False
91.9,-0.209,0.105,0.143,2.26533615,0.1372931,8.2964259,-9.10999965668,-7.12115192413,4.96999979019,15.6114969254,103.715560913,-0.509082794189,13.0895643234,-1.84469854832,97191.6137695,27.5399990082,148.267181396,False
92.0,-0.215,0.054,0.203,2.3143694,-0.06864655,9.73800345,-9.11999988556,-7.12115192413,4.96999979019,15.6114969254,103.715560913,-0.394631057978,13.1038503647,-1.82815003395,97189.8620605,27.5399990082,148.267181396,False
92.10000000000001,-0.037,0.083,0.235,2.28494945,0.16671305,9.2770909,-6.7999997139,-7.12115192413,4.19999980927,15.6114969254,103.715560913,-0.190796375275,13.1153793335,-1.81498110294,97186.5600586,27.3199996948,150.12550354,False
92.2,0.089,0.091,0.251,2.38301595,0.0588399,9.022118,-5.55999994278,-12.6579265594,3.83999991417,12.2436752319,99.884765625,0.204797297716,13.1763916016,-1.73681235313,97186.5600586,26.9099998474,162.27053833,False
92.30000000000001,0.092,0.093,0.246,2.3732093,0.2353596,8.71811185,-4.13000011444,-12.6579265594,3.42999982834,12.2436752319,99.884765625,0.46745672822,13.22219944,-1.6157258749,97186.6882324,26.7199993134,181.391815186,False
92.4,0.104,0.135,0.179,2.0201699,0.7649187,7.6884136,-2.72000002861,-12.6579265594,2.95000004768,12.2436752319,99.884765625,0.75780916214,13.3255825043,-1.34339475632,97182.043457,26.5399990082,208.81137085,False
92.5,0.121,0.155,0.135,2.1182364,0.4707192,7.0019481,-1.30999994278,-12.6579265594,2.48000001907,12.2436752319,99.884765625,0.941484153271,13.3771467209,-1.10207080841,97181.5368652,26.3999996185,233.699615479,False
92.60000000000001,0.221,0.178,0.026,1.7848103,0.51975245,6.38412915,-0.0999999940395,-11.3286333084,2.12999987602,8.58395576477,96.5205001831,1.04607570171,13.4399785995,-0.916833221912,97178.7719727,26.2899990082,251.222610474,False
92.7,0.255,0.185,-0.012,1.75539035,0.2941995,5.687857,0.879999995232,-11.3286333084,1.91999995708,8.58395576477,96.5205001831,1.2758140564,13.6008005142,-0.252416044474,97177.6367188,26.2299995422,261.039642334,False
92.80000000000001,0.239,0.164,-0.012,2.0397832,-0.0196133,5.85457005,0.879999995232,-11.3286333084,1.91999995708,8.58395576477,96.5205001831,1.33366286755,13.6700391769,-0.0376436822116,97177.6123047,26.2299995422,261.039642334,False
92.9,0.251,0.145,-0.004,2.26533615,-0.196133,5.99186315,1.68999993801,-11.3286333084,1.94999992847,8.58395576477,96.5205001831,1.41875457764,13.8159151077,0.392090797424,97177.2949219,26.2099990845,266.741088867,False
93.0,0.246,0.121,0.051,2.12804305,0.0980665,6.3547092,3.04999995232,-4.92657423019,2.23000001907,4.20445966721,97.1177520752,1.4805021286,13.9622163773,0.696191966534,97181.8725586,26.3099994659,280.142211914,False
93.10000000000001,0.203,0.094,0.085,2.1182364,0.06864655,7.14904785,3.57999992371,-4.92657423019,2.50999999046,4.20445966721,97.1177520752,1.55199432373,14.1201219559,1.00107896328,97181.2255859,26.4200000763,268.668365479,False
93.2,0.188,0.055,0.108,2.4124359,-0.26477955,7.58054045,3.57999992371,-4.92657423019,2.50999999046,4.20445966721,97.1177520752,1.5491694212,14.1890296936,1.087246418,97178.1921387,26.4200000763,268.668365479,False
93.30000000000001,0.281,0.022,0.108,2.2751428,0.0980665,8.1002929,3.99000000954,-4.92657423019,3.03999996185,4.20445966721,97.1177520752,1.5814371109,14.3078403473,1.21619105339,97185.6628418,26.5499992371,260.452362061,False
93.4,0.316,-0.009,0.139,2.7066354,-0.0392266,8.60043205,4.80999994278,-0.564856350422,4.11000013351,3.02900576591,95.2447509766,1.60416519642,14.6107130051,1.41226065159,97181.9213867,26.8699989319,230.674453735,False
93.5,0.18,-0.013,0.155,2.44185585,0.3530394,9.4536106,5.17999982834,-0.564856350422,4.48999977112,3.02900576591,95.2447509766,1.62370288372,14.7239046097,1.4130012989,97194.4213867,27.0399990082,209.245681763,False
93.60000000000001,0.045,-0.035,0.16,2.67721545,0.4314926,9.81645665,5.60999965668,-0.564856350422,5.09999990463,3.02900576591,95.2447509766,1.65601599216,14.9244813919,1.39126610756,97196.8444824,27.2099990845,178.533752441,False
93.7,-0.021,-0.072,0.116,2.4712758,0.53936575,10.87557485,5.60999965668,-0.564856350422,5.09999990463,3.02900576591,95.2447509766,1.65920341015,15.0105867386,1.33545017242,97195.1049805,27.3699989319,147.511108398,False
93.80000000000001,-0.032,-0.073,0.1,2.4320492,0.75511205,10.7677017,6.52999973297,1.57455027103,6.15000009537,4.0090136528,91.7577514648,1.72751450539,15.1936120987,1.16345191002,97195.1049805,27.5199985504,112.448120117,False
93.9,0.095,-0.09,0.046,2.4516625,0.3334261,11.01286795,6.96999979019,1.57455027103,6.71999979019,4.0090136528,91.7577514648,1.75500929356,15.2947778702,1.00444948673,97192.8344727,27.6599998474,92.0921325684,False
94.0,0.086,-0.091,0.033,2.4124359,0.55897905,11.3561007,7.5,1.57455027103,7.0499997139,4.0090136528,91.7577514648,1.77609026432,15.3940563202,0.838772952557,97197.1374512,27.7799987793,71.0610351562,False
94.10000000000001,-0.01,-0.082,0.018,2.12804305,0.6276256,10.6304086,7.91999959946,1.57455027103,7.32999992371,4.0090136528,91.7577514648,1.8114746809,15.4482984543,0.705942690372,97196.4172363,27.8799991608,47.1210479736,False
94.2,0.014,-0.084,-0.003,1.95152335,0.8433719,10.8657682,7.91999959946,1.57455027103,7.32999992371,4.0090136528,91.7577514648,1.81005513668,15.4569177628,0.675467550755,97193.9819336,27.8799991608,47.1210479736,False
94.30000000000001,0.0,-0.084,-0.041,2.01036325,0.77472535,11.5522337,8.82999992371,2.29898428917,7.91999959946,6.042345047,91.1598892212,1.87166213989,15.5088710785,0.377529829741,97194.4519043,28.0299987793,8.31594467163,False
94.4,-0.037,-0.109,-0.052,1.9417167,0.67665885,11.89546645,9.19999980927,2.29898428917,8.11999988556,6.042345047,91.1598892212,1.89475297928,15.5074872971,0.045385748148,97192.3583984,28.0699996948,-6.54354095459,False
94.5,0.051,-0.114,-0.062,2.12804305,0.36284605,12.17005265,9.18999958038,2.47587752342,8.11999988556,7.88370227814,92.2138671875,1.89447510242,15.4868612289,-0.107180558145,97197.1069336,28.0699996948,-16.2734985352,False
94.60000000000001,0.099,-0.099,-0.029,1.79461695,0.5687857,12.07198615,9.86999988556,2.47587752342,8.13000011444,7.88370227814,92.2138671875,1.8893955946,15.4556751251,-0.439189404249,97193.4448242,28.0399990082,-29.3458938599,False
94.7,0.03,-0.139,-0.011,2.0005566,0.46091255,13.18994425,9.8499994278,2.47587752342,8.13000011444,7.88370227814,92.2138671875,1.90099716187,15.3764305115,-0.713763296604,97195.3186035,28.0399990082,-29.3458938599,False
94.80000000000001,0.037,-0.114,-0.021,1.7455837,0.44129925,12.81729155,10.3699998856,2.47587752342,7.96000003815,7.88370227814,92.2138671875,1.90116178989,15.2870531082,-1.06222033501,97193.2250977,27.8799991608,-63.9987945557,False
94.9,0.108,-0.062,-0.048,1.5494507,0.4903325,10.983448,10.3699998856,2.47587752342,7.96000003815,7.88370227814,92.2138671875,1.88485729694,15.193359375,-1.215295434,97188.6901855,27.7399997711,-54.8721313477,False
95.0,0.006,-0.043,-0.068,1.48080415,0.40207265,10.69905515,10.7899999619,4.12553453445,7.30999994278,10.1534080505,93.2361984253,1.85662710667,15.0526390076,-1.37185716629,97187.9333496,27.5999984741,-36.8993759155,False
95.10000000000001,0.076,-0.02,-0.08,1.3337044,0.38245935,10.1793027,10.9200000763,4.12553453445,6.8799996376,10.1534080505,93.2361984253,1.8373619318,14.9546670914,-1.38697004318,97189.7094727,27.4300003052,-16.7617797852,False
95.2,0.133,-1.11442858722e-17,-0.091,1.0983448,0.38245935,9.71839015,11.029999733,4.12553453445,6.42000007629,10.1534080505,93.2361984253,1.78403484821,14.842628479,-1.38924324512,97181.4758301,27.2600002289,8.62007141113,False
95.30000000000001,0.137,0.014,-0.09,1.2944778,0.2941995,9.3359308,11.029999733,4.12553453445,6.42000007629,10.1534080505,93.2361984253,1.78403484821,14.842628479,-1.38924324512,97182.9956055,27.2600002289,8.62007141113,False
95.4,0.085,0.012,-0.063,1.30428445,0.30400615,9.5712904,10.8400001526,6.69817829132,5.6299996376,10.1072387695,95.4312667847,1.66049563885,14.6545877457,-1.3644682169,97182.2631836,26.9300003052,24.705696106,False
95.5,0.138,0.038,-0.065,1.3533177,0.40207265,9.22805765,10.8400001526,6.69817829132,5.63999986649,10.1072387695,95.4312667847,1.58226084709,14.5765829086,-1.34632337093,97181.2072754,26.7699985504,29.2462348938,False
95.60000000000001,0.239,0.038,-0.069,1.42196425,0.3726527,9.1790244,10.3099994659,6.69817829132,5.10999965668,10.1072387695,95.4312667847,1.43460953236,14.4732923508,-1.31502401829,97179.8950195,26.6199989319,31.9846153259,False
95.7,0.11,0.038,-0.066,1.44157755,0.5099458,8.73772515,9.88999938965,9.84056282043,4.80999994278,9.36083602905,96.8210449219,1.32569026947,14.4151983261,-1.28357255459,97178.8391113,26.4699993134,57.7927589417,False
95.80000000000001,-0.037,0.053,-0.049,1.22583125,0.5491724,8.54159215,9.51999950409,9.84056282043,4.44000005722,9.36083602905,96.8210449219,1.21655321121,14.3828649521,-1.17544364929,97175.378418,26.3299999237,74.6755599976,False
95.9,0.045,0.054,-0.081,1.26505785,0.5687857,9.05153795,9.10999965668,9.84056282043,4.13000011444,9.36083602905,96.8210449219,1.14813303947,14.3427972794,-1.12968683243,97175.9521484,26.1999988556,78.1897583008,False
96.0,-0.041,0.069,-0.122,1.57887065,0.588399,8.5906254,8.67000007629,9.84056282043,3.86999988556,9.36083602905,96.8210449219,1.0760447979,14.3020858765,-1.06220293045,97175.0671387,26.0799999237,81.2076568604,False
96.10000000000001,-0.004,0.078,-0.129,1.3337044,0.6472389,8.73772515,8.15999984741,9.95222663879,3.76999998093,7.84971618652,98.4868240356,0.858258008957,14.2632369995,-0.909508287907,97175.0671387,25.9699993134,87.4689102173,False
96.2,0.033,0.082,-0.149,1.38273765,0.4511059,8.2179727,8.17000007629,9.95222663879,3.76999998093,7.84971618652,98.4868240356,0.739712297916,14.2599544525,-0.831578910351,97171.0388184,25.8799991608,93.0307388306,False
96.30000000000001,0.037,0.068,-0.143,1.6279039,0.2549729,8.2768126,6.94999980927,9.95222663879,3.44999980927,7.84971618652,98.4868240356,0.56243377924,14.2392845154,-0.664648234844,97174.9816895,25.7999992371,94.2611694336,False
96.4,0.034,0.087,-0.123,1.2160246,0.3138128,7.42363405,6.23000001907,9.95222663879,3.39999985695,7.84971618652,98.4868240356,0.427602618933,14.2385311127,-0.440377473831,97169.5739746,25.7299995422,94.9619293213,False
96.5,0.062,0.049,-0.095,1.38273765,0.1176798,8.0610663,5.5,9.95222663879,3.4399998188,7.84971618652,98.4868240356,0.291725128889,14.2391119003,-0.322395890951,97171.8811035,25.6899986267,93.2247161865,False
96.60000000000001,-0.016,0.01,-0.067,1.48080415,0.32361945,9.218251,5.5,11.6088819504,3.4399998188,5.35010957718,101.697677612,0.147900924087,14.2455825806,-0.218457236886,97169.9523926,25.6899986267,93.2247161865,False
96.7,-0.133,0.007,-0.06,1.57887065,0.38245935,9.36535075,3.80999994278,11.6088819504,3.59999990463,5.35010957718,101.697677612,-0.0170239862055,14.2433700562,-0.165519237518,97172.3937988,25.6599998474,93.4992828369,False
96.80000000000001,-0.155,-7.715274834630001e-18,-0.063,1.6475172,0.48052585,9.89490985,3.05999994278,11.6088819504,3.72000002861,5.35010957718,101.697677612,-0.190742507577,14.2601118088,-0.198476225138,97168.3654785,25.6599998474,72.1991577148,False
96.9,-0.041,0.004,-0.103,1.69655045,0.44129925,10.79712165,3.05999994278,11.6088819504,3.72000002861,5.35010957718,101.697677612,-0.25572514534,14.2542676926,-0.256181001663,97170.0134277,25.6599998474,72.1991577148,False
97.0,-0.09,-0.009,-0.075,1.6082906,0.22555295,10.64021525,1.09000003338,9.9897441864,4.23999977112,4.71429252625,103.083595276,-0.480928450823,14.2321233749,-0.438168287277,97172.9614258,25.6199989319,11.169052124,False
97.10000000000001,-0.145,-5.7558399559900005e-18,-0.047,1.30428445,0.392266,9.8654899,0.229999989271,9.9897441864,4.31999969482,4.71429252625,103.083595276,-0.645077526569,14.2120828629,-0.473275959492,97168.560791,25.5799999237,10.0601196289,False
97.2,-0.128,0.013,-0.047,1.2160246,0.4118793,9.5909037,0.229999989271,9.9897441864,4.31999969482,4.71429252625,103.083595276,-0.687554001808,14.2004060745,-0.4950697124,97169.6960449,25.5799999237,10.0601196289,False
97.30000000000001,-0.089,0.002,-0.066,1.2552512,0.28439285,10.2185293,-1.25999999046,7.89991617203,4.40000009537,4.5619301796,104.625511169,-0.846713840961,14.1667022705,-0.56355535984,97168.3349609,25.4899997711,2.59571075439,False
97.4,-0.15,0.002,-0.045,1.0787315,0.392266,9.80665,-1.25999999046,7.89991617203,4.38999986649,4.5619301796,104.625511169,-0.916520953178,14.1520652771,-0.613345146179,97164.5690918,25.4899997711,2.59571075439,False
97.5,-0.164,0.008,-0.05,0.9022118,0.28439285,9.5124505,-1.87999999523,7.89991617203,4.38000011444,4.5619301796,104.625511169,-1.01241445541,14.1158075333,-0.636017620564,97160.8276367,25.359998703,9.80043411255,False
97.60000000000001,-0.203,0.01,-0.043,0.87279185,0.4511059,9.58109705,-2.54999995232,7.89991617203,4.26999998093,4.5619301796,104.625511169,-1.05606949329,14.1028318405,-0.609800040722,97164.2700195,25.359998703,9.80043411255,False
97.7,-0.203,0.01,-0.043,0.87279185,0.4511059,9.58109705,-3.41999983788,4.70461940765,3.98000001907,4.22580623627,105.758987427,-1.09713363647,14.0718078613,-0.525061964989,97164.2700195,25.2299995422,13.161945343,False
97.80000000000001,-0.101,0.018,-0.067,0.8629852,0.2941995,9.24767095,-3.75,4.70461940765,3.92999982834,4.22580623627,105.758987427,-1.12667274475,14.0551271439,-0.469173669815,97160.3088379,25.1599998474,11.1536026001,False
97.9,-0.101,-7.34788079488e-18,-0.06,0.7649187,0.18632635,9.3555441,-4.0499997139,4.70461940765,3.88999986649,4.22580623627,105.758987427,-1.1415117979,14.0282230377,-0.45998686552,97160.4248047,25.109998703,8.19940567017,False
98.0,-0.117,-0.016,-0.035,0.6864655,0.3138128,9.54187045,-4.28999996185,2.1930410862,3.75999999046,3.83160328865,106.958900452,-1.13838732243,14.0165185928,-0.452138632536,97157.2021484,25.0499992371,17.6825523376,False
98.10000000000001,-0.132,-0.023,-0.019,0.81395195,0.4118793,9.610517,-4.42000007629,2.1930410862,3.57999992371,3.83160328865,106.958900452,-1.13838732243,14.0165185928,-0.452138632536,97157.5439453,25.0,30.9838294983,False
98.2,-0.124,-0.026,-0.01,0.784532,0.26477955,9.9047165,-4.5499997139,2.1930410862,3.39999985695,3.83160328865,106.958900452,-1.10554480553,13.9918193817,-0.482618927956,97159.0942383,24.9399986267,33.0038070679,False
98.30000000000001,-0.128,-0.014,0.001,0.77472535,0.20593965,9.610517,-4.51999998093,2.1930410862,3.1899998188,3.83160328865,106.958900452,-1.05996978283,13.9652471542,-0.482930213213,97157.2021484,24.8799991608,28.1525611877,False
98.4,-0.087,-0.03,0.01,0.8041453,0.38245935,10.03220295,-4.42999982834,-0.748759448528,3.06999993324,4.18717575073,107.315628052,-1.00597596169,13.9522800446,-0.496373444796,97157.0068359,24.8199996948,20.4391479492,False
98.5,-0.083,-0.03,0.017,0.7453054,0.3530394,10.03220295,-4.25,-0.748759448528,2.98000001907,4.18717575073,107.315628052,-0.951962649822,13.9370756149,-0.5232822299,97158.59375,24.7600002289,16.3882255554,False
98.60000000000001,-0.11,0.003,0.012,0.83356525,0.2157463,9.5909037,-4.25,-0.748759448528,2.98000001907,4.18717575073,107.315628052,-0.902964651585,13.9344081879,-0.539899587631,97156.3476562,24.7600002289,16.3882255554,False
98.7,-0.088,-0.013,0.005,0.7649187,0.2745862,10.30678915,-3.78999996185,-0.748759448528,2.76999998093,4.18717575073,107.315628052,-0.788125455379,13.9257621765,-0.582901716232,97157.2570801,24.6299991608,23.3915328979,False
98.80000000000001,-0.045,0.01,0.019,0.79433865,0.06864655,9.6497436,-3.78999996185,-2.9754960537,2.76999998093,4.33902359009,107.19480896,-0.724412739277,13.9345302582,-0.596798121929,97155.0109863,24.6299991608,23.3915328979,False
98.9,-0.009,-0.004,0.039,0.71588545,0.26477955,9.67916355,-3.17999982834,-2.9754960537,2.37999987602,4.33902359009,107.19480896,-0.645946443081,13.9212331772,-0.57238638401,97154.4250488,24.4899997711,38.410949707,False
99.0,-0.042,6.735557395310001e-18,0.055,0.9022118,0.1765197,9.5320638,-2.84999990463,-2.9754960537,2.23000001907,4.33902359009,107.19480896,-0.534264326096,13.9317903519,-0.587222278118,97154.8950195,24.4200000763,42.3188209534,False
99.10000000000001,0.103,0.011,0.05,0.79433865,0.28439285,9.2770909,-2.45000004768,-2.9754960537,2.03999996185,4.33902359009,107.19480896,-0.444557368755,13.931687355,-0.560620486736,97152.0996094,24.3500003815,48.0241775513,False
99.2,0.253,0.01,0.033,0.93163175,0.4511059,9.32612415,-2.45000004768,-2.22599720955,2.03999996185,4.09340143204,106.318138123,-0.402226179838,13.9378175735,-0.525796473026,97153.6987305,24.3500003815,48.0241775513,False
99.30000000000001,0.212,0.027,0.018,0.85317855,0.26477955,8.79656505,-1.84999990463,-2.22599720955,1.57999992371,4.09340143204,106.318138123,-0.331395536661,13.9279174805,-0.438900649548,97151.6479492,24.2299995422,74.4248352051,False
99.4,0.137,0.039,0.015,0.7649187,0.2353596,8.26700595,-1.84999990463,-2.22599720955,1.57999992371,4.09340143204,106.318138123,-0.307355374098,13.9292917252,-0.324964344501,97150.4516602,24.2299995422,74.4248352051,False
99.5,0.069,0.036,0.004,0.69627215,0.34323275,8.237586,-1.68999993801,-2.22599720955,1.29999995232,4.09340143204,106.318138123,-0.274947822094,13.9165773392,-0.187387019396,97148.059082,24.1499996185,95.6454315186,False
99.60000000000001,-0.034,0.057,0.004,0.89240515,0.1569064,7.93357985,-1.51999998093,0.553757727146,0.870000004768,3.18357849121,106.067695618,-0.254817813635,13.9259634018,0.0169365350157,97145.9411621,24.1299991608,107.008453369,False
99.7,0.023,0.04,-0.002,0.980665,0.22555295,8.54159215,-1.51999998093,0.553757727146,0.729999959469,3.18357849121,106.067695618,-0.258480608463,13.9384613037,0.124882057309,97147.076416,24.1299991608,120.916748047,False
99.80000000000001,0.081,0.03,0.02,0.95124505,0.38245935,9.03192465,-1.56999993324,0.553757727146,0.610000014305,3.18357849121,106.067695618,-0.258267581463,13.9656972885,0.187467381358,97148.4680176,24.1299991608,128.284744263,False
99.9,-0.102,0.049,0.048,1.20621795,0.3530394,8.91424485,-1.52999997139,0.553757727146,0.469999998808,3.18357849121,106.067695618,-0.25081795454,13.9784460068,0.245632857084,97146.685791,24.1499996185,138.251403809,False
100.0,-0.129,0.053,0.034,1.04931155,0.40207265,8.95347145,-1.52999997139,0.226578637958,0.469999998808,2.21008324623,105.586540222,-0.235512137413,14.0114183426,0.299565017223,97152.331543,24.1499996185,138.251403809,False
100.10000000000001,-0.053,0.05,0.003,1.01008495,0.2549729,8.99269805,-1.42999994755,0.226578637958,0.389999985695,2.21008324623,105.586540222,-0.220387682319,14.0548152924,0.362336754799,97149.6520996,24.2099990845,134.330657959,False
100.2,0.081,0.055,0.044,1.14737805,0.46091255,9.12999115,-1.35000002384,0.226578637958,0.479999989271,2.21008324623,105.586540222,-0.193419754505,14.1535053253,0.499413371086,97152.6489258,24.25,138.287445068,False
100.30000000000001,-0.103,0.052,0.04,1.3140911,0.46091255,8.9240515,-1.18999993801,0.226578637958,0.599999964237,2.21008324623,105.586540222,-0.162510320544,14.2052745819,0.58880764246,97155.5786133,24.3099994659,128.482818604,False
100.4,-0.127,0.051,0.015,1.32389775,0.4511059,8.5513988,-0.969999969006,0.226578637958,0.719999969006,2.21008324623,105.586540222,-0.0994635596871,14.2936182022,0.693253099918,97155.5786133,24.3699989319,124.440002441,False
100.5,-0.099,0.05,-0.02,1.24544455,0.392266,8.1591328,-0.620000004768,-1.30359148979,0.839999973774,0.654218018055,104.972076416,-0.045860838145,14.3726854324,0.860775709152,97157.6904297,24.4499988556,129.662322998,False
100.60000000000001,0.051,0.033,-0.056,1.0983448,0.5687857,8.22777935,-0.329999983311,-1.30359148979,1.02999997139,0.654218018055,104.972076416,0.0218652002513,14.4736528397,1.05370056629,97155.6152344,24.5499992371,140.333847046,False
100.7,0.047,0.036,-0.085,1.2552512,0.3138128,8.54159215,-0.0999999940395,-1.30359148979,1.09000003338,0.654218018055,104.972076416,0.0522900484502,14.5416402817,1.16550993919,97157.800293,24.6599998474,153.293228149,False
100.80000000000001,-0.004,0.032,-0.063,1.2356379,0.2745862,8.1787461,-0.0999999940395,-1.30359148979,1.09000003338,0.654218018055,104.972076416,0.0661206841469,14.6257200241,1.27474188805,97161.4807129,24.6599998474,153.293228149,False
100.9,-0.007,0.008,-0.058,1.5102241,0.1569064,8.83579165,0.209999993443,-1.06927847862,1.4699999094,-0.325087755919,106.590248108,0.0981034934521,14.7313404083,1.397377491,97161.4807129,24.9399986267,147.047042847,False
101.0,0.0,0.003,-0.033,1.52003075,0.08825985,8.8455983,0.299999982119,-1.06927847862,1.74000000954,-0.325087755919,106.590248108,0.108842357993,14.8344593048,1.47422111034,97160.8154297,25.1000003815,135.085296631,False
101.10000000000001,0.113,-0.036,-0.009,1.6671305,0.14709975,9.9243298,0.379999995232,-1.06927847862,2.18000006676,-0.325087755919,106.590248108,0.113836757839,14.9341678619,1.44705986977,97163.3544922,25.2699985504,115.224456787,False
101.2,0.105,-0.029,0.025,1.50041745,-0.02941995,9.16921775,0.379999995232,-1.06927847862,2.18000006676,-0.325087755919,106.590248108,0.0976586416364,15.0257740021,1.48828995228,97171.1669922,25.2699985504,115.224456787,False
101.30000000000001,0.032,-0.032,0.061,1.1964113,0.2941995,9.18883105,0.389999985695,-1.06927847862,2.49000000954,-0.325087755919,106.590248108,0.0836377590895,15.0801887512,1.5223761797,97167.6147461,25.4300003052,109.590339661,False
101.4,0.017,-0.042,0.096,1.5298374,0.14709975,9.38496405,0.370000004768,-1.06927847862,2.74000000954,-0.325087755919,106.590248108,0.0666381120682,15.1852655411,1.53004169464,97167.6147461,25.5900001526,106.081771851,False
101.5,0.006,-0.081,0.109,1.5298374,0.00980665,10.4538889,0.259999990463,0.303360193968,3.4399998188,0.521429538727,105.861831665,0.0578195005655,15.3096208572,1.49496495724,97175.1220703,25.9200000763,80.1094055176,False
101.60000000000001,-0.092,-0.068,0.127,1.34351105,0.38245935,10.591182,0.259999990463,0.303360193968,3.78999996185,0.521429538727,105.861831665,0.0686007589102,15.4244279861,1.38051176071,97176.7456055,26.0799999237,74.4071960449,False
101.7,-0.095,-0.073,0.128,1.71616375,0.44129925,10.79712165,0.479999989271,0.303360193968,4.08999967575,0.521429538727,105.861831665,0.102047033608,15.5170726776,1.21483170986,97178.2409668,26.2199993134,55.5706977844,False
101.80000000000001,-0.037,-0.097,0.099,1.6082906,0.3138128,11.6110736,0.769999980927,-1.1012969017,4.40999984741,2.01795387268,103.369689941,0.164654791355,15.6034030914,1.06933879852,97175.7568359,26.359998703,24.2472648621,False
101.9,0.003,-0.066,0.081,1.22583125,0.69627215,11.15016105,0.769999980927,-1.1012969017,4.40999984741,2.01795387268,103.369689941,0.183219060302,15.6064729691,1.02524197102,97180.065918,26.359998703,24.2472648621,False
102.0,0.017,-0.08,0.024,1.22583125,0.50013915,11.15016105,1.58999991417,-1.1012969017,4.88000011444,2.01795387268,103.369689941,0.279649913311,15.6943626404,0.859222710133,97181.0058594,26.5699996948,1.05667114258,False
102.10000000000001,0.025,-0.078,-0.004,1.2552512,0.3530394,10.8265416,1.97999989986,-1.1012969017,5.0499997139,2.01795387268,103.369689941,0.369260162115,15.7282838821,0.738587498665,97180.5603027,26.6499996185,-7.63721466064,False
102.2,0.042,-0.056,-0.002,1.0983448,0.42168595,10.1793027,2.36999988556,-0.852049529552,5.15999984741,3.57804465294,102.643806458,0.424645930529,15.7494516373,0.669642090797,97183.4899902,26.7199993134,-5.25016784668,False
102.30000000000001,0.049,-0.057,-0.005,1.0591182,0.44129925,10.0223963,2.74000000954,-0.852049529552,5.21000003815,3.57804465294,102.643806458,0.478213697672,15.7514705658,0.595238983631,97185.3027344,26.7899990082,-3.27529907227,False
102.4,0.065,-0.062,-0.005,1.10815145,0.392266,10.20872265,3.06999993324,-0.852049529552,5.23999977112,3.57804465294,102.643806458,0.501260876656,15.7492055893,0.548354268074,97183.1848145,26.8499984741,-7.9080581665,False
102.5,0.085,-0.083,-0.005,0.99047165,0.392266,10.787315,3.38999986649,-0.852049529552,5.27999973297,3.57804465294,102.643806458,0.559191167355,15.727353096,0.420596688986,97183.59375,26.8999996185,-12.774848938,False
102.60000000000001,0.074,-0.068,-0.005,1.24544455,0.28439285,10.22833595,3.63999986649,0.793486654758,5.28999996185,5.4127869606,102.822547913,0.58672863245,15.7110891342,0.339991241693,97185.9130859,26.9399986267,-13.4275436401,False
102.7,0.135,-0.084,0.011,1.3140911,0.24516625,10.6892485,3.84999990463,0.793486654758,5.35999965668,5.4127869606,102.822547913,0.606281220913,15.6631689072,0.222645357251,97187.3596191,26.9799995422,-29.091835022,False
102.80000000000001,0.079,-0.081,0.026,1.3533177,0.20593965,10.9638347,3.84999990463,0.793486654758,5.35999965668,5.4127869606,102.822547913,0.605691552162,15.6339788437,0.104291431606,97183.0505371,26.9799995422,-29.091835022,False
102.9,0.091,-0.06,0.027,1.0002783,0.36284605,10.3558224,4.13999986649,0.793486654758,5.26999998093,5.4127869606,102.822547913,0.604738414288,15.545381546,-0.0424158759415,97184.4116211,27.0100002289,-24.6122360229,False
103.0,0.069,-0.045,0.04,1.16699135,0.42168595,10.3165958,4.25,0.793486654758,5.25,5.4127869606,102.822547913,0.610619485378,15.4977264404,-0.143882706761,97186.1633301,27.0,-20.3126907349,False
103.10000000000001,-0.011,-0.017,0.042,1.30428445,0.5687857,10.22833595,4.25,2.71345257759,5.25,7.14457988739,102.211906433,0.615595459938,15.4694261551,-0.175410285592,97182.4890137,27.0,-20.3126907349,False
103.2,-0.034,-0.019,0.001,1.20621795,0.5491724,10.67944185,4.59999990463,2.71345257759,5.07999992371,7.14457988739,102.211906433,0.643713712692,15.3734321594,-0.306720912457,97182.8186035,26.9499988556,-9.60521697998,False
103.30000000000001,-0.03,0.011,-0.028,1.32389775,0.3138128,9.62032365,4.75,2.71345257759,4.88000011444,7.14457988739,102.211906433,0.648726046085,15.306145668,-0.312004178762,97182.7941895,26.9099998474,-5.61904907227,False
103.4,0.039,0.016,-0.045,1.3140911,0.196133,9.3555441,4.80999994278,2.49333190918,4.71000003815,7.17525625229,102.287559509,0.648726046085,15.306145668,-0.312004178762,97183.203125,26.8799991608,10.267829895,False
103.5,0.029,0.011,-0.036,1.3533177,0.26477955,9.07115125,4.80999994278,2.49333190918,4.71000003815,7.17525625229,102.287559509,0.627513170242,15.2333850861,-0.208972141147,97182.2570801,26.8400001526,25.942325592,False
103.60000000000001,0.034,-0.003,-0.014,1.1964113,0.34323275,9.44380395,4.92000007629,2.49333190918,4.34999990463,7.17525625229,102.287559509,0.622602581978,15.1855812073,-0.174820005894,97184.9914551,26.8199996948,30.7628631592,False
103.7,-0.015,0.04,-0.031,1.1375714,0.5099458,8.69849855,4.96999979019,3.04236531258,4.23000001907,6.92870903015,102.764122009,0.606122076511,15.1592168808,-0.0979818850756,97184.5703125,26.7999992371,38.8247489929,False
103.80000000000001,-0.046,0.034,-0.033,1.48080415,0.1372931,8.48275225,4.92999982834,3.04236531258,4.17999982834,6.92870903015,102.764122009,0.602330744267,15.1480407715,0.000314095901558,97182.9650879,26.7899990082,43.3135032654,False
103.9,-0.044,0.037,-0.022,1.1964113,0.2941995,8.4533323,4.98000001907,3.04236531258,4.11000013351,6.92870903015,102.764122009,0.574193239212,15.1432437897,0.131219476461,97183.9599609,26.7999992371,62.9340171814,False
104.0,0.121,0.024,-0.016,1.372931,0.2941995,9.3163175,4.94999980927,3.04236531258,3.99000000954,6.92870903015,102.764122009,0.563681542873,15.1524362564,0.223403006792,97185.7727051,26.8199996948,72.2045898438,False
104.10000000000001,0.079,0.03,-3.67394039744e-18,1.6475172,0.3530394,8.8455983,4.86999988556,3.56037950516,4.0499997139,6.07591152191,103.170028687,0.520275056362,15.1523180008,0.259462326765,97186.3037109,26.8499984741,78.3490142822,False
104.2,0.092,0.009,0.005,1.61809725,0.2941995,9.5516771,4.73999977112,3.56037950516,4.02999973297,6.07591152191,103.170028687,0.481566011906,15.181643486,0.291210114956,97186.4501953,26.8899993896,73.845199585,False
104.30000000000001,0.088,0.029,0.006,1.83384355,0.50013915,9.36535075,4.63999986649,3.56037950516,4.21000003815,6.07591152191,103.170028687,0.424425899982,15.1970338821,0.285567909479,97186.7797852,26.9399986267,64.6050415039,False
104.4,0.097,0.027,0.002,1.8632635,0.50013915,9.46341725,4.63999986649,3.56037950516,4.21000003815,6.07591152191,103.170028687,0.419759839773,15.2084207535,0.300880342722,97189.1357422,26.9399986267,64.6050415039,False
104.5,0.064,0.031,-0.009,1.85345685,0.48052585,9.22805765,4.15000009537,5.51718902588,4.46000003815,5.51428127289,103.082878113,0.341604113579,15.2404165268,0.311899453402,97189.1357422,27.0199985504,48.6723899841,False
104.60000000000001,0.046,0.024,-0.032,1.83384355,0.3138128,9.4732239,3.91999983788,5.51718902588,4.57999992371,5.51428127289,103.082878113,0.277465283871,15.2819309235,0.338823586702,97191.1071777,27.0599994659,54.2381286621,False
104.7,0.02,0.021,-0.036,1.69655045,0.28439285,9.7870367,3.61999988556,5.51718902588,4.73999977112,5.51428127289,103.082878113,0.205910921097,15.3145542145,0.344179809093,97190.5212402,27.109998703,52.0545005798,False
104.80000000000001,0.088,0.025,-0.029,1.75539035,0.6276256,9.67916355,3.26999998093,5.51718902588,4.92000007629,5.51428127289,103.082878113,0.125090539455,15.3547210693,0.31103733182,97190.3625488,27.1599998474,44.4235801697,False
104.9,-0.025,0.011,-0.05,1.75539035,0.18632635,10.0223963,2.82999992371,5.51718902588,5.06999969482,5.51428127289,103.082878113,0.0334538966417,15.3741254807,0.283394873142,97194.6289062,27.2099990845,34.2931747437,False
105.0,-0.098,-0.002,-0.046,1.6867438,0.08825985,10.0223963,2.32999992371,6.3594789505,5.17000007629,4.84586906433,103.933197021,-0.0584300607443,15.4046669006,0.27686971426,97189.6484375,27.25,26.2480735779,False
105.10000000000001,-0.102,-0.013,-0.023,1.6279039,0.14709975,9.9635564,1.95999991894,6.3594789505,5.31999969482,4.84586906433,103.933197021,-0.118794590235,15.4241189957,0.256078839302,97187.8662109,27.2999992371,24.5771408081,False
105.2,-0.071,-0.008,-0.003,1.75539035,0.46091255,9.8262633,1.58999991417,6.3594789505,5.48999977112,4.84586906433,103.933197021,-0.18835555017,15.4496307373,0.211264118552,97191.1132812,27.3299999237,13.3760452271,False
105.30000000000001,-0.063,-0.017,-0.017,1.48080415,0.3726527,9.9831697,1.25999999046,6.3594789505,5.51999998093,4.84586906433,103.933197021,-0.227101027966,15.4676036835,0.217568546534,97191.607666,27.3699989319,14.6580696106,False
105.4,0.038,0.003,-0.043,1.4709975,0.5491724,9.56148375,0.989999949932,6.3594789505,5.71000003815,4.84586906433,103.933197021,-0.287835031748,15.4959201813,0.170855015516,97190.3076172,27.3999996185,-2.48279571533,False
105.5,0.064,-0.023,-0.025,1.3925443,0.79433865,10.1400761,0.989999949932,4.85172367096,5.71999979019,4.97304344177,104.627891541,-0.307569980621,15.507276535,0.132762253284,97188.4216309,27.3999996185,-2.48279571533,False
105.60000000000001,0.074,0.002,-0.053,1.5102241,0.8237586,9.46341725,0.459999978542,4.85172367096,5.94000005722,4.97304344177,104.627891541,-0.364753812551,15.548828125,0.11735060811,97190.4724121,27.4399986267,5.9383392334,False
105.7,0.029,0.004,-0.105,1.3925443,0.40207265,9.26728425,0.119999997318,4.85172367096,5.7999997139,4.97304344177,104.627891541,-0.421241879463,15.5609645844,0.185894832015,97192.0471191,27.4599990845,16.5563583374,False
105.80000000000001,-0.034,0.02,-0.11,1.46119085,0.50013915,9.03192465,-0.199999988079,5.93859577179,5.86999988556,4.76224374771,106.080741882,-0.464334160089,15.5618429184,0.205269038677,97189.4958496,27.4799995422,10.4709625244,False
105.9,-0.064,-1.42059028701e-17,-0.116,1.42196425,0.55897905,9.9439431,-0.560000002384,5.93859577179,5.92000007629,4.76224374771,106.080741882,-0.539280354977,15.5708866119,0.142288863659,97191.9494629,27.5,1.71985626221,False
106.0,-0.201,-0.014,-0.11,1.48080415,0.44129925,10.4538889,-0.560000002384,5.93859577179,5.92000007629,4.76224374771,106.080741882,-0.541838288307,15.5659952164,0.120247118175,97191.9494629,27.5,1.71985626221,False
106.10000000000001,-0.283,-0.008,-0.06,1.24544455,0.2941995,10.54214875,-1.04999995232,5.93859577179,6.09999990463,4.76224374771,106.080741882,-0.62859749794,15.5870332718,0.0104485088959,97190.7226562,27.5299987793,-15.9290313721,False
106.2,-0.283,-0.008,-0.06,1.24544455,0.2941995,10.54214875,-1.67999994755,5.93859577179,6.13999986649,4.76224374771,106.080741882,-0.62859749794,15.5870332718,0.0104485088959,97190.7226562,27.5299987793,-13.4431838989,False
106.30000000000001,-0.331,-0.011,0.006,1.2160246,-0.1372931,9.09076455,-1.78999996185,-0.496040195227,6.11999988556,4.72565078735,108.12727356,-0.674827456474,15.6179504395,0.175401687622,97192.0654297,27.5399990082,3.57389450073,False
106.4,-0.138,-0.035,0.024,1.3533177,-0.32361945,9.46341725,-1.90999996662,-0.496040195227,6.11999988556,4.72565078735,108.12727356,-0.657302498817,15.6413631439,0.233051776886,97191.6625977,27.5599994659,2.26926803589,False
106.5,-0.095,-0.058,0.091,1.40235095,0.0980665,9.65955025,-1.86000001431,-0.496040195227,6.15999984741,4.72565078735,108.12727356,-0.609329998493,15.6600093842,0.181789442897,97191.8701172,27.5900001526,4.96501922607,False
106.60000000000001,0.021,-0.072,0.119,1.30428445,0.0196133,10.62060195,-1.66999995708,-0.496040195227,6.15000009537,4.72565078735,108.12727356,-0.541847646236,15.690369606,0.0764130949974,97190.447998,27.609998703,-0.0165939331055,False
106.7,0.11,-0.052,0.12,1.6671305,0.0980665,10.6107953,-1.52999997139,-2.17500257492,6.19000005722,5.71409416199,105.978210449,-0.497441917658,15.7118673325,0.00187536980957,97191.1376953,27.6199989319,-3.64742279053,False
106.80000000000001,0.0,-0.062,0.146,1.32389775,0.2353596,11.0030613,-1.23000001907,-2.17500257492,6.21000003815,5.71409416199,105.978210449,-0.445916175842,15.7323417664,-0.121142432094,97193.0236816,27.6199989319,-15.1126861572,False
106.9,-0.051,-0.055,0.166,1.46119085,0.4903325,10.95402805,-1.23000001907,-2.17500257492,6.21000003815,5.71409416199,105.978210449,-0.388791710138,15.7308759689,-0.21242749691,97191.3085938,27.6199989319,-15.1126861572,False
107.0,-0.039,-0.072,0.133,1.57887065,0.28439285,11.28745415,-0.319999992847,-2.17500257492,6.19999980927,5.71409416199,105.978210449,-0.24301213026,15.750120163,-0.420062959194,97190.0146484,27.5699996948,-33.4037780762,False
107.10000000000001,-0.055,-0.039,0.097,1.36312435,0.588399,10.67944185,0.170000001788,-2.17500257492,6.15999984741,5.71409416199,105.978210449,-0.195881590247,15.7402591705,-0.485988736153,97194.7998047,27.5199985504,-31.1265945435,False
107.2,-0.011,-0.057,0.063,1.24544455,0.4903325,11.0422879,0.8599999547,-2.17500257492,6.02999973297,5.71409416199,105.978210449,-0.00311827636324,15.7478055954,-0.666188895702,97192.9992676,27.4599990845,-33.3690643311,False
107.30000000000001,0.055,-0.039,0.051,1.38273765,0.55897905,10.54214875,1.49000000954,-3.58959317207,5.94999980927,7.1426486969,102.528961182,0.14835588634,15.721616745,-0.798135995865,97187.5305176,27.3799991608,-38.6095046997,False
107.4,0.083,-0.014,0.027,1.22583125,0.57859235,10.09104285,1.49000000954,-3.58959317207,5.94999980927,7.1426486969,102.528961182,0.14835588634,15.721616745,-0.798135995865,97191.8640137,27.3799991608,-38.6095046997,False
107.5,0.088,-0.022,-0.001,1.3925443,0.3138128,10.1008495,2.75,-3.58959317207,5.56999969482,7.1426486969,102.528961182,0.356420844793,15.6506204605,-0.952912807465,97190.3991699,27.1999988556,-29.919052124,False
107.60000000000001,0.146,-0.026,-0.004,1.1375714,0.32361945,10.5127288,2.75,-3.58959317207,5.56999969482,7.1426486969,102.528961182,0.409445434809,15.6291217804,-0.976586699486,97186.4135742,27.1999988556,-29.919052124,False
107.7,0.223,-0.01,-0.001,1.18660465,0.196133,9.9243298,3.69999980927,-1.5530411005,5.19999980927,7.72698116302,102.141830444,0.473831802607,15.5824079514,-0.992977142334,97186.1450195,26.9899997711,-28.476524353,False
107.80000000000001,0.276,-0.022,0.005,1.2944778,0.32361945,10.2185293,3.69999980927,-1.5530411005,5.19999980927,7.72698116302,102.141830444,0.520983457565,15.5380687714,-1.02551019192,97184.6923828,26.9899997711,-28.476524353,False
107.9,0.179,-0.011,0.003,1.36312435,0.2941995,10.07142955,4.25999975204,-1.5530411005,4.81999969482,7.72698116302,102.141830444,0.550576806068,15.4660425186,-1.05367612839,97182.4890137,26.7799987793,-9.9967956543,False
108.0,0.136,0.009,-0.011,1.3337044,0.3138128,9.3947707,4.38999986649,2.61239600182,4.52999973297,7.80608320236,102.097015381,0.556302368641,15.4165592194,-1.01941740513,97178.5522461,26.6700000763,5.45444488525,False
108.10000000000001,0.093,0.027,-0.017,1.0591182,0.4707192,9.0417313,4.48000001907,2.61239600182,4.26999998093,7.80608320236,102.097015381,0.560887813568,15.357878685,-0.999196529388,97178.894043,26.5599994659,14.2380714417,False
108.2,0.094,0.035,-0.03,1.372931,0.28439285,9.0613446,4.5,2.61239600182,4.0499997139,7.80608320236,102.097015381,0.543951630592,15.3161287308,-0.945640683174,97178.8024902,26.4599990845,16.3331031799,False
108.30000000000001,0.077,0.041,-0.031,1.0198916,0.4707192,9.1397978,4.40999984741,2.61239600182,3.90999984741,7.80608320236,102.097015381,0.51207023859,15.2628803253,-0.891697704792,97174.8352051,26.359998703,15.4993057251,False
108.4,0.107,0.051,-0.032,1.3533177,0.3138128,8.7083052,4.28999996185,4.61656188965,3.77999997139,7.17990016937,102.610809326,0.464538186789,15.2364559174,-0.823852717876,97176.5991211,26.2699985504,28.9953231812,False
108.5,0.112,0.034,-0.037,1.1964113,0.2941995,8.99269805,4.11999988556,4.61656188965,3.62999987602,7.17990016937,102.610809326,0.401011794806,15.1939716339,-0.710524260998,97172.4060059,26.1800003052,36.4743232727,False
108.60000000000001,0.039,0.035,-0.04,1.36312435,0.16671305,9.01231135,4.13000011444,4.61656188965,3.62999987602,7.17990016937,102.610809326,0.363307476044,15.1832876205,-0.645607471466,97175.7873535,26.1800003052,36.4743232727,False
108.7,-0.028,0.037,-0.026,1.1964113,0.34323275,8.95347145,3.56999993324,4.61656188965,3.28999996185,7.17990016937,102.610809326,0.286948919296,15.161690712,-0.532150804996,97174.7924805,26.0499992371,56.0922622681,False
108.80000000000001,-0.006,0.049,-0.036,1.4709975,0.1765197,8.8848249,3.23000001907,5.91957330704,3.17999982834,5.91375589371,103.343193054,0.227578282356,15.1441955566,-0.484035760164,97175.4455566,26.0,59.4857215881,False
108.9,0.037,0.056,-0.032,1.10815145,0.4511059,8.6690786,3.23000001907,5.91957330704,3.17999982834,5.91375589371,103.343193054,0.162199184299,15.1325473785,-0.38463640213,97171.7346191,26.0,59.4857215881,False
109.0,-0.061,0.055,-0.036,1.4906108,0.26477955,8.56120545,2.61999988556,5.91957330704,3.06999993324,5.91375589371,103.343193054,0.0924997925758,15.1360464096,-0.240167245269,97172.6074219,25.9300003052,68.4894561768,False
109.10000000000001,-0.087,0.058,-0.041,1.2160246,0.4903325,8.9436648,2.36999988556,5.91957330704,3.05999994278,5.91375589371,103.343193054,0.0426379851997,15.1474256516,-0.135844707489,97171.081543,25.9099998474,63.676071167,False
109.2,-0.074,0.069,-0.045,1.3925443,0.5099458,8.9044382,2.36999988556,5.23168230057,3.04999995232,4.59442424774,104.030487061,-0.00686196470633,15.1575775146,-0.0979415029287,97169.4213867,25.9099998474,63.676071167,False
109.30000000000001,-0.084,0.071,-0.05,1.32389775,0.48052585,8.9240515,1.76999998093,5.23168230057,3.25999999046,4.59442424774,104.030487061,-0.0373860411346,15.1675453186,-0.0724911019206,97169.4213867,25.8999996185,55.7757377625,False
109.4,-0.065,0.048,-0.049,1.2748645,0.3530394,9.414384,1.76999998093,5.23168230057,3.25999999046,4.59442424774,104.030487061,-0.075371734798,15.1989660263,-0.0152231771499,97169.6716309,25.8999996185,55.7757377625,False
109.5,-0.064,0.028,-0.06,1.2748645,0.1765197,9.56148375,1.20999991894,5.23168230057,3.38999986649,4.59442424774,104.030487061,-0.147529914975,15.242099762,0.0318483039737,97172.1618652,25.9099998474,53.9412498474,False
109.60000000000001,-0.02,0.017,-0.053,1.22583125,0.14709975,9.46341725,0.989999949932,3.63024163246,3.49000000954,3.23424100876,105.129180908,-0.197230547667,15.2799320221,0.104547202587,97172.1618652,25.9099998474,39.5564079285,False
109.7,-0.012,0.021,-0.021,1.0395049,0.2941995,9.12999115,0.699999988079,3.63024163246,3.52999997139,3.23424100876,105.129180908,-0.247497990727,15.3069086075,0.162838667631,97169.6716309,25.9200000763,48.438835144,False
109.80000000000001,-0.063,0.011,0.014,1.01008495,0.392266,8.9828914,0.399999976158,3.63024163246,3.53999996185,3.23424100876,105.129180908,-0.295287638903,15.3467741013,0.226672515273,97167.7429199,25.9300003052,48.6554145813,False
109.9,-0.088,0.015,0.024,1.176798,0.4314926,8.56120545,0.399999976158,2.83387804031,3.53999996185,2.8561630249,105.368377686,-0.307418853045,15.3605833054,0.262169122696,97167.7429199,25.9300003052,48.6554145813,False
110.0,-0.095,-0.008,0.005,1.26505785,0.2157463,9.77723005,0.0499999970198,2.83387804031,4.5499997139,2.8561630249,105.368377686,-0.324646502733,15.4058218002,0.298546969891,97169.6533203,25.9799995422,27.6498794556,False
110.10000000000001,-0.063,-0.016,1.95943487864e-18,1.2356379,0.28439285,9.97336305,-0.0499999970198,2.83387804031,3.94999980927,2.8561630249,105.368377686,-0.345590889454,15.4538841248,0.29961296916,97172.076416,26.0,35.0633621216,False
110.2,-0.066,-0.017,0.012,0.9414384,0.36284605,9.48303055,-0.140000000596,1.42996561527,3.88999986649,2.92570257187,105.241363525,-0.342526912689,15.4907722473,0.312664091587,97173.815918,26.0299987793,38.5702133179,False
110.30000000000001,-0.103,-0.031,0.019,0.97085835,0.392266,9.9635564,-0.0299999993294,1.42996561527,3.16999983788,2.92570257187,105.241363525,-0.347922295332,15.519320488,0.289720088243,97170.8740234,26.0599994659,39.9017333984,False
110.4,-0.13,-0.052,0.017,1.3337044,0.08825985,10.20872265,-0.0299999993294,1.42996561527,3.16999983788,2.92570257187,105.241363525,-0.339562177658,15.5310230255,0.280303001404,97170.7336426,26.0599994659,39.9017333984,False
110.5,-0.089,0.015,0.055,1.38273765,0.2745862,9.22805765,-0.0399999991059,1.42996561527,3.91999983788,2.92570257187,105.241363525,-0.328307181597,15.5679264069,0.257612407207,97170.8190918,26.0799999237,26.6403198242,False
110.60000000000001,-0.026,-0.001,0.059,1.42196425,0.0784532,9.610517,0.819999992847,-0.906449317932,4.0499997139,3.33748316765,104.487503052,-0.286388903856,15.6285362244,0.269905298948,97170.8190918,26.1199989319,25.5744934082,False
110.7,0.037,-0.003,0.065,1.34351105,0.2941995,9.44380395,1.01999998093,-0.906449317932,4.13999986649,3.33748316765,104.487503052,-0.254786938429,15.6694774628,0.245910197496,97173.1750488,26.1399993896,18.1612968445,False
110.80000000000001,0.062,8.08266887437e-18,0.066,1.08853815,0.42168595,9.5516771,2.26999998093,-0.906449317932,4.23999977112,3.33748316765,104.487503052,-0.225805059075,15.6905632019,0.238686606288,97173.1384277,26.1599998474,4.52156066895,False
110.9,0.081,-0.004,0.059,0.97085835,0.5687857,10.0616229,2.6099998951,-0.906449317932,4.28999996185,3.33748316765,104.487503052,-0.169400304556,15.7474603653,0.193547010422,97174.0783691,26.1800003052,2.22282409668,False
111.0,0.08,-0.011,0.01,0.980665,0.4314926,10.2185293,2.6099998951,-0.000310293369694,4.2999997139,3.45218634605,103.406280518,-0.144966810942,15.7600297928,0.155385509133,97173.8464355,26.1800003052,2.22282409668,False
111.10000000000001,0.122,-0.007,0.01,1.16699135,0.26477955,9.54187045,5.5,-0.000310293369694,4.50999975204,3.45218634605,103.406280518,-0.125315487385,15.7853479385,0.148018091917,97172.9187012,26.1999988556,-8.05883407593,False
111.2,0.127,-0.032,0.018,0.8629852,0.34323275,10.2381426,5.75,-0.000310293369694,4.52999973297,3.45218634605,103.406280518,-0.112915985286,15.7962179184,0.0674082562327,97171.472168,26.1999988556,-9.19828414917,False
111.30000000000001,0.123,-0.051,0.027,1.18660465,0.196133,10.67944185,5.75,-0.000310293369694,4.52999973297,3.45218634605,103.406280518,-0.122636780143,15.8023881912,0.0554603077471,97173.2421875,26.1999988556,-9.19828414917,False
111.4,0.061,-0.063,0.044,1.06892485,0.2549729,11.07170785,8.3499994278,2.59207630157,4.51999998093,4.20638418198,102.836776733,-0.139055192471,15.7954511642,-0.162171423435,97175.9521484,26.1899986267,-20.2705383301,False
111.5,0.116,-0.069,0.042,1.28467115,0.1372931,11.4541672,11.0599994659,2.59207630157,4.58999967575,4.20638418198,102.836776733,-0.161780104041,15.7708015442,-0.299964159727,97170.6726074,26.1599998474,-30.8305740356,False
111.60000000000001,0.116,-0.069,0.042,1.28467115,0.1372931,11.4541672,11.3299999237,2.59207630157,4.55999994278,4.20638418198,102.836776733,-0.161780104041,15.7708015442,-0.299964159727,97170.6726074,26.1599998474,-30.8305740356,False
111.7,0.187,-0.047,0.054,1.18660465,0.28439285,10.5127288,11.5799999237,2.59207630157,4.36000013351,4.20638418198,102.836776733,-0.244416818023,15.7170352936,-0.49613198638,97172.9431152,26.0699996948,-23.9744186401,False
111.80000000000001,0.127,-0.045,0.037,0.9414384,0.53936575,10.36562905,11.5799999237,2.59207630157,4.36000013351,4.20638418198,102.836776733,-0.247201353312,15.7038259506,-0.487434089184,97171.5209961,26.0699996948,-23.9744186401,False
111.9,0.136,-0.014,-0.002,0.83356525,0.6276256,9.91452315,16.4099998474,5.69980096817,3.97000002861,5.30890369415,101.83052063,-0.311978727579,15.628613472,-0.567101418972,97166.3208008,25.9499988556,-16.8326377869,False
112.0,0.22,-0.007,-0.069,0.75511205,0.65704555,9.89490985,19.4399986267,5.69980096817,3.03999996185,5.30890369415,101.83052063,-0.393685221672,15.5708589554,-0.584144771099,97170.7336426,25.8799991608,-10.2076530457,False
112.10000000000001,0.216,-0.005,-0.101,0.77472535,0.57859235,9.8654899,19.4499988556,5.69980096817,3.03999996185,5.30890369415,101.83052063,-0.408140569925,15.5578012466,-0.568956434727,97170.7336426,25.8799991608,-10.2076530457,False
112.2,0.241,0.008,-0.122,1.0395049,0.38245935,9.73800345,19.7899990082,5.69980096817,3.57999992371,5.30890369415,101.83052063,-0.612106204033,15.4681882858,-0.536655366421,97169.6411133,25.7399997711,-11.6436004639,False
112.30000000000001,0.279,0.023,-0.119,0.8433719,0.51975245,9.36535075,23.6199989319,11.6158132553,3.44999980927,4.9085893631,103.888908386,-0.725702822208,15.4100866318,-0.500808537006,97169.0124512,25.6800003052,2.97431945801,False
112.4,0.316,0.011,-0.138,0.95124505,0.392266,9.2378643,23.6700000763,11.6158132553,3.38999986649,4.9085893631,103.888908386,-0.896619737148,15.3606395721,-0.423388212919,97167.2180176,25.6199989319,3.58028411865,False
112.5,0.356,0.001,-0.147,0.784532,0.4903325,8.9044382,25.8699989319,11.6158132553,3.25999999046,4.9085893631,103.888908386,-1.0958353281,15.2861528397,-0.342871695757,97162.6098633,25.5799999237,17.8386688232,False
112.60000000000001,0.287,0.011,-0.15,1.0395049,0.34323275,8.26700595,25.7299995422,11.6158132553,3.17999982834,4.9085893631,103.888908386,-1.36140263081,15.2208366394,-0.178290784359,97166.1376953,25.5399990082,19.3025588989,False
112.7,0.251,0.006,-0.153,0.9218251,0.42168595,8.18855275,27.6800003052,19.2056732178,3.17999982834,3.7854282856,107.32572937,-1.55191671848,15.1619930267,-0.0657169446349,97166.973877,25.5199985504,22.1577644348,False
112.80000000000001,0.185,-0.007,-0.166,0.8629852,0.588399,8.91424485,27.4699993134,19.2056732178,3.16999983788,3.7854282856,107.32572937,-1.85729289055,15.074555397,0.0711620897055,97165.802002,25.5100002289,29.9430847168,False
112.9,0.186,-0.01,-0.186,0.8237586,0.6864655,8.77695175,27.1700000763,19.2056732178,3.21000003815,3.7854282856,107.32572937,-1.91603922844,15.0696516037,0.116371259093,97164.4226074,25.5100002289,34.4909667969,False
113.0,0.186,-0.02,-0.206,0.89240515,0.6668522,9.09076455,29.8699989319,19.2056732178,4.06999969482,3.7854282856,107.32572937,-2.44545030594,14.9231958389,0.303958028555,97167.8344727,25.5299987793,17.6486968994,False
113.10000000000001,0.1,-0.03,-0.221,0.8825985,0.67665885,8.95347145,29.5199985504,23.1733989716,3.54999995232,2.57639431953,111.196434021,-2.70935750008,14.8575077057,0.403621345758,97166.9616699,25.5699996948,16.8411254883,False
113.2,0.126,-0.041,-0.235,0.784532,0.65704555,8.7867584,31.0299987793,23.1733989716,3.06999993324,2.57639431953,111.196434021,-3.02333045006,14.7653264999,0.543182194233,97169.342041,25.609998703,-0.00295639038086,False
113.30000000000001,0.202,-0.082,-0.267,1.0591182,0.4314926,9.56148375,31.0299987793,23.1733989716,3.08999991417,2.57639431953,111.196434021,-3.29643678665,14.6850528717,0.647730112076,97167.6147461,25.6800003052,2.67200469971,False
113.4,0.208,-0.088,-0.262,1.02969825,0.59820565,9.69877685,32.5999984741,23.1733989716,4.48999977112,2.57639431953,111.196434021,-3.77215456963,14.5524654388,0.739952087402,97168.8171387,25.75,-14.2124176025,False
113.5,0.212,-0.116,-0.257,1.3337044,0.36284605,9.85568325,32.0,27.4815616608,4.76999998093,1.52154529095,117.139274597,-4.18236207962,14.4142885208,0.828061699867,97171.484375,25.8299999237,-17.9513931274,False
113.60000000000001,0.183,-0.154,-0.252,1.12776475,0.48052585,10.3362091,31.2600002289,27.4815616608,5.13000011444,1.52154529095,117.139274597,-4.71174192429,14.2073278427,0.884406745434,97170.6481934,25.9300003052,-37.0742797852,False
113.7,0.151,-0.171,-0.247,1.30428445,0.5099458,10.48330885,31.2399997711,27.4815616608,6.19000005722,1.52154529095,117.139274597,-5.061211586,14.0466041565,0.929878652096,97172.0153809,26.0199985504,-44.9871063232,False
113.80000000000001,0.141,-0.182,-0.268,1.2944778,0.50013915,10.54214875,30.25,31.0247707367,5.85999965668,1.71427237988,122.994468689,-5.63125658035,13.7860794067,0.96416759491,97170.1721191,26.1199989319,-57.1911811829,False
113.9,0.098,-0.223,-0.271,1.24544455,0.4707192,11.05209455,30.9099998474,31.0247707367,5.42000007629,1.71427237988,122.994468689,-6.01113653183,13.5619335175,0.97290956974,97170.6726074,26.2199993134,-60.382938385,False
114.0,0.013,-0.234,-0.27,1.12776475,0.4314926,11.375714,30.9099998474,31.0247707367,5.42000007629,1.71427237988,122.994468689,-6.31290006638,13.3953390121,0.97390383482,97170.098877,26.2199993134,-60.382938385,False
114.10000000000001,0.028,-0.234,-0.252,1.1179581,0.6668522,11.46397385,28.2299995422,31.0247707367,6.69999980927,1.71427237988,122.994468689,-6.99954462051,12.9519367218,0.942242860794,97175.8544922,26.4099998474,-89.1096115112,False
114.2,0.006,-0.255,-0.241,1.3337044,0.6080123,12.38579895,26.6199989319,32.4706230164,7.01999998093,2.91650390625,130.828521729,-7.60071516037,12.5255355835,0.833390295506,97175.8544922,26.5,-107.249259949,False
114.30000000000001,-0.015,-0.225,-0.231,1.24544455,0.7453054,11.5914603,28.0699996948,32.4706230164,7.30999994278,2.91650390625,130.828521729,-8.06938457489,12.1435642242,0.758238732815,97179.5776367,26.5799999237,-126.968955994,False
114.4,-0.087,-0.231,-0.268,1.04931155,0.7649187,12.0033396,27.4899997711,32.4706230164,7.5,2.91650390625,130.828521729,-8.50438785553,11.7621126175,0.688819348812,97173.0773926,26.6499996185,-125.976753235,False
114.5,-0.07,-0.219,-0.287,0.89240515,0.8237586,11.75817335,27.4899997711,32.4706230164,7.48999977112,2.91650390625,130.828521729,-8.50438785553,11.7621126175,0.688819348812,97177.4841309,26.6499996185,-125.976753235,False
114.60000000000001,-0.066,-0.224,-0.307,0.9610517,0.71588545,11.8464332,24.2399997711,32.4706230164,7.83999967575,2.91650390625,130.828521729,-9.24848365784,11.00756073,0.571954905987,97179.8278809,26.7799987793,-147.341156006,False
114.7,-0.006,-0.209,-0.32,0.95124505,0.6668522,11.62088025,24.2399997711,32.0212478638,7.83999967575,3.7576417923,140.715042114,-9.5497379303,10.665514946,0.550972342491,97183.404541,26.8299999237,-146.35144043,False
114.80000000000001,-0.09,-0.217,-0.318,0.8237586,0.6276256,11.69933345,24.0299987793,32.0212478638,8.11999988556,3.7576417923,140.715042114,-10.0660667419,10.0297431946,0.48979601264,97176.5991211,26.8799991608,-151.659210205,False
114.9,-0.106,-0.223,-0.3,0.8629852,0.5491724,11.87585315,24.0399990082,32.0212478638,8.22999954224,3.7576417923,140.715042114,-10.3499517441,9.6213722229,0.403786033392,97182.5073242,26.9300003052,-158.913803101,False
115.0,-0.095,-0.227,-0.279,0.89240515,0.4903325,12.24850585,24.0399990082,31.3351593018,8.22999954224,4.11016845703,146.432403564,-10.4855957031,9.42081737518,0.359613567591,97182.1472168,26.9300003052,-158.913803101,False
115.10000000000001,-0.079,-0.223,-0.254,0.9218251,0.67665885,11.93469305,21.2600002289,31.3351593018,8.22000026703,4.11016845703,146.432403564,-10.9624605179,8.61833763123,0.214430317283,97177.746582,26.9799995422,-150.250061035,False
115.2,-0.097,-0.21,-0.273,0.7649187,0.7256921,11.44436055,19.5,31.3351593018,8.1799993515,4.11016845703,146.432403564,-11.2021694183,8.1431427002,0.17582115531,97179.9499512,26.9899997711,-154.72088623,False
115.30000000000001,-0.145,-0.194,-0.284,0.93163175,0.50013915,11.2188076,17.6700000763,31.3351593018,8.18999958038,4.11016845703,146.432403564,-11.4734287262,7.56092071533,0.129931181669,97180.9753418,26.9899997711,-155.016906738,False
115.4,-0.146,-0.194,-0.282,0.73549875,0.5687857,11.34629405,18.4599990845,29.7056274414,8.07999992371,4.9819316864,154.407211304,-11.6383972168,7.16967773438,0.0842584371567,97179.5532227,26.9899997711,-146.970550537,False
115.5,-0.162,-0.198,-0.278,0.8629852,0.53936575,11.73856005,16.6399993896,29.7056274414,7.98999977112,4.9819316864,154.407211304,-11.8095331192,6.67103862762,0.0182361267507,97182.3181152,26.9899997711,-141.564178467,False
115.60000000000001,-0.149,-0.177,-0.251,0.93163175,0.46091255,11.28745415,16.2099990845,29.7056274414,7.88999986649,4.9819316864,154.407211304,-11.9973716736,6.10423612595,-0.0501107685268,97180.9326172,26.9799995422,-136.555664062,False
115.7,-0.073,-0.194,-0.242,0.91201845,0.59820565,11.8856598,14.3999996185,29.7056274414,7.76999998093,4.9819316864,154.407211304,-12.1398181915,5.51435375214,-0.171366900206,97180.9326172,26.9599990845,-137.464523315,False
115.80000000000001,-0.045,-0.187,-0.23,0.97085835,0.392266,11.571847,12.4899997711,27.3320865631,7.71000003815,6.09656333923,162.922912598,-12.2047920227,5.21661090851,-0.227073341608,97179.2480469,26.9300003052,-140.679748535,False
115.9,-0.172,-0.173,-0.215,0.85317855,0.59820565,11.50320045,11.6599998474,27.3320865631,7.6299996376,6.09656333923,162.922912598,-12.2950944901,4.73972034454,-0.318469762802,97177.8015137,26.8999996185,-139.11227417,False
116.0,-0.251,-0.169,-0.217,1.0198916,0.5491724,11.62088025,9.80000019073,27.3320865631,7.44000005722,6.09656333923,162.922912598,-12.3713092804,4.19285058975,-0.430360913277,97177.8015137,26.8499984741,-137.322998047,False
116.10000000000001,-0.332,-0.137,-0.205,0.9022118,0.6276256,11.56204035,8.75,27.3320865631,7.30999994278,6.09656333923,162.922912598,-12.4084186554,3.76289892197,-0.520454525948,97177.8076172,26.7899990082,-141.891662598,False
116.2,-0.342,-0.116,-0.208,0.85317855,0.6080123,11.1403544,7.19000005722,27.3320865631,7.13999986649,6.09656333923,162.922912598,-12.4237937927,3.45957159996,-0.575269401073,97177.8076172,26.7199993134,-130.91545105,False
116.30000000000001,-0.353,-0.091,-0.193,0.784532,0.6080123,10.9049948,5.78999996185,21.6672763824,6.86999988556,7.00831222534,169.494094849,-12.4191398621,3.11482143402,-0.633302330971,97177.722168,26.6499996185,-120.65372467,False
116.4,-0.355,-0.063,-0.212,0.8433719,0.40207265,10.22833595,5.13000011444,21.6672763824,6.65999984741,7.00831222534,169.494094849,-12.3968400955,2.7658290863,-0.686186254025,97177.0812988,26.5599994659,-117.343521118,False
116.5,-0.317,-0.07,-0.218,0.8629852,0.5295591,10.54214875,4.05999994278,21.6672763824,6.44000005722,7.00831222534,169.494094849,-12.3598604202,2.54813075066,-0.722138166428,97173.6083984,26.4799995422,-105.917739868,False
116.60000000000001,-0.292,-0.064,-0.207,0.7649187,0.46091255,10.60098865,3.15999984741,21.6672763824,6.89999961853,7.00831222534,169.494094849,-12.3262243271,2.30046582222,-0.774019479752,97174.395752,26.3899993896,-94.3378448486,False
116.7,-0.257,-0.069,-0.184,0.87279185,0.392266,10.56176205,2.24000000954,14.1748571396,5.96999979019,6.97170877457,175.388442993,-12.2794713974,2.06574201584,-0.826094090939,97170.1904297,26.2999992371,-84.0256652832,False
116.80000000000001,-0.246,-0.064,-0.156,0.89240515,0.18632635,10.36562905,1.42999994755,14.1748571396,4.92999982834,6.97170877457,175.388442993,-12.2137756348,1.81252491474,-0.868298947811,97173.8952637,26.1899986267,-70.4737701416,True
116.9,-0.165,-0.044,-0.124,0.53936575,0.32361945,9.73800345,0.689999997616,14.1748571396,5.10999965668,6.97170877457,175.388442993,-12.1368770599,1.67630553246,-0.847374379635,97172.5891113,26.0900001526,-52.2909164429,True
117.0,-0.118,-0.017,-0.104,0.2941995,0.38245935,8.93385815,0.129999995232,14.1748571396,4.48999977112,6.97170877457,175.388442993,-12.0976343155,1.60907387733,-0.808366179466,97166.3085938,25.9899997711,-41.3227081299,True
117.10000000000001,-0.176,-0.019,-0.098,0.0588399,0.6864655,8.85540495,-0.370000004768,14.1748571396,3.95999979973,6.97170877457,175.388442993,-11.8868942261,1.37943482399,-0.684453070164,97160.7849121,25.8999996185,-24.1443634033,True
117.2,-0.186,0.007,-0.112,-0.0196133,0.32361945,9.1594111,-0.870000004768,9.98225212097,3.51999998093,7.15080356598,178.73789978,-11.7155246735,1.23703753948,-0.595946371555,97160.7849121,25.8199996948,-6.50157928467,True
117.30000000000001,-0.196,0.015,-0.104,-0.04903325,0.95124505,9.0417313,-0.870000004768,9.98225212097,3.50999999046,7.15080356598,178.73789978,-11.6163434982,1.18586575985,-0.552877247334,97161.114502,25.7399997711,5.99870681763,True
117.4,-0.191,0.038,-0.12,-0.2157463,0.08825985,9.30651085,-1.55999994278,9.98225212097,2.63999986649,7.15080356598,178.73789978,-11.4081773758,1.05920255184,-0.412314414978,97156.2316895,25.6700000763,24.8149871826,True
117.5,-0.178,0.061,-0.124,-0.196133,0.34323275,8.54159215,-1.80999994278,6.29957056046,2.27999997139,5.93827199936,-178.910919189,-11.2522563934,0.986930370331,-0.248406559229,97153.5766602,25.609998703,43.6189651489,True
117.60000000000001,-0.112,0.096,-0.149,-0.36284605,-0.1765197,8.42391235,-2.03999996185,6.29957056046,1.91999995708,5.93827199936,-178.910919189,-11.1174154282,0.918565988541,-0.083711117506,97152.4169922,25.5599994659,71.309753418,True
117.7,-0.122,0.136,-0.125,-0.2941995,0.14709975,7.7864801,-2.25999999046,6.29957056046,1.69999992847,5.93827199936,-178.910919189,-10.9768419266,0.846454024315,0.0730469152331,97151.7089844,25.5299987793,81.3821792603,True
117.80000000000001,-0.091,0.13,-0.107,-0.3334261,-0.0980665,8.2179727,-2.46000003815,6.29957056046,1.50999999046,5.93827199936,-178.910919189,-10.884976387,0.797904670238,0.204721450806,97151.7089844,25.5100002289,98.2571563721,True
117.9,-0.082,0.104,-0.071,-0.2745862,-0.12748645,8.40429905,-2.46000003815,6.29957056046,1.50999999046,5.93827199936,-178.910919189,-10.7894134521,0.75262850523,0.348203271627,97150.78125,25.5100002289,98.2571563721,True
118.0,-0.121,0.146,-0.037,-0.34323275,0.0784532,6.85484835,-2.80999994278,4.00112962723,1.22000002861,2.96012449265,-176.469909668,-10.6510572433,0.697876393795,0.698158681393,97150.0183105,25.5299987793,133.470626831,True
118.10000000000001,-0.112,0.133,-0.013,-0.44129925,-0.0392266,7.40402075,-2.92999982834,4.00112962723,1.10000002384,2.96012449265,-176.469909668,-10.5514230728,0.656791985035,0.943753838539,97149.5544434,25.5699996948,150.933258057,True
118.2,-0.128,0.102,0.002,-0.2745862,-0.06864655,7.9237732,-3.01999998093,4.00112962723,1.09000003338,2.96012449265,-176.469909668,-10.4838142395,0.633105516434,1.13256442547,97149.5849609,25.6399993896,165.875335693,True
118.30000000000001,-0.164,0.099,0.02,-0.20593965,-0.0196133,7.6884136,-3.05999994278,4.00112962723,1.11000001431,2.96012449265,-176.469909668,-10.4124822617,0.618121027946,1.34130072594,97152.3193359,25.7299995422,179.123306274,True
118.4,-0.136,0.113,0.022,-0.3334261,9.29549428043e-16,7.5903471,-3.05999994278,4.00112962723,1.11000001431,2.96012449265,-176.469909668,-10.3887472153,0.61675298214,1.43655836582,97153.5217285,25.7299995422,179.123306274,True
118.5,-0.096,0.116,0.028,-0.24516625,0.06864655,7.2765343,-2.99000000954,0.335695594549,1.18999993801,-0.430636703968,-176.454727173,-10.3151464462,0.611291706562,1.75841021538,97154.1442871,25.9799995422,206.923858643,True
118.60000000000001,-0.088,0.084,0.037,-0.2941995,-0.08825985,7.85512665,-2.89999985695,0.335695594549,1.32999992371,-0.430636703968,-176.454727173,-10.2780227661,0.619265794754,1.99718868732,97152.4353027,26.1399993896,214.646728516,True
118.7,-0.039,0.098,0.044,-0.196133,0.0392266,7.75706015,-2.78999996185,0.335695594549,1.59999990463,-0.430636703968,-176.454727173,-10.2780227661,0.619265794754,1.99718868732,97157.7941895,26.3199996948,207.244110107,True
118.80000000000001,-0.022,0.068,0.05,-0.02941995,0.02941995,8.52197885,-2.77999997139,0.335695594549,1.59999990463,-0.430636703968,-176.454727173,-10.246380806,0.640420854092,2.23239350319,97159.5825195,26.3199996948,207.244110107,True
118.9,-0.088,0.029,0.055,0.08825985,-0.02941995,9.3555441,-2.44000005722,-1.34611225128,2.37999987602,-2.58814406395,-177.39515686,-10.2528324127,0.671126723289,2.31196689606,97160.1928711,26.7199993134,203.380493164,True
119.0,-0.054,0.03,0.051,0.04903325,0.1569064,9.32612415,-2.16999983788,-1.34611225128,2.89999985695,-2.58814406395,-177.39515686,-10.2737627029,0.715297281742,2.34594416618,97167.5292969,26.9300003052,175.256820679,True
119.10000000000001,0.009,0.04,0.041,0.04903325,0.08825985,9.1201845,-1.87999999523,-1.34611225128,3.31999993324,-2.58814406395,-177.39515686,-10.2808942795,0.745436429977,2.3896150589,97167.779541,27.1399993896,172.50680542,True
119.2,0.021,0.016,0.018,0.1176798,0.02941995,9.63993695,-1.57999992371,-1.34611225128,3.79999995232,-2.58814406395,-177.39515686,-10.3073663712,0.795313954353,2.42808556557,97170.5993652,27.359998703,167.150787354,True
119.30000000000001,-0.005,0.022,0.015,0.06864655,0.1765197,9.42419065,-1.25999999046,-1.34611225128,4.25,-2.58814406395,-177.39515686,-10.3268642426,0.831456184387,2.42546582222,97173.8098145,27.5799999237,162.744522095,True
119.4,-0.003,-0.01,-0.005,0.1372931,0.0980665,9.9831697,-1.25999999046,-1.85392355919,4.25,-3.23600912094,-178.52973938,-10.3528079987,0.867757797241,2.42255973816,97178.0578613,27.5799999237,162.744522095,True
119.5,-0.037,-0.044,-0.018,0.08825985,0.1569064,9.99297635,-0.519999980927,-1.85392355919,5.11999988556,-3.23600912094,-178.52973938,-10.3894901276,0.936700344086,2.42682123184,97178.302002,28.0100002289,149.139404297,True
119.60000000000001,-0.083,-0.041,-0.04,0.1372931,1.24540407866e-15,10.16949605,-0.149999991059,-1.85392355919,5.5,-3.23600912094,-178.52973938,-10.4131593704,0.973601639271,2.41598010063,97182.8979492,28.2299995422,140.803146362,True
119.7,-0.091,-0.072,-0.041,0.06864655,-0.0392266,10.28717585,0.209999993443,-1.85392355919,5.85999965668,-3.23600912094,-178.52973938,-10.4299459457,1.02097570896,2.3835515976,97183.7585449,28.4499988556,131.769744873,True
119.80000000000001,-0.026,-0.087,-0.047,0.2157463,-0.1569064,11.0815145,0.209999993443,-3.17557787895,5.85999965668,-2.46867966652,-177.943756104,-10.4526720047,1.06094229221,2.31098246574,97185.1928711,28.4499988556,131.769744873,True
119.9,0.033,-0.08,-0.023,0.2745862,-0.0392266,10.9246081,0.989999949932,-3.17557787895,6.69999980927,-2.46867966652,-177.943756104,-10.5005483627,1.12380349636,2.09692716599,97191.1560059,28.8699989319,107.348632812,True
120.0,-0.178,-0.09,0.033,0.6668522,-0.2745862,12.11121275,1.42999994755,-3.17557787895,7.19000005722,-2.46867966652,-177.943756104,-10.5553207397,1.17229664326,1.89435136318,97192.4743652,29.0599994659,92.0332946777,True
120.10000000000001,-0.09,-0.123,0.06,0.7649187,-0.18632635,12.4152189,1.99000000954,-4.52828598022,7.58999967575,-0.58312112093,-178.323959351,-10.5946464539,1.23334908485,1.69723832607,97197.6745605,29.2099990845,79.5954742432,True
120.2,0.08,-0.052,0.064,0.55897905,0.0784532,11.01286795,1.99000000954,-4.52828598022,7.58999967575,-0.58312112093,-178.323959351,-10.6392402649,1.31119346619,1.50397503376,97199.2797852,29.3499984741,88.8027191162,True
120.30000000000001,0.066,-0.008,0.074,0.42168595,-0.12748645,10.7284751,2.56999993324,-4.52828598022,7.69999980927,-0.58312112093,-178.323959351,-10.6486406326,1.38076865673,1.38572371006,97197.7722168,29.4599990845,104.98399353,True
120.4,0.095,-0.016,0.079,0.3334261,1.31506023735e-15,10.73828175,3.12999987602,-4.52828598022,7.6299996376,-0.58312112093,-178.323959351,-10.6516504288,1.44395446777,1.32049524784,97201.4770508,29.4599990845,104.98399353,True
120.5,0.126,-0.013,0.087,0.2353596,0.04903325,9.63993695,4.13999986649,-3.36007833481,7.56999969482,-0.290116548538,-179.547729492,-10.6343021393,1.51614534855,1.24010562897,97203.1982422,29.6700000763,119.915100098,True
120.60000000000001,0.131,-0.024,0.083,0.2353596,0.0784532,9.7281968,4.13999986649,-3.36007833481,7.56999969482,-0.290116548538,-179.547729492,-10.6331644058,1.55096805096,1.18767750263,97203.8757324,29.6700000763,119.915100098,True
120.7,0.03,-0.049,0.069,0.24516625,0.196133,10.1596894,5.02999973297,-3.36007833481,7.56999969482,-0.290116548538,-179.547729492,-10.6118116379,1.58098399639,1.14331972599,97207.5744629,29.859998703,123.367500305,True
120.80000000000001,0.018,-0.033,0.06,0.3334261,0.08825985,10.40485565,5.46999979019,-3.36007833481,7.5499997139,-0.290116548538,-179.547729492,-10.5765371323,1.64114522934,1.04109978676,97207.5744629,29.9599990845,121.480270386,True
120.9,0.0,-0.065,0.035,0.30400615,0.28439285,10.89518815,5.92999982834,-3.36007833481,7.52999973297,-0.290116548538,-179.547729492,-10.5430793762,1.67466008663,0.970183730125,97207.4279785,30.0399990082,125.959686279,True
121.0,-0.022,-0.065,0.007,0.20593965,0.1569064,10.28717585,5.92999982834,-1.69281673431,7.52999973297,0.82170343399,178.262573242,-10.5099611282,1.70678699017,0.93995398283,97211.0046387,30.0399990082,125.959686279,True
121.10000000000001,0.055,-0.057,-0.025,0.196133,0.0588399,10.1793027,6.78999996185,-1.69281673431,7.41999959946,0.82170343399,178.262573242,-10.4289302826,1.7487719059,0.947989583015,97212.1704102,30.1899986267,133.825302124,True
121.2,0.158,-0.043,-0.041,0.18632635,0.0392266,9.36535075,7.1299996376,-1.69281673431,7.41999959946,0.82170343399,178.262573242,-10.3724317551,1.75944113731,0.930162131786,97211.3464355,30.2699985504,139.039993286,True
121.30000000000001,0.138,-0.05,-0.034,0.2745862,-0.0196133,10.07142955,7.1299996376,-0.0384716279805,7.41999959946,1.8152295351,178.701843262,-10.3178796768,1.7523317337,0.927355051041,97213.482666,30.2699985504,139.039993286,True
121.4,0.107,-0.035,-0.024,0.32361945,0.0196133,9.5516771,7.35999965668,-0.0384716279805,7.36999988556,1.8152295351,178.701843262,-10.2756843567,1.7408131361,0.907958805561,97212.8723145,30.4399986267,175.563049316,True
121.5,0.128,-0.037,-0.016,0.36284605,0.04903325,9.6693569,7.60999965668,-0.0384716279805,7.25999975204,1.8152295351,178.701843262,-10.188703537,1.6966356039,0.866080582142,97216.7785645,30.5199985504,178.183929443,True
121.60000000000001,0.125,-0.037,-0.013,0.3726527,0.0196133,10.34601575,7.60999965668,-0.0384716279805,7.25999975204,1.8152295351,178.701843262,-10.1536140442,1.67029762268,0.843015313148,97213.4338379,30.5199985504,178.183929443,True
121.7,0.009,-0.036,0.005,0.4707192,0.0196133,10.56176205,7.6299996376,2.44645690918,7.17000007629,2.69298315048,178.999282837,-10.0747432709,1.61261701584,0.780439019203,97215.6433105,30.6700000763,177.08493042,True
121.80000000000001,-0.072,-0.044,0.014,0.4903325,0.12748645,10.8657682,7.58999967575,2.44645690918,7.21000003815,2.69298315048,178.999282837,-10.0286207199,1.57916033268,0.712504565716,97217.980957,30.7399997711,172.901062012,True
121.9,-0.144,-0.033,-0.006,0.42168595,0.12748645,10.54214875,7.60999965668,2.44645690918,7.31999969482,2.69298315048,178.999282837,-9.95442295074,1.54631698132,0.65458971262,97219.3908691,30.7399997711,172.901062012,True
122.0,-0.101,-0.028,-0.027,0.4707192,0.08825985,10.3362091,7.71000003815,2.44645690918,7.39999961853,2.69298315048,178.999282837,-9.88081359863,1.52263379097,0.599586546421,97219.3908691,30.8499984741,164.881607056,True
122.10000000000001,0.028,-0.018,-0.049,0.4903325,0.02941995,10.07142955,7.76999998093,0.571986615658,7.48999977112,3.3955245018,179.002563477,-9.81015205383,1.50064504147,0.564339280128,97220.2636719,30.8999996185,171.521575928,True
122.2,0.099,-5.87830463591e-18,-0.048,0.42168595,-0.0392266,9.8851032,7.76999998093,0.571986615658,7.48999977112,3.3955245018,179.002563477,-9.7721118927,1.4836858511,0.561931788921,97220.4223633,30.8999996185,171.521575928,True
122.30000000000001,0.1,0.004,-0.033,0.4118793,0.10787315,9.40457735,7.80999994278,0.571986615658,7.46999979019,3.3955245018,179.002563477,-9.67666244507,1.43185377121,0.587394416332,97220.4223633,31.0,191.418273926,True
122.4,0.065,-1.4695761589800001e-18,-0.012,0.4903325,0.0588399,9.8458766,7.80999994278,2.18482446671,7.5,3.51443624496,179.770217896,-9.60868930817,1.38244044781,0.596791803837,97222.9064941,31.0499992371,202.080627441,True
122.5,0.043,0.004,-0.018,0.44129925,-0.00980665,9.5124505,7.73000001907,2.18482446671,7.50999975204,3.51443624496,179.770217896,-9.55463600159,1.34289419651,0.606062352657,97223.4680176,31.0999984741,210.500915527,True
122.60000000000001,0.088,0.012,-0.025,0.44129925,0.02941995,9.4928372,7.73000001907,2.18482446671,7.50999975204,3.51443624496,179.770217896,-9.51173686981,1.30333697796,0.621483564377,97224.4689941,31.1599998474,214.047149658,True
122.7,0.141,0.018,-0.04,0.36284605,0.02941995,9.2967042,7.48999977112,3.94635653496,7.50999975204,3.29085302353,-179.731430054,-9.43139362335,1.2302056551,0.68752104044,97223.9562988,31.2199993134,222.521118164,True
122.80000000000001,0.131,0.02,-0.052,0.392266,0.1569064,9.3751574,7.2999997139,3.94635653496,7.50999975204,3.29085302353,-179.731430054,-9.37933540344,1.16101896763,0.758333444595,97225.0732422,31.2799987793,237.510772705,True
122.9,0.083,0.015,-0.065,0.4314926,0.1569064,9.218251,7.2999997139,3.94635653496,7.50999975204,3.29085302353,-179.731430054,-9.35228061676,1.12673795223,0.778623998165,97227.8198242,31.2799987793,237.510772705,True
123.0,0.044,0.017,-0.077,0.42168595,0.10787315,8.9828914,6.98000001907,3.94635653496,7.57999992371,3.29085302353,-179.731430054,-9.28019809723,1.00647175312,0.864155769348,97228.894043,31.359998703,245.135116577,True
123.10000000000001,0.003,0.013,-0.08,0.48052585,0.196133,9.26728425,6.28999996185,3.94635653496,7.75999975204,3.29085302353,-179.731430054,-9.24754238129,0.94812309742,0.898991405964,97228.894043,31.5299987793,251.212219238,True
123.2,0.002,0.009,-0.097,0.51975245,0.1372931,9.0809579,5.86999988556,5.75556659698,7.91999959946,2.76092171669,-178.161682129,-9.1868429184,0.79632294178,0.989119231701,97232.0068359,31.6299991608,256.999389648,True
123.30000000000001,-0.043,0.008,-0.105,0.4903325,0.10787315,9.3555441,5.44000005722,5.75556659698,8.03999996185,2.76092171669,-178.161682129,-9.13205051422,0.67979234457,1.0608048439,97229.2480469,31.7399997711,261.778076172,True
123.4,-0.06,0.026,-0.114,0.4511059,1.1181014438099999e-15,9.12999115,5.05999994278,5.75556659698,8.17000007629,2.76092171669,-178.161682129,-9.10367393494,0.592446267605,1.12610983849,97228.4729004,31.8499984741,260.920043945,True
123.5,-0.083,0.006,-0.123,0.5491724,-0.0392266,9.28689755,5.05999994278,5.16379928589,8.15999984741,2.29591345787,-176.254592896,-9.08147335052,0.535477399826,1.14349544048,97233.7036133,31.9599990845,243.877792358,True
123.60000000000001,-0.062,0.005,-0.127,0.5295591,-0.00980665,9.0417313,4.63000011444,5.16379928589,8.47999954224,2.29591345787,-176.254592896,-9.05392932892,0.426286041737,1.18713855743,97236.0534668,32.0799980164,240.955535889,True
123.7,-0.042,0.008,-0.116,0.53936575,0.00980665,9.5712904,3.74000000954,5.16379928589,8.98999977112,2.29591345787,-176.254592896,-9.02272510529,0.31499299407,1.22738611698,97236.0534668,32.2000007629,244.993774414,True
123.80000000000001,0.009,-0.003,-0.102,0.63743225,-0.08825985,9.56148375,3.27999997139,5.16379928589,9.26999950409,2.29591345787,-176.254592896,-9.01206111908,0.242702573538,1.25259160995,97240.2526855,32.3199996948,248.455429077,True
123.9,0.061,0.014,-0.094,0.5491724,0.02941995,9.2574776,2.77999997139,4.6466050148,9.47999954224,1.99847960472,-173.771026611,-8.9836397171,0.130180999637,1.33037745953,97236.8041992,32.4599990845,251.719192505,True
124.0,0.029,0.004,-0.078,0.51975245,-0.12748645,8.97308475,2.27999997139,4.6466050148,9.71000003815,1.99847960472,-173.771026611,-8.9772605896,0.0917875170708,1.35550618172,97238.9404297,32.5999984741,256.462677002,True
124.10000000000001,0.019,-8.45006291412e-18,-0.069,0.5295591,-0.10787315,8.99269805,2.27999997139,4.6466050148,9.71999931335,1.99847960472,-173.771026611,-8.96314144135,0.0116852074862,1.40503096581,97239.2272949,32.5999984741,256.462677002,True
124.2,-0.014,-0.014,-0.056,0.5687857,-0.0196133,9.3163175,1.12999999523,5.16399669647,10.2199993134,1.76777791977,-172.435638428,-8.94691848755,-0.0896544083953,1.46033632755,97242.7001953,32.8899993896,256.394775391,True
124.30000000000001,0.034,-0.023,-0.049,0.588399,0.00980665,9.48303055,0.5,5.16399669647,10.5,1.76777791977,-172.435638428,-8.91794967651,-0.250857561827,1.53151261806,97243.8354492,33.0499992371,248.528579712,True
124.4,0.06,-0.019,-0.042,0.6080123,0.0196133,9.38496405,-0.0799999982119,5.16399669647,10.8000001907,1.76777791977,-172.435638428,-8.90907001495,-0.35238596797,1.58188521862,97246.1914062,33.2000007629,251.465896606,True
124.5,-0.067,-0.024,-0.028,0.55897905,1.0736656184399999e-15,8.7671451,-0.669999957085,5.63425540924,11.0599994659,2.05357027054,-171.593658447,-8.88560295105,-0.44578614831,1.65150249004,97248.6999512,33.3699989319,253.968719482,True
124.60000000000001,-0.175,-0.026,-0.03,0.5295591,-0.0196133,9.022118,-1.20999991894,5.63425540924,11.2899999619,2.05357027054,-171.593658447,-8.87070083618,-0.541652321815,1.73004162312,97248.6999512,33.5400009155,259.742462158,True
124.7,-0.248,-0.042,-0.045,0.65704555,-0.0588399,9.60071035,-1.68999993801,5.63425540924,11.5799999237,2.05357027054,-171.593658447,-8.85222911835,-0.592169880867,1.7531812191,97250.5615234,33.7099990845,258.967010498,True
124.80000000000001,-0.256,-0.063,-0.062,0.69627215,-0.02941995,9.3751574,-2.04999995232,5.63425540924,11.8699998856,2.05357027054,-171.593658447,-8.84193325043,-0.636346757412,1.77513170242,97252.5268555,33.8899993896,261.015411377,True
124.9,-0.25,-0.056,-0.064,0.75511205,-0.0196133,10.01258965,-2.31999993324,1.47085499763,12.1300001144,2.77359342575,-170.736816406,-8.82281303406,-0.658972978592,1.78567230701,97255.255127,34.0699996948,267.74319458,True
125.0,-0.307,-0.018,-0.048,0.77472535,-0.0784532,9.38496405,-2.45000004768,1.47085499763,12.3800001144,2.77359342575,-170.736816406,-8.82134437561,-0.655444920063,1.79430234432,97255.5603027,34.25,276.182281494,True
125.10000000000001,-0.298,0.015,-0.032,0.73549875,-0.0588399,9.48303055,-2.45000004768,1.47085499763,12.3800001144,2.77359342575,-170.736816406,-8.81017017365,-0.622377157211,1.82268226147,97257.8735352,34.4399986267,281.669250488,True
125.2,-0.319,0.043,-0.002,0.6864655,-0.40207265,9.0025047,-2.44000005722,1.47085499763,12.6099996567,2.77359342575,-170.736816406,-8.81192111969,-0.601556241512,1.84211170673,97259.6679688,34.4399986267,281.669250488,True
125.30000000000001,-0.17,0.041,-0.003,0.6668522,-0.46091255,9.48303055,-2.32999992371,-5.22708511353,12.8999996185,2.53312754631,-169.962585449,-8.81694793701,-0.511874854565,1.90825915337,97262.5061035,34.6199989319,281.104675293,True
125.4,-0.126,0.06,0.03,0.69627215,-0.20593965,9.4732239,-1.67999994755,-5.22708511353,13.5599994659,2.53312754631,-169.962585449,-8.84002685547,-0.410009950399,1.96875476837,97266.9433594,35.0,289.774719238,True
125.5,-0.113,0.036,0.048,0.59820565,-0.4903325,8.9632781,-1.25,-5.22708511353,13.8299999237,2.53312754631,-169.962585449,-8.8542842865,-0.288475990295,2.06675767899,97266.9433594,35.2000007629,305.061157227,True
125.60000000000001,-0.056,0.066,0.103,0.6276256,-0.14709975,8.89463155,-0.789999961853,-7.62901306152,14.1700000763,1.53353106976,-170.634780884,-8.87715625763,-0.189708575606,2.14781141281,97268.2617188,35.4099998474,319.462768555,True
125.7,-0.039,0.054,0.141,0.5491724,-0.26477955,8.4533323,-0.789999961853,-7.62901306152,14.1700000763,1.53353106976,-170.634780884,-8.89653491974,-0.111502557993,2.22875833511,97270.2575684,35.4099998474,319.462768555,True
125.80000000000001,-0.026,0.03,0.145,0.67665885,-0.0588399,9.18883105,-0.259999990463,-7.62901306152,14.4899997711,1.53353106976,-170.634780884,-8.92908668518,-0.0260021369904,2.29847168922,97272.265625,35.6199989319,338.065734863,True
125.9,0.061,0.006,0.177,0.7453054,0.0784532,9.46341725,0.839999973774,-7.62901306152,15.4399995804,1.53353106976,-170.634780884,-8.97925949097,0.107178293169,2.37496948242,97276.6784668,36.0799980164,318.286499023,True
126.0,0.072,-0.021,0.188,0.7649187,-0.1372931,9.77723005,1.43999993801,-7.70205020905,15.9200000763,0.154027491808,-173.881546021,-9.0409488678,0.247701957822,2.40752768517,97279.8400879,36.3199996948,313.212402344,True
126.10000000000001,-0.003,-0.064,0.223,0.87279185,-0.14709975,10.0420096,1.43999993801,-7.70205020905,15.9200000763,0.154027491808,-173.881546021,-9.06023979187,0.299539417028,2.40973234177,97280.7189941,36.3199996948,313.212402344,True
126.2,-0.017,-0.095,0.226,0.8237586,-0.02941995,10.2577559,2.90999984741,-7.70205020905,16.8299999237,0.154027491808,-173.881546021,-9.13325309753,0.486687809229,2.36464285851,97282.0129395,36.7999992371,297.342498779,True
126.30000000000001,-0.043,-0.079,0.235,0.8237586,0.06864655,9.80665,3.78999996185,-8.10564804077,17.2399997711,0.833398878574,-178.436187744,-9.16218090057,0.641344189644,2.34420657158,97287.5183105,37.0400009155,290.041442871,True
126.4,-0.031,-0.088,0.218,0.83356525,-0.0588399,10.16949605,4.75999975204,-8.10564804077,17.4599990845,0.833398878574,-178.436187744,-9.19631576538,0.798682570457,2.31751227379,97289.1296387,37.2700004578,287.552734375,True
126.5,0.012,-0.076,0.182,0.73549875,-0.14709975,9.6693569,4.75999975204,-8.10564804077,17.4599990845,0.833398878574,-178.436187744,-9.20582008362,0.967671275139,2.31123423576,97294.1711426,37.4899978638,296.980010986,True
126.60000000000001,0.04,-0.075,0.173,0.7453054,0.08825985,9.81645665,6.76999998093,-8.10564804077,17.4599990845,0.833398878574,-178.436187744,-9.21522331238,1.13265454769,2.307710886,97294.5129395,37.719997406,305.984863281,True
126.7,0.037,-0.051,0.181,0.75511205,0.06864655,9.52225715,7.7999997139,-8.11745738983,17.4599990845,1.75881969929,177.299362183,-9.20791625977,1.32469987869,2.33819770813,97297.3327637,37.9500007629,310.787872314,True
126.80000000000001,0.033,-0.031,0.186,0.75511205,-0.02941995,9.79684335,8.86999988556,-8.11745738983,17.4599990845,1.75881969929,177.299362183,-9.19906044006,1.48340713978,2.35680937767,97300.2258301,38.1800003052,313.650421143,True
126.9,0.069,0.004,0.178,0.6668522,0.2549729,8.9240515,9.88999938965,-8.11745738983,17.4599990845,1.75881969929,177.299362183,-9.17815303802,1.63858222961,2.4252884388,97304.1870117,38.4199981689,320.891662598,True
127.0,0.072,0.006,0.188,0.65704555,-0.08825985,8.95347145,10.9200000763,-8.11745738983,17.4499988556,1.75881969929,177.299362183,-9.1700220108,1.75410580635,2.4806497097,97303.894043,38.6599998474,328.291503906,True
127.10000000000001,0.07,-0.058,0.157,0.784532,0.1176798,9.7674234,11.9799995422,-7.25034379959,17.4499988556,1.55318105221,173.452575684,-9.15243911743,1.94742465019,2.49068522453,97309.0148926,38.9099998474,333.826538086,True
127.2,0.005,-0.115,0.161,1.0198916,0.0980665,10.5127288,13.0599994659,-7.25034379959,17.4499988556,1.55318105221,173.452575684,-9.14813518524,2.06973314285,2.45605707169,97311.6516113,39.1599998474,339.28213501,True
127.30000000000001,-0.014,-0.111,0.163,1.0198916,0.14709975,10.8265416,13.0499992371,-7.25034379959,17.4499988556,1.55318105221,173.452575684,-9.12931251526,2.2019765377,2.40261626244,97311.6516113,39.3999977112,333.243469238,True
127.4,-0.011,-0.06,0.146,1.06892485,0.392266,10.7677017,15.3299999237,-7.29670667648,17.4599990845,2.69309830666,169.938049316,-9.10301494598,2.40153598785,2.32486224174,97313.0615234,39.6399993896,332.339477539,True
127.5,0.017,0.004,0.156,0.93163175,0.1765197,9.93413645,16.4499988556,-7.29670667648,17.4499988556,2.69309830666,169.938049316,-9.06503295898,2.59969425201,2.2894423008,97316.9799805,39.8600006104,323.042022705,True
127.60000000000001,0.111,0.16,0.154,0.8825985,0.18632635,9.34573745,17.5699996948,-7.29670667648,17.4499988556,2.69309830666,169.938049316,-9.046875,2.7481777668,2.33415579796,97321.3195801,40.0799980164,326.183135986,True
127.7,0.171,0.215,0.156,0.784532,0.24516625,9.1986377,18.6199989319,-7.29670667648,17.4499988556,2.69309830666,169.938049316,-9.0398015976,2.86424589157,2.37456870079,97320.7763672,40.3099975586,326.122467041,True
127.80000000000001,0.233,0.21,0.149,0.71588545,0.48052585,9.01231135,19.6000003815,-5.09281635284,17.4400005341,-0.384173691273,166.990264893,-9.04543972015,2.97104454041,2.4217646122,97325.0915527,40.5400009155,329.138275146,True
127.9,0.238,0.144,0.148,0.6472389,0.30400615,8.9436648,20.5200004578,-5.09281635284,17.4400005341,-0.384173691273,166.990264893,-9.0674905777,3.10450553894,2.50725364685,97330.5786133,40.7799987793,335.128967285,True
128.0,0.204,0.047,0.134,0.59820565,0.57859235,9.2967042,20.5100002289,-5.09281635284,17.4400005341,-0.384173691273,166.990264893,-9.09323787689,3.19608449936,2.54115223885,97327.3254395,40.7799987793,335.128967285,True
128.1,0.044,-0.073,0.117,0.77472535,0.6080123,9.85568325,21.3899993896,-5.09281635284,17.4400005341,-0.384173691273,166.990264893,-9.13632297516,3.32570695877,2.50931715965,97332.8674316,41.2799987793,313.939758301,True
128.20000000000002,-0.06,-0.218,0.038,0.83356525,0.4314926,10.75789505,22.2600002289,-2.06977200508,17.4400005341,-1.20021033287,164.391784668,-9.15321063995,3.39415884018,2.46134114265,97338.4338379,41.2799987793,313.939758301,True
128.3,-0.146,-0.247,-0.031,1.0198916,0.4314926,10.93441475,24.0599994659,-2.06977200508,17.4400005341,-1.20021033287,164.391784668,-9.17614555359,3.59011149406,2.27874898911,97342.96875,41.7700004578,290.986450195,True
128.4,-0.074,-0.197,-0.08,1.1571847,0.28439285,11.3168741,24.9599990845,-2.06977200508,17.4400005341,-1.20021033287,164.391784668,-9.16717338562,3.71242332458,2.12809085846,97347.1313477,42.0,295.819091797,True
128.5,0.05,-0.14,-0.088,1.01008495,0.2353596,10.4735022,25.7999992371,-2.06977200508,17.4400005341,-1.20021033287,164.391784668,-9.14213371277,3.79126954079,2.06116557121,97347.1313477,42.2099990845,298.249145508,True
128.6,0.116,-0.049,-0.061,0.87279185,0.3138128,9.83606995,26.5399990082,-3.49594688416,17.4400005341,3.49659633636,165.119049072,-9.11063289642,3.88567256927,2.0127491951,97349.5300293,42.4199981689,306.792266846,True
128.70000000000002,0.183,0.078,-9.552245033350001e-18,0.93163175,0.392266,10.4931155,27.2699985504,-3.49594688416,17.4400005341,3.49659633636,165.119049072,-9.07459163666,3.96533751488,1.97353971004,97348.3093262,42.6100006104,310.099700928,True
128.8,0.219,0.14,0.007,0.85317855,0.55897905,9.4928372,27.9599990845,-3.49594688416,17.4400005341,3.49659633636,165.119049072,-9.05285835266,4.03392314911,1.99440288544,97350.8483887,42.8099975586,312.844360352,True
128.9,0.265,0.133,0.028,0.77472535,0.42168595,9.3555441,28.5100002289,-3.49594688416,17.4400005341,3.49659633636,165.119049072,-9.04998588562,4.04634714127,2.00546455383,97351.4221191,43.0099983215,321.076293945,True
129.0,0.187,0.022,-0.034,0.85317855,0.18632635,9.44380395,28.5100002289,-3.49594688416,17.4400005341,3.49659633636,165.119049072,-9.05135631561,4.08140277863,2.03727912903,97355.078125,43.0099983215,321.076293945,True
129.1,0.153,-0.002,-0.016,0.7256921,0.6080123,8.85540495,29.0299987793,2.41585493088,17.4400005341,1.27935004234,165.581359863,-9.07289123535,4.09406995773,2.09518575668,97355.078125,43.3999977112,349.477874756,True
129.20000000000002,0.048,-0.006,-0.046,0.85317855,0.22555295,8.79656505,29.7999992371,2.41585493088,17.4400005341,1.27935004234,165.581359863,-9.09789657593,4.09352302551,2.16692018509,97359.2773438,43.6100006104,358.545013428,True
129.3,0.129,-0.045,-0.055,0.81395195,0.50013915,9.20844435,30.0799999237,2.41585493088,17.4400005341,1.27935004234,165.581359863,-9.11739730835,4.06064367294,2.19838690758,97365.1672363,43.8199996948,350.122924805,True
129.4,0.233,-0.056,-0.078,0.61781895,0.3726527,8.56120545,30.0799999237,2.41585493088,17.4400005341,1.27935004234,165.581359863,-9.12123394012,4.04179239273,2.2358417511,97363.8549805,43.8199996948,350.122924805,True
129.5,0.404,-0.057,-0.05,0.392266,0.588399,7.99241975,30.2899990082,7.41717576981,17.4599990845,1.93793463707,167.036087036,-9.11378288269,3.94763255119,2.43126249313,97366.5161133,44.2799987793,357.015808105,True
129.6,0.355,-0.219,-0.064,0.53936575,0.61781895,9.18883105,30.3899993896,7.41717576981,17.4799995422,1.93793463707,167.036087036,-9.10857391357,3.80029821396,2.52302503586,97367.175293,44.5299987793,327.694213867,True
129.70000000000002,0.354,-0.297,-0.099,0.61781895,0.53936575,9.4928372,30.1799983978,7.41717576981,17.4899997711,1.93793463707,167.036087036,-9.10099124908,3.66707539558,2.51743340492,97371.1608887,44.7899971008,300.630462646,True
129.8,0.345,-0.41,-0.161,0.9610517,0.588399,10.62060195,29.7099990845,7.41717576981,17.5100002289,1.93793463707,167.036087036,-9.08722019196,3.40079903603,2.41664385796,97376.940918,45.0399971008,279.334075928,True
129.9,0.199,-0.475,-0.201,1.30428445,0.5491724,11.5130071,28.9200000763,15.8417377472,17.5299987793,9.15909576416,171.699951172,-9.04612445831,3.11481690407,2.26083636284,97379.5349121,45.2799987793,264.002502441,True
130.0,0.127,-0.377,-0.24,1.3533177,0.48052585,11.73856005,28.8499984741,15.8417377472,17.5399990082,9.15909576416,171.699951172,-9.01922512054,2.99392199516,2.20662927628,97384.185791,45.2799987793,264.002502441,True
130.1,-0.008,-0.261,-0.236,1.24544455,0.34323275,11.28745415,27.1700000763,15.8417377472,17.5499992371,9.15909576416,171.699951172,-8.86666202545,2.49554276466,2.07203125954,97385.8093262,45.719997406,258.518707275,True
130.20000000000002,-0.023,-0.057,-0.231,1.10815145,0.5295591,10.38524235,26.4300003052,15.8417377472,17.5499992371,9.15909576416,171.699951172,-8.7609462738,2.21343946457,2.07170295715,97385.3515625,45.9300003052,255.791473389,True
130.3,0.027,0.125,-0.223,0.99047165,0.2941995,9.67916355,25.7199993134,15.8417377472,17.5599994659,9.15909576416,171.699951172,-8.66995620728,1.92334926128,2.11766004562,97387.0544434,46.1399993896,266.175842285,True
130.4,-0.005,0.225,-0.181,0.8825985,0.4707192,9.2378643,25.0100002289,17.8046741486,17.5599994659,9.00640106201,178.166915894,-8.65211105347,1.87663710117,2.14089488983,97389.6911621,46.3499984741,280.194671631,True
130.5,0.0,0.195,-0.182,0.83356525,0.2745862,9.16921775,24.3299999237,17.8046741486,17.5599994659,9.00640106201,178.166915894,-8.54820632935,1.41479468346,2.33974909782,97392.6757812,46.5799980164,289.182769775,True
130.6,0.006,0.156,-0.19,0.8237586,0.36284605,8.9828914,-0.0999999940395,17.8046741486,-2.42999982834,9.00640106201,178.166915894,-8.54104614258,1.35840976238,2.35724329948,97393.762207,46.8199996948,301.682861328,True
130.70000000000002,-0.17,0.079,-0.172,0.87279185,0.3138128,9.38496405,-0.0999999940395,17.8046741486,-2.44000005722,9.00640106201,178.166915894,-8.49983215332,0.906535506248,2.54181933403,97397.9614258,47.0699996948,309.34954834,True
130.8,-0.464,0.165,-0.184,0.79433865,0.57859235,8.4925589,-0.0999999940395,15.7347755432,-2.48000001907,4.53000211716,-178.954193115,-8.52730560303,0.706817507744,2.63381147385,97398.5290527,47.3299980164,321.967498779,True
130.9,-0.694,0.202,-0.179,2.9223817,0.392266,8.2571993,-0.0999999940395,15.7347755432,-2.5,4.53000211716,-178.954193115,-8.58334255219,0.643449723721,2.67332720757,97404.8034668,47.3299980164,321.967498779,True
131.0,-0.7,0.2,-0.192,4.40318585,0.7060788,10.01258965,-0.0999999940395,15.7347755432,-2.51999998093,4.53000211716,-178.954193115,-8.82324790955,0.532643079758,2.69833135605,97412.0605469,47.6100006104,333.025268555,True
131.1,-0.554,0.051,-0.154,4.9425516,-0.0392266,10.09104285,-0.0999999940395,15.7347755432,-2.54999995232,4.53000211716,-178.954193115,-9.63399982452,0.370850741863,2.53961467743,97430.9509277,48.1699981689,284.700866699,True
131.20000000000002,-0.23,-0.205,-0.057,5.88399,0.24516625,12.11121275,-0.0999999940395,15.7347755432,-2.54999995232,4.53000211716,-178.954193115,-10.1676740646,0.29369020462,2.25477337837,97448.4802246,48.4399986267,253.081985474,True
131.3,0.035,-0.417,0.003,6.10954295,-0.0588399,13.40569055,-0.0999999940395,2.81314277649,-2.54999995232,3.62249660492,-175.626113892,-10.5809335709,0.209840357304,1.89965450764,97462.7929688,48.7000007629,217.557617188,True
131.4,0.061,-0.488,0.103,5.99186315,0.42168595,14.1411893,-0.0999999940395,2.81314277649,-2.54999995232,3.62249660492,-175.626113892,-10.768073082,0.18881522119,1.68574523926,97461.6333008,48.9300003052,166.932769775,True
131.5,0.054,-0.572,0.157,6.54103555,0.4118793,16.4359454,-0.0999999940395,2.81314277649,-2.54999995232,3.62249660492,-175.626113892,-11.4449033737,0.0999815687537,0.433444708586,97469.0063477,49.1199989319,108.376403809,True
