t,p,q,r,ax,ay,az,roll_k,roll,pitch_k,pitch,yaw,vn,ve,vd,basinc,alt_hata,hiz_hata,ariza
0.1,0.653,-0.004,-0.206,-0.196133,0.1372931,7.8257067,32.0099983215,-1.1749869585,-1.91999995708,-2.80202746391,-78.9827423096,3.26821875572,-18.8317508698,0.783872485161,97876.7089844,0.109999999404,-466.723815918,False
0.2,0.769,-0.086,-0.156,-0.3530394,-0.0588399,9.0809579,34.1800003052,5.60379314423,-1.54999995232,-3.94709682465,-76.2508850098,3.3117120266,-18.8211631775,0.861661732197,97874.2553711,0.209999993443,-478.539672852,False
0.30000000000000004,0.792,-0.113,-0.084,-0.3530394,-0.04903325,10.3362091,44.7099990845,5.60379314423,0.810000002384,-3.94709682465,-76.2508850098,3.56124448776,-18.7502212524,0.876102387905,97869.6960449,0.319999992847,-478.539672852,False
0.4,0.824,-0.087,-0.016,-0.3530394,-0.12748645,10.95402805,44.7299995422,5.60379314423,3.09999990463,-3.94709682465,-76.2508850098,3.84789061546,-18.6570930481,0.837994158268,97874.3713379,0.42999997735,-371.228607178,False
0.5,0.727,-0.13,0.042,-0.28439285,0.42168595,11.30706745,44.75,20.3126449585,5.31999969482,-2.52288365364,-74.632019043,4.17892360687,-18.5487155914,0.774091720581,97870.4284668,0.519999980927,-371.228607178,False
0.6000000000000001,0.471,-0.222,0.022,-0.0784532,0.77472535,12.3367657,44.7700004578,20.3126449585,7.44000005722,-2.52288365364,-74.632019043,4.59325790405,-18.4133815765,0.632148683071,97874.9023438,0.610000014305,-377.83795166,False
0.7000000000000001,0.354,-0.283,-0.052,0.20593965,0.95124505,12.9840046,44.7700004578,20.3126449585,9.40999984741,-2.52288365364,-74.632019043,5.13712644577,-18.2230186462,0.424767643213,97876.8798828,0.669999957085,-377.83795166,False
0.8,0.357,-0.228,-0.153,0.40207265,1.24544455,12.87613145,44.7599983215,20.3126449585,11.279999733,-2.52288365364,-74.632019043,5.54916238785,-18.0957946777,0.284399628639,97886.1755371,0.709999978542,-385.380187988,False
0.9,0.273,-0.266,-0.24,1.06892485,1.01008495,13.22917085,44.75,30.8735141754,13.0599994659,1.27638232708,-71.8737258911,6.1128411293,-17.9096221924,0.0956941917539,97884.2407227,0.729999959469,-385.380187988,False
1.0,0.254,-0.217,-0.245,1.22583125,0.9022118,13.72931,44.7399978638,30.8735141754,14.7199993134,1.27638232708,-71.8737258911,6.76610565186,-17.7101993561,-0.120065033436,97892.1386719,0.729999959469,-396.257202148,False
1.1,0.277,-0.289,-0.245,1.5298374,0.73549875,13.42530385,44.7099990845,30.8735141754,16.2899990082,1.27638232708,-71.8737258911,7.43493366241,-17.4892463684,-0.273343533278,97896.9665527,0.709999978542,-396.257202148,False
1.2000000000000002,0.151,-0.341,-0.207,1.7455837,1.04931155,13.4547238,44.6800003052,36.1944313049,17.7999992371,2.80163478851,-66.0906982422,8.13450050354,-17.2426795959,-0.478287518024,97894.0368652,0.680000007153,-333.971801758,False
1.3,0.151,-0.341,-0.207,1.7455837,1.04931155,13.4547238,44.6299972534,36.1944313049,17.9400005341,2.80163478851,-66.0906982422,9.10054302216,-16.8179359436,-0.859119951725,97894.0368652,0.639999985695,-333.971801758,False
1.4000000000000001,0.136,-0.261,-0.24,1.9221034,0.99047165,15.26895405,44.1899986267,36.1944313049,17.9699993134,2.80163478851,-66.0906982422,9.72627830505,-16.5153045654,-1.04936850071,97898.9746094,0.569999992847,-361.710754395,False
1.5,0.028,-0.25,-0.222,1.77500365,1.1179581,13.44491715,42.2900009155,36.1944313049,17.9799995422,2.80163478851,-66.0906982422,10.5501365662,-16.0625324249,-1.1995319128,97900.9643555,0.489999979734,-361.710754395,False
1.6,-0.057,-0.358,-0.255,1.6279039,1.14737805,13.34685065,40.3899993896,40.2535934448,17.9899997711,5.58986330032,-55.582069397,11.0920753479,-15.7251577377,-1.30386602879,97906.2927246,0.389999985695,-404.579345703,False
1.7000000000000002,-0.041,-0.356,-0.293,1.83384355,1.06892485,14.20983585,38.25,40.2535934448,18.0,5.58986330032,-55.582069397,11.7651548386,-15.2216310501,-1.48408031464,97902.7648926,0.280000001192,-404.579345703,False
1.8,0.057,-0.257,-0.309,1.8436502,0.81395195,14.05292945,35.75,40.2535934448,18.0100002289,5.58986330032,-55.582069397,12.3140163422,-14.7998189926,-1.61722362041,97900.0854492,0.159999996424,-403.032684326,False
1.9000000000000001,0.031,-0.372,-0.291,1.8240369,0.8433719,14.13138265,33.0,40.2535934448,18.0299987793,5.58986330032,-55.582069397,13.1080093384,-14.1019496918,-1.78845632076,97892.5842285,0.0299999993294,-403.032684326,False
2.0,-0.164,-0.432,-0.231,2.0397832,0.9414384,15.75928655,29.7399997711,41.8167304993,18.0200004578,6.74077939987,-47.0166969299,13.7881736755,-13.3975992203,-2.06641197205,97894.0124512,-0.119999997318,-431.625366211,False
2.1,-0.208,-0.419,-0.204,1.96133,1.0002783,15.9848395,25.9300003052,41.8167304993,18.0,6.74077939987,-47.0166969299,14.4142904282,-12.6376285553,-2.38900399208,97892.5354004,-0.280000001192,-431.625366211,False
2.2,-0.298,-0.411,-0.178,1.8240369,1.20621795,16.70072495,21.8500003815,41.8167304993,17.9899997711,6.74077939987,-47.0166969299,14.7463541031,-12.1742362976,-2.59567642212,97890.4724121,-0.489999979734,-448.125274658,False
2.3000000000000003,-0.378,-0.385,-0.222,1.9809433,1.36312435,17.063571,17.3999996185,38.3948936462,17.9200000763,10.8001909256,-37.9415969849,15.513718605,-10.8484115601,-3.29099202156,97891.6137695,-0.719999969006,-448.125274658,False
2.4000000000000004,-0.458,-0.29,-0.251,2.01036325,1.04931155,16.4947853,12.8699998856,38.3948936462,17.8500003815,10.8001909256,-37.9415969849,15.6023330688,-10.6744346619,-3.38483953476,97882.5439453,-1.01999998093,-450.638397217,False
2.5,-0.469,-0.213,-0.239,1.8632635,0.6864655,15.44547375,8.40999984741,38.3948936462,17.8099994659,10.8001909256,-37.9415969849,16.1213550568,-9.42249679565,-3.94747114182,97873.4985352,-1.33999991417,-450.638397217,False
2.6,-0.502,-0.089,-0.217,1.6475172,0.59820565,12.6505785,4.44999980927,31.8504829407,17.75,11.6809492111,-32.0543899536,16.3337974548,-8.83163356781,-4.04794359207,97873.0895996,-1.73000001907,-445.425994873,False
2.7,-0.57,-0.212,-0.129,1.6279039,0.6080123,11.50320045,1.55999994278,31.8504829407,17.6800003052,11.6809492111,-32.0543899536,16.4632968903,-8.20724201202,-4.18102169037,97862.4511719,-2.11999988556,-445.425994873,False
2.8000000000000003,-0.743,-0.083,-0.101,1.69655045,1.01008495,12.50347875,-1.04999995232,31.8504829407,17.6000003815,11.6809492111,-32.0543899536,16.5047855377,-7.85771036148,-4.29243421555,97861.1633301,-2.53999996185,-427.892486572,False
2.9000000000000004,-0.738,-0.093,-0.141,1.6671305,0.71588545,11.1599677,-3.1099998951,31.8504829407,17.5299987793,11.6809492111,-32.0543899536,16.4882507324,-7.40563249588,-4.47501039505,97858.3129883,-2.97000002861,-427.892486572,False
3.0,-0.671,-0.121,-0.143,1.71616375,0.93163175,12.42502555,-4.71000003815,31.8504829407,17.5,11.6809492111,-32.0543899536,16.4737205505,-7.2570233345,-4.59108018875,97854.901123,-3.42999982834,-427.209289551,False
3.1,-0.621,0.035,-0.133,1.6082906,0.588399,11.0030613,-6.15999984741,15.7534894943,17.4300003052,13.2240066528,-27.1648330688,16.342666626,-6.82458353043,-4.88155651093,97846.8200684,-3.88999986649,-427.209289551,False
3.2,-0.618,0.011,-0.103,1.65732385,0.5295591,9.9831697,-6.96999979019,15.7534894943,17.4099998474,13.2240066528,-27.1648330688,16.2751960754,-6.68926668167,-4.93479061127,97839.6362305,-4.38999986649,-404.40234375,False
3.3000000000000003,-0.537,-0.094,-0.067,1.765197,0.5099458,10.77750835,-7.46000003815,15.7534894943,17.3899993896,13.2240066528,-27.1648330688,16.105884552,-6.55232572556,-5.04911327362,97838.7145996,-4.88999986649,-404.40234375,False
3.4000000000000004,-0.478,-0.058,-0.035,1.8240369,0.38245935,10.11065615,-7.6299996376,15.7534894943,17.3799991608,13.2240066528,-27.1648330688,15.981803894,-6.50021696091,-5.1376914978,97829.9987793,-5.40999984741,-383.509643555,False
3.5,-0.366,-0.096,-0.01,1.9024901,0.77472535,12.3367657,-7.52999973297,3.51557636261,17.3699989319,14.2936029434,-25.3558521271,15.709526062,-6.4560303688,-5.46449804306,97824.8901367,-5.92000007629,-383.509643555,False
3.6,-0.35,-0.173,-0.02,1.89268345,0.588399,11.8856598,-7.08999967575,3.51557636261,17.3699989319,14.2936029434,-25.3558521271,15.5295114517,-6.43566322327,-5.6684346199,97821.1669922,-6.46999979019,-366.011993408,False
3.7,-0.284,-0.069,0.007,1.9221034,0.5295591,11.69933345,-6.65999984741,3.51557636261,17.3699989319,14.2936029434,-25.3558521271,15.2324037552,-6.46284198761,-5.88256025314,97808.0505371,-7.01999998093,-366.011993408,False
3.8000000000000003,-0.235,-0.066,0.012,1.85345685,0.55897905,10.62060195,-5.96999979019,-1.35352027416,17.3699989319,16.3368053436,-25.2188930511,15.0488300323,-6.48943281174,-5.96008491516,97806.1767578,-7.60999965668,-342.510986328,False
3.9000000000000004,-0.176,-0.023,0.018,1.89268345,0.48052585,10.07142955,-5.2999997139,-1.35352027416,17.3699989319,16.3368053436,-25.2188930511,14.7720937729,-6.56264829636,-6.01583051682,97796.9665527,-8.19999980927,-342.510986328,False
4.0,-0.109,-0.064,0.046,1.9024901,0.44129925,9.93413645,-4.48999977112,-1.35352027416,17.3699989319,16.3368053436,-25.2188930511,14.7310647964,-6.57715320587,-6.01847648621,97791.0583496,-8.80999946594,-295.81451416,False
4.1000000000000005,-0.058,-0.131,0.055,1.83384355,0.53936575,10.198916,-3.67999982834,-1.35352027416,17.3699989319,16.3368053436,-25.2188930511,14.3519277573,-6.70254278183,-6.09543132782,97781.2255859,-9.40999984741,-295.81451416,False
4.2,-0.062,-0.045,0.031,1.9809433,0.22555295,9.7870367,-2.74000000954,-1.35352027416,17.3699989319,16.3368053436,-25.2188930511,14.1382875443,-6.76737833023,-6.13432884216,97772.479248,-10.0100002289,-273.153320312,False
4.3,-0.271,-0.115,0.099,2.16726965,0.46091255,11.60126695,-1.97999989986,-4.45330619812,17.3799991608,17.8903064728,-26.4135513306,13.9841470718,-6.81766700745,-6.19299888611,97771.3195801,-10.6199998856,-273.153320312,False
4.4,-0.347,-0.138,0.139,2.3928226,0.77472535,13.0820711,-0.839999973774,-4.45330619812,17.3899993896,17.8903064728,-26.4135513306,13.4955444336,-7.00792837143,-6.5532989502,97757.9406738,-11.2399997711,-233.327667236,False
4.5,-0.141,-0.066,0.078,2.2751428,0.95124505,12.7290317,0.659999966621,-4.45330619812,17.3999996185,17.8903064728,-26.4135513306,13.1384420395,-7.1942243576,-6.74504995346,97753.4057617,-11.8800001144,-233.327667236,False
4.6000000000000005,0.0,-0.002,0.005,2.22610955,0.99047165,10.8853815,2.25999999046,-8.61490535736,17.3999996185,19.277425766,-28.3991394043,12.7723083496,-7.4035487175,-6.83309078217,97745.526123,-12.5399999619,-205.798919678,False
4.7,0.006,-0.018,-0.069,2.24572285,0.46091255,11.13054775,3.66999983788,-8.61490535736,17.3899993896,19.277425766,-28.3991394043,12.4875307083,-7.54086828232,-6.91171550751,97742.2607422,-13.2100000381,-205.798919678,False
4.800000000000001,0.232,-0.026,-0.028,2.2751428,0.1765197,9.89490985,4.90000009537,-8.61490535736,17.3899993896,19.277425766,-28.3991394043,12.3045482635,-7.62151384354,-6.90687179565,97727.6062012,-13.9099998474,-150.595672607,False
4.9,0.396,-0.044,0.001,2.2555295,0.0588399,9.4339973,5.77999973297,-8.61490535736,15.1199998856,19.277425766,-28.3991394043,12.0387105942,-7.69671344757,-6.90137243271,97723.5290527,-14.5999994278,-150.595672607,False
5.0,0.347,-0.07,0.089,2.36340265,0.24516625,10.4735022,6.52999973297,-8.61490535736,12.7999992371,19.277425766,-28.3991394043,11.8649377823,-7.72965574265,-6.92106103897,97717.0043945,-15.279999733,-108.410263062,False
5.1000000000000005,0.347,0.025,0.105,2.01036325,0.3138128,9.16921775,7.14999961853,-2.79548883438,10.4899997711,20.2339553833,-28.867559433,11.6402101517,-7.74181175232,-6.79143428802,97705.8044434,-15.9699993134,-108.410263062,False
5.2,0.329,0.076,0.096,1.7455837,0.28439285,7.85512665,7.60999965668,-2.79548883438,8.36999988556,20.2339553833,-28.867559433,11.5092430115,-7.72749710083,-6.63485145569,97702.3864746,-16.6499996185,-86.890411377,False
5.300000000000001,0.2,0.078,0.079,1.4513842,0.1372931,9.1397978,7.85999965668,-2.79548883438,6.35999965668,20.2339553833,-28.867559433,11.3058176041,-7.65939855576,-6.52822303772,97679.9499512,-17.2999992371,-86.890411377,False
5.4,0.267,0.152,0.087,0.9610517,0.69627215,6.9234949,8.03999996185,-2.79548883438,4.32999992371,20.2339553833,-28.867559433,11.149471283,-7.61499071121,-6.26232481003,97673.1079102,-17.9499988556,-53.2802581787,False
5.5,0.199,0.184,0.026,0.85317855,0.784532,5.6290171,8.30999946594,3.64039087296,2.50999999046,17.3851661682,-31.7201976776,11.0148887634,-7.6073217392,-5.8548412323,97664.0319824,-18.5699996948,-53.2802581787,False
5.6000000000000005,0.059,0.228,-0.017,0.8237586,0.69627215,5.73689025,8.64999961853,3.64039087296,0.839999973774,17.3851661682,-31.7201976776,10.9649839401,-7.60769128799,-5.66834783554,97651.763916,-19.7199993134,-30.8876037598,False
5.7,0.014,0.19,-0.063,0.7060788,0.61781895,5.38385085,8.88000011444,3.64039087296,-0.680000007153,17.3851661682,-31.7201976776,10.781047821,-7.57420921326,-4.96368312836,97641.8151855,-19.7199993134,-30.8876037598,False
5.800000000000001,0.102,0.229,-0.088,0.53936575,0.5295591,6.7469752,13.5,3.64039087296,-2.1099998951,17.3851661682,-31.7201976776,10.6710796356,-7.52155733109,-4.59945058823,97631.0424805,-20.2199993134,1.45788192749,False
5.9,0.018,0.275,-0.117,0.44129925,0.18632635,5.4328841,13.529999733,3.64039087296,-3.48000001907,17.3851661682,-31.7201976776,10.5977678299,-7.4593873024,-4.14655351639,97619.7814941,-20.7099990845,0.457859039307,False
6.0,0.112,0.262,-0.101,0.4118793,0.16671305,6.50180895,17.6599998474,6.00114536285,-4.67999982834,10.5597000122,-30.2713737488,10.530749321,-7.37793636322,-3.78693842888,97618.0419922,-21.1399993896,16.7611122131,False
6.1000000000000005,0.231,0.298,-0.043,0.3138128,0.14709975,6.46258235,17.4699993134,6.00114536285,-5.85999965668,10.5597000122,-30.2713737488,10.4730110168,-7.27206325531,-3.34147071838,97609.1552734,-21.5499992371,17.7612304688,False
6.2,0.239,0.323,-0.027,0.3138128,0.22555295,4.511059,17.2199993134,6.00114536285,-6.88999986649,10.5597000122,-30.2713737488,10.4605503082,-7.23104000092,-2.89165639877,97603.4057617,-21.9300003052,34.9123001099,False
6.300000000000001,0.258,0.289,-0.025,0.1176798,0.24516625,4.8248718,44.6100006104,6.00114536285,-7.69999980927,10.5597000122,-30.2713737488,10.4491271973,-7.16909980774,-2.34219861031,97599.9023438,-22.2699985504,34.9123001099,False
6.4,0.652,0.328,-0.084,0.10787315,0.36284605,4.56009225,44.6499977112,6.00114536285,-8.35999965668,10.5597000122,-30.2713737488,10.4496231079,-7.14559078217,-2.12864756584,97592.7246094,-22.5499992371,47.5662231445,False
6.5,0.822,0.276,-0.13,0.10787315,0.4118793,4.8052585,44.7599983215,13.981546402,-8.84000015259,3.02180123329,-30.5074634552,10.4805049896,-6.9942984581,-1.3000856638,97589.7155762,-22.7899990082,47.5662231445,False
6.6000000000000005,0.834,0.225,-0.158,-0.02941995,0.3530394,5.1975245,44.7700004578,13.981546402,-9.17000007629,3.02180123329,-30.5074634552,10.5403909683,-6.85075378418,-0.809982717037,97589.9414062,-22.9699993134,54.4973373413,False
6.7,0.756,0.217,-0.182,-0.06864655,0.53936575,5.6682437,44.75,13.981546402,-9.38999938965,3.02180123329,-30.5074634552,10.6577014923,-6.63776540756,-0.240816652775,97585.7116699,-23.109998703,54.4973373413,False
6.800000000000001,0.6,0.248,-0.202,0.0,0.6864655,5.95263655,44.7000007629,31.0995788574,-9.51999950409,-3.03188252449,-29.2702045441,10.7617464066,-6.47218036652,0.129691138864,97581.8237305,-23.1999988556,59.8557472229,False
6.9,0.446,0.167,-0.232,-0.08825985,0.51975245,6.0997363,44.6100006104,31.0995788574,-9.55000019073,-3.03188252449,-29.2702045441,10.8485116959,-6.33593416214,0.409973472357,97581.0302734,-23.25,59.8557472229,False
7.0,0.391,0.105,-0.235,-0.0784532,0.7453054,6.0212831,44.5299987793,31.0995788574,-9.46000003815,-3.03188252449,-29.2702045441,11.0772237778,-6.00232076645,1.05569934845,97585.0769043,-23.25,63.0061149597,False
7.1000000000000005,0.284,0.086,-0.267,-0.0392266,0.9218251,5.69766365,44.4199981689,31.0995788574,-9.30000019073,-3.03188252449,-29.2702045441,11.2465620041,-5.767973423,1.53491067886,97585.7727051,-23.2099990845,63.0061149597,False
7.2,0.188,-0.05,-0.367,-0.06864655,0.93163175,6.7469752,44.3699989319,31.0995788574,-9.01999950409,-3.03188252449,-29.2702045441,11.321100235,-5.67238712311,1.72627866268,97584.6008301,-23.1199989319,53.7092208862,False
7.300000000000001,0.113,-0.093,-0.405,-0.0588399,0.85317855,6.8842683,44.1800003052,39.9156417847,-8.63999938965,-9.45475578308,-23.9034786224,11.664940834,-5.18485832214,2.39780473709,97587.2253418,-22.9899997711,53.7092208862,False
7.4,0.06,-0.142,-0.419,-0.14709975,0.6276256,7.2176944,44.0400009155,39.9156417847,-8.19999980927,-9.45475578308,-23.9034786224,11.7597570419,-5.04618024826,2.5527009964,97591.2963867,-22.6000003815,40.1082992554,False
7.5,0.134,-0.193,-0.414,0.06864655,0.784532,8.4533323,43.9500007629,39.9156417847,-7.69000005722,-9.45475578308,-23.9034786224,12.25644207,-4.28401517868,3.11816596985,97593.6950684,-22.6000003815,40.1082992554,False
7.6000000000000005,0.183,-0.235,-0.421,0.0980665,0.5491724,9.62032365,43.8999977112,39.9156417847,-7.11999988556,-9.45475578308,-23.9034786224,12.5194654465,-3.85232210159,3.27807307243,97599.8046875,-22.359998703,19.2157745361,False
7.7,0.117,-0.271,-0.369,0.18632635,0.61781895,10.79712165,43.8499984741,41.5162887573,-6.57999992371,-11.7204761505,-14.7738218307,12.9124240875,-3.11807632446,3.47905302048,97603.6682129,-22.0900001526,19.2157745361,False
7.800000000000001,0.058,-0.257,-0.328,0.1569064,0.67665885,10.5715687,43.8400001526,41.5162887573,-5.98000001907,-11.7204761505,-14.7738218307,13.094121933,-2.75520920753,3.57342934608,97604.1320801,-21.7999992371,12.8102302551,False
7.9,0.02,-0.248,-0.311,0.1569064,0.73549875,10.79712165,43.7799987793,41.5162887573,-5.35999965668,-11.7204761505,-14.7738218307,13.5041046143,-1.86742544174,3.78448033333,97612.3352051,-21.5,12.8102302551,False
8.0,0.001,-0.165,-0.315,0.2353596,0.85317855,10.4146623,43.719997406,41.5162887573,-4.69000005722,-11.7204761505,-14.7738218307,13.7175559998,-1.37644839287,3.91932749748,97616.7114258,-21.1800003052,-41.540813446,False
8.1,-0.055,-0.192,-0.321,0.18632635,0.6864655,10.787315,43.6599998474,41.5162887573,-3.97000002861,-11.7204761505,-14.7738218307,14.0189208984,-0.611471116543,4.09746265411,97619.7143555,-20.8500003815,-41.540813446,False
8.200000000000001,0.018,-0.252,-0.325,0.18632635,0.8825985,11.11093445,43.6599998474,40.7070579529,-3.17999982834,-13.1513195038,-4.13133001328,14.1203622818,-0.350325495005,4.1331205368,97629.6203613,-20.1399993896,-83.9781799316,False
8.3,-0.042,-0.324,-0.327,0.34323275,1.06892485,12.89574475,43.7000007629,40.7070579529,-2.44000005722,-13.1513195038,-4.13133001328,14.4752540588,0.707040965557,4.10184049606,97634.6557617,-20.1399993896,-83.9781799316,False
8.4,-0.031,-0.305,-0.351,0.4511059,1.10815145,13.46453045,43.7399978638,40.7070579529,-1.00999999046,-13.1513195038,-4.13133001328,14.6555862427,1.34128522873,4.04211807251,97638.659668,-19.7700004578,-110.001083374,False
8.5,-0.021,-0.337,-0.356,0.2941995,0.6864655,12.54270535,43.7700004578,38.8936157227,-1.01999998093,-12.4592685699,5.5720911026,14.859787941,2.27040195465,3.99807906151,97645.7641602,-19.4099998474,-110.001083374,False
8.6,0.064,-0.398,-0.352,0.3530394,0.79433865,13.46453045,43.8699989319,38.8936157227,-0.259999990463,-12.4592685699,5.5720911026,14.9928798676,3.10123467445,3.89162611961,97648.046875,-19.0499992371,-163.312438965,False
8.700000000000001,0.095,-0.425,-0.321,0.48052585,0.83356525,15.4356671,43.9899978638,38.8936157227,0.42999997735,-12.4592685699,5.5720911026,15.0746793747,4.03331899643,3.68268918991,97655.3039551,-18.6999988556,-163.312438965,False
8.8,0.125,-0.449,-0.283,0.4511059,0.89240515,14.7884282,44.1199989319,38.8936157227,1.04999995232,-12.4592685699,5.5720911026,15.0857868195,4.94035482407,3.49775671959,97660.5895996,-18.3699989319,-211.086181641,False
8.9,-0.109,-0.483,-0.244,0.51975245,0.79433865,15.11204765,44.3299980164,39.1382217407,1.64999997616,-9.82534980774,15.6504478455,15.0680150986,5.30608415604,3.41431760788,97666.8640137,-18.0499992371,-211.086181641,False
9.0,-0.164,-0.542,-0.217,0.8629852,1.12776475,17.2204774,44.469997406,39.1382217407,2.1099998951,-9.82534980774,15.6504478455,14.9205265045,6.86265182495,2.85355210304,97671.7468262,-17.7600002289,-225.446792603,False
9.1,-0.002,-0.485,-0.248,1.10815145,1.2356379,17.75984315,44.5900001526,39.1382217407,2.47000002861,-9.82534980774,15.6504478455,14.6849031448,8.04094791412,2.28131008148,97676.159668,-17.4899997711,-225.446792603,False
9.200000000000001,0.06,-0.465,-0.27,1.06892485,1.0591182,17.66177665,44.6599998474,39.1382217407,2.67999982834,-9.82534980774,15.6504478455,14.4652042389,8.79968643188,1.88555169106,97682.0068359,-17.2799987793,-263.928131104,False
9.3,0.069,-0.361,-0.302,0.73549875,1.2356379,16.79879145,44.6899986267,37.3852310181,2.81999993324,-4.14916467667,27.1175308228,14.1096343994,9.69483089447,1.48726034164,97681.3598633,-17.1000003815,-263.928131104,False
9.4,0.087,-0.355,-0.312,0.79433865,0.99047165,15.9652262,44.719997406,37.3852310181,2.90999984741,-4.14916467667,27.1175308228,13.7192926407,10.5086193085,1.15151417255,97685.1013184,-16.9799995422,-279.415222168,False
9.5,0.107,-0.309,-0.333,0.5295591,1.0395049,13.97447625,44.7299995422,37.3852310181,3.00999999046,-4.14916467667,27.1175308228,13.2904930115,11.230638504,0.983100950718,97689.4897461,-16.8799991608,-279.415222168,False
9.600000000000001,0.151,-0.235,-0.352,0.53936575,0.69627215,12.32695905,44.7299995422,37.3852310181,3.14999985695,-4.14916467667,27.1175308228,13.0415620804,11.6074094772,0.943951368332,97691.6381836,-16.8199996948,-309.519866943,False
9.700000000000001,0.17,-0.354,-0.305,0.8041453,0.63743225,15.19050085,44.7399978638,39.8329238892,3.32999992371,-2.70877695084,38.3101844788,12.313167572,12.6210813522,0.686547875404,97686.8652344,-16.7600002289,-309.519866943,False
9.8,0.15,-0.304,-0.285,0.63743225,0.95124505,14.2980957,44.75,39.8329238892,3.36999988556,-2.70877695084,38.3101844788,11.8774194717,13.1787691116,0.571458339691,97689.1296387,-16.7199993134,-317.04473877,False
9.9,-0.049,-0.37,-0.266,0.8629852,0.91201845,14.3961622,44.7700004578,41.0289955139,3.39999985695,-1.45445454121,44.9141731262,11.163977623,13.9832334518,0.37580871582,97690.5456543,-16.6800003052,-317.04473877,False
10.0,0.05,-0.339,-0.272,0.7649187,0.77472535,14.17060925,44.7700004578,41.0289955139,3.40999984741,-1.45445454121,44.9141731262,11.0357685089,14.1168680191,0.33738091588,97691.6870117,-16.6599998474,-334.735778809,False
10.100000000000001,0.062,-0.245,-0.296,0.6864655,0.8433719,12.552512,44.7700004578,41.0289955139,3.48000001907,-1.45445454121,44.9141731262,9.8569726944,15.1971998215,0.247301369905,97693.0786133,-16.6499996185,-334.735778809,False
10.200000000000001,0.006,-0.364,-0.309,0.6472389,0.8825985,13.1212977,44.7700004578,41.0289955139,3.56999993324,-1.45445454121,44.9141731262,9.33170032501,15.6149406433,0.16928987205,97694.7875977,-16.6499996185,-340.604125977,False
10.3,0.079,-0.424,-0.343,0.61781895,1.0983448,14.46480875,44.7700004578,41.0289955139,3.62999987602,-1.45445454121,44.9141731262,8.74630355835,16.0190811157,0.0560878068209,97696.3562012,-16.6399993896,-340.604125977,False
10.4,0.124,-0.433,-0.359,0.91201845,0.97085835,15.2003075,44.7700004578,42.9286689758,3.59999990463,0.194935515523,56.2718696594,7.78192901611,16.6449165344,-0.174039587379,97695.8984375,-16.6499996185,-345.255004883,False
10.5,0.093,-0.183,-0.372,0.83356525,0.8433719,13.4743371,44.7700004578,42.9286689758,3.51999998093,0.194935515523,56.2718696594,6.96055984497,17.1057281494,-0.307110130787,97694.9768066,-16.6599998474,-345.255004883,False
10.600000000000001,0.079,-0.142,-0.37,0.6276256,0.97085835,11.99353295,44.7700004578,42.9286689758,3.47000002861,0.194935515523,56.2718696594,6.26413297653,17.4749069214,-0.237074375153,97694.4335938,-16.6999988556,-330.860046387,False
10.700000000000001,0.059,-0.23,-0.366,0.69627215,0.83356525,11.01286795,44.7700004578,42.9286689758,3.57999992371,0.194935515523,56.2718696594,5.86280059814,17.6694908142,-0.156310886145,97694.7143555,-16.7199993134,-330.860046387,False
10.8,0.061,-0.449,-0.339,0.69627215,0.784532,12.8270982,44.7700004578,42.9286689758,3.72000002861,0.194935515523,56.2718696594,4.78672933578,18.153678894,-0.0805126130581,97698.3520508,-16.7399997711,-332.028869629,False
10.9,0.087,-0.437,-0.328,0.8629852,0.81395195,14.1608026,44.7799987793,45.8533248901,3.80999994278,-0.855313301086,69.1559677124,3.87799930573,18.5030384064,-0.119007796049,97692.6147461,-16.75,-332.028869629,False
11.0,0.071,-0.409,-0.307,1.18660465,0.8433719,15.87696635,44.7700004578,45.8533248901,3.88999986649,-0.855313301086,69.1559677124,2.65013861656,18.919254303,-0.291613548994,97698.0163574,-16.75,-334.124664307,False
11.100000000000001,0.073,-0.362,-0.28,1.06892485,0.980665,14.9257213,44.7700004578,45.8533248901,3.8599998951,-0.855313301086,69.1559677124,1.84486472607,19.1278514862,-0.368057966232,97695.3552246,-16.7600002289,-334.124664307,False
11.200000000000001,-0.069,-0.351,-0.254,1.2160246,0.99047165,14.42558215,44.7700004578,45.8533248901,3.83999991417,-0.855313301086,69.1559677124,1.06856656075,19.3226642609,-0.412541478872,97697.7233887,-16.7700004578,-322.848022461,False
11.3,-0.138,-0.308,-0.261,1.04931155,1.1375714,13.4743371,44.7700004578,47.4191322327,3.83999991417,0.60112118721,79.9045181274,0.155243948102,19.4957904816,-0.439400911331,97699.21875,-16.7999992371,-322.848022461,False
11.4,-0.043,-0.327,-0.309,1.0198916,1.20621795,14.1411893,44.7599983215,47.4191322327,3.8599998951,0.60112118721,79.9045181274,-0.788882791996,19.6323490143,-0.493617862463,97699.6765137,-16.8199996948,-319.123748779,False
11.5,-0.033,-0.393,-0.341,1.02969825,0.97085835,13.75872995,44.7599983215,47.4191322327,3.88999986649,0.60112118721,79.9045181274,-1.53992021084,19.704000473,-0.514474213123,97695.6054688,-16.8500003815,-319.123748779,False
11.600000000000001,-0.027,-0.297,-0.325,0.8629852,1.176798,13.6508568,44.7700004578,47.1217536926,3.89999985695,0.949624598026,89.3671340942,-2.87411141396,19.7511692047,-0.555223405361,97695.324707,-16.8799991608,-320.341766357,False
11.700000000000001,0.01,-0.232,-0.345,0.8433719,1.0002783,13.07226445,44.7700004578,47.1217536926,3.94999980927,0.949624598026,89.3671340942,-3.96274495125,19.7267532349,-0.528739571571,97697.0825195,-16.9099998474,-320.341766357,False
11.8,0.031,-0.331,-0.358,0.9414384,1.0591182,13.2978174,44.7700004578,47.1217536926,3.99000000954,0.949624598026,89.3671340942,-4.88677835464,19.6679439545,-0.517528355122,97698.059082,-16.9499988556,-323.336120605,False
11.9,0.027,-0.365,-0.356,0.8629852,1.06892485,13.91563635,44.7700004578,47.1217536926,4.0499997139,0.949624598026,89.3671340942,-5.67264461517,19.5650634766,-0.552701413631,97694.2504883,-16.9799995422,-323.336120605,False
12.0,0.067,-0.342,-0.353,1.04931155,1.0002783,13.3174307,44.7700004578,48.4416389465,4.06999969482,0.0846229493618,100.159446716,-6.6122045517,19.4274902344,-0.544801533222,97690.9912109,-17.0100002289,-333.405212402,False
12.100000000000001,0.06,-0.411,-0.372,1.0198916,1.1375714,14.68055505,44.7700004578,48.4416389465,4.13999986649,0.0846229493618,100.159446716,-6.99071455002,19.3582706451,-0.543335616589,97690.9912109,-17.0399990082,-333.405212402,False
12.200000000000001,-0.09,-0.361,-0.351,1.16699135,0.77472535,13.5135637,44.7700004578,48.4416389465,4.11999988556,0.0846229493618,100.159446716,-8.60190677643,18.9847126007,-0.559418976307,97700.8361816,-17.0799999237,-326.607421875,False
12.3,-0.172,-0.452,-0.325,1.1571847,0.7649187,13.66066345,44.7700004578,48.4416389465,4.13000011444,0.0846229493618,100.159446716,-9.54100704193,18.693025589,-0.517431139946,97696.295166,-17.1499996185,-322.443115234,False
12.4,-0.214,-0.485,-0.303,1.32389775,0.83356525,14.7492016,44.7599983215,48.4416389465,4.15000009537,0.0846229493618,100.159446716,-10.3462667465,18.4002761841,-0.570580005646,97692.0471191,-17.1499996185,-322.443115234,False
12.5,-0.021,-0.432,-0.279,1.0787315,1.02969825,14.95514125,44.75,47.6290893555,4.13000011444,1.04522442818,115.09197998,-11.3196144104,17.9764652252,-0.671498417854,97696.9482422,-17.1800003052,-322.443115234,False
12.600000000000001,0.061,-0.428,-0.286,1.14737805,1.0983448,15.5337336,44.7299995422,47.6290893555,4.11000013351,1.04522442818,115.09197998,-12.664434433,17.2611274719,-0.847706675529,97694.342041,-17.2199993134,-327.985473633,False
12.700000000000001,-0.056,-0.369,-0.29,1.06892485,1.2356379,15.05320775,44.719997406,47.6290893555,4.00999975204,1.04522442818,115.09197998,-13.5690670013,16.7037601471,-0.933569669724,97694.4213867,-17.2700004578,-327.985473633,False
12.8,-0.126,-0.404,-0.289,1.18660465,0.83356525,13.4743371,44.719997406,48.2339515686,3.90999984741,2.29241037369,124.255157471,-14.2233839035,16.2637996674,-0.94549870491,97691.4733887,-17.3299999237,-330.744842529,False
12.9,-0.107,-0.312,-0.298,1.0983448,0.8825985,14.0235095,44.719997406,48.2339515686,3.83999991417,2.29241037369,124.255157471,-15.1334199905,15.5829000473,-0.932368636131,97689.0991211,-17.3999996185,-330.744842529,False
13.0,-0.074,-0.261,-0.297,0.9610517,1.06892485,12.52309205,44.719997406,48.2339515686,3.78999996185,2.29241037369,124.255157471,-15.8292665482,15.0120782852,-0.900454103947,97688.104248,-17.4699993134,-318.994232178,False
13.100000000000001,0.005,-0.425,-0.329,0.97085835,1.0983448,12.81729155,43.75,48.2339515686,3.76999998093,2.29241037369,124.255157471,-15.9688148499,14.8793153763,-0.900624036789,97687.0056152,-17.5399990082,-318.994232178,False
13.200000000000001,-0.037,-0.368,-0.359,1.08853815,1.2160246,13.18994425,40.719997406,47.9554824829,3.74000000954,2.70470547676,135.224227905,-17.0267791748,13.8400011063,-0.896959364414,97685.3515625,-17.609998703,-326.167205811,False
13.3,-0.12,-0.338,-0.36,1.0198916,1.08853815,13.9450563,37.0799980164,47.9554824829,3.65999984741,2.70470547676,135.224227905,-17.8044090271,12.9606609344,-0.931877195835,97683.026123,-17.6700000763,-326.167205811,False
13.4,-0.193,-0.341,-0.341,0.9610517,1.0198916,13.7096967,32.7000007629,47.9554824829,3.54999995232,2.70470547676,135.224227905,-18.3911705017,12.221414566,-0.956113755703,97683.4594727,-17.7399997711,-321.051513672,False
13.5,-0.235,-0.314,-0.315,0.97085835,0.8041453,14.07254275,27.7799987793,47.9554824829,3.4399998188,2.70470547676,135.224227905,-18.824962616,11.6045913696,-1.00589668751,97685.3637695,-17.8099994659,-321.051513672,False
13.600000000000001,-0.307,-0.34,-0.278,0.89240515,0.91201845,13.7489233,22.1299991608,44.4538078308,3.25999999046,2.73719882965,147.181045532,-19.3192253113,10.8507566452,-1.06377887726,97681.7565918,-17.8899993896,-324.914825439,False
13.700000000000001,-0.464,-0.414,-0.285,0.91201845,1.0787315,14.36674225,16.1999988556,44.4538078308,3.04999995232,2.73719882965,147.181045532,-19.7429180145,10.0766534805,-1.20204150677,97676.5380859,-17.9699993134,-324.914825439,False
13.8,-0.528,-0.404,-0.299,0.83356525,1.0983448,15.09243435,9.63999938965,39.2373046875,2.73000001907,4.06764936447,147.181045532,-20.1182117462,9.27280712128,-1.42571771145,97677.4902344,-18.0599994659,-321.327880859,False
13.9,-0.569,-0.24,-0.311,0.53936575,1.24544455,14.62171515,2.91999983788,39.2373046875,2.30999994278,4.06764936447,153.174499512,-20.3460063934,8.66847038269,-1.60228312016,97673.9257812,-18.1800003052,-321.327880859,False
14.0,-0.649,-0.204,-0.31,0.26477955,1.16699135,12.6898051,-3.24000000954,39.2373046875,1.83999991417,4.06764936447,153.174499512,-20.5845928192,7.82105255127,-1.78614997864,97672.3632812,-18.3199996948,-316.829772949,False
14.100000000000001,-0.89,-0.101,-0.306,0.22555295,1.1571847,12.26811915,-8.63000011444,39.2373046875,1.37000000477,4.06764936447,153.174499512,-20.6724853516,7.39890432358,-1.90051102638,97667.199707,-18.4799995422,-316.829772949,False
14.200000000000001,-0.886,-0.048,-0.319,0.26477955,0.87279185,11.8464332,-13.3899993896,27.0885334015,0.829999983311,3.57220506668,159.756210327,-20.7314071655,6.91827011108,-1.97372233868,97664.9597168,-18.6700000763,-297.647369385,False
14.3,-0.812,-0.037,-0.288,-0.04903325,0.4511059,10.2969825,-17.3400001526,27.0885334015,0.340000003576,3.57220506668,159.756210327,-20.7393321991,6.71228933334,-1.98350512981,97661.505127,-18.859998703,-297.647369385,False
14.4,-0.816,-0.105,-0.216,-0.1569064,0.30400615,10.65982855,-20.7199993134,15.5684108734,-0.129999995232,2.99483394623,163.845672607,-20.703748703,6.33222389221,-2.02138614655,97658.5205078,-19.0699996948,-279.362213135,False
14.5,-0.779,-0.094,-0.136,-0.30400615,0.1765197,10.36562905,-23.5599994659,15.5684108734,-0.610000014305,2.99483394623,163.845672607,-20.6439094543,6.1819229126,-2.04753828049,97655.1208496,-19.2799987793,-279.362213135,False
14.600000000000001,-0.785,-0.101,-0.078,-0.30400615,0.0784532,10.73828175,-25.8400001526,15.5684108734,-1.07999992371,2.99483394623,163.845672607,-20.5691547394,6.06259202957,-2.09029364586,97651.7150879,-19.4899997711,-262.650390625,False
14.700000000000001,-0.709,-0.145,-0.019,-0.30400615,0.1372931,11.4933938,-27.7099990845,15.5684108734,-1.61000001431,2.99483394623,163.845672607,-20.3781337738,5.9647769928,-2.26426720619,97640.8752441,-19.6999988556,-262.650390625,False
14.8,-0.682,-0.14,0.012,-0.34323275,0.1372931,11.24822755,-29.0999984741,15.5684108734,-2.20000004768,2.99483394623,163.845672607,-20.2456645966,5.96810770035,-2.34462428093,97645.5200195,-19.9300003052,-262.782012939,False
14.9,-0.705,-0.1,0.088,-0.2549729,0.30400615,11.0619012,-30.1599998474,-1.78347527981,-2.77999997139,5.1707611084,165.513671875,-20.0458259583,6.05078125,-2.43568706512,97641.607666,-20.1800003052,-262.782012939,False
15.0,-0.685,-0.104,0.104,-0.2353596,1.2982466817999999e-15,10.60098865,-30.75,-1.78347527981,-3.40999984741,5.1707611084,165.513671875,-19.8260040283,6.18147611618,-2.51064252853,97637.8601074,-20.4399986267,-227.363113403,False
15.100000000000001,-0.529,-0.085,0.155,-0.12748645,0.16671305,11.97391965,-31.1399993896,-1.78347527981,-4.0499997139,5.1707611084,165.513671875,-19.5671005249,6.417283535,-2.65432715416,97637.8723145,-20.7099990845,-227.363113403,False
15.200000000000001,-0.542,0.001,0.177,-0.16671305,0.392266,11.30706745,-31.0699996948,-1.78347527981,-4.75999975204,5.1707611084,165.513671875,-19.457649231,6.51826381683,-2.71012568474,97630.7556152,-21.2999992371,-196.401687622,False
15.3,-0.478,-0.019,0.164,-0.22555295,0.2157463,9.6301303,-30.8899993896,-1.78347527981,-5.44999980927,5.1707611084,165.513671875,-19.0276298523,6.99885797501,-2.69807076454,97628.503418,-21.2999992371,-196.401687622,False
15.4,-0.448,0.007,0.174,-0.28439285,0.2549729,9.2967042,-30.5499992371,-19.4142360687,-6.07999992371,5.98998260498,160.975540161,-18.7714061737,7.3013510704,-2.53979301453,97620.2087402,-21.6000003815,-166.945739746,False
15.5,-0.345,0.02,0.169,-0.30400615,0.44129925,8.56120545,-30.2999992371,-19.4142360687,-6.57999992371,5.98998260498,160.975540161,-18.461774826,7.67847537994,-2.24580836296,97619.4519043,-21.8899993896,-166.945739746,False
15.600000000000001,-0.292,0.024,0.151,-0.2353596,0.24516625,7.91396655,-29.9299983978,-19.4142360687,-6.98999977112,5.98998260498,160.975540161,-18.2723617554,7.92187547684,-2.00835633278,97614.453125,-22.1599998474,-142.670913696,False
15.700000000000001,-0.103,0.144,0.154,-0.2941995,0.10787315,7.2373077,-29.6899986267,-25.4487476349,-7.32999992371,3.58858942986,158.280899048,-18.0507850647,8.21593284607,-1.66839790344,97613.104248,-22.3999996185,-142.670913696,False
15.8,-0.014,0.089,0.181,-0.26477955,-0.0196133,7.52170055,-29.4299983978,-25.4487476349,-7.53999996185,3.58858942986,158.280899048,-17.8336009979,8.50737094879,-1.34222090244,97609.8876953,-22.6000003815,-116.800979614,False
15.9,-0.043,0.005,0.206,-0.196133,1.0436414121099999e-15,8.52197885,-29.1700000763,-25.4487476349,-7.69999980927,3.58858942986,158.280899048,-17.6050262451,8.82611274719,-1.08071601391,97607.1289062,-22.7699985504,-116.800979614,False
16.0,0.049,0.036,0.219,-0.12748645,-0.14709975,9.11037785,-28.7199993134,-25.7465400696,-7.81999969482,1.40292203426,155.66796875,-17.4293212891,9.07482337952,-0.887798190117,97606.1950684,-22.8999996185,-102.592559814,False
16.1,0.005,0.009,0.281,-0.3334261,0.0392266,8.11009955,-28.4099998474,-25.7465400696,-7.88999986649,1.40292203426,155.66796875,-17.3513622284,9.18732357025,-0.757025003433,97603.4057617,-23.0100002289,-102.592559814,False
16.2,-0.007,-0.004,0.277,-0.2549729,0.0588399,8.4729456,-28.0100002289,-25.7465400696,-7.82999992371,1.40292203426,155.66796875,-16.9572715759,9.73058795929,-0.240112006664,97604.5043945,-23.0799999237,-91.5101013184,False
16.3,-0.102,0.022,0.289,-0.32361945,0.06864655,7.9629998,-27.5900001526,-25.7465400696,-7.75,1.40292203426,155.66796875,-16.8736400604,9.84383964539,-0.103983551264,97604.1381836,-23.1299991608,-91.5101013184,False
16.400000000000002,-0.016,0.04,0.263,-0.2745862,-0.0196133,8.75733845,-27.0699996948,-26.0946331024,-7.58999967575,-2.03545427322,149.633499146,-16.4596290588,10.4175958633,0.321041971445,97603.9245605,-23.1399993896,-77.8794250488,False
16.5,0.059,-0.044,0.288,-0.3138128,0.0588399,9.4928372,-26.4599990845,-26.0946331024,-7.44000005722,-2.03545427322,149.633499146,-16.2137031555,10.7536230087,0.514606237411,97604.3579102,-23.1399993896,-77.8794250488,False
16.6,0.019,-0.041,0.286,-0.22555295,0.0784532,7.9433865,-25.7099990845,-26.0946331024,-7.25,-2.03545427322,149.633499146,-15.9905748367,11.0549373627,0.777079343796,97602.2583008,-23.109998703,-68.4628448486,False
16.7,-0.003,-0.091,0.281,-0.2941995,0.14709975,8.5710121,-25.1199989319,-26.0946331024,-6.96000003815,-2.03545427322,149.633499146,-15.7436170578,11.3797397614,0.986194491386,97603.1066895,-23.0599994659,-68.4628448486,False
16.8,-0.026,-0.067,0.27,-0.2157463,0.16671305,10.16949605,-24.2999992371,-26.0946331024,-6.63999986649,-2.03545427322,149.633499146,-15.521853447,11.678194046,1.06615030766,97606.9091797,-22.9799995422,-61.5361213684,False
16.900000000000002,-0.064,-0.067,0.272,-0.16671305,0.30400615,10.77750835,-23.1700000763,-25.2108669281,-6.39999961853,-4.19654607773,142.462142944,-15.1575317383,12.1421337128,1.14800179005,97607.1716309,-22.8999996185,-61.5361213684,False
17.0,-0.076,-0.103,0.263,-0.28439285,0.1372931,9.81645665,-21.8999996185,-25.2108669281,-6.11999988556,-4.19654607773,142.462142944,-14.9274463654,12.4264307022,1.24924647808,97608.0627441,-22.7999992371,-66.2983856201,False
17.1,-0.06,-0.151,0.212,-0.1176798,0.3138128,11.0815145,-20.6800003052,-25.2108669281,-5.7999997139,-4.19654607773,142.462142944,-14.5231227875,12.9041509628,1.28439939022,97612.7075195,-22.5900001526,-75.6459197998,False
17.2,-0.015,-0.174,0.215,-0.18632635,0.30400615,11.01286795,-19.0499992371,-25.2108669281,-5.52999973297,-4.19654607773,142.462142944,-14.2476053238,13.2097253799,1.27851200104,97611.505127,-22.5900001526,-75.6459197998,False
17.3,0.004,-0.098,0.211,-0.08825985,0.12748645,10.4146623,-17.3699989319,-25.0806465149,-5.28999996185,-4.10059738159,135.103088379,-13.8344688416,13.6410160065,1.33986151218,97618.1945801,-22.4799995422,-75.6459197998,False
17.400000000000002,0.063,-0.105,0.211,-0.1176798,0.24516625,10.48330885,-15.6300001144,-25.0806465149,-5.0,-4.10059738159,135.103088379,-13.5737075806,13.9015665054,1.39684307575,97616.6931152,-22.359998703,-79.5912780762,False
17.5,0.088,-0.043,0.213,-0.12748645,0.1372931,8.87501825,-14.0999994278,-25.0806465149,-4.67999982834,-4.10059738159,135.103088379,-13.2101392746,14.2259225845,1.57978856564,97620.880127,-22.2399997711,-79.5912780762,False
17.6,0.233,-0.057,0.229,-0.10787315,0.0784532,9.9243298,-12.5699996948,-25.0806465149,-4.23999977112,-4.10059738159,135.103088379,-13.1508483887,14.2818155289,1.60798287392,97620.4284668,-22.109998703,-94.2028961182,False
17.7,0.253,-0.123,0.243,-0.06864655,0.2353596,11.60126695,-10.8899993896,-22.8133125305,-3.89999985695,-4.46209383011,131.198425293,-12.6757793427,14.7078495026,1.56434392929,97621.0754395,-21.9599990845,-94.2028961182,False
17.8,0.269,-0.076,0.244,-0.02941995,0.16671305,11.52281375,-8.97999954224,-22.8133125305,-3.62999987602,-4.46209383011,131.198425293,-12.3091573715,15.0257701874,1.52687847614,97624.5910645,-21.6700000763,-102.879043579,False
17.900000000000002,0.217,-0.042,0.238,-0.196133,0.2549729,9.4536106,-7.51999998093,-22.8133125305,-3.27999997139,-4.46209383011,131.198425293,-12.0453147888,15.2171955109,1.61778783798,97627.2949219,-21.6700000763,-102.879043579,False
18.0,0.165,-0.131,0.244,-0.0784532,0.2353596,10.58137535,-6.06999969482,-17.3168964386,-2.8599998951,-4.55456542969,125.58127594,-11.7677955627,15.432390213,1.58823466301,97628.894043,-21.5200004578,-120.341400146,False
18.1,0.139,-0.162,0.235,0.0,0.2745862,11.81701325,-4.5,-17.3168964386,-2.54999995232,-4.55456542969,125.58127594,-11.6418437958,15.525803566,1.54168510437,97631.1096191,-21.3699989319,-120.341400146,False
18.2,0.084,-0.132,0.232,0.0588399,0.4118793,12.95458465,-2.67999982834,-17.3168964386,-2.30999994278,-4.55456542969,125.58127594,-11.1305866241,15.8814334869,1.22221755981,97633.2702637,-21.2199993134,-127.425857544,False
18.3,0.155,-0.073,0.206,0.0,0.5687857,12.2975391,-0.799999952316,-14.777472496,-2.13999986649,-3.41154980659,120.994003296,-10.7514066696,16.1092357635,1.02531337738,97637.2741699,-21.1000003815,-127.425857544,False
18.400000000000002,0.204,-0.149,0.144,-0.0196133,0.392266,12.0033396,0.979999959469,-14.777472496,-2.0,-3.41154980659,120.994003296,-10.5229072571,16.2370815277,0.887942910194,97635.723877,-21.0,-147.407440186,False
18.5,0.214,-0.177,0.133,0.0392266,0.5491724,12.46425215,2.6099998951,-14.777472496,-1.90999996662,-3.41154980659,120.994003296,-10.1749105453,16.4024429321,0.620081543922,97638.5864258,-20.9200000763,-147.407440186,False
18.6,0.24,-0.114,0.113,0.04903325,0.588399,12.5917386,4.30999994278,-14.777472496,-1.88999998569,-3.41154980659,120.994003296,-10.0130710602,16.4730701447,0.503244817257,97643.5546875,-20.859998703,-160.503677368,False
18.7,0.259,-0.033,0.085,-0.0196133,0.48052585,11.5326204,5.7999997139,-8.32294654846,-1.89999997616,-1.22487068176,116.278808594,-9.73438930511,16.5698947906,0.308811694384,97641.1376953,-20.8199996948,-160.503677368,False
18.8,0.247,0.016,0.081,-0.1372931,0.38245935,9.87529655,7.07999992371,-8.32294654846,-1.90999996662,-1.22487068176,116.278808594,-9.51457309723,16.6238059998,0.326693385839,97642.8710938,-20.7999992371,-164.15032959,False
18.900000000000002,0.207,-0.043,0.062,-0.1372931,0.7453054,9.77723005,8.07999992371,-8.32294654846,-1.78999996185,-1.22487068176,116.278808594,-9.36652851105,16.6489429474,0.339266628027,97643.3288574,-20.7700004578,-164.15032959,False
19.0,0.244,-0.055,0.007,-0.0392266,0.6668522,10.05181625,9.07999992371,-8.32294654846,-1.68999993801,-1.22487068176,116.278808594,-9.26845264435,16.6647434235,0.32705527544,97648.4191895,-20.75,-165.555099487,False
19.1,0.269,-0.13,-0.015,-0.1372931,0.40207265,10.60098865,9.97999954224,-8.32294654846,-1.59999990463,-1.22487068176,116.278808594,-9.0794878006,16.661272049,0.286169230938,97645.3186035,-20.7199993134,-165.555099487,False
19.200000000000003,0.357,-0.087,-0.021,-0.1372931,0.22555295,10.9442214,10.6399993896,-2.04485440254,-1.49000000954,0.0504702962935,115.112289429,-8.98146152496,16.623260498,0.172844320536,97645.1721191,-20.6899986267,-165.637115479,False
19.3,0.377,0.006,-0.002,-0.06864655,0.36284605,10.9638347,11.0500001907,-2.04485440254,-1.44999992847,0.0504702962935,115.112289429,-8.94125080109,16.5831794739,0.0977226272225,97641.7480469,-20.6599998474,-165.637115479,False
19.400000000000002,0.279,-0.017,0.003,-0.06864655,0.5491724,10.26756255,11.2899999619,-2.04485440254,-1.41999995708,0.0504702962935,115.112289429,-8.91538143158,16.5199508667,0.0896203294396,97647.479248,-20.6399993896,-164.898590088,False
19.5,0.229,-0.057,-0.006,-0.12748645,0.1176798,9.85568325,11.3800001144,-2.04485440254,-1.32999992371,0.0504702962935,115.112289429,-8.92702770233,16.4142227173,0.083102285862,97644.934082,-20.6299991608,-164.898590088,False
19.6,0.143,-0.057,-0.003,-0.1176798,0.4314926,11.1207411,11.2899999619,6.50069379807,-1.25999999046,1.1813826561,114.95022583,-8.9528837204,16.3357753754,0.0172794666141,97643.6157227,-20.6199989319,-169.768234253,False
19.700000000000003,0.035,0.035,0.005,-0.08825985,0.36284605,10.5323421,11.0500001907,6.50069379807,-1.25,1.1813826561,114.95022583,-8.99435806274,16.2371673584,-0.0610677301884,97644.3664551,-20.609998703,-169.768234253,False
19.8,0.021,-0.01,0.008,-0.02941995,0.53936575,10.5323421,10.7399997711,6.50069379807,-1.25,1.1813826561,114.95022583,-9.01511096954,16.1981258392,-0.0876676440239,97647.8271484,-20.609998703,-161.56149292,False
19.900000000000002,0.034,-0.042,0.002,-0.10787315,0.2941995,10.7284751,9.98999977112,6.50069379807,-1.25999999046,1.1813826561,114.95022583,-9.10536289215,16.0352306366,-0.159677416086,97648.7854004,-20.6199989319,-151.315216064,False
20.0,0.086,-0.067,0.019,-0.0784532,0.392266,10.48330885,9.98999977112,8.24850654602,-1.25,1.64212572575,114.61643219,-9.17908382416,15.9059658051,-0.228877007961,97645.1599121,-20.6199989319,-151.315216064,False
20.1,0.039,-0.092,0.013,0.0,0.6864655,11.20900095,9.5,8.24850654602,-1.28999996185,1.64212572575,114.61643219,-9.22106456757,15.8164272308,-0.324128806591,97648.0163574,-20.6399993896,-151.315216064,False
20.200000000000003,-0.06,0.008,-0.002,-0.0392266,0.85317855,10.52253545,9.05000019073,8.24850654602,-1.37999999523,1.64212572575,114.61643219,-9.2675819397,15.7063760757,-0.414493888617,97649.206543,-20.6599998474,-140.535644531,False
20.3,-0.047,-0.017,-0.055,-0.08825985,0.55897905,10.2381426,8.63999938965,8.24850654602,-1.4699999094,1.64212572575,114.61643219,-9.29389953613,15.622218132,-0.42242321372,97648.2116699,-20.6999988556,-140.535644531,False
20.400000000000002,-0.039,0.022,-0.087,-0.04903325,0.77472535,9.77723005,8.26999950409,8.45992660522,-1.5,2.27049970627,114.660217285,-9.3259267807,15.5040540695,-0.394118964672,97649.21875,-20.7299995422,-122.191329956,False
20.5,-0.059,0.077,-0.117,-0.1176798,0.4903325,9.34573745,7.92999982834,8.45992660522,-1.51999998093,2.27049970627,114.660217285,-9.36030960083,15.4085845947,-0.326058983803,97644.909668,-20.7600002289,-122.191329956,False
20.6,-0.061,-0.011,-0.126,-0.14709975,0.36284605,9.5909037,7.63999986649,8.45992660522,-1.48000001907,2.27049970627,114.660217285,-9.40810394287,15.3049898148,-0.253058344126,97647.5036621,-20.7899990082,-117.13571167,False
20.700000000000003,-0.025,-0.055,-0.116,0.0,0.4118793,9.8654899,7.21000003815,8.45992660522,-1.42999994755,2.27049970627,114.660217285,-9.42007064819,15.2759456635,-0.240647360682,97645.880127,-20.7999992371,-117.13571167,False
20.8,0.002,-0.061,-0.087,0.0784532,0.392266,11.0422879,6.78999996185,8.45992660522,-1.41999995708,2.27049970627,114.660217285,-9.47147274017,15.1997833252,-0.267238616943,97646.105957,-20.8099994659,-107.43951416,False
20.900000000000002,-0.044,-0.053,-0.066,0.02941995,0.44129925,11.05209455,6.27999973297,8.08531665802,-1.48000001907,1.67004561424,117.134162903,-9.56618309021,15.0309581757,-0.468511879444,97646.6003418,-20.8299999237,-107.43951416,False
21.0,-0.093,-0.079,-0.052,0.12748645,0.4118793,11.8660465,5.80999994278,8.08531665802,-1.58999991417,1.67004561424,117.134162903,-9.61610984802,14.9495420456,-0.613764166832,97643.4692383,-20.8500003815,-93.5540161133,False
21.1,-0.064,-0.039,-0.049,0.20593965,0.55897905,12.3171524,5.23999977112,8.08531665802,-1.77999997139,1.67004561424,117.134162903,-9.63154888153,14.9159440994,-0.705853521824,97645.7946777,-20.8999996185,-93.5540161133,False
21.200000000000003,0.052,-0.044,-0.033,0.28439285,0.4314926,12.20927925,4.69000005722,8.08531665802,-2.04999995232,1.67004561424,117.134162903,-9.73538398743,14.7387771606,-1.03921306133,97641.8884277,-20.9599990845,-81.0185394287,False
21.3,-0.027,-0.02,0.009,0.1765197,0.38245935,10.198916,4.13000011444,8.08531665802,-2.32999992371,1.67004561424,117.134162903,-9.77037239075,14.6678857803,-1.06838595867,97641.8395996,-21.0499992371,-81.0185394287,False
21.400000000000002,-0.035,0.023,0.02,0.24516625,0.32361945,10.1596894,3.67999982834,7.87130022049,-2.55999994278,2.95363426208,118.447746277,-9.8177728653,14.5861330032,-1.06106245518,97642.2729492,-21.1499996185,-75.5221405029,False
21.5,-0.069,0.099,0.008,0.10787315,0.20593965,9.5124505,3.17999982834,7.87130022049,-2.75,2.95363426208,118.447746277,-9.85109901428,14.5238389969,-0.995112061501,97638.1774902,-21.25,-75.5221405029,False
21.6,-0.066,0.124,0.026,0.1765197,0.40207265,9.38496405,2.76999998093,7.87130022049,-2.90999984741,2.95363426208,118.447746277,-9.86897850037,14.4977226257,-0.969416737556,97637.109375,-21.3500003815,-64.9182281494,False
21.700000000000003,-0.099,0.057,0.053,0.06864655,0.50013915,8.5513988,2.36999988556,7.0805683136,-3.01999998093,1.41477966309,117.615867615,-9.91068172455,14.4246587753,-0.784249186516,97633.8012695,-21.4499988556,-64.9182281494,False
21.8,-0.095,0.006,0.046,0.0,0.3530394,9.12999115,2.1099998951,7.0805683136,-3.09999990463,1.41477966309,117.615867615,-9.93294906616,14.3817539215,-0.700234472752,97634.7167969,-21.5200004578,-54.9733161926,False
21.900000000000002,-0.074,0.073,0.045,0.00980665,0.55897905,9.40457735,1.78999996185,7.0805683136,-3.19999980927,1.41477966309,117.615867615,-9.93948745728,14.3481903076,-0.639177262783,97632.1777344,-21.5900001526,-54.9733161926,False
22.0,-0.005,0.109,0.025,0.0,0.59820565,8.75733845,1.61000001431,5.95424318314,-3.25,0.120499268174,116.454399109,-9.94069099426,14.3241605759,-0.524161279202,97632.5866699,-21.6499996185,-42.4876213074,False
22.1,-0.089,0.142,-0.019,0.00980665,0.53936575,8.52197885,1.42999994755,5.95424318314,-3.26999998093,0.120499268174,116.454399109,-9.94488525391,14.316028595,-0.399218320847,97631.6833496,-21.6999988556,-42.4876213074,False
22.200000000000003,-0.159,0.121,-0.012,-0.02941995,0.5491724,7.63938035,1.32999992371,5.95424318314,-3.24000000954,0.120499268174,116.454399109,-9.95464801788,14.3093528748,-0.323209643364,97633.5205078,-21.7399997711,-46.8482017517,False
22.3,-0.194,0.051,-0.017,-0.0980665,0.4511059,7.6099604,1.22000002861,5.95424318314,-3.1099998951,0.120499268174,116.454399109,-9.94088935852,14.3250837326,0.123609676957,97633.2641602,-21.7600002289,-46.8482017517,False
22.400000000000002,-0.203,0.068,-0.008,-0.00980665,0.3138128,6.79600845,1.23000001907,5.95424318314,-2.88999986649,0.120499268174,116.454399109,-9.93358135223,14.3356599808,0.363390654325,97630.065918,-21.75,-37.6986503601,False
22.5,-0.043,0.037,0.002,-0.08825985,0.2353596,7.54131385,1.20999991894,2.82272696495,-2.58999991417,-2.13343834877,116.392211914,-9.92156791687,14.3469285965,0.525995790958,97632.3425293,-21.7199993134,-37.6986503601,False
22.6,-0.044,0.034,0.006,-0.0980665,0.2353596,8.2179727,1.27999997139,2.82272696495,-2.25,-2.13343834877,116.392211914,-9.91037368774,14.3717021942,0.797110319138,97633.1054688,-21.6499996185,-37.1098518372,False
22.700000000000003,-0.098,0.01,0.023,-0.0784532,0.30400615,9.56148375,1.31999993324,2.82272696495,-1.89999997616,-2.13343834877,116.392211914,-9.89629173279,14.3888645172,0.836080431938,97630.8410645,-21.5599994659,-37.1098518372,False
22.8,-0.067,-0.057,0.016,-0.04903325,0.6080123,10.01258965,1.45999991894,2.82272696495,-1.61000001431,-2.13343834877,116.392211914,-9.84127235413,14.4634714127,0.883322417736,97637.4267578,-21.4599990845,-33.6188316345,False
22.900000000000002,-0.118,-0.032,-0.016,-0.00980665,0.5491724,9.62032365,1.67999994755,1.37602901459,-1.32999992371,-2.28430819511,115.995925903,-9.79467868805,14.505566597,0.909555673599,97632.3913574,-21.359998703,-33.6188316345,False
23.0,-0.173,-0.027,-0.027,-0.00980665,0.6276256,9.20844435,2.07999992371,1.37602901459,-1.04999995232,-2.28430819511,115.995925903,-9.76920795441,14.5262012482,0.935621321201,97636.9445801,-21.2600002289,-35.9955787659,False
23.1,0.029,-0.032,-0.057,0.0196133,0.3138128,9.42419065,2.32999992371,1.37602901459,-0.699999988079,-2.28430819511,115.995925903,-9.72843074799,14.5645809174,1.027389884,97639.2578125,-21.1599998474,-34.9954605103,False
23.200000000000003,0.054,-0.071,-0.02,0.0588399,0.2353596,9.63993695,2.64999985695,0.918960094452,-0.370000004768,-1.75936257839,116.569908142,-9.65573596954,14.6529092789,1.07540023327,97636.5661621,-21.0499992371,-53.5411834717,False
23.3,-0.032,-0.102,-0.001,0.1372931,0.2549729,10.7480884,2.91999983788,0.918960094452,-0.0599999986589,-1.75936257839,116.569908142,-9.60951137543,14.7062473297,1.00189483166,97641.217041,-20.9399986267,-53.5411834717,False
23.400000000000002,-0.126,0.005,0.011,0.20593965,0.16671305,10.44408225,3.23000001907,0.918960094452,0.179999992251,-1.75936257839,116.569908142,-9.59157657623,14.7312688828,0.978065550327,97642.7185059,-20.8299999237,-50.6803512573,False
23.5,-0.036,-0.027,0.037,0.22555295,0.30400615,11.11093445,2.92999982834,0.918960094452,0.42999997735,-1.75936257839,116.569908142,-9.51464653015,14.8085851669,0.854385375977,97642.175293,-20.7299995422,-50.6803512573,False
23.6,-0.036,-0.027,0.037,0.22555295,0.30400615,11.11093445,3.42999982834,0.918960094452,0.610000014305,-1.75936257839,116.569908142,-9.46262836456,14.8627481461,0.724607169628,97644.7265625,-20.6399993896,-55.0216674805,False
23.700000000000003,0.076,0.027,0.037,0.2353596,0.50013915,10.77750835,3.0,0.191942647099,0.759999990463,-1.00303006172,115.675498962,-9.41103649139,14.9136075974,0.666713237762,97646.9970703,-20.5599994659,-55.0216674805,False
23.8,0.083,-0.104,0.049,0.196133,0.44129925,10.7677017,3.42999982834,0.191942647099,0.909999966621,-1.00303006172,115.675498962,-9.37022972107,14.9518127441,0.600557386875,97646.1914062,-20.5,-64.5849227905,False
23.900000000000002,0.117,-0.047,0.037,0.22555295,0.4118793,11.07170785,1.66999995708,0.191942647099,1.02999997139,-1.00303006172,115.675498962,-9.29751110077,15.0095834732,0.443110644817,97646.8566895,-20.4399986267,-64.5849227905,False
24.0,0.073,-0.042,0.036,0.2549729,0.36284605,11.179581,1.89999997616,0.191942647099,1.12000000477,-1.00303006172,115.675498962,-9.28485679626,15.0206480026,0.394856482744,97648.1750488,-20.3899993896,-60.7437133789,False
24.1,0.112,0.034,0.031,0.2353596,0.5687857,10.14988275,2.00999999046,0.191942647099,1.18999993801,-1.00303006172,115.675498962,-9.23336029053,15.0653352737,0.329150170088,97648.9379883,-20.359998703,-60.7437133789,False
24.200000000000003,0.09,0.001,0.029,0.2941995,0.34323275,10.30678915,-0.0299999993294,2.7099301815,1.28999996185,-0.375560939312,114.572692871,-9.22553539276,15.0849266052,0.287319749594,97648.9379883,-20.3299999237,-57.2790145874,False
24.3,-0.071,-0.087,0.049,0.30400615,0.5687857,10.22833595,-0.170000001788,2.7099301815,1.37000000477,-0.375560939312,114.572692871,-9.18797874451,15.1178998947,0.234061390162,97645.5688477,-20.3099994659,-57.2790145874,False
24.400000000000002,-0.078,-0.101,0.032,0.3726527,0.4707192,10.5323421,-6.0499997139,2.7099301815,1.44999992847,-0.375560939312,114.572692871,-9.16765975952,15.1293563843,0.143524572253,97647.3205566,-20.2799987793,-62.3264312744,False
24.5,-0.184,-0.112,0.021,0.42168595,0.44129925,11.9052731,-6.42999982834,2.7099301815,1.45999991894,-0.375560939312,114.572692871,-9.11928367615,15.152674675,-0.0253276750445,97647.8637695,-20.2700004578,-62.3264312744,False
24.6,-0.255,-0.096,0.048,0.38245935,0.5295591,11.6110736,-6.57999992371,1.32179570198,1.38999998569,1.39195406437,113.697364807,-9.09236907959,15.1600704193,-0.0932805761695,97652.2949219,-20.2700004578,-70.6169128418,False
24.700000000000003,-0.422,-0.067,0.06,0.55897905,0.57859235,12.0425662,-8.51000022888,1.32179570198,1.30999994278,1.39195406437,113.697364807,-8.90838718414,15.2114162445,-0.381974101067,97652.2949219,-20.2899990082,-70.6169128418,False
24.8,-0.422,-0.067,0.06,0.55897905,0.57859235,12.0425662,-8.38000011444,1.32179570198,1.14999997616,1.39195406437,113.697364807,-8.75764083862,15.2590579987,-0.545635223389,97647.4182129,-20.3299999237,16.1238670349,False
24.900000000000002,-0.353,0.065,0.046,0.38245935,0.1765197,10.30678915,-15.5899991989,1.32179570198,0.979999959469,1.39195406437,113.697364807,-8.66739463806,15.2870731354,-0.522731602192,97652.2949219,-20.3799991608,16.1238670349,False
25.0,-0.252,0.063,0.085,0.30400615,0.14709975,9.3163175,-15.6399993896,-6.03691720963,0.939999997616,1.88084971905,112.302703857,-8.51393032074,15.3348579407,-0.443965822458,97648.260498,-20.4899997711,19.5066452026,False
25.1,-0.212,-0.023,0.11,0.2157463,0.3138128,9.6889702,-15.5399999619,-6.03691720963,0.930000007153,1.88084971905,112.302703857,-8.22499656677,15.4146938324,-0.376157969236,97650.1281738,-20.4899997711,19.5066452026,False
25.200000000000003,-0.283,-0.052,0.114,0.196133,0.08825985,9.83606995,-20.5100002289,-6.03691720963,0.919999957085,1.88084971905,112.302703857,-8.22499656677,15.4146938324,-0.376157969236,97650.5432129,-20.5299987793,25.5056381226,False
25.3,-0.255,-0.112,0.167,0.30400615,0.3726527,11.6503002,-20.3500003815,-6.03691720963,0.899999976158,1.88084971905,112.302703857,-7.75838756561,15.5335550308,-0.473879218102,97642.1569824,-20.5699996948,26.5057563782,False
25.400000000000002,-0.254,-0.146,0.158,0.30400615,0.04903325,11.5130071,-23.0399990082,-11.8705272675,0.77999997139,2.2365424633,108.972389221,-7.40053939819,15.606467247,-0.638312339783,97647.1252441,-20.609998703,17.1722412109,False
25.5,-0.221,-0.107,0.192,0.3726527,-0.04903325,11.26784085,-22.609998703,-11.8705272675,0.620000004768,2.2365424633,108.972389221,-7.20883893967,15.6428003311,-0.681271016598,97645.0378418,-20.7199993134,28.0595779419,False
25.6,-0.134,-0.039,0.259,0.2353596,-0.0196133,11.2776475,-26.6299991608,-11.8705272675,0.459999978542,2.2365424633,108.972389221,-6.87853956223,15.695807457,-0.750108361244,97645.0866699,-20.7199993134,28.0595779419,False
25.700000000000003,-0.134,-0.063,0.287,0.22555295,0.04903325,9.95374975,-26.25,-15.2567148209,0.34999999404,2.6115860939,104.842819214,-6.41111898422,15.7655963898,-0.640387535095,97642.3828125,-20.7999992371,28.0595779419,False
25.8,-0.313,-0.048,0.298,0.26477955,0.53936575,9.16921775,-25.6899986267,-15.2567148209,0.310000002384,2.6115860939,104.842819214,-6.04177236557,15.8211021423,-0.513312280178,97644.0368652,-20.859998703,41.2312507629,False
25.900000000000002,-0.364,-0.012,0.23,0.28439285,0.2549729,9.3555441,-28.0199985504,-15.2567148209,0.329999983311,2.6115860939,104.842819214,-5.63380384445,15.8773508072,-0.394184350967,97644.128418,-20.9200000763,41.2312507629,False
26.0,-0.313,0.011,0.215,0.26477955,0.5099458,9.414384,-27.25,-15.2567148209,0.379999995232,2.6115860939,104.842819214,-5.29427909851,15.9259090424,-0.27270835638,97640.0512695,-20.9899997711,78.8171768188,False
26.1,-0.258,0.003,0.174,0.26477955,0.36284605,9.11037785,-26.4099998474,-15.2567148209,0.479999989271,2.6115860939,104.842819214,-4.86608791351,15.9943628311,-0.0944600850344,97640.5761719,-20.9899997711,78.8171768188,False
26.200000000000003,-0.184,-0.068,0.154,0.2941995,0.26477955,9.4732239,-31.2099990845,-23.2713527679,0.639999985695,0.861452400684,98.3517227173,-4.40758514404,16.0629882812,0.045723054558,97641.7480469,-21.0,55.3693771362,False
26.3,-0.188,-0.116,0.156,0.3334261,0.2353596,10.1596894,-30.4299983978,-23.2713527679,0.799999952316,0.861452400684,98.3517227173,-4.11466360092,16.1036529541,0.109657526016,97644.3908691,-20.9899997711,55.3693771362,False
26.400000000000002,-0.147,-0.076,0.167,0.38245935,0.06864655,10.1793027,-32.0599975586,-23.2713527679,1.0,0.861452400684,98.3517227173,-3.4273147583,16.1888179779,0.254281967878,97642.0532227,-20.9599990845,57.2784423828,False
26.5,-0.09,-0.153,0.201,0.44129925,0.14709975,10.79712165,-31.2600002289,-23.2713527679,1.19999992847,0.861452400684,98.3517227173,-2.88741016388,16.2443141937,0.319960594177,97642.2058105,-20.9300003052,57.2784423828,False
26.6,-0.132,-0.113,0.226,0.4903325,0.0784532,10.95402805,-34.8800010681,-26.7157649994,1.38999998569,1.35529720783,93.3434371948,-2.34657931328,16.2816886902,0.357248961926,97640.7409668,-20.8799991608,55.6795120239,False
26.700000000000003,-0.211,-0.062,0.263,0.4707192,1.29464377704e-15,10.5715687,-34.0999984741,-26.7157649994,1.61000001431,1.35529720783,93.3434371948,-1.69540131092,16.3225784302,0.470911473036,97643.6950684,-20.8400001526,55.6795120239,False
26.8,-0.186,-0.07,0.289,0.4903325,-0.06864655,10.1008495,-33.2299995422,-26.7157649994,1.87000000477,1.35529720783,93.3434371948,-1.29546403885,16.3393249512,0.596667468548,97639.8498535,-20.7799987793,44.0624237061,False
26.900000000000002,-0.141,-0.139,0.312,0.55897905,0.04903325,10.01258965,-35.8099975586,-26.7157649994,2.20000004768,1.35529720783,93.3434371948,-0.762023091316,16.3596172333,0.754447519779,97650.5126953,-20.7099990845,44.0624237061,False
27.0,-0.172,-0.229,0.332,0.5687857,0.0588399,10.7088618,-35.0999984741,-31.1157054901,2.54999995232,-0.0154471127316,85.0399932861,-0.18574886024,16.3597888947,0.853921592236,97650.4760742,-20.6399993896,17.7640914917,False
27.1,-0.162,-0.22,0.357,0.65704555,0.0588399,12.58193195,-36.2599983215,-31.1157054901,2.87999987602,-0.0154471127316,85.0399932861,0.347699791193,16.3362388611,0.850468456745,97646.6369629,-20.5499992371,17.7640914917,False
27.200000000000003,-0.188,-0.183,0.374,0.69627215,0.0784532,12.69961175,-35.0900001526,-31.1157054901,3.17999982834,-0.0154471127316,85.0399932861,1.19630491734,16.2712459564,0.797773301601,97646.7102051,-20.4399986267,4.91065979004,False
27.3,-0.138,-0.212,0.393,0.784532,-0.10787315,12.48386545,-33.7399978638,-31.1157054901,3.44999980927,-0.0154471127316,85.0399932861,1.91758239269,16.1877841949,0.816896736622,97657.244873,-20.3500003815,4.91065979004,False
27.400000000000002,-0.044,-0.239,0.388,0.6864655,0.26477955,11.8464332,-35.6199989319,-34.3569946289,3.74000000954,-0.891358971596,74.9091110229,2.78513836861,16.0563640594,0.828559339046,97648.3642578,-20.2600002289,-17.3267364502,False
27.5,-0.042,-0.25,0.374,0.7453054,0.1176798,12.60154525,-34.2799987793,-34.3569946289,4.01999998093,-0.891358971596,74.9091110229,3.39418125153,15.9334106445,0.834039986134,97652.722168,-20.1599998474,-17.3267364502,False
27.6,-0.033,-0.225,0.367,0.7256921,0.36284605,12.2975391,-34.8999977112,-34.3569946289,4.31999969482,-0.891358971596,74.9091110229,4.14778518677,15.7534160614,0.828497231007,97653.9794922,-20.0699996948,-28.7912368774,False
27.700000000000003,-0.074,-0.262,0.318,0.91201845,0.26477955,13.4743371,-33.3699989319,-34.3569946289,4.59999990463,-0.891358971596,74.9091110229,5.11918306351,15.4657096863,0.768925011158,97659.8632812,-19.9699993134,-28.7912368774,False
27.8,-0.091,-0.348,0.302,0.7256921,0.26477955,12.8859381,-31.4200000763,-34.3569946289,4.84999990463,-0.891358971596,74.9091110229,5.71558761597,15.2499141693,0.751247823238,97663.3666992,-19.8799991608,-58.1510543823,False
27.900000000000002,-0.087,-0.407,0.31,0.95124505,0.02941995,13.46453045,-34.2099990845,-35.5815315247,5.11999988556,-0.24474285543,63.4894981384,6.64666414261,14.8561029434,0.675076425076,97660.0708008,-19.7899990082,-58.1510543823,False
28.0,-0.024,-0.404,0.315,0.8825985,0.10787315,13.95486295,-32.3699989319,-35.5815315247,5.36999988556,-0.24474285543,63.4894981384,7.26316213608,14.5451183319,0.587305486202,97658.5083008,-19.6999988556,-87.0946884155,False
28.1,0.026,-0.408,0.335,0.9414384,0.0196133,14.2000292,-32.5099983215,-35.5815315247,5.55999994278,-0.24474285543,63.4894981384,8.05223083496,14.091545105,0.439414709806,97665.1306152,-19.6199989319,-87.0946884155,False
28.200000000000003,-0.036,-0.45,0.357,1.04931155,0.14709975,15.13166095,-30.2099990845,-35.5815315247,5.71000003815,-0.24474285543,63.4894981384,8.8482131958,13.564912796,0.229652330279,97668.6462402,-19.5499992371,-119.341468811,False
28.3,0.07,-0.38,0.383,1.18660465,0.32361945,15.75928655,-27.5599994659,-35.5815315247,5.73999977112,-0.24474285543,63.4894981384,9.16469287872,13.3403453827,0.145773604512,97670.3735352,-19.5,-119.341468811,False
28.400000000000002,0.093,-0.383,0.381,1.14737805,0.4707192,15.6121868,-28.3199996948,-36.245059967,5.71999979019,2.80376911163,48.281414032,10.4041395187,12.3060026169,-0.23417340219,97670.2636719,-19.4799995422,-140.355300903,False
28.5,0.053,-0.411,0.351,1.1375714,0.46091255,16.01425945,-25.2699985504,-36.245059967,5.63999986649,2.80376911163,48.281414032,11.2717657089,11.4305896759,-0.547477900982,97665.6433105,-19.4699993134,-140.355300903,False
28.6,0.177,-0.392,0.317,1.38273765,0.4511059,16.7889848,-24.5299987793,-36.245059967,5.46999979019,2.80376911163,48.281414032,11.8218173981,10.7998895645,-0.817373514175,97670.4406738,-19.4899997711,-156.747055054,False
28.700000000000003,0.178,-0.382,0.302,1.24544455,0.36284605,16.5536252,-20.9200000763,-36.245059967,5.17999982834,2.80376911163,48.281414032,12.4512052536,9.99607563019,-1.13711822033,97668.8171387,-19.5399990082,-157.747177124,False
28.8,0.136,-0.202,0.291,1.0395049,0.51975245,13.9842829,-17.1199989319,-33.9471588135,4.83999967575,5.15375375748,35.7534370422,12.9984283447,9.18366527557,-1.21656239033,97665.9973145,-19.6299991608,-184.948638916,False
28.900000000000002,0.328,-0.181,0.228,0.75511205,0.2157463,12.1014061,-19.7600002289,-33.9471588135,4.61999988556,5.15375375748,35.7534370422,13.3688077927,8.58689403534,-1.19189918041,97666.6687012,-19.7199993134,-184.948638916,False
29.0,0.448,-0.205,0.216,0.77472535,0.08825985,11.09132115,-17.3799991608,-33.9471588135,4.42000007629,5.15375375748,35.7534370422,13.5414705276,8.2740945816,-1.14261233807,97663.9587402,-19.8299999237,-210.70803833,False
29.1,0.395,-0.155,0.217,0.6668522,0.00980665,11.89546645,-15.2899999619,-33.9471588135,4.26999998093,5.15375375748,35.7534370422,13.8596172333,7.62461900711,-1.17526316643,97660.6018066,-19.9200000763,-210.70803833,False
29.200000000000003,0.434,-0.054,0.25,0.46091255,0.1765197,11.2972608,-16.4400005341,-33.9471588135,4.03999996185,5.15375375748,35.7534370422,14.0650129318,7.15470075607,-1.13132190704,97659.3322754,-20.0100002289,-256.142242432,False
29.3,0.348,-0.092,0.257,0.5099458,0.392266,10.38524235,-14.9200000763,-24.8648719788,3.91999983788,4.98965835571,28.3206577301,14.2678976059,6.60933828354,-1.07681834698,97656.9824219,-20.109998703,-256.142242432,False
29.400000000000002,0.044,-0.175,0.225,0.3726527,0.36284605,11.66010685,-14.8499994278,-24.8648719788,3.79999995232,4.98965835571,28.3206577301,14.3258094788,6.42835378647,-1.08202421665,97652.6489258,-20.1899986267,-264.508422852,False
29.5,0.063,-0.157,0.2,0.4314926,0.2353596,11.83662655,-13.1599998474,-24.8648719788,3.58999991417,4.98965835571,28.3206577301,14.4626779556,5.93090295792,-1.16159963608,97655.7739258,-20.2799987793,-264.508422852,False
29.6,0.197,-0.114,0.177,0.30400615,0.2549729,11.79739995,-12.8099994659,-24.8648719788,3.31999993324,4.98965835571,28.3206577301,14.6083402634,5.27861738205,-1.28811526299,97652.1057129,-20.3799991608,-260.251800537,False
29.700000000000003,0.215,-0.109,0.177,0.4511059,-0.02941995,11.97391965,-11.2699995041,-21.6846141815,3.01999998093,5.81549453735,22.2606010437,14.6750335693,4.85273933411,-1.3765078783,97642.779541,-20.4899997711,-260.251800537,False
29.8,0.295,-0.08,0.22,0.42168595,0.00980665,11.16977435,-9.80999946594,-21.6846141815,2.70000004768,5.81549453735,22.2606010437,14.7228841782,4.46561288834,-1.3973698616,97653.3935547,-20.609998703,-257.864959717,False
29.900000000000002,0.167,-0.019,0.232,0.32361945,0.196133,10.46369555,-8.98999977112,-21.6846141815,2.38999986649,5.81549453735,22.2606010437,14.7604999542,4.10435009003,-1.41245770454,97638.0615234,-20.75,-257.864959717,False
30.0,0.232,-0.018,0.223,0.2745862,0.24516625,10.26756255,-7.78999996185,-21.6846141815,2.06999993324,5.81549453735,22.2606010437,14.7884283066,3.77029180527,-1.39790856838,97643.951416,-20.8899993896,-275.280181885,False
30.1,0.247,0.023,0.191,0.2157463,0.26477955,9.0613446,-6.98999977112,-21.6846141815,1.76999998093,5.81549453735,22.2606010437,14.8060178757,3.49599957466,-1.27738797665,97646.4599609,-21.0299987793,-275.280181885,False
30.200000000000003,0.206,0.076,0.168,0.2157463,0.4118793,8.12971285,-6.17999982834,-15.2353668213,1.55999994278,4.57309961319,15.8509635925,14.8204469681,3.29944372177,-1.11253488064,97646.2219238,-21.1700000763,-264.031616211,False
30.3,0.205,0.069,0.118,0.196133,0.50013915,8.2571993,-5.48999977112,-15.2353668213,1.43999993801,4.57309961319,15.8509635925,14.845656395,2.99097919464,-0.811242878437,97635.5163574,-21.2799987793,-264.031616211,False
30.400000000000002,0.205,0.041,0.075,0.196133,0.38245935,8.28661925,-4.88000011444,-15.2353668213,1.38999998569,4.57309961319,15.8509635925,14.8509492874,2.8716750145,-0.688325345516,97632.7880859,-21.3699989319,-258.41027832,False
30.5,0.202,-0.002,0.055,0.14709975,0.2353596,8.5906254,-4.34999990463,-15.2353668213,1.37999999523,4.57309961319,15.8509635925,14.8607683182,2.6608543396,-0.489499598742,97637.9821777,-21.4399986267,-258.41027832,False
30.6,0.201,0.014,0.063,0.18632635,0.0980665,9.022118,-3.9399998188,-9.90874671936,1.37999999523,2.74370908737,13.420340538,14.8625612259,2.51231455803,-0.38207039237,97633.6608887,-21.4899997711,-257.702819824,False
30.700000000000003,0.22,-0.01,0.081,0.20593965,0.02941995,9.77723005,-3.73000001907,-9.90874671936,1.37000000477,2.74370908737,13.420340538,14.8606395721,2.4592487812,-0.363836407661,97633.4350586,-21.5299987793,-257.702819824,False
30.8,0.163,-0.051,0.121,0.22555295,0.18632635,10.1596894,-3.48000001907,-9.90874671936,1.30999994278,2.74370908737,13.420340538,14.8466501236,2.21614551544,-0.379029870033,97629.2419434,-21.5599994659,-252.519607544,False
30.900000000000002,0.164,-0.07,0.141,0.2745862,0.1765197,10.71866845,-3.15999984741,-9.90874671936,1.23000001907,2.74370908737,13.420340538,14.8356380463,2.12106060982,-0.427202820778,97633.6608887,-21.5900001526,-252.519607544,False
31.0,0.11,-0.028,0.15,0.2549729,0.18632635,10.13026945,-2.96000003815,-5.44664764404,1.12000000477,3.13476347923,10.5652580261,14.8086891174,1.99201023579,-0.404922842979,97629.2114258,-21.6399993896,-254.756347656,False
31.1,0.041,0.077,0.15,0.14709975,0.42168595,9.65955025,-2.76999998093,-5.44664764404,1.04999995232,3.13476347923,10.5652580261,14.7914924622,1.88451683521,-0.359742283821,97632.4768066,-21.6800003052,-254.756347656,False
31.200000000000003,-0.026,0.091,0.128,0.0392266,0.44129925,8.7279185,-2.56999993324,-5.44664764404,0.989999949932,3.13476347923,10.5652580261,14.7809228897,1.80027461052,-0.257437467575,97632.1533203,-21.7299995422,-237.917907715,False
31.3,-0.012,0.009,0.078,0.0980665,0.61781895,8.73772515,-2.3599998951,-5.44664764404,1.00999999046,3.13476347923,10.5652580261,14.7772407532,1.71149539948,-0.147534891963,97627.8076172,-21.7700004578,-237.917907715,False
31.400000000000002,-0.002,-0.013,0.056,0.06864655,0.44129925,8.87501825,-2.08999991417,-4.61491584778,1.07999992371,1.50428009033,7.26015043259,14.764383316,1.55982410908,0.00666210288182,97631.0302734,-21.7999992371,-237.554748535,False
31.5,0.019,-0.038,0.038,0.08825985,0.42168595,9.34573745,-1.82999992371,-4.61491584778,1.15999996662,1.50428009033,7.26015043259,14.7572317123,1.45408523083,0.0666602924466,97629.6203613,-21.7999992371,-237.554748535,False
31.6,0.04,-0.041,0.037,0.16671305,0.3726527,9.75761675,-1.54999995232,-4.61491584778,1.22000002861,1.50428009033,7.26015043259,14.7433156967,1.37157320976,0.0883564800024,97628.9489746,-21.7899990082,-230.344772339,False
31.700000000000003,0.058,-0.02,0.041,0.08825985,0.196133,9.79684335,-1.28999996185,-4.61491584778,1.26999998093,1.50428009033,7.26015043259,14.72569561,1.27299642563,0.108820095658,97631.4331055,-21.7899990082,-230.344772339,False
31.8,0.094,-0.01,0.061,0.20593965,0.2549729,10.2381426,-1.11000001431,-4.61491584778,1.32999992371,1.50428009033,7.26015043259,14.7164344788,1.21896398067,0.102831535041,97626.8310547,-21.7700004578,-231.792068481,False
31.900000000000002,0.079,-0.007,0.1,0.1569064,0.26477955,10.20872265,-0.889999985695,-2.64934396744,1.36000001431,1.78840088844,5.66864395142,14.6998510361,1.1467884779,0.0826475843787,97630.8776855,-21.7600002289,-231.792068481,False
32.0,0.079,-0.007,0.1,0.1569064,0.26477955,10.20872265,-0.889999985695,-2.64934396744,1.36000001431,1.78840088844,5.66864395142,14.6919279099,1.10987174511,0.0771744996309,97630.8776855,-21.7600002289,-231.792068481,False
32.1,0.402,0.036,0.115,0.392266,0.392266,11.8268199,-0.659999966621,-2.64934396744,1.36000001431,1.78840088844,5.66864395142,14.6879110336,1.03429913521,-0.127338469028,97631.4758301,-21.7600002289,-232.338134766,False
32.2,0.086,0.011,0.149,0.2941995,0.3530394,11.34629405,-0.639999985695,-2.64934396744,1.23000001907,1.78840088844,5.66864395142,14.6813335419,1.00363910198,-0.244049698114,97625.390625,-21.7700004578,-223.93951416,False
32.300000000000004,0.041,0.066,0.105,0.196133,0.5295591,9.83606995,-0.719999969006,1.5510648489,1.12999999523,1.27786123753,2.91988134384,14.6812181473,0.991296648979,-0.231657966971,97630.6762695,-21.7999992371,-223.93951416,False
32.4,-0.113,0.065,0.099,0.04903325,0.5099458,8.4729456,-0.769999980927,1.5510648489,1.10000002384,1.27786123753,2.91988134384,14.6742019653,0.95046132803,-0.0810093954206,97627.6306152,-21.8299999237,-228.015319824,False
32.5,-0.067,0.039,0.03,0.1569064,0.67665885,8.91424485,-0.759999990463,1.5510648489,1.15999996662,1.27786123753,2.91988134384,14.6833763123,0.898977994919,0.0229490492493,97629.8522949,-21.859998703,-228.015319824,False
32.6,-0.018,0.1,0.003,0.12748645,0.588399,8.99269805,-0.629999995232,1.5510648489,1.23000001907,1.27786123753,2.91988134384,14.6950330734,0.842364370823,0.163800939918,97632.2875977,-21.859998703,-176.553527832,False
32.7,-0.05,-0.019,-0.014,0.1765197,0.5687857,9.22805765,-0.560000002384,1.5510648489,1.33999991417,1.27786123753,2.91988134384,14.7113771439,0.804636061192,0.235585227609,97631.0302734,-21.859998703,-176.553527832,False
32.800000000000004,-0.079,0.018,-0.021,0.196133,0.588399,9.44380395,-0.419999986887,0.722135663033,1.45999991894,-0.290158599615,1.51771402359,14.7285585403,0.744820535183,0.288709521294,97630.5358887,-21.8400001526,-171.276275635,False
32.9,-0.067,0.041,-0.033,0.1372931,0.392266,9.4339973,-0.269999980927,0.722135663033,1.57999992371,-0.290158599615,1.51771402359,14.7584438324,0.686366081238,0.345529615879,97632.0678711,-21.8199996948,-171.276275635,False
33.0,-0.023,0.046,-0.016,0.196133,0.55897905,9.3947707,-0.109999999404,0.722135663033,1.7199999094,-0.290158599615,1.51771402359,14.7797908783,0.635360360146,0.378139555454,97631.0913086,-21.7799987793,-176.111602783,False
33.1,-0.019,0.01,-0.015,0.12748645,0.40207265,9.24767095,0.0899999961257,-5.24537172168e-05,1.87000000477,-0.919129788876,1.87067210674,14.8093099594,0.586725056171,0.434221476316,97633.2763672,-21.7399997711,-176.111602783,False
33.2,0.05,-0.058,0.009,0.24516625,0.4314926,9.7478101,0.259999990463,-5.24537172168e-05,2.02999997139,-0.919129788876,1.87067210674,14.8199176788,0.569255113602,0.432025164366,97630.2062988,-21.6899986267,-180.422393799,False
33.300000000000004,0.06,-0.039,4.776122516670001e-18,0.26477955,0.51975245,10.44408225,0.42999997735,-5.24537172168e-05,2.15999984741,-0.919129788876,1.87067210674,14.8583917618,0.497798144817,0.415514916182,97635.6872559,-21.6399993896,-180.422393799,False
33.4,0.043,-0.096,0.013,0.32361945,0.16671305,10.983448,0.610000014305,-5.24537172168e-05,2.27999997139,-0.919129788876,1.87067210674,14.8859043121,0.466344237328,0.353336602449,97633.8439941,-21.6000003815,-186.452301025,False
33.5,0.007,-0.066,0.051,0.46091255,0.44129925,12.8859381,0.669999957085,0.755819439888,2.27999997139,0.0146353878081,1.72881770134,14.9144229889,0.424293130636,0.0283873640001,97635.949707,-21.5599994659,-186.452301025,False
33.6,-0.048,-0.023,0.078,0.2549729,0.36284605,10.0616229,0.799999952316,0.755819439888,2.19000005722,0.0146353878081,1.72881770134,14.9175825119,0.389584541321,-0.000955659372266,97638.885498,-21.5399990082,-182.265090942,False
33.7,-0.054,-0.071,0.093,0.24516625,0.48052585,10.85596155,0.959999978542,0.755819439888,2.22000002861,0.0146353878081,1.72881770134,14.9274730682,0.312519222498,-0.101236030459,97635.2844238,-21.5399990082,-182.265090942,False
33.800000000000004,-0.005,-0.1,0.063,0.38245935,0.5099458,11.3561007,1.27999997139,0.755819439888,2.16999983788,0.0146353878081,1.72881770134,14.9274311066,0.261927098036,-0.2157984972,97639.3981934,-21.5399990082,-196.378143311,False
33.9,-0.029,-0.1,0.039,0.4511059,0.61781895,12.356379,1.59999990463,0.288433164358,2.04999995232,1.37931501865,-0.245852872729,14.9279842377,0.167322784662,-0.471913844347,97629.6936035,-21.5599994659,-196.378143311,False
34.0,0.02,-0.08,0.025,0.4511059,0.53936575,12.20927925,1.95999991894,0.288433164358,1.84999990463,1.37931501865,-0.245852872729,14.926530838,0.154227301478,-0.515817284584,97639.2578125,-21.5900001526,-194.037628174,False
34.1,0.008,-0.06,0.023,0.3138128,0.46091255,11.0422879,2.29999995232,0.288433164358,1.64999997616,1.37931501865,-0.245852872729,14.8969154358,0.0441281087697,-0.669687449932,97634.7351074,-21.6399993896,-195.037750244,False
34.2,-0.001,-0.078,0.008,0.3726527,0.3530394,10.50292215,2.21000003815,0.622347056866,1.4699999094,2.67701101303,-0.872850716114,14.8742628098,-0.0095642907545,-0.755023658276,97636.2304688,-21.7799987793,-190.692718506,False
34.300000000000004,-0.047,-0.076,0.006,0.7060788,0.36284605,13.3958839,2.47000002861,0.622347056866,1.24000000954,2.67701101303,-0.872850716114,14.8522405624,-0.0572589598596,-1.14568340778,97628.1982422,-21.7799987793,-190.692718506,False
34.4,-0.008,0.02,0.077,0.63743225,-0.0588399,11.6306869,2.04999995232,0.622347056866,0.819999992847,2.67701101303,-0.872850716114,14.8438863754,-0.0592703931034,-1.20423877239,97627.7160645,-21.8799991608,-189.20916748,False
34.5,0.12,0.001,0.164,0.4707192,0.06864655,11.2384209,2.06999993324,0.622347056866,0.439999997616,2.67701101303,-0.872850716114,14.8268089294,-0.0700891911983,-1.31533193588,97629.7607422,-22.0,-189.20916748,False
34.6,0.079,-0.02,0.217,0.4314926,0.36284605,10.7480884,2.12999987602,1.72486948967,0.0499999970198,3.03781723976,-3.18154907227,14.7972383499,-0.100551903248,-1.41030168533,97623.1445312,-22.1399993896,-185.069656372,False
34.7,0.007,0.029,0.226,0.4118793,0.5099458,10.28717585,0.620000004768,1.72486948967,-0.329999983311,3.03781723976,-3.18154907227,14.7756576538,-0.162904009223,-1.36829829216,97626.8188477,-22.2899990082,-185.069656372,False
34.800000000000004,-0.209,0.15,0.185,0.28439285,1.1571847,8.03164635,0.909999966621,1.72486948967,-0.629999995232,3.03781723976,-3.18154907227,14.7667570114,-0.205636948347,-1.30162155628,97623.3947754,-22.4399986267,-184.443664551,False
34.9,-0.291,0.123,0.051,0.14709975,1.01008495,7.1784678,0.689999997616,1.72486948967,-0.769999980927,3.03781723976,-3.18154907227,14.7530822754,-0.361418366432,-0.986289381981,97626.3366699,-22.5699996948,-184.443664551,False
35.0,-0.208,0.148,-0.058,0.12748645,1.12776475,7.09020795,1.33999991417,-0.539730966091,-0.810000002384,1.11944615841,-6.25622034073,14.7377548218,-0.567804515362,-0.562941491604,97622.2351074,-22.6800003052,-135.519790649,False
35.1,-0.137,0.073,-0.147,0.16671305,0.53936575,7.3746008,1.92999994755,-0.539730966091,-0.759999990463,1.11944615841,-6.25622034073,14.7368278503,-0.701845526695,-0.259615898132,97617.8588867,-22.75,-135.519790649,False
35.2,-0.006,0.06,-0.154,0.12748645,0.28439285,8.58081875,0.659999966621,-0.539730966091,-0.620000004768,1.11944615841,-6.25622034073,14.7459726334,-0.821893155575,-0.0634034574032,97621.5393066,-22.7699985504,-131.944458008,False
35.300000000000004,0.121,0.103,-0.131,0.1372931,0.1372931,8.0218397,1.07999992371,-0.539730966091,-0.519999980927,1.11944615841,-6.25622034073,14.7673606873,-0.935423195362,0.17599105835,97621.9482422,-22.7799987793,-132.944580078,False
35.4,0.18,0.056,-0.069,0.0980665,0.0392266,7.9041599,-2.18000006676,-1.67032301426,-0.329999983311,-1.72796547413,-3.01321673393,14.7936105728,-0.994144618511,0.382805556059,97619.8181152,-22.7600002289,-131.559661865,False
35.5,0.081,-0.008,0.033,0.22555295,0.0784532,8.8652116,-2.26999998093,-1.67032301426,-0.0899999961257,-1.72796547413,-3.01321673393,14.8246831894,-1.03209495544,0.479384213686,97615.6860352,-22.7199993134,-130.559539795,False
35.6,0.002,-0.007,0.095,0.2157463,0.00980665,9.26728425,-3.75,-1.67032301426,0.109999999404,-1.72796547413,-3.01321673393,14.8624858856,-1.08535444736,0.567294836044,97618.5302734,-22.6599998474,-136.104003906,False
35.7,-0.027,0.031,0.137,0.1176798,0.38245935,9.4536106,-3.99000000954,-1.67032301426,0.310000002384,-1.72796547413,-3.01321673393,14.8836050034,-1.12696969509,0.606957614422,97619.9523926,-22.5900001526,-136.104003906,False
35.800000000000004,-0.072,0.072,0.146,0.22555295,0.3726527,9.7870367,-4.02999973297,-1.04661273956,0.519999980927,-2.44067001343,-5.09980916977,14.9380168915,-1.24805819988,0.645391702652,97623.6022949,-22.5199985504,-143.13621521,False
35.9,-0.109,0.022,0.122,0.22555295,0.4903325,9.7085835,-9.92000007629,-1.04661273956,0.689999997616,-2.44067001343,-5.09980916977,14.9911384583,-1.36832618713,0.675137579441,97620.8740234,-22.4599990845,-143.13621521,False
36.0,-0.164,-0.034,0.096,0.22555295,0.53936575,9.58109705,-10.1599998474,-1.04661273956,0.879999995232,-2.44067001343,-5.09980916977,15.0414304733,-1.50784277916,0.735643684864,97624.1882324,-22.3899993896,-152.334121704,False
36.1,-0.242,-0.109,0.073,0.1569064,0.2353596,9.75761675,-11.8099994659,-1.04661273956,1.09000003338,-2.44067001343,-5.09980916977,15.0725002289,-1.63341581821,0.736279785633,97619.4030762,-22.3099994659,-152.334121704,False
36.2,-0.25,-0.076,0.085,0.196133,0.3726527,11.3953273,-12.0500001907,-1.04661273956,1.29999995232,-2.44067001343,-5.09980916977,15.1026105881,-1.79898905754,0.600441396236,97627.8625488,-22.2399997711,-156.749908447,False
36.300000000000004,-0.258,-0.062,0.107,0.2549729,0.40207265,11.6110736,-12.0699996948,-1.04661273956,1.37000000477,-2.44067001343,-5.09980916977,15.1070756912,-1.83724832535,0.577850341797,97628.2958984,-22.1700000763,-156.749908447,False
36.4,-0.28,-0.11,0.119,0.26477955,0.2745862,11.91507975,-17.7199993134,-5.89408111572,1.40999996662,-1.90294921398,-8.09433841705,15.1248493195,-2.22819566727,0.258113354445,97628.9672852,-22.1199989319,-158.908081055,False
36.5,-0.187,-0.164,0.135,0.28439285,0.4118793,12.4348322,-17.6999988556,-5.89408111572,1.37999999523,-1.90294921398,-8.09433841705,15.1048746109,-2.5535607338,-0.0225820653141,97628.7719727,-22.0900001526,-159.908203125,False
36.6,-0.155,-0.151,0.141,0.3726527,0.3138128,12.8270982,-18.8199996948,-5.89408111572,1.25999999046,-1.90294921398,-8.09433841705,15.0917673111,-2.66193628311,-0.122958697379,97632.043457,-22.0699996948,-177.910522461,False
36.7,-0.195,-0.168,0.153,0.34323275,0.2941995,12.42502555,-18.5399990082,-9.61406040192,1.10000002384,0.092895373702,-10.9616365433,15.0436973572,-2.94609379768,-0.335342764854,97625.3479004,-22.0900001526,-177.910522461,False
36.800000000000004,-0.171,-0.091,0.176,0.28439285,0.3726527,11.375714,-18.0200004578,-9.61406040192,0.889999985695,0.092895373702,-10.9616365433,14.9721231461,-3.23892903328,-0.480860292912,97631.4819336,-22.1800003052,-183.150390625,False
36.9,-0.146,-0.037,0.187,0.2941995,0.392266,11.11093445,-21.8400001526,-9.61406040192,0.729999959469,0.092895373702,-10.9616365433,14.8722600937,-3.60208702087,-0.52302634716,97631.8664551,-22.1800003052,-183.150390625,False
37.0,-0.272,-0.037,0.147,0.1372931,0.51975245,9.1594111,-21.3699989319,-9.61406040192,0.599999964237,0.092895373702,-10.9616365433,14.8004894257,-3.8481657505,-0.469105869532,97626.3000488,-22.2399997711,-185.538299561,False
37.1,-0.265,0.029,0.117,0.14709975,0.5295591,10.2185293,-23.5900001526,-14.347205162,0.579999983311,0.927216231823,-15.5839490891,14.6796646118,-4.25115966797,-0.401411682367,97632.7941895,-22.2899990082,-185.538299561,False
37.2,-0.287,0.037,0.111,0.196133,0.46091255,10.40485565,-23.0100002289,-14.347205162,0.519999980927,0.927216231823,-15.5839490891,14.5559740067,-4.6859292984,-0.371060043573,97626.9226074,-22.3299999237,-189.836212158,False
37.300000000000004,-0.205,0.008,0.104,0.0980665,0.2745862,9.7281968,-27.3699989319,-14.347205162,0.479999989271,0.927216231823,-15.5839490891,14.4565439224,-5.03774833679,-0.268767267466,97629.2419434,-22.3699989319,-189.836212158,False
37.4,-0.215,-0.044,0.112,0.16671305,0.10787315,9.6497436,-27.0699996948,-14.347205162,0.509999990463,0.927216231823,-15.5839490891,14.3554973602,-5.38097763062,-0.169307380915,97623.9685059,-22.3899993896,-192.915634155,False
37.5,-0.237,-0.06,0.152,0.0980665,0.0588399,9.2967042,-26.75,-19.4395999908,0.569999992847,-0.177290692925,-18.1470603943,14.3342943192,-5.45683765411,-0.14423494041,97625.7263184,-22.4099998474,-192.915634155,False
37.6,-0.179,-0.072,0.189,0.0980665,-0.0980665,9.36535075,-27.5900001526,-19.4395999908,0.699999988079,-0.177290692925,-18.1470603943,14.1533222198,-6.02125787735,0.0627319812775,97622.9797363,-22.4099998474,-192.409606934,False
37.7,-0.131,-0.074,0.22,0.12748645,0.06864655,9.89490985,-27.2099990845,-19.4395999908,0.819999992847,-0.177290692925,-18.1470603943,14.0145940781,-6.4310874939,0.15065588057,97622.0397949,-22.3899993896,-191.409484863,False
37.800000000000004,-0.095,-0.118,0.237,0.1372931,0.0588399,10.4146623,-31.2699985504,-19.4395999908,0.949999988079,-0.177290692925,-18.1470603943,13.8599815369,-6.84117984772,0.203842654824,97630.291748,-22.3699989319,-193.194198608,False
37.9,-0.118,-0.12,0.248,0.0980665,-0.14709975,10.95402805,-30.8899993896,-22.9026222229,1.06999993324,-0.347155362368,-23.3444595337,13.6867218018,-7.2630944252,0.222431957722,97630.0598145,-22.3400001526,-194.194320679,False
38.0,-0.27,-0.144,0.301,0.196133,0.08825985,10.9638347,-30.3400001526,-22.9026222229,1.18999993801,-0.347155362368,-23.3444595337,13.4822101593,-7.72779321671,0.239716038108,97624.9145508,-22.3099994659,-193.481918335,False
38.1,-0.211,-0.121,0.321,0.20593965,0.3726527,11.09132115,-31.8699989319,-22.9026222229,1.29999995232,-0.347155362368,-23.3444595337,13.3408288956,-8.03273773193,0.244261562824,97627.7954102,-22.2699985504,-193.481918335,False
38.2,-0.206,-0.067,0.286,0.18632635,0.4118793,10.8461549,-31.0399990082,-27.1907329559,1.44999992847,-0.888646006584,-30.0746097565,12.9356927872,-8.84445571899,0.310791254044,97630.7800293,-22.2399997711,-208.511169434,False
38.300000000000004,-0.168,-0.042,0.228,0.18632635,0.1765197,10.73828175,-30.1700000763,-27.1907329559,1.59999990463,-0.888646006584,-30.0746097565,12.7323999405,-9.24406337738,0.388931393623,97625.8361816,-22.1999988556,-208.511169434,False
38.400000000000006,-0.162,-0.032,0.211,0.18632635,0.0980665,9.69877685,-33.9399986267,-27.1907329559,1.81999993324,-0.888646006584,-30.0746097565,12.4976396561,-9.69256305695,0.56093788147,97626.5930176,-22.1499996185,-186.298187256,False
38.5,-0.115,-0.116,0.214,0.2157463,-0.04903325,9.60071035,-33.5499992371,-27.1907329559,2.09999990463,-0.888646006584,-30.0746097565,12.251619339,-10.1534318924,0.709422111511,97639.5080566,-22.0900001526,-186.298187256,False
38.6,-0.144,-0.23,0.274,0.2157463,-0.0392266,10.787315,-34.1300010681,-29.7872066498,2.41999983788,-1.92750012875,-34.4950523376,11.9555110931,-10.657459259,0.764027297497,97633.0444336,-22.0100002289,-199.413116455,False
38.7,-0.193,-0.256,0.326,0.34323275,1.4099367293599999e-15,11.5130071,-33.4500007629,-29.7872066498,2.69000005722,-1.92750012875,-34.4950523376,11.5477809906,-11.2991819382,0.799410879612,97631.8664551,-21.9200000763,-199.413116455,False
38.800000000000004,-0.145,-0.181,0.323,0.3530394,-0.0588399,11.7483667,-36.8299980164,-29.7872066498,2.99000000954,-1.92750012875,-34.4950523376,11.1743574142,-11.8192577362,0.826053380966,97636.328125,-21.8199996948,-208.422271729,False
38.900000000000006,-0.03,-0.262,0.349,0.44129925,-0.2745862,12.64077185,-36.2099990845,-29.7872066498,3.26999998093,-1.92750012875,-34.4950523376,10.8355417252,-12.2758750916,0.807085156441,97648.6450195,-21.7099990845,-209.422393799,False
39.0,-0.01,-0.29,0.378,0.4707192,-0.0588399,12.69961175,-35.3499984741,-32.5396575928,3.51999998093,-1.55449795723,-44.8707351685,10.2519493103,-12.969997406,0.685791313648,97636.3037109,-21.609998703,-233.063598633,False
39.1,-0.116,-0.304,0.404,0.4903325,0.26477955,13.6704701,-36.3400001526,-32.5396575928,3.8599998951,-1.55449795723,-44.8707351685,9.82011222839,-13.4473266602,0.588361203671,97638.2568359,-21.4300003052,-222.357757568,False
39.2,-0.232,-0.361,0.393,0.6864655,0.4118793,14.5726819,-36.3400001526,-32.5396575928,3.87999987602,-1.55449795723,-44.8707351685,9.17441082001,-14.0714359283,0.422903239727,97644.909668,-21.4300003052,-222.357757568,False
39.300000000000004,-0.15,-0.297,0.347,0.6472389,0.6276256,14.2000292,-37.0799980164,-32.5396575928,3.97000002861,-1.55449795723,-44.8707351685,8.78572368622,-14.4351634979,0.341228544712,97643.7316895,-21.359998703,-222.357757568,False
39.400000000000006,-0.113,-0.327,0.308,0.6668522,0.44129925,13.8273765,-35.7900009155,-32.5396575928,4.06999969482,-1.55449795723,-44.8707351685,7.81552124023,-15.2259922028,0.200996056199,97645.2819824,-21.3099994659,-238.015563965,False
39.5,-0.112,-0.235,0.271,0.59820565,0.20593965,12.6309652,-34.2900009155,-36.275894165,4.15000009537,-0.606202125549,-59.3082046509,7.12343263626,-15.7354230881,0.176200196147,97645.2941895,-21.2600002289,-238.015563965,False
39.6,-0.016,-0.355,0.237,0.6080123,0.0980665,13.337044,-36.4599990845,-36.275894165,4.27999973297,-0.606202125549,-59.3082046509,6.28505134583,-16.2884483337,0.11027405411,97648.4130859,-21.2199993134,-255.752380371,False
39.7,0.023,-0.346,0.258,0.73549875,-0.0588399,14.54326195,-35.2000007629,-36.275894165,4.36000013351,-0.606202125549,-59.3082046509,5.67376089096,-16.6552429199,0.00709355808794,97646.8261719,-21.1800003052,-255.752380371,False
39.800000000000004,-0.055,-0.22,0.285,0.588399,-0.00980665,13.09187775,-36.1499977112,-36.4519386292,4.40000009537,0.85949742794,-66.1709823608,5.10888242722,-16.9626178741,-0.031859792769,97650.201416,-21.1499996185,-259.569366455,False
39.900000000000006,-0.071,-0.296,0.308,0.4903325,-0.0784532,12.1210194,-35.0099983215,-36.4519386292,4.52999973297,0.85949742794,-66.1709823608,4.12071371078,-17.4283084869,-0.00190713815391,97648.6999512,-21.1299991608,-259.569366455,False
40.0,-0.005,-0.282,0.346,0.4903325,0.16671305,12.8859381,-37.9599990845,-36.4519386292,4.65000009537,0.85949742794,-66.1709823608,3.96632909775,-17.4927768707,-0.0115512646735,97647.9736328,-21.1000003815,-279.784576416,False
40.1,0.01,-0.274,0.337,0.6276256,0.26477955,13.0820711,-36.7999992371,-36.4519386292,4.73999977112,0.85949742794,-66.1709823608,2.55381011963,-18.0165977478,-0.0521779060364,97650.0427246,-21.0699996948,-279.784576416,False
40.2,-0.018,-0.237,0.296,0.57859235,0.24516625,13.38607725,-36.3699989319,-37.1747894287,4.82999992371,1.19804024696,-76.2171630859,1.77147233486,-18.2509078979,-0.0541674233973,97645.7092285,-21.0499992371,-283.778381348,False
40.300000000000004,0.014,-0.227,0.298,0.5295591,0.32361945,12.28773245,-35.0599975586,-37.1747894287,4.92999982834,1.19804024696,-76.2171630859,1.16905975342,-18.4198608398,-0.010449020192,97649.2248535,-21.0200004578,-283.778381348,False
40.400000000000006,0.072,-0.281,0.27,0.55897905,0.04903325,12.83690485,-33.719997406,-37.1747894287,5.02999973297,1.19804024696,-76.2171630859,0.402054816484,-18.5915393829,-0.0269602462649,97653.0273438,-20.9899997711,-299.419799805,False
40.5,0.09,-0.248,0.29,0.4707192,-0.0392266,12.62115855,-35.2399978638,-36.4499168396,5.10999965668,1.4867002964,-81.9767532349,-0.459349066019,-18.7497673035,0.0096565997228,97648.8830566,-20.9699993134,-299.419799805,False
40.6,0.077,-0.273,0.295,0.4707192,-0.16671305,11.69933345,-34.0900001526,-36.4499168396,5.25,1.4867002964,-81.9767532349,-1.14262366295,-18.832901001,0.0449420660734,97650.8666992,-20.9399986267,-310.250854492,False
40.7,-0.095,-0.192,0.318,0.55897905,-0.0588399,12.26811915,-33.7399978638,-36.4499168396,5.38999986649,1.4867002964,-81.9767532349,-1.71452200413,-18.8939781189,0.0606031417847,97648.7792969,-20.9099998474,-310.250854492,False
40.800000000000004,-0.25,-0.181,0.316,0.61781895,-0.3530394,11.9248864,-32.4599990845,-36.4499168396,5.55999994278,1.4867002964,-81.9767532349,-2.41798949242,-18.9384117126,0.0689807757735,97652.5512695,-20.8699989319,-316.271789551,False
40.900000000000006,-0.259,-0.297,0.363,0.6080123,-0.196133,12.05237285,-31.8199996948,-36.8256568909,5.75,1.29931533337,-90.0846405029,-3.17526173592,-18.9560470581,0.0772675797343,97654.0222168,-20.8299999237,-316.271789551,False
41.0,-0.251,-0.426,0.366,0.7256921,-0.3334261,13.3174307,-30.0599994659,-36.8256568909,5.94000005722,1.29931533337,-90.0846405029,-4.21325492859,-18.8976650238,-0.00109789217822,97653.6560059,-20.7899990082,-327.979278564,False
41.1,-0.123,-0.461,0.387,0.8433719,-0.1372931,14.8668814,-27.7299995422,-36.8256568909,6.01999998093,1.29931533337,-90.0846405029,-4.9651632309,-18.8226509094,-0.0904255434871,97651.965332,-20.75,-327.979278564,False
41.2,0.109,-0.421,0.409,0.85317855,1.7546146180499998e-15,14.32751565,-24.9599990845,-40.5524291992,6.03999996185,2.32955765724,-99.5779342651,-5.87414169312,-18.6760749817,-0.187748625875,97652.2033691,-20.7199993134,-329.624572754,False
41.300000000000004,0.328,-0.392,0.378,0.93163175,0.04903325,15.60238015,-21.8699989319,-40.5524291992,6.01999998093,2.32955765724,-99.5779342651,-6.85787630081,-18.443195343,-0.355688035488,97652.911377,-20.6999988556,-330.624664307,False
41.400000000000006,0.375,-0.343,0.36,0.97085835,-0.0196133,16.21039245,-17.9400005341,-40.5524291992,5.84999990463,2.32955765724,-99.5779342651,-7.81038284302,-18.1545143127,-0.608059048653,97656.2866211,-20.6999988556,-301.464355469,False
41.5,0.377,-0.359,0.344,0.6864655,0.08825985,15.09243435,-13.8199996948,-40.5524291992,5.60999965668,2.32955765724,-99.5779342651,-8.80865859985,-17.7603473663,-0.861538410187,97655.480957,-20.7299995422,-300.464233398,False
41.6,0.462,-0.403,0.31,0.79433865,0.16671305,15.70044665,-9.77999973297,-34.1088943481,5.33999967575,3.6156566143,-112.440055847,-8.97176647186,-17.6853961945,-0.897784948349,97653.3630371,-20.7799987793,-296.722412109,False
41.7,0.355,-0.43,0.275,0.784532,0.2745862,16.4947853,-5.40999984741,-34.1088943481,4.96999979019,3.6156566143,-112.440055847,-10.3801336288,-16.8909339905,-1.54198074341,97652.4108887,-20.8500003815,-296.722412109,False
41.800000000000004,0.445,-0.375,0.265,0.6472389,0.4903325,16.36729885,-0.819999992847,-34.1088943481,4.46000003815,3.6156566143,-112.440055847,-10.522600174,-16.7944850922,-1.62501525879,97651.6357422,-20.9599990845,-289.684112549,False
41.900000000000006,0.655,-0.183,0.189,0.57859235,0.59820565,15.19050085,3.5,-34.1088943481,3.81999993324,3.6156566143,-112.440055847,-11.1664676666,-16.3058681488,-1.97957265377,97649.7802734,-21.1199989319,-289.684112549,False
42.0,0.683,-0.088,0.17,0.2941995,0.89240515,13.5920169,7.35999965668,-34.1088943481,3.06999993324,3.6156566143,-112.440055847,-11.9323968887,-15.5946969986,-2.40634441376,97642.7612305,-21.3099994659,-284.091003418,False
42.1,0.771,0.043,0.1,0.10787315,0.4118793,11.32668075,10.4499998093,-19.803647995,2.38999986649,6.86903524399,-122.70236969,-12.2163333893,-15.2577571869,-2.48337864876,97642.2424316,-21.5299987793,-284.091003418,False
42.2,0.816,0.025,0.057,-0.04903325,0.51975245,10.22833595,12.8299999237,-19.803647995,1.74000000954,6.86903524399,-122.70236969,-12.3899679184,-15.0040769577,-2.50174760818,97639.6850586,-21.7700004578,-261.223602295,False
42.300000000000004,0.803,0.013,0.036,-0.06864655,0.44129925,8.8652116,14.4499998093,-19.803647995,1.14999997616,6.86903524399,-122.70236969,-12.4722776413,-14.7981281281,-2.36826848984,97635.369873,-22.0100002289,-261.223602295,False
42.400000000000006,0.714,-0.058,0.023,-0.0588399,0.46091255,9.2967042,15.4899997711,-19.803647995,0.659999966621,6.86903524399,-122.70236969,-12.4796581268,-14.6472845078,-2.30679321289,97628.302002,-22.25,-233.961486816,False
42.5,0.62,-0.037,0.005,-0.0980665,0.3334261,10.4931155,16.2700004578,-19.803647995,0.159999996424,6.86903524399,-122.70236969,-12.4254665375,-14.5544900894,-2.3389775753,97623.3825684,-22.4799995422,-233.961486816,False
42.6,0.575,-0.056,0.013,-0.08825985,0.26477955,11.11093445,16.6299991608,2.61297821999,-0.399999976158,6.58235740662,-123.918388367,-12.3012285233,-14.4603433609,-2.4271030426,97623.6755371,-22.7099990845,-209.374816895,False
42.7,0.519,-0.031,0.028,-0.0588399,0.5295591,11.179581,16.6399993896,2.61297821999,-1.03999996185,6.58235740662,-123.918388367,-12.0803966522,-14.4012174606,-2.54200077057,97619.0917969,-22.9499988556,-209.374816895,False
42.800000000000004,0.484,0.01,0.02,-0.04903325,0.6080123,9.9243298,16.3099994659,2.61297821999,-1.70999991894,6.58235740662,-123.918388367,-11.9753093719,-14.378033638,-2.51916074753,97613.8000488,-23.4599990845,-184.223358154,False
42.900000000000006,0.271,-0.024,0.001,-0.08825985,0.46091255,9.75761675,15.9799995422,11.2102050781,-2.28999996185,6.83798408508,-124.346748352,-11.7196531296,-14.3696250916,-2.45984363556,97612.4511719,-23.4599990845,-184.223358154,False
43.0,0.195,0.154,-0.021,-0.0980665,0.57859235,8.69849855,15.3800001144,11.2102050781,-2.87999987602,6.83798408508,-124.346748352,-11.5614824295,-14.3699550629,-2.36575770378,97603.1677246,-23.7199993134,-155.347824097,False
43.1,0.128,0.05,-0.095,-0.12748645,0.61781895,8.0806796,14.8399991989,11.2102050781,-3.38999986649,6.83798408508,-124.346748352,-11.2962083817,-14.4016399384,-2.08849453926,97607.8308105,-23.9699993134,-155.347824097,False
43.2,0.128,0.05,-0.095,-0.12748645,0.61781895,8.0806796,14.2299995422,11.2102050781,-3.81999993324,6.83798408508,-124.346748352,-11.1464319229,-14.4222049713,-1.92381596565,97602.0812988,-24.1999988556,-139.923095703,False
43.300000000000004,-0.025,0.075,-0.117,-0.1569064,0.63743225,7.5903471,13.6099996567,15.4223499298,-4.21999979019,4.46695756912,-123.728797913,-10.9308843613,-14.4743480682,-1.63246619701,97600.5981445,-24.4099998474,-139.923095703,False
43.400000000000006,-0.047,0.134,-0.139,-0.16671305,0.46091255,7.5707338,12.9299993515,15.4223499298,-4.51999998093,4.46695756912,-123.728797913,-10.7922267914,-14.5081415176,-1.40914273262,97597.3327637,-24.6000003815,-121.456718445,False
43.5,-0.061,0.136,-0.148,-0.2157463,0.48052585,7.1392412,12.2899999619,15.4223499298,-4.73999977112,4.46695756912,-123.728797913,-10.6292028427,-14.5616588593,-1.11031806469,97590.3747559,-24.7600002289,-121.456718445,False
43.6,-0.074,0.134,-0.146,-0.18632635,0.34323275,7.69822025,11.5799999237,15.2495346069,-4.86999988556,1.93336439133,-122.355079651,-10.4694576263,-14.6238107681,-0.839684069157,97589.5263672,-24.8799991608,-101.009750366,False
43.7,-0.095,0.12,-0.13,-0.18632635,0.392266,7.2765343,10.8199996948,15.2495346069,-4.96000003815,1.93336439133,-122.355079651,-10.3989629745,-14.6514511108,-0.722241342068,97588.4643555,-24.9799995422,-101.009750366,False
43.800000000000004,-0.014,0.085,-0.102,-0.2157463,0.4314926,7.99241975,10.029999733,15.2495346069,-5.00999975204,1.93336439133,-122.355079651,-10.1211900711,-14.7737283707,-0.324256777763,97587.4694824,-25.0499992371,-92.5199508667,False
43.900000000000006,-0.091,0.1,-0.105,-0.0980665,0.48052585,8.16893945,9.31999969482,14.5207414627,-5.03999996185,-0.839829683304,-120.643013,-10.0074167252,-14.8342847824,-0.153327077627,97589.1723633,-25.109998703,-92.5199508667,False
44.0,-0.118,0.09,-0.114,-0.26477955,0.4118793,7.69822025,8.55999946594,14.5207414627,-5.02999973297,-0.839829683304,-120.643013,-9.84784126282,-14.9186124802,0.11696318537,97586.4501953,-25.1399993896,-90.744972229,False
44.1,-0.138,-0.005,-0.128,-0.1176798,0.50013915,8.3552658,7.84999990463,14.5207414627,-4.96000003815,-0.839829683304,-120.643013,-9.80128097534,-14.952911377,0.197208493948,97589.453125,-25.1499996185,-90.744972229,False
44.2,-0.106,-0.014,-0.141,-0.1569064,0.2353596,8.9044382,7.08999967575,14.5207414627,-4.85999965668,-0.839829683304,-120.643013,-9.60870456696,-15.0774745941,0.371343195438,97588.3422852,-25.1299991608,-86.2462997437,False
44.300000000000004,-0.029,0.01,-0.091,-0.14709975,0.32361945,9.7281968,6.19999980927,14.5207414627,-4.7999997139,-0.839829683304,-120.643013,-9.51969814301,-15.1365890503,0.397855728865,97588.3422852,-25.109998703,-86.2462997437,False
44.400000000000006,-0.034,-0.009,-0.093,-0.12748645,0.3334261,9.60071035,5.28999996185,12.6093482971,-4.73000001907,-2.48087620735,-117.981788635,-9.32413864136,-15.2706279755,0.489592313766,97587.3718262,-25.0299987793,-78.1560897827,False
44.5,-0.078,0.078,-0.066,-0.1765197,0.36284605,9.414384,4.42000007629,12.6093482971,-4.63999986649,-2.48087620735,-117.981788635,-9.21955299377,-15.3448972702,0.559435963631,97585.8398438,-25.0299987793,-78.1560897827,False
44.6,-0.102,0.079,-0.045,-0.20593965,0.3726527,8.7671451,3.53999996185,12.6093482971,-4.52999973297,-2.48087620735,-117.981788635,-9.08518218994,-15.4492912292,0.711818218231,97589.9536133,-24.9799995422,-84.0963363647,False
44.7,-0.13,0.072,-0.049,-0.14709975,0.46091255,9.28689755,2.75,11.3063430786,-4.36999988556,-3.88388967514,-117.209541321,-8.98902797699,-15.5367422104,0.829662263393,97590.1062012,-24.9300003052,-84.0963363647,False
44.800000000000004,-0.18,0.045,-0.034,-0.22555295,0.59820565,8.67888525,2.00999999046,11.3063430786,-4.19000005722,-3.88388967514,-117.209541321,-8.89546203613,-15.6317205429,0.980786144733,97591.7663574,-24.859998703,-89.2742156982,False
44.900000000000006,-0.181,0.005,-0.028,-0.1372931,0.73549875,9.3359308,1.31999993324,11.3063430786,-3.98000001907,-3.88388967514,-117.209541321,-8.87560749054,-15.6612863541,1.01101851463,97594.0612793,-24.7799987793,-89.2742156982,False
45.0,-0.251,-0.018,-0.06,-0.18632635,0.4903325,9.93413645,0.740000009537,11.3063430786,-3.78999996185,-3.88388967514,-117.209541321,-8.80512619019,-15.7741155624,1.03487038612,97590.3869629,-24.6899986267,-94.7046279907,False
45.1,-0.251,0.018,-0.073,-0.1765197,0.5295591,9.8458766,0.209999993443,11.3063430786,-3.62999987602,-3.88388967514,-117.209541321,-8.7844991684,-15.8434333801,1.06221008301,97593.7927246,-24.6000003815,-94.7046279907,False
45.2,-0.199,0.037,-0.084,-0.1765197,0.4314926,9.4928372,-0.189999997616,6.37299156189,-3.42999982834,-4.72456169128,-116.240531921,-8.77150154114,-15.9095439911,1.10426163673,97596.6796875,-24.5,-98.5412597656,False
45.300000000000004,-0.158,-0.05,-0.07,-0.20593965,0.20593965,9.32612415,-0.579999983311,6.37299156189,-3.21000003815,-4.72456169128,-116.240531921,-8.76167106628,-15.9678897858,1.16412961483,97596.6491699,-24.4099998474,-98.5412597656,False
45.400000000000006,-0.137,-0.054,-0.054,-0.1765197,0.36284605,9.54187045,-0.889999985695,6.37299156189,-2.97000002861,-4.72456169128,-116.240531921,-8.7576379776,-16.0276489258,1.17672884464,97599.9450684,-24.2999992371,-107.497406006,False
45.5,-0.074,-0.118,-0.046,-0.14709975,0.14709975,11.1011278,-1.16999995708,6.37299156189,-2.75999999046,-4.72456169128,-116.240531921,-8.7606306076,-16.037109375,1.15510547161,97600.7263184,-24.1899986267,-107.497406006,False
45.6,-0.061,-0.098,0.009,-0.1176798,0.0980665,11.11093445,-1.4699999094,3.53756022453,-2.61999988556,-4.10533666611,-114.929763794,-8.74654865265,-16.1175136566,0.985635578632,97597.8942871,-24.0900001526,-79.7533035278,False
45.7,-0.06,-0.118,0.045,-0.06864655,0.1569064,11.64049355,-1.75,3.53756022453,-2.52999997139,-4.10533666611,-114.929763794,-8.76031112671,-16.1575698853,0.765857756138,97601.6174316,-24.0,-79.7533035278,False
45.800000000000004,-0.1,-0.023,0.055,-0.12748645,0.2745862,11.52281375,-1.94999992847,3.53756022453,-2.51999998093,-4.10533666611,-114.929763794,-8.76758956909,-16.1771812439,0.633170068264,97607.8186035,-23.9200000763,-85.4837417603,False
45.900000000000006,-0.129,0.09,0.056,-0.14709975,0.2353596,10.83634825,-2.07999992371,2.18066883087,-2.52999997139,-2.89013767242,-115.809738159,-8.81066703796,-16.1905002594,0.552252233028,97602.0935059,-23.8699989319,-85.4837417603,False
46.0,-0.128,0.023,0.054,-0.16671305,0.2157463,9.8262633,-2.09999990463,2.18066883087,-2.5,-2.89013767242,-115.809738159,-8.82928466797,-16.1980686188,0.561277270317,97607.2631836,-23.8299999237,-97.5141525269,False
46.1,-0.091,0.021,0.071,-0.1569064,0.2157463,9.1594111,-2.11999988556,2.18066883087,-2.41999983788,-2.89013767242,-115.809738159,-8.88934421539,-16.1980724335,0.625306546688,97607.1166992,-23.7799987793,-97.5141525269,False
46.2,-0.055,8.08266887437e-18,0.066,-0.1176798,0.2941995,9.414384,-1.99000000954,2.18066883087,-2.28999996185,-2.89013767242,-115.809738159,-8.94212055206,-16.194021225,0.677980840206,97608.380127,-23.7399997711,-108.167076111,False
46.300000000000004,-0.063,-0.073,0.049,-0.1569064,0.2745862,9.65955025,-1.87000000477,0.522447347641,-2.15999984741,-3.35086131096,-117.253501892,-9.0066986084,-16.1817207336,0.728306949139,97608.380127,-23.6899986267,-108.167076111,False
46.400000000000006,-0.072,-0.077,0.048,-0.2353596,0.40207265,9.4928372,-1.57999992371,0.522447347641,-1.99000000954,-3.35086131096,-117.253501892,-9.07514572144,-16.1561050415,0.778957605362,97612.097168,-23.6199989319,-100.800895691,False
46.5,0.021,-0.102,0.011,-0.06864655,0.53936575,10.8265416,-1.27999997139,0.522447347641,-1.80999994278,-3.35086131096,-117.253501892,-9.15569019318,-16.1259670258,0.756089508533,97611.7370605,-23.5499992371,-100.800895691,False
46.6,0.035,-0.102,0.005,-0.08825985,0.3530394,11.13054775,-0.8599999547,0.522447347641,-1.66999995708,-3.35086131096,-117.253501892,-9.24253082275,-16.0940055847,0.605308234692,97611.8103027,-23.4699993134,-105.52482605,False
46.7,-0.019,-0.05,0.007,0.0,0.3334261,11.75817335,-0.539999961853,0.198440641165,-1.62999999523,-1.58822619915,-118.133789062,-9.27824497223,-16.0783214569,0.502535700798,97613.1286621,-23.4099998474,-105.52482605,False
46.800000000000004,0.012,0.015,0.034,-0.18632635,0.36284605,9.97336305,-0.179999992251,0.198440641165,-1.62000000477,-1.58822619915,-118.133789062,-9.31105422974,-16.0649414062,0.453643023968,97612.890625,-23.3500003815,-106.1170578,False
46.900000000000006,0.005,0.008,0.034,-0.0784532,0.53936575,9.5516771,0.0999999940395,0.198440641165,-1.54999995232,-1.58822619915,-118.133789062,-9.42503929138,-15.9992103577,0.451363831758,97612.8967285,-23.2999992371,-106.1170578,False
47.0,0.021,-0.071,0.023,-0.1765197,0.46091255,9.54187045,0.569999992847,0.198440641165,-1.43999993801,-1.58822619915,-118.133789062,-9.48124217987,-15.9586687088,0.505185365677,97613.885498,-23.2199993134,-107.240867615,False
47.1,-0.024,-0.04,0.02,-0.10787315,0.4511059,9.9047165,0.569999992847,0.198440641165,-1.43999993801,-1.58822619915,-118.133789062,-9.51234436035,-15.936630249,0.535039663315,97617.010498,-23.2199993134,-107.240867615,False
47.2,0.058,-0.048,0.027,-0.18632635,0.4118793,11.52281375,1.42999994755,0.216942042112,-1.18999993801,-1.21506083012,-118.755119324,-9.61060237885,-15.8544330597,0.425264716148,97616.4245605,-23.1700000763,-104.618263245,False
47.300000000000004,0.058,-0.045,0.028,-0.10787315,0.5099458,12.22889255,1.86000001431,0.216942042112,-1.19999992847,-1.21506083012,-118.755119324,-9.6654510498,-15.800450325,0.218712642789,97615.6005859,-23.1199989319,-104.618263245,False
47.400000000000006,0.032,-0.044,0.023,-0.10787315,0.5687857,11.56204035,2.28999996185,0.216942042112,-1.27999997139,-1.21506083012,-118.755119324,-9.71522521973,-15.7278661728,0.0528190396726,97620.0073242,-23.0900001526,-103.13835144,False
47.5,0.066,-0.018,0.032,-0.10787315,0.26477955,11.26784085,2.63999986649,0.216942042112,-1.33999991417,-1.21506083012,-118.755119324,-9.74532222748,-15.6926755905,-0.0681822150946,97620.3308105,-23.0799999237,-103.13835144,False
47.6,0.252,-0.039,0.033,0.0196133,0.196133,12.83690485,2.99000000954,2.88801121712,-1.45999991894,-0.257315963507,-119.684669495,-9.74119567871,-15.6779623032,-0.331610351801,97617.1325684,-23.0799999237,-98.3709335327,False
47.7,0.012,-0.052,0.091,0.0,0.34323275,12.30734575,3.05999994278,2.88801121712,-1.70999991894,-0.257315963507,-119.684669495,-9.74957847595,-15.6594924927,-0.473545014858,97619.5678711,-23.109998703,-98.3709335327,False
47.800000000000004,-0.078,-0.047,0.116,-0.06864655,0.42168595,11.4345539,3.25999999046,2.88801121712,-2.0,-0.257315963507,-119.684669495,-9.77099704742,-15.592215538,-0.666313111782,97620.7336426,-23.1499996185,-89.9854660034,False
47.900000000000006,-0.1,-0.03,0.096,-0.0196133,0.7060788,10.87557485,3.56999993324,2.88801121712,-2.24000000954,-0.257315963507,-119.684669495,-9.83281230927,-15.5162391663,-0.779986560345,97618.7072754,-23.2199993134,-89.9854660034,False
48.0,-0.115,0.062,0.034,-0.1372931,0.8825985,11.1599677,4.17000007629,2.88801121712,-2.52999997139,-0.257315963507,-119.684669495,-9.88043403625,-15.4505271912,-0.825515627861,97615.4724121,-23.2999992371,-88.4601593018,False
48.1,-0.066,0.13,-0.062,-0.1176798,0.69627215,9.34573745,4.75,1.1967343092,-2.76999998093,-0.364610105753,-121.575920105,-9.95901012421,-15.3694391251,-0.731962144375,97618.8903809,-23.3799991608,-88.4601593018,False
48.2,0.086,0.15,-0.095,-0.2353596,0.5491724,8.20816605,5.33999967575,1.1967343092,-2.91999983788,-0.364610105753,-121.575920105,-9.99428939819,-15.3355789185,-0.581452071667,97615.057373,-23.4699993134,-83.7032318115,False
48.300000000000004,0.044,0.107,-0.082,-0.2353596,0.2549729,7.44324735,5.71000003815,1.1967343092,-2.96000003815,-0.364610105753,-121.575920105,-10.0189599991,-15.3074884415,-0.389233469963,97614.0625,-23.5299987793,-83.7032318115,False
48.400000000000006,0.103,0.02,-0.05,-0.2157463,0.1176798,8.237586,6.05999994278,1.1967343092,-2.88999986649,-0.364610105753,-121.575920105,-10.0247240067,-15.2945575714,-0.192700386047,97615.222168,-23.5699996948,-72.7382659912,False
48.5,0.28,-0.007,0.008,-0.2549729,0.18632635,8.54159215,6.21999979019,2.79539203644,-2.83999991417,-2.45063853264,-120.058990479,-10.0172843933,-15.2907686234,0.0465168319643,97611.9750977,-23.5900001526,-72.7382659912,False
48.6,0.204,0.03,0.033,-0.3138128,0.20593965,8.18855275,6.38999986649,2.79539203644,-2.70000004768,-2.45063853264,-120.058990479,-10.0130376816,-15.2869157791,0.154819577932,97609.4299316,-23.5799999237,-73.1801986694,False
48.7,-0.065,-0.035,0.058,-0.196133,0.5491724,9.80665,6.48000001907,2.79539203644,-2.55999994278,-2.45063853264,-120.058990479,-10.0144643784,-15.2861661911,0.219927623868,97611.4501953,-23.5499992371,-73.1801986694,False
48.800000000000004,-0.045,0.006,0.04,-0.2353596,0.55897905,9.85568325,6.65999984741,2.79539203644,-2.48000001907,-2.45063853264,-120.058990479,-10.0229187012,-15.2823667526,0.248806387186,97613.3544922,-23.5199985504,-70.1955795288,False
48.900000000000006,0.051,0.023,-0.024,-0.10787315,0.71588545,9.44380395,6.83999967575,5.25557327271,-2.38999986649,-2.51088500023,-120.949783325,-10.0287027359,-15.2811717987,0.297398090363,97614.2944336,-23.4799995422,-70.1955795288,False
49.0,-0.007,0.057,-0.043,-0.0392266,0.83356525,9.5909037,7.11999988556,5.25557327271,-2.25999999046,-2.51088500023,-120.949783325,-10.0753307343,-15.2806501389,0.395093053579,97614.2944336,-23.4399986267,-62.5732421875,False
49.1,0.018,0.093,-0.097,-0.06864655,0.50013915,9.3751574,7.28999996185,5.25557327271,-2.13999986649,-2.51088500023,-120.949783325,-10.0989313126,-15.3023681641,0.507597386837,97610.3271484,-23.3999996185,-62.5732421875,False
49.2,-0.044,-0.004,-0.102,-0.16671305,0.48052585,9.80665,7.48000001907,5.25557327271,-1.95999991894,-2.51088500023,-120.949783325,-10.0990304947,-15.3333492279,0.485702365637,97614.5629883,-23.3400001526,-65.6051635742,False
49.300000000000004,-0.027,0.01,-0.098,-0.1372931,0.28439285,10.77750835,7.5,5.39701795578,-1.86000001431,-3.61098694801,-119.144889832,-10.0863628387,-15.3813056946,0.423723310232,97611.9689941,-23.2899990082,-65.6051635742,False
49.400000000000006,0.006,0.03,-0.049,-0.0784532,0.06864655,9.54187045,7.44999980927,5.39701795578,-1.79999995232,-3.61098694801,-119.144889832,-10.0591173172,-15.4288187027,0.46653342247,97615.5456543,-23.2399997711,-67.9035186768,False
49.5,0.084,0.002,-0.005,-0.1569064,0.1765197,9.218251,7.30999994278,5.39701795578,-1.67999994755,-3.61098694801,-119.144889832,-10.0411081314,-15.4645376205,0.495903998613,97615.3076172,-23.1899986267,-67.9035186768,False
49.6,0.051,-0.051,6.245698675650001e-18,-0.08825985,0.1569064,9.8851032,7.19999980927,5.39701795578,-1.55999994278,-3.61098694801,-119.144889832,-10.0056037903,-15.5182847977,0.518481791019,97619.2504883,-23.1000003815,-77.2260665894,False
49.7,0.007,-0.077,0.039,-0.1176798,0.30400615,10.0616229,6.94999980927,5.39701795578,-1.42999994755,-3.61098694801,-119.144889832,-9.98087882996,-15.5529966354,0.5270601511,97620.1538086,-23.1000003815,-77.2260665894,False
49.800000000000004,-0.297,-0.098,0.06,-0.02941995,0.3138128,9.62032365,6.88999986649,5.64209508896,-1.29999995232,-2.88556957245,-119.245651245,-9.9627494812,-15.586558342,0.581013858318,97618.182373,-23.0399990082,-79.5215606689,False
49.900000000000006,-0.282,-0.054,0.052,-0.0392266,0.3334261,10.14988275,6.88999986649,5.64209508896,-1.14999997616,-2.88556957245,-119.245651245,-9.99168586731,-15.5937662125,0.589712142944,97618.5668945,-22.9799995422,-79.5215606689,False
50.0,-0.169,-0.049,0.033,-0.10787315,0.4903325,9.2378643,7.07999992371,5.64209508896,-1.01999998093,-2.88556957245,-119.245651245,-10.005604744,-15.5902662277,0.660201787949,97620.9411621,-22.9300003052,-83.1619262695,True
50.1,0.171,0.026,-0.014,0.0,0.2745862,9.1005712,7.19000005722,3.6335773468,-0.810000002384,-2.39669847488,-119.895935059,-10.0178260803,-15.5920877457,0.743620693684,97619.6594238,-22.7899990082,-89.330291748,True
50.2,0.182,0.042,0.001,-0.0392266,0.18632635,10.9049948,7.33999967575,3.6335773468,-0.569999992847,-2.39669847488,-119.895935059,-10.0201187134,-15.6227750778,0.674654901028,97620.8129883,-22.7899990082,-89.330291748,True
50.300000000000004,0.133,6.3681633555700005e-18,0.052,-0.10787315,0.588399,10.591182,7.38999986649,3.6335773468,-0.479999989271,-2.39669847488,-119.895935059,-10.0366306305,-15.6272611618,0.649990618229,97622.076416,-22.7199993134,-89.330291748,True
50.400000000000006,-0.017,-0.055,-0.05,0.0588399,0.55897905,9.9635564,7.59999990463,3.6335773468,-0.319999992847,-2.39669847488,-119.895935059,-10.0663146973,-15.6402654648,0.638692140579,97623.5900879,-22.6499996185,-84.5830917358,True
50.5,-0.039,0.007,-0.071,0.0196133,0.4314926,9.81645665,7.67999982834,3.6335773468,-0.179999992251,-2.39669847488,-119.895935059,-10.0709342957,-15.6646156311,0.618733406067,97627.7526855,-22.5799999237,-84.5830917358,True
50.6,-0.072,0.015,-0.061,0.08825985,0.3334261,9.65955025,7.78999996185,5.33807849884,-0.0399999991059,-2.38931298256,-119.645622253,-10.0611114502,-15.6907110214,0.659589469433,97626.8859863,-22.5199985504,-86.0963821411,True
50.7,0.036,0.048,-0.071,0.0,0.26477955,9.1790244,7.73999977112,5.33807849884,0.140000000596,-2.38931298256,-119.645622253,-10.0629177094,-15.7104692459,0.763539195061,97623.9685059,-22.4599990845,-86.0963821411,True
50.800000000000004,0.022,-0.008,-0.043,0.0,0.46091255,8.95347145,7.77999973297,5.33807849884,0.409999996424,-2.38931298256,-119.645622253,-10.057882309,-15.7335367203,0.849762558937,97627.5085449,-22.3799991608,-93.6742782593,True
50.900000000000006,0.045,-0.059,-0.029,0.0784532,0.4903325,10.7088618,7.78999996185,5.8108382225,0.659999966621,-2.66062927246,-119.062080383,-10.0483875275,-15.7785558701,0.745396733284,97626.763916,-22.2999992371,-93.6742782593,True
51.0,0.042,-0.064,-0.033,0.1372931,0.69627215,11.179581,7.76999998093,5.8108382225,0.799999952316,-2.66062927246,-119.062080383,-10.0446605682,-15.8088846207,0.649516522884,97628.6987305,-22.2099990845,-104.473686218,True
51.1,0.053,-0.028,-0.035,0.02941995,0.42168595,11.2188076,7.66999959946,5.8108382225,0.899999976158,-2.66062927246,-119.062080383,-10.0192775726,-15.849155426,0.525929391384,97632.3181152,-22.1399993896,-104.473686218,True
51.2,0.106,-0.012,-0.035,0.0784532,0.6276256,10.6892485,7.57999992371,5.8108382225,0.969999969006,-2.66062927246,-119.062080383,-10.0012607574,-15.8812093735,0.437184900045,97628.1433105,-22.0799999237,-104.442405701,True
51.300000000000004,0.037,-0.054,-0.043,0.0,0.4903325,10.4342756,7.42999982834,7.24980449677,1.04999995232,-2.03240919113,-118.402259827,-9.94352340698,-15.9216060638,0.355670422316,97632.4890137,-22.0299987793,-104.442405701,True
51.400000000000006,0.137,-0.116,-0.045,0.18632635,0.4511059,11.7287534,7.23000001907,7.24980449677,1.11000001431,-2.03240919113,-118.402259827,-9.93040561676,-15.93085289,0.324734002352,97630.9326172,-22.0,-105.393791199,True
51.5,0.084,-0.065,-0.008,0.1176798,0.14709975,12.18966595,6.7999997139,7.24980449677,1.04999995232,-2.03240919113,-118.402259827,-9.75541305542,-16.0297203064,-0.0531861446798,97629.8095703,-21.9699993134,-105.393791199,True
51.6,0.082,-0.06,0.028,0.1372931,0.14709975,11.99353295,6.21000003815,7.24980449677,0.930000007153,-2.03240919113,-118.402259827,-9.6822052002,-16.0601272583,-0.163929104805,97635.4125977,-21.9699993134,-25.8159637451,True
51.7,-0.031,-0.037,0.083,0.0588399,0.48052585,10.71866845,5.60999965668,9.08437824249,0.799999952316,-0.294395565987,-118.32182312,-9.59758758545,-16.0845661163,-0.265788972378,97631.1950684,-21.9799995422,-25.8159637451,True
51.800000000000004,-0.065,-0.115,0.079,0.00980665,0.44129925,10.4931155,5.23999977112,9.08437824249,0.689999997616,-0.294395565987,-118.32182312,-9.49507045746,-16.0984745026,-0.336508363485,97635.9741211,-22.0100002289,-26.008605957,True
51.900000000000006,-0.12,-0.101,0.058,0.0980665,0.77472535,10.87557485,4.7999997139,9.08437824249,0.569999992847,-0.294395565987,-118.32182312,-9.42816066742,-16.0750846863,-0.450640887022,97632.0495605,-22.0499992371,-26.008605957,True
52.0,-0.148,-0.083,-0.006,0.08825985,0.7256921,11.52281375,4.65999984741,9.08437824249,0.409999996424,-0.294395565987,-118.32182312,-9.37815761566,-16.0539665222,-0.56088835001,97634.7473145,-22.0900001526,-22.8511810303,True
52.1,-0.169,-0.083,-0.057,0.10787315,0.81395195,12.1406327,4.40000009537,7.11621809006,0.189999997616,1.8029974699,-119.14263916,-9.30727767944,-15.997551918,-0.789922773838,97633.1176758,-22.1399993896,-22.8511810303,True
52.2,-0.169,-0.083,-0.057,0.10787315,0.81395195,12.1406327,4.2999997139,7.11621809006,-0.0899999961257,1.8029974699,-119.14263916,-9.2655134201,-15.9471416473,-0.959191322327,97633.1176758,-22.2099990845,-14.2234802246,True
52.300000000000004,-0.14,-0.08,-0.069,0.08825985,0.4511059,11.83662655,4.17000007629,7.11621809006,-0.439999997616,1.8029974699,-119.14263916,-9.21062278748,-15.870970726,-1.15356004238,97633.8989258,-22.2999992371,-14.2234802246,True
52.400000000000006,-0.089,-0.055,-0.078,0.04903325,0.53936575,10.7677017,4.19999980927,5.02277231216,-0.819999992847,3.01040887833,-118.256118774,-9.1906042099,-15.8201026917,-1.21160757542,97628.4179688,-22.4099998474,-2.2274017334,True
52.5,-0.008,-0.013,-0.044,0.18632635,0.44129925,11.4737805,4.15999984741,5.02277231216,-1.17999994755,3.01040887833,-118.256118774,-9.14835071564,-15.7570524216,-1.31338822842,97631.3598633,-22.5299987793,-2.2274017334,True
52.6,0.01,0.039,-0.024,0.0784532,0.20593965,10.36562905,4.21000003815,5.02277231216,-1.62000000477,3.01040887833,-118.256118774,-9.06763553619,-15.6297426224,-1.46961796284,97623.5778809,-22.6700000763,19.201374054,True
52.7,0.013,0.124,0.007,0.0392266,0.40207265,8.2179727,4.11999988556,5.02277231216,-1.97999989986,3.01040887833,-118.256118774,-9.05088043213,-15.5515604019,-1.30170059204,97623.8464355,-22.8099994659,19.201374054,True
52.800000000000004,0.02,0.172,-0.002,0.0,0.22555295,7.2961476,4.33999967575,5.02277231216,-2.15999984741,3.01040887833,-118.256118774,-9.03949356079,-15.4839572906,-0.938548445702,97622.5280762,-22.9499988556,32.7049255371,True
52.900000000000006,-0.012,0.187,0.026,-0.02941995,0.50013915,6.81562175,4.42000007629,4.65962123871,-2.22000002861,1.43903362751,-117.730430603,-9.05041599274,-15.4375743866,-0.669024348259,97616.8518066,-23.0599994659,32.7049255371,True
53.0,0.011,0.126,0.001,0.0,0.57859235,6.8058151,4.63000011444,4.65962123871,-2.16999983788,1.43903362751,-117.730430603,-9.05918693542,-15.3925304413,-0.284697204828,97615.6005859,-23.1299991608,41.0369873047,True
53.1,-0.07,0.038,-0.017,0.0,0.40207265,7.18827445,4.76999998093,4.65962123871,-2.04999995232,1.43903362751,-117.730430603,-9.07947921753,-15.3618516922,-0.0474868044257,97614.0808105,-23.1700000763,41.0369873047,True
53.2,-0.039,0.035,-0.024,-0.0196133,0.2941995,7.83551335,4.98000001907,4.65962123871,-1.87000000477,1.43903362751,-117.730430603,-9.07662010193,-15.3409957886,0.171698018909,97613.0859375,-23.1800003052,48.2175827026,True
53.300000000000004,0.003,-0.013,0.011,0.0392266,0.4314926,7.9041599,5.0,4.37052774429,-1.69999992847,-0.373120546341,-117.834754944,-9.08339881897,-15.3117179871,0.414083272219,97615.246582,-23.1599998474,48.2175827026,True
53.400000000000006,-0.009,-0.037,0.024,0.0,0.53936575,8.34545915,5.17000007629,4.37052774429,-1.4699999094,-0.373120546341,-117.834754944,-9.09832286835,-15.2870454788,0.514957845211,97614.3493652,-23.1199989319,59.1941833496,True
53.5,-0.007,-0.028,3.4290110376100003e-18,0.16671305,0.50013915,10.01258965,5.28999996185,4.37052774429,-1.27999997139,-0.373120546341,-117.834754944,-9.10702419281,-15.2700386047,0.509832799435,97615.9667969,-23.0599994659,59.1941833496,True
53.6,-0.046,-0.018,-0.018,0.10787315,0.4118793,10.60098865,5.46999979019,4.22350168228,-1.18999993801,0.104218013585,-117.97832489,-9.1286277771,-15.233792305,0.418387591839,97618.0847168,-23.0100002289,59.6185684204,True
53.7,-0.072,0.002,-0.028,0.1569064,0.53936575,10.93441475,5.5499997139,4.22350168228,-1.12000000477,0.104218013585,-117.97832489,-9.12884616852,-15.224937439,0.37877625227,97617.6635742,-22.9599990845,59.6185684204,True
53.800000000000004,-0.074,0.096,-0.064,0.16671305,0.50013915,10.09104285,5.73000001907,4.22350168228,-1.07999992371,0.104218013585,-117.97832489,-9.13318538666,-15.2127037048,0.362706243992,97620.489502,-22.9200000763,64.4358673096,True
53.900000000000006,0.007,-0.029,-0.036,0.1569064,0.4707192,10.01258965,5.71000003815,4.22350168228,-1.0,0.104218013585,-117.97832489,-9.15373516083,-15.1973924637,0.362560600042,97620.2880859,-22.8799991608,64.4358673096,True
54.0,-0.017,-0.026,-0.029,0.1176798,0.34323275,10.34601575,5.8799996376,4.22350168228,-0.930000007153,0.104218013585,-117.97832489,-9.15405464172,-15.189365387,0.336054742336,97617.8955078,-22.8500003815,66.3519897461,True
54.1,0.027,0.031,-0.007,0.196133,0.26477955,10.16949605,5.94000005722,3.88610959053,-0.879999995232,-0.478436350822,-117.19694519,-9.15988636017,-15.1816062927,0.305808395147,97616.8151855,-22.8199996948,66.3519897461,True
54.2,0.124,0.067,-8.20513355429e-18,0.2353596,0.32361945,9.89490985,6.01999998093,3.88610959053,-0.819999992847,-0.478436350822,-117.19694519,-9.15517902374,-15.1904687881,0.30284678936,97622.5219727,-22.7799987793,70.3549346924,True
54.300000000000004,0.073,0.026,0.014,0.1765197,0.40207265,9.73800345,5.88999986649,3.88610959053,-0.759999990463,-0.478436350822,-117.19694519,-9.13426017761,-15.2110815048,0.33104750514,97618.170166,-22.7600002289,70.3549346924,True
54.400000000000006,0.079,-0.026,0.059,0.20593965,0.588399,9.93413645,5.86999988556,3.88610959053,-0.680000007153,-0.478436350822,-117.19694519,-9.12633705139,-15.2199239731,0.316123515368,97623.5046387,-22.7299995422,67.5947189331,True
54.5,-0.006,-0.065,0.041,0.16671305,0.3530394,10.1596894,5.77999973297,3.88610959053,-0.620000004768,-0.478436350822,-117.19694519,-9.10817050934,-15.2308568954,0.305177003145,97623.1079102,-22.6999988556,67.5947189331,True
54.6,0.067,-0.032,0.016,0.2549729,0.4511059,10.1204628,5.71000003815,6.13295030594,-0.560000002384,-0.443942725658,-118.0989151,-9.06855106354,-15.2538003922,0.291913688183,97621.5209961,-22.6700000763,71.8415222168,True
54.7,0.039,-0.069,0.016,0.2745862,0.46091255,10.395049,5.44999980927,6.13295030594,-0.5,-0.443942725658,-118.0989151,-9.04836845398,-15.2686004639,0.245738133788,97621.6369629,-22.6399993896,71.8415222168,True
54.800000000000004,0.104,-0.058,0.023,0.3530394,0.2941995,11.36590735,5.25999975204,6.13295030594,-0.469999998808,-0.443942725658,-118.0989151,-8.99253940582,-15.3026685715,0.11855892837,97623.3886719,-22.6199989319,70.5026626587,True
54.900000000000006,-0.037,0.008,0.049,0.2941995,0.16671305,10.62060195,4.88999986649,7.11821985245,-0.519999980927,0.193962648511,-118.58467865,-8.92916584015,-15.3331289291,0.0441219992936,97621.5454102,-22.6000003815,70.5026626587,True
55.0,-0.081,0.022,0.077,0.3530394,0.48052585,10.4538889,4.52999973297,7.11821985245,-0.560000002384,0.193962648511,-118.58467865,-8.88115406036,-15.363199234,0.000394150760258,97622.3876953,-22.6000003815,66.5816345215,True
55.1,-0.14,0.043,0.077,0.38245935,0.5687857,10.54214875,4.23000001907,7.11821985245,-0.579999983311,0.193962648511,-118.58467865,-8.8634595871,-15.3766279221,-0.0653601363301,97624.21875,-22.6000003815,66.5816345215,True
55.2,-0.12,0.111,0.066,0.38245935,0.4903325,10.4538889,4.08999967575,7.11821985245,-0.669999957085,0.193962648511,-118.58467865,-8.85666942596,-15.3936672211,-0.0287690479308,97622.5585938,-22.609998703,70.1695404053,True
55.300000000000004,-0.005,0.16,0.032,0.20593965,0.69627215,6.9431082,3.95999979973,5.34198093414,-0.629999995232,-1.35687232018,-120.22228241,-8.90574455261,-15.3894672394,0.297598540783,97616.0583496,-22.6199989319,70.1695404053,True
55.400000000000006,-0.005,0.074,-0.013,0.1569064,0.65704555,7.1392412,4.15000009537,5.34198093414,-0.409999996424,-1.35687232018,-120.22228241,-8.94075965881,-15.3915128708,0.491632163525,97620.6237793,-22.609998703,65.50340271,True
55.5,-0.109,0.115,-0.056,0.1569064,0.53936575,7.9041599,4.28999996185,5.34198093414,-0.170000001788,-1.35687232018,-120.22228241,-8.96879291534,-15.396736145,0.620805025101,97623.1079102,-22.5799999237,65.50340271,True
55.6,-0.094,0.043,-0.08,0.2353596,0.6080123,9.5320638,4.40999984741,4.58834505081,0.0799999982119,-3.00294089317,-119.965835571,-9.02427482605,-15.4359798431,0.740337610245,97622.8210449,-22.5199985504,58.9644432068,True
55.7,-0.037,0.055,-0.068,0.1765197,0.42168595,10.48330885,4.42000007629,4.58834505081,0.25,-3.00294089317,-119.965835571,-9.06313323975,-15.475564003,0.712994217873,97625.6713867,-22.4499988556,58.9644432068,True
55.800000000000004,-0.018,0.017,-0.047,0.14709975,0.40207265,9.48303055,4.53999996185,4.58834505081,0.42999997735,-3.00294089317,-119.965835571,-9.08869743347,-15.5055532455,0.75428134203,97624.5849609,-22.3799991608,52.2680282593,True
55.900000000000006,0.058,-0.026,-0.036,0.1372931,0.48052585,9.40457735,4.53999996185,4.58834505081,0.42999997735,-3.00294089317,-119.965835571,-9.09317493439,-15.5225963593,0.777843356133,97627.1179199,-22.3799991608,52.2680282593,True
56.0,-0.046,-0.089,-0.029,0.1176798,0.2745862,9.5320638,4.56999969482,4.17690086365,0.909999966621,-3.59866142273,-119.008125305,-9.15890598297,-15.5994091034,0.828147947788,97627.0935059,-22.2199993134,40.2544021606,True
56.1,-0.116,-0.131,0.009,0.2549729,0.85317855,11.05209455,4.52999973297,4.17690086365,1.11000001431,-3.59866142273,-119.008125305,-9.17306804657,-15.6040830612,0.80622780323,97627.2644043,-22.1299991608,40.2544021606,True
56.2,-0.136,-0.069,-0.045,0.2941995,0.55897905,11.964113,4.75999975204,4.17690086365,1.20999991894,-3.59866142273,-119.008125305,-9.25293540955,-15.6384191513,0.530291736126,97633.5266113,-22.0499992371,36.6599082947,True
56.300000000000004,-0.079,0.02,-0.057,0.24516625,0.784532,10.87557485,4.90000009537,2.73188138008,1.25,-2.07693934441,-118.136482239,-9.32109165192,-15.6393041611,0.415751069784,97630.3894043,-21.9899997711,36.6599082947,True
56.400000000000006,-0.164,-0.056,-0.079,0.16671305,0.42168595,10.6696352,5.23999977112,2.73188138008,1.28999996185,-2.07693934441,-118.136482239,-9.37030410767,-15.6446914673,0.343193352222,97634.3261719,-21.9499988556,29.61769104,True
56.5,0.114,-0.096,-0.088,0.2941995,0.44129925,11.7287534,6.19999980927,2.73188138008,1.35000002384,-2.07693934441,-118.136482239,-9.41673278809,-15.649515152,0.184516713023,97628.90625,-21.9099998474,29.61769104,True
56.6,0.072,-0.126,-0.062,0.2549729,0.1176798,11.4737805,6.44999980927,2.73188138008,1.29999995232,-2.07693934441,-118.136482239,-9.41877746582,-15.6648445129,0.0421601757407,97633.8989258,-21.8899993896,20.0575828552,True
56.7,0.035,-0.156,0.032,0.20593965,0.20593965,11.1991943,6.40999984741,2.73188138008,1.23000001907,-2.07693934441,-118.136482239,-9.40682697296,-15.6682043076,-0.0700375437737,97633.416748,-21.8799991608,20.0575828552,True
56.800000000000004,0.015,-0.139,0.065,0.3138128,0.2745862,11.8072066,8.14999961853,3.28412747383,1.12999999523,0.506968140602,-116.877784729,-9.38725757599,-15.6502599716,-0.278666555882,97632.5134277,-21.8999996185,83.9696884155,True
56.900000000000006,0.034,-0.107,0.089,0.28439285,0.5099458,11.97391965,8.22999954224,3.28412747383,0.969999969006,0.506968140602,-116.877784729,-9.38923072815,-15.6036128998,-0.510903716087,97632.2265625,-21.9200000763,83.9696884155,True
57.0,-0.055,-0.037,0.07,0.2353596,0.63743225,10.77750835,10.3000001907,3.28412747383,0.729999959469,0.506968140602,-116.877784729,-9.40171813965,-15.5602407455,-0.592587649822,97631.7321777,-21.9699993134,79.0107727051,True
57.1,0.091,0.004,0.023,0.24516625,0.6276256,10.3754357,10.6999998093,3.28412747383,0.539999961853,0.506968140602,-116.877784729,-9.42154312134,-15.4914922714,-0.605068385601,97632.3120117,-22.0299987793,79.0107727051,True
57.2,0.17,0.005,-0.061,0.2745862,0.85317855,9.91452315,11.1899995804,4.42111539841,0.389999985695,2.07852554321,-118.190383911,-9.43138408661,-15.4637136459,-0.585865855217,97631.3049316,-22.1000003815,87.4311447144,True
57.300000000000004,0.268,0.076,-0.137,0.20593965,0.26477955,9.65955025,15.2100000381,4.42111539841,0.289999991655,2.07852554321,-118.190383911,-9.40137577057,-15.4388256073,-0.534397602081,97631.7016602,-22.1700000763,87.4311447144,True
57.400000000000006,0.272,0.094,-0.132,0.3138128,0.38245935,9.85568325,15.5,4.42111539841,0.179999992251,2.07852554321,-118.190383911,-9.32477092743,-15.4386720657,-0.498373895884,97628.515625,-22.2299995422,93.7759399414,True
57.5,0.24,-0.028,-0.055,0.14709975,0.08825985,9.2770909,18.5,4.42111539841,0.109999999404,2.07852554321,-118.190383911,-9.28821086884,-15.4446725845,-0.453352630138,97630.1513672,-22.2799987793,93.7759399414,True
57.6,0.327,-0.044,-0.03,0.3334261,0.14709975,11.22861425,18.5399990082,9.21510982513,0.0299999993294,1.13123178482,-116.403686523,-9.07579040527,-15.5056152344,-0.579057335854,97626.6235352,-22.3199996948,97.3975219727,True
57.7,0.505,0.044,0.011,0.34323275,0.38245935,11.87585315,22.8999996185,9.21510982513,-0.140000000596,1.13123178482,-116.403686523,-8.86381435394,-15.5826787949,-0.750339567661,97630.456543,-22.3699989319,97.3975219727,True
57.800000000000004,0.06,0.046,0.049,0.2941995,0.59820565,9.34573745,22.7600002289,9.21510982513,-0.389999985695,1.13123178482,-116.403686523,-8.74629020691,-15.62479496,-0.703843533993,97628.0517578,-22.4399986267,105.704406738,True
57.900000000000006,0.086,0.063,0.006,0.2157463,0.65704555,9.77723005,22.7399997711,14.8477859497,-0.5,0.978430449963,-116.719764709,-8.56919002533,-15.6867761612,-0.643716275692,97624.0234375,-22.5100002289,105.704406738,True
58.0,0.095,0.094,-0.041,0.20593965,0.61781895,9.1986377,25.7699985504,14.8477859497,-0.620000004768,0.978430449963,-116.719764709,-8.43978786469,-15.7407913208,-0.56657743454,97626.739502,-22.5699996948,107.763290405,True
58.1,0.105,0.004,-0.081,0.22555295,0.65704555,9.6497436,25.75,14.8477859497,-0.680000007153,0.978430449963,-116.719764709,-8.27900695801,-15.810459137,-0.510681688786,97626.2878418,-22.6299991608,107.763290405,True
58.2,0.102,0.037,-0.112,0.2353596,0.51975245,9.4536106,31.1199989319,14.8477859497,-0.769999980927,0.978430449963,-116.719764709,-8.13824748993,-15.8765707016,-0.450625360012,97625.4272461,-22.6800003052,109.710403442,True
58.300000000000004,0.165,0.02,-0.162,0.08825985,0.61781895,7.9433865,31.2999992371,17.1992149353,-0.769999980927,-0.3862208426,-115.730209351,-7.93233394623,-15.9630012512,-0.147470757365,97619.342041,-22.7199993134,109.710403442,True
58.400000000000006,0.179,-0.013,-0.202,0.16671305,0.5295591,7.20788775,31.5599994659,17.1992149353,-0.629999995232,-0.3862208426,-115.730209351,-7.78521871567,-16.0320587158,0.155301481485,97622.7294922,-22.7399997711,114.506820679,True
58.5,0.221,-0.067,-0.229,0.10787315,0.20593965,7.9041599,33.0299987793,17.1992149353,-0.389999985695,-0.3862208426,-115.730209351,-7.61942100525,-16.1020431519,0.337450683117,97623.3886719,-22.7399997711,114.506820679,True
58.6,0.282,-0.014,-0.226,0.2353596,0.3138128,9.0417313,33.0599975586,17.1992149353,-0.140000000596,-0.3862208426,-115.730209351,-7.37277364731,-16.2154159546,0.494794815779,97621.5515137,-22.7099990845,112.836166382,True
58.7,0.262,-0.082,-0.178,0.2157463,0.3334261,9.3359308,37.3499984741,23.0483989716,0.109999999404,-1.85706913471,-110.922698975,-7.081553936,-16.3424358368,0.638382077217,97623.0224609,-22.6599998474,112.836166382,True
58.800000000000004,0.282,-0.174,-0.15,0.2549729,0.3138128,9.95374975,37.25,23.0483989716,0.389999985695,-1.85706913471,-110.922698975,-6.65302419662,-16.5177268982,0.688651204109,97621.8261719,-22.5799999237,117.786117554,True
58.900000000000006,0.201,-0.213,-0.139,0.36284605,0.4707192,11.0815145,37.9500007629,23.0483989716,0.620000004768,-1.85706913471,-110.922698975,-6.22064733505,-16.6764087677,0.583745539188,97624.5239258,-22.5100002289,117.786117554,True
59.0,0.011,-0.189,-0.113,0.57859235,0.63743225,13.17033095,37.4399986267,26.740486145,0.729999959469,-0.252088397741,-107.488578796,-5.92264032364,-16.780254364,0.444023370743,97627.1850586,-22.3799991608,110.212997437,True
59.1,0.239,-0.121,-0.145,0.50013915,0.9610517,11.9444997,37.4399986267,26.740486145,0.729999959469,-0.252088397741,-107.488578796,-5.6407828331,-16.8653697968,0.356528908014,97627.355957,-22.3799991608,110.212997437,True
59.2,0.255,-0.144,-0.198,0.46091255,1.02969825,11.5326204,39.1899986267,26.740486145,0.799999952316,-0.252088397741,-107.488578796,-4.83500623703,-17.0776863098,0.206773892045,97623.6206055,-22.3500003815,121.605873108,True
59.300000000000004,0.184,-0.138,-0.247,0.48052585,0.9022118,10.87557485,38.7099990845,30.7493724823,0.839999973774,0.775896131992,-103.559829712,-4.37235546112,-17.1712551117,0.219897329807,97629.1625977,-22.3299999237,121.605873108,True
59.400000000000006,0.149,-0.128,-0.283,0.4118793,0.7256921,10.67944185,40.0299987793,30.7493724823,0.909999966621,0.775896131992,-103.559829712,-3.99587774277,-17.2456531525,0.259142160416,97627.5695801,-22.3099994659,113.298606873,True
59.5,0.124,-0.122,-0.289,0.53936575,0.784532,11.15016105,39.5299987793,30.7493724823,1.01999998093,0.775896131992,-103.559829712,-3.48992085457,-17.323381424,0.27634626627,97627.5939941,-22.2999992371,114.298721313,True
59.6,0.156,-0.15,-0.301,0.4903325,0.7060788,10.9246081,41.4599990845,30.7493724823,1.12000000477,0.775896131992,-103.559829712,-2.95956921577,-17.396572113,0.315727084875,97629.4067383,-22.2799987793,116.354751587,True
59.7,0.241,-0.227,-0.284,0.59820565,0.784532,11.5914603,40.8899993896,30.7493724823,1.24000000954,0.775896131992,-103.559829712,-2.50060606003,-17.4442024231,0.320074617863,97626.171875,-22.25,115.354629517,True
59.800000000000004,0.019,-0.207,-0.285,0.67665885,0.784532,12.552512,41.7000007629,35.5523643494,1.30999994278,0.358432948589,-95.6233825684,-1.58135843277,-17.5217666626,0.234044760466,97628.0273438,-22.2299995422,101.047042847,True
59.900000000000006,-0.034,-0.22,-0.276,0.69627215,0.53936575,12.1994726,40.8299980164,35.5523643494,1.31999993324,0.358432948589,-95.6233825684,-0.911243081093,-17.5346298218,0.198235303164,97629.1870117,-22.2099990845,102.047157288,True
60.0,-0.078,-0.266,-0.233,0.79433865,0.6276256,12.5917386,39.8199996948,35.5523643494,1.31999993324,0.358432948589,-95.6233825684,-0.503628134727,-17.5347003937,0.152089133859,97629.3701172,-22.1999988556,104.510116577,True
60.1,0.055,-0.239,-0.22,0.91201845,0.63743225,12.87613145,39.6599998474,36.3635635376,1.29999995232,1.47313940525,-87.2975540161,0.579754948616,-17.4824924469,-0.0142684224993,97629.5349121,-22.1899986267,104.510116577,True
60.2,0.032,-0.195,-0.218,0.77472535,0.83356525,12.356379,40.2000007629,36.3635635376,1.16999995708,1.47313940525,-87.2975540161,0.962894260883,-17.452539444,-0.0425738990307,97631.5612793,-22.2099990845,89.9977722168,True
60.300000000000004,-0.003,-0.199,-0.219,0.7649187,1.0198916,11.2384209,40.2000007629,36.3635635376,1.17999994755,1.47313940525,-87.2975540161,1.68130981922,-17.3554172516,-0.0326191447675,97630.2734375,-22.2099990845,89.9977722168,True
60.400000000000006,0.085,-0.204,-0.253,0.73549875,1.0787315,10.983448,39.3299980164,36.3635635376,1.17999994755,1.47313940525,-87.2975540161,2.13178253174,-17.2854423523,-0.0139940101653,97634.8388672,-22.2399997711,70.5402374268,True
60.5,0.119,-0.257,-0.301,0.95124505,1.36312435,13.11149105,40.1899986267,38.3050346375,1.17999994755,2.07415509224,-79.5983123779,2.90752601624,-17.1149654388,-0.136962413788,97634.7229004,-22.2399997711,70.5402374268,True
60.6,-0.067,-0.245,-0.362,0.89240515,1.14737805,12.32695905,39.1299972534,38.3050346375,1.05999994278,2.07415509224,-79.5983123779,3.39827394485,-16.9953174591,-0.168373137712,97631.5124512,-22.2600002289,56.0614585876,True
60.7,-0.007,-0.217,-0.392,0.7453054,1.06892485,11.71894675,38.0900001526,38.3050346375,1.00999999046,2.07415509224,-79.5983123779,4.16479921341,-16.7591743469,-0.204414710402,97630.8288574,-22.2799987793,56.0614585876,True
60.800000000000004,0.047,-0.198,-0.408,0.67665885,0.93163175,11.69933345,39.5499992371,38.3050346375,0.939999997616,2.07415509224,-79.5983123779,4.65410137177,-16.5927810669,-0.192421510816,97627.9296875,-22.3099994659,35.7133865356,True
60.900000000000006,0.062,-0.239,-0.412,0.69627215,0.784532,11.69933345,38.5099983215,39.2993888855,0.919999957085,0.821419596672,-70.1816329956,5.15305280685,-16.3872184753,-0.187822073698,97632.4035645,-22.3299999237,35.7133865356,True
61.0,0.061,-0.288,-0.369,0.6472389,0.4903325,11.9052731,38.0799980164,39.2993888855,0.8599999547,0.821419596672,-70.1816329956,5.80479764938,-16.0994815826,-0.183454185724,97630.065918,-22.3699989319,23.0268478394,True
61.1,0.099,-0.227,-0.346,0.67665885,0.65704555,11.8464332,36.6899986267,39.2993888855,0.819999992847,0.821419596672,-70.1816329956,6.46072626114,-15.773440361,-0.16848769784,97627.4047852,-22.3899993896,23.0268478394,True
61.2,0.055,-0.198,-0.307,0.6864655,0.79433865,11.9052731,37.8400001526,39.2993888855,0.799999952316,0.821419596672,-70.1816329956,7.1048617363,-15.4342269897,-0.127873033285,97630.9570312,-22.4200000763,8.37841033936,True
61.300000000000004,-0.004,-0.314,-0.262,0.8433719,0.48052585,12.30734575,36.469997406,39.2993888855,0.789999961853,0.821419596672,-70.1816329956,7.86833143234,-14.9713506699,-0.0959038361907,97628.9489746,-22.4399986267,8.37841033936,True
61.400000000000006,-0.067,-0.269,-0.214,0.71588545,0.9218251,12.2779258,34.7900009155,41.3861618042,0.759999990463,0.779969513416,-58.9080848694,8.49602222443,-14.5663261414,-0.0907304883003,97628.5705566,-22.4599990845,-6.66408538818,True
61.5,-0.135,-0.258,-0.195,0.7649187,1.10815145,12.4936721,35.0599975586,41.3861618042,0.709999978542,0.779969513416,-58.9080848694,9.13282871246,-14.0722160339,-0.0511843040586,97627.9724121,-22.4699993134,-6.66408538818,True
61.6,-0.125,-0.2,-0.254,0.588399,1.0395049,10.24794925,33.5699996948,41.3861618042,0.709999978542,0.779969513416,-58.9080848694,9.40632724762,-13.8460865021,0.00921222195029,97630.1696777,-22.4899997711,-22.0846176147,True
61.7,-0.094,-0.171,-0.318,0.588399,1.0983448,10.7088618,35.1100006104,41.3861618042,0.759999990463,0.779969513416,-58.9080848694,9.94931030273,-13.3641719818,0.11918926239,97631.0302734,-22.4899997711,-22.0846176147,True
61.800000000000004,-0.093,-0.233,-0.333,0.57859235,0.980665,10.75789505,33.8899993896,39.5584335327,0.819999992847,1.07370221615,-50.9451942444,10.3811101913,-12.9535417557,0.198185607791,97627.0935059,-22.4899997711,-40.9669876099,True
61.900000000000006,-0.062,-0.26,-0.346,0.61781895,0.95124505,11.179581,34.4099998474,39.5584335327,0.909999966621,1.07370221615,-50.9451942444,10.822930336,-12.4866399765,0.230323821306,97627.8076172,-22.4699993134,-40.9669876099,True
62.0,-0.041,-0.256,-0.341,0.588399,1.0002783,12.0425662,32.9500007629,39.5584335327,0.949999988079,1.07370221615,-50.9451942444,11.2910785675,-11.9832181931,0.21544072032,97623.651123,-22.4599990845,-69.6204223633,True
62.1,-0.015,-0.2,-0.34,0.6668522,0.8433719,12.20927925,31.3299999237,39.5584335327,0.989999949932,1.07370221615,-50.9451942444,11.7229671478,-11.4521512985,0.206867665052,97626.5075684,-22.4399986267,-69.6204223633,True
62.2,-0.014,-0.112,-0.332,0.57859235,0.69627215,11.07170785,30.5799999237,39.0805473328,1.02999997139,0.495077937841,-41.2891044617,12.0953388214,-10.9761180878,0.292527258396,97629.9133301,-22.4300003052,-72.594543457,True
62.300000000000004,-0.03,-0.27,-0.318,0.4314926,0.89240515,10.8265416,29.109998703,39.0805473328,1.14999997616,0.495077937841,-41.2891044617,12.3765916824,-10.5807409286,0.377793729305,97624.0844727,-22.4099998474,-71.5944290161,True
62.400000000000006,-0.038,-0.339,-0.325,0.5687857,0.95124505,12.32695905,30.3400001526,39.0805473328,1.25999999046,0.495077937841,-41.2891044617,12.9207057953,-9.78419017792,0.373343586922,97630.090332,-22.3899993896,-97.2560882568,True
62.5,-0.082,-0.328,-0.301,0.77472535,0.7256921,13.3762706,28.4599990845,39.0805473328,1.31999993324,0.495077937841,-41.2891044617,13.2218723297,-9.26207637787,0.296619415283,97628.1921387,-22.359998703,-97.2560882568,True
62.6,-0.065,-0.286,-0.272,0.7060788,0.79433865,12.56231865,26.1899986267,38.7285461426,1.29999995232,0.815728545189,-32.1000289917,13.5622739792,-8.63633441925,0.227211609483,97628.8391113,-22.3299999237,-97.7136611938,True
62.7,-0.015,-0.299,-0.268,0.69627215,0.99047165,13.01342455,24.9499988556,38.7285461426,1.30999994278,0.815728545189,-32.1000289917,13.8732271194,-7.97181272507,0.147967636585,97624.2492676,-22.3099994659,-108.281036377,True
62.800000000000004,-0.047,-0.292,-0.26,0.71588545,1.02969825,13.4154972,22.4499988556,38.7285461426,1.26999998093,0.815728545189,-32.1000289917,14.2099113464,-7.14733076096,-0.0127189941704,97633.3129883,-22.3099994659,-108.281036377,True
62.900000000000006,-0.101,-0.297,-0.265,0.7060788,1.06892485,13.91563635,23.0599994659,38.4139709473,1.14999997616,2.35051608086,-23.8431568146,14.4534091949,-6.4108953476,-0.186706274748,97628.90625,-22.3400001526,-122.81350708,True
63.0,-0.292,-0.274,-0.241,0.7256921,1.22583125,13.6312435,20.25,38.4139709473,0.949999988079,2.35051608086,-23.8431568146,14.6259946823,-5.84659051895,-0.321730524302,97630.7189941,-22.3400001526,-122.81350708,True
63.1,-0.33,-0.15,-0.257,0.7256921,1.12776475,12.69961175,17.5200004578,38.4139709473,0.719999969006,2.35051608086,-23.8431568146,14.7616920471,-5.23008680344,-0.404861152172,97627.7404785,-22.3699989319,-122.81350708,True
63.2,-0.319,-0.055,-0.289,0.51975245,1.04931155,10.9246081,15.779999733,38.4139709473,0.509999990463,2.35051608086,-23.8431568146,14.8601303101,-4.71984863281,-0.38594019413,97630.1147461,-22.4300003052,-131.812194824,True
63.300000000000004,-0.196,-0.039,-0.319,0.4314926,0.97085835,10.2185293,13.8499994278,38.4139709473,0.399999976158,2.35051608086,-23.8431568146,14.9349746704,-4.23777246475,-0.328104823828,97626.5319824,-22.4799995422,-130.812072754,True
63.400000000000006,-0.145,0.003,-0.333,0.3334261,0.8629852,9.77723005,13.2699995041,32.7463989258,0.310000002384,1.12958872318,-15.3811559677,15.0035943985,-3.7930431366,-0.221822395921,97624.597168,-22.5299987793,-140.863037109,True
63.5,-0.229,-0.017,-0.328,0.26477955,0.65704555,9.414384,11.529999733,32.7463989258,0.269999980927,1.12958872318,-15.3811559677,15.0529298782,-3.36375212669,-0.0872918665409,97618.6767578,-22.5699996948,-140.863037109,True
63.6,-0.271,-0.115,-0.298,0.196133,0.57859235,9.6889702,9.78999996185,32.7463989258,0.280000001192,1.12958872318,-15.3811559677,15.1074886322,-2.9398059845,0.0248077493161,97618.8415527,-22.5900001526,-150.099563599,True
63.7,-0.196,-0.09,-0.267,0.2353596,0.6472389,10.05181625,8.47999954224,28.7086677551,0.310000002384,-1.01580703259,-9.29109668732,15.1471204758,-2.51798462868,0.101791508496,97621.3806152,-22.6000003815,-150.099563599,True
63.800000000000004,-0.197,-0.111,-0.249,0.2549729,0.7453054,10.67944185,6.64999961853,28.7086677551,0.319999992847,-1.01580703259,-9.29109668732,15.1929731369,-2.0954349041,0.116665013134,97626.6784668,-22.6000003815,-154.018585205,True
63.900000000000006,-0.18,-0.068,-0.215,0.2353596,0.6080123,10.3165958,4.88000011444,28.7086677551,0.319999992847,-1.01580703259,-9.29109668732,15.2126550674,-1.77408504486,0.146352261305,97623.840332,-22.6000003815,-154.018585205,True
64.0,-0.257,-0.148,-0.171,0.2353596,0.50013915,10.11065615,3.03999996185,28.7086677551,0.329999983311,-1.01580703259,-9.29109668732,15.2439861298,-1.22256660461,0.176945149899,97624.0661621,-22.5900001526,-175.924682617,True
64.10000000000001,-0.275,-0.191,-0.147,0.3138128,0.61781895,11.56204035,1.20999991894,24.8371067047,0.34999999404,-0.713156282902,-4.67870664597,15.2425298691,-0.836715936661,0.0884342342615,97620.9594727,-22.5699996948,-175.924682617,True
64.2,-0.369,-0.17,-0.109,0.28439285,0.85317855,11.8464332,-0.579999983311,24.8371067047,0.289999991655,-0.713156282902,-4.67870664597,15.2335224152,-0.48492911458,-0.0463189147413,97624.1760254,-22.5599994659,-188.793563843,True
64.3,-0.399,-0.101,-0.108,0.30400615,0.7453054,11.6699135,-2.30999994278,24.8371067047,0.170000001788,-0.713156282902,-4.67870664597,15.205786705,-0.232508048415,-0.137107565999,97622.6623535,-22.5599994659,-188.793563843,True
64.4,-0.368,0.002,-0.13,0.2549729,0.87279185,10.52253545,-3.86999988556,24.8371067047,0.0299999993294,-0.713156282902,-4.67870664597,15.1802444458,0.0147112570703,-0.190163940191,97619.5129395,-22.5799999237,-192.762374878,True
64.5,-0.372,-0.034,-0.127,0.2157463,0.8041453,10.7480884,-5.07999992371,16.7881584167,-0.070000000298,0.448730289936,-1.1056842804,15.1409273148,0.231100484729,-0.267115265131,97621.7651367,-22.6000003815,-192.762374878,True
64.60000000000001,-0.356,-0.054,-0.122,0.2549729,0.95124505,11.20900095,-6.21000003815,16.7881584167,-0.239999994636,0.448730289936,-1.1056842804,15.0978393555,0.43788933754,-0.415282458067,97620.8190918,-22.6399993896,-193.095214844,True
64.7,-0.38,-0.08,-0.126,0.2549729,0.8629852,11.54242705,-7.10999965668,16.7881584167,-0.459999978542,0.448730289936,-1.1056842804,15.0577640533,0.555304765701,-0.536436617374,97621.4172363,-22.6800003052,-193.095214844,True
64.8,-0.349,-0.002,-0.129,0.24516625,0.83356525,10.91480145,-7.91999959946,16.7881584167,-0.729999959469,0.448730289936,-1.1056842804,15.0106306076,0.660400629044,-0.647329807281,97619.5617676,-22.7399997711,-197.530944824,True
64.9,-0.327,0.048,-0.139,0.10787315,0.55897905,10.2185293,-8.44999980927,9.66025447845,-0.979999959469,0.830501616001,1.59868299961,14.9571151733,0.732193291187,-0.700016617775,97618.8781738,-22.8099994659,-197.530944824,True
65.0,-0.293,0.065,-0.128,0.1372931,0.6276256,10.1008495,-8.90999984741,9.66025447845,-1.22000002861,0.830501616001,1.59868299961,14.9160833359,0.772305905819,-0.702202618122,97616.6687012,-22.8999996185,-189.932632446,True
65.10000000000001,-0.288,0.053,-0.077,0.0392266,0.5491724,8.89463155,-9.15999984741,9.66025447845,-1.40999996662,0.830501616001,1.59868299961,14.8698835373,0.776480197906,-0.589242696762,97616.4367676,-22.9799995422,-189.932632446,True
65.2,-0.212,0.026,-0.086,0.04903325,0.7060788,9.1594111,-9.21000003815,9.66025447845,-1.50999999046,0.830501616001,1.59868299961,14.8388204575,0.752326488495,-0.497083008289,97619.2565918,-23.0499992371,-184.48677063,True
65.3,-0.19,0.036,-0.101,0.0392266,0.5687857,9.1005712,-9.19999980927,3.47152733803,-1.62000000477,-0.441875189543,4.0042924881,14.8040018082,0.709620177746,-0.415175884962,97615.8813477,-23.1199989319,-184.48677063,True
65.4,-0.223,0.033,-0.087,-0.0196133,0.44129925,8.5121722,-9.07999992371,3.47152733803,-1.68999993801,-0.441875189543,4.0042924881,14.7722139359,0.674321234226,-0.294827520847,97614.2028809,-23.1599998474,-179.640197754,True
65.5,-0.277,-0.053,-0.037,0.0196133,0.2549729,9.58109705,-8.94999980927,3.47152733803,-1.7199999094,-0.441875189543,4.0042924881,14.7460174561,0.634864985943,-0.287577837706,97614.5080566,-23.1999988556,-179.640197754,True
65.60000000000001,-0.224,-0.104,0.01,0.0588399,0.2549729,10.54214875,-8.72999954224,-0.985136985779,-1.80999994278,0.0194170530885,4.97485589981,14.7185297012,0.562843501568,-0.337212443352,97616.2719727,-23.2299995422,-174.514190674,True
65.7,-0.169,-0.069,0.033,0.10787315,0.32361945,10.50292215,-8.36999988556,-0.985136985779,-1.94999992847,0.0194170530885,4.97485589981,14.6731958389,0.441033065319,-0.390072882175,97615.9606934,-23.2699985504,-174.514190674,True
65.8,-0.19,-0.043,0.038,0.1765197,0.4903325,10.7480884,-7.88999986649,-0.985136985779,-2.08999991417,0.0194170530885,4.97485589981,14.6442804337,0.327438622713,-0.470383375883,97612.3168945,-23.3099994659,-164.806549072,True
65.9,-0.237,-0.035,0.056,0.20593965,0.40207265,11.1207411,-6.55999994278,-0.985136985779,-2.48000001907,0.0194170530885,4.97485589981,14.6352930069,0.300216346979,-0.490998089314,97613.8671875,-23.4099998474,-163.398925781,True
66.0,-0.133,0.011,0.092,0.20593965,0.53936575,10.65982855,-6.55999994278,-4.77861261368,-2.48000001907,0.903567969799,3.52289152145,14.5868635178,0.0539245605469,-0.632372021675,97613.0859375,-23.4099998474,-163.398925781,True
66.10000000000001,-0.125,0.041,0.081,0.16671305,0.392266,10.26756255,-5.71999979019,-4.77861261368,-2.69000005722,0.903567969799,3.52289152145,14.554479599,-0.105930581689,-0.662277162075,97611.2976074,-23.4799995422,-163.398925781,True
66.2,-0.058,0.093,0.068,0.10787315,0.3138128,9.50264385,-4.83999967575,-4.77861261368,-2.88999986649,0.903567969799,3.52289152145,14.5301437378,-0.251958161592,-0.595743536949,97607.6599121,-23.5499992371,-156.406402588,True
66.3,-0.095,0.058,0.083,0.02941995,0.22555295,8.9632781,-4.00999975204,-6.08813095093,-3.01999998093,-0.225619181991,2.20069980621,14.5018615723,-0.437170684338,-0.458666354418,97610.0158691,-23.6199989319,-156.406402588,True
66.4,-0.161,-0.017,0.096,0.0,0.30400615,9.20844435,-3.09999990463,-6.08813095093,-3.09999990463,-0.225619181991,2.20069980621,14.4830141068,-0.603553175926,-0.373894959688,97608.7158203,-23.6800003052,-151.038360596,True
66.5,-0.116,-0.036,0.089,0.0980665,0.34323275,9.80665,-2.09999990463,-6.08813095093,-3.17999982834,-0.225619181991,2.20069980621,14.46235466,-0.789627552032,-0.344502806664,97610.9985352,-23.7299995422,-151.038360596,True
66.60000000000001,-0.053,-0.057,0.081,0.0784532,0.22555295,10.18910935,-0.979999959469,-6.08813095093,-3.26999998093,-0.225619181991,2.20069980621,14.4432516098,-0.938601434231,-0.346304863691,97610.7788086,-23.7600002289,-152.54574585,True
66.7,-0.014,-0.057,0.092,0.08825985,0.32361945,10.198916,0.159999996424,-6.08813095093,-3.37999987602,-0.225619181991,2.20069980621,14.4176311493,-1.13243627548,-0.344229459763,97606.1828613,-23.7999992371,-152.54574585,True
66.8,0.015,-0.015,0.081,0.14709975,0.4314926,10.002783,1.37000000477,-7.74703454971,-3.48000001907,0.35537314415,-0.602541089058,14.3926553726,-1.31515777111,-0.324040949345,97609.1308594,-23.8299999237,-143.350036621,True
66.9,0.099,-0.033,0.08,0.08825985,0.4511059,9.610517,2.52999997139,-7.74703454971,-3.56999993324,0.35537314415,-0.602541089058,14.377155304,-1.37714338303,-0.308376014233,97606.3476562,-23.859998703,-143.350036621,True
67.0,0.043,-0.053,0.068,0.0784532,0.28439285,10.36562905,3.65999984741,-7.74703454971,-3.63999986649,0.35537314415,-0.602541089058,14.3075990677,-1.67984259129,-0.273631304502,97608.3190918,-23.8899993896,-140.328216553,True
67.10000000000001,0.091,-0.038,0.064,0.16671305,0.2549729,10.46369555,4.81999969482,-6.11541080475,-3.74000000954,0.857709407806,-2.50117206573,14.2700500488,-1.80439305305,-0.290037244558,97606.2316895,-23.9200000763,-140.328216553,True
67.2,0.104,0.041,0.071,0.14709975,0.30400615,10.54214875,5.96000003815,-6.11541080475,-3.84999990463,0.857709407806,-2.50117206573,14.2353124619,-1.94654548168,-0.316578924656,97605.4016113,-23.9399986267,-134.363739014,True
67.3,0.092,0.065,0.087,0.14709975,0.1372931,9.9635564,6.96999979019,-6.11541080475,-3.95999979973,0.857709407806,-2.50117206573,14.2013845444,-2.08683991432,-0.268615096807,97604.6386719,-23.9699993134,-134.363739014,True
67.4,0.119,0.081,0.112,0.1176798,0.3530394,8.9632781,7.89999961853,-6.11541080475,-4.03999996185,0.857709407806,-2.50117206573,14.1800041199,-2.16780924797,-0.186282530427,97607.4584961,-24.0,-126.544952393,True
67.5,0.114,-0.019,0.111,0.16671305,0.2745862,9.5124505,8.75,-3.59350299835,-4.05999994278,-0.456406891346,-4.55396461487,14.1480779648,-2.2805249691,-0.113114379346,97603.6621094,-24.0199985504,-126.544952393,True
67.60000000000001,0.124,-0.057,0.111,0.196133,0.40207265,9.60071035,9.60999965668,-3.59350299835,-4.07999992371,-0.456406891346,-4.55396461487,14.1288032532,-2.35410618782,-0.0896810740232,97603.112793,-24.0399990082,5.45320510864,True
67.7,0.101,0.054,0.074,0.02941995,0.40207265,9.1594111,10.4600000381,-3.59350299835,-4.11000013351,-0.456406891346,-4.55396461487,14.10176754,-2.44748806953,-0.0246967822313,97604.0344238,-24.0499992371,5.45320510864,True
67.8,0.101,0.054,0.074,0.02941995,0.40207265,9.1594111,11.2199993134,-3.59350299835,-4.11000013351,-0.456406891346,-4.55396461487,14.0814313889,-2.50205183029,0.0483454614878,97606.9519043,-24.0499992371,7.38115310669,True
67.9,0.134,0.08,0.059,0.10787315,0.4903325,9.3555441,11.8800001144,-0.345548510551,-4.08999967575,-0.993890523911,-6.91637229919,14.0721511841,-2.54543638229,0.116260483861,97602.7770996,-24.0499992371,7.38115310669,True
68.0,0.141,0.025,0.026,0.0392266,0.50013915,8.7867584,12.5799999237,-0.345548510551,-4.02999973297,-0.993890523911,-6.91637229919,14.065038681,-2.59153556824,0.230354875326,97605.9204102,-24.0399990082,10.9124183655,True
68.10000000000001,0.176,0.044,-0.013,0.12748645,0.53936575,9.69877685,13.1799993515,-0.345548510551,-3.9399998188,-0.993890523911,-6.91637229919,14.0748081207,-2.61795854568,0.277161568403,97604.8706055,-24.0199985504,9.91230010986,True
68.2,0.168,0.066,-0.013,0.1372931,0.4707192,9.2967042,13.6499996185,-0.345548510551,-3.86999988556,-0.993890523911,-6.91637229919,14.0939092636,-2.61285734177,0.320237159729,97609.9487305,-23.9899997711,7.65247344971,True
68.3,0.175,0.048,-0.013,0.196133,0.24516625,9.77723005,14.1499996185,-0.345548510551,-3.78999996185,-0.993890523911,-6.91637229919,14.1127967834,-2.58951425552,0.365301221609,97604.4677734,-23.9499988556,7.65247344971,True
68.4,0.27,0.005,0.016,0.08825985,0.34323275,9.0809579,14.4200000763,4.66799068451,-3.66999983788,-2.40105438232,-7.48394346237,14.1460466385,-2.55143666267,0.446930885315,97605.8898926,-23.9099998474,10.9000205994,True
68.5,0.247,-0.071,0.028,0.16671305,0.32361945,10.2577559,14.8699998856,4.66799068451,-3.53999996185,-2.40105438232,-7.48394346237,14.1800117493,-2.47530078888,0.448462516069,97604.5043945,-23.8699989319,10.9000205994,True
68.60000000000001,0.141,0.012,0.041,0.196133,0.40207265,10.787315,14.9200000763,4.66799068451,-3.4399998188,-2.40105438232,-7.48394346237,14.2234964371,-2.38508319855,0.400270968676,97609.0026855,-23.8199996948,3.10726165771,True
68.7,0.086,0.045,0.048,0.1765197,0.63743225,9.91452315,15.4399995804,9.27296924591,-3.39999985695,-2.11285471916,-7.48394346237,14.2528753281,-2.30872154236,0.39915022254,97609.1369629,-23.7699985504,3.10726165771,True
68.8,0.048,0.008,0.035,0.0980665,0.57859235,9.9243298,15.3899993896,9.27296924591,-3.31999993324,-2.11285471916,-8.37551116943,14.2968082428,-2.20426058769,0.407370388508,97610.4370117,-23.7399997711,8.90350341797,True
68.9,-0.008,0.038,-0.002,0.1765197,0.784532,9.8458766,15.3099994659,9.27296924591,-3.25999999046,-2.11285471916,-8.37551116943,14.3310422897,-2.11435270309,0.413689523935,97608.5998535,-23.6999988556,8.90350341797,True
69.0,-0.016,0.036,-0.068,0.0196133,0.71588545,9.42419065,16.7099990845,9.27296924591,-3.16999983788,-2.11285471916,-8.37551116943,14.3618679047,-2.03731846809,0.486419945955,97611.4135742,-23.6499996185,55.3563117981,True
69.10000000000001,-0.038,0.046,-0.087,0.0588399,0.588399,9.6693569,16.8199996948,9.72747612,-3.03999996185,-3.05355072021,-8.2657699585,14.3975057602,-1.96246361732,0.537743270397,97613.4460449,-23.609998703,55.3563117981,True
69.2,0.0,0.128,-0.12,0.00980665,0.4707192,9.1790244,16.8999996185,9.72747612,-2.88999986649,-3.05355072021,-8.2657699585,14.4379024506,-1.88601863384,0.659138262272,97611.505127,-23.5599994659,46.7918395996,True
69.3,0.001,0.045,-0.128,-0.0588399,0.4314926,8.8063717,18.3500003815,9.72747612,-2.66999983788,-3.05355072021,-8.2657699585,14.4875040054,-1.80694878101,0.788888633251,97616.2841797,-23.5,46.7918395996,True
69.4,0.056,0.007,-0.131,-0.0392266,0.5295591,9.022118,18.4799995422,9.72747612,-2.42999982834,-3.05355072021,-8.2657699585,14.5422544479,-1.71275818348,0.900139808655,97614.630127,-23.4200000763,38.1278991699,True
69.5,0.084,-0.028,-0.142,-0.02941995,0.40207265,9.46341725,19.3699989319,9.72747612,-2.14999985695,-3.05355072021,-8.2657699585,14.60131073,-1.59717595577,0.960538506508,97615.057373,-23.3299999237,38.1278991699,True
69.60000000000001,0.096,-0.091,-0.123,0.08825985,0.57859235,10.0616229,19.3699989319,11.33659935,-1.88999998569,-4.17120695114,-4.87070894241,14.6633958817,-1.45888280869,0.952598929405,97618.1213379,-23.2199993134,34.7006797791,True
69.7,0.119,-0.09,-0.111,0.196133,0.46091255,10.6892485,23.0,11.33659935,-1.65999996662,-4.17120695114,-4.87070894241,14.7400684357,-1.25425863266,0.890760660172,97618.0969238,-23.0100002289,21.0417747498,True
69.8,0.159,-0.025,-0.102,0.0980665,0.3726527,10.6304086,23.0100002289,11.33659935,-1.44999992847,-4.17120695114,-4.87070894241,14.7868051529,-1.10273778439,0.862801373005,97618.6157227,-23.0100002289,21.0417747498,True
69.9,0.216,-0.021,-0.085,0.00980665,0.16671305,10.38524235,22.9300003052,14.5671386719,-1.22000002861,-3.48925685883,-2.9354197979,14.8288898468,-0.93214982748,0.856804490089,97622.1679688,-22.9200000763,21.0417747498,True
70.0,0.289,-0.156,-0.072,0.1176798,0.2745862,11.0422879,23.7399997711,14.5671386719,-1.01999998093,-3.48925685883,-2.9354197979,14.8965587616,-0.634693086147,0.756264567375,97618.1091309,-22.8199996948,10.3553771973,True
70.10000000000001,0.143,-0.161,-0.046,0.22555295,0.3334261,11.71894675,25.8799991608,14.5671386719,-0.870000004768,-3.48925685883,-2.9354197979,14.9454088211,-0.351748883724,0.628106951714,97623.3398438,-22.7299995422,9.35525894165,True
70.2,0.164,-0.128,-0.029,0.24516625,0.6276256,11.62088025,25.8799991608,14.5671386719,-0.77999997139,-3.48925685883,-2.9354197979,14.9817171097,-0.0643656328321,0.493554621935,97625.2807617,-22.6599998474,-3.85370254517,True
70.3,0.151,-0.121,-0.04,0.26477955,0.6080123,11.6895268,25.5699996948,14.5671386719,-0.719999969006,-3.48925685883,-2.9354197979,14.9935503006,0.187308073044,0.389381617308,97626.9958496,-22.6000003815,-2.85358428955,True
70.4,0.193,-0.067,-0.066,0.2549729,0.5687857,11.6306869,25.0900001526,19.2478599548,-0.689999997616,-0.633204221725,-1.11860978603,15.0039072037,0.560938715935,0.239876911044,97626.0742188,-22.5399990082,5.76944351196,True
70.5,0.15,-0.029,-0.08,0.28439285,0.97085835,11.6503002,25.5699996948,19.2478599548,-0.699999988079,-0.633204221725,-1.11860978603,15.0010986328,0.921214520931,0.105014964938,97626.9104004,-22.5199985504,-17.6712036133,True
70.60000000000001,0.059,-0.056,-0.13,0.1569064,0.9218251,11.03248125,25.1299991608,19.2478599548,-0.729999959469,-0.633204221725,-1.11860978603,14.9991960526,0.982864201069,0.0929061472416,97630.090332,-22.5199985504,-17.6712036133,True
70.7,0.017,-2.54726534223e-17,-0.208,0.18632635,1.01008495,11.18938765,27.6599998474,21.7579936981,-0.77999997139,-0.443471372128,0.897485554218,14.9804649353,1.41755461693,-0.0438213795424,97630.6213379,-22.5199985504,-17.6712036133,True
70.8,0.071,-0.04,-0.241,0.12748645,0.59820565,10.54214875,27.2600002289,21.7579936981,-0.819999992847,-0.443471372128,0.897485554218,14.9596395493,1.79596018791,-0.0375884212554,97626.5686035,-22.5199985504,-18.4238433838,True
70.9,0.116,-0.108,-0.247,0.1176798,0.53936575,9.610517,28.7600002289,21.7579936981,-0.789999961853,-0.443471372128,0.897485554218,14.9338817596,2.09954237938,0.0369964800775,97625.4760742,-22.5299987793,-18.4238433838,True
71.0,0.024,-0.177,-0.228,0.22555295,0.6668522,10.9638347,28.4200000763,21.7579936981,-0.729999959469,-0.443471372128,0.897485554218,14.8987607956,2.44868922234,0.0284476336092,97628.0761719,-22.5299987793,-25.6999969482,True
71.10000000000001,0.092,-0.126,-0.218,0.2745862,0.36284605,11.7483667,28.8999996185,23.7110462189,-0.729999959469,-0.652423977852,6.548807621,14.8489274979,2.85208463669,-0.0457373708487,97628.3203125,-22.5199985504,-25.6999969482,True
71.2,-0.046,-0.089,-0.169,0.40207265,0.3334261,12.4348322,28.1700000763,23.7110462189,-0.789999961853,-0.652423977852,6.548807621,14.7836828232,3.35570192337,-0.1607876122,97625.7019043,-22.5199985504,-35.2993011475,True
71.3,0.191,-0.013,-0.098,0.1765197,0.5687857,10.26756255,27.4200000763,23.7110462189,-0.8599999547,-0.652423977852,6.548807621,14.7311315536,3.65299248695,-0.137808322906,97629.7058105,-22.5299987793,-35.2993011475,True
71.4,0.147,-0.111,-0.094,0.20593965,0.8825985,9.4339973,29.7999992371,25.2936573029,-0.839999973774,-0.578128635883,9.27004337311,14.7076921463,3.77888870239,-0.100143909454,97626.348877,-22.5499992371,-44.8581695557,True
71.5,0.073,-0.16,-0.144,0.04903325,0.6472389,9.5320638,29.5299987793,25.2936573029,-0.740000009537,-0.578128635883,9.27004337311,14.5575208664,4.38021230698,0.0895148143172,97628.7109375,-22.5499992371,-44.8581695557,True
71.60000000000001,-0.018,-0.171,-0.168,0.2157463,0.77472535,10.6696352,28.9899997711,25.2936573029,-0.669999957085,-0.578128635883,9.27004337311,14.4465446472,4.76822137833,0.0602217279375,97625.0305176,-22.5399990082,-73.7613677979,True
71.7,-0.027,-0.132,-0.184,0.28439285,0.75511205,11.5914603,30.2799987793,25.2936573029,-0.659999966621,-0.578128635883,9.27004337311,14.3669042587,5.01011657715,0.0155987134203,97628.9978027,-22.5299987793,-73.7613677979,True
71.8,0.08,-0.069,-0.208,0.2549729,0.81395195,10.56176205,29.6299991608,27.4497699738,-0.669999957085,0.709583997726,15.0035095215,14.1997795105,5.52226924896,0.0475197061896,97624.810791,-22.5199985504,-74.4976043701,True
71.9,0.038,-0.087,-0.231,0.36284605,0.7649187,10.4342756,31.8299999237,27.4497699738,-0.610000014305,0.709583997726,15.0035095215,14.0967330933,5.82739782333,0.0356838740408,97629.4372559,-22.5199985504,-74.4976043701,True
72.0,-0.111,-0.213,-0.268,0.4314926,0.5687857,12.71922505,31.3199996948,27.4497699738,-0.629999995232,0.709583997726,15.0035095215,13.9769105911,6.18935585022,-0.0986457243562,97627.2094727,-22.5199985504,-77.2266387939,True
72.10000000000001,-0.159,-0.193,-0.277,0.48052585,0.5491724,12.46425215,31.4200000763,27.4497699738,-0.789999961853,0.709583997726,15.0035095215,13.9070959091,6.38288879395,-0.163103669882,97628.1616211,-22.5199985504,-77.2266387939,True
72.2,0.003,-0.177,-0.229,0.6080123,0.4511059,13.4154972,30.5499992371,27.4497699738,-0.969999969006,0.709583997726,15.0035095215,13.5449514389,7.24647426605,-0.518106341362,97625.6835938,-22.5499992371,-78.0982971191,True
72.3,0.056,-0.074,-0.183,0.5295591,0.46091255,12.46425215,29.5399990082,26.9867134094,-1.22000002861,1.44723367691,21.7331504822,13.32695961,7.70250225067,-0.658006191254,97625.1525879,-22.5900001526,-78.0982971191,True
72.4,0.042,-0.05,-0.133,0.38245935,0.6668522,10.8069283,31.5199985504,26.9867134094,-1.4699999094,1.44723367691,21.7331504822,13.0962152481,8.15043544769,-0.664744079113,97623.8647461,-22.6700000763,-81.4599990845,True
72.5,0.042,-0.115,-0.147,0.28439285,0.69627215,10.9638347,30.9799995422,26.9867134094,-1.63999998569,1.44723367691,21.7331504822,12.9211750031,8.4414100647,-0.67371827364,97620.9594727,-22.7399997711,-81.4599990845,True
72.60000000000001,0.148,-0.119,-0.2,0.24516625,0.73549875,10.46369555,32.1599998474,28.2190914154,-1.81999993324,1.50685167313,24.7746887207,12.6600160599,8.85353469849,-0.644591450691,97622.1557617,-22.8299999237,-91.4337158203,True
72.7,-0.006,-0.132,-0.239,0.32361945,0.7256921,10.85596155,31.6499996185,28.2190914154,-2.0,1.50685167313,24.7746887207,12.4622802734,9.15061950684,-0.644967257977,97623.6206055,-22.8999996185,-92.4338378906,True
72.8,-0.072,-0.073,-0.213,0.38245935,0.69627215,11.0619012,31.9200000763,28.2190914154,-2.20000004768,1.50685167313,24.7746887207,12.2236413956,9.51734447479,-0.636756002903,97619.140625,-22.9899997711,-108.071990967,True
72.9,-0.125,-0.014,-0.233,0.28439285,0.7453054,10.2773692,30.7799987793,28.7679538727,-2.53999996185,1.31807971001,29.1209068298,11.9894418716,9.84782505035,-0.589687407017,97619.7021484,-23.1399993896,-108.271980286,True
73.0,-0.038,-0.068,-0.229,0.30400615,0.5099458,10.1793027,30.7799987793,28.7679538727,-2.53999996185,1.31807971001,29.1209068298,11.8525457382,10.0432653427,-0.546973288059,97616.9616699,-23.1399993896,-108.271980286,True
73.10000000000001,-0.017,-0.134,-0.248,0.3138128,0.59820565,10.79712165,33.0699996948,28.7679538727,-2.69000005722,1.31807971001,29.1209068298,11.4941196442,10.5170383453,-0.522683858871,97617.7734375,-23.1999988556,-108.271980286,True
73.2,0.05,-0.047,-0.232,0.2745862,0.4903325,9.87529655,32.5599975586,28.5363731384,-2.82999992371,0.728707671165,33.343952179,11.2266693115,10.8516387939,-0.459102481604,97616.583252,-23.2699985504,-108.695411682,True
73.3,0.011,-0.017,-0.214,0.18632635,0.28439285,9.01231135,32.9899978638,28.5363731384,-2.91999983788,0.728707671165,33.343952179,10.9757184982,11.1458721161,-0.305785149336,97617.4133301,-23.3299999237,-108.695411682,True
73.4,0.037,-0.08,-0.184,0.2353596,0.588399,9.67916355,32.5999984741,28.5363731384,-2.92999982834,0.728707671165,33.343952179,10.7277956009,11.4362220764,-0.189974144101,97615.9423828,-23.3799991608,-114.737892151,True
73.5,0.104,-0.107,-0.214,0.24516625,0.83356525,10.2381426,32.1599998474,28.5363731384,-2.9399998188,0.728707671165,33.343952179,10.4530763626,11.7411699295,-0.12944239378,97616.3391113,-23.4099998474,-114.737892151,True
73.60000000000001,0.104,-0.093,-0.225,0.1569064,0.8629852,10.38524235,35.3199996948,30.6945419312,-2.95000004768,-0.13070346415,39.3456726074,10.1631565094,12.0550260544,-0.0744575113058,97615.6066895,-23.4300003052,-123.525810242,True
73.7,0.069,-0.152,-0.284,0.2157463,0.75511205,10.97364135,34.9899978638,30.6945419312,-2.95000004768,-0.13070346415,39.3456726074,9.84513282776,12.3840799332,-0.048077788204,97615.2526855,-23.4499988556,-123.525810242,True
73.8,0.081,-0.055,-0.296,0.14709975,0.79433865,9.91452315,35.3299980164,30.6945419312,-2.97000002861,-0.13070346415,39.3456726074,9.48889350891,12.7416973114,0.0843356177211,97614.9841309,-23.4599990845,-130.315582275,True
73.9,0.061,-0.071,-0.31,0.0980665,0.77472535,9.5712904,35.0099983215,30.6945419312,-2.88999986649,-0.13070346415,39.3456726074,9.25358581543,12.965549469,0.192750826478,97615.2099609,-23.4599990845,-130.315582275,True
74.0,0.078,-0.008,-0.329,0.0784532,0.6472389,9.1790244,34.6199989319,32.2865867615,-2.76999998093,-1.58004558086,45.0902671814,9.12689876556,13.0861625671,0.259582996368,97615.9851074,-23.4499988556,-137.782669067,True
74.10000000000001,0.076,-0.076,-0.318,0.0392266,0.5687857,9.18883105,36.9399986267,32.2865867615,-2.56999993324,-1.58004558086,45.0902671814,8.64463615417,13.5355911255,0.564967632294,97616.5039062,-23.4200000763,-137.782669067,True
74.2,0.083,-0.17,-0.303,0.1176798,0.59820565,9.75761675,36.6599998474,32.2865867615,-2.33999991417,-1.58004558086,45.0902671814,8.30537414551,13.8489847183,0.706550478935,97612.3596191,-23.3699989319,-141.6769104,True
74.3,0.076,-0.206,-0.283,0.16671305,0.71588545,10.7677017,37.9199981689,32.2865867615,-2.1099998951,-1.58004558086,45.0902671814,7.83448219299,14.2522153854,0.781119525433,97616.9189453,-23.2999992371,-141.6769104,True
74.4,0.057,-0.164,-0.263,0.2549729,0.7256921,11.03248125,37.5099983215,34.2375717163,-1.88999998569,-2.94892382622,52.5477600098,7.49003458023,14.5349035263,0.815837860107,97619.7265625,-23.2299995422,-148.962402344,True
74.5,0.037,-0.142,-0.261,0.2549729,0.67665885,10.9442214,36.969997406,34.2375717163,-1.66999995708,-2.94892382622,52.5477600098,6.97513341904,14.9322853088,0.895207643509,97612.9577637,-23.1399993896,-148.962402344,True
74.60000000000001,0.021,-0.081,-0.251,0.20593965,0.7060788,10.395049,38.8999977112,34.2375717163,-1.41999995708,-2.94892382622,52.5477600098,6.48757410049,15.3025722504,1.02071928978,97619.1772461,-23.0499992371,-143.642608643,True
74.7,0.009,-0.079,-0.257,0.20593965,0.71588545,10.05181625,38.5999984741,34.2375717163,-1.12000000477,-2.94892382622,52.5477600098,6.1544251442,15.538438797,1.12050139904,97619.1223145,-22.9599990845,-143.642608643,True
74.8,-0.028,-0.161,-0.272,0.196133,0.8433719,10.32640245,39.7799987793,35.0475349426,-0.799999952316,-4.11807966232,58.8525009155,5.73446989059,15.839723587,1.19889461994,97619.6960449,-22.8500003815,-158.80871582,True
74.9,0.003,-0.225,-0.305,0.2941995,0.95124505,10.7677017,39.9300003052,35.0475349426,-0.149999991059,-4.11807966232,58.8525009155,5.37185239792,16.0732765198,1.23819327354,97621.3256836,-22.6199989319,-174.113845825,True
75.0,0.068,-0.267,-0.332,0.3334261,0.55897905,11.42474725,39.9399986267,35.0475349426,-0.140000000596,-4.11807966232,58.8525009155,4.75804615021,16.4400482178,1.26514339447,97622.5585938,-22.4899997711,-174.113845825,True
75.10000000000001,0.122,-0.298,-0.321,0.3530394,0.6472389,11.7091401,39.4899978638,35.0475349426,0.170000001788,-4.11807966232,58.8525009155,4.30743598938,16.6780185699,1.23700451851,97622.265625,-22.4899997711,-174.113845825,True
75.2,0.044,-0.228,-0.278,0.4314926,0.9022118,13.140911,38.8199996948,36.2293434143,0.42999997735,-3.37398576736,69.4173431396,3.59783649445,17.0299396515,1.12065446377,97629.7546387,-22.3699989319,-192.316818237,True
75.3,0.07,-0.13,-0.275,0.3530394,0.91201845,11.95430635,40.9500007629,36.2293434143,0.649999976158,-3.37398576736,69.4173431396,3.13484120369,17.2309036255,1.09338986874,97630.1086426,-22.2600002289,-192.316818237,True
75.4,0.034,-0.212,-0.295,0.3726527,0.784532,11.7091401,40.4199981689,36.2293434143,0.899999976158,-3.37398576736,69.4173431396,2.90466475487,17.3291454315,1.08939909935,97629.0222168,-22.0499992371,-188.018417358,True
75.5,0.021,-0.293,-0.303,0.3726527,0.8041453,11.69933345,40.4500007629,36.2293434143,1.15999996662,-3.37398576736,69.4173431396,1.95396375656,17.685459137,1.07034468651,97628.5583496,-22.0499992371,-188.018417358,True
75.60000000000001,-0.002,-0.265,-0.305,0.42168595,0.95124505,12.1406327,39.7999992371,36.2293434143,1.40999996662,-3.37398576736,69.4173431396,1.20601546764,17.9209823608,1.01654970646,97628.9123535,-21.9399986267,-209.973144531,True
75.7,-0.059,-0.172,-0.337,0.53936575,1.0198916,12.4544455,39.0699996948,37.0041275024,1.62999999523,-3.05999135971,78.4431762695,0.94451713562,17.9910545349,0.982085347176,97629.309082,-21.8400001526,-209.973144531,True
75.8,0.075,-0.094,-0.383,0.53936575,0.784532,12.1406327,40.0099983215,37.0041275024,1.80999994278,-3.05999135971,78.4431762695,0.428717285395,18.1266613007,0.939570188522,97637.3901367,-21.75,-222.592544556,True
75.9,0.091,-0.108,-0.368,0.51975245,0.5295591,11.4345539,38.7700004578,37.0041275024,2.29999995232,-3.05999135971,78.4431762695,-0.586745619774,18.3554573059,0.965206742287,97640.6005859,-21.5799999237,-233.205230713,True
76.0,0.203,-0.246,-0.339,0.51975245,0.3726527,11.6699135,38.7700004578,37.0041275024,2.31999993324,-3.05999135971,78.4431762695,-1.24149143696,18.4769992828,1.00959670544,97639.276123,-21.5799999237,-233.205230713,True
76.10000000000001,0.225,-0.282,-0.289,0.4707192,0.6472389,12.32695905,37.8999977112,38.7317276001,2.61999988556,-4.56928634644,87.3133010864,-2.31695342064,18.6184997559,0.95843654871,97639.5751953,-21.4899997711,-233.205230713,True
76.2,0.088,-0.329,-0.241,0.65704555,0.63743225,13.1801376,36.6300010681,38.7317276001,2.87999987602,-4.56928634644,87.3133010864,-2.63205003738,18.6465911865,0.931809425354,97642.2424316,-21.3799991608,-254.533569336,True
76.3,-0.031,-0.236,-0.184,0.57859235,0.83356525,13.0624578,35.719997406,38.7317276001,3.09999990463,-4.56928634644,87.3133010864,-3.44941544533,18.6884098053,0.855612158775,97643.963623,-21.2799987793,-254.533569336,True
76.4,-0.052,-0.155,-0.165,0.67665885,0.71588545,11.87585315,34.0799980164,39.8908538818,3.31999993324,-2.84878444672,94.8240814209,-4.43733406067,18.7068328857,0.892824292183,97648.7854004,-21.1899986267,-271.845428467,True
76.5,-0.092,-0.237,-0.167,0.5687857,1.01008495,11.77778665,31.1299991608,39.8908538818,3.86999988556,-2.84878444672,94.8240814209,-4.9889831543,18.683599472,0.887292563915,97648.651123,-20.9899997711,-281.559387207,True
76.60000000000001,-0.15,-0.299,-0.225,0.79433865,1.16699135,13.44491715,31.1399993896,39.8908538818,3.84999990463,-2.84878444672,94.8240814209,-5.86791658401,18.6282653809,0.753118216991,97648.1323242,-20.9899997711,-281.559387207,True
76.7,-0.148,-0.268,-0.26,0.57859235,1.26505785,12.8467115,29.25,38.116733551,4.01999998093,-1.34797370434,100.372169495,-6.56603860855,18.5350170135,0.655209302902,97652.6550293,-20.8899993896,-282.55947876,True
76.80000000000001,-0.151,-0.266,-0.316,0.61781895,1.2944778,13.3762706,27.2199993134,38.116733551,4.17999982834,-1.34797370434,100.372169495,-7.1367893219,18.4475231171,0.549100875854,97653.8024902,-20.8099994659,-294.888580322,True
76.9,-0.129,-0.116,-0.343,0.50013915,0.99047165,12.1798593,24.9599990845,38.116733551,4.2999997139,-1.34797370434,100.372169495,-7.90827894211,18.282245636,0.474814742804,97648.1445312,-20.7399997711,-294.888580322,True
77.0,-0.12,-0.126,-0.359,0.6276256,0.79433865,11.7875933,22.6999988556,38.116733551,4.44000005722,-1.34797370434,100.372169495,-8.38610553741,18.1709518433,0.472265958786,97651.7333984,-20.6800003052,-316.475952148,True
77.10000000000001,-0.101,-0.229,-0.322,0.6080123,0.7256921,11.58165365,20.4699993134,38.116733551,4.61000013351,-1.34797370434,100.372169495,-9.10827922821,17.967754364,0.439006835222,97654.1870117,-20.6199989319,-316.475952148,True
77.2,-0.11,-0.26,-0.304,0.71588545,0.8237586,13.03303785,17.9099998474,35.2128181458,4.73999977112,-2.07858586311,110.164527893,-9.64856719971,17.802772522,0.277686983347,97653.8208008,-20.5699996948,-334.995544434,True
77.30000000000001,-0.063,-0.32,-0.273,0.6276256,0.8237586,13.8273765,14.8299999237,35.2128181458,4.73000001907,-2.07858586311,110.164527893,-10.4624643326,17.4938697815,0.0180590376258,97653.4729004,-20.5299987793,-334.995544434,True
77.4,-0.076,-0.252,-0.265,0.6276256,0.51975245,13.75872995,11.4200000763,35.2128181458,4.67000007629,-2.07858586311,110.164527893,-10.9556846619,17.2696323395,-0.095044106245,97652.8869629,-20.5100002289,-341.468719482,True
77.5,-0.169,-0.215,-0.176,0.53936575,0.784532,12.0425662,8.0,35.2128181458,4.63000011444,-2.07858586311,110.164527893,-11.3131494522,17.1029090881,-0.152480050921,97655.3161621,-20.5,-341.468719482,True
77.60000000000001,-0.266,-0.223,-0.188,0.51975245,1.12776475,12.85651815,4.73999977112,33.4089584351,4.56999969482,-0.224014624953,118.278823853,-12.0274744034,16.7079563141,-0.305116206408,97655.3466797,-20.5100002289,-354.568756104,True
77.7,-0.24,-0.185,-0.203,0.392266,1.28467115,13.2389775,-1.75999999046,33.4089584351,4.28999996185,-0.224014624953,118.278823853,-12.5202732086,16.3966197968,-0.488980293274,97654.473877,-20.5699996948,-352.967346191,True
77.80000000000001,-0.327,-0.182,-0.234,0.28439285,1.24544455,12.05237285,-1.75999999046,33.4089584351,4.25999975204,-0.224014624953,118.278823853,-12.6884269714,16.2744197845,-0.555902242661,97652.2094727,-20.5699996948,-352.967346191,True
77.9,-0.407,-0.154,-0.247,0.32361945,1.10815145,11.87585315,-4.69999980927,33.4089584351,4.08999967575,-0.224014624953,118.278823853,-13.2749671936,15.8126401901,-0.729153692722,97652.2644043,-20.609998703,-352.967346191,True
78.0,-0.458,-0.085,-0.258,0.16671305,1.176798,11.4933938,-7.48000001907,27.205411911,3.83999991417,0.902694106102,124.43132019,-13.646944046,15.4851617813,-0.862013399601,97648.8647461,-20.6800003052,-355.085662842,True
78.10000000000001,-0.544,-0.175,-0.234,0.2157463,0.7649187,11.85623985,-10.1099996567,27.205411911,3.57999992371,0.902694106102,124.43132019,-13.895365715,15.2098493576,-1.01730203629,97650.3662109,-20.75,-355.085662842,True
78.2,-0.475,-0.072,-0.198,0.16671305,0.97085835,11.375714,-12.4600000381,27.205411911,3.25999999046,0.902694106102,124.43132019,-14.04778862,15.0286817551,-1.09731864929,97646.7468262,-20.8400001526,-332.22454834,True
78.30000000000001,-0.49,-0.055,-0.19,0.2157463,0.81395195,11.24822755,-14.4200000763,27.205411911,2.97000002861,0.902694106102,124.43132019,-14.1841716766,14.820734024,-1.2005084753,97647.0214844,-20.9399986267,-332.22454834,True
78.4,-0.478,-0.048,-0.189,0.0392266,0.36284605,10.0223963,-16.1000003815,15.9824943542,2.59999990463,1.30271160603,130.201522827,-14.2947053909,14.6354494095,-1.2393913269,97649.8718262,-21.0599994659,-337.525848389,True
78.5,-0.361,-0.043,-0.141,-0.06864655,0.16671305,9.28689755,-17.6199989319,15.9824943542,2.32999992371,1.30271160603,130.201522827,-14.3875923157,14.4310388565,-1.17853593826,97637.4450684,-21.1800003052,-337.525848389,True
78.60000000000001,-0.332,-0.141,-0.064,-0.0196133,0.2941995,10.71866845,-18.9599990845,15.9824943542,2.09999990463,1.30271160603,130.201522827,-14.4420366287,14.2670164108,-1.29376578331,97640.6616211,-21.2999992371,-329.422851562,True
78.7,-0.365,-0.064,-0.008,0.0588399,0.392266,11.20900095,-20.2299995422,8.43873405457,1.75,2.60704851151,132.402557373,-14.4497280121,14.1223716736,-1.39272463322,97638.7878418,-21.4200000763,-329.422851562,True
78.80000000000001,-0.394,-0.09,0.027,-0.08825985,0.32361945,10.6892485,-21.2399997711,8.43873405457,1.38999998569,2.60704851151,132.402557373,-14.4464082718,14.0955858231,-1.40796780586,97635.6384277,-21.5499992371,-319.824310303,True
78.9,-0.389,-0.108,0.054,-0.0196133,0.46091255,11.5326204,-22.0599994659,8.43873405457,0.979999959469,2.60704851151,132.402557373,-14.3594455719,13.9162940979,-1.63884139061,97626.4648438,-21.8500003815,-307.862579346,True
79.0,-0.416,-0.055,0.061,0.0,0.61781895,11.6895268,-22.5900001526,2.30314469337,0.489999979734,3.94707202911,131.706420898,-14.2470703125,13.8494682312,-1.79866981506,97625.8666992,-21.8500003815,-307.862579346,True
79.10000000000001,-0.399,0.017,0.056,-0.04903325,0.7060788,11.11093445,-22.8999996185,2.30314469337,-0.0299999993294,3.94707202911,131.706420898,-14.0940551758,13.808836937,-1.92554354668,97627.2460938,-22.0299987793,-307.862579346,True
79.2,-0.384,-0.046,0.044,-0.06864655,0.5295591,10.95402805,-22.9699993134,2.30314469337,-0.589999973774,3.94707202911,131.706420898,-13.9195318222,13.7892427444,-2.01742768288,97626.6174316,-22.2399997711,-284.629547119,True
79.30000000000001,-0.364,-0.068,0.016,-0.0196133,0.7060788,11.0815145,-22.8699989319,2.30314469337,-1.15999996662,3.94707202911,131.706420898,-13.7850570679,13.7976827621,-2.0847401619,97617.7734375,-22.6800003052,-258.293640137,True
79.4,-0.323,-0.068,-0.004,0.00980665,0.4511059,11.07170785,-22.4899997711,-5.61171770096,-1.76999998093,4.81755161285,130.745437622,-13.6005382538,13.8105325699,-2.15282297134,97616.2109375,-22.6800003052,-258.293640137,True
79.5,-0.298,-0.066,8.08266887437e-18,0.0,0.55897905,10.9246081,-22.0499992371,-5.61171770096,-2.36999988556,4.81755161285,130.745437622,-13.1916379929,13.8650379181,-2.2615044117,97619.4274902,-22.9099998474,-258.293640137,True
79.60000000000001,-0.265,-0.018,0.008,0.0,0.44129925,10.87557485,-21.3999996185,-5.61171770096,-3.00999999046,4.81755161285,130.745437622,-12.9154510498,13.9091234207,-2.3240339756,97615.5456543,-23.1599998474,-235.818954468,True
79.7,-0.196,-0.028,0.046,-0.02941995,0.22555295,10.5127288,-20.7099990845,-5.61171770096,-3.63999986649,4.81755161285,130.745437622,-12.6364336014,13.9458665848,-2.34549760818,97607.9101562,-23.4099998474,-235.818954468,True
79.80000000000001,-0.156,0.017,0.088,-0.04903325,0.0784532,10.5323421,-19.9300003052,-11.6338977814,-4.27999973297,5.44427776337,129.823516846,-12.356423378,13.9910182953,-2.34793639183,97606.5734863,-23.6599998474,-200.133987427,True
79.9,-0.136,0.042,0.154,-0.12748645,0.26477955,9.7478101,-19.1399993896,-11.6338977814,-4.90000009537,5.44427776337,129.823516846,-12.0160617828,14.0554971695,-2.26688599586,97604.0588379,-23.9200000763,-200.133987427,True
80.0,-0.13,0.018,0.157,-0.14709975,0.1765197,9.3163175,-18.2799987793,-11.6338977814,-5.46000003815,5.44427776337,129.823516846,-11.7962961197,14.1035680771,-2.18899488449,97601.2573242,-24.1700000763,-181.311508179,True
80.10000000000001,-0.108,-0.018,0.155,-0.0588399,0.2353596,9.58109705,-17.359998703,-11.6338977814,-5.98999977112,5.44427776337,129.823516846,-11.4988479614,14.168674469,-2.10736989975,97597.6867676,-24.6299991608,-155.065628052,True
80.2,-0.088,0.027,0.159,-0.1569064,0.10787315,9.2770909,-16.3199996948,-14.2237615585,-6.50999975204,4.25883817673,126.721977234,-11.2735118866,14.2198562622,-2.01469397545,97595.1477051,-24.6299991608,-155.065628052,True
80.30000000000001,-0.116,0.032,0.171,-0.1569064,0.3334261,10.1793027,-15.2599992752,-14.2237615585,-7.0,4.25883817673,126.721977234,-10.8992929459,14.3033571243,-1.95957517624,97590.4296875,-24.8500003815,-155.065628052,True
80.4,-0.107,0.097,0.19,-0.26477955,0.2353596,8.433719,-14.0099992752,-14.2237615585,-7.48999977112,4.25883817673,126.721977234,-10.6160783768,14.3703393936,-1.78005194664,97586.4013672,-25.0599994659,-132.673355103,True
80.5,-0.034,0.129,0.195,-0.2941995,0.26477955,7.52170055,-12.8699998856,-14.2237615585,-7.88999986649,4.25883817673,126.721977234,-10.3957738876,14.4199285507,-1.58706700802,97585.5834961,-25.2600002289,-132.673355103,True
80.60000000000001,-0.018,0.136,0.168,-0.3530394,0.50013915,6.97252815,-11.7699995041,-14.2237615585,-8.13999938965,4.25883817673,126.721977234,-10.0944690704,14.4929962158,-1.17745065689,97585.1257324,-25.4399986267,-117.171951294,True
80.7,-0.111,0.117,0.127,-0.392266,0.2941995,7.18827445,-10.6399993896,-16.1096954346,-8.30000019073,0.746519505978,122.498298645,-9.9970331192,14.5219593048,-1.03381192684,97581.5063477,-25.5799999237,-117.171951294,True
80.80000000000001,-0.113,0.105,0.098,-0.38245935,0.1765197,7.1392412,-9.52999973297,-16.1096954346,-8.35999965668,0.746519505978,122.498298645,-9.62166500092,14.630273819,-0.496141165495,97582.6049805,-25.6899986267,-106.290344238,True
80.9,-0.05,0.069,0.106,-0.38245935,-0.02941995,7.7864801,-7.23000001907,-16.1096954346,-8.30000019073,0.746519505978,122.498298645,-9.39345359802,14.7046480179,-0.197060540318,97577.6550293,-25.7999992371,-96.7124023438,True
81.0,-0.017,0.131,0.145,-0.3138128,0.02941995,7.5118939,-7.21999979019,-17.442243576,-8.30000019073,-2.38977837563,120.516273499,-9.17530632019,14.7921180725,0.0954655185342,97576.6845703,-25.7999992371,-96.7124023438,True
81.10000000000001,0.019,0.127,0.156,-0.30400615,-0.0196133,6.99214145,-6.0499997139,-17.442243576,-8.1799993515,-2.38977837563,120.516273499,-8.93054580688,14.8884019852,0.468589365482,97576.3122559,-25.8099994659,-96.7124023438,True
81.2,0.104,0.038,0.186,-0.3138128,9.48764920096e-16,7.7472535,-4.90000009537,-17.442243576,-7.96999979019,-2.38977837563,120.516273499,-8.68698692322,15.0003814697,0.78741055727,97578.8513184,-25.7799987793,-84.2911682129,True
81.30000000000001,0.133,-0.018,0.196,-0.3334261,0.0588399,8.2768126,-2.32999992371,-15.2362718582,-7.48999977112,-4.33379793167,117.175361633,-8.55854129791,15.0613298416,0.902542412281,97577.2888184,-25.6499996185,-73.2993164062,True
