t,p,q,r,ax,ay,az,roll_k,roll,pitch_k,pitch,yaw,vn,ve,vd,basinc,alt_hata,hiz_hata,ariza
0.1,0.728,0.093,-0.077,0.7060788,1.0002783,10.5715687,39.8899993896,12.4079914093,-4.69000005722,1.6857984066,-86.0192489624,1.36368906498,-20.0988426208,-1.32627344131,97302.3742676,-0.539999961853,-382.258422852,False
0.2,0.717,-0.059,-0.155,-0.26477955,1.14737805,10.9442214,-44.9899978638,12.4079914093,-7.01999998093,1.6857984066,-86.0192489624,1.59323048592,-20.0005893707,-1.3931978941,97296.3745117,-0.680000007153,-382.258422852,False
0.30000000000000004,0.757,-0.005,-0.219,-0.53936575,0.6864655,11.13054775,-44.9899978638,23.981464386,-9.26999950409,0.759269952774,-83.8976898193,1.88752949238,-19.8569583893,-1.33735239506,97286.9689941,-0.819999992847,-292.840759277,False
0.4,-0.651,-0.002,-0.137,-0.93163175,0.3726527,9.3163175,-44.9899978638,23.981464386,-11.5900001526,0.759269952774,-83.8976898193,2.16480731964,-19.7028598785,-1.26069235802,97281.2255859,-0.949999988079,-292.840759277,False
0.5,-1.397,0.019,-0.021,-0.8433719,0.51975245,9.97336305,-44.9899978638,23.981464386,-13.9799995422,0.759269952774,-83.8976898193,2.3158698082,-19.5569515228,-1.2418692112,97279.0893555,-1.09000003338,-275.318328857,False
0.6000000000000001,-1.409,0.114,-0.021,-0.9022118,0.6472389,9.7281968,-44.9899978638,23.981464386,-14.0199995041,0.759269952774,-83.8976898193,2.33418273926,-19.4564857483,-1.22265613079,97271.0266113,-1.09000003338,-275.318328857,False
0.7000000000000001,-1.226,0.149,-0.041,-1.01008495,0.392266,10.2381426,-44.9799995422,23.981464386,-16.2799987793,0.759269952774,-83.8976898193,2.25350761414,-19.337556839,-1.25406730175,97264.8193359,-1.24000000954,-275.318328857,False
0.8,-1.144,0.103,-0.036,-1.16699135,0.4707192,9.89490985,-44.9599990845,-3.41339087486,-18.5200004578,-1.75592899323,-82.3858337402,2.07890486717,-19.2390060425,-1.27064943314,97264.8193359,-1.38999998569,-252.739532471,False
0.9,-1.009,0.16,-0.023,-1.20621795,0.34323275,8.75733845,-44.9500007629,-3.41339087486,-20.7299995422,-1.75592899323,-82.3858337402,1.98212993145,-19.1972885132,-1.23011350632,97263.8244629,-1.54999995232,-252.739532471,False
1.0,-0.813,0.256,0.03,-1.372931,0.0392266,5.4132708,-44.8400001526,-3.41339087486,-22.7099990845,-1.75592899323,-82.3858337402,1.59098410606,-19.0330448151,-0.669109046459,97259.6618652,-1.70999991894,-237.261581421,False
1.1,-0.721,0.295,0.059,-1.53964405,0.02941995,6.20760945,-44.7099990845,-3.41339087486,-23.0199985504,-1.75592899323,-82.3858337402,1.2770383358,-18.9279212952,-0.220697343349,97259.7229004,-1.93999993801,-204.672622681,False
1.2000000000000002,-0.648,0.31,0.06,-1.4906108,0.46091255,3.04986815,-44.5200004578,-26.6137638092,-22.1899986267,-8.19253063202,-80.7451324463,1.06795752048,-18.7792510986,0.635231137276,97257.0007324,-1.97999989986,-204.672622681,False
1.3,-0.506,0.143,0.081,-1.569064,-0.59820565,2.79489525,-44.4300003052,-26.6137638092,-21.6599998474,-8.19253063202,-80.7451324463,0.880332767963,-18.6565666199,1.34229445457,97256.5368652,-1.92999994755,-179.801757812,False
1.4000000000000001,-0.291,0.06,0.149,-1.73577705,-0.9414384,5.1386846,-44.3499984741,-26.6137638092,-21.4099998474,-8.19253063202,-80.7451324463,0.655640780926,-18.5947246552,1.74188446999,97253.7963867,-1.92999994755,-179.801757812,False
1.5,-0.089,0.068,0.238,-1.73577705,-0.9022118,7.2176944,-44.1599998474,-26.6137638092,-21.2899990082,-8.19253063202,-80.7451324463,0.225489452481,-18.5223770142,2.25027418137,97259.3566895,-1.63999998569,-150.410842896,False
1.6,-0.183,0.12,0.338,-1.6671305,0.57859235,3.6480738,-43.9599990845,-31.7332191467,-21.109998703,-11.8185987473,-83.1854782104,0.0543260797858,-18.4289245605,2.81401276588,97259.3261719,-1.63999998569,-150.410842896,False
1.7000000000000002,-0.295,0.068,0.379,-1.77500365,-0.0392266,2.06920315,-43.5999984741,-31.7332191467,-20.7399997711,-11.8185987473,-83.1854782104,-0.12898786366,-18.2578353882,3.78946137428,97259.4848633,-1.12000000477,-99.9898910522,False
1.8,-0.275,0.011,0.36,-1.7259704,0.6472389,2.52030905,-43.4300003052,-31.7332191467,-20.5200004578,-11.8185987473,-83.1854782104,-0.327972859144,-18.1634864807,4.37043428421,97266.9250488,-1.12000000477,-99.9898910522,False
1.9000000000000001,-0.212,-0.027,0.264,-1.8240369,0.08825985,5.38385085,-43.2700004578,-31.7332191467,-20.3099994659,-11.8185987473,-83.1854782104,-0.68625754118,-18.0817070007,4.93015193939,97269.4335938,-0.759999990463,-99.9898910522,False
2.0,-0.196,-0.047,0.211,-1.79461695,0.4707192,6.52142225,-43.1599998474,-35.6084861755,-20.109998703,-16.2500915527,-88.4850463867,-1.11422169209,-18.0293292999,5.40292835236,97270.4223633,0.209999993443,-64.5652770996,False
2.1,-0.197,-0.032,0.188,-1.765197,0.36284605,7.10982125,-43.0999984741,-35.6084861755,-19.9799995422,-16.2500915527,-88.4850463867,-1.38804876804,-18.0047206879,5.65306472778,97275.958252,0.209999993443,-64.5652770996,False
2.2,-0.173,0.055,0.195,-1.9024901,-0.1176798,6.7273619,-42.9199981689,-35.6084861755,-19.7899990082,-16.2500915527,-88.4850463867,-1.84440338612,-17.9660167694,6.06426668167,97283.8317871,0.759999990463,-41.820526123,False
2.3000000000000003,-0.154,-0.075,0.215,-1.9024901,9.1753974551e-16,7.4922806,-42.6199989319,-35.6084861755,-19.4799995422,-16.2500915527,-88.4850463867,-2.5760781765,-17.9018135071,6.68762731552,97290.0817871,1.95999991894,-29.4296264648,False
2.4000000000000004,-0.286,-0.153,0.249,-1.79461695,-0.22555295,8.7867584,-41.5599975586,-38.891166687,-19.4499988556,-18.6106052399,-94.1753616333,-2.6861166954,-17.9013252258,6.74283266068,97296.0998535,2.6099998951,-29.4296264648,False
2.5,0.067,-0.192,0.35,-1.8828768,-0.67665885,11.01286795,-40.219997406,-38.891166687,-19.8799991608,-18.6106052399,-94.1753616333,-3.29730772972,-17.9237060547,6.86239099503,97302.8442383,3.26999998093,-32.2904586792,False
2.6,0.123,-0.156,0.492,-1.77500365,-0.4707192,12.50347875,-40.0299987793,-38.891166687,-20.2099990845,-18.6106052399,-94.1753616333,-4.45748138428,-17.9823493958,6.83659362793,97313.7573242,3.26999998093,-32.2904586792,False
2.7,-0.054,-0.141,0.551,-1.9221034,-0.22555295,11.40513395,-38.5599975586,-38.891166687,-20.3299999237,-18.6106052399,-94.1753616333,-4.74683570862,-17.9884109497,6.82465028763,97322.0153809,3.92999982834,-32.2904586792,False
2.8000000000000003,-0.135,-0.131,0.539,-1.97113665,0.20593965,11.64049355,-36.6599998474,-34.4891281128,-20.5699996948,-21.8970184326,-105.312232971,-5.84176111221,-17.9306335449,6.94010210037,97329.7241211,5.21999979019,-41.0997390747,False
2.9000000000000004,-0.11,-0.068,0.447,-1.97113665,0.77472535,9.2770909,-34.8600006104,-34.4891281128,-20.6199989319,-21.8970184326,-105.312232971,-6.47615814209,-17.834487915,7.15236949921,97337.1948242,5.21999979019,-41.0997390747,False
3.0,-0.243,-0.157,0.353,-2.12804305,0.7256921,9.8654899,-33.1699981689,-34.4891281128,-20.5100002289,-21.8970184326,-105.312232971,-7.12466001511,-17.7096328735,7.35527420044,97346.4538574,5.88999986649,-25.4711151123,False
3.1,-0.184,-0.217,0.234,-2.0986231,0.51975245,10.6892485,-31.4599990845,-34.7842254639,-20.4699993134,-23.8534564972,-112.965942383,-7.82365655899,-17.5738277435,7.52131891251,97357.4890137,6.57999992371,-25.4711151123,False
3.2,0.191,-0.127,0.131,-2.01036325,0.59820565,10.09104285,-27.6399993896,-34.7842254639,-20.8699989319,-23.8534564972,-112.965942383,-8.58436107635,-17.4077548981,7.73898601532,97363.6474609,8.02999973297,-41.658782959,False
3.3000000000000003,-0.029,-0.175,0.1,-1.97113665,0.67665885,10.5127288,-25.6800003052,-34.7842254639,-21.0,-23.8534564972,-112.965942383,-8.97894477844,-17.3211212158,7.83393526077,97369.921875,8.78999996185,-45.3353881836,False
3.4000000000000004,0.121,-0.177,0.093,-2.157463,0.1569064,10.6892485,-23.75,-34.7842254639,-21.2399997711,-23.8534564972,-112.965942383,-9.85629367828,-17.1266269684,7.96195697784,97377.7954102,9.56999969482,-45.3353881836,False
3.5,0.105,-0.208,0.111,-2.10842975,0.1176798,11.5326204,-21.5699996948,-34.7842254639,-21.4599990845,-23.8534564972,-112.965942383,-10.3730201721,-17.0150547028,7.97140836716,97389.7949219,10.3499994278,-67.3336029053,False
3.6,0.118,-0.14,0.151,-2.20649625,0.40207265,11.5914603,-21.5900001526,-30.3573226929,-21.6899986267,-22.1772289276,-118.152793884,-10.985868454,-16.8551940918,7.99045181274,97398.4069824,10.3499994278,-67.3336029053,False
3.7,0.172,-0.034,0.127,-2.353596,-0.16671305,10.6892485,-17.1800003052,-30.3573226929,-22.0499992371,-22.1772289276,-118.152793884,-11.3399868011,-16.7695426941,8.00043964386,97405.1513672,11.9299993515,-127.536201477,False
3.8000000000000003,0.263,-0.063,0.168,-2.353596,-0.08825985,10.1793027,-15.2699995041,-30.3573226929,-22.4599990845,-22.1772289276,-118.152793884,-12.1163425446,-16.5555381775,8.11460876465,97418.2556152,12.7299995422,-127.536201477,False
3.9000000000000004,0.308,-0.055,0.197,-2.353596,-0.10787315,10.71866845,-15.2599992752,-30.3573226929,-22.7299995422,-22.1772289276,-118.152793884,-12.4360256195,-16.4883575439,8.10039329529,97427.520752,12.7299995422,-127.536201477,False
4.0,0.373,-0.13,0.259,-2.3339827,-0.53936575,11.5522337,-13.2599992752,-30.3573226929,-23.2999992371,-22.1772289276,-118.152793884,-13.0176086426,-16.3912296295,7.99002599716,97438.6230469,13.529999733,-155.348388672,False
4.1000000000000005,0.292,-0.114,0.306,-2.353596,0.4118793,11.03248125,-11.4699993134,-21.0643062592,-23.5799999237,-22.5919342041,-123.887649536,-13.3993387222,-16.3123054504,7.95658493042,97446.0449219,14.3199996948,-155.348388672,False
4.2,0.258,-0.106,0.303,-2.44185585,-0.06864655,10.8657682,-9.63000011444,-21.0643062592,-23.859998703,-22.5919342041,-123.887649536,-13.8057928085,-16.2163925171,7.92645406723,97458.215332,15.1199998856,-177.248565674,False
4.3,0.25,-0.097,0.214,-2.4320492,1.0591182,11.1599677,-7.98999977112,-21.0643062592,-23.25,-22.5919342041,-123.887649536,-14.306974411,-16.0955448151,7.88725328445,97468.8110352,15.9200000763,-177.248565674,False
4.4,0.165,-0.095,0.094,-2.61837555,-0.12748645,9.3163175,-6.25,-21.0643062592,-22.6000003815,-22.5919342041,-123.887649536,-14.6154966354,-16.0137290955,7.90844917297,97483.795166,16.7099990845,-223.364074707,False
4.5,0.127,-0.129,0.105,-2.6477955,0.04903325,9.5320638,-4.94999980927,-12.6735992432,-21.9200000763,-21.9868907928,-130.600402832,-14.8973417282,-15.921254158,7.99455118179,97483.795166,17.5,-223.364074707,False
4.6000000000000005,0.152,-0.065,0.078,-2.6281822,1.10815145,10.198916,-2.37999987602,-12.6735992432,-20.3899993896,-21.9868907928,-130.600402832,-15.0651197433,-15.8549022675,8.03399276733,97500.0854492,19.1199989319,-245.558547974,False
4.7,0.182,-0.074,0.05,-2.61837555,0.4314926,11.58165365,-2.37999987602,-12.6735992432,-20.3899993896,-21.9868907928,-130.600402832,-15.3046264648,-15.7924919128,7.99007606506,97505.8166504,19.1199989319,-245.558547974,False
4.800000000000001,0.233,-0.028,0.071,-2.71644205,0.3138128,10.983448,-1.14999997616,-12.6735992432,-19.6899986267,-21.9868907928,-130.600402832,-15.742020607,-15.7101755142,7.82891607285,97515.6921387,19.9399986267,-275.27142334,False
4.9,0.239,-0.068,0.062,-2.7262487,0.83356525,10.7088618,3.79999995232,-7.33576154709,-18.2799987793,-21.1944484711,-132.334640503,-16.0538291931,-15.6676683426,7.67097234726,97526.2634277,21.5499992371,-292.606933594,False
5.0,0.204,-0.05,0.002,-2.745862,0.89240515,11.1403544,3.80999994278,-7.33576154709,-18.2799987793,-21.1944484711,-132.334640503,-16.2131252289,-15.6621704102,7.5733423233,97535.0524902,21.5499992371,-292.606933594,False
5.1000000000000005,0.291,-0.105,-0.017,-2.7654753,0.1176798,10.7284751,12.9899997711,-7.33576154709,-16.9499988556,-21.1944484711,-132.334640503,-16.4342193604,-15.6632995605,7.43916988373,97541.9372559,23.1199989319,-321.714416504,False
5.2,0.53,-0.146,0.039,-2.745862,0.0392266,11.69933345,13.0499992371,-7.33576154709,-16.9499988556,-21.1944484711,-132.334640503,-16.5304756165,-15.7252626419,7.24767160416,97555.1330566,23.1199989319,-321.714416504,False
5.300000000000001,0.513,-0.112,0.061,-2.8047019,-0.3530394,13.8273765,16.8799991608,0.170044660568,-16.3999996185,-18.9080314636,-132.796585083,-16.6561756134,-15.8465929031,6.88660860062,97564.5202637,23.8799991608,-321.714416504,False
5.4,0.511,-0.141,0.1,-2.745862,-0.2353596,13.8862164,20.4799995422,0.170044660568,-15.9799995422,-18.9080314636,-132.796585083,-16.7046585083,-16.0099906921,6.4984331131,97573.6999512,25.3199996948,-344.368347168,False
5.5,0.519,-0.152,0.109,-2.7850886,0.2157463,13.1016844,23.4300003052,0.170044660568,-15.6599998474,-18.9080314636,-132.796585083,-16.7044715881,-16.1898021698,6.15268087387,97586.1633301,25.3199996948,-344.368347168,False
5.6000000000000005,0.379,-0.201,0.068,-2.7850886,-0.02941995,13.3566573,25.9799995422,10.1880331039,-15.3999996185,-15.97016716,-134.416885376,-16.627456665,-16.4023342133,5.76391649246,97593.8781738,25.9699993134,-373.088439941,False
5.7,0.403,-0.154,0.077,-2.83412185,0.4707192,14.60210185,27.9200000763,10.1880331039,-15.2299995422,-15.97016716,-134.416885376,-16.4987049103,-16.7030391693,5.23418951035,97602.0385742,26.5999984741,-373.088439941,False
5.800000000000001,0.539,-0.055,0.014,-2.6674088,0.7453054,12.9055514,29.8999996185,10.1880331039,-15.1799993515,-15.97016716,-134.416885376,-16.3351402283,-16.9602279663,4.87478876114,97612.701416,27.1899986267,-402.709960938,False
5.9,0.543,-0.033,-0.019,-2.7654753,0.7649187,12.05237285,31.1999988556,10.1880331039,-15.1700000763,-15.97016716,-134.416885376,-16.1905670166,-17.1308956146,4.70717525482,97612.701416,28.2399997711,-422.193145752,False
6.0,0.277,0.013,-0.092,-2.61837555,0.9414384,11.6503002,32.25,20.0566539764,-15.1300001144,-14.2241764069,-134.387145996,-15.983923912,-17.3447647095,4.54844760895,97620.5383301,28.2399997711,-422.193145752,False
6.1000000000000005,0.369,0.027,-0.159,-2.57914895,0.50013915,9.9047165,33.6399993896,20.0566539764,-15.0599994659,-14.2241764069,-134.387145996,-15.7621164322,-17.5431041718,4.56895065308,97628.6010742,29.2199993134,-440.090759277,False
6.2,0.46,-0.143,-0.17,-2.52030905,0.28439285,10.983448,34.5,20.0566539764,-14.8699998856,-14.2241764069,-134.387145996,-15.4921264648,-17.790063858,4.52303314209,97634.4604492,29.2199993134,-440.090759277,False
6.300000000000001,0.541,-0.132,-0.195,-2.40262925,-0.0392266,10.36562905,36.5799980164,25.1933078766,-14.6799993515,-14.3051204681,-131.875335693,-15.1732730865,-18.0613269806,4.57232570648,97642.8710938,29.7099990845,-440.090759277,False
6.4,0.625,-0.083,-0.127,-2.4124359,1.36429993573e-15,11.1403544,36.9799995422,25.1933078766,-14.3800001144,-14.3051204681,-131.875335693,-14.708108902,-18.4233322144,4.61362075806,97642.8710938,30.7199993134,-435.631744385,False
6.5,0.392,-0.068,-0.111,-2.4908891,0.50013915,9.3359308,37.0400009155,25.1933078766,-14.1099996567,-14.3051204681,-131.875335693,-14.4155731201,-18.6208381653,4.73109960556,97646.5454102,30.7199993134,-435.631744385,False
6.6000000000000005,0.172,-0.134,-0.137,-2.44185585,0.0392266,10.52253545,38.7700004578,25.1933078766,-13.779999733,-14.3051204681,-131.875335693,-13.9869756699,-18.9226875305,4.8170671463,97654.1442871,31.75,-443.438537598,False
6.7,0.344,-0.142,-0.098,-2.42224255,0.6668522,12.944778,42.6800003052,34.1939468384,-13.2599992752,-13.8108310699,-127.718032837,-13.3587265015,-19.4113063812,4.67442274094,97656.4025879,32.2900009155,-449.201385498,False
6.800000000000001,0.131,-0.165,-0.124,-2.353596,0.93163175,13.9058297,42.4599990845,34.1939468384,-13.1700000763,-13.8108310699,-127.718032837,-12.7824754715,-19.8520431519,4.48120546341,97665.826416,32.7999992371,-449.201385498,False
6.9,0.091,-0.13,-0.154,-2.4712758,0.9610517,14.5922952,43.6199989319,34.1939468384,-13.1599998474,-13.8108310699,-127.718032837,-12.2965984344,-20.2015228271,4.31137943268,97669.0429688,32.7999992371,-449.201385498,False
7.0,0.03,-0.076,-0.215,-2.3732093,0.7060788,9.80665,43.5999984741,34.1939468384,-13.1499996185,-13.8108310699,-127.718032837,-11.8224487305,-20.4592418671,4.40330219269,97676.3977051,33.2900009155,-413.99307251,False
7.1000000000000005,0.081,-0.191,-0.246,-2.3143694,0.55897905,10.56176205,43.6100006104,36.6730270386,-12.9499998093,-13.3882694244,-123.22013855,-11.3106298447,-20.7325611115,4.481777668,97681.262207,33.7700004578,-413.99307251,False
7.2,0.25,-0.254,-0.225,-2.3143694,0.42168595,13.5527903,43.6199989319,36.6730270386,-12.0500001907,-13.3882694244,-123.22013855,-11.0684947968,-20.8647022247,4.46739053726,97684.3078613,34.25,-450.049987793,False
7.300000000000001,0.213,-0.232,-0.191,-2.4516625,0.51975245,13.40569055,43.719997406,36.6730270386,-9.94999980927,-13.3882694244,-123.22013855,-9.86636829376,-21.496887207,4.28688526154,97688.7939453,34.7299995422,-450.049987793,False
7.4,0.219,-0.202,-0.176,-2.3732093,0.48052585,13.42530385,43.7599983215,36.6730270386,-7.94000005722,-13.3882694244,-123.22013855,-9.29931354523,-21.7648162842,4.22046709061,97695.6542969,35.2000007629,-434.572418213,False
7.5,0.203,-0.248,-0.168,-2.1378497,0.53936575,13.15071765,43.8199996948,40.6107063293,-5.94999980927,-12.1978807449,-114.8514328,-8.72772407532,-22.0032310486,4.16548871994,97700.5981445,35.6699981689,-434.572418213,False
7.6000000000000005,0.209,-0.287,-0.163,-2.0397832,0.7453054,15.36702055,43.9199981689,40.6107063293,-4.08999967575,-12.1978807449,-114.8514328,-7.59038162231,-22.4970645905,3.92891168594,97706.8237305,36.1100006104,-451.754394531,False
7.7,0.109,-0.297,-0.165,-1.9417167,0.71588545,14.6511351,44.0299987793,40.6107063293,-2.3599998951,-12.1978807449,-114.8514328,-6.92422294617,-22.7513790131,3.80321097374,97713.6047363,36.9500007629,-462.869262695,False
7.800000000000001,0.006,-0.39,-0.175,-1.40235095,0.9414384,17.0439577,44.1899986267,40.6107063293,0.769999980927,-12.1978807449,-114.8514328,-5.77683019638,-23.1964702606,3.39569354057,97715.6982422,37.3499984741,-463.869384766,False
7.9,-0.021,-0.366,-0.191,-1.3140911,1.08853815,18.5345685,44.2599983215,40.6107063293,0.759999990463,-12.1978807449,-114.8514328,-5.14779853821,-23.4159736633,3.10003948212,97722.65625,37.3499984741,-463.869384766,False
8.0,0.281,-0.363,-0.212,-1.3337044,1.02969825,16.58304515,44.3499984741,41.7197265625,2.0,-8.47754669189,-105.066749573,-4.01941251755,-23.7348232269,2.72984027863,97729.6081543,38.0,-484.678466797,False
8.1,-0.014,-0.366,-0.279,-1.06892485,1.0002783,15.70044665,44.3899993896,41.7197265625,3.23000001907,-8.47754669189,-105.066749573,-3.08410263062,-23.9449119568,2.4681956768,97735.3271484,38.2599983215,-527.443481445,False
8.200000000000001,0.001,-0.362,-0.329,-0.97085835,0.9610517,16.6320784,44.3999977112,41.7197265625,4.32999992371,-8.47754669189,-105.066749573,-2.49184417725,-24.0659751892,2.29525613785,97739.8742676,38.2599983215,-527.443481445,False
8.3,0.132,-0.42,-0.275,-0.4314926,0.4118793,18.1815291,44.4799995422,41.4686584473,6.25999975204,-7.17738389969,-95.783203125,-0.813846111298,-24.3395996094,1.77222108841,97746.3867188,38.719997406,-548.635131836,False
8.4,0.1,-0.401,-0.234,-0.26477955,0.75511205,17.54409685,44.5499992371,41.4686584473,7.03999996185,-7.17738389969,-95.783203125,0.274472922087,-24.4510555267,1.37310433388,97746.3867188,38.9099998474,-548.635131836,False
8.5,0.02,-0.423,-0.233,-0.28439285,0.7060788,17.70100325,44.6100006104,41.4686584473,7.0499997139,-7.17738389969,-95.783203125,1.4080337286,-24.5020828247,0.952678978443,97748.8037109,39.0400009155,-584.374633789,False
8.6,0.153,-0.401,-0.194,-0.14709975,1.20621795,19.25045395,44.6599998474,41.4686584473,7.69000005722,-7.17738389969,-95.783203125,2.36371707916,-24.5122070312,0.569088339806,97754.7607422,39.0400009155,-584.374633789,False
8.700000000000001,-0.002,-0.351,-0.21,-0.2157463,1.0198916,17.4950636,44.7000007629,42.7138595581,8.1799993515,-3.96990156174,-86.0040664673,3.4531583786,-24.4301872253,0.176515087485,97758.984375,39.1499977112,-584.374633789,False
8.8,0.027,-0.427,-0.208,-0.1176798,1.1571847,16.52420525,44.7399978638,42.7138595581,9.0,-3.96990156174,-86.0040664673,4.65928506851,-24.2889080048,-0.173510372639,97762.7868652,39.219997406,-615.425109863,False
8.9,0.203,-0.438,-0.259,0.3726527,1.18660465,15.13166095,44.7599983215,42.7138595581,9.01999950409,-3.96990156174,-86.0040664673,5.61212968826,-24.0986022949,-0.425947397947,97760.4125977,39.2099990845,-661.779418945,False
9.0,0.005,-0.395,-0.26,0.40207265,1.44157755,17.1616375,44.7700004578,42.7138595581,9.59000015259,-3.96990156174,-86.0040664673,6.25057315826,-23.9631233215,-0.621520876884,97752.3254395,39.2000007629,-661.779418945,False
9.1,0.01,-0.364,-0.253,0.5491724,1.0787315,16.50459195,44.7700004578,44.2276382446,9.59000015259,-0.893044710159,-74.7577362061,7.44299316406,-23.6154575348,-0.970317959785,97766.40625,39.1399993896,-678.135131836,False
9.200000000000001,-0.017,-0.271,-0.324,0.08825985,1.2552512,13.2782041,44.7700004578,44.2276382446,9.72999954224,-0.893044710159,-74.7577362061,8.31834125519,-23.3057346344,-1.11828231812,97756.1157227,39.1399993896,-678.135131836,False
9.3,0.103,-0.391,-0.348,0.44129925,0.392266,13.925443,44.7700004578,44.2276382446,9.96999931335,-0.893044710159,-74.7577362061,9.1819152832,-22.9247226715,-1.22331106663,97761.6699219,38.9799995422,-716.334899902,False
9.4,0.254,-0.545,-0.243,0.2941995,0.85317855,16.48497865,44.7700004578,44.2276382446,10.1899995804,-0.893044710159,-74.7577362061,10.3321771622,-22.3375835419,-1.45664048195,97756.5368652,38.9799995422,-716.334899902,False
9.5,0.109,-0.372,-0.27,0.42168595,0.69627215,17.063571,44.7599983215,44.2276382446,10.3000001907,-0.893044710159,-74.7577362061,11.1304569244,-21.8474597931,-1.68737328053,97759.6313477,38.7799987793,-741.947814941,False
9.600000000000001,0.054,-0.335,-0.295,0.51975245,0.55897905,15.3179873,44.7599983215,46.9031066895,10.2699995041,1.13083910942,-62.08020401,12.1927270889,-21.1662769318,-1.83998465538,97750.5126953,38.7799987793,-741.947814941,False
9.700000000000001,0.146,-0.277,-0.296,0.6472389,0.2549729,13.34685065,44.7599983215,46.9031066895,10.279999733,1.13083910942,-62.08020401,12.8092365265,-20.7273902893,-1.80107390881,97751.7944336,38.5,-764.118408203,False
9.8,0.151,-0.405,-0.267,0.4903325,0.63743225,14.17060925,44.75,46.9031066895,10.3499994278,1.13083910942,-62.08020401,13.2872686386,-20.3655338287,-1.79638683796,97748.0224609,38.3600006104,-764.118408203,False
9.9,0.045,-0.421,-0.219,0.5687857,0.53936575,15.09243435,44.719997406,49.3920707703,10.3000001907,1.62411403656,-53.7348136902,14.6412067413,-19.2276248932,-1.91095423698,97740.5700684,38.2099990845,-759.318054199,False
10.0,-0.009,-0.5,-0.209,0.50013915,0.93163175,17.09299095,44.7000007629,49.3920707703,10.2899999619,1.62411403656,-53.7348136902,15.3910980225,-18.5252895355,-2.10428738594,97742.6086426,38.0499992371,-759.318054199,False
10.100000000000001,-0.174,-0.312,-0.262,0.63743225,0.5687857,17.3381572,44.6800003052,49.3920707703,9.75,1.62411403656,-53.7348136902,16.2246112823,-17.6109600067,-2.32441329956,97744.8364258,37.8600006104,-774.97088623,False
10.200000000000001,-0.108,-0.42,-0.235,0.4707192,1.0198916,16.30845895,44.6499977112,48.6865158081,9.72999954224,3.48570132256,-44.9024772644,16.9899940491,-16.7157402039,-2.48992037773,97742.4255371,37.8600006104,-774.97088623,False
10.3,-0.145,-0.383,-0.228,0.53936575,1.26505785,16.38691215,44.6299972534,48.6865158081,9.43999958038,3.48570132256,-44.9024772644,17.6971797943,-15.7772455215,-2.70232701302,97733.0444336,37.6599998474,-773.970825195,False
10.4,-0.011,-0.331,-0.262,0.55897905,1.1375714,15.1610809,44.6100006104,48.6865158081,9.01999950409,3.48570132256,-44.9024772644,17.962015152,-15.395822525,-2.76702976227,97731.0974121,37.4300003052,-753.691650391,False
10.5,-0.045,-0.277,-0.251,0.5099458,1.26505785,14.3569356,44.5799980164,48.6865158081,8.15999984741,3.48570132256,-44.9024772644,18.8292140961,-13.9436645508,-2.92830395699,97731.0974121,37.2000007629,-754.691772461,False
10.600000000000001,-0.083,-0.39,-0.296,0.6864655,1.0198916,13.87640975,44.5599975586,48.1509132385,7.73000001907,4.89209890366,-34.9718589783,19.4063777924,-12.8501567841,-3.01476073265,97727.7099609,36.6599998474,-761.693847656,False
10.700000000000001,-0.086,-0.422,-0.347,0.38245935,0.7649187,16.1221326,44.5599975586,48.1509132385,7.73000001907,4.89209890366,-34.9718589783,19.4852256775,-12.6327161789,-3.05473685265,97720.3552246,36.6599998474,-761.693847656,False
10.8,-0.075,-0.235,-0.35,0.42168595,0.6668522,14.7295883,44.5900001526,48.1509132385,6.60999965668,4.89209890366,-34.9718589783,20.234046936,-10.7827777863,-3.22739553452,97720.4406738,36.0999984741,-756.586853027,False
10.9,-0.01,-0.337,-0.307,0.4903325,0.42168595,13.4939504,44.5999984741,48.1509132385,6.61999988556,4.89209890366,-34.9718589783,20.4668712616,-10.0327272415,-3.20352745056,97700.1708984,36.0999984741,-756.586853027,False
11.0,-0.025,-0.298,-0.286,0.3334261,0.5295591,13.52337035,44.5900001526,47.9944725037,5.61999988556,4.66760015488,-22.5775127411,20.8117752075,-8.83686733246,-3.21250963211,97700.1708984,35.5299987793,-759.493041992,False
11.100000000000001,-0.019,-0.356,-0.25,0.10787315,0.55897905,14.4157755,44.5599975586,47.9944725037,5.02999973297,4.66760015488,-22.5775127411,21.0597324371,-7.7379784584,-3.28917074203,97696.270752,35.2299995422,-766.956298828,False
11.200000000000001,-0.044,-0.35,-0.229,0.42168595,0.7060788,16.2398124,44.5399971008,47.9944725037,5.02999973297,4.66760015488,-22.5775127411,21.216255188,-6.83888339996,-3.39711666107,97704.4372559,35.2299995422,-766.956298828,False
11.3,0.091,-0.365,-0.235,0.32361945,0.73549875,14.2980957,44.5099983215,48.8755493164,4.36999988556,5.74710464478,-14.5802631378,21.3715171814,-5.59452390671,-3.42314243317,97691.4794922,34.6100006104,-773.709106445,False
11.4,0.069,-0.296,-0.278,0.14709975,0.6668522,13.4743371,44.5099983215,48.8755493164,3.74000000954,5.74710464478,-14.5802631378,21.4414157867,-4.80163288116,-3.38252592087,97683.3251953,34.6100006104,-773.709106445,False
11.5,0.055,-0.39,-0.296,0.196133,0.89240515,14.513842,44.1399993896,48.8755493164,2.57999992371,5.74710464478,-14.5802631378,21.4717731476,-3.99434304237,-3.3351957798,97683.3251953,33.9899978638,-768.036437988,False
11.600000000000001,0.044,-0.375,-0.275,0.42168595,0.95124505,14.85707475,44.1299972534,48.8755493164,2.58999991417,5.74710464478,-14.5802631378,21.4753627777,-2.68034625053,-3.35132551193,97678.4423828,33.9899978638,-768.036437988,False
11.700000000000001,0.081,-0.392,-0.282,0.46091255,1.10815145,15.7102533,41.6299972534,48.8755493164,1.95999991894,5.74710464478,-14.5802631378,21.4362983704,-1.52684819698,-3.39015436172,97680.5358887,33.6899986267,-768.036437988,False
11.8,-0.218,-0.327,-0.285,0.2941995,1.1964113,13.6508568,35.7599983215,52.1284255981,0.610000014305,6.10331106186,-3.34942865372,21.3795871735,-0.928055584431,-3.37872552872,97675.3723145,33.0799980164,-767.828735352,False
11.9,-0.064,-0.324,-0.318,0.24516625,1.02969825,14.5922952,32.2000007629,52.1284255981,-0.0299999993294,6.10331106186,-3.34942865372,21.1794815063,0.749253511429,-3.32007789612,97664.6911621,32.7799987793,-760.830688477,False
12.0,-0.238,-0.438,-0.358,0.3334261,0.81395195,17.0047311,32.2000007629,52.1284255981,-0.0399999991059,6.10331106186,-3.34942865372,21.0110378265,1.75189363956,-3.42289018631,97656.6833496,32.7799987793,-760.830688477,False
12.100000000000001,-0.2,-0.286,-0.319,0.2941995,0.57859235,15.6710267,22.4099998474,52.1284255981,-1.59999990463,6.10331106186,-3.34942865372,20.697385788,3.12276411057,-3.45532417297,97659.0393066,32.1800003052,-758.584228516,False
12.200000000000001,-0.356,-0.283,-0.284,0.08825985,0.34323275,12.3759923,17.9200000763,48.7201423645,-2.24000000954,5.54591846466,8.94372653961,20.4569263458,3.95602655411,-3.2858569622,97653.7475586,31.8699989319,-758.584228516,False
12.3,-0.507,-0.277,-0.215,-0.0980665,0.6864655,12.8859381,13.0599994659,48.7201423645,-3.00999999046,5.54591846466,8.94372653961,20.3916530609,4.13255119324,-3.27291035652,97641.1071777,31.5699996948,-748.883422852,False
12.4,-0.808,-0.138,-0.22,-0.40207265,1.01008495,13.2193642,8.31999969482,48.7201423645,-3.88999986649,5.54591846466,8.94372653961,20.0467586517,4.96167039871,-3.2567255497,97636.6638184,31.2600002289,-748.883422852,False
12.5,-0.777,-0.085,-0.246,-0.50013915,1.30428445,12.8859381,8.31999969482,48.7201423645,-3.99000000954,5.54591846466,8.94372653961,19.4763698578,6.03814601898,-3.33558559418,97636.6638184,31.2600002289,-748.883422852,False
12.600000000000001,-0.774,-0.046,-0.272,-0.67665885,1.2356379,12.20927925,0.209999993443,36.3697357178,-5.69999980927,5.16113090515,15.1454153061,19.0850811005,6.59960079193,-3.35358476639,97623.9929199,30.6299991608,-764.764587402,False
12.700000000000001,-0.69,-0.042,-0.338,-0.9218251,1.1375714,10.09104285,0.209999993443,36.3697357178,-5.76999998093,5.16113090515,15.1454153061,18.783657074,6.93913459778,-3.27068710327,97626.5197754,30.6299991608,-764.764587402,False
12.8,-0.641,-0.061,-0.346,-1.0198916,0.85317855,9.414384,-2.79999995232,36.3697357178,-6.61999988556,5.16113090515,15.1454153061,18.5475692749,7.16625452042,-3.17015504837,97615.4602051,30.3099994659,-733.72479248,False
12.9,-0.513,-0.045,-0.316,-1.16699135,0.0588399,10.198916,-5.60999965668,36.3697357178,-7.41999959946,5.16113090515,15.1454153061,18.2484436035,7.4244852066,-3.07374644279,97608.2946777,29.9799995422,-733.72479248,False
13.0,-0.428,0.03,-0.273,-1.2356379,0.22555295,9.12999115,-8.22999954224,36.3697357178,-8.21000003815,5.16113090515,15.1454153061,17.9687824249,7.62630844116,-2.90161204338,97608.2946777,29.6599998474,-707.610900879,False
13.100000000000001,-0.446,0.021,-0.185,-1.2552512,0.42168595,7.7668668,-10.5399999619,20.700876236,-8.94999980927,1.89677810669,23.2282581329,17.7180404663,7.74698495865,-2.64981079102,97606.6467285,29.0699996948,-664.810546875,False
13.200000000000001,-0.54,0.006,-0.121,-1.30428445,0.4707192,8.67888525,-14.1700000763,20.700876236,-10.1399993896,1.89677810669,23.2282581329,17.4361114502,7.86312055588,-2.43872976303,97591.418457,28.7999992371,-664.810546875,False
13.3,-0.587,0.134,-0.078,-1.2944778,0.48052585,8.5513988,-14.1700000763,20.700876236,-10.1700000763,1.89677810669,23.2282581329,17.2714328766,7.89353132248,-2.27573370934,97591.418457,28.7999992371,-664.810546875,False
13.4,-0.649,0.09,-0.05,-1.372931,0.73549875,7.5511205,-15.5999994278,20.700876236,-10.7299995422,1.89677810669,23.2282581329,17.1660518646,7.89250469208,-2.12335109711,97588.2629395,28.5499992371,-626.918395996,False
13.5,-0.622,0.034,-0.057,-1.3337044,0.7649187,5.9820565,-16.6700000763,9.20797920227,-11.1999998093,-0.183433905244,25.1756286621,17.0304698944,7.83680486679,-1.74265325069,97588.0615234,28.3199996948,-626.918395996,False
13.600000000000001,-0.635,0.029,-0.079,-1.2552512,0.77472535,6.36451585,-17.9400005341,9.20797920227,-11.779999733,-0.183433905244,25.1756286621,16.850522995,7.66815328598,-1.24547898769,97585.144043,27.9499988556,-598.975769043,False
13.700000000000001,-0.591,0.067,-0.122,-1.2944778,0.36284605,7.9629998,-18.4200000763,9.20797920227,-12.0500001907,-0.183433905244,25.1756286621,16.7504386902,7.53870868683,-1.06202793121,97575.9887695,27.8099994659,-571.122924805,False
13.8,-0.445,0.064,-0.094,-1.2748645,0.0588399,8.3356525,-18.4200000763,-2.18129658699,-12.0500001907,-1.2318675518,26.6654090881,16.680437088,7.43987369537,-0.91914409399,97582.0373535,27.8099994659,-571.122924805,False
13.9,-0.267,0.06,-0.044,-1.18660465,0.20593965,9.63993695,-18.8500003815,-2.18129658699,-12.3400001526,-1.2318675518,26.6654090881,16.6041412354,7.25355911255,-0.847692847252,97578.3081055,27.5799999237,-542.101074219,False
14.0,-0.248,0.116,0.042,-1.34351105,0.196133,9.5909037,-19.0699996948,-2.18129658699,-12.6700000763,-1.2318675518,26.6654090881,16.5610046387,7.12263011932,-0.800299584866,97579.1870117,27.5799999237,-542.101074219,False
14.100000000000001,-0.357,0.133,0.079,-1.26505785,0.34323275,7.28634095,-19.359998703,-8.06586647034,-13.1499996185,-3.02834606171,26.9173126221,16.5050048828,6.91284942627,-0.460671156645,97574.9816895,27.3699989319,-502.647399902,False
14.200000000000001,-0.33,0.081,0.092,-1.2356379,0.08825985,6.61948875,-19.3500003815,-8.06586647034,-13.1399993896,-3.02834606171,26.9173126221,16.4740180969,6.77136707306,-0.195895269513,97573.260498,27.3099994659,-502.647399902,False
14.3,-0.301,0.046,0.105,-1.32389775,0.1765197,8.05125965,-19.3299999237,-8.06586647034,-13.25,-3.02834606171,26.9173126221,16.4513530731,6.5185675621,0.0684760957956,97570.123291,27.2699985504,-478.95602417,False
14.4,-0.267,0.073,0.119,-1.20621795,0.40207265,8.3356525,-19.1000003815,-8.06586647034,-13.3199996948,-3.02834606171,26.9173126221,16.4664764404,6.23304414749,0.285981655121,97571.6796875,27.2399997711,-478.95602417,False
14.5,-0.236,0.157,0.095,-1.2552512,0.16671305,7.95319315,-19.0799999237,-8.06586647034,-13.3099994659,-3.02834606171,26.9173126221,16.4664764404,6.23304414749,0.285981655121,97571.875,27.2399997711,-478.95602417,False
14.600000000000001,-0.22,0.235,0.077,-1.176798,0.22555295,7.3942141,-18.6299991608,-15.0195055008,-13.2899999619,-5.54464149475,24.6024665833,16.4987354279,5.85155582428,0.708848834038,97571.5820312,27.25,-453.85647583,False
14.700000000000001,-0.167,0.162,0.067,-1.22583125,0.06864655,6.91368825,-18.3099994659,-15.0195055008,-13.1700000763,-5.54464149475,24.6024665833,16.5145168304,5.63202905655,1.04612183571,97574.0112305,27.3199996948,-431.961639404,False
14.8,-0.074,0.037,0.104,-1.24544455,0.18632635,8.24739265,-18.0200004578,-15.0195055008,-12.9499998093,-5.54464149475,24.6024665833,16.5610485077,5.3866109848,1.28733932972,97571.8017578,27.3999996185,-431.961639404,False
14.9,-0.089,0.104,0.122,-1.176798,0.32361945,8.4141057,-17.5599994659,-15.0195055008,-12.7399997711,-5.54464149475,24.6024665833,16.6180400848,5.13716077805,1.5197480917,97575.4455566,27.5100002289,-411.170776367,False
15.0,-0.052,0.014,0.139,-1.18660465,-0.0980665,7.97280645,-17.0599994659,-17.4317550659,-12.4399995804,-9.03760719299,23.0019397736,16.6809635162,4.88937902451,1.75338494778,97575.8117676,27.5100002289,-411.170776367,False
15.100000000000001,-0.015,0.044,0.139,-1.24544455,0.28439285,8.5906254,-15.9499998093,-17.4317550659,-11.7699995041,-9.03760719299,23.0019397736,16.7472877502,4.6336607933,1.9715192318,97577.557373,27.7999992371,-396.550750732,False
15.200000000000001,-0.044,0.127,0.126,-1.2356379,0.2745862,8.16893945,-15.9200000763,-17.4317550659,-11.7599992752,-9.03760719299,23.0019397736,16.836555481,4.33712768555,2.24303460121,97579.4250488,27.7999992371,-396.550750732,False
15.3,-0.024,0.115,0.109,-1.22583125,0.12748645,7.5903471,-15.3199996948,-17.4317550659,-11.3599996567,-9.03760719299,23.0019397736,16.8864173889,4.13650178909,2.45447516441,97583.4960938,28.1700000763,-384.830871582,False
15.4,-0.007,-0.026,0.068,-1.10815145,0.1569064,8.20816605,-14.6899995804,-17.5044517517,-10.8599996567,-11.1944189072,20.4637336731,16.9854354858,3.84093904495,2.70725703239,97588.1958008,28.1700000763,-384.830871582,False
15.5,-0.003,-0.03,0.084,-1.1964113,0.14709975,8.8063717,-14.0399999619,-17.5044517517,-10.3499994278,-11.1944189072,20.4637336731,17.0421733856,3.64656829834,2.83900713921,97587.8601074,28.6399993896,-377.140228271,False
15.600000000000001,-0.02,-0.025,0.095,-1.02969825,0.02941995,10.4342756,-13.4099998474,-17.5044517517,-9.78999996185,-11.1944189072,20.4637336731,17.1613788605,3.3816010952,2.87411379814,97590.411377,28.6399993896,-377.140228271,False
15.700000000000001,0.007,0.055,0.124,-0.980665,-0.16671305,9.75761675,-12.6099996567,-17.5044517517,-9.30999946594,-11.1944189072,20.4637336731,17.2613735199,3.14551615715,2.96286654472,97594.7143555,28.8999996185,-377.140228271,False
15.8,0.006,0.064,0.168,-1.12776475,-0.06864655,8.46313895,-11.8899993896,-16.8063335419,-8.76999950409,-11.9781732559,17.8028926849,17.349943161,2.91916489601,3.11720776558,97599.9145508,29.1599998474,-373.647888184,False
15.9,0.036,-0.057,0.226,-1.0395049,0.10787315,9.24767095,-10.4899997711,-16.8063335419,-7.52999973297,-11.9781732559,17.8028926849,17.466293335,2.63645768166,3.25639390945,97602.8991699,29.7199993134,-386.027709961,False
16.0,0.036,-0.031,0.242,-0.980665,-0.0392266,9.18883105,-10.4899997711,-16.8063335419,-7.52999973297,-11.9781732559,17.8028926849,17.5574569702,2.4528157711,3.33158731461,97605.9570312,29.7199993134,-386.027709961,False
16.1,0.024,-0.045,0.259,-1.0591182,0.24516625,10.1008495,-8.65999984741,-16.8063335419,-6.25,-11.9781732559,17.8028926849,17.6468086243,2.22938275337,3.36601638794,97608.8745117,30.3199996948,-379.0105896,False
16.2,-0.026,-0.12,0.242,-0.8041453,0.38245935,11.0030613,-8.65999984741,-14.6968050003,-6.25,-12.2270021439,11.3334589005,17.8126602173,1.89027154446,3.34818339348,97619.4335938,30.6299991608,-379.0105896,False
16.3,-0.029,-0.063,0.214,-0.8825985,0.38245935,11.375714,-6.17999982834,-14.6968050003,-5.08999967575,-12.2270021439,11.3334589005,17.967710495,1.51932573318,3.25642633438,97622.4182129,30.9299983978,-391.683380127,False
16.400000000000002,0.029,-0.119,0.186,-0.8041453,0.196133,11.6306869,-4.86999988556,-14.6968050003,-4.56999969482,-12.2270021439,11.3334589005,18.1032810211,1.21682846546,3.12098526955,97623.9013672,31.2299995422,-391.683380127,False
16.5,0.131,-0.152,0.173,-0.77472535,0.2745862,11.85623985,-3.47000002861,-14.6968050003,-4.09999990463,-12.2270021439,11.3334589005,18.2217960358,0.917113006115,2.96433067322,97630.9814453,31.5100002289,-408.563415527,False
16.6,0.137,-0.207,0.178,-0.7453054,0.4511059,12.4740588,-3.48000001907,-14.6968050003,-4.11000013351,-12.2270021439,11.3334589005,18.3238201141,0.657155454159,2.73943328857,97630.3955078,31.5100002289,-408.563415527,False
16.7,0.04,-0.177,0.163,-0.6472389,0.5099458,13.77834325,-1.95999991894,-11.8194570541,-3.74000000954,-9.88253307343,5.37326717377,18.4294509888,0.312409609556,2.38938713074,97642.2424316,31.7799987793,-408.563415527,False
16.8,0.029,-0.151,0.153,-0.65704555,0.5295591,13.93524965,-0.209999993443,-11.8194570541,-3.50999999046,-9.88253307343,5.37326717377,18.5213851929,-0.0179964229465,2.05249452591,97644.4641113,32.0099983215,-435.148986816,False
16.900000000000002,0.145,-0.054,0.098,-0.79433865,0.5687857,12.0425662,3.09999990463,-11.8194570541,-3.12999987602,-9.88253307343,5.37326717377,18.5446777344,-0.141860440373,1.95799970627,97647.052002,32.3800010681,-444.094665527,False
17.0,0.182,-0.059,0.042,-0.8237586,0.28439285,10.4146623,3.09999990463,-11.8194570541,-3.12999987602,-9.88253307343,5.37326717377,18.579082489,-0.552275538445,1.81969869137,97649.0905762,32.3800010681,-444.094665527,False
17.1,0.28,-0.189,0.047,-0.7060788,0.32361945,11.30706745,4.42999982834,-8.79139232635,-2.81999993324,-8.05801773071,2.14825701714,18.5841884613,-0.691836595535,1.7814091444,97650.5126953,32.5499992371,-444.094665527,False
17.2,0.324,-0.26,0.05,-0.57859235,0.50013915,13.20955755,5.78999996185,-8.79139232635,-2.56999993324,-8.05801773071,2.14825701714,18.5915374756,-0.871391236782,1.57392632961,97654.2419434,32.719997406,-452.388946533,False
17.3,0.224,-0.176,0.072,-0.5491724,0.14709975,14.4746154,8.22000026703,-8.79139232635,-2.61999988556,-8.05801773071,2.14825701714,18.5984401703,-1.19583392143,0.838355481625,97656.9030762,32.969997406,-452.940185547,False
17.400000000000002,0.158,-0.087,0.121,-0.5491724,0.2353596,12.5917386,9.0999994278,-3.12031388283,-2.69000005722,-4.13801193237,2.14825701714,18.5794849396,-1.27189981937,0.651206851006,97657.635498,32.969997406,-452.940185547,False
17.5,0.11,-0.101,0.138,-0.55897905,0.1569064,11.8268199,9.9299993515,-3.12031388283,-2.74000000954,-4.13801193237,-0.171394392848,18.5081272125,-1.42062520981,0.423511117697,97659.4055176,33.0900001526,-458.527557373,False
17.6,0.112,-0.063,0.112,-0.61781895,0.4707192,10.4146623,9.93999958038,-3.12031388283,-2.74000000954,-4.13801193237,-0.171394392848,18.4620094299,-1.4815518856,0.364143043756,97660.8886719,33.0900001526,-458.527557373,False
17.7,0.043,-0.033,0.08,-0.65704555,0.69627215,10.2577559,10.7100000381,-3.12031388283,-2.75,-4.13801193237,-0.171394392848,18.3572597504,-1.63068187237,0.344104498625,97659.8022461,33.1199989319,-458.527557373,False
17.8,-0.032,-0.04,0.017,-0.7453054,0.79433865,9.8851032,11.6099996567,-1.3040766716,-2.73000001907,-2.82098078728,-2.48245072365,18.282043457,-1.720007658,0.317045331001,97659.979248,33.1599998474,-447.629943848,False
17.900000000000002,0.159,0.088,-0.033,-0.61781895,0.36284605,9.28689755,12.4799995422,-1.3040766716,-2.69000005722,-2.82098078728,-2.48245072365,18.1744232178,-1.84389686584,0.428392350674,97659.8022461,33.2299995422,-444.047180176,False
18.0,0.171,0.075,-0.032,-0.5295591,0.40207265,9.58109705,13.279999733,-1.3040766716,-2.55999994278,-2.82098078728,-2.48245072365,18.1042633057,-1.90636324883,0.51103413105,97661.6516113,33.2799987793,-444.047180176,False
18.1,0.301,-0.098,-0.014,-0.57859235,0.30400615,9.75761675,14.4499998093,-1.3040766716,-2.26999998093,-2.82098078728,-2.48245072365,18.0119495392,-1.93831884861,0.510069966316,97664.6850586,33.3499984741,-430.894287109,False
18.2,0.486,-0.178,0.013,-0.4118793,0.12748645,12.22889255,14.4499998093,-1.3040766716,-2.26999998093,-2.82098078728,-2.48245072365,17.9746742249,-1.9210408926,0.414796054363,97667.2241211,33.3499984741,-430.894287109,False
18.3,0.358,-0.046,0.039,-0.57859235,0.00980665,12.03275955,14.7899999619,4.89845132828,-2.26999998093,-1.58143985271,-2.58684492111,17.8890399933,-1.82624959946,0.192457154393,97665.7958984,33.4099998474,-430.894287109,False
18.400000000000002,0.317,-0.076,0.093,-0.6080123,0.24516625,10.983448,14.7599992752,4.89845132828,-2.29999995232,-1.58143985271,-2.58684492111,17.7948818207,-1.70598065853,0.105907380581,97665.4602051,33.4599990845,-420.44543457,False
18.5,0.231,-0.085,0.086,-0.44129925,0.4118793,10.4342756,15.6499996185,4.89845132828,-2.28999996185,-1.58143985271,-2.58684492111,17.7143363953,-1.5949524641,0.0258443597704,97670.3857422,33.5200004578,-415.399841309,False
18.6,0.129,-0.075,0.047,-0.392266,0.588399,11.5326204,15.6499996185,4.89845132828,-2.27999997139,-1.58143985271,-2.58684492111,17.6647853851,-1.52351129055,-0.0647207051516,97669.1833496,33.5200004578,-415.399841309,False
18.7,0.177,-0.081,0.01,-0.48052585,0.7649187,11.40513395,17.1499996185,10.8134088516,-2.46000003815,0.474335193634,-4.13893079758,17.597738266,-1.43298101425,-0.150450512767,97664.3005371,33.5400009155,-403.397460938,False
18.8,0.078,-0.045,-0.032,-0.3530394,0.93163175,11.36590735,17.1499996185,10.8134088516,-2.46000003815,0.474335193634,-4.13893079758,17.4682674408,-1.26551532745,-0.318929135799,97668.8476562,33.5400009155,-403.397460938,False
18.900000000000002,0.049,0.02,-0.114,-0.40207265,0.6472389,10.58137535,16.6900005341,10.8134088516,-2.66999983788,0.474335193634,-4.13893079758,17.3653469086,-1.1063593626,-0.355205863714,97665.5212402,33.5200004578,-402.223022461,False
19.0,0.075,0.051,-0.134,-0.38245935,0.50013915,9.9243298,16.6900005341,10.8134088516,-2.65999984741,0.474335193634,-4.13893079758,17.3171730042,-1.02415549755,-0.33083242178,97666.5283203,33.5200004578,-402.223022461,False
19.1,0.122,0.033,-0.116,-0.44129925,0.5491724,9.07115125,18.2899990082,12.6760654449,-2.71000003815,0.0934450998902,-2.71899199486,17.2336177826,-0.873181641102,-0.208679124713,97664.8132324,33.5,-402.223022461,False
19.200000000000003,0.141,0.053,-0.125,-0.3726527,0.61781895,8.56120545,18.9599990845,12.6760654449,-2.61999988556,0.0934450998902,-2.71899199486,17.1678943634,-0.702587306499,-0.0340506918728,97664.9841309,33.4799995422,-380.977050781,False
19.3,0.139,0.096,-0.172,-0.32361945,0.18632635,8.7671451,18.6800003052,12.6760654449,-2.48000001907,0.0934450998902,-2.71899199486,17.1446075439,-0.647257506847,0.0432135462761,97664.8010254,33.5,-371.945770264,False
19.400000000000002,0.164,0.016,-0.145,-0.30400615,0.22555295,8.99269805,18.6700000763,12.6760654449,-2.47000002861,0.0934450998902,-2.71899199486,17.0788974762,-0.349092572927,0.267955332994,97664.7949219,33.5,-371.945770264,False
19.5,0.185,-0.012,-0.068,-0.26477955,0.4118793,9.1790244,23.0799999237,16.173620224,-2.14999985695,-1.97558510303,0.131902366877,17.0410346985,-0.132266446948,0.376735836267,97669.7387695,33.5799980164,-365.301513672,False
19.6,0.185,-0.012,-0.068,-0.26477955,0.4118793,9.1790244,23.0799999237,16.173620224,-2.13999986649,-1.97558510303,0.131902366877,17.0144176483,0.0437058806419,0.439487844706,97666.1254883,33.5799980164,-365.301513672,False
19.700000000000003,0.148,-0.021,-0.06,-0.1569064,0.44129925,9.83606995,23.7099990845,16.173620224,-1.77999997139,-1.97558510303,0.131902366877,16.9906482697,0.321929186583,0.51461648941,97668.0786133,33.7099990845,-363.672821045,False
19.8,0.111,-0.036,-0.063,-0.1176798,0.59820565,9.71839015,23.7099990845,16.173620224,-1.76999998093,-1.97558510303,0.131902366877,16.9795646667,0.465011060238,0.544571220875,97664.855957,33.7099990845,-363.672821045,False
19.900000000000002,0.093,-0.005,-0.085,-0.1765197,0.8629852,9.1790244,28.2799987793,19.5586910248,-1.33999991417,-1.99299454689,1.62271606922,16.9626159668,0.684313952923,0.646420300007,97671.4111328,33.8600006104,-368.938049316,False
20.0,0.034,-0.07,-0.114,-0.2353596,1.0591182,9.54187045,28.2799987793,19.5586910248,-1.32999992371,-1.99299454689,1.62271606922,16.9442596436,0.907495200634,0.70839214325,97670.7580566,33.9500007629,-368.938049316,False
20.1,0.086,-0.078,-0.168,-0.0980665,0.83356525,10.1008495,31.4099998474,19.5586910248,-0.849999964237,-1.99299454689,1.62271606922,16.9144916534,1.25057017803,0.796220719814,97672.0275879,34.0400009155,-365.141662598,False
20.200000000000003,0.078,-0.012,-0.252,-0.08825985,0.5491724,10.05181625,31.3999996185,19.5586910248,-0.849999964237,-1.99299454689,1.62271606922,16.9083251953,1.3486584425,0.831421792507,97670.0866699,34.0400009155,-365.141662598,False
20.3,0.132,0.004,-0.251,-0.1372931,0.38245935,10.5715687,31.2600002289,22.0264320374,-0.579999983311,-2.79242491722,6.02743196487,16.8868083954,1.79360079765,0.866531431675,97674.2553711,34.1399993896,-365.141662598,False
20.400000000000002,0.215,-0.076,-0.203,-0.1569064,0.2157463,10.26756255,30.9899997711,22.0264320374,-0.310000002384,-2.79242491722,6.02743196487,16.8556995392,2.11715626717,0.920497119427,97674.6826172,34.2399978638,-318.868652344,False
20.5,0.229,-0.123,-0.166,-0.0588399,0.5295591,10.4146623,32.8299980164,22.0264320374,-0.019999999553,-2.79242491722,6.02743196487,16.8164386749,2.50106072426,0.933299839497,97672.1679688,34.4599990845,-326.156799316,False
20.6,0.241,-0.22,-0.131,0.0196133,0.26477955,11.8464332,32.8999977112,22.0264320374,0.449999988079,-2.79242491722,6.02743196487,16.7909259796,2.75022006035,0.907814502716,97677.2583008,34.5599975586,-326.156799316,False
20.700000000000003,0.129,-0.255,-0.073,0.0392266,0.8237586,12.9055514,32.9099998474,26.8695373535,0.469999998808,-1.16009604931,10.778301239,16.6807498932,3.39980864525,0.692281246185,97680.9509277,34.5599975586,-326.156799316,False
20.8,0.029,-0.197,-0.078,0.0784532,1.06892485,12.7094184,32.1199989319,26.8695373535,0.560000002384,-1.16009604931,10.778301239,16.5839118958,3.86684322357,0.510330021381,97680.7739258,34.6499977112,-331.275939941,False
20.900000000000002,0.035,-0.099,-0.141,0.26477955,0.91201845,11.964113,31.2799987793,26.8695373535,0.610000014305,-1.16009604931,10.778301239,16.4759140015,4.3040189743,0.381064593792,97679.8034668,34.7299995422,-331.275939941,False
21.0,0.086,-0.103,-0.174,0.28439285,0.71588545,11.99353295,34.9099998474,26.8695373535,0.649999976158,-1.16009604931,10.778301239,16.3685684204,4.73740005493,0.278763502836,97688.8183594,34.8199996948,-339.423553467,False
21.1,0.054,-0.056,-0.188,0.2549729,0.6668522,11.375714,34.3800010681,26.8695373535,0.689999997616,-1.16009604931,10.778301239,16.2578353882,5.14763212204,0.246046870947,97680.1452637,34.8199996948,-339.423553467,False
21.200000000000003,0.152,-0.08,-0.209,0.196133,0.9610517,10.9638347,34.8999977112,28.444437027,0.75,-0.229086890817,15.4119663239,16.2217731476,5.2919960022,0.256971180439,97682.623291,34.8499984741,-348.347473145,False
21.3,0.167,-0.048,-0.224,0.1765197,0.6080123,11.375714,34.4500007629,28.444437027,0.870000004768,-0.229086890817,15.4119663239,16.026763916,5.97168302536,0.250462472439,97682.623291,34.8899993896,-348.347473145,False
21.400000000000002,0.191,-0.023,-0.223,0.10787315,0.46091255,9.8851032,33.8899993896,28.444437027,0.969999969006,-0.229086890817,15.4119663239,15.9094333649,6.36898565292,0.367715001106,97684.3444824,34.9199981689,-340.953430176,False
21.5,0.16,-0.127,-0.209,0.16671305,0.4511059,10.4342756,37.4899978638,31.3161888123,1.16999995708,-1.30638873577,19.0045604706,15.7532253265,6.87615966797,0.469103097916,97682.9833984,34.9599990845,-340.953430176,False
21.6,0.18,-0.151,-0.206,0.34323275,0.55897905,11.0619012,37.1399993896,31.3161888123,1.37000000477,-1.30638873577,19.0045604706,15.6249608994,7.26896810532,0.506339609623,97685.369873,35.0,-342.177764893,False
21.700000000000003,0.131,-0.118,-0.21,0.42168595,0.6080123,10.77750835,37.1100006104,31.3161888123,1.75999999046,-1.30638873577,19.0045604706,15.4313354492,7.81171655655,0.600871324539,97684.8388672,35.1199989319,-343.279663086,False
21.8,0.064,-0.105,-0.231,0.4118793,0.5687857,10.07142955,39.4899978638,31.3161888123,2.04999995232,-1.30638873577,19.0045604706,15.3782348633,7.96878814697,0.651248931885,97687.512207,35.2000007629,-343.279663086,False
21.900000000000002,0.045,-0.109,-0.22,0.4314926,0.95124505,10.0420096,39.4899978638,34.5527114868,2.04999995232,-1.62264382839,24.8908290863,15.1364679337,8.58873653412,0.796055793762,97686.7492676,35.2799987793,-357.28338623,False
22.0,0.015,-0.122,-0.228,0.3726527,0.6472389,10.79712165,38.6899986267,34.5527114868,2.6099998951,-1.62264382839,24.8908290863,14.8981571198,9.143658638,0.902256906033,97683.5693359,35.3699989319,-357.28338623,False
22.1,0.103,-0.156,-0.237,0.4511059,0.71588545,10.18910935,40.0099983215,35.3079032898,2.90999984741,-1.88355720043,28.2339763641,14.6692752838,9.64393234253,0.945571124554,97688.8183594,35.469997406,-360.53125,False
22.200000000000003,-0.006,-0.268,-0.215,0.50013915,1.1964113,12.44463885,40.0200004578,35.3079032898,2.90999984741,-1.88355720043,28.2339763641,14.3887052536,10.2064428329,0.827357888222,97689.9353027,35.469997406,-360.53125,False
22.3,0.054,-0.222,-0.22,0.588399,0.73549875,13.533177,41.1199989319,35.3079032898,3.21000003815,-1.88355720043,28.2339763641,14.071141243,10.7659301758,0.700862765312,97688.1164551,35.6499977112,-368.593017578,False
22.400000000000002,0.055,-0.118,-0.209,0.6668522,1.10815145,11.93469305,41.1199989319,35.3079032898,3.22000002861,-1.88355720043,28.2339763641,13.8416080475,11.176733017,0.659205853939,97688.6047363,35.719997406,-368.593017578,False
22.5,0.047,-0.141,-0.241,0.65704555,0.93163175,11.8660465,40.0599975586,36.4451446533,3.51999998093,-1.17666006088,35.1506271362,13.4715547562,11.7761697769,0.64636528492,97690.7348633,35.7799987793,-390.266998291,False
22.6,0.071,-0.116,-0.267,0.59820565,1.2160246,11.85623985,40.0599975586,36.4451446533,3.52999997139,-1.17666006088,35.1506271362,13.4100103378,11.8764076233,0.638631343842,97693.2006836,35.8400001526,-390.266998291,False
22.700000000000003,0.006,-0.15,-0.294,0.7649187,0.93163175,12.81729155,39.5400009155,36.4451446533,3.69999980927,-1.17666006088,35.1506271362,12.7694683075,12.8530025482,0.47567909956,97691.7236328,35.8800010681,-410.161773682,False
22.8,0.125,-0.137,-0.323,0.57859235,0.588399,9.44380395,42.1599998474,36.4451446533,3.95999979973,-1.17666006088,35.1506271362,12.4879827499,13.2596826553,0.674888312817,97698.2727051,35.9300003052,-410.161773682,False
22.900000000000002,0.161,-0.124,-0.375,0.5295591,0.26477955,9.20844435,42.1399993896,38.2857551575,3.98000001907,-2.94707417488,42.687953949,12.2271709442,13.59740448,0.854950726032,97697.088623,35.9300003052,-410.161773682,False
23.0,0.284,-0.132,-0.326,0.55897905,0.2745862,10.67944185,41.7700004578,38.2857551575,4.34999990463,-2.94707417488,42.687953949,11.8434305191,14.0915937424,1.0024677515,97683.6547852,35.9899978638,-411.837768555,False
23.1,0.233,-0.223,-0.242,0.61781895,0.34323275,12.36618565,41.0400009155,38.2857551575,5.03999996185,-2.94707417488,42.687953949,11.2778720856,14.7429676056,1.06606423855,97693.0786133,36.1800003052,-415.504821777,False
23.200000000000003,0.02,-0.381,-0.158,0.9218251,0.6472389,12.9251647,41.0699996948,38.2857551575,5.0499997139,-2.94707417488,42.687953949,10.7440109253,15.321803093,1.00390779972,97695.5749512,36.1800003052,-415.504821777,False
23.3,-0.043,-0.366,-0.158,0.9022118,0.8629852,13.01342455,40.1499977112,38.2857551575,5.27999973297,-2.94707417488,42.687953949,10.293346405,15.7519283295,0.952017962933,97692.1569824,36.2900009155,-415.504821777,False
23.400000000000002,-0.004,-0.263,-0.189,0.8237586,1.1571847,12.75845165,41.0299987793,41.2807731628,5.46999979019,-1.41412043571,51.483215332,9.76926517487,16.246711731,0.930930256844,97707.5073242,36.3699989319,-447.024536133,False
23.5,-0.074,-0.333,-0.231,0.97085835,1.14737805,12.22889255,39.0799980164,41.2807731628,5.8799996376,-1.41412043571,51.483215332,9.07625675201,16.7997455597,0.855691850185,97702.5695801,36.5299987793,-452.068237305,False
23.6,-0.132,-0.334,-0.254,1.16699135,1.2356379,14.32751565,38.1699981689,41.2807731628,6.00999975204,-1.41412043571,51.483215332,8.44573688507,17.2531890869,0.683414161205,97708.8623047,36.6100006104,-452.068237305,False
23.700000000000003,-0.191,-0.247,-0.252,0.99047165,1.55925735,14.05292945,36.6499977112,41.2807731628,6.00999975204,-1.41412043571,51.483215332,7.79645633698,17.682849884,0.508206248283,97699.9328613,36.6699981689,-465.181732178,False
23.8,-0.105,-0.247,-0.299,1.0787315,1.10815145,13.5527903,36.6499977112,41.2807731628,6.0,-1.41412043571,51.483215332,7.1627573967,18.0524635315,0.373703718185,97705.6518555,36.6699981689,-465.181732178,False
23.900000000000002,-0.102,-0.242,-0.315,0.9610517,1.10815145,13.18994425,36.0099983215,39.2277755737,6.05999994278,0.375362217426,62.4530220032,6.65936374664,18.3245983124,0.288870841265,97706.4758301,36.7099990845,-465.181732178,False
24.0,-0.136,-0.222,-0.291,0.89240515,1.18660465,12.9251647,34.4799995422,39.2277755737,6.05999994278,0.375362217426,62.4530220032,6.01024961472,18.6509380341,0.156534254551,97706.3476562,36.7299995422,-488.268554688,False
24.1,-0.038,-0.261,-0.3,1.0395049,0.99047165,12.6113519,32.8499984741,39.2277755737,6.05999994278,0.375362217426,62.4530220032,5.77712011337,18.7569580078,0.132202908397,97710.748291,36.7399978638,-488.268554688,False
24.200000000000003,-0.089,-0.331,-0.304,0.79433865,0.8629852,13.2389775,31.2299995422,39.2277755737,6.03999996185,0.375362217426,62.4530220032,5.14659929276,19.0136871338,0.0397053509951,97705.5114746,36.7399978638,-487.522521973,False
24.3,-0.079,-0.332,-0.304,0.99047165,0.8041453,13.7489233,29.1899986267,37.286567688,6.0,1.34750461578,72.8701858521,3.86895012856,19.4149227142,-0.257424712181,97707.3730469,36.7399978638,-487.522521973,False
24.400000000000002,-0.129,-0.374,-0.313,0.9218251,0.9610517,14.1608026,26.8400001526,37.286567688,5.85999965668,1.34750461578,72.8701858521,3.23508954048,19.5790882111,-0.446827471256,97706.3598633,36.719997406,-493.837158203,False
24.5,-0.095,-0.341,-0.282,1.0787315,0.4314926,14.9257213,20.9200000763,37.286567688,5.36999988556,1.34750461578,72.8701858521,2.29693889618,19.7238903046,-0.747256338596,97709.6618652,36.6199989319,-503.35369873,False
24.6,-0.142,-0.308,-0.203,0.9610517,0.9414384,14.4746154,20.8999996185,37.286567688,5.34999990463,1.34750461578,72.8701858521,1.6810451746,19.7969608307,-0.940607011318,97700.8666992,36.6199989319,-503.35369873,False
24.700000000000003,-0.296,-0.308,-0.176,0.9414384,0.83356525,14.85707475,17.5699996948,37.286567688,4.98999977112,1.34750461578,72.8701858521,0.929147601128,19.8232936859,-1.2185600996,97703.0578613,36.5400009155,-503.35369873,False
24.8,-0.296,-0.308,-0.176,0.9414384,0.83356525,14.85707475,10.75,33.1565246582,4.00999975204,5.31128787994,84.1206817627,0.10409528017,19.7796649933,-1.56879293919,97703.0578613,36.2700004578,-471.530151367,False
24.900000000000002,-0.421,-0.273,-0.223,0.8433719,1.04931155,14.0627361,7.44000005722,33.1565246582,3.3599998951,5.31128787994,84.1206817627,-0.52655762434,19.6732826233,-1.86032676697,97698.8098145,36.0900001526,-460.22454834,False
25.0,-0.438,-0.229,-0.25,0.69627215,0.8433719,13.95486295,7.44000005722,33.1565246582,3.31999993324,5.31128787994,84.1206817627,-0.986608922482,19.5706920624,-2.0725543499,97700.0732422,36.0900001526,-460.22454834,False
25.1,-0.439,-0.082,-0.227,0.4707192,0.73549875,12.9055514,4.30999994278,33.1565246582,2.63999986649,5.31128787994,84.1206817627,-1.4972962141,19.392206192,-2.28170466423,97696.0388184,35.8800010681,-460.22454834,False
25.200000000000003,-0.505,-0.033,-0.219,0.34323275,0.67665885,11.07170785,1.41999995708,25.4212493896,1.88999998569,6.78530216217,90.2577667236,-1.86521041393,19.2348976135,-2.33875060081,97686.0290527,35.6399993896,-445.058258057,False
25.3,-0.559,-0.084,-0.22,0.1765197,0.83356525,11.09132115,-2.82999992371,25.4212493896,0.579999983311,6.78530216217,90.2577667236,-2.2457036972,19.0068511963,-2.430113554,97685.5895996,35.1399993896,-412.011901855,False
25.400000000000002,-0.575,-0.055,-0.212,0.1372931,0.40207265,11.05209455,-2.82999992371,25.4212493896,0.579999983311,6.78530216217,90.2577667236,-2.30931568146,18.9724140167,-2.43861341476,97678.3874512,35.1399993896,-412.011901855,False
25.5,-0.45,0.057,-0.123,0.14709975,0.6472389,9.89490985,-6.19999980927,25.4212493896,-0.789999961853,6.78530216217,90.2577667236,-2.70951628685,18.6298408508,-2.47599482536,97675.6469727,34.6199989319,-400.90826416,False
25.6,-0.473,0.048,-0.113,0.0,0.4707192,9.97336305,-6.19999980927,25.4212493896,-0.810000002384,6.78530216217,90.2577667236,-2.85899782181,18.4550037384,-2.44238567352,97673.2971191,34.3499984741,-400.90826416,False
25.700000000000003,-0.459,0.007,-0.088,-0.0196133,0.4903325,9.610517,-8.38999938965,11.7501773834,-2.05999994278,5.85711336136,95.4127044678,-2.94283151627,18.26902771,-2.39344263077,97668.6950684,34.0900001526,-370.369140625,False
25.8,-0.434,0.032,-0.093,-0.0980665,0.30400615,9.2967042,-9.07999992371,11.7501773834,-2.61999988556,5.85711336136,95.4127044678,-2.98715233803,18.1134128571,-2.28558731079,97665.1916504,33.8400001526,-370.369140625,False
25.900000000000002,-0.403,0.01,-0.089,-0.0196133,0.3726527,8.8455983,-9.64999961853,11.7501773834,-3.17999982834,5.85711336136,95.4127044678,-2.99562287331,17.9429931641,-2.19473314285,97658.5449219,33.5999984741,-347.037506104,False
26.0,-0.353,0.017,-0.061,-0.1569064,0.40207265,9.1005712,-9.64999961853,11.7501773834,-3.17999982834,5.85711336136,95.4127044678,-2.9849653244,17.746547699,-2.12007379532,97657.1960449,33.5999984741,-347.037506104,False
26.1,-0.302,0.019,-0.027,-0.20593965,0.3726527,9.16921775,-10.0900001526,1.81794667244,-3.72000002861,5.32664346695,97.3202896118,-2.96078515053,17.6446304321,-2.08717393875,97658.2092285,33.1300010681,-320.851318359,False
26.200000000000003,-0.251,0.061,-0.01,-0.2549729,0.30400615,9.28689755,-10.4799995422,1.81794667244,-4.73999977112,5.32664346695,97.3202896118,-2.91874337196,17.5294113159,-1.99928939342,97651.776123,32.9099998474,-320.851318359,False
26.3,-0.215,0.104,0.007,-0.18632635,0.24516625,8.5121722,-10.4899997711,1.81794667244,-4.73999977112,5.32664346695,97.3202896118,-2.83052635193,17.3589801788,-1.82711219788,97652.2766113,32.7000007629,-291.923156738,False
26.400000000000002,-0.238,0.086,0.026,-0.2157463,0.2549729,8.32584585,-10.5500001907,1.81794667244,-5.17000007629,5.32664346695,97.3202896118,-2.7474770546,17.2348937988,-1.6768695116,97647.088623,32.7000007629,-291.923156738,False
26.5,-0.222,0.012,0.015,-0.22555295,0.2549729,8.5906254,-10.529999733,-2.65765595436,-5.55999994278,4.00782203674,97.1468887329,-2.70403695107,17.1816768646,-1.61912572384,97642.9748535,32.5099983215,-291.923156738,False
26.6,-0.208,0.083,0.008,-0.18632635,0.16671305,8.54159215,-10.3299999237,-2.65765595436,-5.92999982834,4.00782203674,97.1468887329,-2.52246379852,16.9958381653,-1.39673924446,97641.809082,32.3400001526,-266.363708496,False
26.700000000000003,-0.175,0.051,0.043,-0.1765197,0.08825985,8.44352565,-9.88000011444,-2.65765595436,-6.53999996185,4.00782203674,97.1468887329,-2.36908245087,16.8628292084,-1.2322551012,97638.0981445,32.0299987793,-241.554641724,False
26.8,-0.152,0.091,0.081,-0.28439285,0.2745862,8.85540495,-9.88000011444,-2.65765595436,-6.53999996185,4.00782203674,97.1468887329,-2.25615406036,16.7816619873,-1.11912763119,97639.2700195,31.8899993896,-241.554641724,False
26.900000000000002,-0.139,0.117,0.108,-0.2745862,0.2941995,8.75733845,-9.5,-6.59433794022,-6.82999992371,2.63506388664,96.4278030396,-2.10907125473,16.6937866211,-0.9588586092,97634.0759277,31.8899993896,-241.554641724,False
27.0,-0.118,0.145,0.114,-0.2941995,0.34323275,8.18855275,-9.06999969482,-6.59433794022,-7.05999994278,2.63506388664,96.4278030396,-1.95953416824,16.6199798584,-0.733760416508,97632.2265625,31.7699985504,-218.650054932,False
27.1,-0.084,0.134,0.096,-0.2745862,0.1765197,7.63938035,-8.60999965668,-6.59433794022,-7.19999980927,2.63506388664,96.4278030396,-1.76506066322,16.5335330963,-0.449894398451,97628.302002,31.5999984741,-195.54119873,False
27.200000000000003,-0.056,0.11,0.091,-0.3530394,0.36284605,8.1002929,-8.0999994278,-6.59433794022,-7.27999973297,2.63506388664,96.4278030396,-1.67336606979,16.5030841827,-0.315981566906,97626.9104004,31.5999984741,-195.54119873,False
27.3,-0.029,0.086,0.092,-0.3530394,0.3530394,7.69822025,-6.94999980927,-8.59619426727,-7.26999998093,-0.348026752472,94.5804977417,-1.55221605301,16.4623413086,-0.100533954799,97628.6987305,31.5100002289,-179.967315674,False
27.400000000000002,-0.019,0.119,0.071,-0.28439285,0.1569064,7.7472535,-6.33999967575,-8.59619426727,-7.19999980927,-0.348026752472,94.5804977417,-1.29738485813,16.3908824921,0.278580874205,97626.159668,31.5,-179.967315674,False
27.5,-0.01,0.145,0.057,-0.38245935,0.3726527,8.03164635,-6.33999967575,-8.59619426727,-7.19999980927,-0.348026752472,94.5804977417,-1.20461726189,16.369392395,0.428170323372,97629.3823242,31.5,-179.967315674,False
27.6,0.04,0.152,0.06,-0.392266,0.18632635,7.4334407,-5.73999977112,-8.59619426727,-7.0499997139,-0.348026752472,94.5804977417,-1.07577252388,16.3449172974,0.718068361282,97626.6906738,31.5199985504,-176.832199097,False
27.700000000000003,0.08,0.114,0.09,-0.2941995,0.08825985,7.5903471,-4.73000001907,-8.07499408722,-6.51999998093,-4.0329914093,93.050491333,-0.907058238983,16.3297576904,1.09996759892,97630.3344727,31.6399993896,-166.518783569,False
27.8,0.039,0.08,0.113,-0.24516625,0.16671305,8.16893945,-4.73000001907,-8.07499408722,-6.51999998093,-4.0329914093,93.050491333,-0.876444756985,16.3246421814,1.13259756565,97633.5449219,31.6399993896,-166.518783569,False
27.900000000000002,-0.03,0.055,0.135,-0.1765197,0.1176798,8.7083052,-4.15999984741,-8.07499408722,-6.23000001907,-4.0329914093,93.050491333,-0.656952738762,16.3472042084,1.38501501083,97631.7016602,31.8699989319,-158.631713867,False
28.0,0.003,0.037,0.129,-0.22555295,0.392266,9.30651085,-3.52999997139,-7.54620981216,-5.90000009537,-5.41151380539,91.0674133301,-0.49953097105,16.3731765747,1.49541008472,97634.753418,31.8699989319,-158.631713867,False
28.1,-0.009,0.043,0.114,-0.2157463,0.30400615,9.0417313,-2.05999994278,-7.54620981216,-5.21000003815,-5.41151380539,91.0674133301,-0.316129863262,16.3996772766,1.65677726269,97634.9975586,32.1499977112,-161.734008789,False
28.200000000000003,-0.052,1.37160441505e-17,0.112,-0.24516625,0.3726527,9.16921775,-2.05999994278,-7.54620981216,-5.21000003815,-5.41151380539,91.0674133301,-0.184407740831,16.4229850769,1.73051321507,97636.5112305,32.1499977112,-161.734008789,False
28.3,0.02,0.064,0.084,-0.12748645,0.2157463,8.91424485,-0.399999976158,-7.54620981216,-4.46000003815,-5.41151380539,91.0674133301,-0.114544153214,16.4363651276,1.76559746265,97641.0522461,32.469997406,-171.173675537,False
28.400000000000002,0.186,0.014,0.084,-0.20593965,0.3334261,9.3947707,0.389999985695,-6.48004627228,-4.07999992371,-6.40252780914,88.6074676514,0.157893612981,16.5099849701,1.90893018246,97642.9992676,32.6399993896,-171.173675537,False
28.5,0.127,0.002,0.076,-0.12748645,0.4511059,9.93413645,0.389999985695,-6.48004627228,-4.08999967575,-6.40252780914,88.6074676514,0.269188582897,16.5485286713,1.95552504063,97647.6623535,32.6399993896,-171.173675537,False
28.6,0.024,0.004,0.081,-0.1372931,0.48052585,10.11065615,1.89999997616,-6.48004627228,-3.25999999046,-6.40252780914,88.6074676514,0.404594779015,16.6084594727,1.98944914341,97646.8261719,33.0099983215,-178.593261719,False
28.700000000000003,-0.125,-0.038,0.096,-0.1176798,0.51975245,10.6107953,2.79999995232,-6.48004627228,-2.88999986649,-6.40252780914,88.6074676514,0.593700230122,16.6858215332,1.93798136711,97649.9755859,33.2000007629,-190.203857422,False
28.8,-0.007,-0.028,0.08,0.02941995,0.42168595,10.73828175,2.80999994278,-5.40019369125,-2.88999986649,-6.35031843185,86.6734619141,0.725161075592,16.7424430847,1.89246571064,97652.6367188,33.2000007629,-190.203857422,False
28.900000000000002,0.179,-0.075,0.041,-0.04903325,0.4707192,10.44408225,3.78999996185,-5.40019369125,-2.54999995232,-6.35031843185,86.6734619141,0.869839966297,16.7998542786,1.85099649429,97658.5388184,33.3800010681,-190.203857422,False
29.0,0.184,-0.089,0.038,0.04903325,0.53936575,10.13026945,4.67999982834,-5.40019369125,-2.21000003815,-6.35031843185,86.6734619141,0.994886279106,16.8501167297,1.82011413574,97658.5388184,33.5499992371,-203.128051758,False
29.1,0.265,-0.112,1.37160441505e-17,0.12748645,0.3138128,10.42446895,6.17999982834,-5.40019369125,-1.52999997139,-6.35031843185,86.6734619141,1.10266292095,16.9117603302,1.76339411736,97657.7270508,33.8899993896,-214.617736816,False
29.200000000000003,0.331,-0.128,-0.011,0.196133,0.16671305,11.20900095,6.63999986649,-0.0851272642612,-1.25999999046,-3.89136624336,85.8857116699,1.14994966984,16.9603157043,1.6425536871,97664.440918,34.0400009155,-214.617736816,False
29.3,0.203,-0.043,0.019,0.30400615,0.14709975,11.3561007,6.63999986649,-0.0851272642612,-1.25999999046,-3.89136624336,85.8857116699,1.17147362232,16.9951648712,1.54874062538,97663.7451172,34.0400009155,-214.617736816,False
29.400000000000002,0.092,-0.032,0.067,0.18632635,0.392266,11.40513395,6.98000001907,-0.0851272642612,-1.00999999046,-3.89136624336,85.8857116699,1.18083131313,17.0525951385,1.38929080963,97668.6950684,34.3299980164,-225.584793091,False
29.5,0.153,-0.11,0.085,0.2549729,0.30400615,11.2188076,7.42999982834,-0.0851272642612,-0.620000004768,-3.89136624336,85.8857116699,1.18758070469,17.08634758,1.24957585335,97668.0847168,34.4500007629,-238.516998291,False
29.6,0.036,-0.024,0.091,0.4314926,0.63743225,11.26784085,7.42999982834,3.13169050217,-0.620000004768,-2.50029587746,84.7306289673,1.18829715252,17.1195354462,1.11539006233,97675.4882812,34.4500007629,-238.516998291,False
29.700000000000003,-0.117,-0.056,0.09,0.4903325,0.7060788,12.2779258,7.63999986649,3.13169050217,-0.479999989271,-2.50029587746,84.7306289673,1.19414329529,17.145816803,0.99369174242,97674.4689941,34.5499992371,-238.516998291,False
29.8,-0.29,-0.084,0.102,0.7649187,0.57859235,13.7489233,7.90999984741,3.13169050217,-0.439999997616,-2.50029587746,84.7306289673,1.26411545277,17.2307682037,0.494359254837,97677.7709961,34.6399993896,-250.518218994,False
29.900000000000002,-0.191,-0.089,0.079,0.87279185,0.7649187,14.4942287,8.42000007629,3.13169050217,-0.560000002384,-2.50029587746,84.7306289673,1.30444729328,17.2459640503,0.323915243149,97677.130127,34.7099990845,-250.518218994,False
30.0,-0.13,0.09,-0.017,0.5687857,0.67665885,11.8856598,9.22000026703,-0.0663349032402,-0.829999983311,-0.999349296093,82.738861084,1.44767570496,17.2985458374,-0.11503367126,97677.2460938,34.719997406,-262.86505127,False
30.1,-0.153,0.071,-0.01,0.46091255,0.51975245,10.64021525,10.75,-0.0663349032402,-1.12999999523,-0.999349296093,82.738861084,1.63552939892,17.3368034363,-0.14959654212,97679.0344238,34.6800003052,-278.056915283,False
30.200000000000003,0.014,0.062,-0.03,0.2157463,0.48052585,8.87501825,10.75,-0.0663349032402,-1.12999999523,-0.999349296093,82.738861084,1.69034397602,17.3472995758,-0.0817581415176,97676.2878418,34.6800003052,-278.056915283,False
30.3,0.161,0.018,-0.031,0.2941995,0.69627215,8.8455983,11.5099992752,-0.0663349032402,-1.11000001431,-0.999349296093,82.738861084,1.78267562389,17.3528518677,0.0195580814034,97676.0742188,34.6499977112,-278.056915283,False
30.400000000000002,0.1,0.047,-0.02,0.30400615,0.6276256,8.99269805,12.9600000381,0.0988489538431,-1.02999997139,-2.41069102287,83.0121688843,1.83599686623,17.3650226593,0.0797037854791,97676.8249512,34.6399993896,-288.549987793,False
30.5,0.223,0.064,-0.021,0.26477955,0.18632635,9.30651085,13.5199995041,0.0988489538431,-0.939999997616,-2.41069102287,83.0121688843,1.91406011581,17.3978176117,0.157680898905,97676.5075684,34.6599998474,-290.639892578,False
30.6,0.38,0.069,-0.022,0.1176798,0.3138128,8.40429905,13.5199995041,0.0988489538431,-0.939999997616,-2.41069102287,83.0121688843,1.929692626,17.4310379028,0.354424864054,97677.2155762,34.6899986267,-290.639892578,False
30.700000000000003,0.356,0.025,-0.017,0.26477955,0.22555295,7.83551335,14.1700000763,0.0988489538431,-0.449999988079,-2.41069102287,83.0121688843,1.89971876144,17.476984024,0.573596119881,97681.1279297,34.75,-310.123260498,False
30.8,0.362,-0.064,0.008,0.196133,0.2941995,10.1596894,14.1799993515,6.09056138992,-0.439999997616,-3.30163621902,83.300994873,1.84548985958,17.5169143677,0.601383507252,97676.8005371,34.75,-310.123260498,False
30.900000000000002,0.284,-0.053,0.044,0.1765197,0.1372931,9.6301303,13.9499998093,6.09056138992,0.0,-3.30163621902,83.300994873,1.74204671383,17.5697078705,0.688389718533,97679.3151855,34.8999977112,-314.447601318,False
31.0,0.16,-0.046,0.043,0.22555295,0.38245935,9.610517,13.9499998093,6.09056138992,0.00999999977648,-3.30163621902,83.300994873,1.71472895145,17.5824012756,0.700162708759,97677.8320312,34.9899978638,-314.447601318,False
31.1,0.115,0.008,0.018,0.2745862,0.65704555,8.1199062,13.8199996948,6.09056138992,0.689999997616,-3.30163621902,83.300994873,1.61108863354,17.6457538605,0.968844771385,97682.8857422,35.0900001526,-329.42868042,False
31.200000000000003,0.039,-0.04,-0.032,0.3530394,0.69627215,8.30623255,13.6199998856,11.1080675125,1.07999992371,-2.31538081169,82.7939376831,1.57097685337,17.6650066376,1.03712439537,97682.0495605,35.2099990845,-329.42868042,False
31.3,0.035,-0.033,-0.042,0.2549729,0.67665885,9.32612415,13.4299993515,11.1080675125,1.48000001907,-2.31538081169,82.7939376831,1.40210461617,17.7646350861,1.20148718357,97684.4421387,35.3499984741,-331.007568359,False
31.400000000000002,0.03,-0.003,-0.046,0.44129925,0.6472389,9.58109705,13.4299993515,11.1080675125,1.48000001907,-2.31538081169,82.7939376831,1.36991071701,17.7829627991,1.22485280037,97684.2895508,35.3499984741,-331.007568359,False
31.5,0.074,-0.104,-0.057,0.2941995,0.93163175,10.591182,13.0699996948,11.1080675125,1.83999991417,-2.31538081169,82.7939376831,1.28436875343,17.8258991241,1.26237261295,97688.7390137,35.4899978638,-331.007568359,False
31.6,0.051,-0.154,-0.084,0.4118793,1.0002783,11.07170785,12.2699995041,12.2791938782,2.44000005722,-1.15412890911,84.0832595825,1.02956807613,17.9195251465,1.06240868568,97687.0666504,35.7599983215,-333.298095703,False
31.700000000000003,0.168,-0.14,-0.111,0.588399,0.87279185,12.20927925,12.2699995041,12.2791938782,2.45000004768,-1.15412890911,84.0832595825,0.882411539555,17.9644508362,0.907712221146,97689.0930176,35.7599983215,-333.298095703,False
31.8,0.06,-0.101,-0.098,0.63743225,0.57859235,11.54242705,11.529999733,12.2791938782,2.59999990463,-1.15412890911,84.0832595825,0.776435494423,17.9886646271,0.819944143295,97691.6381836,35.8800010681,-345.857421875,False
31.900000000000002,-0.026,-0.083,-0.083,0.73549875,0.65704555,12.1994726,10.6399993896,13.957857132,2.74000000954,0.244765490294,85.802947998,0.479083776474,18.0462818146,0.552224099636,97693.2067871,35.969997406,-345.857421875,False
32.0,-0.067,-0.121,-0.103,0.6472389,0.4903325,12.4740588,9.76000022888,13.957857132,2.79999995232,0.244765490294,85.802947998,0.288123100996,18.0769481659,0.343569844961,97699.6704102,36.0900001526,-354.07220459,False
32.1,-0.088,-0.176,-0.118,0.8237586,0.65704555,12.48386545,7.96000003815,13.957857132,2.72000002861,0.244765490294,85.802947998,0.0547827482224,18.0882320404,0.0399022437632,97695.7763672,36.1199989319,-362.153045654,False
32.2,-0.094,-0.126,-0.132,0.63743225,0.46091255,11.89546645,7.94999980927,13.957857132,2.72000002861,0.244765490294,85.802947998,-0.0948114916682,18.0829906464,-0.110175818205,97694.8791504,36.1199989319,-362.153045654,False
32.300000000000004,-0.087,-0.111,-0.116,0.5491724,0.7453054,11.4933938,5.96999979019,12.7097854614,2.5,2.45479249954,88.6070632935,-0.316653847694,18.043428421,-0.313600838184,97694.909668,36.1100006104,-359.963989258,False
32.4,-0.089,-0.121,-0.082,0.61781895,0.57859235,11.9248864,5.96000003815,12.7097854614,2.5,2.45479249954,88.6070632935,-0.457115888596,18.0114707947,-0.484313666821,97698.638916,36.1100006104,-359.963989258,False
32.5,-0.141,-0.015,-0.068,0.63743225,0.36284605,11.8660465,4.13999986649,12.7097854614,2.01999998093,2.45479249954,88.6070632935,-0.609548389912,17.9581222534,-0.71221613884,97697.5280762,36.0099983215,-353.078857422,False
32.6,-0.128,-0.028,-0.049,0.6080123,0.50013915,10.5519554,3.36999988556,12.7097854614,1.80999994278,2.45479249954,88.6070632935,-0.771734237671,17.8948516846,-0.826343119144,97693.4204102,35.9399986267,-353.078857422,False
32.7,-0.087,-0.07,-0.055,0.36284605,0.5099458,10.8265416,2.63999986649,10.2424163818,1.55999994278,4.0638961792,90.9716339111,-0.894207894802,17.8275547028,-0.915727257729,97693.7316895,35.8499984741,-348.748199463,False
32.800000000000004,-0.071,-0.036,-0.041,0.4707192,0.6864655,10.79712165,2.63999986649,10.2424163818,1.55999994278,4.0638961792,90.9716339111,-0.974168777466,17.774312973,-0.970643937588,97693.1762695,35.8499984741,-348.748199463,False
32.9,-0.1,0.042,-0.059,0.4118793,0.2941995,10.01258965,1.9699999094,10.2424163818,1.30999994278,4.0638961792,90.9716339111,-1.06471288204,17.7078399658,-0.980980217457,97690.7348633,35.75,-348.748199463,False
33.0,-0.156,0.032,-0.04,0.4118793,0.4314926,9.5320638,0.899999976158,10.2424163818,0.909999966621,4.0638961792,90.9716339111,-1.12443387508,17.6386470795,-0.91521948576,97693.4204102,35.5599975586,-339.628601074,False
33.1,-0.231,0.023,-0.036,0.3726527,0.36284605,9.5516771,0.899999976158,7.7223200798,0.899999976158,3.68341302872,91.8138504028,-1.15955805779,17.5974140167,-0.877436459064,97689.666748,35.5599975586,-339.628601074,False
33.2,-0.291,0.117,-0.008,0.28439285,0.55897905,9.3359308,0.289999991655,7.7223200798,0.610000014305,3.68341302872,91.8138504028,-1.18828141689,17.5708312988,-0.850424766541,97688.4643555,35.4799995422,-323.710998535,False
33.300000000000004,-0.269,-0.003,-0.015,0.4511059,0.5491724,9.5516771,0.199999988079,7.7223200798,0.449999988079,3.68341302872,91.8138504028,-1.17540121078,17.5079956055,-0.78150177002,97688.4460449,35.3199996948,-315.552124023,False
33.4,-0.304,-0.006,-0.014,0.44129925,0.57859235,10.1793027,0.310000002384,2.64367771149,0.299999982119,2.97933578491,91.8812637329,-1.11885631084,17.4813480377,-0.759557902813,97688.0432129,35.25,-315.552124023,False
33.5,-0.172,0.033,-0.034,0.36284605,0.75511205,9.97336305,0.569999992847,2.64367771149,0.149999991059,2.97933578491,91.8812637329,-1.05452227592,17.4402713776,-0.768627524376,97682.7331543,35.1899986267,-303.799255371,False
33.6,-0.097,0.03,-0.051,0.3530394,0.5295591,10.1204628,0.569999992847,2.64367771149,0.149999991059,2.97933578491,91.8812637329,-1.01839101315,17.4293766022,-0.752119898796,97682.0617676,35.1899986267,-303.799255371,False
33.7,0.014,0.031,-0.082,0.30400615,0.34323275,10.44408225,1.05999994278,2.64367771149,-0.179999992251,2.97933578491,91.8812637329,-0.928101420403,17.3654708862,-0.800286114216,97681.0974121,35.0499992371,-297.941009521,False
33.800000000000004,0.01,0.043,-0.066,0.42168595,0.3138128,9.85568325,1.14999997616,2.64367771149,-0.359999984503,2.97933578491,91.8812637329,-0.883340835571,17.3403129578,-0.778319060802,97678.9611816,34.969997406,-297.941009521,False
33.9,0.119,0.089,-0.033,0.38245935,-0.02941995,9.48303055,1.14999997616,1.57664394379,-0.359999984503,1.75917172432,93.1758346558,-0.873085260391,17.3181648254,-0.745947420597,97677.1484375,34.969997406,-297.941009521,False
34.0,0.077,0.026,0.047,0.3530394,-0.08825985,8.1983594,1.20999991894,1.57664394379,-0.509999990463,1.75917172432,93.1758346558,-0.870700418949,17.2968940735,-0.610563695431,97674.5422363,34.8899993896,-295.566162109,False
34.1,0.003,-0.001,0.088,0.26477955,0.10787315,8.01203305,1.13999998569,1.57664394379,-0.589999973774,1.75917172432,93.1758346558,-0.861757218838,17.2706108093,-0.397388577461,97674.4812012,34.8199996948,-295.566162109,False
34.2,-0.07,0.013,0.112,0.2353596,0.34323275,8.03164635,1.03999996185,1.57664394379,-0.599999964237,1.75917172432,93.1758346558,-0.847038388252,17.2511825562,-0.25226226449,97674.0234375,34.7099990845,-285.864440918,False
34.300000000000004,-0.053,0.016,0.09,0.26477955,0.26477955,9.28689755,1.03999996185,1.57664394379,-0.599999964237,1.75917172432,93.1758346558,-0.807142436504,17.2435035706,-0.160001918674,97673.8342285,34.7099990845,-285.864440918,False
34.4,-0.043,0.033,0.094,0.2745862,0.5491724,9.2378643,1.23000001907,1.67417883873,-0.579999983311,1.26636350155,91.2195587158,-0.763286411762,17.2216682434,-0.0990776121616,97673.1750488,34.6899986267,-283.180419922,False
34.5,-0.103,0.057,0.076,0.36284605,0.63743225,9.3947707,1.37999999523,1.67417883873,-0.589999973774,1.26636350155,91.2195587158,-0.697560369968,17.2074546814,-0.0532976314425,97674.3469238,34.6699981689,-283.180419922,False
34.6,-0.024,-0.038,0.053,0.2745862,0.2353596,10.3558224,1.84999990463,1.67417883873,-0.589999973774,1.26636350155,91.2195587158,-0.648388624191,17.2019519806,-0.025849994272,97671.9848633,34.6499977112,-283.60043335,False
34.7,-0.031,-0.086,0.058,0.24516625,0.3726527,10.73828175,1.84999990463,1.67417883873,-0.589999973774,1.26636350155,91.2195587158,-0.581153273582,17.1871109009,-0.0865499451756,97674.0844727,34.6499977112,-283.60043335,False
34.800000000000004,-0.015,-0.021,0.08,0.3726527,0.57859235,10.60098865,2.16999983788,1.67417883873,-0.649999976158,1.26636350155,91.2195587158,-0.49933129549,17.1663284302,-0.124023206532,97672.0703125,34.6399993896,-279.172515869,False
34.9,-0.063,0.07,0.056,0.3334261,0.4903325,9.2967042,2.9399998188,0.385179877281,-0.719999969006,1.25416588783,89.0976791382,-0.423815846443,17.1467819214,-0.0586003698409,97672.1618652,34.6300010681,-279.172515869,False
35.0,-0.057,0.055,0.034,0.1765197,0.6276256,9.4732239,2.9399998188,0.385179877281,-0.719999969006,1.25416588783,89.0976791382,-0.343382835388,17.1385307312,-0.00547770317644,97675.8666992,34.6100006104,-281.73236084,False
35.1,0.038,0.048,0.004,0.2549729,0.4511059,9.0613446,3.84999990463,0.385179877281,-0.659999966621,1.25416588783,89.0976791382,-0.228068590164,17.136428833,0.115322858095,97673.2727051,34.5999984741,-281.410400391,False
35.2,0.082,0.048,-0.016,0.3334261,0.3530394,8.87501825,3.84999990463,-0.0724560320377,-0.659999966621,0.143947735429,88.4259109497,-0.163980305195,17.1457996368,0.223705679178,97671.2036133,34.5999984741,-281.410400391,False
35.300000000000004,0.12,0.04,-0.017,0.34323275,0.36284605,8.65927195,4.63000011444,-0.0724560320377,-0.409999996424,0.143947735429,88.4259109497,-0.110329963267,17.161485672,0.364746272564,97673.4130859,34.6300010681,-279.671661377,False
35.4,0.105,-0.029,0.019,0.34323275,0.3726527,8.9240515,4.63000011444,-0.0724560320377,-0.409999996424,0.143947735429,88.4259109497,-0.0817091017962,17.1673679352,0.456739515066,97675.8911133,34.6300010681,-279.671661377,False
35.5,-0.007,-0.038,0.031,0.4903325,0.3726527,10.16949605,4.7999997139,1.8340473175,-0.25,-0.32637450099,88.5944824219,-0.0490748174489,17.1885566711,0.414211034775,97675.8911133,34.6699981689,-279.671661377,False
35.6,-0.043,-0.052,0.073,0.6276256,0.4314926,11.6306869,5.28999996185,1.8340473175,-0.239999994636,-0.32637450099,88.5944824219,-0.026262095198,17.2033748627,0.305154442787,97673.260498,34.7399978638,-276.886566162,False
35.7,0.097,-0.059,0.096,0.42168595,0.44129925,11.5326204,5.63999986649,1.8340473175,-0.319999992847,-0.32637450099,88.5944824219,0.050948061049,17.2307090759,0.0782213360071,97672.7478027,34.7599983215,-280.233947754,False
35.800000000000004,0.113,-0.027,0.1,0.5099458,0.65704555,9.7674234,5.63999986649,1.8340473175,-0.319999992847,-0.32637450099,88.5944824219,0.0836309790611,17.2354202271,0.0467549152672,97670.880127,34.7599983215,-280.233947754,False
35.9,-0.004,-0.024,0.091,0.53936575,0.6276256,11.91507975,5.8799996376,1.8340473175,-0.340000003576,-0.32637450099,88.5944824219,0.115262299776,17.2410564423,-0.0446203760803,97674.8657227,34.7599983215,-280.233947754,False
36.0,0.073,0.04,0.081,0.6668522,0.3726527,11.95430635,6.25999975204,1.8340473175,-0.489999979734,-0.32637450099,88.5944824219,0.169866904616,17.2552452087,-0.299466073513,97673.651123,34.7099990845,-287.339202881,False
36.1,0.051,0.095,0.093,0.4118793,0.4511059,9.63993695,6.81999969482,2.62780332565,-0.819999992847,0.590934216976,85.8873443604,0.225808873773,17.271074295,-0.305817514658,97672.7661133,34.6599998474,-287.094696045,False
36.2,0.135,0.088,0.088,0.24516625,0.6276256,9.38496405,6.81999969482,2.62780332565,-0.819999992847,0.590934216976,85.8873443604,0.258490800858,17.2873497009,-0.233284443617,97675.8239746,34.6599998474,-287.094696045,False
36.300000000000004,0.178,0.143,0.042,0.3138128,0.9022118,7.4334407,7.61999988556,2.62780332565,-0.719999969006,0.590934216976,85.8873443604,0.338361799717,17.3105602264,0.14134696126,97674.5910645,34.5900001526,-295.5234375,False
36.4,0.141,0.107,-0.082,0.14709975,0.7256921,6.65871535,7.61999988556,2.62780332565,-0.709999978542,0.590934216976,85.8873443604,0.372607797384,17.3265552521,0.426574468613,97668.2617188,34.5900001526,-295.5234375,False
36.5,0.047,0.084,-0.124,0.22555295,0.588399,7.2176944,8.19999980927,5.8089966774,-0.109999999404,-2.07883262634,84.8336105347,0.407142192125,17.3621330261,0.777411401272,97672.052002,34.6599998474,-299.373626709,False
36.6,0.097,-0.068,-0.105,0.1569064,0.40207265,9.56148375,8.28999996185,5.8089966774,0.149999991059,-2.07883262634,84.8336105347,0.388707607985,17.4023551941,0.851426780224,97675.0732422,34.7299995422,-299.373626709,False
36.7,0.145,-0.102,-0.117,0.1569064,0.50013915,10.95402805,8.32999992371,5.8089966774,0.329999983311,-2.07883262634,84.8336105347,0.343971014023,17.4590854645,0.776781737804,97676.5625,34.8199996948,-303.134735107,False
36.800000000000004,0.128,-0.089,-0.093,0.2353596,0.51975245,11.48358715,8.32999992371,5.8089966774,0.329999983311,-2.07883262634,84.8336105347,0.327131837606,17.4645385742,0.742269873619,97675.0,34.8199996948,-303.134735107,False
36.9,0.235,-0.05,-0.057,0.59820565,0.8825985,11.8856598,8.01999950409,8.20251750946,0.439999997616,-1.89538025856,87.4788894653,0.223369702697,17.5573215485,0.531309247017,97675.793457,34.8999977112,-303.134735107,False
37.0,0.123,-0.036,-0.07,0.5295591,0.588399,11.8072066,7.81999969482,8.20251750946,0.479999989271,-1.89538025856,87.4788894653,0.125279828906,17.6101799011,0.346918046474,97678.2531738,35.0099983215,-305.179199219,False
37.1,0.123,-0.036,-0.07,0.5295591,0.588399,11.8072066,7.01999998093,8.20251750946,0.42999997735,-1.89538025856,87.4788894653,0.125279828906,17.6101799011,0.346918046474,97678.2531738,35.0299987793,-318.280212402,False
37.2,-0.116,-0.086,-0.049,0.30400615,0.59820565,11.20900095,6.6299996376,9.27205848694,0.379999995232,-1.05290305614,88.5704727173,-0.0588709078729,17.7035083771,0.0892596319318,97677.6062012,35.0400009155,-318.280212402,False
37.300000000000004,-0.165,-0.052,-0.067,0.2549729,0.46091255,11.1207411,6.32999992371,9.27205848694,0.289999991655,-1.05290305614,88.5704727173,-0.136509314179,17.7285366058,-0.00882850494236,97678.0700684,35.0299987793,-329.842559814,False
37.4,-0.239,-0.014,-0.031,0.196133,0.6276256,10.5715687,6.32999992371,9.27205848694,0.280000001192,-1.05290305614,88.5704727173,-0.160087257624,17.7472782135,-0.0451354905963,97682.7148438,35.0299987793,-329.842559814,False
37.5,-0.291,0.016,-0.036,0.22555295,0.51975245,9.7085835,6.01999998093,5.51772499084,0.199999988079,-0.975863039494,89.2910690308,-0.184085443616,17.7647247314,-0.0496342256665,97677.7038574,35.0,-330.937194824,False
37.6,-0.249,0.041,-0.033,0.2157463,0.38245935,8.3356525,6.01999998093,5.51772499084,0.189999997616,-0.975863039494,89.2910690308,-0.196140006185,17.7756614685,0.126347571611,97680.1696777,35.0,-330.937194824,False
37.7,-0.066,-0.001,-0.018,0.20593965,0.5687857,8.01203305,6.01999998093,5.51772499084,0.299999982119,-0.975863039494,89.2910690308,-0.187887951732,17.7988090515,0.284784585238,97678.6560059,35.0200004578,-335.138885498,False
37.800000000000004,0.208,0.015,-0.064,0.18632635,0.02941995,9.34573745,6.1299996376,5.51772499084,0.449999988079,-0.975863039494,89.2910690308,-0.198754385114,17.8145313263,0.3614833951,97680.5664062,35.0400009155,-335.138885498,False
37.9,0.133,0.015,-0.041,0.1372931,0.196133,9.16921775,5.85999965668,5.25625753403,0.729999959469,-1.35227835178,89.9328918457,-0.265569210052,17.8396263123,0.411116957664,97677.166748,35.0799980164,-330.96887207,False
38.0,0.161,-0.021,0.003,0.14709975,0.02941995,10.1008495,5.59999990463,5.25625753403,0.8599999547,-1.35227835178,89.9328918457,-0.289419054985,17.8524456024,0.421874940395,97680.2612305,35.1300010681,-330.96887207,False
38.1,0.116,-0.04,0.033,0.1176798,0.24516625,10.7677017,5.59999990463,5.25625753403,0.870000004768,-1.35227835178,89.9328918457,-0.385150045156,17.8795032501,0.368334442377,97679.5288086,35.1699981689,-341.592773438,False
38.2,-0.058,-0.098,0.041,0.28439285,0.10787315,11.7091401,5.21999979019,7.14167451859,0.909999966621,-0.431357979774,89.6578063965,-0.456985235214,17.8975353241,0.236517772079,97682.3974609,35.1699981689,-341.592773438,False
38.300000000000004,0.018,-0.069,0.041,0.5295591,0.4707192,11.1207411,4.83999967575,7.14167451859,0.909999966621,-0.431357979774,89.6578063965,-0.504898428917,17.909702301,0.158230319619,97679.901123,35.2000007629,-341.592773438,False
38.400000000000006,0.088,-0.031,0.014,0.38245935,0.4314926,10.6500219,4.46999979019,7.14167451859,0.879999995232,-0.431357979774,89.6578063965,-0.611056387424,17.9368305206,0.0482127144933,97680.5114746,35.2299995422,-343.295654297,False
38.5,0.05,-0.078,0.011,0.3726527,0.2941995,10.8853815,4.00999975204,7.14167451859,0.8599999547,-0.431357979774,89.6578063965,-0.684496164322,17.952960968,-0.0236188750714,97680.5114746,35.2299995422,-348.164550781,False
38.6,-0.061,-0.057,0.026,0.3334261,0.6080123,10.65982855,3.70999979973,7.74537658691,0.819999992847,0.858347177505,89.146522522,-0.71030330658,17.9558486938,-0.0764890909195,97683.8623047,35.2299995422,-348.164550781,False
38.7,-0.177,0.006,0.011,0.4903325,0.4314926,11.15016105,3.08999991417,7.74537658691,0.610000014305,0.858347177505,89.146522522,-0.7576405406,17.9558544159,-0.215081259608,97684.2163086,35.1899986267,-347.839538574,False
38.800000000000004,-0.086,0.038,-0.017,0.2941995,0.588399,9.8851032,3.00999999046,7.74537658691,0.579999983311,0.858347177505,89.146522522,-0.765127778053,17.9646224976,-0.19737842679,97681.7810059,35.1699981689,-347.839538574,False
38.900000000000006,-0.069,0.038,-0.038,0.3530394,0.6668522,9.414384,3.00999999046,7.74537658691,0.579999983311,0.858347177505,89.146522522,-0.778341889381,17.9669075012,-0.178905814886,97678.8757324,35.1699981689,-347.839538574,False
39.0,-0.044,-4.8985871965900006e-18,-0.04,0.4118793,0.50013915,10.8069283,2.75999999046,5.59163618088,0.459999978542,0.401910543442,89.3826675415,-0.79208445549,17.9638538361,-0.233651295304,97684.4299316,35.1199989319,-347.891418457,False
39.1,0.003,-0.006,-0.016,0.2745862,0.6472389,9.48303055,2.75999999046,5.59163618088,0.459999978542,0.401910543442,89.3826675415,-0.800472378731,17.9638957977,-0.233041495085,97681.3415527,35.1199989319,-347.891418457,False
39.2,-0.041,0.037,-0.004,0.14709975,0.7060788,9.26728425,2.55999994278,5.59163618088,0.419999986887,0.401910543442,89.3826675415,-0.808732867241,17.9653682709,-0.193565562367,97677.5085449,35.0799980164,-351.692565918,False
39.300000000000004,-0.06,0.063,-0.026,0.0980665,0.59820565,9.0613446,2.55999994278,5.59163618088,0.439999997616,0.401910543442,89.3826675415,-0.791467189789,17.9597301483,-0.0589160919189,97680.4504395,35.0699996948,-348.904602051,False
39.400000000000006,-0.001,0.018,-0.038,0.20593965,0.50013915,8.3748791,2.55999994278,5.59163618088,0.439999997616,0.401910543442,89.3826675415,-0.7893435359,17.9579315186,0.0163430124521,97681.1218262,35.0699996948,-348.904602051,False
39.5,-0.009,-0.009,-0.053,0.08825985,0.4903325,8.87501825,2.52999997139,4.94989442825,0.649999976158,-0.186727240682,90.0129852295,-0.782279312611,17.9557437897,0.16695176065,97679.296875,35.0799980164,-350.346954346,False
39.6,-0.06,-0.034,-0.039,0.1372931,0.26477955,9.4536106,2.49000000954,4.94989442825,0.759999990463,-0.186727240682,90.0129852295,-0.779033064842,17.9449138641,0.229674711823,97680.7800293,35.0999984741,-350.346954346,False
39.7,-0.014,-0.052,-0.028,0.26477955,0.26477955,10.9638347,2.42999982834,4.94989442825,0.810000002384,-0.186727240682,90.0129852295,-0.776384830475,17.9300498962,0.148220270872,97680.4382324,35.1399993896,-347.569854736,False
39.800000000000004,-0.034,-0.007,-0.039,0.1765197,0.1765197,11.36590735,2.42999982834,4.94989442825,0.810000002384,-0.186727240682,90.0129852295,-0.795027136803,17.9207649231,0.0884706377983,97679.699707,35.1399993896,-347.569854736,False
39.900000000000006,-0.028,-0.031,-0.003,0.2549729,0.392266,11.03248125,2.12999987602,4.08143091202,0.709999978542,0.624349176884,90.6149368286,-0.806891441345,17.8936595917,-0.0825196504593,97680.291748,35.1599998474,-336.5234375,False
40.0,-0.037,0.035,-0.012,0.10787315,0.196133,10.2969825,2.00999999046,4.08143091202,0.649999976158,0.624349176884,90.6149368286,-0.814884781837,17.8785667419,-0.123330071568,97681.4880371,35.1499977112,-336.5234375,False
40.1,-0.037,0.035,-0.012,0.10787315,0.196133,10.2969825,2.00999999046,4.08143091202,0.649999976158,0.624349176884,90.6149368286,-0.816225230694,17.8625793457,-0.135919183493,97680.3894043,35.1499977112,-336.5234375,False
40.2,0.074,0.008,-0.004,0.0196133,0.2549729,10.05181625,1.75999999046,4.08143091202,0.550000011921,0.624349176884,90.6149368286,-0.839783966541,17.8296031952,-0.156998991966,97679.3273926,35.1100006104,-338.132293701,False
40.300000000000004,0.096,0.048,0.003,-0.0392266,0.0784532,9.85568325,1.63999998569,4.49303865433,0.52999997139,0.259255290031,90.5660171509,-0.872974157333,17.8051013947,-0.128897443414,97679.3273926,35.0900001526,-331.855010986,False
40.400000000000006,0.048,0.009,0.032,0.12748645,0.2941995,9.46341725,1.63999998569,4.49303865433,0.52999997139,0.259255290031,90.5660171509,-0.896131932735,17.7843418121,-0.113473705947,97679.7302246,35.0900001526,-331.855010986,False
40.5,0.077,-0.016,0.04,-0.00980665,0.3726527,10.198916,1.36000001431,4.49303865433,0.52999997139,0.259255290031,90.5660171509,-0.896386444569,17.7673282623,-0.106121897697,97678.7536621,35.0799980164,-331.855010986,False
40.6,0.012,0.032,0.025,0.0784532,0.57859235,9.40457735,1.40999996662,4.49303865433,0.509999990463,0.259255290031,90.5660171509,-0.911159098148,17.7421722412,-0.0687292665243,97680.3833008,35.0599975586,-333.546630859,False
40.7,-0.056,-0.047,0.019,0.02941995,0.42168595,10.09104285,2.00999999046,5.03736639023,0.479999989271,0.391932696104,89.8576583862,-0.92060983181,17.7254371643,-0.0872404873371,97675.8544922,35.0499992371,-323.491851807,False
40.800000000000004,-0.135,0.001,-0.016,0.2157463,0.5687857,11.18938765,1.92999994755,5.03736639023,0.359999984503,0.391932696104,89.8576583862,-0.907864511013,17.6952762604,-0.198829740286,97678.918457,35.0299987793,-323.491851807,False
40.900000000000006,-0.131,0.059,-0.035,0.04903325,0.6080123,10.38524235,4.65999984741,5.03736639023,0.299999982119,0.391932696104,89.8576583862,-0.890027940273,17.6801929474,-0.20762643218,97677.8808594,35.0099983215,-321.337127686,False
41.0,-0.114,0.069,-0.074,0.22555295,0.44129925,9.22805765,4.65999984741,5.03736639023,0.299999982119,0.391932696104,89.8576583862,-0.868671476841,17.6684856415,-0.160586208105,97682.3486328,34.9799995422,-321.337127686,False
41.1,-0.066,0.026,-0.104,0.14709975,0.1372931,9.63993695,5.07999992371,5.03736639023,0.289999991655,0.391932696104,89.8576583862,-0.851850032806,17.6598377228,-0.105445407331,97674.8168945,34.969997406,-317.293548584,False
41.2,0.008,-0.065,-0.068,0.1176798,0.0784532,9.6693569,5.07999992371,2.73890113831,0.289999991655,-0.298646062613,91.1034927368,-0.846861481667,17.6369190216,-0.053673747927,97677.7160645,34.969997406,-317.293548584,False
41.300000000000004,0.119,-0.056,-0.025,0.08825985,0.08825985,10.40485565,6.2999997139,2.73890113831,0.239999994636,-0.298646062613,91.1034927368,-0.877450168133,17.6217746735,-0.105697348714,97677.130127,34.9399986267,-319.142242432,False
41.400000000000006,0.144,0.02,0.013,0.196133,0.0196133,10.2773692,6.2999997139,2.73890113831,0.239999994636,-0.298646062613,91.1034927368,-0.905110061169,17.6034183502,-0.120782658458,97677.0263672,34.9399986267,-319.142242432,False
41.5,0.22,-0.012,0.036,0.20593965,0.0980665,9.9047165,11.7599992752,2.73890113831,0.199999988079,-0.298646062613,91.1034927368,-0.948449671268,17.591424942,-0.0839084014297,97676.4099121,34.9099998474,-315.579589844,False
41.6,0.197,-0.03,0.041,0.2549729,0.2941995,10.1204628,11.8699998856,6.8075466156,0.170000001788,0.331593722105,90.9672470093,-0.990069568157,17.5766983032,-0.0572911463678,97675.201416,34.8999977112,-315.579589844,False
41.7,0.209,0.029,0.023,0.12748645,0.1569064,9.3163175,11.8699998856,6.8075466156,0.179999992251,0.331593722105,90.9672470093,-1.04814374447,17.5654640198,0.0265037640929,97676.5075684,34.8999977112,-315.579589844,False
41.800000000000004,0.196,-0.072,0.022,0.2157463,0.61781895,9.56148375,16.7600002289,6.8075466156,0.25,0.331593722105,90.9672470093,-1.12495839596,17.5469703674,0.0996802151203,97672.3876953,34.8899993896,-310.161590576,False
41.900000000000006,0.138,-0.11,0.009,0.28439285,0.67665885,10.4931155,16.9899997711,6.8075466156,0.299999982119,0.331593722105,90.9672470093,-1.24763607979,17.5312900543,-0.0115450862795,97675.6469727,34.8899993896,-310.84576416,False
42.0,0.069,-0.115,-0.009,0.36284605,0.40207265,11.62088025,20.2999992371,10.1361970901,0.269999980927,1.29379200935,90.6891479492,-1.35077369213,17.5044384003,-0.125888109207,97676.1291504,34.8800010681,-310.84576416,False
42.1,0.161,-0.074,-0.009,0.34323275,0.5295591,10.91480145,20.3799991608,10.1361970901,0.140000000596,1.29379200935,90.6891479492,-1.47950792313,17.4705715179,-0.233964160085,97676.5075684,34.8499984741,-299.708740234,False
42.2,0.177,-0.067,-0.017,0.3138128,0.5099458,10.73828175,25.0399990082,10.1361970901,-0.0999999940395,1.29379200935,90.6891479492,-1.63267254829,17.4140548706,-0.296997159719,97678.6010742,34.8199996948,-299.708740234,False
42.300000000000004,0.164,-0.004,-0.028,0.34323275,0.63743225,10.198916,25.2299995422,10.1361970901,-0.209999993443,1.29379200935,90.6891479492,-1.71357667446,17.3825397491,-0.31962916255,97675.177002,34.7799987793,-296.878814697,False
42.400000000000006,0.168,0.02,-0.055,0.30400615,0.5491724,10.36562905,25.2399997711,14.196231842,-0.199999988079,2.34061408043,91.3623962402,-1.90033912659,17.3251056671,-0.348681032658,97674.4689941,34.7799987793,-296.878814697,False
42.5,0.184,0.032,-0.087,0.2549729,0.73549875,9.75761675,28.1199989319,14.196231842,-0.310000002384,2.34061408043,91.3623962402,-2.0688431263,17.2923526764,-0.324749857187,97677.0263672,34.7299995422,-296.878814697,False
42.6,0.255,-0.011,-0.096,0.34323275,0.59820565,10.1793027,28.3099994659,14.196231842,-0.379999995232,2.34061408043,91.3623962402,-2.26285338402,17.2494812012,-0.328676104546,97672.3571777,34.6899986267,-286.108581543,False
42.7,0.213,-0.055,-0.115,0.2157463,0.71588545,10.1793027,28.3799991608,14.196231842,-0.479999989271,2.34061408043,91.3623962402,-2.48060655594,17.2111759186,-0.324036180973,97675.0854492,34.6499977112,-286.108581543,False
42.800000000000004,0.206,0.028,-0.157,0.4118793,0.588399,9.9831697,32.2799987793,14.196231842,-0.639999985695,2.34061408043,91.3623962402,-2.67704176903,17.1734447479,-0.324869811535,97671.081543,34.5699996948,-286.156555176,False
42.900000000000006,0.207,-0.001,-0.152,0.32361945,0.50013915,10.0812362,32.2799987793,14.196231842,-0.620000004768,2.34061408043,91.3623962402,-2.82464504242,17.150642395,-0.308534294367,97671.6491699,34.5699996948,-286.156555176,False
43.0,0.217,0.005,-0.171,0.2157463,0.46091255,9.83606995,32.2299995422,20.9740390778,-0.680000007153,1.35483539104,94.8698577881,-3.23694658279,17.0935401917,-0.197487905622,97669.6594238,34.5299987793,-274.109924316,False
43.1,0.226,0.012,-0.168,0.34323275,0.50013915,8.01203305,34.6300010681,20.9740390778,-0.680000007153,1.35483539104,94.8698577881,-3.49597215652,17.0617656708,0.0111739216372,97670.1049805,34.5,-274.109924316,False
43.2,0.234,-0.077,-0.182,0.3138128,0.4314926,8.97308475,34.7099990845,20.9740390778,-0.560000002384,1.35483539104,94.8698577881,-3.7754304409,17.0274009705,0.175179079175,97671.4599609,34.4799995422,-272.748565674,False
43.300000000000004,0.237,-0.076,-0.175,0.3530394,0.5295591,9.4732239,37.9399986267,20.9740390778,-0.42999997735,1.35483539104,94.8698577881,-4.11278581619,16.976392746,0.286874681711,97671.4599609,34.4799995422,-272.748565674,False
43.400000000000006,0.287,-0.065,-0.195,0.34323275,0.48052585,9.9439431,37.8899993896,26.219707489,-0.280000001192,0.531368732452,98.6585083008,-4.45570707321,16.926366806,0.414376437664,97673.4436035,34.5,-267.19921875,False
43.5,0.184,-0.06,-0.191,0.3334261,0.50013915,10.60098865,39.75,26.219707489,-0.0999999940395,0.531368732452,98.6585083008,-4.87277603149,16.8573722839,0.464826077223,97673.4436035,34.5299987793,-267.19921875,False
43.6,0.126,-0.063,-0.187,0.4118793,0.588399,11.48358715,39.3499984741,26.219707489,0.129999995232,0.531368732452,98.6585083008,-5.40845966339,16.7854709625,0.462594181299,97673.2788086,34.6199989319,-265.964996338,False
43.7,0.211,-0.095,-0.182,0.4314926,0.57859235,11.42474725,41.8400001526,30.9349822998,0.259999990463,-0.185739412904,102.837516785,-5.8784198761,16.7046737671,0.47600209713,97673.5595703,34.6599998474,-261.446105957,False
43.800000000000004,0.208,-0.016,-0.205,0.44129925,0.8629852,10.0420096,41.7099990845,30.9349822998,0.459999978542,-0.185739412904,102.837516785,-6.31154203415,16.6281032562,0.584629237652,97675.6958008,34.7099990845,-260.445983887,False
43.900000000000006,0.206,-0.077,-0.217,0.5295591,0.6668522,9.75761675,41.7099990845,30.9349822998,0.479999989271,-0.185739412904,102.837516785,-6.7447218895,16.5580615997,0.717019557953,97675.5310059,34.7099990845,-260.445983887,False
44.0,0.216,-0.112,-0.237,0.59820565,0.6668522,9.83606995,43.2599983215,30.9349822998,0.709999978542,-0.185739412904,102.837516785,-6.82883119583,16.5463886261,0.75244563818,97677.545166,34.7599983215,-263.698394775,False
44.1,0.219,-0.122,-0.255,0.6080123,0.85317855,10.8461549,43.219997406,30.9349822998,1.01999998093,-0.185739412904,102.837516785,-7.62171363831,16.3972473145,0.912016630173,97676.7944336,34.8299980164,-263.698394775,False
44.2,0.238,-0.079,-0.282,0.7060788,0.6472389,10.3362091,43.0400009155,37.2148551941,1.30999994278,-1.86140322685,109.259086609,-8.14824199677,16.2942638397,1.03860485554,97676.3183594,34.9099998474,-268.447113037,False
44.300000000000004,0.21,-0.171,-0.279,0.8041453,0.6080123,10.16949605,44.6399993896,37.2148551941,1.62999999523,-1.86140322685,109.259086609,-8.4551782608,16.2333278656,1.12383639812,97680.0476074,35.0099983215,-268.447113037,False
44.400000000000006,0.122,-0.204,-0.263,0.69627215,0.99047165,10.60098865,44.6399993896,37.2148551941,2.01999998093,-1.86140322685,109.259086609,-9.25226688385,16.0313549042,1.29735434055,97682.3242188,35.1100006104,-277.953826904,False
44.5,0.132,-0.142,-0.258,0.75511205,0.6864655,10.89518815,44.6299972534,37.2148551941,2.40999984741,-1.86140322685,109.259086609,-9.83591461182,15.8639526367,1.43733680248,97680.9692383,35.2299995422,-277.953826904,False
44.6,0.088,-0.211,-0.269,0.9218251,0.95124505,10.0616229,44.6299972534,37.2148551941,3.30999994278,-1.86140322685,109.259086609,-10.5149869919,15.6693639755,1.59643757343,97682.1777344,35.5200004578,-285.671722412,False
44.7,0.01,-0.323,-0.301,1.0198916,0.91201845,11.71894675,44.6399993896,41.0917320251,3.74000000954,-2.35197019577,119.747612,-11.0216760635,15.49614048,1.63543200493,97690.3991699,35.6800003052,-311.304962158,False
44.800000000000004,0.04,-0.341,-0.34,1.14737805,1.2356379,12.3367657,44.6399993896,41.0917320251,3.74000000954,-2.35197019577,119.747612,-11.6827011108,15.238574028,1.63706541061,97686.5966797,35.6800003052,-311.304962158,False
44.900000000000006,0.103,-0.303,-0.353,1.2356379,1.0395049,13.17033095,44.6499977112,41.0917320251,4.15999984741,-2.35197019577,119.747612,-12.3691854477,14.9339084625,1.62396359444,97691.809082,35.8400001526,-311.304962158,False
45.0,0.108,-0.265,-0.351,1.18660465,0.85317855,12.60154525,44.6399993896,41.0917320251,4.55999994278,-2.35197019577,119.747612,-13.0662288666,14.5774450302,1.60225534439,97691.809082,36.1599998474,-317.396728516,False
45.1,0.081,-0.318,-0.281,1.2944778,0.9610517,13.38607725,44.6499977112,42.8150749207,4.94999980927,-1.95890748501,129.288574219,-13.9518842697,14.0728158951,1.52422630787,97696.3012695,36.1599998474,-317.396728516,False
45.2,0.067,-0.349,-0.24,1.48080415,1.0591182,14.05292945,44.6599998474,42.8150749207,5.30999994278,-1.95890748501,129.288574219,-14.5216875076,13.7109413147,1.42529094219,97699.0356445,36.3099975586,-330.284118652,False
45.300000000000004,0.053,-0.321,-0.266,1.57887065,1.20621795,14.32751565,44.6599998474,42.8150749207,5.61999988556,-1.95890748501,129.288574219,-15.2893075943,13.1780834198,1.26537537575,97702.331543,36.4599990845,-330.284118652,False
45.400000000000006,-0.015,-0.258,-0.306,1.52003075,1.3337044,14.1019627,44.6599998474,42.8150749207,5.85999965668,-1.95890748501,129.288574219,-15.9688358307,12.6640167236,1.12621533871,97705.5236816,36.7099990845,-311.157989502,False
45.5,-0.012,-0.275,-0.311,1.5494507,1.26505785,14.2784824,44.6599998474,43.5521087646,6.09999990463,-1.01449477673,138.602905273,-16.5307655334,12.2257041931,1.0257819891,97708.8562012,36.7099990845,-311.157989502,False
45.6,0.021,-0.31,-0.313,1.5886773,1.2944778,13.5724036,44.6599998474,43.5521087646,6.28999996185,-1.01449477673,138.602905273,-17.4149093628,11.4374933243,0.899177670479,97706.628418,36.9099998474,-327.479370117,False
45.7,-0.16,-0.332,-0.3,1.5102241,1.04931155,13.07226445,44.6599998474,43.5521087646,6.69999980927,-1.01449477673,138.602905273,-17.983127594,10.8605604172,0.854473590851,97708.7097168,36.9899978638,-344.674499512,False
45.800000000000004,-0.091,-0.298,-0.289,1.6867438,1.12776475,12.83690485,44.6599998474,43.5521087646,6.69000005722,-1.01449477673,138.602905273,-18.2857875824,10.5250205994,0.823803067207,97712.3352051,36.9899978638,-344.674499512,False
45.900000000000006,0.056,-0.328,-0.311,1.5298374,1.12776475,13.60182355,44.6599998474,42.5756149292,7.11999988556,-0.265801280737,149.579391479,-19.0191516876,9.62565135956,0.70351010561,97714.6606445,37.1499977112,-387.662506104,False
46.0,0.04,-0.331,-0.304,1.50041745,0.8629852,14.40596885,44.6599998474,42.5756149292,7.1299996376,-0.265801280737,149.579391479,-19.4161167145,9.05183696747,0.574955761433,97714.2333984,37.1499977112,-387.662506104,False
46.1,0.116,-0.327,-0.259,1.4513842,1.01008495,14.22944915,43.6699981689,42.5756149292,7.38999986649,-0.265801280737,149.579391479,-19.9769306183,8.15544700623,0.419458389282,97712.1520996,37.2700004578,-398.701202393,False
46.2,0.048,-0.369,-0.258,1.4709975,1.0983448,15.1610809,43.6699981689,42.5756149292,7.39999961853,-0.265801280737,149.579391479,-20.331193924,7.52000665665,0.278229475021,97707.1472168,37.2700004578,-398.701202393,False
46.300000000000004,-0.017,-0.366,-0.28,1.46119085,1.3925443,15.05320775,40.4899978638,44.0907554626,7.39999961853,1.03494882584,156.987747192,-20.8365306854,6.46961307526,0.0194872766733,97715.9301758,37.3299980164,-382.406799316,False
46.400000000000006,-0.055,-0.324,-0.306,1.7259704,1.1964113,14.7884282,38.5299987793,44.0907554626,7.31999969482,1.03494882584,156.987747192,-20.8365306854,6.46961307526,0.0194872766733,97716.1682129,37.3199996948,-382.406799316,False
46.5,-0.119,-0.335,-0.319,1.4709975,1.1179581,14.85707475,36.2900009155,44.0907554626,7.17000007629,1.03494882584,156.987747192,-21.3172836304,5.28761482239,-0.237375721335,97717.8588867,37.2900009155,-381.471618652,False
46.6,-0.123,-0.271,-0.303,1.4513842,1.06892485,14.66094175,36.2900009155,44.0907554626,7.15999984741,1.03494882584,156.987747192,-21.6764030457,4.22173166275,-0.433916091919,97711.529541,37.2900009155,-381.471618652,False
46.7,-0.134,-0.267,-0.327,1.3337044,1.02969825,13.97447625,33.8999977112,42.8987541199,7.01999998093,1.96872091293,167.280349731,-21.9296169281,3.20843362808,-0.583417594433,97713.7268066,37.2599983215,-381.471618652,False
46.800000000000004,-0.034,-0.392,-0.28,1.3533177,0.5491724,15.7494799,27.9399986267,42.8987541199,6.61999988556,1.96872091293,167.280349731,-22.1195011139,2.0633649826,-0.845212757587,97710.7299805,37.1300010681,-386.276062012,False
46.900000000000006,-0.05,-0.356,-0.195,1.26505785,0.73549875,15.8279331,27.9300003052,42.8987541199,6.61999988556,1.96872091293,167.280349731,-22.1667385101,1.63467383385,-0.954947054386,97711.1206055,37.1300010681,-386.276062012,False
47.0,-0.271,-0.365,-0.161,1.176798,1.0395049,16.5732385,24.0100002289,42.8987541199,6.23000001907,1.96872091293,167.280349731,-22.2263183594,0.278256773949,-1.33970785141,97709.552002,36.8999977112,-411.527648926,False
47.1,-0.416,-0.214,-0.157,1.04931155,1.10815145,15.07282105,19.7600002289,41.2142868042,5.73000001907,4.38278913498,176.926727295,-22.1969108582,-0.63483607769,-1.61903762817,97714.2150879,36.8999977112,-411.527648926,False
47.2,-0.43,-0.143,-0.212,0.89240515,1.44157755,13.6900834,11.4899997711,41.2142868042,4.59999990463,4.38278913498,176.926727295,-22.1179981232,-1.54177427292,-1.87791121006,97706.7382812,36.5599975586,-406.880187988,False
47.300000000000004,-0.52,-0.108,-0.276,0.85317855,1.2356379,13.3566573,7.84999990463,41.2142868042,3.94999980927,4.38278913498,176.926727295,-21.999294281,-2.17776918411,-2.05629014969,97706.036377,36.3600006104,-395.273010254,False
47.400000000000006,-0.502,-0.051,-0.305,0.40207265,1.04931155,11.01286795,7.85999965668,41.2142868042,3.89999985695,4.38278913498,176.926727295,-21.912733078,-2.58349585533,-2.05463171005,97698.5900879,36.3600006104,-395.273010254,False
47.5,-0.53,-0.129,-0.292,0.18632635,0.75511205,9.3163175,4.73000001907,41.2142868042,3.36999988556,4.38278913498,176.926727295,-21.7416610718,-3.08517575264,-1.98034667969,97702.7038574,36.1499977112,-395.273010254,False
47.6,-0.357,-0.194,-0.271,0.2353596,0.59820565,11.83662655,2.06999993324,28.2656536102,2.89999985695,4.14439201355,-174.294219971,-21.6040306091,-3.45377492905,-2.04535913467,97694.4885254,35.9300003052,-405.008514404,False
47.7,-0.428,-0.162,-0.216,0.02941995,0.6864655,11.38552065,-3.56999993324,28.2656536102,2.33999991417,4.14439201355,-174.294219971,-21.3949508667,-3.85905838013,-2.13714146614,97690.3076172,35.719997406,-405.008514404,False
47.800000000000004,-0.546,-0.179,-0.171,-0.06864655,0.36284605,11.4149406,-3.56999993324,28.2656536102,1.73000001907,4.14439201355,-174.294219971,-21.1807060242,-4.20421504974,-2.20873689651,97678.4851074,35.2900009155,-383.421691895,False
47.900000000000006,-0.634,-0.068,-0.116,0.0392266,0.53936575,11.1991943,-6.00999975204,19.0132389069,1.12000000477,5.46844005585,-169.334030151,-20.9640407562,-4.4700255394,-2.31838083267,97681.0852051,35.2900009155,-383.421691895,False
48.0,-0.537,0.021,-0.122,-0.0196133,0.89240515,11.07170785,-9.80000019073,19.0132389069,-0.259999990463,5.46844005585,-169.334030151,-20.6662902832,-4.73037910461,-2.47420048714,97680.0537109,34.7999992371,-363.250915527,False
48.1,-0.476,-0.007,-0.142,-0.02941995,0.51975245,10.8657682,-11.2699995041,19.0132389069,-1.00999999046,5.46844005585,-169.334030151,-20.5033321381,-4.84206724167,-2.54721474648,97671.1364746,34.5299987793,-330.728912354,False
48.2,-0.484,0.059,-0.147,-0.12748645,0.18632635,10.07142955,-11.279999733,19.0132389069,-1.02999997139,5.46844005585,-169.334030151,-20.360906601,-4.91573143005,-2.54317617416,97668.1762695,34.5299987793,-330.728912354,False
48.300000000000004,-0.48,-0.03,-0.081,-0.3530394,0.28439285,10.24794925,-13.4399995804,7.78070306778,-2.42999982834,4.91665554047,-166.612915039,-20.1389389038,-4.96747398376,-2.56810736656,97662.2924805,33.969997406,-296.464904785,False
48.400000000000006,-0.46,-0.021,-0.049,-0.30400615,0.24516625,10.2185293,-13.4399995804,7.78070306778,-2.44000005722,4.91665554047,-166.612915039,-20.0005378723,-4.95906591415,-2.56708025932,97659.9182129,33.969997406,-296.464904785,False
48.5,-0.41,-0.034,-0.012,-0.34323275,0.196133,10.0223963,-14.1599998474,7.78070306778,-3.13999986649,4.91665554047,-166.612915039,-19.8276252747,-4.91141223907,-2.55764293671,97656.5307617,33.6899986267,-296.464904785,False
48.6,-0.396,0.023,-0.01,-0.36284605,0.4707192,9.5909037,-14.6099996567,7.78070306778,-3.84999990463,4.91665554047,-166.612915039,-19.7314968109,-4.86285591125,-2.54420137405,97653.9916992,33.4099998474,-269.326782227,False
48.7,-0.389,0.074,0.022,-0.42168595,0.3138128,8.8652116,-14.9299993515,-1.80424571037,-4.5499997139,4.83196735382,-166.24206543,-19.5202350616,-4.70851707458,-2.45150184631,97649.4140625,33.1199989319,-269.326782227,False
48.800000000000004,-0.335,0.027,0.048,-0.5687857,0.2157463,9.20844435,-14.9799995422,-1.80424571037,-5.19000005722,4.83196735382,-166.24206543,-19.3911647797,-4.56816864014,-2.32685780525,97646.6369629,32.8400001526,-238.353546143,False
48.900000000000006,-0.262,0.082,0.076,-0.4707192,0.26477955,8.60043205,-14.9200000763,-1.80424571037,-5.77999973297,4.83196735382,-166.24206543,-19.2632427216,-4.40213871002,-2.20921564102,97640.9301758,32.5699996948,-238.353546143,False
49.0,-0.269,0.09,0.081,-0.50013915,0.36284605,9.26728425,-14.7100000381,-1.80424571037,-6.33999967575,4.83196735382,-166.24206543,-19.1341609955,-4.16797876358,-2.06474614143,97636.0473633,32.0699996948,-207.923706055,False
49.1,-0.162,0.117,0.045,-0.4903325,0.26477955,8.44352565,-14.3400001526,-1.80424571037,-6.89999961853,4.83196735382,-166.24206543,-19.0737094879,-4.03413200378,-1.98413527012,97633.4106445,32.0699996948,-207.923706055,False
49.2,-0.153,0.103,0.067,-0.588399,0.2549729,9.2378643,-13.8899993896,-8.58883666992,-7.38999986649,2.80664682388,-167.708526611,-18.9705142975,-3.79303908348,-1.79848790169,97631.4758301,31.8400001526,-185.939208984,False
49.300000000000004,-0.095,0.072,0.082,-0.6080123,0.10787315,8.11009955,-12.8099994659,-8.58883666992,-8.26999950409,2.80664682388,-167.708526611,-18.8742351532,-3.5412364006,-1.58743095398,97629.888916,31.4200000763,-163.531494141,False
49.400000000000006,-0.115,0.014,0.099,-0.588399,0.16671305,9.24767095,-12.25,-10.4736680984,-8.68999958038,1.67081618309,-168.824661255,-18.8004455566,-3.32160687447,-1.45609748363,97625.2929688,31.2299995422,-163.531494141,False
49.5,-0.033,0.114,0.134,-0.6276256,0.2157463,8.1395195,-12.25,-10.4736680984,-8.68999958038,1.67081618309,-168.824661255,-18.770280838,-3.23687410355,-1.37107765675,97628.7658691,31.2299995422,-163.531494141,False
49.6,-0.105,0.103,0.125,-0.57859235,0.2941995,7.79628675,-11.6099996567,-10.4736680984,-9.0,1.67081618309,-168.824661255,-18.6943435669,-2.97987389565,-1.1168333292,97621.6308594,31.0699996948,-132.026672363,False
49.7,-0.099,0.135,0.126,-0.67665885,0.36284605,7.5707338,-10.9600000381,-10.4736680984,-9.26999950409,1.67081618309,-168.824661255,-18.6114883423,-2.68748450279,-0.735587418079,97621.6308594,30.9200000763,-132.026672363,False
49.800000000000004,-0.088,0.128,0.103,-0.59820565,0.1176798,6.95291485,-10.2699995041,-10.4736680984,-9.43999958038,1.67081618309,-168.824661255,-18.5675811768,-2.53067708015,-0.452956616879,97619.128418,30.7999992371,-121.225738525,False
49.900000000000006,-0.067,0.103,0.106,-0.6864655,0.14709975,6.4331624,-9.05999946594,-12.1050691605,-9.4299993515,-1.41209256649,-171.37651062,-18.5082263947,-2.30395293236,-0.0261329282075,97619.7692871,30.6599998474,-103.960037231,True
50.0,0.038,0.139,0.119,-0.8237586,0.0784532,7.18827445,-8.38999938965,-12.1050691605,-9.34000015259,-1.41209256649,-171.37651062,-18.4531002045,-2.11903047562,0.298819422722,97617.1386719,30.6499996185,-103.960037231,True
50.1,0.077,0.085,0.122,-1.01008495,0.10787315,7.1784678,-8.38999938965,-12.1050691605,-9.34000015259,-1.41209256649,-171.37651062,-18.4223976135,-2.05128669739,0.423241972923,97616.9494629,30.6499996185,-103.960037231,True
50.2,0.078,0.064,0.141,-1.18660465,0.59820565,7.4334407,-7.71000003815,-11.241560936,-9.17000007629,-4.03467464447,-173.649429321,-18.3183288574,-1.77143919468,0.804536759853,97612.3657227,30.7299995422,-68.2107925415,True
50.300000000000004,0.087,0.067,0.129,-1.22583125,0.8825985,7.95319315,-6.25,-11.241560936,-8.72999954224,-4.03467464447,-173.649429321,-18.2251338959,-1.54122567177,1.06471967697,97615.2770996,30.7999992371,-74.3986129761,True
50.400000000000006,0.039,0.046,0.119,-1.26505785,1.0002783,8.34545915,-6.25,-11.241560936,-8.72999954224,-4.03467464447,-173.649429321,-18.1638298035,-1.38275301456,1.20757341385,97613.0004883,30.8899993896,-74.3986129761,True
50.5,0.127,0.057,0.131,-1.3140911,-0.196133,9.05153795,-5.44000005722,-11.241560936,-8.5,-4.03467464447,-173.649429321,-18.0941104889,-1.22190904617,1.34611868858,97615.2526855,30.8899993896,-74.3986129761,True
50.6,0.112,0.097,0.165,-1.22583125,0.2353596,8.87501825,-4.78999996185,-11.241560936,-8.25,-4.03467464447,-173.649429321,-18.0601482391,-1.12409007549,1.41327905655,97615.0085449,31.0,-60.4856491089,True
50.7,0.13,0.109,0.179,-1.22583125,0.02941995,9.65955025,-4.07999992371,-9.12886428833,-8.01000022888,-5.74111270905,-176.312667847,-18.0248813629,-0.98563927412,1.47314095497,97622.3266602,31.109998703,-60.4856491089,True
50.800000000000004,0.019,0.121,0.179,-1.2160246,0.38245935,9.67916355,-3.36999988556,-9.12886428833,-7.75999975204,-5.74111270905,-176.312667847,-17.972284317,-0.697642147541,1.57316315174,97616.784668,31.2399997711,-36.979675293,True
50.900000000000006,-0.041,0.141,0.122,-1.2748645,0.5687857,9.58109705,-1.61000001431,-7.72238349915,-7.21999979019,-8.41601657867,-176.312667847,-17.9423465729,-0.502758324146,1.65577924252,97621.6369629,31.359998703,-36.979675293,True
51.0,0.005,0.147,0.028,-1.36312435,0.34323275,7.7864801,-1.59999990463,-7.72238349915,-7.21999979019,-8.41601657867,-179.283447266,-17.9001045227,-0.346899986267,1.8848862648,97618.8964844,31.6299991608,-30.340385437,True
51.1,0.21,0.037,-0.023,-1.2748645,0.44129925,8.5513988,-0.8599999547,-7.72238349915,-6.81999969482,-8.41601657867,-179.283447266,-17.8785228729,-0.232546761632,2.02540588379,97623.6694336,31.6299991608,-30.340385437,True
51.2,0.235,0.018,-0.016,-1.42196425,0.08825985,8.83579165,0.409999996424,-7.72238349915,-5.96000003815,-8.41601657867,-179.283447266,-17.858089447,-0.0648508369923,2.20843434334,97625.7263184,31.9699993134,-22.7054595947,True
51.300000000000004,0.128,0.071,-0.001,-1.30428445,0.2353596,8.0022264,0.870000004768,-4.37896728516,-5.5,-9.82509803772,-179.213775635,-17.8422527313,0.0195772834122,2.34235334396,97626.1535645,32.1599998474,-25.0328063965,True
51.400000000000006,0.116,0.085,0.024,-1.4121576,0.2353596,7.38440745,0.870000004768,-4.37896728516,-5.5,-9.82509803772,-179.213775635,-17.8275909424,0.0496316365898,2.436855793,97629.3029785,32.1599998474,-25.0328063965,True
51.5,0.06,-0.008,0.053,-1.42196425,0.2745862,6.3350959,1.18999993801,-4.37896728516,-4.92000007629,-9.82509803772,-179.213775635,-17.764289856,0.122736975551,2.82654070854,97631.0974121,32.3699989319,-25.0328063965,True
51.6,0.111,-0.071,0.098,-1.5298374,0.196133,8.50236555,1.45999991894,-4.37896728516,-4.21999979019,-9.82509803772,-179.213775635,-17.7402267456,0.167770430446,2.95451402664,97634.0026855,32.6100006104,-25.1346588135,True
51.7,0.161,-0.062,0.099,-1.4906108,0.08825985,9.0025047,1.77999997139,-2.45051860809,-3.56999993324,-9.60952472687,179.620910645,-17.7102546692,0.238543361425,3.04738306999,97637.9089355,33.1399993896,-7.86838531494,True
51.800000000000004,0.01,-0.062,0.105,-1.372931,0.3334261,9.71839015,2.30999994278,-2.45051860809,-2.31999993324,-9.60952472687,179.620910645,-17.691450119,0.290979593992,3.05696725845,97642.5537109,33.4099998474,-7.86838531494,True
51.900000000000006,0.022,-0.018,0.084,-1.30428445,0.20593965,10.3754357,2.30999994278,-2.45051860809,-2.31999993324,-9.60952472687,179.620910645,-17.6758613586,0.341497451067,3.06893229485,97647.0703125,33.4099998474,-7.86838531494,True
52.0,0.047,-0.055,0.076,-1.4317709,0.24516625,9.5712904,2.89999985695,-0.646656751633,-1.01999998093,-8.75025272369,177.470657349,-17.6394729614,0.385361254215,3.14657711983,97648.9990234,33.969997406,-9.56573486328,True
52.1,-0.073,-0.055,0.053,-1.372931,0.4903325,9.16921775,3.16999983788,-0.646656751633,-0.329999983311,-8.75025272369,177.470657349,-17.6072463989,0.435026019812,3.17078018188,97651.7578125,34.25,-11.9634628296,True
52.2,0.005,-0.033,0.029,-1.28467115,0.50013915,10.52253545,3.16999983788,-0.646656751633,-0.329999983311,-8.75025272369,177.470657349,-17.5897541046,0.480509459972,3.12305641174,97657.03125,34.25,-11.9634628296,True
52.300000000000004,-0.011,0.032,-0.011,-1.34351105,0.4707192,10.20872265,3.51999998093,-0.646656751633,0.280000001192,-8.75025272369,177.470657349,-17.5675544739,0.530983030796,3.05684804916,97659.6618652,34.5299987793,-11.9634628296,True
52.400000000000006,0.008,-0.065,-0.015,-1.34351105,0.4314926,10.36562905,3.83999991417,-0.611752271652,0.889999985695,-8.02087974548,176.759994507,-17.5453643799,0.569737434387,2.9681634903,97664.9963379,34.8199996948,-2.67944335938,True
52.5,0.117,-0.11,-0.021,-1.30428445,0.1765197,11.7091401,4.38999986649,-0.611752271652,2.0,-8.02087974548,176.759994507,-17.5221405029,0.617166280746,2.79425287247,97668.8049316,35.3499984741,-3.17344665527,True
52.6,0.105,-0.144,-0.025,-1.28467115,0.2353596,11.4737805,4.40000009537,-0.611752271652,2.0,-8.02087974548,176.759994507,-17.5053272247,0.634867846966,2.6544444561,97673.0041504,35.3499984741,-3.17344665527,True
52.7,0.073,-0.196,-0.034,-1.10815145,0.4118793,12.0817928,4.63000011444,0.952771365643,2.49000000954,-5.92320489883,176.967529297,-17.4805603027,0.639607191086,2.38813900948,97674.9511719,35.5999984741,-3.17344665527,True
52.800000000000004,0.114,-0.201,-0.019,-0.9218251,0.20593965,13.4939504,4.73999977112,0.952771365643,3.09999990463,-5.92320489883,176.967529297,-17.452495575,0.620456159115,2.03388619423,97677.3254395,35.8199996948,0.746822357178,True
52.900000000000006,0.199,-0.2,0.021,-0.7649187,0.08825985,15.21011415,4.73999977112,0.952771365643,3.09999990463,-5.92320489883,176.967529297,-17.4218254089,0.58312702179,1.57345640659,97679.6447754,36.1699981689,19.1414833069,True
53.0,0.162,-0.105,0.053,-0.75511205,0.46091255,13.79795655,4.63999986649,4.06410598755,3.15999984741,-2.11134958267,176.836471558,-17.3656711578,0.52416819334,1.14371645451,97686.730957,36.1699981689,19.1414833069,True
53.1,0.146,-0.098,0.056,-0.69627215,0.26477955,13.5920169,4.15999984741,4.06410598755,3.05999994278,-2.11134958267,176.836471558,-17.2791461945,0.443704813719,0.739978075027,97687.9760742,36.3199996948,16.1726951599,True
53.2,-0.022,-0.007,0.061,-1.0395049,0.4118793,11.6306869,3.97000002861,4.06410598755,3.06999993324,-2.11134958267,176.836471558,-17.18085289,0.39483460784,0.602516174316,97685.748291,36.3600006104,16.1726951599,True
53.300000000000004,-0.082,0.017,0.026,-1.0591182,0.588399,10.1400761,4.23999977112,4.06410598755,3.11999988556,-2.11134958267,176.836471558,-17.0746479034,0.362053275108,0.555322825909,97688.0615234,36.3800010681,25.5411148071,True
53.400000000000006,-0.021,-0.065,-0.022,-1.0002783,0.28439285,10.44408225,4.23999977112,4.63155269623,3.11999988556,-1.39146602154,175.936920166,-16.9912204742,0.334567815065,0.530150353909,97685.1318359,36.3800010681,25.5411148071,True
53.5,-0.076,-0.086,-0.038,-1.04931155,0.2745862,10.2381426,4.05999994278,4.63155269623,3.25999999046,-1.39146602154,175.936920166,-16.8561306,0.298806071281,0.484383672476,97686.5539551,36.4300003052,46.5722084045,True
53.6,-0.137,-0.088,-0.052,-1.0198916,0.20593965,10.3558224,4.05999994278,4.63155269623,3.25999999046,-1.39146602154,175.936920166,-16.8101921082,0.289912879467,0.469173669815,97686.5112305,36.4300003052,46.5722084045,True
53.7,-0.07,-0.063,-0.047,-1.0002783,0.30400615,9.7281968,4.69999980927,3.09805035591,3.33999991417,0.0159711167216,176.673324585,-16.6388778687,0.261890500784,0.48131069541,97686.3586426,36.4500007629,46.5722084045,True
53.800000000000004,-0.013,-0.089,-0.04,-0.93163175,0.196133,9.81645665,4.69000005722,3.09805035591,3.44999980927,0.0159711167216,176.673324585,-16.5091266632,0.255488812923,0.534062623978,97689.3676758,36.4799995422,68.7871932983,True
53.900000000000006,-0.017,-0.012,-0.033,-0.89240515,0.40207265,9.32612415,7.30999994278,3.09805035591,3.59999990463,0.0159711167216,176.673324585,-16.4065093994,0.26096585393,0.586705327034,97690.7470703,36.5099983215,68.7871932983,True
54.0,0.053,-0.011,-0.036,-0.8629852,0.4707192,9.5516771,7.51999998093,3.09805035591,3.76999998093,0.0159711167216,176.673324585,-16.2539196014,0.256795436144,0.620237350464,97690.7470703,36.5499992371,87.6690826416,True
54.1,0.012,-3.5514757175300004e-18,-0.029,-0.91201845,0.38245935,9.6889702,7.71999979019,3.09805035591,3.9399998188,0.0159711167216,176.673324585,-16.123090744,0.243164941669,0.639602482319,97688.092041,36.5999984741,87.6690826416,True
54.2,0.165,0.003,-0.026,-1.06892485,0.14709975,9.11037785,8.80000019073,3.5058722496,4.11999988556,0.895930945873,177.534469604,-15.9879245758,0.221450254321,0.747463583946,97694.6228027,36.6499977112,111.792282104,True
54.300000000000004,0.19,0.021,-0.016,-0.93163175,0.10787315,9.18883105,13.5,3.5058722496,4.67999982834,0.895930945873,177.534469604,-15.9345350266,0.212556779385,0.793776214123,97691.2109375,36.7799987793,139.767929077,True
54.400000000000006,0.201,0.078,-0.018,-0.95124505,0.3138128,8.69849855,13.5,3.5058722496,4.67999982834,0.895930945873,177.534469604,-15.8080253601,0.165066465735,0.895550191402,97694.6472168,36.7799987793,139.767929077,True
54.5,0.217,-0.015,-0.005,-0.9414384,0.2157463,9.2378643,13.6199998856,3.5058722496,5.00999975204,0.895930945873,177.534469604,-15.6221323013,0.0686344057322,1.07113707066,97697.0214844,36.8699989319,139.767929077,True
54.6,0.206,-0.068,-0.013,-0.81395195,0.28439285,10.002783,14.9799995422,7.78364276886,5.67000007629,0.397247761488,177.674102783,-15.5531826019,0.0173806194216,1.10535907745,97694.9829102,37.0699996948,157.106964111,True
54.7,0.165,-0.08,-0.014,-0.63743225,0.50013915,10.8853815,14.7999992371,7.78364276886,5.88999986649,0.397247761488,177.674102783,-15.3843202591,-0.171617850661,0.96428412199,97696.3623047,37.1800003052,194.025894165,True
54.800000000000004,-0.007,-0.129,-0.036,-0.40207265,0.3138128,12.28773245,19.5599994659,7.78364276886,5.88999986649,0.397247761488,177.674102783,-15.3099727631,-0.302922576666,0.762780785561,97696.5820312,37.2700004578,194.025894165,True
54.900000000000006,0.114,-0.08,-0.065,-0.18632635,0.1765197,12.93497135,19.5599994659,10.0326108932,5.98000001907,2.08708763123,178.396591187,-15.2231960297,-0.471879601479,0.505689024925,97699.1394043,37.2700004578,194.025894165,True
55.0,0.2,-0.004,-0.052,-0.4707192,0.5099458,11.13054775,19.3999996185,10.0326108932,5.98000001907,2.08708763123,178.396591187,-15.1191778183,-0.636563718319,0.351596921682,97703.8635254,37.3600006104,210.167114258,True
55.1,0.156,0.048,-0.074,-0.53936575,0.588399,10.5127288,19.2199993134,10.0326108932,6.02999973297,2.08708763123,178.396591187,-15.0083303452,-0.791559040546,0.320900201797,97703.8635254,37.3600006104,210.167114258,True
55.2,0.096,0.023,-0.082,-0.6668522,0.3334261,9.2770909,20.1599998474,10.0326108932,6.30999994278,2.08708763123,178.396591187,-14.87388134,-0.961460590363,0.439732551575,97700.1525879,37.4099998474,227.112579346,True
55.300000000000004,0.118,0.026,-0.087,-0.81395195,0.55897905,7.6295737,20.1299991608,13.8584127426,6.6299996376,1.55018520355,179.811218262,-14.7852497101,-1.06275069714,0.607504189014,97703.0944824,37.4500007629,251.030639648,True
55.400000000000006,0.121,-0.028,-0.1,-0.83356525,0.50013915,8.041453,20.1299991608,13.8584127426,6.6299996376,1.55018520355,179.811218262,-14.6745252609,-1.19328379631,0.8082639575,97702.8747559,37.4500007629,251.030639648,True
55.5,0.08,-0.075,-0.112,-0.7060788,0.4707192,9.022118,24.6199989319,13.8584127426,6.98000001907,1.55018520355,179.811218262,-14.6279191971,-1.25336301327,0.864514172077,97702.9602051,37.5099983215,251.030639648,True
55.6,0.102,-0.05,-0.124,-0.61781895,0.40207265,9.20844435,25.5399990082,13.8584127426,7.73000001907,1.55018520355,179.811218262,-14.4277982712,-1.55075705051,1.0704857111,97704.5349121,37.6899986267,280.952087402,True
55.7,0.141,-0.005,-0.132,-0.57859235,0.48052585,9.2574776,25.5399990082,13.8584127426,7.73999977112,1.55018520355,179.811218262,-14.340423584,-1.68524909019,1.16992640495,97704.3518066,37.6899986267,280.952087402,True
55.800000000000004,0.176,0.027,-0.156,-0.6864655,0.6668522,8.041453,25.4799995422,16.9288654327,8.17000007629,1.40709424019,-177.418563843,-14.228094101,-1.84880268574,1.36318361759,97705.3466797,37.8099975586,310.812286377,True
55.900000000000006,0.167,0.035,-0.162,-0.6472389,0.6668522,8.4533323,28.1999988556,16.9288654327,8.68999958038,1.40709424019,-177.418563843,-14.1043977737,-2.06262397766,1.5883358717,97707.6721191,38.0799980164,320.244018555,True
56.0,0.142,-0.005,-0.186,-0.59820565,0.59820565,8.40429905,28.1800003052,16.9288654327,9.82999992371,1.40709424019,-177.418563843,-14.0035352707,-2.2644765377,1.7570066452,97709.0698242,38.25,320.244018555,True
56.1,0.131,-0.058,-0.198,-0.53936575,0.53936575,9.0809579,29.75,20.5930118561,10.4299993515,0.315769344568,-173.636993408,-13.9104452133,-2.47524285316,1.88323736191,97708.8806152,38.4300003052,346.800048828,True
56.2,-0.047,-0.128,-0.219,-0.2353596,0.6864655,10.28717585,29.6700000763,20.5930118561,10.9799995422,0.315769344568,-173.636993408,-13.810087204,-2.76882004738,1.93887746334,97713.885498,38.6199989319,345.799926758,True
56.300000000000004,-0.019,-0.158,-0.266,0.1176798,0.5491724,12.03275955,30.2999992371,20.5930118561,11.5,0.315769344568,-173.636993408,-13.7434978485,-2.9812104702,1.92903733253,97713.885498,38.8199996948,370.655822754,True
56.400000000000006,-0.019,-0.158,-0.266,0.1176798,0.5491724,12.03275955,30.0100002289,20.5930118561,11.9099998474,0.315769344568,-173.636993408,-13.667965889,-3.31195640564,1.77487373352,97717.1386719,39.0099983215,371.655944824,True
56.5,0.104,-0.183,-0.283,0.4118793,0.5491724,12.48386545,31.9299983978,20.962179184,12.2299995422,1.1721175909,-167.654205322,-13.5730171204,-3.75336313248,1.53005874157,97719.543457,39.1699981689,382.687866211,True
56.6,0.105,-0.209,-0.281,0.53936575,0.5295591,12.64077185,31.9200000763,20.962179184,12.2399997711,1.1721175909,-167.654205322,-13.5339298248,-3.89750385284,1.46449053288,97722.4121094,39.1699981689,382.687866211,True
56.7,0.127,-0.187,-0.283,0.46091255,0.55897905,12.36618565,31.1199989319,20.962179184,12.8599996567,1.1721175909,-167.654205322,-13.3673009872,-4.40137672424,1.28687512875,97725.1098633,39.4399986267,373.992248535,True
56.800000000000004,0.05,-0.152,-0.292,0.42168595,0.34323275,11.91507975,31.4200000763,20.962179184,13.2100000381,1.1721175909,-167.654205322,-13.1885404587,-4.81833553314,1.21680116653,97722.7539062,39.5599975586,373.992248535,True
56.900000000000006,0.059,-0.08,-0.281,0.0392266,0.5687857,10.28717585,31.4200000763,20.962179184,13.2199993134,1.1721175909,-167.654205322,-13.0903568268,-5.01302862167,1.21687471867,97726.5686035,39.5599975586,373.992248535,True
57.0,0.061,-0.07,-0.285,0.0588399,0.42168595,10.7677017,30.9499988556,23.7339935303,13.6300001144,2.17917943001,-159.991470337,-12.9116201401,-5.33802270889,1.23203718662,97728.4973145,39.6599998474,379.67767334,True
57.1,0.195,-0.172,-0.282,0.0,0.46091255,10.6500219,32.1800003052,23.7339935303,14.529999733,2.17917943001,-159.991470337,-12.6761102676,-5.72752046585,1.27861881256,97727.1789551,39.8899993896,396.602722168,True
57.2,0.217,-0.226,-0.267,0.1372931,0.42168595,10.32640245,32.1699981689,23.7339935303,14.529999733,2.17917943001,-159.991470337,-12.6329479218,-5.80127382278,1.27600216866,97729.3579102,39.8899993896,396.602722168,True
57.300000000000004,0.181,-0.279,-0.264,0.34323275,0.2941995,11.2972608,31.5100002289,27.6307735443,15.0199995041,3.12077140808,-153.422775269,-12.2527389526,-6.40393543243,1.2795778513,97731.5856934,40.0,396.602722168,True
57.400000000000006,0.085,-0.314,-0.233,0.48052585,0.42168595,11.571847,31.2399997711,27.6307735443,15.8399991989,3.12077140808,-153.422775269,-12.0891046524,-6.64228916168,1.26572024822,97730.4992676,40.2399978638,411.966796875,True
57.5,0.039,-0.251,-0.219,0.4118793,0.57859235,10.9049948,31.2099990845,27.6307735443,15.8499994278,3.12077140808,-153.422775269,-11.6684856415,-7.18227958679,1.21954095364,97735.2294922,40.2399978638,411.966796875,True
57.6,-0.029,-0.244,-0.229,0.53936575,0.59820565,11.01286795,32.1800003052,27.6307735443,16.2399997711,3.12077140808,-153.422775269,-11.3502120972,-7.54914474487,1.20141363144,97736.8103027,40.4599990845,437.58984375,True
57.7,-0.086,-0.225,-0.265,0.34323275,0.6080123,10.22833595,31.2999992371,27.6307735443,16.6499996185,3.12077140808,-153.422775269,-11.1511545181,-7.73921585083,1.23039138317,97738.6169434,40.4599990845,437.58984375,True
57.800000000000004,-0.055,-0.21,-0.282,0.48052585,0.51975245,10.4538889,30.1299991608,29.1488018036,17.5900001526,6.06037664413,-145.382049561,-10.6109952927,-8.22792720795,1.30316126347,97735.15625,40.6899986267,450.396911621,True
57.900000000000006,-0.067,-0.222,-0.289,0.5687857,0.4511059,10.8657682,29.1299991608,29.1488018036,17.75,6.06037664413,-145.382049561,-10.4668340683,-8.34619140625,1.31331241131,97737.2253418,40.8199996948,471.035858154,True
58.0,-0.133,-0.24,-0.29,0.6668522,0.4314926,10.85596155,29.3799991608,29.1488018036,17.7399997711,6.06037664413,-145.382049561,-10.1775913239,-8.57745170593,1.33201825619,97740.625,40.9399986267,471.035858154,True
58.1,-0.245,-0.236,-0.306,0.7060788,0.6080123,10.40485565,29.359998703,27.9470386505,17.7199993134,7.48426580429,-137.453323364,-9.60505962372,-8.98688602448,1.38852918148,97742.755127,41.0699996948,474.947631836,True
58.2,-0.282,-0.181,-0.315,0.51975245,0.5099458,10.20872265,28.6899986267,27.9470386505,17.6900005341,7.48426580429,-137.453323364,-9.19975471497,-9.20746707916,1.48764491081,97742.6330566,41.2000007629,474.947631836,True
58.300000000000004,-0.321,-0.101,-0.314,0.5491724,0.6864655,9.97336305,28.0100002289,27.9470386505,17.6599998474,7.48426580429,-137.453323364,-8.9337720871,-9.33018302917,1.56088864803,97745.4528809,41.3400001526,499.588592529,True
58.400000000000006,-0.295,-0.097,-0.33,0.67665885,0.51975245,10.32640245,28.0199985504,27.9470386505,17.6499996185,7.48426580429,-137.453323364,-8.61430454254,-9.48028850555,1.61563003063,97748.2543945,41.3400001526,499.588592529,True
58.5,-0.153,-0.075,-0.342,0.7060788,0.34323275,10.2381426,27.359998703,27.9470386505,17.6399993896,7.48426580429,-137.453323364,-8.29273223877,-9.61534976959,1.65832674503,97747.3571777,41.4899978638,499.588592529,True
58.6,-0.139,-0.061,-0.32,0.53936575,0.392266,9.20844435,27.6199989319,22.8575248718,17.6299991608,6.92173528671,-128.160766602,-8.00291061401,-9.7247467041,1.75745880604,97751.2145996,41.6499977112,511.339385986,True
58.7,-0.236,0.043,-0.263,0.51975245,0.46091255,8.83579165,26.7199993134,22.8575248718,17.6000003815,6.92173528671,-128.160766602,-7.68459892273,-9.82471179962,1.91644287109,97751.6296387,41.9899978638,528.164672852,True
58.800000000000004,-0.193,0.143,-0.239,0.38245935,0.51975245,7.99241975,26.75,22.8575248718,17.5900001526,6.92173528671,-128.160766602,-7.50486516953,-9.88427734375,2.06132555008,97754.4616699,41.9899978638,528.164672852,True
58.900000000000006,-0.145,0.189,-0.253,0.4707192,0.08825985,8.56120545,26.8699989319,22.8575248718,17.5900001526,6.92173528671,-128.160766602,-7.4220199585,-9.90565681458,2.13621497154,97754.4067383,42.1899986267,528.164672852,True
59.0,-0.021,0.148,-0.271,0.4314926,0.36284605,8.14932615,26.7299995422,19.5650863647,17.5799999237,2.56670308113,-122.46446228,-7.09306764603,-10.0396366119,2.45281410217,97757.2143555,42.4099998474,539.853088379,True
59.1,0.048,0.096,-0.263,0.3726527,0.392266,8.0806796,27.4200000763,19.5650863647,17.5900001526,2.56670308113,-122.46446228,-6.89279937744,-10.1320714951,2.65942454338,97759.5825195,42.6399993896,539.853088379,True
59.2,0.042,0.088,-0.238,0.38245935,0.40207265,8.14932615,27.3400001526,19.5650863647,17.5900001526,2.56670308113,-122.46446228,-6.69711351395,-10.2442111969,2.86491823196,97760.5529785,43.1899986267,543.042175293,True
59.300000000000004,0.031,-0.004,-0.197,0.5099458,0.38245935,8.7279185,27.3400001526,19.5650863647,17.6000003815,2.56670308113,-122.46446228,-6.49227046967,-10.3657665253,3.03744006157,97766.0339355,43.1899986267,543.042175293,True
59.400000000000006,0.008,-0.004,-0.147,0.50013915,0.63743225,8.56120545,27.0299987793,20.4354839325,17.6000003815,-0.192506849766,-118.648475647,-6.25580310822,-10.5138311386,3.24132370949,97769.1223145,43.8099975586,555.301208496,True
59.5,-0.167,-0.027,-0.116,0.50013915,0.61781895,8.5121722,27.0100002289,20.4354839325,17.5900001526,-0.192506849766,-118.648475647,-6.06254148483,-10.6337909698,3.37910676003,97772.2412109,44.1499977112,546.61541748,True
59.6,-0.167,-0.027,-0.116,0.50013915,0.61781895,8.5121722,27.0100002289,20.4354839325,17.5799999237,-0.192506849766,-118.648475647,-5.92565870285,-10.7306184769,3.49766349792,97777.4353027,44.1499977112,546.61541748,True
59.7,-0.208,-0.034,-0.133,0.51975245,0.81395195,9.2574776,26.9300003052,20.4354839325,17.5599994659,-0.192506849766,-118.648475647,-5.75109386444,-10.843296051,3.59426188469,97778.5766602,44.8699989319,546.761901855,True
59.800000000000004,-0.291,-0.031,-0.155,0.65704555,0.73549875,9.54187045,27.0999984741,18.0559234619,17.5399990082,-0.770371496677,-115.393478394,-5.57430171967,-10.973195076,3.70447731018,97789.0686035,44.8699989319,546.761901855,True
59.900000000000006,-0.245,-0.006,-0.177,0.61781895,0.55897905,9.610517,27.1899986267,18.0559234619,17.5200004578,-0.770371496677,-115.393478394,-5.5169095993,-11.0175123215,3.72026157379,97789.0686035,45.6299972534,538.606079102,True
60.0,-0.187,-0.001,-0.178,0.6668522,0.67665885,10.07142955,27.1800003052,18.0559234619,17.5100002289,-0.770371496677,-115.393478394,-5.33115148544,-11.1639251709,3.78772068024,97792.7185059,45.6299972534,538.606079102,True
60.1,-0.024,0.051,-0.2,0.55897905,0.24516625,9.7281968,27.2899990082,18.0559234619,17.5100002289,-0.770371496677,-115.393478394,-5.20347738266,-11.2546854019,3.85995745659,97797.6013184,46.0099983215,538.606079102,True
60.2,0.009,0.087,-0.131,0.53936575,0.5491724,9.32612415,27.359998703,13.9464664459,17.5100002289,-2.20598196983,-111.060043335,-5.07461690903,-11.3590354919,3.96085047722,97801.6052246,46.3999977112,528.757751465,True
60.300000000000004,-0.011,0.086,-0.076,0.5295591,0.2353596,9.34573745,27.4300003052,13.9464664459,17.5100002289,-2.20598196983,-111.060043335,-4.94957590103,-11.4646625519,4.04143762589,97802.5512695,46.7899971008,528.757751465,True
60.400000000000006,0.114,0.05,-0.038,0.55897905,0.6472389,9.6301303,27.5100002289,13.9464664459,17.5200004578,-2.20598196983,-111.060043335,-4.83401823044,-11.5829324722,4.1076798439,97808.4960938,47.6100006104,480.296508789,True
60.5,0.088,0.06,-0.022,0.55897905,0.77472535,9.1986377,27.6700000763,13.9464664459,17.5200004578,-2.20598196983,-111.060043335,-4.68540430069,-11.7291316986,4.19130659103,97813.6535645,48.0200004578,463.483032227,True
60.6,-0.051,0.003,-0.016,0.4707192,0.99047165,9.9439431,27.6700000763,15.1389875412,17.5200004578,-3.8333837986,-110.268470764,-4.64328384399,-11.774523735,4.20999383926,97818.5668945,48.0200004578,463.483032227,True
60.7,-0.124,-0.051,-0.039,0.5491724,0.85317855,10.0223963,27.8299999237,15.1389875412,17.5100002289,-3.8333837986,-110.268470764,-4.43980932236,-11.9880924225,4.2626657486,97823.5900879,48.8699989319,453.403198242,True
60.800000000000004,-0.1,-0.094,-0.071,0.588399,0.89240515,9.99297635,27.9399986267,15.1389875412,17.5100002289,-3.8333837986,-110.268470764,-4.43980932236,-11.9880924225,4.2626657486,97830.3344727,48.8699989319,453.403198242,True
60.900000000000006,-0.078,-0.11,-0.141,0.6472389,0.95124505,10.4342756,27.9399986267,15.1389875412,17.5,-3.8333837986,-110.268470764,-4.24730539322,-12.1978359222,4.21999168396,97836.2792969,49.2999992371,453.403198242,True
61.0,-0.044,-0.119,-0.146,0.71588545,0.69627215,10.75789505,28.0299987793,13.1927604675,17.5,-2.61128425598,-108.297576904,-4.14874744415,-12.296084404,4.17769002914,97838.7878418,50.1499977112,429.840454102,True
61.1,0.037,-0.074,-0.156,0.784532,0.7453054,11.18938765,28.0699996948,13.1927604675,17.5,-2.61128425598,-108.297576904,-4.04412269592,-12.3787565231,4.12596940994,97844.317627,50.1499977112,429.840454102,True
61.2,0.032,-0.072,-0.151,0.73549875,0.73549875,11.0815145,28.0699996948,13.1927604675,17.5100002289,-2.61128425598,-108.297576904,-3.88454413414,-12.505900383,4.03739929199,97850.201416,50.5699996948,419.672576904,True
61.300000000000004,0.003,-0.013,-0.143,0.67665885,0.63743225,10.6500219,28.0100002289,13.1927604675,17.5100002289,-2.61128425598,-108.297576904,-3.74343538284,-12.598938942,3.99034833908,97852.7160645,50.9799995422,419.672576904,True
61.400000000000006,0.042,-0.012,-0.12,0.71588545,0.5099458,10.9049948,27.9099998474,13.1927604675,17.5100002289,-2.61128425598,-108.297576904,-3.62695169449,-12.679101944,3.94157981873,97858.4289551,51.3799972534,398.806854248,True
61.5,0.061,-0.058,-0.112,0.6276256,0.5295591,10.48330885,27.609998703,13.9359798431,17.5200004578,-2.10082173347,-103.999786377,-3.40900182724,-12.8110046387,3.84928965569,97864.074707,52.1699981689,381.727966309,True
61.6,0.103,-0.047,-0.096,0.6276256,0.8433719,10.75789505,27.3999996185,13.9359798431,17.5200004578,-2.10082173347,-103.999786377,-3.24793887138,-12.9028425217,3.79548096657,97865.838623,52.5599975586,381.727966309,True
61.7,0.083,-0.069,-0.096,0.63743225,0.7649187,10.50292215,27.1199989319,13.9359798431,17.5299987793,-2.10082173347,-103.999786377,-3.13939642906,-12.9530725479,3.76210570335,97870.5627441,52.9399986267,368.881134033,True
61.800000000000004,0.08,-0.109,-0.083,0.588399,0.9218251,10.3165958,27.1199989319,13.9359798431,17.5299987793,-2.10082173347,-103.999786377,-2.93210840225,-13.051279068,3.7190155983,97875.6530762,53.3099975586,368.881134033,True
61.900000000000006,-0.081,-0.125,-0.083,0.6864655,1.0983448,11.0422879,26.4899997711,15.618062973,17.5299987793,-0.736316084862,-100.78314209,-2.72091245651,-13.1295480728,3.64350390434,97878.8635254,53.6800003052,357.251342773,True
62.0,-0.148,-0.144,-0.111,0.61781895,0.980665,10.62060195,26.4899997711,15.618062973,17.5200004578,-0.736316084862,-100.78314209,-2.58277893066,-13.1782131195,3.57362961769,97883.404541,54.0499992371,357.251342773,True
62.1,-0.044,-0.153,-0.147,0.6276256,1.08853815,11.2188076,25.7600002289,15.618062973,17.5100002289,-0.736316084862,-100.78314209,-2.37127780914,-13.2213983536,3.45346236229,97894.1223145,54.4099998474,345.870697021,True
62.2,-0.044,-0.153,-0.147,0.6276256,1.08853815,11.2188076,25.7600002289,15.618062973,17.5100002289,-0.736316084862,-100.78314209,-2.26913022995,-13.2382488251,3.40057468414,97894.1223145,54.4099998474,345.870697021,True
